adm_0_name,adm_1_name,adm_2_name,full_name,ISO_A0,FAO_GAUL_code,RNE_iso_code,IBGE_code,calendar_start_date,calendar_end_date,Year,dengue_total,case_definition_standardised,S_res,T_res,UUID,region,year
PERU,LORETO,MAYNAS,"PERU, LORETO, MAYNAS",PER,1011897,PE-LOR,,2000-01-02,2000-08-01,2000,7,Probable and confirmed,Admin2,Week,MOH-PER-20002023-Y02-00,PAHO,2000
PERU,LORETO,MAYNAS,"PERU, LORETO, MAYNAS",PER,1011897,PE-LOR,,2000-01-09,,2000,7,Probable and confirmed,Admin2,Week,MOH-PER-20002023-Y02-00,PAHO,2000
PERU,LORETO,MAYNAS,"PERU, LORETO, MAYNAS",PER,1011897,PE-LOR,,2000-01-16,,2000,16,Probable and confirmed,Admin2,Week,MOH-PER-20002023-Y02-00,PAHO,2000
PERU,LORETO,MAYNAS,"PERU, LORETO, MAYNAS",PER,1011897,PE-LOR,,2000-01-23,,2000,9,Probable and confirmed,Admin2,Week,MOH-PER-20002023-Y02-00,PAHO,2000
PERU,LORETO,MAYNAS,"PERU, LORETO, MAYNAS",PER,1011897,PE-LOR,,2000-01-30,2000-05-02,2000,18,Probable and confirmed,Admin2,Week,MOH-PER-20002023-Y02-00,PAHO,2000
PERU,LORETO,MAYNAS,"PERU, LORETO, MAYNAS",PER,1011897,PE-LOR,,2000-02-06,2000-12-02,2000,10,Probable and confirmed,Admin2,Week,MOH-PER-20002023-Y02-00,PAHO,2000
PERU,LORETO,MAYNAS,"PERU, LORETO, MAYNAS",PER,1011897,PE-LOR,,2000-02-13,,2000,9,Probable and confirmed,Admin2,Week,MOH-PER-20002023-Y02-00,PAHO,2000
PERU,LORETO,MAYNAS,"PERU, LORETO, MAYNAS",PER,1011897,PE-LOR,,2000-02-20,,2000,7,Probable and confirmed,Admin2,Week,MOH-PER-20002023-Y02-00,PAHO,2000
PERU,LORETO,MAYNAS,"PERU, LORETO, MAYNAS",PER,1011897,PE-LOR,,2000-02-27,2000-04-03,2000,3,Probable and confirmed,Admin2,Week,MOH-PER-20002023-Y02-00,PAHO,2000
PERU,LORETO,MAYNAS,"PERU, LORETO, MAYNAS",PER,1011897,PE-LOR,,2000-03-05,2000-11-03,2000,5,Probable and confirmed,Admin2,Week,MOH-PER-20002023-Y02-00,PAHO,2000
PERU,LORETO,MAYNAS,"PERU, LORETO, MAYNAS",PER,1011897,PE-LOR,,2000-03-12,,2000,14,Probable and confirmed,Admin2,Week,MOH-PER-20002023-Y02-00,PAHO,2000
PERU,LORETO,MAYNAS,"PERU, LORETO, MAYNAS",PER,1011897,PE-LOR,,2000-03-19,,2000,16,Probable and confirmed,Admin2,Week,MOH-PER-20002023-Y02-00,PAHO,2000
PERU,LORETO,MAYNAS,"PERU, LORETO, MAYNAS",PER,1011897,PE-LOR,,2000-03-26,2000-01-04,2000,14,Probable and confirmed,Admin2,Week,MOH-PER-20002023-Y02-00,PAHO,2000
PERU,LORETO,MAYNAS,"PERU, LORETO, MAYNAS",PER,1011897,PE-LOR,,2000-04-02,2000-08-04,2000,12,Probable and confirmed,Admin2,Week,MOH-PER-20002023-Y02-00,PAHO,2000
PERU,LORETO,MAYNAS,"PERU, LORETO, MAYNAS",PER,1011897,PE-LOR,,2000-04-09,,2000,17,Probable and confirmed,Admin2,Week,MOH-PER-20002023-Y02-00,PAHO,2000
PERU,LORETO,MAYNAS,"PERU, LORETO, MAYNAS",PER,1011897,PE-LOR,,2000-04-16,,2000,4,Probable and confirmed,Admin2,Week,MOH-PER-20002023-Y02-00,PAHO,2000
PERU,LORETO,MAYNAS,"PERU, LORETO, MAYNAS",PER,1011897,PE-LOR,,2000-04-23,,2000,2,Probable and confirmed,Admin2,Week,MOH-PER-20002023-Y02-00,PAHO,2000
PERU,LORETO,MAYNAS,"PERU, LORETO, MAYNAS",PER,1011897,PE-LOR,,2000-05-07,,2000,3,Probable and confirmed,Admin2,Week,MOH-PER-20002023-Y02-00,PAHO,2000
PERU,LORETO,MAYNAS,"PERU, LORETO, MAYNAS",PER,1011897,PE-LOR,,2000-05-14,,2000,2,Probable and confirmed,Admin2,Week,MOH-PER-20002023-Y02-00,PAHO,2000
PERU,LORETO,MAYNAS,"PERU, LORETO, MAYNAS",PER,1011897,PE-LOR,,2000-05-21,,2000,1,Probable and confirmed,Admin2,Week,MOH-PER-20002023-Y02-00,PAHO,2000
PERU,LORETO,MAYNAS,"PERU, LORETO, MAYNAS",PER,1011897,PE-LOR,,2000-05-28,2000-03-06,2000,2,Probable and confirmed,Admin2,Week,MOH-PER-20002023-Y02-00,PAHO,2000
PERU,LORETO,MAYNAS,"PERU, LORETO, MAYNAS",PER,1011897,PE-LOR,,2000-06-04,2000-10-06,2000,1,Probable and confirmed,Admin2,Week,MOH-PER-20002023-Y02-00,PAHO,2000
PERU,LORETO,MAYNAS,"PERU, LORETO, MAYNAS",PER,1011897,PE-LOR,,2000-06-18,,2000,1,Probable and confirmed,Admin2,Week,MOH-PER-20002023-Y02-00,PAHO,2000
PERU,LORETO,MAYNAS,"PERU, LORETO, MAYNAS",PER,1011897,PE-LOR,,2000-07-02,2000-08-07,2000,13,Probable and confirmed,Admin2,Week,MOH-PER-20002023-Y02-00,PAHO,2000
PERU,LORETO,MAYNAS,"PERU, LORETO, MAYNAS",PER,1011897,PE-LOR,,2000-07-16,,2000,3,Probable and confirmed,Admin2,Week,MOH-PER-20002023-Y02-00,PAHO,2000
PERU,LORETO,MAYNAS,"PERU, LORETO, MAYNAS",PER,1011897,PE-LOR,,2000-07-23,,2000,2,Probable and confirmed,Admin2,Week,MOH-PER-20002023-Y02-00,PAHO,2000
PERU,LORETO,MAYNAS,"PERU, LORETO, MAYNAS",PER,1011897,PE-LOR,,2000-07-30,2000-05-08,2000,3,Probable and confirmed,Admin2,Week,MOH-PER-20002023-Y02-00,PAHO,2000
PERU,LORETO,MAYNAS,"PERU, LORETO, MAYNAS",PER,1011897,PE-LOR,,2000-08-06,2000-12-08,2000,5,Probable and confirmed,Admin2,Week,MOH-PER-20002023-Y02-00,PAHO,2000
PERU,LORETO,MAYNAS,"PERU, LORETO, MAYNAS",PER,1011897,PE-LOR,,2000-08-13,,2000,1,Probable and confirmed,Admin2,Week,MOH-PER-20002023-Y02-00,PAHO,2000
PERU,LORETO,MAYNAS,"PERU, LORETO, MAYNAS",PER,1011897,PE-LOR,,2000-08-20,,2000,4,Probable and confirmed,Admin2,Week,MOH-PER-20002023-Y02-00,PAHO,2000
PERU,LORETO,MAYNAS,"PERU, LORETO, MAYNAS",PER,1011897,PE-LOR,,2000-08-27,2000-02-09,2000,5,Probable and confirmed,Admin2,Week,MOH-PER-20002023-Y02-00,PAHO,2000
PERU,LORETO,MAYNAS,"PERU, LORETO, MAYNAS",PER,1011897,PE-LOR,,2000-09-03,2000-09-09,2000,7,Probable and confirmed,Admin2,Week,MOH-PER-20002023-Y02-00,PAHO,2000
PERU,LORETO,MAYNAS,"PERU, LORETO, MAYNAS",PER,1011897,PE-LOR,,2000-09-10,,2000,9,Probable and confirmed,Admin2,Week,MOH-PER-20002023-Y02-00,PAHO,2000
PERU,LORETO,MAYNAS,"PERU, LORETO, MAYNAS",PER,1011897,PE-LOR,,2000-09-17,,2000,11,Probable and confirmed,Admin2,Week,MOH-PER-20002023-Y02-00,PAHO,2000
PERU,LORETO,MAYNAS,"PERU, LORETO, MAYNAS",PER,1011897,PE-LOR,,2000-09-24,,2000,3,Probable and confirmed,Admin2,Week,MOH-PER-20002023-Y02-00,PAHO,2000
PERU,LORETO,MAYNAS,"PERU, LORETO, MAYNAS",PER,1011897,PE-LOR,,2000-10-01,2000-07-10,2000,5,Probable and confirmed,Admin2,Week,MOH-PER-20002023-Y02-00,PAHO,2000
PERU,LORETO,MAYNAS,"PERU, LORETO, MAYNAS",PER,1011897,PE-LOR,,2000-10-08,,2000,1,Probable and confirmed,Admin2,Week,MOH-PER-20002023-Y02-00,PAHO,2000
PERU,LORETO,MAYNAS,"PERU, LORETO, MAYNAS",PER,1011897,PE-LOR,,2000-10-15,,2000,2,Probable and confirmed,Admin2,Week,MOH-PER-20002023-Y02-00,PAHO,2000
PERU,LORETO,MAYNAS,"PERU, LORETO, MAYNAS",PER,1011897,PE-LOR,,2000-10-22,,2000,6,Probable and confirmed,Admin2,Week,MOH-PER-20002023-Y02-00,PAHO,2000
PERU,LORETO,MAYNAS,"PERU, LORETO, MAYNAS",PER,1011897,PE-LOR,,2000-10-29,2000-04-11,2000,7,Probable and confirmed,Admin2,Week,MOH-PER-20002023-Y02-00,PAHO,2000
PERU,LORETO,MAYNAS,"PERU, LORETO, MAYNAS",PER,1011897,PE-LOR,,2000-11-05,2000-11-11,2000,4,Probable and confirmed,Admin2,Week,MOH-PER-20002023-Y02-00,PAHO,2000
PERU,LORETO,MAYNAS,"PERU, LORETO, MAYNAS",PER,1011897,PE-LOR,,2000-11-12,,2000,10,Probable and confirmed,Admin2,Week,MOH-PER-20002023-Y02-00,PAHO,2000
PERU,LORETO,MAYNAS,"PERU, LORETO, MAYNAS",PER,1011897,PE-LOR,,2000-11-19,,2000,7,Probable and confirmed,Admin2,Week,MOH-PER-20002023-Y02-00,PAHO,2000
PERU,LORETO,MAYNAS,"PERU, LORETO, MAYNAS",PER,1011897,PE-LOR,,2000-11-26,2000-02-12,2000,9,Probable and confirmed,Admin2,Week,MOH-PER-20002023-Y02-00,PAHO,2000
PERU,LORETO,MAYNAS,"PERU, LORETO, MAYNAS",PER,1011897,PE-LOR,,2000-12-03,2000-09-12,2000,2,Probable and confirmed,Admin2,Week,MOH-PER-20002023-Y02-00,PAHO,2000
PERU,LORETO,MAYNAS,"PERU, LORETO, MAYNAS",PER,1011897,PE-LOR,,2000-12-10,,2000,3,Probable and confirmed,Admin2,Week,MOH-PER-20002023-Y02-00,PAHO,2000
PERU,LORETO,MAYNAS,"PERU, LORETO, MAYNAS",PER,1011897,PE-LOR,,2000-12-17,,2000,8,Probable and confirmed,Admin2,Week,MOH-PER-20002023-Y02-00,PAHO,2000
PERU,LORETO,MAYNAS,"PERU, LORETO, MAYNAS",PER,1011897,PE-LOR,,2000-12-24,,2000,2,Probable and confirmed,Admin2,Week,MOH-PER-20002023-Y02-00,PAHO,2000
PERU,LORETO,MAYNAS,"PERU, LORETO, MAYNAS",PER,1011897,PE-LOR,,2000-12-31,2001-06-01,2000,13,Probable and confirmed,Admin2,Week,MOH-PER-20002023-Y02-00,PAHO,2000
PERU,LORETO,MAYNAS,"PERU, LORETO, MAYNAS",PER,1011897,PE-LOR,,2001-01-07,,2001,6,Probable and confirmed,Admin2,Week,MOH-PER-20002023-Y02-00,PAHO,2001
PERU,LORETO,MAYNAS,"PERU, LORETO, MAYNAS",PER,1011897,PE-LOR,,2001-01-14,,2001,9,Probable and confirmed,Admin2,Week,MOH-PER-20002023-Y02-00,PAHO,2001
PERU,LORETO,MAYNAS,"PERU, LORETO, MAYNAS",PER,1011897,PE-LOR,,2001-01-21,,2001,10,Probable and confirmed,Admin2,Week,MOH-PER-20002023-Y02-00,PAHO,2001
PERU,LORETO,MAYNAS,"PERU, LORETO, MAYNAS",PER,1011897,PE-LOR,,2001-01-28,2001-03-02,2001,2,Probable and confirmed,Admin2,Week,MOH-PER-20002023-Y02-00,PAHO,2001
PERU,LORETO,MAYNAS,"PERU, LORETO, MAYNAS",PER,1011897,PE-LOR,,2001-02-04,2001-10-02,2001,7,Probable and confirmed,Admin2,Week,MOH-PER-20002023-Y02-00,PAHO,2001
PERU,LORETO,MAYNAS,"PERU, LORETO, MAYNAS",PER,1011897,PE-LOR,,2001-02-11,,2001,6,Probable and confirmed,Admin2,Week,MOH-PER-20002023-Y02-00,PAHO,2001
PERU,LORETO,MAYNAS,"PERU, LORETO, MAYNAS",PER,1011897,PE-LOR,,2001-02-18,,2001,7,Probable and confirmed,Admin2,Week,MOH-PER-20002023-Y02-00,PAHO,2001
PERU,LORETO,MAYNAS,"PERU, LORETO, MAYNAS",PER,1011897,PE-LOR,,2001-02-25,2001-03-03,2001,10,Probable and confirmed,Admin2,Week,MOH-PER-20002023-Y02-00,PAHO,2001
PERU,LORETO,MAYNAS,"PERU, LORETO, MAYNAS",PER,1011897,PE-LOR,,2001-03-04,2001-10-03,2001,10,Probable and confirmed,Admin2,Week,MOH-PER-20002023-Y02-00,PAHO,2001
PERU,LORETO,MAYNAS,"PERU, LORETO, MAYNAS",PER,1011897,PE-LOR,,2001-03-11,,2001,8,Probable and confirmed,Admin2,Week,MOH-PER-20002023-Y02-00,PAHO,2001
PERU,LORETO,MAYNAS,"PERU, LORETO, MAYNAS",PER,1011897,PE-LOR,,2001-03-18,,2001,9,Probable and confirmed,Admin2,Week,MOH-PER-20002023-Y02-00,PAHO,2001
PERU,LORETO,MAYNAS,"PERU, LORETO, MAYNAS",PER,1011897,PE-LOR,,2001-03-25,,2001,11,Probable and confirmed,Admin2,Week,MOH-PER-20002023-Y02-00,PAHO,2001
PERU,LORETO,MAYNAS,"PERU, LORETO, MAYNAS",PER,1011897,PE-LOR,,2001-04-01,2001-07-04,2001,14,Probable and confirmed,Admin2,Week,MOH-PER-20002023-Y02-00,PAHO,2001
PERU,LORETO,MAYNAS,"PERU, LORETO, MAYNAS",PER,1011897,PE-LOR,,2001-04-08,,2001,7,Probable and confirmed,Admin2,Week,MOH-PER-20002023-Y02-00,PAHO,2001
PERU,LORETO,MAYNAS,"PERU, LORETO, MAYNAS",PER,1011897,PE-LOR,,2001-04-15,,2001,8,Probable and confirmed,Admin2,Week,MOH-PER-20002023-Y02-00,PAHO,2001
PERU,LORETO,MAYNAS,"PERU, LORETO, MAYNAS",PER,1011897,PE-LOR,,2001-04-22,,2001,12,Probable and confirmed,Admin2,Week,MOH-PER-20002023-Y02-00,PAHO,2001
PERU,LORETO,MAYNAS,"PERU, LORETO, MAYNAS",PER,1011897,PE-LOR,,2001-04-29,2001-05-05,2001,9,Probable and confirmed,Admin2,Week,MOH-PER-20002023-Y02-00,PAHO,2001
PERU,LORETO,MAYNAS,"PERU, LORETO, MAYNAS",PER,1011897,PE-LOR,,2001-05-06,2001-12-05,2001,9,Probable and confirmed,Admin2,Week,MOH-PER-20002023-Y02-00,PAHO,2001
PERU,LORETO,MAYNAS,"PERU, LORETO, MAYNAS",PER,1011897,PE-LOR,,2001-05-13,,2001,11,Probable and confirmed,Admin2,Week,MOH-PER-20002023-Y02-00,PAHO,2001
PERU,LORETO,MAYNAS,"PERU, LORETO, MAYNAS",PER,1011897,PE-LOR,,2001-05-20,,2001,13,Probable and confirmed,Admin2,Week,MOH-PER-20002023-Y02-00,PAHO,2001
PERU,LORETO,MAYNAS,"PERU, LORETO, MAYNAS",PER,1011897,PE-LOR,,2001-05-27,2001-02-06,2001,10,Probable and confirmed,Admin2,Week,MOH-PER-20002023-Y02-00,PAHO,2001
PERU,LORETO,MAYNAS,"PERU, LORETO, MAYNAS",PER,1011897,PE-LOR,,2001-06-03,2001-09-06,2001,13,Probable and confirmed,Admin2,Week,MOH-PER-20002023-Y02-00,PAHO,2001
PERU,LORETO,MAYNAS,"PERU, LORETO, MAYNAS",PER,1011897,PE-LOR,,2001-06-10,,2001,14,Probable and confirmed,Admin2,Week,MOH-PER-20002023-Y02-00,PAHO,2001
PERU,LORETO,MAYNAS,"PERU, LORETO, MAYNAS",PER,1011897,PE-LOR,,2001-06-17,,2001,8,Probable and confirmed,Admin2,Week,MOH-PER-20002023-Y02-00,PAHO,2001
PERU,LORETO,MAYNAS,"PERU, LORETO, MAYNAS",PER,1011897,PE-LOR,,2001-06-24,,2001,13,Probable and confirmed,Admin2,Week,MOH-PER-20002023-Y02-00,PAHO,2001
PERU,LORETO,MAYNAS,"PERU, LORETO, MAYNAS",PER,1011897,PE-LOR,,2001-07-01,2001-07-07,2001,12,Probable and confirmed,Admin2,Week,MOH-PER-20002023-Y02-00,PAHO,2001
PERU,LORETO,MAYNAS,"PERU, LORETO, MAYNAS",PER,1011897,PE-LOR,,2001-07-08,,2001,1,Probable and confirmed,Admin2,Week,MOH-PER-20002023-Y02-00,PAHO,2001
PERU,LORETO,MAYNAS,"PERU, LORETO, MAYNAS",PER,1011897,PE-LOR,,2001-07-15,,2001,7,Probable and confirmed,Admin2,Week,MOH-PER-20002023-Y02-00,PAHO,2001
PERU,LORETO,MAYNAS,"PERU, LORETO, MAYNAS",PER,1011897,PE-LOR,,2001-07-22,,2001,9,Probable and confirmed,Admin2,Week,MOH-PER-20002023-Y02-00,PAHO,2001
PERU,LORETO,MAYNAS,"PERU, LORETO, MAYNAS",PER,1011897,PE-LOR,,2001-07-29,2001-04-08,2001,6,Probable and confirmed,Admin2,Week,MOH-PER-20002023-Y02-00,PAHO,2001
PERU,LORETO,MAYNAS,"PERU, LORETO, MAYNAS",PER,1011897,PE-LOR,,2001-08-05,2001-11-08,2001,5,Probable and confirmed,Admin2,Week,MOH-PER-20002023-Y02-00,PAHO,2001
PERU,LORETO,MAYNAS,"PERU, LORETO, MAYNAS",PER,1011897,PE-LOR,,2001-08-12,,2001,8,Probable and confirmed,Admin2,Week,MOH-PER-20002023-Y02-00,PAHO,2001
PERU,LORETO,MAYNAS,"PERU, LORETO, MAYNAS",PER,1011897,PE-LOR,,2001-08-19,,2001,3,Probable and confirmed,Admin2,Week,MOH-PER-20002023-Y02-00,PAHO,2001
PERU,LORETO,MAYNAS,"PERU, LORETO, MAYNAS",PER,1011897,PE-LOR,,2001-08-26,2001-01-09,2001,3,Probable and confirmed,Admin2,Week,MOH-PER-20002023-Y02-00,PAHO,2001
PERU,LORETO,MAYNAS,"PERU, LORETO, MAYNAS",PER,1011897,PE-LOR,,2001-09-02,2001-08-09,2001,6,Probable and confirmed,Admin2,Week,MOH-PER-20002023-Y02-00,PAHO,2001
PERU,LORETO,MAYNAS,"PERU, LORETO, MAYNAS",PER,1011897,PE-LOR,,2001-09-09,,2001,11,Probable and confirmed,Admin2,Week,MOH-PER-20002023-Y02-00,PAHO,2001
PERU,LORETO,MAYNAS,"PERU, LORETO, MAYNAS",PER,1011897,PE-LOR,,2001-09-16,,2001,9,Probable and confirmed,Admin2,Week,MOH-PER-20002023-Y02-00,PAHO,2001
PERU,LORETO,MAYNAS,"PERU, LORETO, MAYNAS",PER,1011897,PE-LOR,,2001-09-23,,2001,4,Probable and confirmed,Admin2,Week,MOH-PER-20002023-Y02-00,PAHO,2001
PERU,LORETO,MAYNAS,"PERU, LORETO, MAYNAS",PER,1011897,PE-LOR,,2001-09-30,2001-06-10,2001,6,Probable and confirmed,Admin2,Week,MOH-PER-20002023-Y02-00,PAHO,2001
PERU,LORETO,MAYNAS,"PERU, LORETO, MAYNAS",PER,1011897,PE-LOR,,2001-10-07,,2001,4,Probable and confirmed,Admin2,Week,MOH-PER-20002023-Y02-00,PAHO,2001
PERU,LORETO,MAYNAS,"PERU, LORETO, MAYNAS",PER,1011897,PE-LOR,,2001-10-14,,2001,4,Probable and confirmed,Admin2,Week,MOH-PER-20002023-Y02-00,PAHO,2001
PERU,LORETO,MAYNAS,"PERU, LORETO, MAYNAS",PER,1011897,PE-LOR,,2001-10-21,,2001,4,Probable and confirmed,Admin2,Week,MOH-PER-20002023-Y02-00,PAHO,2001
PERU,LORETO,MAYNAS,"PERU, LORETO, MAYNAS",PER,1011897,PE-LOR,,2001-10-28,2001-03-11,2001,3,Probable and confirmed,Admin2,Week,MOH-PER-20002023-Y02-00,PAHO,2001
PERU,LORETO,MAYNAS,"PERU, LORETO, MAYNAS",PER,1011897,PE-LOR,,2001-11-04,2001-10-11,2001,4,Probable and confirmed,Admin2,Week,MOH-PER-20002023-Y02-00,PAHO,2001
PERU,LORETO,MAYNAS,"PERU, LORETO, MAYNAS",PER,1011897,PE-LOR,,2001-11-11,,2001,7,Probable and confirmed,Admin2,Week,MOH-PER-20002023-Y02-00,PAHO,2001
PERU,LORETO,MAYNAS,"PERU, LORETO, MAYNAS",PER,1011897,PE-LOR,,2001-11-18,,2001,2,Probable and confirmed,Admin2,Week,MOH-PER-20002023-Y02-00,PAHO,2001
PERU,LORETO,MAYNAS,"PERU, LORETO, MAYNAS",PER,1011897,PE-LOR,,2001-11-25,2001-01-12,2001,6,Probable and confirmed,Admin2,Week,MOH-PER-20002023-Y02-00,PAHO,2001
PERU,LORETO,MAYNAS,"PERU, LORETO, MAYNAS",PER,1011897,PE-LOR,,2001-12-02,2001-08-12,2001,2,Probable and confirmed,Admin2,Week,MOH-PER-20002023-Y02-00,PAHO,2001
PERU,LORETO,MAYNAS,"PERU, LORETO, MAYNAS",PER,1011897,PE-LOR,,2001-12-09,,2001,6,Probable and confirmed,Admin2,Week,MOH-PER-20002023-Y02-00,PAHO,2001
PERU,LORETO,MAYNAS,"PERU, LORETO, MAYNAS",PER,1011897,PE-LOR,,2001-12-16,,2001,3,Probable and confirmed,Admin2,Week,MOH-PER-20002023-Y02-00,PAHO,2001
PERU,LORETO,MAYNAS,"PERU, LORETO, MAYNAS",PER,1011897,PE-LOR,,2001-12-23,,2001,3,Probable and confirmed,Admin2,Week,MOH-PER-20002023-Y02-00,PAHO,2001
PERU,LORETO,MAYNAS,"PERU, LORETO, MAYNAS",PER,1011897,PE-LOR,,2001-12-30,2002-05-01,2001,11,Probable and confirmed,Admin2,Week,MOH-PER-20002023-Y02-00,PAHO,2001
PERU,LORETO,MAYNAS,"PERU, LORETO, MAYNAS",PER,1011897,PE-LOR,,2002-01-06,2002-12-01,2002,20,Probable and confirmed,Admin2,Week,MOH-PER-20002023-Y02-00,PAHO,2002
PERU,LORETO,MAYNAS,"PERU, LORETO, MAYNAS",PER,1011897,PE-LOR,,2002-01-13,,2002,36,Probable and confirmed,Admin2,Week,MOH-PER-20002023-Y02-00,PAHO,2002
PERU,LORETO,MAYNAS,"PERU, LORETO, MAYNAS",PER,1011897,PE-LOR,,2002-01-20,,2002,38,Probable and confirmed,Admin2,Week,MOH-PER-20002023-Y02-00,PAHO,2002
PERU,LORETO,MAYNAS,"PERU, LORETO, MAYNAS",PER,1011897,PE-LOR,,2002-01-27,2002-02-02,2002,49,Probable and confirmed,Admin2,Week,MOH-PER-20002023-Y02-00,PAHO,2002
PERU,LORETO,MAYNAS,"PERU, LORETO, MAYNAS",PER,1011897,PE-LOR,,2002-02-03,2002-09-02,2002,39,Probable and confirmed,Admin2,Week,MOH-PER-20002023-Y02-00,PAHO,2002
PERU,LORETO,MAYNAS,"PERU, LORETO, MAYNAS",PER,1011897,PE-LOR,,2002-02-10,,2002,47,Probable and confirmed,Admin2,Week,MOH-PER-20002023-Y02-00,PAHO,2002
PERU,LORETO,MAYNAS,"PERU, LORETO, MAYNAS",PER,1011897,PE-LOR,,2002-02-17,,2002,53,Probable and confirmed,Admin2,Week,MOH-PER-20002023-Y02-00,PAHO,2002
PERU,LORETO,MAYNAS,"PERU, LORETO, MAYNAS",PER,1011897,PE-LOR,,2002-02-24,2002-02-03,2002,36,Probable and confirmed,Admin2,Week,MOH-PER-20002023-Y02-00,PAHO,2002
PERU,LORETO,MAYNAS,"PERU, LORETO, MAYNAS",PER,1011897,PE-LOR,,2002-03-03,2002-09-03,2002,42,Probable and confirmed,Admin2,Week,MOH-PER-20002023-Y02-00,PAHO,2002
PERU,LORETO,MAYNAS,"PERU, LORETO, MAYNAS",PER,1011897,PE-LOR,,2002-03-10,,2002,38,Probable and confirmed,Admin2,Week,MOH-PER-20002023-Y02-00,PAHO,2002
PERU,LORETO,MAYNAS,"PERU, LORETO, MAYNAS",PER,1011897,PE-LOR,,2002-03-17,,2002,34,Probable and confirmed,Admin2,Week,MOH-PER-20002023-Y02-00,PAHO,2002
PERU,LORETO,MAYNAS,"PERU, LORETO, MAYNAS",PER,1011897,PE-LOR,,2002-03-24,,2002,18,Probable and confirmed,Admin2,Week,MOH-PER-20002023-Y02-00,PAHO,2002
PERU,LORETO,MAYNAS,"PERU, LORETO, MAYNAS",PER,1011897,PE-LOR,,2002-03-31,2002-06-04,2002,19,Probable and confirmed,Admin2,Week,MOH-PER-20002023-Y02-00,PAHO,2002
PERU,LORETO,MAYNAS,"PERU, LORETO, MAYNAS",PER,1011897,PE-LOR,,2002-04-07,,2002,30,Probable and confirmed,Admin2,Week,MOH-PER-20002023-Y02-00,PAHO,2002
PERU,LORETO,MAYNAS,"PERU, LORETO, MAYNAS",PER,1011897,PE-LOR,,2002-04-14,,2002,58,Probable and confirmed,Admin2,Week,MOH-PER-20002023-Y02-00,PAHO,2002
PERU,LORETO,MAYNAS,"PERU, LORETO, MAYNAS",PER,1011897,PE-LOR,,2002-04-21,,2002,32,Probable and confirmed,Admin2,Week,MOH-PER-20002023-Y02-00,PAHO,2002
PERU,LORETO,MAYNAS,"PERU, LORETO, MAYNAS",PER,1011897,PE-LOR,,2002-04-28,2002-04-05,2002,38,Probable and confirmed,Admin2,Week,MOH-PER-20002023-Y02-00,PAHO,2002
PERU,LORETO,MAYNAS,"PERU, LORETO, MAYNAS",PER,1011897,PE-LOR,,2002-05-05,2002-11-05,2002,49,Probable and confirmed,Admin2,Week,MOH-PER-20002023-Y02-00,PAHO,2002
PERU,LORETO,MAYNAS,"PERU, LORETO, MAYNAS",PER,1011897,PE-LOR,,2002-05-12,,2002,36,Probable and confirmed,Admin2,Week,MOH-PER-20002023-Y02-00,PAHO,2002
PERU,LORETO,MAYNAS,"PERU, LORETO, MAYNAS",PER,1011897,PE-LOR,,2002-05-19,,2002,34,Probable and confirmed,Admin2,Week,MOH-PER-20002023-Y02-00,PAHO,2002
PERU,LORETO,MAYNAS,"PERU, LORETO, MAYNAS",PER,1011897,PE-LOR,,2002-05-26,2002-01-06,2002,40,Probable and confirmed,Admin2,Week,MOH-PER-20002023-Y02-00,PAHO,2002
PERU,LORETO,MAYNAS,"PERU, LORETO, MAYNAS",PER,1011897,PE-LOR,,2002-06-02,2002-08-06,2002,35,Probable and confirmed,Admin2,Week,MOH-PER-20002023-Y02-00,PAHO,2002
PERU,LORETO,MAYNAS,"PERU, LORETO, MAYNAS",PER,1011897,PE-LOR,,2002-06-09,,2002,37,Probable and confirmed,Admin2,Week,MOH-PER-20002023-Y02-00,PAHO,2002
PERU,LORETO,MAYNAS,"PERU, LORETO, MAYNAS",PER,1011897,PE-LOR,,2002-06-16,,2002,30,Probable and confirmed,Admin2,Week,MOH-PER-20002023-Y02-00,PAHO,2002
PERU,LORETO,MAYNAS,"PERU, LORETO, MAYNAS",PER,1011897,PE-LOR,,2002-06-23,,2002,26,Probable and confirmed,Admin2,Week,MOH-PER-20002023-Y02-00,PAHO,2002
PERU,LORETO,MAYNAS,"PERU, LORETO, MAYNAS",PER,1011897,PE-LOR,,2002-06-30,2002-06-07,2002,25,Probable and confirmed,Admin2,Week,MOH-PER-20002023-Y02-00,PAHO,2002
PERU,LORETO,MAYNAS,"PERU, LORETO, MAYNAS",PER,1011897,PE-LOR,,2002-07-07,,2002,24,Probable and confirmed,Admin2,Week,MOH-PER-20002023-Y02-00,PAHO,2002
PERU,LORETO,MAYNAS,"PERU, LORETO, MAYNAS",PER,1011897,PE-LOR,,2002-07-14,,2002,22,Probable and confirmed,Admin2,Week,MOH-PER-20002023-Y02-00,PAHO,2002
PERU,LORETO,MAYNAS,"PERU, LORETO, MAYNAS",PER,1011897,PE-LOR,,2002-07-21,,2002,15,Probable and confirmed,Admin2,Week,MOH-PER-20002023-Y02-00,PAHO,2002
PERU,LORETO,MAYNAS,"PERU, LORETO, MAYNAS",PER,1011897,PE-LOR,,2002-07-28,2002-03-08,2002,18,Probable and confirmed,Admin2,Week,MOH-PER-20002023-Y02-00,PAHO,2002
PERU,LORETO,MAYNAS,"PERU, LORETO, MAYNAS",PER,1011897,PE-LOR,,2002-08-04,2002-10-08,2002,24,Probable and confirmed,Admin2,Week,MOH-PER-20002023-Y02-00,PAHO,2002
PERU,LORETO,MAYNAS,"PERU, LORETO, MAYNAS",PER,1011897,PE-LOR,,2002-08-11,,2002,13,Probable and confirmed,Admin2,Week,MOH-PER-20002023-Y02-00,PAHO,2002
PERU,LORETO,MAYNAS,"PERU, LORETO, MAYNAS",PER,1011897,PE-LOR,,2002-08-18,,2002,43,Probable and confirmed,Admin2,Week,MOH-PER-20002023-Y02-00,PAHO,2002
PERU,LORETO,MAYNAS,"PERU, LORETO, MAYNAS",PER,1011897,PE-LOR,,2002-08-25,,2002,15,Probable and confirmed,Admin2,Week,MOH-PER-20002023-Y02-00,PAHO,2002
PERU,LORETO,MAYNAS,"PERU, LORETO, MAYNAS",PER,1011897,PE-LOR,,2002-09-01,2002-07-09,2002,25,Probable and confirmed,Admin2,Week,MOH-PER-20002023-Y02-00,PAHO,2002
PERU,LORETO,MAYNAS,"PERU, LORETO, MAYNAS",PER,1011897,PE-LOR,,2002-09-08,,2002,22,Probable and confirmed,Admin2,Week,MOH-PER-20002023-Y02-00,PAHO,2002
PERU,LORETO,MAYNAS,"PERU, LORETO, MAYNAS",PER,1011897,PE-LOR,,2002-09-15,,2002,29,Probable and confirmed,Admin2,Week,MOH-PER-20002023-Y02-00,PAHO,2002
PERU,LORETO,MAYNAS,"PERU, LORETO, MAYNAS",PER,1011897,PE-LOR,,2002-09-22,,2002,40,Probable and confirmed,Admin2,Week,MOH-PER-20002023-Y02-00,PAHO,2002
PERU,LORETO,MAYNAS,"PERU, LORETO, MAYNAS",PER,1011897,PE-LOR,,2002-09-29,2002-05-10,2002,31,Probable and confirmed,Admin2,Week,MOH-PER-20002023-Y02-00,PAHO,2002
PERU,LORETO,MAYNAS,"PERU, LORETO, MAYNAS",PER,1011897,PE-LOR,,2002-10-06,2002-12-10,2002,45,Probable and confirmed,Admin2,Week,MOH-PER-20002023-Y02-00,PAHO,2002
PERU,LORETO,MAYNAS,"PERU, LORETO, MAYNAS",PER,1011897,PE-LOR,,2002-10-13,,2002,75,Probable and confirmed,Admin2,Week,MOH-PER-20002023-Y02-00,PAHO,2002
PERU,LORETO,MAYNAS,"PERU, LORETO, MAYNAS",PER,1011897,PE-LOR,,2002-10-20,,2002,95,Probable and confirmed,Admin2,Week,MOH-PER-20002023-Y02-00,PAHO,2002
PERU,LORETO,MAYNAS,"PERU, LORETO, MAYNAS",PER,1011897,PE-LOR,,2002-10-27,2002-02-11,2002,58,Probable and confirmed,Admin2,Week,MOH-PER-20002023-Y02-00,PAHO,2002
PERU,LORETO,MAYNAS,"PERU, LORETO, MAYNAS",PER,1011897,PE-LOR,,2002-11-03,2002-09-11,2002,60,Probable and confirmed,Admin2,Week,MOH-PER-20002023-Y02-00,PAHO,2002
PERU,LORETO,MAYNAS,"PERU, LORETO, MAYNAS",PER,1011897,PE-LOR,,2002-11-10,,2002,78,Probable and confirmed,Admin2,Week,MOH-PER-20002023-Y02-00,PAHO,2002
PERU,LORETO,MAYNAS,"PERU, LORETO, MAYNAS",PER,1011897,PE-LOR,,2002-11-17,,2002,117,Probable and confirmed,Admin2,Week,MOH-PER-20002023-Y02-00,PAHO,2002
PERU,LORETO,MAYNAS,"PERU, LORETO, MAYNAS",PER,1011897,PE-LOR,,2002-11-24,,2002,163,Probable and confirmed,Admin2,Week,MOH-PER-20002023-Y02-00,PAHO,2002
PERU,LORETO,MAYNAS,"PERU, LORETO, MAYNAS",PER,1011897,PE-LOR,,2002-12-01,2002-07-12,2002,153,Probable and confirmed,Admin2,Week,MOH-PER-20002023-Y02-00,PAHO,2002
PERU,LORETO,MAYNAS,"PERU, LORETO, MAYNAS",PER,1011897,PE-LOR,,2002-12-08,,2002,134,Probable and confirmed,Admin2,Week,MOH-PER-20002023-Y02-00,PAHO,2002
PERU,LORETO,MAYNAS,"PERU, LORETO, MAYNAS",PER,1011897,PE-LOR,,2002-12-15,,2002,79,Probable and confirmed,Admin2,Week,MOH-PER-20002023-Y02-00,PAHO,2002
PERU,LORETO,MAYNAS,"PERU, LORETO, MAYNAS",PER,1011897,PE-LOR,,2002-12-22,,2002,30,Probable and confirmed,Admin2,Week,MOH-PER-20002023-Y02-00,PAHO,2002
PERU,LORETO,MAYNAS,"PERU, LORETO, MAYNAS",PER,1011897,PE-LOR,,2002-12-29,2003-04-01,2002,39,Probable and confirmed,Admin2,Week,MOH-PER-20002023-Y02-00,PAHO,2002
PERU,LORETO,MAYNAS,"PERU, LORETO, MAYNAS",PER,1011897,PE-LOR,,2003-01-05,2003-11-01,2003,38,Probable and confirmed,Admin2,Week,MOH-PER-20002023-Y02-00,PAHO,2003
PERU,LORETO,MAYNAS,"PERU, LORETO, MAYNAS",PER,1011897,PE-LOR,,2003-01-12,,2003,19,Probable and confirmed,Admin2,Week,MOH-PER-20002023-Y02-00,PAHO,2003
PERU,LORETO,MAYNAS,"PERU, LORETO, MAYNAS",PER,1011897,PE-LOR,,2003-01-19,,2003,32,Probable and confirmed,Admin2,Week,MOH-PER-20002023-Y02-00,PAHO,2003
PERU,LORETO,MAYNAS,"PERU, LORETO, MAYNAS",PER,1011897,PE-LOR,,2003-01-26,2003-01-02,2003,26,Probable and confirmed,Admin2,Week,MOH-PER-20002023-Y02-00,PAHO,2003
PERU,LORETO,MAYNAS,"PERU, LORETO, MAYNAS",PER,1011897,PE-LOR,,2003-02-02,2003-08-02,2003,22,Probable and confirmed,Admin2,Week,MOH-PER-20002023-Y02-00,PAHO,2003
PERU,LORETO,MAYNAS,"PERU, LORETO, MAYNAS",PER,1011897,PE-LOR,,2003-02-09,,2003,13,Probable and confirmed,Admin2,Week,MOH-PER-20002023-Y02-00,PAHO,2003
PERU,LORETO,MAYNAS,"PERU, LORETO, MAYNAS",PER,1011897,PE-LOR,,2003-02-16,,2003,17,Probable and confirmed,Admin2,Week,MOH-PER-20002023-Y02-00,PAHO,2003
PERU,LORETO,MAYNAS,"PERU, LORETO, MAYNAS",PER,1011897,PE-LOR,,2003-02-23,2003-01-03,2003,17,Probable and confirmed,Admin2,Week,MOH-PER-20002023-Y02-00,PAHO,2003
PERU,LORETO,MAYNAS,"PERU, LORETO, MAYNAS",PER,1011897,PE-LOR,,2003-03-02,2003-08-03,2003,7,Probable and confirmed,Admin2,Week,MOH-PER-20002023-Y02-00,PAHO,2003
PERU,LORETO,MAYNAS,"PERU, LORETO, MAYNAS",PER,1011897,PE-LOR,,2003-03-09,,2003,20,Probable and confirmed,Admin2,Week,MOH-PER-20002023-Y02-00,PAHO,2003
PERU,LORETO,MAYNAS,"PERU, LORETO, MAYNAS",PER,1011897,PE-LOR,,2003-03-16,,2003,16,Probable and confirmed,Admin2,Week,MOH-PER-20002023-Y02-00,PAHO,2003
PERU,LORETO,MAYNAS,"PERU, LORETO, MAYNAS",PER,1011897,PE-LOR,,2003-03-23,,2003,11,Probable and confirmed,Admin2,Week,MOH-PER-20002023-Y02-00,PAHO,2003
PERU,LORETO,MAYNAS,"PERU, LORETO, MAYNAS",PER,1011897,PE-LOR,,2003-03-30,2003-05-04,2003,17,Probable and confirmed,Admin2,Week,MOH-PER-20002023-Y02-00,PAHO,2003
PERU,LORETO,MAYNAS,"PERU, LORETO, MAYNAS",PER,1011897,PE-LOR,,2003-04-06,2003-12-04,2003,20,Probable and confirmed,Admin2,Week,MOH-PER-20002023-Y02-00,PAHO,2003
PERU,LORETO,MAYNAS,"PERU, LORETO, MAYNAS",PER,1011897,PE-LOR,,2003-04-13,,2003,7,Probable and confirmed,Admin2,Week,MOH-PER-20002023-Y02-00,PAHO,2003
PERU,LORETO,MAYNAS,"PERU, LORETO, MAYNAS",PER,1011897,PE-LOR,,2003-04-20,,2003,10,Probable and confirmed,Admin2,Week,MOH-PER-20002023-Y02-00,PAHO,2003
PERU,LORETO,MAYNAS,"PERU, LORETO, MAYNAS",PER,1011897,PE-LOR,,2003-04-27,2003-03-05,2003,3,Probable and confirmed,Admin2,Week,MOH-PER-20002023-Y02-00,PAHO,2003
PERU,LORETO,MAYNAS,"PERU, LORETO, MAYNAS",PER,1011897,PE-LOR,,2003-05-04,2003-10-05,2003,6,Probable and confirmed,Admin2,Week,MOH-PER-20002023-Y02-00,PAHO,2003
PERU,LORETO,MAYNAS,"PERU, LORETO, MAYNAS",PER,1011897,PE-LOR,,2003-05-11,,2003,9,Probable and confirmed,Admin2,Week,MOH-PER-20002023-Y02-00,PAHO,2003
PERU,LORETO,MAYNAS,"PERU, LORETO, MAYNAS",PER,1011897,PE-LOR,,2003-05-18,,2003,5,Probable and confirmed,Admin2,Week,MOH-PER-20002023-Y02-00,PAHO,2003
PERU,LORETO,MAYNAS,"PERU, LORETO, MAYNAS",PER,1011897,PE-LOR,,2003-05-25,,2003,9,Probable and confirmed,Admin2,Week,MOH-PER-20002023-Y02-00,PAHO,2003
PERU,LORETO,MAYNAS,"PERU, LORETO, MAYNAS",PER,1011897,PE-LOR,,2003-06-01,2003-07-06,2003,14,Probable and confirmed,Admin2,Week,MOH-PER-20002023-Y02-00,PAHO,2003
PERU,LORETO,MAYNAS,"PERU, LORETO, MAYNAS",PER,1011897,PE-LOR,,2003-06-08,,2003,17,Probable and confirmed,Admin2,Week,MOH-PER-20002023-Y02-00,PAHO,2003
PERU,LORETO,MAYNAS,"PERU, LORETO, MAYNAS",PER,1011897,PE-LOR,,2003-06-15,,2003,8,Probable and confirmed,Admin2,Week,MOH-PER-20002023-Y02-00,PAHO,2003
PERU,LORETO,MAYNAS,"PERU, LORETO, MAYNAS",PER,1011897,PE-LOR,,2003-06-22,,2003,13,Probable and confirmed,Admin2,Week,MOH-PER-20002023-Y02-00,PAHO,2003
PERU,LORETO,MAYNAS,"PERU, LORETO, MAYNAS",PER,1011897,PE-LOR,,2003-06-29,2003-05-07,2003,8,Probable and confirmed,Admin2,Week,MOH-PER-20002023-Y02-00,PAHO,2003
PERU,LORETO,MAYNAS,"PERU, LORETO, MAYNAS",PER,1011897,PE-LOR,,2003-07-06,2003-12-07,2003,16,Probable and confirmed,Admin2,Week,MOH-PER-20002023-Y02-00,PAHO,2003
PERU,LORETO,MAYNAS,"PERU, LORETO, MAYNAS",PER,1011897,PE-LOR,,2003-07-13,,2003,17,Probable and confirmed,Admin2,Week,MOH-PER-20002023-Y02-00,PAHO,2003
PERU,LORETO,MAYNAS,"PERU, LORETO, MAYNAS",PER,1011897,PE-LOR,,2003-07-20,,2003,10,Probable and confirmed,Admin2,Week,MOH-PER-20002023-Y02-00,PAHO,2003
PERU,LORETO,MAYNAS,"PERU, LORETO, MAYNAS",PER,1011897,PE-LOR,,2003-07-27,2003-02-08,2003,3,Probable and confirmed,Admin2,Week,MOH-PER-20002023-Y02-00,PAHO,2003
PERU,LORETO,MAYNAS,"PERU, LORETO, MAYNAS",PER,1011897,PE-LOR,,2003-08-03,2003-09-08,2003,7,Probable and confirmed,Admin2,Week,MOH-PER-20002023-Y02-00,PAHO,2003
PERU,LORETO,MAYNAS,"PERU, LORETO, MAYNAS",PER,1011897,PE-LOR,,2003-08-10,,2003,6,Probable and confirmed,Admin2,Week,MOH-PER-20002023-Y02-00,PAHO,2003
PERU,LORETO,MAYNAS,"PERU, LORETO, MAYNAS",PER,1011897,PE-LOR,,2003-08-17,,2003,8,Probable and confirmed,Admin2,Week,MOH-PER-20002023-Y02-00,PAHO,2003
PERU,LORETO,MAYNAS,"PERU, LORETO, MAYNAS",PER,1011897,PE-LOR,,2003-08-24,,2003,7,Probable and confirmed,Admin2,Week,MOH-PER-20002023-Y02-00,PAHO,2003
PERU,LORETO,MAYNAS,"PERU, LORETO, MAYNAS",PER,1011897,PE-LOR,,2003-08-31,2003-06-09,2003,10,Probable and confirmed,Admin2,Week,MOH-PER-20002023-Y02-00,PAHO,2003
PERU,LORETO,MAYNAS,"PERU, LORETO, MAYNAS",PER,1011897,PE-LOR,,2003-09-07,,2003,8,Probable and confirmed,Admin2,Week,MOH-PER-20002023-Y02-00,PAHO,2003
PERU,LORETO,MAYNAS,"PERU, LORETO, MAYNAS",PER,1011897,PE-LOR,,2003-09-14,,2003,13,Probable and confirmed,Admin2,Week,MOH-PER-20002023-Y02-00,PAHO,2003
PERU,LORETO,MAYNAS,"PERU, LORETO, MAYNAS",PER,1011897,PE-LOR,,2003-09-21,,2003,9,Probable and confirmed,Admin2,Week,MOH-PER-20002023-Y02-00,PAHO,2003
PERU,LORETO,MAYNAS,"PERU, LORETO, MAYNAS",PER,1011897,PE-LOR,,2003-09-28,2003-04-10,2003,8,Probable and confirmed,Admin2,Week,MOH-PER-20002023-Y02-00,PAHO,2003
PERU,LORETO,MAYNAS,"PERU, LORETO, MAYNAS",PER,1011897,PE-LOR,,2003-10-05,2003-11-10,2003,7,Probable and confirmed,Admin2,Week,MOH-PER-20002023-Y02-00,PAHO,2003
PERU,LORETO,MAYNAS,"PERU, LORETO, MAYNAS",PER,1011897,PE-LOR,,2003-10-12,,2003,20,Probable and confirmed,Admin2,Week,MOH-PER-20002023-Y02-00,PAHO,2003
PERU,LORETO,MAYNAS,"PERU, LORETO, MAYNAS",PER,1011897,PE-LOR,,2003-10-19,,2003,15,Probable and confirmed,Admin2,Week,MOH-PER-20002023-Y02-00,PAHO,2003
PERU,LORETO,MAYNAS,"PERU, LORETO, MAYNAS",PER,1011897,PE-LOR,,2003-10-26,2003-01-11,2003,15,Probable and confirmed,Admin2,Week,MOH-PER-20002023-Y02-00,PAHO,2003
PERU,LORETO,MAYNAS,"PERU, LORETO, MAYNAS",PER,1011897,PE-LOR,,2003-11-02,2003-08-11,2003,9,Probable and confirmed,Admin2,Week,MOH-PER-20002023-Y02-00,PAHO,2003
PERU,LORETO,MAYNAS,"PERU, LORETO, MAYNAS",PER,1011897,PE-LOR,,2003-11-09,,2003,18,Probable and confirmed,Admin2,Week,MOH-PER-20002023-Y02-00,PAHO,2003
PERU,LORETO,MAYNAS,"PERU, LORETO, MAYNAS",PER,1011897,PE-LOR,,2003-11-16,,2003,18,Probable and confirmed,Admin2,Week,MOH-PER-20002023-Y02-00,PAHO,2003
PERU,LORETO,MAYNAS,"PERU, LORETO, MAYNAS",PER,1011897,PE-LOR,,2003-11-23,,2003,12,Probable and confirmed,Admin2,Week,MOH-PER-20002023-Y02-00,PAHO,2003
PERU,LORETO,MAYNAS,"PERU, LORETO, MAYNAS",PER,1011897,PE-LOR,,2003-11-30,2003-06-12,2003,9,Probable and confirmed,Admin2,Week,MOH-PER-20002023-Y02-00,PAHO,2003
PERU,LORETO,MAYNAS,"PERU, LORETO, MAYNAS",PER,1011897,PE-LOR,,2003-12-07,,2003,12,Probable and confirmed,Admin2,Week,MOH-PER-20002023-Y02-00,PAHO,2003
PERU,LORETO,MAYNAS,"PERU, LORETO, MAYNAS",PER,1011897,PE-LOR,,2003-12-14,,2003,14,Probable and confirmed,Admin2,Week,MOH-PER-20002023-Y02-00,PAHO,2003
PERU,LORETO,MAYNAS,"PERU, LORETO, MAYNAS",PER,1011897,PE-LOR,,2003-12-21,,2003,4,Probable and confirmed,Admin2,Week,MOH-PER-20002023-Y02-00,PAHO,2003
PERU,LORETO,MAYNAS,"PERU, LORETO, MAYNAS",PER,1011897,PE-LOR,,2003-12-28,2004-03-01,2003,8,Probable and confirmed,Admin2,Week,MOH-PER-20002023-Y02-00,PAHO,2003
PERU,LORETO,MAYNAS,"PERU, LORETO, MAYNAS",PER,1011897,PE-LOR,,2004-01-04,2004-10-01,2004,13,Probable and confirmed,Admin2,Week,MOH-PER-20002023-Y02-00,PAHO,2004
PERU,LORETO,MAYNAS,"PERU, LORETO, MAYNAS",PER,1011897,PE-LOR,,2004-01-11,,2004,15,Probable and confirmed,Admin2,Week,MOH-PER-20002023-Y02-00,PAHO,2004
PERU,LORETO,MAYNAS,"PERU, LORETO, MAYNAS",PER,1011897,PE-LOR,,2004-01-18,,2004,12,Probable and confirmed,Admin2,Week,MOH-PER-20002023-Y02-00,PAHO,2004
PERU,LORETO,MAYNAS,"PERU, LORETO, MAYNAS",PER,1011897,PE-LOR,,2004-01-25,,2004,14,Probable and confirmed,Admin2,Week,MOH-PER-20002023-Y02-00,PAHO,2004
PERU,LORETO,MAYNAS,"PERU, LORETO, MAYNAS",PER,1011897,PE-LOR,,2004-02-01,2004-07-02,2004,20,Probable and confirmed,Admin2,Week,MOH-PER-20002023-Y02-00,PAHO,2004
PERU,LORETO,MAYNAS,"PERU, LORETO, MAYNAS",PER,1011897,PE-LOR,,2004-02-08,,2004,22,Probable and confirmed,Admin2,Week,MOH-PER-20002023-Y02-00,PAHO,2004
PERU,LORETO,MAYNAS,"PERU, LORETO, MAYNAS",PER,1011897,PE-LOR,,2004-02-15,,2004,20,Probable and confirmed,Admin2,Week,MOH-PER-20002023-Y02-00,PAHO,2004
PERU,LORETO,MAYNAS,"PERU, LORETO, MAYNAS",PER,1011897,PE-LOR,,2004-02-22,,2004,22,Probable and confirmed,Admin2,Week,MOH-PER-20002023-Y02-00,PAHO,2004
PERU,LORETO,MAYNAS,"PERU, LORETO, MAYNAS",PER,1011897,PE-LOR,,2004-02-29,2004-06-03,2004,16,Probable and confirmed,Admin2,Week,MOH-PER-20002023-Y02-00,PAHO,2004
PERU,LORETO,MAYNAS,"PERU, LORETO, MAYNAS",PER,1011897,PE-LOR,,2004-03-07,,2004,16,Probable and confirmed,Admin2,Week,MOH-PER-20002023-Y02-00,PAHO,2004
PERU,LORETO,MAYNAS,"PERU, LORETO, MAYNAS",PER,1011897,PE-LOR,,2004-03-14,,2004,11,Probable and confirmed,Admin2,Week,MOH-PER-20002023-Y02-00,PAHO,2004
PERU,LORETO,MAYNAS,"PERU, LORETO, MAYNAS",PER,1011897,PE-LOR,,2004-03-21,,2004,14,Probable and confirmed,Admin2,Week,MOH-PER-20002023-Y02-00,PAHO,2004
PERU,LORETO,MAYNAS,"PERU, LORETO, MAYNAS",PER,1011897,PE-LOR,,2004-03-28,2004-03-04,2004,19,Probable and confirmed,Admin2,Week,MOH-PER-20002023-Y02-00,PAHO,2004
PERU,LORETO,MAYNAS,"PERU, LORETO, MAYNAS",PER,1011897,PE-LOR,,2004-04-04,2004-10-04,2004,12,Probable and confirmed,Admin2,Week,MOH-PER-20002023-Y02-00,PAHO,2004
PERU,LORETO,MAYNAS,"PERU, LORETO, MAYNAS",PER,1011897,PE-LOR,,2004-04-11,,2004,13,Probable and confirmed,Admin2,Week,MOH-PER-20002023-Y02-00,PAHO,2004
PERU,LORETO,MAYNAS,"PERU, LORETO, MAYNAS",PER,1011897,PE-LOR,,2004-04-18,,2004,14,Probable and confirmed,Admin2,Week,MOH-PER-20002023-Y02-00,PAHO,2004
PERU,LORETO,MAYNAS,"PERU, LORETO, MAYNAS",PER,1011897,PE-LOR,,2004-04-25,2004-01-05,2004,8,Probable and confirmed,Admin2,Week,MOH-PER-20002023-Y02-00,PAHO,2004
PERU,LORETO,MAYNAS,"PERU, LORETO, MAYNAS",PER,1011897,PE-LOR,,2004-05-02,2004-08-05,2004,7,Probable and confirmed,Admin2,Week,MOH-PER-20002023-Y02-00,PAHO,2004
PERU,LORETO,MAYNAS,"PERU, LORETO, MAYNAS",PER,1011897,PE-LOR,,2004-05-09,,2004,15,Probable and confirmed,Admin2,Week,MOH-PER-20002023-Y02-00,PAHO,2004
PERU,LORETO,MAYNAS,"PERU, LORETO, MAYNAS",PER,1011897,PE-LOR,,2004-05-16,,2004,21,Probable and confirmed,Admin2,Week,MOH-PER-20002023-Y02-00,PAHO,2004
PERU,LORETO,MAYNAS,"PERU, LORETO, MAYNAS",PER,1011897,PE-LOR,,2004-05-23,,2004,15,Probable and confirmed,Admin2,Week,MOH-PER-20002023-Y02-00,PAHO,2004
PERU,LORETO,MAYNAS,"PERU, LORETO, MAYNAS",PER,1011897,PE-LOR,,2004-05-30,2004-05-06,2004,31,Probable and confirmed,Admin2,Week,MOH-PER-20002023-Y02-00,PAHO,2004
PERU,LORETO,MAYNAS,"PERU, LORETO, MAYNAS",PER,1011897,PE-LOR,,2004-06-06,2004-12-06,2004,18,Probable and confirmed,Admin2,Week,MOH-PER-20002023-Y02-00,PAHO,2004
PERU,LORETO,MAYNAS,"PERU, LORETO, MAYNAS",PER,1011897,PE-LOR,,2004-06-13,,2004,13,Probable and confirmed,Admin2,Week,MOH-PER-20002023-Y02-00,PAHO,2004
PERU,LORETO,MAYNAS,"PERU, LORETO, MAYNAS",PER,1011897,PE-LOR,,2004-06-20,,2004,20,Probable and confirmed,Admin2,Week,MOH-PER-20002023-Y02-00,PAHO,2004
PERU,LORETO,MAYNAS,"PERU, LORETO, MAYNAS",PER,1011897,PE-LOR,,2004-06-27,2004-03-07,2004,25,Probable and confirmed,Admin2,Week,MOH-PER-20002023-Y02-00,PAHO,2004
PERU,LORETO,MAYNAS,"PERU, LORETO, MAYNAS",PER,1011897,PE-LOR,,2004-07-04,2004-10-07,2004,27,Probable and confirmed,Admin2,Week,MOH-PER-20002023-Y02-00,PAHO,2004
PERU,LORETO,MAYNAS,"PERU, LORETO, MAYNAS",PER,1011897,PE-LOR,,2004-07-11,,2004,18,Probable and confirmed,Admin2,Week,MOH-PER-20002023-Y02-00,PAHO,2004
PERU,LORETO,MAYNAS,"PERU, LORETO, MAYNAS",PER,1011897,PE-LOR,,2004-07-18,,2004,19,Probable and confirmed,Admin2,Week,MOH-PER-20002023-Y02-00,PAHO,2004
PERU,LORETO,MAYNAS,"PERU, LORETO, MAYNAS",PER,1011897,PE-LOR,,2004-07-25,,2004,17,Probable and confirmed,Admin2,Week,MOH-PER-20002023-Y02-00,PAHO,2004
PERU,LORETO,MAYNAS,"PERU, LORETO, MAYNAS",PER,1011897,PE-LOR,,2004-08-01,2004-07-08,2004,26,Probable and confirmed,Admin2,Week,MOH-PER-20002023-Y02-00,PAHO,2004
PERU,LORETO,MAYNAS,"PERU, LORETO, MAYNAS",PER,1011897,PE-LOR,,2004-08-08,,2004,24,Probable and confirmed,Admin2,Week,MOH-PER-20002023-Y02-00,PAHO,2004
PERU,LORETO,MAYNAS,"PERU, LORETO, MAYNAS",PER,1011897,PE-LOR,,2004-08-15,,2004,20,Probable and confirmed,Admin2,Week,MOH-PER-20002023-Y02-00,PAHO,2004
PERU,LORETO,MAYNAS,"PERU, LORETO, MAYNAS",PER,1011897,PE-LOR,,2004-08-22,,2004,22,Probable and confirmed,Admin2,Week,MOH-PER-20002023-Y02-00,PAHO,2004
PERU,LORETO,MAYNAS,"PERU, LORETO, MAYNAS",PER,1011897,PE-LOR,,2004-08-29,2004-04-09,2004,23,Probable and confirmed,Admin2,Week,MOH-PER-20002023-Y02-00,PAHO,2004
PERU,LORETO,MAYNAS,"PERU, LORETO, MAYNAS",PER,1011897,PE-LOR,,2004-09-05,2004-11-09,2004,32,Probable and confirmed,Admin2,Week,MOH-PER-20002023-Y02-00,PAHO,2004
PERU,LORETO,MAYNAS,"PERU, LORETO, MAYNAS",PER,1011897,PE-LOR,,2004-09-12,,2004,38,Probable and confirmed,Admin2,Week,MOH-PER-20002023-Y02-00,PAHO,2004
PERU,LORETO,MAYNAS,"PERU, LORETO, MAYNAS",PER,1011897,PE-LOR,,2004-09-19,,2004,23,Probable and confirmed,Admin2,Week,MOH-PER-20002023-Y02-00,PAHO,2004
PERU,LORETO,MAYNAS,"PERU, LORETO, MAYNAS",PER,1011897,PE-LOR,,2004-09-26,2004-02-10,2004,41,Probable and confirmed,Admin2,Week,MOH-PER-20002023-Y02-00,PAHO,2004
PERU,LORETO,MAYNAS,"PERU, LORETO, MAYNAS",PER,1011897,PE-LOR,,2004-10-03,2004-09-10,2004,28,Probable and confirmed,Admin2,Week,MOH-PER-20002023-Y02-00,PAHO,2004
PERU,LORETO,MAYNAS,"PERU, LORETO, MAYNAS",PER,1011897,PE-LOR,,2004-10-10,,2004,29,Probable and confirmed,Admin2,Week,MOH-PER-20002023-Y02-00,PAHO,2004
PERU,LORETO,MAYNAS,"PERU, LORETO, MAYNAS",PER,1011897,PE-LOR,,2004-10-17,,2004,42,Probable and confirmed,Admin2,Week,MOH-PER-20002023-Y02-00,PAHO,2004
PERU,LORETO,MAYNAS,"PERU, LORETO, MAYNAS",PER,1011897,PE-LOR,,2004-10-24,,2004,35,Probable and confirmed,Admin2,Week,MOH-PER-20002023-Y02-00,PAHO,2004
PERU,LORETO,MAYNAS,"PERU, LORETO, MAYNAS",PER,1011897,PE-LOR,,2004-10-31,2004-06-11,2004,32,Probable and confirmed,Admin2,Week,MOH-PER-20002023-Y02-00,PAHO,2004
PERU,LORETO,MAYNAS,"PERU, LORETO, MAYNAS",PER,1011897,PE-LOR,,2004-11-07,,2004,49,Probable and confirmed,Admin2,Week,MOH-PER-20002023-Y02-00,PAHO,2004
PERU,LORETO,MAYNAS,"PERU, LORETO, MAYNAS",PER,1011897,PE-LOR,,2004-11-14,,2004,91,Probable and confirmed,Admin2,Week,MOH-PER-20002023-Y02-00,PAHO,2004
PERU,LORETO,MAYNAS,"PERU, LORETO, MAYNAS",PER,1011897,PE-LOR,,2004-11-21,,2004,95,Probable and confirmed,Admin2,Week,MOH-PER-20002023-Y02-00,PAHO,2004
PERU,LORETO,MAYNAS,"PERU, LORETO, MAYNAS",PER,1011897,PE-LOR,,2004-11-28,2004-04-12,2004,232,Probable and confirmed,Admin2,Week,MOH-PER-20002023-Y02-00,PAHO,2004
PERU,LORETO,MAYNAS,"PERU, LORETO, MAYNAS",PER,1011897,PE-LOR,,2004-12-05,2004-11-12,2004,317,Probable and confirmed,Admin2,Week,MOH-PER-20002023-Y02-00,PAHO,2004
PERU,LORETO,MAYNAS,"PERU, LORETO, MAYNAS",PER,1011897,PE-LOR,,2004-12-12,,2004,344,Probable and confirmed,Admin2,Week,MOH-PER-20002023-Y02-00,PAHO,2004
PERU,LORETO,MAYNAS,"PERU, LORETO, MAYNAS",PER,1011897,PE-LOR,,2004-12-19,,2004,184,Probable and confirmed,Admin2,Week,MOH-PER-20002023-Y02-00,PAHO,2004
PERU,LORETO,MAYNAS,"PERU, LORETO, MAYNAS",PER,1011897,PE-LOR,,2004-12-26,2005-01-01,2004,113,Probable and confirmed,Admin2,Week,MOH-PER-20002023-Y02-00,PAHO,2004
PERU,LORETO,MAYNAS,"PERU, LORETO, MAYNAS",PER,1011897,PE-LOR,,2005-01-02,2005-08-01,2005,58,Probable and confirmed,Admin2,Week,MOH-PER-20002023-Y02-00,PAHO,2005
PERU,LORETO,MAYNAS,"PERU, LORETO, MAYNAS",PER,1011897,PE-LOR,,2005-01-09,,2005,58,Probable and confirmed,Admin2,Week,MOH-PER-20002023-Y02-00,PAHO,2005
PERU,LORETO,MAYNAS,"PERU, LORETO, MAYNAS",PER,1011897,PE-LOR,,2005-01-16,,2005,42,Probable and confirmed,Admin2,Week,MOH-PER-20002023-Y02-00,PAHO,2005
PERU,LORETO,MAYNAS,"PERU, LORETO, MAYNAS",PER,1011897,PE-LOR,,2005-01-23,,2005,40,Probable and confirmed,Admin2,Week,MOH-PER-20002023-Y02-00,PAHO,2005
PERU,LORETO,MAYNAS,"PERU, LORETO, MAYNAS",PER,1011897,PE-LOR,,2005-01-30,2005-05-02,2005,29,Probable and confirmed,Admin2,Week,MOH-PER-20002023-Y02-00,PAHO,2005
PERU,LORETO,MAYNAS,"PERU, LORETO, MAYNAS",PER,1011897,PE-LOR,,2005-02-06,2005-12-02,2005,27,Probable and confirmed,Admin2,Week,MOH-PER-20002023-Y02-00,PAHO,2005
PERU,LORETO,MAYNAS,"PERU, LORETO, MAYNAS",PER,1011897,PE-LOR,,2005-02-13,,2005,30,Probable and confirmed,Admin2,Week,MOH-PER-20002023-Y02-00,PAHO,2005
PERU,LORETO,MAYNAS,"PERU, LORETO, MAYNAS",PER,1011897,PE-LOR,,2005-02-20,,2005,32,Probable and confirmed,Admin2,Week,MOH-PER-20002023-Y02-00,PAHO,2005
PERU,LORETO,MAYNAS,"PERU, LORETO, MAYNAS",PER,1011897,PE-LOR,,2005-02-27,2005-05-03,2005,38,Probable and confirmed,Admin2,Week,MOH-PER-20002023-Y02-00,PAHO,2005
PERU,LORETO,MAYNAS,"PERU, LORETO, MAYNAS",PER,1011897,PE-LOR,,2005-03-06,2005-12-03,2005,38,Probable and confirmed,Admin2,Week,MOH-PER-20002023-Y02-00,PAHO,2005
PERU,LORETO,MAYNAS,"PERU, LORETO, MAYNAS",PER,1011897,PE-LOR,,2005-03-13,,2005,39,Probable and confirmed,Admin2,Week,MOH-PER-20002023-Y02-00,PAHO,2005
PERU,LORETO,MAYNAS,"PERU, LORETO, MAYNAS",PER,1011897,PE-LOR,,2005-03-20,,2005,31,Probable and confirmed,Admin2,Week,MOH-PER-20002023-Y02-00,PAHO,2005
PERU,LORETO,MAYNAS,"PERU, LORETO, MAYNAS",PER,1011897,PE-LOR,,2005-03-27,2005-02-04,2005,31,Probable and confirmed,Admin2,Week,MOH-PER-20002023-Y02-00,PAHO,2005
PERU,LORETO,MAYNAS,"PERU, LORETO, MAYNAS",PER,1011897,PE-LOR,,2005-04-03,2005-09-04,2005,26,Probable and confirmed,Admin2,Week,MOH-PER-20002023-Y02-00,PAHO,2005
PERU,LORETO,MAYNAS,"PERU, LORETO, MAYNAS",PER,1011897,PE-LOR,,2005-04-10,,2005,53,Probable and confirmed,Admin2,Week,MOH-PER-20002023-Y02-00,PAHO,2005
PERU,LORETO,MAYNAS,"PERU, LORETO, MAYNAS",PER,1011897,PE-LOR,,2005-04-17,,2005,41,Probable and confirmed,Admin2,Week,MOH-PER-20002023-Y02-00,PAHO,2005
PERU,LORETO,MAYNAS,"PERU, LORETO, MAYNAS",PER,1011897,PE-LOR,,2005-04-24,,2005,25,Probable and confirmed,Admin2,Week,MOH-PER-20002023-Y02-00,PAHO,2005
PERU,LORETO,MAYNAS,"PERU, LORETO, MAYNAS",PER,1011897,PE-LOR,,2005-05-01,2005-07-05,2005,29,Probable and confirmed,Admin2,Week,MOH-PER-20002023-Y02-00,PAHO,2005
PERU,LORETO,MAYNAS,"PERU, LORETO, MAYNAS",PER,1011897,PE-LOR,,2005-05-08,,2005,35,Probable and confirmed,Admin2,Week,MOH-PER-20002023-Y02-00,PAHO,2005
PERU,LORETO,MAYNAS,"PERU, LORETO, MAYNAS",PER,1011897,PE-LOR,,2005-05-15,,2005,30,Probable and confirmed,Admin2,Week,MOH-PER-20002023-Y02-00,PAHO,2005
PERU,LORETO,MAYNAS,"PERU, LORETO, MAYNAS",PER,1011897,PE-LOR,,2005-05-22,,2005,9,Probable and confirmed,Admin2,Week,MOH-PER-20002023-Y02-00,PAHO,2005
PERU,LORETO,MAYNAS,"PERU, LORETO, MAYNAS",PER,1011897,PE-LOR,,2005-05-29,2005-04-06,2005,16,Probable and confirmed,Admin2,Week,MOH-PER-20002023-Y02-00,PAHO,2005
PERU,LORETO,MAYNAS,"PERU, LORETO, MAYNAS",PER,1011897,PE-LOR,,2005-06-05,2005-11-06,2005,29,Probable and confirmed,Admin2,Week,MOH-PER-20002023-Y02-00,PAHO,2005
PERU,LORETO,MAYNAS,"PERU, LORETO, MAYNAS",PER,1011897,PE-LOR,,2005-06-12,,2005,29,Probable and confirmed,Admin2,Week,MOH-PER-20002023-Y02-00,PAHO,2005
PERU,LORETO,MAYNAS,"PERU, LORETO, MAYNAS",PER,1011897,PE-LOR,,2005-06-19,,2005,25,Probable and confirmed,Admin2,Week,MOH-PER-20002023-Y02-00,PAHO,2005
PERU,LORETO,MAYNAS,"PERU, LORETO, MAYNAS",PER,1011897,PE-LOR,,2005-06-26,2005-02-07,2005,30,Probable and confirmed,Admin2,Week,MOH-PER-20002023-Y02-00,PAHO,2005
PERU,LORETO,MAYNAS,"PERU, LORETO, MAYNAS",PER,1011897,PE-LOR,,2005-07-03,2005-09-07,2005,49,Probable and confirmed,Admin2,Week,MOH-PER-20002023-Y02-00,PAHO,2005
PERU,LORETO,MAYNAS,"PERU, LORETO, MAYNAS",PER,1011897,PE-LOR,,2005-07-10,,2005,37,Probable and confirmed,Admin2,Week,MOH-PER-20002023-Y02-00,PAHO,2005
PERU,LORETO,MAYNAS,"PERU, LORETO, MAYNAS",PER,1011897,PE-LOR,,2005-07-17,,2005,17,Probable and confirmed,Admin2,Week,MOH-PER-20002023-Y02-00,PAHO,2005
PERU,LORETO,MAYNAS,"PERU, LORETO, MAYNAS",PER,1011897,PE-LOR,,2005-07-24,,2005,19,Probable and confirmed,Admin2,Week,MOH-PER-20002023-Y02-00,PAHO,2005
PERU,LORETO,MAYNAS,"PERU, LORETO, MAYNAS",PER,1011897,PE-LOR,,2005-07-31,2005-06-08,2005,28,Probable and confirmed,Admin2,Week,MOH-PER-20002023-Y02-00,PAHO,2005
PERU,LORETO,MAYNAS,"PERU, LORETO, MAYNAS",PER,1011897,PE-LOR,,2005-08-07,,2005,20,Probable and confirmed,Admin2,Week,MOH-PER-20002023-Y02-00,PAHO,2005
PERU,LORETO,MAYNAS,"PERU, LORETO, MAYNAS",PER,1011897,PE-LOR,,2005-08-14,,2005,21,Probable and confirmed,Admin2,Week,MOH-PER-20002023-Y02-00,PAHO,2005
PERU,LORETO,MAYNAS,"PERU, LORETO, MAYNAS",PER,1011897,PE-LOR,,2005-08-21,,2005,19,Probable and confirmed,Admin2,Week,MOH-PER-20002023-Y02-00,PAHO,2005
PERU,LORETO,MAYNAS,"PERU, LORETO, MAYNAS",PER,1011897,PE-LOR,,2005-08-28,2005-03-09,2005,7,Probable and confirmed,Admin2,Week,MOH-PER-20002023-Y02-00,PAHO,2005
PERU,LORETO,MAYNAS,"PERU, LORETO, MAYNAS",PER,1011897,PE-LOR,,2005-09-04,2005-10-09,2005,6,Probable and confirmed,Admin2,Week,MOH-PER-20002023-Y02-00,PAHO,2005
PERU,LORETO,MAYNAS,"PERU, LORETO, MAYNAS",PER,1011897,PE-LOR,,2005-09-11,,2005,11,Probable and confirmed,Admin2,Week,MOH-PER-20002023-Y02-00,PAHO,2005
PERU,LORETO,MAYNAS,"PERU, LORETO, MAYNAS",PER,1011897,PE-LOR,,2005-09-18,,2005,5,Probable and confirmed,Admin2,Week,MOH-PER-20002023-Y02-00,PAHO,2005
PERU,LORETO,MAYNAS,"PERU, LORETO, MAYNAS",PER,1011897,PE-LOR,,2005-09-25,2005-01-10,2005,9,Probable and confirmed,Admin2,Week,MOH-PER-20002023-Y02-00,PAHO,2005
PERU,LORETO,MAYNAS,"PERU, LORETO, MAYNAS",PER,1011897,PE-LOR,,2005-10-02,2005-08-10,2005,18,Probable and confirmed,Admin2,Week,MOH-PER-20002023-Y02-00,PAHO,2005
PERU,LORETO,MAYNAS,"PERU, LORETO, MAYNAS",PER,1011897,PE-LOR,,2005-10-09,,2005,48,Probable and confirmed,Admin2,Week,MOH-PER-20002023-Y02-00,PAHO,2005
PERU,LORETO,MAYNAS,"PERU, LORETO, MAYNAS",PER,1011897,PE-LOR,,2005-10-16,,2005,45,Probable and confirmed,Admin2,Week,MOH-PER-20002023-Y02-00,PAHO,2005
PERU,LORETO,MAYNAS,"PERU, LORETO, MAYNAS",PER,1011897,PE-LOR,,2005-10-23,,2005,28,Probable and confirmed,Admin2,Week,MOH-PER-20002023-Y02-00,PAHO,2005
PERU,LORETO,MAYNAS,"PERU, LORETO, MAYNAS",PER,1011897,PE-LOR,,2005-10-30,2005-05-11,2005,59,Probable and confirmed,Admin2,Week,MOH-PER-20002023-Y02-00,PAHO,2005
PERU,LORETO,MAYNAS,"PERU, LORETO, MAYNAS",PER,1011897,PE-LOR,,2005-11-06,2005-12-11,2005,32,Probable and confirmed,Admin2,Week,MOH-PER-20002023-Y02-00,PAHO,2005
PERU,LORETO,MAYNAS,"PERU, LORETO, MAYNAS",PER,1011897,PE-LOR,,2005-11-13,,2005,64,Probable and confirmed,Admin2,Week,MOH-PER-20002023-Y02-00,PAHO,2005
PERU,LORETO,MAYNAS,"PERU, LORETO, MAYNAS",PER,1011897,PE-LOR,,2005-11-20,,2005,43,Probable and confirmed,Admin2,Week,MOH-PER-20002023-Y02-00,PAHO,2005
PERU,LORETO,MAYNAS,"PERU, LORETO, MAYNAS",PER,1011897,PE-LOR,,2005-11-27,2005-03-12,2005,36,Probable and confirmed,Admin2,Week,MOH-PER-20002023-Y02-00,PAHO,2005
PERU,LORETO,MAYNAS,"PERU, LORETO, MAYNAS",PER,1011897,PE-LOR,,2005-12-04,2005-10-12,2005,37,Probable and confirmed,Admin2,Week,MOH-PER-20002023-Y02-00,PAHO,2005
PERU,LORETO,MAYNAS,"PERU, LORETO, MAYNAS",PER,1011897,PE-LOR,,2005-12-11,,2005,38,Probable and confirmed,Admin2,Week,MOH-PER-20002023-Y02-00,PAHO,2005
PERU,LORETO,MAYNAS,"PERU, LORETO, MAYNAS",PER,1011897,PE-LOR,,2005-12-18,,2005,14,Probable and confirmed,Admin2,Week,MOH-PER-20002023-Y02-00,PAHO,2005
PERU,LORETO,MAYNAS,"PERU, LORETO, MAYNAS",PER,1011897,PE-LOR,,2005-12-25,,2005,16,Probable and confirmed,Admin2,Week,MOH-PER-20002023-Y02-00,PAHO,2005
PERU,LORETO,MAYNAS,"PERU, LORETO, MAYNAS",PER,1011897,PE-LOR,,2006-01-01,2006-07-01,2006,46,Probable and confirmed,Admin2,Week,MOH-PER-20002023-Y02-00,PAHO,2006
PERU,LORETO,MAYNAS,"PERU, LORETO, MAYNAS",PER,1011897,PE-LOR,,2006-01-08,,2006,49,Probable and confirmed,Admin2,Week,MOH-PER-20002023-Y02-00,PAHO,2006
PERU,LORETO,MAYNAS,"PERU, LORETO, MAYNAS",PER,1011897,PE-LOR,,2006-01-15,,2006,50,Probable and confirmed,Admin2,Week,MOH-PER-20002023-Y02-00,PAHO,2006
PERU,LORETO,MAYNAS,"PERU, LORETO, MAYNAS",PER,1011897,PE-LOR,,2006-01-22,,2006,79,Probable and confirmed,Admin2,Week,MOH-PER-20002023-Y02-00,PAHO,2006
PERU,LORETO,MAYNAS,"PERU, LORETO, MAYNAS",PER,1011897,PE-LOR,,2006-01-29,2006-04-02,2006,111,Probable and confirmed,Admin2,Week,MOH-PER-20002023-Y02-00,PAHO,2006
PERU,LORETO,MAYNAS,"PERU, LORETO, MAYNAS",PER,1011897,PE-LOR,,2006-02-05,2006-11-02,2006,114,Probable and confirmed,Admin2,Week,MOH-PER-20002023-Y02-00,PAHO,2006
PERU,LORETO,MAYNAS,"PERU, LORETO, MAYNAS",PER,1011897,PE-LOR,,2006-02-12,,2006,117,Probable and confirmed,Admin2,Week,MOH-PER-20002023-Y02-00,PAHO,2006
PERU,LORETO,MAYNAS,"PERU, LORETO, MAYNAS",PER,1011897,PE-LOR,,2006-02-19,,2006,92,Probable and confirmed,Admin2,Week,MOH-PER-20002023-Y02-00,PAHO,2006
PERU,LORETO,MAYNAS,"PERU, LORETO, MAYNAS",PER,1011897,PE-LOR,,2006-02-26,2006-04-03,2006,98,Probable and confirmed,Admin2,Week,MOH-PER-20002023-Y02-00,PAHO,2006
PERU,LORETO,MAYNAS,"PERU, LORETO, MAYNAS",PER,1011897,PE-LOR,,2006-03-05,2006-11-03,2006,91,Probable and confirmed,Admin2,Week,MOH-PER-20002023-Y02-00,PAHO,2006
PERU,LORETO,MAYNAS,"PERU, LORETO, MAYNAS",PER,1011897,PE-LOR,,2006-03-12,,2006,67,Probable and confirmed,Admin2,Week,MOH-PER-20002023-Y02-00,PAHO,2006
PERU,LORETO,MAYNAS,"PERU, LORETO, MAYNAS",PER,1011897,PE-LOR,,2006-03-19,,2006,55,Probable and confirmed,Admin2,Week,MOH-PER-20002023-Y02-00,PAHO,2006
PERU,LORETO,MAYNAS,"PERU, LORETO, MAYNAS",PER,1011897,PE-LOR,,2006-03-26,2006-01-04,2006,43,Probable and confirmed,Admin2,Week,MOH-PER-20002023-Y02-00,PAHO,2006
PERU,LORETO,MAYNAS,"PERU, LORETO, MAYNAS",PER,1011897,PE-LOR,,2006-04-02,2006-08-04,2006,33,Probable and confirmed,Admin2,Week,MOH-PER-20002023-Y02-00,PAHO,2006
PERU,LORETO,MAYNAS,"PERU, LORETO, MAYNAS",PER,1011897,PE-LOR,,2006-04-09,,2006,17,Probable and confirmed,Admin2,Week,MOH-PER-20002023-Y02-00,PAHO,2006
PERU,LORETO,MAYNAS,"PERU, LORETO, MAYNAS",PER,1011897,PE-LOR,,2006-04-16,,2006,26,Probable and confirmed,Admin2,Week,MOH-PER-20002023-Y02-00,PAHO,2006
PERU,LORETO,MAYNAS,"PERU, LORETO, MAYNAS",PER,1011897,PE-LOR,,2006-04-23,,2006,19,Probable and confirmed,Admin2,Week,MOH-PER-20002023-Y02-00,PAHO,2006
PERU,LORETO,MAYNAS,"PERU, LORETO, MAYNAS",PER,1011897,PE-LOR,,2006-04-30,2006-06-05,2006,25,Probable and confirmed,Admin2,Week,MOH-PER-20002023-Y02-00,PAHO,2006
PERU,LORETO,MAYNAS,"PERU, LORETO, MAYNAS",PER,1011897,PE-LOR,,2006-05-07,,2006,19,Probable and confirmed,Admin2,Week,MOH-PER-20002023-Y02-00,PAHO,2006
PERU,LORETO,MAYNAS,"PERU, LORETO, MAYNAS",PER,1011897,PE-LOR,,2006-05-14,,2006,13,Probable and confirmed,Admin2,Week,MOH-PER-20002023-Y02-00,PAHO,2006
PERU,LORETO,MAYNAS,"PERU, LORETO, MAYNAS",PER,1011897,PE-LOR,,2006-05-21,,2006,21,Probable and confirmed,Admin2,Week,MOH-PER-20002023-Y02-00,PAHO,2006
PERU,LORETO,MAYNAS,"PERU, LORETO, MAYNAS",PER,1011897,PE-LOR,,2006-05-28,2006-03-06,2006,17,Probable and confirmed,Admin2,Week,MOH-PER-20002023-Y02-00,PAHO,2006
PERU,LORETO,MAYNAS,"PERU, LORETO, MAYNAS",PER,1011897,PE-LOR,,2006-06-04,2006-10-06,2006,10,Probable and confirmed,Admin2,Week,MOH-PER-20002023-Y02-00,PAHO,2006
PERU,LORETO,MAYNAS,"PERU, LORETO, MAYNAS",PER,1011897,PE-LOR,,2006-06-11,,2006,8,Probable and confirmed,Admin2,Week,MOH-PER-20002023-Y02-00,PAHO,2006
PERU,LORETO,MAYNAS,"PERU, LORETO, MAYNAS",PER,1011897,PE-LOR,,2006-06-18,,2006,3,Probable and confirmed,Admin2,Week,MOH-PER-20002023-Y02-00,PAHO,2006
PERU,LORETO,MAYNAS,"PERU, LORETO, MAYNAS",PER,1011897,PE-LOR,,2006-06-25,2006-01-07,2006,5,Probable and confirmed,Admin2,Week,MOH-PER-20002023-Y02-00,PAHO,2006
PERU,LORETO,MAYNAS,"PERU, LORETO, MAYNAS",PER,1011897,PE-LOR,,2006-07-02,2006-08-07,2006,12,Probable and confirmed,Admin2,Week,MOH-PER-20002023-Y02-00,PAHO,2006
PERU,LORETO,MAYNAS,"PERU, LORETO, MAYNAS",PER,1011897,PE-LOR,,2006-07-09,,2006,19,Probable and confirmed,Admin2,Week,MOH-PER-20002023-Y02-00,PAHO,2006
PERU,LORETO,MAYNAS,"PERU, LORETO, MAYNAS",PER,1011897,PE-LOR,,2006-07-16,,2006,14,Probable and confirmed,Admin2,Week,MOH-PER-20002023-Y02-00,PAHO,2006
PERU,LORETO,MAYNAS,"PERU, LORETO, MAYNAS",PER,1011897,PE-LOR,,2006-07-23,,2006,9,Probable and confirmed,Admin2,Week,MOH-PER-20002023-Y02-00,PAHO,2006
PERU,LORETO,MAYNAS,"PERU, LORETO, MAYNAS",PER,1011897,PE-LOR,,2006-07-30,2006-05-08,2006,10,Probable and confirmed,Admin2,Week,MOH-PER-20002023-Y02-00,PAHO,2006
PERU,LORETO,MAYNAS,"PERU, LORETO, MAYNAS",PER,1011897,PE-LOR,,2006-08-06,2006-12-08,2006,19,Probable and confirmed,Admin2,Week,MOH-PER-20002023-Y02-00,PAHO,2006
PERU,LORETO,MAYNAS,"PERU, LORETO, MAYNAS",PER,1011897,PE-LOR,,2006-08-13,,2006,14,Probable and confirmed,Admin2,Week,MOH-PER-20002023-Y02-00,PAHO,2006
PERU,LORETO,MAYNAS,"PERU, LORETO, MAYNAS",PER,1011897,PE-LOR,,2006-08-20,,2006,28,Probable and confirmed,Admin2,Week,MOH-PER-20002023-Y02-00,PAHO,2006
PERU,LORETO,MAYNAS,"PERU, LORETO, MAYNAS",PER,1011897,PE-LOR,,2006-08-27,2006-02-09,2006,6,Probable and confirmed,Admin2,Week,MOH-PER-20002023-Y02-00,PAHO,2006
PERU,LORETO,MAYNAS,"PERU, LORETO, MAYNAS",PER,1011897,PE-LOR,,2006-09-03,2006-09-09,2006,11,Probable and confirmed,Admin2,Week,MOH-PER-20002023-Y02-00,PAHO,2006
PERU,LORETO,MAYNAS,"PERU, LORETO, MAYNAS",PER,1011897,PE-LOR,,2006-09-10,,2006,12,Probable and confirmed,Admin2,Week,MOH-PER-20002023-Y02-00,PAHO,2006
PERU,LORETO,MAYNAS,"PERU, LORETO, MAYNAS",PER,1011897,PE-LOR,,2006-09-17,,2006,13,Probable and confirmed,Admin2,Week,MOH-PER-20002023-Y02-00,PAHO,2006
PERU,LORETO,MAYNAS,"PERU, LORETO, MAYNAS",PER,1011897,PE-LOR,,2006-09-24,,2006,29,Probable and confirmed,Admin2,Week,MOH-PER-20002023-Y02-00,PAHO,2006
PERU,LORETO,MAYNAS,"PERU, LORETO, MAYNAS",PER,1011897,PE-LOR,,2006-10-01,2006-07-10,2006,13,Probable and confirmed,Admin2,Week,MOH-PER-20002023-Y02-00,PAHO,2006
PERU,LORETO,MAYNAS,"PERU, LORETO, MAYNAS",PER,1011897,PE-LOR,,2006-10-08,,2006,26,Probable and confirmed,Admin2,Week,MOH-PER-20002023-Y02-00,PAHO,2006
PERU,LORETO,MAYNAS,"PERU, LORETO, MAYNAS",PER,1011897,PE-LOR,,2006-10-15,,2006,33,Probable and confirmed,Admin2,Week,MOH-PER-20002023-Y02-00,PAHO,2006
PERU,LORETO,MAYNAS,"PERU, LORETO, MAYNAS",PER,1011897,PE-LOR,,2006-10-22,,2006,27,Probable and confirmed,Admin2,Week,MOH-PER-20002023-Y02-00,PAHO,2006
PERU,LORETO,MAYNAS,"PERU, LORETO, MAYNAS",PER,1011897,PE-LOR,,2006-10-29,2006-04-11,2006,15,Probable and confirmed,Admin2,Week,MOH-PER-20002023-Y02-00,PAHO,2006
PERU,LORETO,MAYNAS,"PERU, LORETO, MAYNAS",PER,1011897,PE-LOR,,2006-11-05,2006-11-11,2006,11,Probable and confirmed,Admin2,Week,MOH-PER-20002023-Y02-00,PAHO,2006
PERU,LORETO,MAYNAS,"PERU, LORETO, MAYNAS",PER,1011897,PE-LOR,,2006-11-12,,2006,10,Probable and confirmed,Admin2,Week,MOH-PER-20002023-Y02-00,PAHO,2006
PERU,LORETO,MAYNAS,"PERU, LORETO, MAYNAS",PER,1011897,PE-LOR,,2006-11-19,,2006,17,Probable and confirmed,Admin2,Week,MOH-PER-20002023-Y02-00,PAHO,2006
PERU,LORETO,MAYNAS,"PERU, LORETO, MAYNAS",PER,1011897,PE-LOR,,2006-11-26,2006-02-12,2006,11,Probable and confirmed,Admin2,Week,MOH-PER-20002023-Y02-00,PAHO,2006
PERU,LORETO,MAYNAS,"PERU, LORETO, MAYNAS",PER,1011897,PE-LOR,,2006-12-03,2006-09-12,2006,5,Probable and confirmed,Admin2,Week,MOH-PER-20002023-Y02-00,PAHO,2006
PERU,LORETO,MAYNAS,"PERU, LORETO, MAYNAS",PER,1011897,PE-LOR,,2006-12-10,,2006,11,Probable and confirmed,Admin2,Week,MOH-PER-20002023-Y02-00,PAHO,2006
PERU,LORETO,MAYNAS,"PERU, LORETO, MAYNAS",PER,1011897,PE-LOR,,2006-12-17,,2006,3,Probable and confirmed,Admin2,Week,MOH-PER-20002023-Y02-00,PAHO,2006
PERU,LORETO,MAYNAS,"PERU, LORETO, MAYNAS",PER,1011897,PE-LOR,,2006-12-24,,2006,2,Probable and confirmed,Admin2,Week,MOH-PER-20002023-Y02-00,PAHO,2006
PERU,LORETO,MAYNAS,"PERU, LORETO, MAYNAS",PER,1011897,PE-LOR,,2006-12-31,2007-06-01,2006,30,Probable and confirmed,Admin2,Week,MOH-PER-20002023-Y02-00,PAHO,2006
PERU,LORETO,MAYNAS,"PERU, LORETO, MAYNAS",PER,1011897,PE-LOR,,2007-01-07,,2007,30,Probable and confirmed,Admin2,Week,MOH-PER-20002023-Y02-00,PAHO,2007
PERU,LORETO,MAYNAS,"PERU, LORETO, MAYNAS",PER,1011897,PE-LOR,,2007-01-14,,2007,20,Probable and confirmed,Admin2,Week,MOH-PER-20002023-Y02-00,PAHO,2007
PERU,LORETO,MAYNAS,"PERU, LORETO, MAYNAS",PER,1011897,PE-LOR,,2007-01-21,,2007,22,Probable and confirmed,Admin2,Week,MOH-PER-20002023-Y02-00,PAHO,2007
PERU,LORETO,MAYNAS,"PERU, LORETO, MAYNAS",PER,1011897,PE-LOR,,2007-01-28,2007-03-02,2007,17,Probable and confirmed,Admin2,Week,MOH-PER-20002023-Y02-00,PAHO,2007
PERU,LORETO,MAYNAS,"PERU, LORETO, MAYNAS",PER,1011897,PE-LOR,,2007-02-04,2007-10-02,2007,44,Probable and confirmed,Admin2,Week,MOH-PER-20002023-Y02-00,PAHO,2007
PERU,LORETO,MAYNAS,"PERU, LORETO, MAYNAS",PER,1011897,PE-LOR,,2007-02-11,,2007,46,Probable and confirmed,Admin2,Week,MOH-PER-20002023-Y02-00,PAHO,2007
PERU,LORETO,MAYNAS,"PERU, LORETO, MAYNAS",PER,1011897,PE-LOR,,2007-02-18,,2007,45,Probable and confirmed,Admin2,Week,MOH-PER-20002023-Y02-00,PAHO,2007
PERU,LORETO,MAYNAS,"PERU, LORETO, MAYNAS",PER,1011897,PE-LOR,,2007-02-25,2007-03-03,2007,23,Probable and confirmed,Admin2,Week,MOH-PER-20002023-Y02-00,PAHO,2007
PERU,LORETO,MAYNAS,"PERU, LORETO, MAYNAS",PER,1011897,PE-LOR,,2007-03-04,2007-10-03,2007,30,Probable and confirmed,Admin2,Week,MOH-PER-20002023-Y02-00,PAHO,2007
PERU,LORETO,MAYNAS,"PERU, LORETO, MAYNAS",PER,1011897,PE-LOR,,2007-03-11,,2007,35,Probable and confirmed,Admin2,Week,MOH-PER-20002023-Y02-00,PAHO,2007
PERU,LORETO,MAYNAS,"PERU, LORETO, MAYNAS",PER,1011897,PE-LOR,,2007-03-18,,2007,48,Probable and confirmed,Admin2,Week,MOH-PER-20002023-Y02-00,PAHO,2007
PERU,LORETO,MAYNAS,"PERU, LORETO, MAYNAS",PER,1011897,PE-LOR,,2007-03-25,,2007,27,Probable and confirmed,Admin2,Week,MOH-PER-20002023-Y02-00,PAHO,2007
PERU,LORETO,MAYNAS,"PERU, LORETO, MAYNAS",PER,1011897,PE-LOR,,2007-04-01,2007-07-04,2007,19,Probable and confirmed,Admin2,Week,MOH-PER-20002023-Y02-00,PAHO,2007
PERU,LORETO,MAYNAS,"PERU, LORETO, MAYNAS",PER,1011897,PE-LOR,,2007-04-08,,2007,21,Probable and confirmed,Admin2,Week,MOH-PER-20002023-Y02-00,PAHO,2007
PERU,LORETO,MAYNAS,"PERU, LORETO, MAYNAS",PER,1011897,PE-LOR,,2007-04-15,,2007,15,Probable and confirmed,Admin2,Week,MOH-PER-20002023-Y02-00,PAHO,2007
PERU,LORETO,MAYNAS,"PERU, LORETO, MAYNAS",PER,1011897,PE-LOR,,2007-04-22,,2007,13,Probable and confirmed,Admin2,Week,MOH-PER-20002023-Y02-00,PAHO,2007
PERU,LORETO,MAYNAS,"PERU, LORETO, MAYNAS",PER,1011897,PE-LOR,,2007-04-29,2007-05-05,2007,20,Probable and confirmed,Admin2,Week,MOH-PER-20002023-Y02-00,PAHO,2007
PERU,LORETO,MAYNAS,"PERU, LORETO, MAYNAS",PER,1011897,PE-LOR,,2007-05-06,2007-12-05,2007,28,Probable and confirmed,Admin2,Week,MOH-PER-20002023-Y02-00,PAHO,2007
PERU,LORETO,MAYNAS,"PERU, LORETO, MAYNAS",PER,1011897,PE-LOR,,2007-05-13,,2007,31,Probable and confirmed,Admin2,Week,MOH-PER-20002023-Y02-00,PAHO,2007
PERU,LORETO,MAYNAS,"PERU, LORETO, MAYNAS",PER,1011897,PE-LOR,,2007-05-20,,2007,15,Probable and confirmed,Admin2,Week,MOH-PER-20002023-Y02-00,PAHO,2007
PERU,LORETO,MAYNAS,"PERU, LORETO, MAYNAS",PER,1011897,PE-LOR,,2007-05-27,2007-02-06,2007,20,Probable and confirmed,Admin2,Week,MOH-PER-20002023-Y02-00,PAHO,2007
PERU,LORETO,MAYNAS,"PERU, LORETO, MAYNAS",PER,1011897,PE-LOR,,2007-06-03,2007-09-06,2007,21,Probable and confirmed,Admin2,Week,MOH-PER-20002023-Y02-00,PAHO,2007
PERU,LORETO,MAYNAS,"PERU, LORETO, MAYNAS",PER,1011897,PE-LOR,,2007-06-10,,2007,13,Probable and confirmed,Admin2,Week,MOH-PER-20002023-Y02-00,PAHO,2007
PERU,LORETO,MAYNAS,"PERU, LORETO, MAYNAS",PER,1011897,PE-LOR,,2007-06-17,,2007,8,Probable and confirmed,Admin2,Week,MOH-PER-20002023-Y02-00,PAHO,2007
PERU,LORETO,MAYNAS,"PERU, LORETO, MAYNAS",PER,1011897,PE-LOR,,2007-06-24,,2007,5,Probable and confirmed,Admin2,Week,MOH-PER-20002023-Y02-00,PAHO,2007
PERU,LORETO,MAYNAS,"PERU, LORETO, MAYNAS",PER,1011897,PE-LOR,,2007-07-01,2007-07-07,2007,10,Probable and confirmed,Admin2,Week,MOH-PER-20002023-Y02-00,PAHO,2007
PERU,LORETO,MAYNAS,"PERU, LORETO, MAYNAS",PER,1011897,PE-LOR,,2007-07-08,,2007,11,Probable and confirmed,Admin2,Week,MOH-PER-20002023-Y02-00,PAHO,2007
PERU,LORETO,MAYNAS,"PERU, LORETO, MAYNAS",PER,1011897,PE-LOR,,2007-07-15,,2007,8,Probable and confirmed,Admin2,Week,MOH-PER-20002023-Y02-00,PAHO,2007
PERU,LORETO,MAYNAS,"PERU, LORETO, MAYNAS",PER,1011897,PE-LOR,,2007-07-22,,2007,6,Probable and confirmed,Admin2,Week,MOH-PER-20002023-Y02-00,PAHO,2007
PERU,LORETO,MAYNAS,"PERU, LORETO, MAYNAS",PER,1011897,PE-LOR,,2007-07-29,2007-04-08,2007,24,Probable and confirmed,Admin2,Week,MOH-PER-20002023-Y02-00,PAHO,2007
PERU,LORETO,MAYNAS,"PERU, LORETO, MAYNAS",PER,1011897,PE-LOR,,2007-08-05,2007-11-08,2007,9,Probable and confirmed,Admin2,Week,MOH-PER-20002023-Y02-00,PAHO,2007
PERU,LORETO,MAYNAS,"PERU, LORETO, MAYNAS",PER,1011897,PE-LOR,,2007-08-12,,2007,14,Probable and confirmed,Admin2,Week,MOH-PER-20002023-Y02-00,PAHO,2007
PERU,LORETO,MAYNAS,"PERU, LORETO, MAYNAS",PER,1011897,PE-LOR,,2007-08-19,,2007,14,Probable and confirmed,Admin2,Week,MOH-PER-20002023-Y02-00,PAHO,2007
PERU,LORETO,MAYNAS,"PERU, LORETO, MAYNAS",PER,1011897,PE-LOR,,2007-08-26,2007-01-09,2007,8,Probable and confirmed,Admin2,Week,MOH-PER-20002023-Y02-00,PAHO,2007
PERU,LORETO,MAYNAS,"PERU, LORETO, MAYNAS",PER,1011897,PE-LOR,,2007-09-02,2007-08-09,2007,17,Probable and confirmed,Admin2,Week,MOH-PER-20002023-Y02-00,PAHO,2007
PERU,LORETO,MAYNAS,"PERU, LORETO, MAYNAS",PER,1011897,PE-LOR,,2007-09-09,,2007,8,Probable and confirmed,Admin2,Week,MOH-PER-20002023-Y02-00,PAHO,2007
PERU,LORETO,MAYNAS,"PERU, LORETO, MAYNAS",PER,1011897,PE-LOR,,2007-09-16,,2007,15,Probable and confirmed,Admin2,Week,MOH-PER-20002023-Y02-00,PAHO,2007
PERU,LORETO,MAYNAS,"PERU, LORETO, MAYNAS",PER,1011897,PE-LOR,,2007-09-23,,2007,15,Probable and confirmed,Admin2,Week,MOH-PER-20002023-Y02-00,PAHO,2007
PERU,LORETO,MAYNAS,"PERU, LORETO, MAYNAS",PER,1011897,PE-LOR,,2007-09-30,2007-06-10,2007,14,Probable and confirmed,Admin2,Week,MOH-PER-20002023-Y02-00,PAHO,2007
PERU,LORETO,MAYNAS,"PERU, LORETO, MAYNAS",PER,1011897,PE-LOR,,2007-10-07,,2007,32,Probable and confirmed,Admin2,Week,MOH-PER-20002023-Y02-00,PAHO,2007
PERU,LORETO,MAYNAS,"PERU, LORETO, MAYNAS",PER,1011897,PE-LOR,,2007-10-14,,2007,16,Probable and confirmed,Admin2,Week,MOH-PER-20002023-Y02-00,PAHO,2007
PERU,LORETO,MAYNAS,"PERU, LORETO, MAYNAS",PER,1011897,PE-LOR,,2007-10-21,,2007,22,Probable and confirmed,Admin2,Week,MOH-PER-20002023-Y02-00,PAHO,2007
PERU,LORETO,MAYNAS,"PERU, LORETO, MAYNAS",PER,1011897,PE-LOR,,2007-10-28,2007-03-11,2007,8,Probable and confirmed,Admin2,Week,MOH-PER-20002023-Y02-00,PAHO,2007
PERU,LORETO,MAYNAS,"PERU, LORETO, MAYNAS",PER,1011897,PE-LOR,,2007-11-04,2007-10-11,2007,15,Probable and confirmed,Admin2,Week,MOH-PER-20002023-Y02-00,PAHO,2007
PERU,LORETO,MAYNAS,"PERU, LORETO, MAYNAS",PER,1011897,PE-LOR,,2007-11-11,,2007,4,Probable and confirmed,Admin2,Week,MOH-PER-20002023-Y02-00,PAHO,2007
PERU,LORETO,MAYNAS,"PERU, LORETO, MAYNAS",PER,1011897,PE-LOR,,2007-11-18,,2007,13,Probable and confirmed,Admin2,Week,MOH-PER-20002023-Y02-00,PAHO,2007
PERU,LORETO,MAYNAS,"PERU, LORETO, MAYNAS",PER,1011897,PE-LOR,,2007-11-25,2007-01-12,2007,23,Probable and confirmed,Admin2,Week,MOH-PER-20002023-Y02-00,PAHO,2007
PERU,LORETO,MAYNAS,"PERU, LORETO, MAYNAS",PER,1011897,PE-LOR,,2007-12-02,2007-08-12,2007,42,Probable and confirmed,Admin2,Week,MOH-PER-20002023-Y02-00,PAHO,2007
PERU,LORETO,MAYNAS,"PERU, LORETO, MAYNAS",PER,1011897,PE-LOR,,2007-12-09,,2007,49,Probable and confirmed,Admin2,Week,MOH-PER-20002023-Y02-00,PAHO,2007
PERU,LORETO,MAYNAS,"PERU, LORETO, MAYNAS",PER,1011897,PE-LOR,,2007-12-16,,2007,44,Probable and confirmed,Admin2,Week,MOH-PER-20002023-Y02-00,PAHO,2007
PERU,LORETO,MAYNAS,"PERU, LORETO, MAYNAS",PER,1011897,PE-LOR,,2007-12-23,,2007,41,Probable and confirmed,Admin2,Week,MOH-PER-20002023-Y02-00,PAHO,2007
PERU,LORETO,MAYNAS,"PERU, LORETO, MAYNAS",PER,1011897,PE-LOR,,2007-12-30,2008-05-01,2007,88,Probable and confirmed,Admin2,Week,MOH-PER-20002023-Y02-00,PAHO,2007
PERU,LORETO,MAYNAS,"PERU, LORETO, MAYNAS",PER,1011897,PE-LOR,,2008-01-06,2008-12-01,2008,119,Probable and confirmed,Admin2,Week,MOH-PER-20002023-Y02-00,PAHO,2008
PERU,LORETO,MAYNAS,"PERU, LORETO, MAYNAS",PER,1011897,PE-LOR,,2008-01-13,,2008,116,Probable and confirmed,Admin2,Week,MOH-PER-20002023-Y02-00,PAHO,2008
PERU,LORETO,MAYNAS,"PERU, LORETO, MAYNAS",PER,1011897,PE-LOR,,2008-01-20,,2008,162,Probable and confirmed,Admin2,Week,MOH-PER-20002023-Y02-00,PAHO,2008
PERU,LORETO,MAYNAS,"PERU, LORETO, MAYNAS",PER,1011897,PE-LOR,,2008-01-27,2008-02-02,2008,178,Probable and confirmed,Admin2,Week,MOH-PER-20002023-Y02-00,PAHO,2008
PERU,LORETO,MAYNAS,"PERU, LORETO, MAYNAS",PER,1011897,PE-LOR,,2008-02-03,2008-09-02,2008,151,Probable and confirmed,Admin2,Week,MOH-PER-20002023-Y02-00,PAHO,2008
PERU,LORETO,MAYNAS,"PERU, LORETO, MAYNAS",PER,1011897,PE-LOR,,2008-02-10,,2008,205,Probable and confirmed,Admin2,Week,MOH-PER-20002023-Y02-00,PAHO,2008
PERU,LORETO,MAYNAS,"PERU, LORETO, MAYNAS",PER,1011897,PE-LOR,,2008-02-17,,2008,264,Probable and confirmed,Admin2,Week,MOH-PER-20002023-Y02-00,PAHO,2008
PERU,LORETO,MAYNAS,"PERU, LORETO, MAYNAS",PER,1011897,PE-LOR,,2008-02-24,2008-01-03,2008,330,Probable and confirmed,Admin2,Week,MOH-PER-20002023-Y02-00,PAHO,2008
PERU,LORETO,MAYNAS,"PERU, LORETO, MAYNAS",PER,1011897,PE-LOR,,2008-03-02,2008-08-03,2008,240,Probable and confirmed,Admin2,Week,MOH-PER-20002023-Y02-00,PAHO,2008
PERU,LORETO,MAYNAS,"PERU, LORETO, MAYNAS",PER,1011897,PE-LOR,,2008-03-09,,2008,157,Probable and confirmed,Admin2,Week,MOH-PER-20002023-Y02-00,PAHO,2008
PERU,LORETO,MAYNAS,"PERU, LORETO, MAYNAS",PER,1011897,PE-LOR,,2008-03-16,,2008,57,Probable and confirmed,Admin2,Week,MOH-PER-20002023-Y02-00,PAHO,2008
PERU,LORETO,MAYNAS,"PERU, LORETO, MAYNAS",PER,1011897,PE-LOR,,2008-03-23,,2008,83,Probable and confirmed,Admin2,Week,MOH-PER-20002023-Y02-00,PAHO,2008
PERU,LORETO,MAYNAS,"PERU, LORETO, MAYNAS",PER,1011897,PE-LOR,,2008-03-30,2008-05-04,2008,79,Probable and confirmed,Admin2,Week,MOH-PER-20002023-Y02-00,PAHO,2008
PERU,LORETO,MAYNAS,"PERU, LORETO, MAYNAS",PER,1011897,PE-LOR,,2008-04-06,2008-12-04,2008,61,Probable and confirmed,Admin2,Week,MOH-PER-20002023-Y02-00,PAHO,2008
PERU,LORETO,MAYNAS,"PERU, LORETO, MAYNAS",PER,1011897,PE-LOR,,2008-04-13,,2008,54,Probable and confirmed,Admin2,Week,MOH-PER-20002023-Y02-00,PAHO,2008
PERU,LORETO,MAYNAS,"PERU, LORETO, MAYNAS",PER,1011897,PE-LOR,,2008-04-20,,2008,42,Probable and confirmed,Admin2,Week,MOH-PER-20002023-Y02-00,PAHO,2008
PERU,LORETO,MAYNAS,"PERU, LORETO, MAYNAS",PER,1011897,PE-LOR,,2008-04-27,2008-03-05,2008,18,Probable and confirmed,Admin2,Week,MOH-PER-20002023-Y02-00,PAHO,2008
PERU,LORETO,MAYNAS,"PERU, LORETO, MAYNAS",PER,1011897,PE-LOR,,2008-05-04,2008-10-05,2008,25,Probable and confirmed,Admin2,Week,MOH-PER-20002023-Y02-00,PAHO,2008
PERU,LORETO,MAYNAS,"PERU, LORETO, MAYNAS",PER,1011897,PE-LOR,,2008-05-11,,2008,6,Probable and confirmed,Admin2,Week,MOH-PER-20002023-Y02-00,PAHO,2008
PERU,LORETO,MAYNAS,"PERU, LORETO, MAYNAS",PER,1011897,PE-LOR,,2008-05-18,,2008,5,Probable and confirmed,Admin2,Week,MOH-PER-20002023-Y02-00,PAHO,2008
PERU,LORETO,MAYNAS,"PERU, LORETO, MAYNAS",PER,1011897,PE-LOR,,2008-05-25,,2008,7,Probable and confirmed,Admin2,Week,MOH-PER-20002023-Y02-00,PAHO,2008
PERU,LORETO,MAYNAS,"PERU, LORETO, MAYNAS",PER,1011897,PE-LOR,,2008-06-01,2008-07-06,2008,7,Probable and confirmed,Admin2,Week,MOH-PER-20002023-Y02-00,PAHO,2008
PERU,LORETO,MAYNAS,"PERU, LORETO, MAYNAS",PER,1011897,PE-LOR,,2008-06-08,,2008,3,Probable and confirmed,Admin2,Week,MOH-PER-20002023-Y02-00,PAHO,2008
PERU,LORETO,MAYNAS,"PERU, LORETO, MAYNAS",PER,1011897,PE-LOR,,2008-06-15,,2008,1,Probable and confirmed,Admin2,Week,MOH-PER-20002023-Y02-00,PAHO,2008
PERU,LORETO,MAYNAS,"PERU, LORETO, MAYNAS",PER,1011897,PE-LOR,,2008-06-22,,2008,6,Probable and confirmed,Admin2,Week,MOH-PER-20002023-Y02-00,PAHO,2008
PERU,LORETO,MAYNAS,"PERU, LORETO, MAYNAS",PER,1011897,PE-LOR,,2008-06-29,2008-05-07,2008,9,Probable and confirmed,Admin2,Week,MOH-PER-20002023-Y02-00,PAHO,2008
PERU,LORETO,MAYNAS,"PERU, LORETO, MAYNAS",PER,1011897,PE-LOR,,2008-07-06,2008-12-07,2008,23,Probable and confirmed,Admin2,Week,MOH-PER-20002023-Y02-00,PAHO,2008
PERU,LORETO,MAYNAS,"PERU, LORETO, MAYNAS",PER,1011897,PE-LOR,,2008-07-13,,2008,9,Probable and confirmed,Admin2,Week,MOH-PER-20002023-Y02-00,PAHO,2008
PERU,LORETO,MAYNAS,"PERU, LORETO, MAYNAS",PER,1011897,PE-LOR,,2008-07-20,,2008,19,Probable and confirmed,Admin2,Week,MOH-PER-20002023-Y02-00,PAHO,2008
PERU,LORETO,MAYNAS,"PERU, LORETO, MAYNAS",PER,1011897,PE-LOR,,2008-07-27,2008-02-08,2008,10,Probable and confirmed,Admin2,Week,MOH-PER-20002023-Y02-00,PAHO,2008
PERU,LORETO,MAYNAS,"PERU, LORETO, MAYNAS",PER,1011897,PE-LOR,,2008-08-03,2008-09-08,2008,4,Probable and confirmed,Admin2,Week,MOH-PER-20002023-Y02-00,PAHO,2008
PERU,LORETO,MAYNAS,"PERU, LORETO, MAYNAS",PER,1011897,PE-LOR,,2008-08-10,,2008,5,Probable and confirmed,Admin2,Week,MOH-PER-20002023-Y02-00,PAHO,2008
PERU,LORETO,MAYNAS,"PERU, LORETO, MAYNAS",PER,1011897,PE-LOR,,2008-08-17,,2008,5,Probable and confirmed,Admin2,Week,MOH-PER-20002023-Y02-00,PAHO,2008
PERU,LORETO,MAYNAS,"PERU, LORETO, MAYNAS",PER,1011897,PE-LOR,,2008-08-24,,2008,13,Probable and confirmed,Admin2,Week,MOH-PER-20002023-Y02-00,PAHO,2008
PERU,LORETO,MAYNAS,"PERU, LORETO, MAYNAS",PER,1011897,PE-LOR,,2008-08-31,2008-06-09,2008,18,Probable and confirmed,Admin2,Week,MOH-PER-20002023-Y02-00,PAHO,2008
PERU,LORETO,MAYNAS,"PERU, LORETO, MAYNAS",PER,1011897,PE-LOR,,2008-09-07,,2008,38,Probable and confirmed,Admin2,Week,MOH-PER-20002023-Y02-00,PAHO,2008
PERU,LORETO,MAYNAS,"PERU, LORETO, MAYNAS",PER,1011897,PE-LOR,,2008-09-14,,2008,55,Probable and confirmed,Admin2,Week,MOH-PER-20002023-Y02-00,PAHO,2008
PERU,LORETO,MAYNAS,"PERU, LORETO, MAYNAS",PER,1011897,PE-LOR,,2008-09-21,,2008,74,Probable and confirmed,Admin2,Week,MOH-PER-20002023-Y02-00,PAHO,2008
PERU,LORETO,MAYNAS,"PERU, LORETO, MAYNAS",PER,1011897,PE-LOR,,2008-09-28,2008-04-10,2008,156,Probable and confirmed,Admin2,Week,MOH-PER-20002023-Y02-00,PAHO,2008
PERU,LORETO,MAYNAS,"PERU, LORETO, MAYNAS",PER,1011897,PE-LOR,,2008-10-05,2008-11-10,2008,287,Probable and confirmed,Admin2,Week,MOH-PER-20002023-Y02-00,PAHO,2008
PERU,LORETO,MAYNAS,"PERU, LORETO, MAYNAS",PER,1011897,PE-LOR,,2008-10-12,,2008,366,Probable and confirmed,Admin2,Week,MOH-PER-20002023-Y02-00,PAHO,2008
PERU,LORETO,MAYNAS,"PERU, LORETO, MAYNAS",PER,1011897,PE-LOR,,2008-10-19,,2008,332,Probable and confirmed,Admin2,Week,MOH-PER-20002023-Y02-00,PAHO,2008
PERU,LORETO,MAYNAS,"PERU, LORETO, MAYNAS",PER,1011897,PE-LOR,,2008-10-26,2008-01-11,2008,316,Probable and confirmed,Admin2,Week,MOH-PER-20002023-Y02-00,PAHO,2008
PERU,LORETO,MAYNAS,"PERU, LORETO, MAYNAS",PER,1011897,PE-LOR,,2008-11-02,2008-08-11,2008,402,Probable and confirmed,Admin2,Week,MOH-PER-20002023-Y02-00,PAHO,2008
PERU,LORETO,MAYNAS,"PERU, LORETO, MAYNAS",PER,1011897,PE-LOR,,2008-11-09,,2008,318,Probable and confirmed,Admin2,Week,MOH-PER-20002023-Y02-00,PAHO,2008
PERU,LORETO,MAYNAS,"PERU, LORETO, MAYNAS",PER,1011897,PE-LOR,,2008-11-16,,2008,180,Probable and confirmed,Admin2,Week,MOH-PER-20002023-Y02-00,PAHO,2008
PERU,LORETO,MAYNAS,"PERU, LORETO, MAYNAS",PER,1011897,PE-LOR,,2008-11-23,,2008,246,Probable and confirmed,Admin2,Week,MOH-PER-20002023-Y02-00,PAHO,2008
PERU,LORETO,MAYNAS,"PERU, LORETO, MAYNAS",PER,1011897,PE-LOR,,2008-11-30,2008-06-12,2008,289,Probable and confirmed,Admin2,Week,MOH-PER-20002023-Y02-00,PAHO,2008
PERU,LORETO,MAYNAS,"PERU, LORETO, MAYNAS",PER,1011897,PE-LOR,,2008-12-07,,2008,267,Probable and confirmed,Admin2,Week,MOH-PER-20002023-Y02-00,PAHO,2008
PERU,LORETO,MAYNAS,"PERU, LORETO, MAYNAS",PER,1011897,PE-LOR,,2008-12-14,,2008,257,Probable and confirmed,Admin2,Week,MOH-PER-20002023-Y02-00,PAHO,2008
PERU,LORETO,MAYNAS,"PERU, LORETO, MAYNAS",PER,1011897,PE-LOR,,2008-12-21,,2008,290,Probable and confirmed,Admin2,Week,MOH-PER-20002023-Y02-00,PAHO,2008
PERU,LORETO,MAYNAS,"PERU, LORETO, MAYNAS",PER,1011897,PE-LOR,,2008-12-28,2009-03-01,2008,165,Probable and confirmed,Admin2,Week,MOH-PER-20002023-Y02-00,PAHO,2008
PERU,LORETO,MAYNAS,"PERU, LORETO, MAYNAS",PER,1011897,PE-LOR,,2009-01-04,2009-10-01,2009,222,Probable and confirmed,Admin2,Week,MOH-PER-20002023-Y02-00,PAHO,2009
PERU,LORETO,MAYNAS,"PERU, LORETO, MAYNAS",PER,1011897,PE-LOR,,2009-01-11,,2009,240,Probable and confirmed,Admin2,Week,MOH-PER-20002023-Y02-00,PAHO,2009
PERU,LORETO,MAYNAS,"PERU, LORETO, MAYNAS",PER,1011897,PE-LOR,,2009-01-18,,2009,187,Probable and confirmed,Admin2,Week,MOH-PER-20002023-Y02-00,PAHO,2009
PERU,LORETO,MAYNAS,"PERU, LORETO, MAYNAS",PER,1011897,PE-LOR,,2009-01-25,,2009,213,Probable and confirmed,Admin2,Week,MOH-PER-20002023-Y02-00,PAHO,2009
PERU,LORETO,MAYNAS,"PERU, LORETO, MAYNAS",PER,1011897,PE-LOR,,2009-02-01,2009-07-02,2009,221,Probable and confirmed,Admin2,Week,MOH-PER-20002023-Y02-00,PAHO,2009
PERU,LORETO,MAYNAS,"PERU, LORETO, MAYNAS",PER,1011897,PE-LOR,,2009-02-08,,2009,201,Probable and confirmed,Admin2,Week,MOH-PER-20002023-Y02-00,PAHO,2009
PERU,LORETO,MAYNAS,"PERU, LORETO, MAYNAS",PER,1011897,PE-LOR,,2009-02-15,,2009,137,Probable and confirmed,Admin2,Week,MOH-PER-20002023-Y02-00,PAHO,2009
PERU,LORETO,MAYNAS,"PERU, LORETO, MAYNAS",PER,1011897,PE-LOR,,2009-02-22,,2009,89,Probable and confirmed,Admin2,Week,MOH-PER-20002023-Y02-00,PAHO,2009
PERU,LORETO,MAYNAS,"PERU, LORETO, MAYNAS",PER,1011897,PE-LOR,,2009-03-01,2009-07-03,2009,87,Probable and confirmed,Admin2,Week,MOH-PER-20002023-Y02-00,PAHO,2009
PERU,LORETO,MAYNAS,"PERU, LORETO, MAYNAS",PER,1011897,PE-LOR,,2009-03-08,,2009,110,Probable and confirmed,Admin2,Week,MOH-PER-20002023-Y02-00,PAHO,2009
PERU,LORETO,MAYNAS,"PERU, LORETO, MAYNAS",PER,1011897,PE-LOR,,2009-03-15,,2009,85,Probable and confirmed,Admin2,Week,MOH-PER-20002023-Y02-00,PAHO,2009
PERU,LORETO,MAYNAS,"PERU, LORETO, MAYNAS",PER,1011897,PE-LOR,,2009-03-22,,2009,73,Probable and confirmed,Admin2,Week,MOH-PER-20002023-Y02-00,PAHO,2009
PERU,LORETO,MAYNAS,"PERU, LORETO, MAYNAS",PER,1011897,PE-LOR,,2009-03-29,2009-04-04,2009,87,Probable and confirmed,Admin2,Week,MOH-PER-20002023-Y02-00,PAHO,2009
PERU,LORETO,MAYNAS,"PERU, LORETO, MAYNAS",PER,1011897,PE-LOR,,2009-04-05,2009-11-04,2009,75,Probable and confirmed,Admin2,Week,MOH-PER-20002023-Y02-00,PAHO,2009
PERU,LORETO,MAYNAS,"PERU, LORETO, MAYNAS",PER,1011897,PE-LOR,,2009-04-12,,2009,75,Probable and confirmed,Admin2,Week,MOH-PER-20002023-Y02-00,PAHO,2009
PERU,LORETO,MAYNAS,"PERU, LORETO, MAYNAS",PER,1011897,PE-LOR,,2009-04-19,,2009,90,Probable and confirmed,Admin2,Week,MOH-PER-20002023-Y02-00,PAHO,2009
PERU,LORETO,MAYNAS,"PERU, LORETO, MAYNAS",PER,1011897,PE-LOR,,2009-04-26,2009-02-05,2009,41,Probable and confirmed,Admin2,Week,MOH-PER-20002023-Y02-00,PAHO,2009
PERU,LORETO,MAYNAS,"PERU, LORETO, MAYNAS",PER,1011897,PE-LOR,,2009-05-03,2009-09-05,2009,52,Probable and confirmed,Admin2,Week,MOH-PER-20002023-Y02-00,PAHO,2009
PERU,LORETO,MAYNAS,"PERU, LORETO, MAYNAS",PER,1011897,PE-LOR,,2009-05-10,,2009,41,Probable and confirmed,Admin2,Week,MOH-PER-20002023-Y02-00,PAHO,2009
PERU,LORETO,MAYNAS,"PERU, LORETO, MAYNAS",PER,1011897,PE-LOR,,2009-05-17,,2009,23,Probable and confirmed,Admin2,Week,MOH-PER-20002023-Y02-00,PAHO,2009
PERU,LORETO,MAYNAS,"PERU, LORETO, MAYNAS",PER,1011897,PE-LOR,,2009-05-24,,2009,27,Probable and confirmed,Admin2,Week,MOH-PER-20002023-Y02-00,PAHO,2009
PERU,LORETO,MAYNAS,"PERU, LORETO, MAYNAS",PER,1011897,PE-LOR,,2009-05-31,2009-06-06,2009,33,Probable and confirmed,Admin2,Week,MOH-PER-20002023-Y02-00,PAHO,2009
PERU,LORETO,MAYNAS,"PERU, LORETO, MAYNAS",PER,1011897,PE-LOR,,2009-06-07,,2009,38,Probable and confirmed,Admin2,Week,MOH-PER-20002023-Y02-00,PAHO,2009
PERU,LORETO,MAYNAS,"PERU, LORETO, MAYNAS",PER,1011897,PE-LOR,,2009-06-14,,2009,51,Probable and confirmed,Admin2,Week,MOH-PER-20002023-Y02-00,PAHO,2009
PERU,LORETO,MAYNAS,"PERU, LORETO, MAYNAS",PER,1011897,PE-LOR,,2009-06-21,,2009,44,Probable and confirmed,Admin2,Week,MOH-PER-20002023-Y02-00,PAHO,2009
PERU,LORETO,MAYNAS,"PERU, LORETO, MAYNAS",PER,1011897,PE-LOR,,2009-06-28,2009-04-07,2009,42,Probable and confirmed,Admin2,Week,MOH-PER-20002023-Y02-00,PAHO,2009
PERU,LORETO,MAYNAS,"PERU, LORETO, MAYNAS",PER,1011897,PE-LOR,,2009-07-05,2009-11-07,2009,39,Probable and confirmed,Admin2,Week,MOH-PER-20002023-Y02-00,PAHO,2009
PERU,LORETO,MAYNAS,"PERU, LORETO, MAYNAS",PER,1011897,PE-LOR,,2009-07-12,,2009,26,Probable and confirmed,Admin2,Week,MOH-PER-20002023-Y02-00,PAHO,2009
PERU,LORETO,MAYNAS,"PERU, LORETO, MAYNAS",PER,1011897,PE-LOR,,2009-07-19,,2009,19,Probable and confirmed,Admin2,Week,MOH-PER-20002023-Y02-00,PAHO,2009
PERU,LORETO,MAYNAS,"PERU, LORETO, MAYNAS",PER,1011897,PE-LOR,,2009-07-26,2009-01-08,2009,21,Probable and confirmed,Admin2,Week,MOH-PER-20002023-Y02-00,PAHO,2009
PERU,LORETO,MAYNAS,"PERU, LORETO, MAYNAS",PER,1011897,PE-LOR,,2009-08-02,2009-08-08,2009,23,Probable and confirmed,Admin2,Week,MOH-PER-20002023-Y02-00,PAHO,2009
PERU,LORETO,MAYNAS,"PERU, LORETO, MAYNAS",PER,1011897,PE-LOR,,2009-08-09,,2009,23,Probable and confirmed,Admin2,Week,MOH-PER-20002023-Y02-00,PAHO,2009
PERU,LORETO,MAYNAS,"PERU, LORETO, MAYNAS",PER,1011897,PE-LOR,,2009-08-16,,2009,15,Probable and confirmed,Admin2,Week,MOH-PER-20002023-Y02-00,PAHO,2009
PERU,LORETO,MAYNAS,"PERU, LORETO, MAYNAS",PER,1011897,PE-LOR,,2009-08-23,,2009,16,Probable and confirmed,Admin2,Week,MOH-PER-20002023-Y02-00,PAHO,2009
PERU,LORETO,MAYNAS,"PERU, LORETO, MAYNAS",PER,1011897,PE-LOR,,2009-08-30,2009-05-09,2009,19,Probable and confirmed,Admin2,Week,MOH-PER-20002023-Y02-00,PAHO,2009
PERU,LORETO,MAYNAS,"PERU, LORETO, MAYNAS",PER,1011897,PE-LOR,,2009-09-06,2009-12-09,2009,19,Probable and confirmed,Admin2,Week,MOH-PER-20002023-Y02-00,PAHO,2009
PERU,LORETO,MAYNAS,"PERU, LORETO, MAYNAS",PER,1011897,PE-LOR,,2009-09-13,,2009,28,Probable and confirmed,Admin2,Week,MOH-PER-20002023-Y02-00,PAHO,2009
PERU,LORETO,MAYNAS,"PERU, LORETO, MAYNAS",PER,1011897,PE-LOR,,2009-09-20,,2009,25,Probable and confirmed,Admin2,Week,MOH-PER-20002023-Y02-00,PAHO,2009
PERU,LORETO,MAYNAS,"PERU, LORETO, MAYNAS",PER,1011897,PE-LOR,,2009-09-27,2009-03-10,2009,24,Probable and confirmed,Admin2,Week,MOH-PER-20002023-Y02-00,PAHO,2009
PERU,LORETO,MAYNAS,"PERU, LORETO, MAYNAS",PER,1011897,PE-LOR,,2009-10-04,2009-10-10,2009,14,Probable and confirmed,Admin2,Week,MOH-PER-20002023-Y02-00,PAHO,2009
PERU,LORETO,MAYNAS,"PERU, LORETO, MAYNAS",PER,1011897,PE-LOR,,2009-10-11,,2009,24,Probable and confirmed,Admin2,Week,MOH-PER-20002023-Y02-00,PAHO,2009
PERU,LORETO,MAYNAS,"PERU, LORETO, MAYNAS",PER,1011897,PE-LOR,,2009-10-18,,2009,12,Probable and confirmed,Admin2,Week,MOH-PER-20002023-Y02-00,PAHO,2009
PERU,LORETO,MAYNAS,"PERU, LORETO, MAYNAS",PER,1011897,PE-LOR,,2009-10-25,,2009,50,Probable and confirmed,Admin2,Week,MOH-PER-20002023-Y02-00,PAHO,2009
PERU,LORETO,MAYNAS,"PERU, LORETO, MAYNAS",PER,1011897,PE-LOR,,2009-11-01,2009-07-11,2009,47,Probable and confirmed,Admin2,Week,MOH-PER-20002023-Y02-00,PAHO,2009
PERU,LORETO,MAYNAS,"PERU, LORETO, MAYNAS",PER,1011897,PE-LOR,,2009-11-08,,2009,43,Probable and confirmed,Admin2,Week,MOH-PER-20002023-Y02-00,PAHO,2009
PERU,LORETO,MAYNAS,"PERU, LORETO, MAYNAS",PER,1011897,PE-LOR,,2009-11-15,,2009,66,Probable and confirmed,Admin2,Week,MOH-PER-20002023-Y02-00,PAHO,2009
PERU,LORETO,MAYNAS,"PERU, LORETO, MAYNAS",PER,1011897,PE-LOR,,2009-11-22,,2009,34,Probable and confirmed,Admin2,Week,MOH-PER-20002023-Y02-00,PAHO,2009
PERU,LORETO,MAYNAS,"PERU, LORETO, MAYNAS",PER,1011897,PE-LOR,,2009-11-29,2009-05-12,2009,50,Probable and confirmed,Admin2,Week,MOH-PER-20002023-Y02-00,PAHO,2009
PERU,LORETO,MAYNAS,"PERU, LORETO, MAYNAS",PER,1011897,PE-LOR,,2009-12-06,2009-12-12,2009,30,Probable and confirmed,Admin2,Week,MOH-PER-20002023-Y02-00,PAHO,2009
PERU,LORETO,MAYNAS,"PERU, LORETO, MAYNAS",PER,1011897,PE-LOR,,2009-12-13,,2009,21,Probable and confirmed,Admin2,Week,MOH-PER-20002023-Y02-00,PAHO,2009
PERU,LORETO,MAYNAS,"PERU, LORETO, MAYNAS",PER,1011897,PE-LOR,,2009-12-20,,2009,23,Probable and confirmed,Admin2,Week,MOH-PER-20002023-Y02-00,PAHO,2009
PERU,LORETO,MAYNAS,"PERU, LORETO, MAYNAS",PER,1011897,PE-LOR,,2009-12-27,2010-02-01,2009,31,Probable and confirmed,Admin2,Week,MOH-PER-20002023-Y02-00,PAHO,2009
PERU,LORETO,MAYNAS,"PERU, LORETO, MAYNAS",PER,1011897,PE-LOR,,2010-01-03,2010-09-01,2010,25,Probable and confirmed,Admin2,Week,MOH-PER-20002023-Y02-00,PAHO,2010
PERU,LORETO,MAYNAS,"PERU, LORETO, MAYNAS",PER,1011897,PE-LOR,,2010-01-10,,2010,18,Probable and confirmed,Admin2,Week,MOH-PER-20002023-Y02-00,PAHO,2010
PERU,LORETO,MAYNAS,"PERU, LORETO, MAYNAS",PER,1011897,PE-LOR,,2010-01-17,,2010,15,Probable and confirmed,Admin2,Week,MOH-PER-20002023-Y02-00,PAHO,2010
PERU,LORETO,MAYNAS,"PERU, LORETO, MAYNAS",PER,1011897,PE-LOR,,2010-01-24,,2010,30,Probable and confirmed,Admin2,Week,MOH-PER-20002023-Y02-00,PAHO,2010
PERU,LORETO,MAYNAS,"PERU, LORETO, MAYNAS",PER,1011897,PE-LOR,,2010-01-31,2010-06-02,2010,26,Probable and confirmed,Admin2,Week,MOH-PER-20002023-Y02-00,PAHO,2010
PERU,LORETO,MAYNAS,"PERU, LORETO, MAYNAS",PER,1011897,PE-LOR,,2010-02-07,,2010,29,Probable and confirmed,Admin2,Week,MOH-PER-20002023-Y02-00,PAHO,2010
PERU,LORETO,MAYNAS,"PERU, LORETO, MAYNAS",PER,1011897,PE-LOR,,2010-02-14,,2010,36,Probable and confirmed,Admin2,Week,MOH-PER-20002023-Y02-00,PAHO,2010
PERU,LORETO,MAYNAS,"PERU, LORETO, MAYNAS",PER,1011897,PE-LOR,,2010-02-21,,2010,39,Probable and confirmed,Admin2,Week,MOH-PER-20002023-Y02-00,PAHO,2010
PERU,LORETO,MAYNAS,"PERU, LORETO, MAYNAS",PER,1011897,PE-LOR,,2010-02-28,2010-06-03,2010,18,Probable and confirmed,Admin2,Week,MOH-PER-20002023-Y02-00,PAHO,2010
PERU,LORETO,MAYNAS,"PERU, LORETO, MAYNAS",PER,1011897,PE-LOR,,2010-03-07,,2010,22,Probable and confirmed,Admin2,Week,MOH-PER-20002023-Y02-00,PAHO,2010
PERU,LORETO,MAYNAS,"PERU, LORETO, MAYNAS",PER,1011897,PE-LOR,,2010-03-14,,2010,21,Probable and confirmed,Admin2,Week,MOH-PER-20002023-Y02-00,PAHO,2010
PERU,LORETO,MAYNAS,"PERU, LORETO, MAYNAS",PER,1011897,PE-LOR,,2010-03-21,,2010,9,Probable and confirmed,Admin2,Week,MOH-PER-20002023-Y02-00,PAHO,2010
PERU,LORETO,MAYNAS,"PERU, LORETO, MAYNAS",PER,1011897,PE-LOR,,2010-03-28,2010-03-04,2010,7,Probable and confirmed,Admin2,Week,MOH-PER-20002023-Y02-00,PAHO,2010
PERU,LORETO,MAYNAS,"PERU, LORETO, MAYNAS",PER,1011897,PE-LOR,,2010-04-04,2010-10-04,2010,15,Probable and confirmed,Admin2,Week,MOH-PER-20002023-Y02-00,PAHO,2010
PERU,LORETO,MAYNAS,"PERU, LORETO, MAYNAS",PER,1011897,PE-LOR,,2010-04-11,,2010,16,Probable and confirmed,Admin2,Week,MOH-PER-20002023-Y02-00,PAHO,2010
PERU,LORETO,MAYNAS,"PERU, LORETO, MAYNAS",PER,1011897,PE-LOR,,2010-04-18,,2010,16,Probable and confirmed,Admin2,Week,MOH-PER-20002023-Y02-00,PAHO,2010
PERU,LORETO,MAYNAS,"PERU, LORETO, MAYNAS",PER,1011897,PE-LOR,,2010-04-25,2010-01-05,2010,8,Probable and confirmed,Admin2,Week,MOH-PER-20002023-Y02-00,PAHO,2010
PERU,LORETO,MAYNAS,"PERU, LORETO, MAYNAS",PER,1011897,PE-LOR,,2010-05-02,2010-08-05,2010,12,Probable and confirmed,Admin2,Week,MOH-PER-20002023-Y02-00,PAHO,2010
PERU,LORETO,MAYNAS,"PERU, LORETO, MAYNAS",PER,1011897,PE-LOR,,2010-05-09,,2010,8,Probable and confirmed,Admin2,Week,MOH-PER-20002023-Y02-00,PAHO,2010
PERU,LORETO,MAYNAS,"PERU, LORETO, MAYNAS",PER,1011897,PE-LOR,,2010-05-16,,2010,13,Probable and confirmed,Admin2,Week,MOH-PER-20002023-Y02-00,PAHO,2010
PERU,LORETO,MAYNAS,"PERU, LORETO, MAYNAS",PER,1011897,PE-LOR,,2010-05-23,,2010,9,Probable and confirmed,Admin2,Week,MOH-PER-20002023-Y02-00,PAHO,2010
PERU,LORETO,MAYNAS,"PERU, LORETO, MAYNAS",PER,1011897,PE-LOR,,2010-05-30,2010-05-06,2010,8,Probable and confirmed,Admin2,Week,MOH-PER-20002023-Y02-00,PAHO,2010
PERU,LORETO,MAYNAS,"PERU, LORETO, MAYNAS",PER,1011897,PE-LOR,,2010-06-06,2010-12-06,2010,7,Probable and confirmed,Admin2,Week,MOH-PER-20002023-Y02-00,PAHO,2010
PERU,LORETO,MAYNAS,"PERU, LORETO, MAYNAS",PER,1011897,PE-LOR,,2010-06-13,,2010,5,Probable and confirmed,Admin2,Week,MOH-PER-20002023-Y02-00,PAHO,2010
PERU,LORETO,MAYNAS,"PERU, LORETO, MAYNAS",PER,1011897,PE-LOR,,2010-06-20,,2010,4,Probable and confirmed,Admin2,Week,MOH-PER-20002023-Y02-00,PAHO,2010
PERU,LORETO,MAYNAS,"PERU, LORETO, MAYNAS",PER,1011897,PE-LOR,,2010-06-27,2010-03-07,2010,2,Probable and confirmed,Admin2,Week,MOH-PER-20002023-Y02-00,PAHO,2010
PERU,LORETO,MAYNAS,"PERU, LORETO, MAYNAS",PER,1011897,PE-LOR,,2010-07-04,2010-10-07,2010,5,Probable and confirmed,Admin2,Week,MOH-PER-20002023-Y02-00,PAHO,2010
PERU,LORETO,MAYNAS,"PERU, LORETO, MAYNAS",PER,1011897,PE-LOR,,2010-07-11,,2010,6,Probable and confirmed,Admin2,Week,MOH-PER-20002023-Y02-00,PAHO,2010
PERU,LORETO,MAYNAS,"PERU, LORETO, MAYNAS",PER,1011897,PE-LOR,,2010-07-18,,2010,9,Probable and confirmed,Admin2,Week,MOH-PER-20002023-Y02-00,PAHO,2010
PERU,LORETO,MAYNAS,"PERU, LORETO, MAYNAS",PER,1011897,PE-LOR,,2010-07-25,,2010,2,Probable and confirmed,Admin2,Week,MOH-PER-20002023-Y02-00,PAHO,2010
PERU,LORETO,MAYNAS,"PERU, LORETO, MAYNAS",PER,1011897,PE-LOR,,2010-08-01,2010-07-08,2010,5,Probable and confirmed,Admin2,Week,MOH-PER-20002023-Y02-00,PAHO,2010
PERU,LORETO,MAYNAS,"PERU, LORETO, MAYNAS",PER,1011897,PE-LOR,,2010-08-08,,2010,7,Probable and confirmed,Admin2,Week,MOH-PER-20002023-Y02-00,PAHO,2010
PERU,LORETO,MAYNAS,"PERU, LORETO, MAYNAS",PER,1011897,PE-LOR,,2010-08-15,,2010,3,Probable and confirmed,Admin2,Week,MOH-PER-20002023-Y02-00,PAHO,2010
PERU,LORETO,MAYNAS,"PERU, LORETO, MAYNAS",PER,1011897,PE-LOR,,2010-08-22,,2010,1,Probable and confirmed,Admin2,Week,MOH-PER-20002023-Y02-00,PAHO,2010
PERU,LORETO,MAYNAS,"PERU, LORETO, MAYNAS",PER,1011897,PE-LOR,,2010-08-29,2010-04-09,2010,2,Probable and confirmed,Admin2,Week,MOH-PER-20002023-Y02-00,PAHO,2010
PERU,LORETO,MAYNAS,"PERU, LORETO, MAYNAS",PER,1011897,PE-LOR,,2010-09-05,2010-11-09,2010,4,Probable and confirmed,Admin2,Week,MOH-PER-20002023-Y02-00,PAHO,2010
PERU,LORETO,MAYNAS,"PERU, LORETO, MAYNAS",PER,1011897,PE-LOR,,2010-09-12,,2010,8,Probable and confirmed,Admin2,Week,MOH-PER-20002023-Y02-00,PAHO,2010
PERU,LORETO,MAYNAS,"PERU, LORETO, MAYNAS",PER,1011897,PE-LOR,,2010-09-19,,2010,6,Probable and confirmed,Admin2,Week,MOH-PER-20002023-Y02-00,PAHO,2010
PERU,LORETO,MAYNAS,"PERU, LORETO, MAYNAS",PER,1011897,PE-LOR,,2010-09-26,2010-02-10,2010,6,Probable and confirmed,Admin2,Week,MOH-PER-20002023-Y02-00,PAHO,2010
PERU,LORETO,MAYNAS,"PERU, LORETO, MAYNAS",PER,1011897,PE-LOR,,2010-10-03,2010-09-10,2010,2,Probable and confirmed,Admin2,Week,MOH-PER-20002023-Y02-00,PAHO,2010
PERU,LORETO,MAYNAS,"PERU, LORETO, MAYNAS",PER,1011897,PE-LOR,,2010-10-10,,2010,2,Probable and confirmed,Admin2,Week,MOH-PER-20002023-Y02-00,PAHO,2010
PERU,LORETO,MAYNAS,"PERU, LORETO, MAYNAS",PER,1011897,PE-LOR,,2010-10-17,,2010,5,Probable and confirmed,Admin2,Week,MOH-PER-20002023-Y02-00,PAHO,2010
PERU,LORETO,MAYNAS,"PERU, LORETO, MAYNAS",PER,1011897,PE-LOR,,2010-10-24,,2010,8,Probable and confirmed,Admin2,Week,MOH-PER-20002023-Y02-00,PAHO,2010
PERU,LORETO,MAYNAS,"PERU, LORETO, MAYNAS",PER,1011897,PE-LOR,,2010-10-31,2010-06-11,2010,12,Probable and confirmed,Admin2,Week,MOH-PER-20002023-Y02-00,PAHO,2010
PERU,LORETO,MAYNAS,"PERU, LORETO, MAYNAS",PER,1011897,PE-LOR,,2010-11-07,,2010,11,Probable and confirmed,Admin2,Week,MOH-PER-20002023-Y02-00,PAHO,2010
PERU,LORETO,MAYNAS,"PERU, LORETO, MAYNAS",PER,1011897,PE-LOR,,2010-11-14,,2010,11,Probable and confirmed,Admin2,Week,MOH-PER-20002023-Y02-00,PAHO,2010
PERU,LORETO,MAYNAS,"PERU, LORETO, MAYNAS",PER,1011897,PE-LOR,,2010-11-21,,2010,10,Probable and confirmed,Admin2,Week,MOH-PER-20002023-Y02-00,PAHO,2010
PERU,LORETO,MAYNAS,"PERU, LORETO, MAYNAS",PER,1011897,PE-LOR,,2010-11-28,2010-04-12,2010,26,Probable and confirmed,Admin2,Week,MOH-PER-20002023-Y02-00,PAHO,2010
PERU,LORETO,MAYNAS,"PERU, LORETO, MAYNAS",PER,1011897,PE-LOR,,2010-12-05,2010-11-12,2010,22,Probable and confirmed,Admin2,Week,MOH-PER-20002023-Y02-00,PAHO,2010
PERU,LORETO,MAYNAS,"PERU, LORETO, MAYNAS",PER,1011897,PE-LOR,,2010-12-12,,2010,27,Probable and confirmed,Admin2,Week,MOH-PER-20002023-Y02-00,PAHO,2010
PERU,LORETO,MAYNAS,"PERU, LORETO, MAYNAS",PER,1011897,PE-LOR,,2010-12-19,,2010,46,Probable and confirmed,Admin2,Week,MOH-PER-20002023-Y02-00,PAHO,2010
PERU,LORETO,MAYNAS,"PERU, LORETO, MAYNAS",PER,1011897,PE-LOR,,2010-12-26,2011-01-01,2010,136,Probable and confirmed,Admin2,Week,MOH-PER-20002023-Y02-00,PAHO,2010
PERU,LORETO,MAYNAS,"PERU, LORETO, MAYNAS",PER,1011897,PE-LOR,,2011-01-02,2011-08-01,2011,1133,Probable and confirmed,Admin2,Week,MOH-PER-20002023-Y02-00,PAHO,2011
PERU,LORETO,MAYNAS,"PERU, LORETO, MAYNAS",PER,1011897,PE-LOR,,2011-01-09,,2011,1944,Probable and confirmed,Admin2,Week,MOH-PER-20002023-Y02-00,PAHO,2011
PERU,LORETO,MAYNAS,"PERU, LORETO, MAYNAS",PER,1011897,PE-LOR,,2011-01-16,,2011,2941,Probable and confirmed,Admin2,Week,MOH-PER-20002023-Y02-00,PAHO,2011
PERU,LORETO,MAYNAS,"PERU, LORETO, MAYNAS",PER,1011897,PE-LOR,,2011-01-23,,2011,2404,Probable and confirmed,Admin2,Week,MOH-PER-20002023-Y02-00,PAHO,2011
PERU,LORETO,MAYNAS,"PERU, LORETO, MAYNAS",PER,1011897,PE-LOR,,2011-01-30,2011-05-02,2011,1830,Probable and confirmed,Admin2,Week,MOH-PER-20002023-Y02-00,PAHO,2011
PERU,LORETO,MAYNAS,"PERU, LORETO, MAYNAS",PER,1011897,PE-LOR,,2011-02-06,2011-12-02,2011,2517,Probable and confirmed,Admin2,Week,MOH-PER-20002023-Y02-00,PAHO,2011
PERU,LORETO,MAYNAS,"PERU, LORETO, MAYNAS",PER,1011897,PE-LOR,,2011-02-13,,2011,1197,Probable and confirmed,Admin2,Week,MOH-PER-20002023-Y02-00,PAHO,2011
PERU,LORETO,MAYNAS,"PERU, LORETO, MAYNAS",PER,1011897,PE-LOR,,2011-02-20,,2011,1379,Probable and confirmed,Admin2,Week,MOH-PER-20002023-Y02-00,PAHO,2011
PERU,LORETO,MAYNAS,"PERU, LORETO, MAYNAS",PER,1011897,PE-LOR,,2011-02-27,2011-05-03,2011,919,Probable and confirmed,Admin2,Week,MOH-PER-20002023-Y02-00,PAHO,2011
PERU,LORETO,MAYNAS,"PERU, LORETO, MAYNAS",PER,1011897,PE-LOR,,2011-03-06,2011-12-03,2011,733,Probable and confirmed,Admin2,Week,MOH-PER-20002023-Y02-00,PAHO,2011
PERU,LORETO,MAYNAS,"PERU, LORETO, MAYNAS",PER,1011897,PE-LOR,,2011-03-13,,2011,589,Probable and confirmed,Admin2,Week,MOH-PER-20002023-Y02-00,PAHO,2011
PERU,LORETO,MAYNAS,"PERU, LORETO, MAYNAS",PER,1011897,PE-LOR,,2011-03-20,,2011,449,Probable and confirmed,Admin2,Week,MOH-PER-20002023-Y02-00,PAHO,2011
PERU,LORETO,MAYNAS,"PERU, LORETO, MAYNAS",PER,1011897,PE-LOR,,2011-03-27,2011-02-04,2011,377,Probable and confirmed,Admin2,Week,MOH-PER-20002023-Y02-00,PAHO,2011
PERU,LORETO,MAYNAS,"PERU, LORETO, MAYNAS",PER,1011897,PE-LOR,,2011-04-03,2011-09-04,2011,205,Probable and confirmed,Admin2,Week,MOH-PER-20002023-Y02-00,PAHO,2011
PERU,LORETO,MAYNAS,"PERU, LORETO, MAYNAS",PER,1011897,PE-LOR,,2011-04-10,,2011,157,Probable and confirmed,Admin2,Week,MOH-PER-20002023-Y02-00,PAHO,2011
PERU,LORETO,MAYNAS,"PERU, LORETO, MAYNAS",PER,1011897,PE-LOR,,2011-04-17,,2011,131,Probable and confirmed,Admin2,Week,MOH-PER-20002023-Y02-00,PAHO,2011
PERU,LORETO,MAYNAS,"PERU, LORETO, MAYNAS",PER,1011897,PE-LOR,,2011-04-24,,2011,92,Probable and confirmed,Admin2,Week,MOH-PER-20002023-Y02-00,PAHO,2011
PERU,LORETO,MAYNAS,"PERU, LORETO, MAYNAS",PER,1011897,PE-LOR,,2011-05-01,2011-07-05,2011,83,Probable and confirmed,Admin2,Week,MOH-PER-20002023-Y02-00,PAHO,2011
PERU,LORETO,MAYNAS,"PERU, LORETO, MAYNAS",PER,1011897,PE-LOR,,2011-05-08,,2011,65,Probable and confirmed,Admin2,Week,MOH-PER-20002023-Y02-00,PAHO,2011
PERU,LORETO,MAYNAS,"PERU, LORETO, MAYNAS",PER,1011897,PE-LOR,,2011-05-15,,2011,42,Probable and confirmed,Admin2,Week,MOH-PER-20002023-Y02-00,PAHO,2011
PERU,LORETO,MAYNAS,"PERU, LORETO, MAYNAS",PER,1011897,PE-LOR,,2011-05-22,,2011,44,Probable and confirmed,Admin2,Week,MOH-PER-20002023-Y02-00,PAHO,2011
PERU,LORETO,MAYNAS,"PERU, LORETO, MAYNAS",PER,1011897,PE-LOR,,2011-05-29,2011-04-06,2011,46,Probable and confirmed,Admin2,Week,MOH-PER-20002023-Y02-00,PAHO,2011
PERU,LORETO,MAYNAS,"PERU, LORETO, MAYNAS",PER,1011897,PE-LOR,,2011-06-05,2011-11-06,2011,44,Probable and confirmed,Admin2,Week,MOH-PER-20002023-Y02-00,PAHO,2011
PERU,LORETO,MAYNAS,"PERU, LORETO, MAYNAS",PER,1011897,PE-LOR,,2011-06-12,,2011,34,Probable and confirmed,Admin2,Week,MOH-PER-20002023-Y02-00,PAHO,2011
PERU,LORETO,MAYNAS,"PERU, LORETO, MAYNAS",PER,1011897,PE-LOR,,2011-06-19,,2011,34,Probable and confirmed,Admin2,Week,MOH-PER-20002023-Y02-00,PAHO,2011
PERU,LORETO,MAYNAS,"PERU, LORETO, MAYNAS",PER,1011897,PE-LOR,,2011-06-26,2011-02-07,2011,28,Probable and confirmed,Admin2,Week,MOH-PER-20002023-Y02-00,PAHO,2011
PERU,LORETO,MAYNAS,"PERU, LORETO, MAYNAS",PER,1011897,PE-LOR,,2011-07-03,2011-09-07,2011,34,Probable and confirmed,Admin2,Week,MOH-PER-20002023-Y02-00,PAHO,2011
PERU,LORETO,MAYNAS,"PERU, LORETO, MAYNAS",PER,1011897,PE-LOR,,2011-07-10,,2011,20,Probable and confirmed,Admin2,Week,MOH-PER-20002023-Y02-00,PAHO,2011
PERU,LORETO,MAYNAS,"PERU, LORETO, MAYNAS",PER,1011897,PE-LOR,,2011-07-17,,2011,24,Probable and confirmed,Admin2,Week,MOH-PER-20002023-Y02-00,PAHO,2011
PERU,LORETO,MAYNAS,"PERU, LORETO, MAYNAS",PER,1011897,PE-LOR,,2011-07-24,,2011,24,Probable and confirmed,Admin2,Week,MOH-PER-20002023-Y02-00,PAHO,2011
PERU,LORETO,MAYNAS,"PERU, LORETO, MAYNAS",PER,1011897,PE-LOR,,2011-07-31,2011-06-08,2011,35,Probable and confirmed,Admin2,Week,MOH-PER-20002023-Y02-00,PAHO,2011
PERU,LORETO,MAYNAS,"PERU, LORETO, MAYNAS",PER,1011897,PE-LOR,,2011-08-07,,2011,28,Probable and confirmed,Admin2,Week,MOH-PER-20002023-Y02-00,PAHO,2011
PERU,LORETO,MAYNAS,"PERU, LORETO, MAYNAS",PER,1011897,PE-LOR,,2011-08-14,,2011,29,Probable and confirmed,Admin2,Week,MOH-PER-20002023-Y02-00,PAHO,2011
PERU,LORETO,MAYNAS,"PERU, LORETO, MAYNAS",PER,1011897,PE-LOR,,2011-08-21,,2011,20,Probable and confirmed,Admin2,Week,MOH-PER-20002023-Y02-00,PAHO,2011
PERU,LORETO,MAYNAS,"PERU, LORETO, MAYNAS",PER,1011897,PE-LOR,,2011-08-28,2011-03-09,2011,12,Probable and confirmed,Admin2,Week,MOH-PER-20002023-Y02-00,PAHO,2011
PERU,LORETO,MAYNAS,"PERU, LORETO, MAYNAS",PER,1011897,PE-LOR,,2011-09-04,2011-10-09,2011,17,Probable and confirmed,Admin2,Week,MOH-PER-20002023-Y02-00,PAHO,2011
PERU,LORETO,MAYNAS,"PERU, LORETO, MAYNAS",PER,1011897,PE-LOR,,2011-09-11,,2011,6,Probable and confirmed,Admin2,Week,MOH-PER-20002023-Y02-00,PAHO,2011
PERU,LORETO,MAYNAS,"PERU, LORETO, MAYNAS",PER,1011897,PE-LOR,,2011-09-18,,2011,7,Probable and confirmed,Admin2,Week,MOH-PER-20002023-Y02-00,PAHO,2011
PERU,LORETO,MAYNAS,"PERU, LORETO, MAYNAS",PER,1011897,PE-LOR,,2011-09-25,2011-01-10,2011,13,Probable and confirmed,Admin2,Week,MOH-PER-20002023-Y02-00,PAHO,2011
PERU,LORETO,MAYNAS,"PERU, LORETO, MAYNAS",PER,1011897,PE-LOR,,2011-10-02,2011-08-10,2011,23,Probable and confirmed,Admin2,Week,MOH-PER-20002023-Y02-00,PAHO,2011
PERU,LORETO,MAYNAS,"PERU, LORETO, MAYNAS",PER,1011897,PE-LOR,,2011-10-09,,2011,19,Probable and confirmed,Admin2,Week,MOH-PER-20002023-Y02-00,PAHO,2011
PERU,LORETO,MAYNAS,"PERU, LORETO, MAYNAS",PER,1011897,PE-LOR,,2011-10-16,,2011,11,Probable and confirmed,Admin2,Week,MOH-PER-20002023-Y02-00,PAHO,2011
PERU,LORETO,MAYNAS,"PERU, LORETO, MAYNAS",PER,1011897,PE-LOR,,2011-10-23,,2011,7,Probable and confirmed,Admin2,Week,MOH-PER-20002023-Y02-00,PAHO,2011
PERU,LORETO,MAYNAS,"PERU, LORETO, MAYNAS",PER,1011897,PE-LOR,,2011-10-30,2011-05-11,2011,10,Probable and confirmed,Admin2,Week,MOH-PER-20002023-Y02-00,PAHO,2011
PERU,LORETO,MAYNAS,"PERU, LORETO, MAYNAS",PER,1011897,PE-LOR,,2011-11-06,2011-12-11,2011,6,Probable and confirmed,Admin2,Week,MOH-PER-20002023-Y02-00,PAHO,2011
PERU,LORETO,MAYNAS,"PERU, LORETO, MAYNAS",PER,1011897,PE-LOR,,2011-11-13,,2011,12,Probable and confirmed,Admin2,Week,MOH-PER-20002023-Y02-00,PAHO,2011
PERU,LORETO,MAYNAS,"PERU, LORETO, MAYNAS",PER,1011897,PE-LOR,,2011-11-20,,2011,19,Probable and confirmed,Admin2,Week,MOH-PER-20002023-Y02-00,PAHO,2011
PERU,LORETO,MAYNAS,"PERU, LORETO, MAYNAS",PER,1011897,PE-LOR,,2011-11-27,2011-03-12,2011,19,Probable and confirmed,Admin2,Week,MOH-PER-20002023-Y02-00,PAHO,2011
PERU,LORETO,MAYNAS,"PERU, LORETO, MAYNAS",PER,1011897,PE-LOR,,2011-12-04,2011-10-12,2011,21,Probable and confirmed,Admin2,Week,MOH-PER-20002023-Y02-00,PAHO,2011
PERU,LORETO,MAYNAS,"PERU, LORETO, MAYNAS",PER,1011897,PE-LOR,,2011-12-11,,2011,9,Probable and confirmed,Admin2,Week,MOH-PER-20002023-Y02-00,PAHO,2011
PERU,LORETO,MAYNAS,"PERU, LORETO, MAYNAS",PER,1011897,PE-LOR,,2011-12-18,,2011,6,Probable and confirmed,Admin2,Week,MOH-PER-20002023-Y02-00,PAHO,2011
PERU,LORETO,MAYNAS,"PERU, LORETO, MAYNAS",PER,1011897,PE-LOR,,2011-12-25,,2011,13,Probable and confirmed,Admin2,Week,MOH-PER-20002023-Y02-00,PAHO,2011
PERU,LORETO,MAYNAS,"PERU, LORETO, MAYNAS",PER,1011897,PE-LOR,,2012-01-01,2012-07-01,2012,67,Probable and confirmed,Admin2,Week,MOH-PER-20002023-Y02-00,PAHO,2012
PERU,LORETO,MAYNAS,"PERU, LORETO, MAYNAS",PER,1011897,PE-LOR,,2012-01-08,,2012,64,Probable and confirmed,Admin2,Week,MOH-PER-20002023-Y02-00,PAHO,2012
PERU,LORETO,MAYNAS,"PERU, LORETO, MAYNAS",PER,1011897,PE-LOR,,2012-01-15,,2012,51,Probable and confirmed,Admin2,Week,MOH-PER-20002023-Y02-00,PAHO,2012
PERU,LORETO,MAYNAS,"PERU, LORETO, MAYNAS",PER,1011897,PE-LOR,,2012-01-22,,2012,51,Probable and confirmed,Admin2,Week,MOH-PER-20002023-Y02-00,PAHO,2012
PERU,LORETO,MAYNAS,"PERU, LORETO, MAYNAS",PER,1011897,PE-LOR,,2012-01-29,2012-04-02,2012,100,Probable and confirmed,Admin2,Week,MOH-PER-20002023-Y02-00,PAHO,2012
PERU,LORETO,MAYNAS,"PERU, LORETO, MAYNAS",PER,1011897,PE-LOR,,2012-02-05,2012-11-02,2012,115,Probable and confirmed,Admin2,Week,MOH-PER-20002023-Y02-00,PAHO,2012
PERU,LORETO,MAYNAS,"PERU, LORETO, MAYNAS",PER,1011897,PE-LOR,,2012-02-12,,2012,103,Probable and confirmed,Admin2,Week,MOH-PER-20002023-Y02-00,PAHO,2012
PERU,LORETO,MAYNAS,"PERU, LORETO, MAYNAS",PER,1011897,PE-LOR,,2012-02-19,,2012,80,Probable and confirmed,Admin2,Week,MOH-PER-20002023-Y02-00,PAHO,2012
PERU,LORETO,MAYNAS,"PERU, LORETO, MAYNAS",PER,1011897,PE-LOR,,2012-02-26,2012-03-03,2012,67,Probable and confirmed,Admin2,Week,MOH-PER-20002023-Y02-00,PAHO,2012
PERU,LORETO,MAYNAS,"PERU, LORETO, MAYNAS",PER,1011897,PE-LOR,,2012-03-04,2012-10-03,2012,68,Probable and confirmed,Admin2,Week,MOH-PER-20002023-Y02-00,PAHO,2012
PERU,LORETO,MAYNAS,"PERU, LORETO, MAYNAS",PER,1011897,PE-LOR,,2012-03-11,,2012,87,Probable and confirmed,Admin2,Week,MOH-PER-20002023-Y02-00,PAHO,2012
PERU,LORETO,MAYNAS,"PERU, LORETO, MAYNAS",PER,1011897,PE-LOR,,2012-03-18,,2012,105,Probable and confirmed,Admin2,Week,MOH-PER-20002023-Y02-00,PAHO,2012
PERU,LORETO,MAYNAS,"PERU, LORETO, MAYNAS",PER,1011897,PE-LOR,,2012-03-25,,2012,142,Probable and confirmed,Admin2,Week,MOH-PER-20002023-Y02-00,PAHO,2012
PERU,LORETO,MAYNAS,"PERU, LORETO, MAYNAS",PER,1011897,PE-LOR,,2012-04-01,2012-07-04,2012,158,Probable and confirmed,Admin2,Week,MOH-PER-20002023-Y02-00,PAHO,2012
PERU,LORETO,MAYNAS,"PERU, LORETO, MAYNAS",PER,1011897,PE-LOR,,2012-04-08,,2012,152,Probable and confirmed,Admin2,Week,MOH-PER-20002023-Y02-00,PAHO,2012
PERU,LORETO,MAYNAS,"PERU, LORETO, MAYNAS",PER,1011897,PE-LOR,,2012-04-15,,2012,141,Probable and confirmed,Admin2,Week,MOH-PER-20002023-Y02-00,PAHO,2012
PERU,LORETO,MAYNAS,"PERU, LORETO, MAYNAS",PER,1011897,PE-LOR,,2012-04-22,,2012,142,Probable and confirmed,Admin2,Week,MOH-PER-20002023-Y02-00,PAHO,2012
PERU,LORETO,MAYNAS,"PERU, LORETO, MAYNAS",PER,1011897,PE-LOR,,2012-04-29,2012-05-05,2012,125,Probable and confirmed,Admin2,Week,MOH-PER-20002023-Y02-00,PAHO,2012
PERU,LORETO,MAYNAS,"PERU, LORETO, MAYNAS",PER,1011897,PE-LOR,,2012-05-06,2012-12-05,2012,99,Probable and confirmed,Admin2,Week,MOH-PER-20002023-Y02-00,PAHO,2012
PERU,LORETO,MAYNAS,"PERU, LORETO, MAYNAS",PER,1011897,PE-LOR,,2012-05-13,,2012,120,Probable and confirmed,Admin2,Week,MOH-PER-20002023-Y02-00,PAHO,2012
PERU,LORETO,MAYNAS,"PERU, LORETO, MAYNAS",PER,1011897,PE-LOR,,2012-05-20,,2012,89,Probable and confirmed,Admin2,Week,MOH-PER-20002023-Y02-00,PAHO,2012
PERU,LORETO,MAYNAS,"PERU, LORETO, MAYNAS",PER,1011897,PE-LOR,,2012-05-27,2012-02-06,2012,75,Probable and confirmed,Admin2,Week,MOH-PER-20002023-Y02-00,PAHO,2012
PERU,LORETO,MAYNAS,"PERU, LORETO, MAYNAS",PER,1011897,PE-LOR,,2012-06-03,2012-09-06,2012,55,Probable and confirmed,Admin2,Week,MOH-PER-20002023-Y02-00,PAHO,2012
PERU,LORETO,MAYNAS,"PERU, LORETO, MAYNAS",PER,1011897,PE-LOR,,2012-06-10,,2012,59,Probable and confirmed,Admin2,Week,MOH-PER-20002023-Y02-00,PAHO,2012
PERU,LORETO,MAYNAS,"PERU, LORETO, MAYNAS",PER,1011897,PE-LOR,,2012-06-17,,2012,88,Probable and confirmed,Admin2,Week,MOH-PER-20002023-Y02-00,PAHO,2012
PERU,LORETO,MAYNAS,"PERU, LORETO, MAYNAS",PER,1011897,PE-LOR,,2012-06-24,,2012,109,Probable and confirmed,Admin2,Week,MOH-PER-20002023-Y02-00,PAHO,2012
PERU,LORETO,MAYNAS,"PERU, LORETO, MAYNAS",PER,1011897,PE-LOR,,2012-07-01,2012-07-07,2012,112,Probable and confirmed,Admin2,Week,MOH-PER-20002023-Y02-00,PAHO,2012
PERU,LORETO,MAYNAS,"PERU, LORETO, MAYNAS",PER,1011897,PE-LOR,,2012-07-08,,2012,50,Probable and confirmed,Admin2,Week,MOH-PER-20002023-Y02-00,PAHO,2012
PERU,LORETO,MAYNAS,"PERU, LORETO, MAYNAS",PER,1011897,PE-LOR,,2012-07-15,,2012,14,Probable and confirmed,Admin2,Week,MOH-PER-20002023-Y02-00,PAHO,2012
PERU,LORETO,MAYNAS,"PERU, LORETO, MAYNAS",PER,1011897,PE-LOR,,2012-07-22,,2012,14,Probable and confirmed,Admin2,Week,MOH-PER-20002023-Y02-00,PAHO,2012
PERU,LORETO,MAYNAS,"PERU, LORETO, MAYNAS",PER,1011897,PE-LOR,,2012-07-29,2012-04-08,2012,8,Probable and confirmed,Admin2,Week,MOH-PER-20002023-Y02-00,PAHO,2012
PERU,LORETO,MAYNAS,"PERU, LORETO, MAYNAS",PER,1011897,PE-LOR,,2012-08-05,2012-11-08,2012,9,Probable and confirmed,Admin2,Week,MOH-PER-20002023-Y02-00,PAHO,2012
PERU,LORETO,MAYNAS,"PERU, LORETO, MAYNAS",PER,1011897,PE-LOR,,2012-08-12,,2012,17,Probable and confirmed,Admin2,Week,MOH-PER-20002023-Y02-00,PAHO,2012
PERU,LORETO,MAYNAS,"PERU, LORETO, MAYNAS",PER,1011897,PE-LOR,,2012-08-19,,2012,9,Probable and confirmed,Admin2,Week,MOH-PER-20002023-Y02-00,PAHO,2012
PERU,LORETO,MAYNAS,"PERU, LORETO, MAYNAS",PER,1011897,PE-LOR,,2012-08-26,2012-01-09,2012,13,Probable and confirmed,Admin2,Week,MOH-PER-20002023-Y02-00,PAHO,2012
PERU,LORETO,MAYNAS,"PERU, LORETO, MAYNAS",PER,1011897,PE-LOR,,2012-09-02,2012-08-09,2012,14,Probable and confirmed,Admin2,Week,MOH-PER-20002023-Y02-00,PAHO,2012
PERU,LORETO,MAYNAS,"PERU, LORETO, MAYNAS",PER,1011897,PE-LOR,,2012-09-09,,2012,10,Probable and confirmed,Admin2,Week,MOH-PER-20002023-Y02-00,PAHO,2012
PERU,LORETO,MAYNAS,"PERU, LORETO, MAYNAS",PER,1011897,PE-LOR,,2012-09-16,,2012,15,Probable and confirmed,Admin2,Week,MOH-PER-20002023-Y02-00,PAHO,2012
PERU,LORETO,MAYNAS,"PERU, LORETO, MAYNAS",PER,1011897,PE-LOR,,2012-09-23,,2012,14,Probable and confirmed,Admin2,Week,MOH-PER-20002023-Y02-00,PAHO,2012
PERU,LORETO,MAYNAS,"PERU, LORETO, MAYNAS",PER,1011897,PE-LOR,,2012-09-30,2012-06-10,2012,12,Probable and confirmed,Admin2,Week,MOH-PER-20002023-Y02-00,PAHO,2012
PERU,LORETO,MAYNAS,"PERU, LORETO, MAYNAS",PER,1011897,PE-LOR,,2012-10-07,,2012,23,Probable and confirmed,Admin2,Week,MOH-PER-20002023-Y02-00,PAHO,2012
PERU,LORETO,MAYNAS,"PERU, LORETO, MAYNAS",PER,1011897,PE-LOR,,2012-10-14,,2012,19,Probable and confirmed,Admin2,Week,MOH-PER-20002023-Y02-00,PAHO,2012
PERU,LORETO,MAYNAS,"PERU, LORETO, MAYNAS",PER,1011897,PE-LOR,,2012-10-21,,2012,21,Probable and confirmed,Admin2,Week,MOH-PER-20002023-Y02-00,PAHO,2012
PERU,LORETO,MAYNAS,"PERU, LORETO, MAYNAS",PER,1011897,PE-LOR,,2012-10-28,2012-03-11,2012,26,Probable and confirmed,Admin2,Week,MOH-PER-20002023-Y02-00,PAHO,2012
PERU,LORETO,MAYNAS,"PERU, LORETO, MAYNAS",PER,1011897,PE-LOR,,2012-11-04,2012-10-11,2012,48,Probable and confirmed,Admin2,Week,MOH-PER-20002023-Y02-00,PAHO,2012
PERU,LORETO,MAYNAS,"PERU, LORETO, MAYNAS",PER,1011897,PE-LOR,,2012-11-11,,2012,54,Probable and confirmed,Admin2,Week,MOH-PER-20002023-Y02-00,PAHO,2012
PERU,LORETO,MAYNAS,"PERU, LORETO, MAYNAS",PER,1011897,PE-LOR,,2012-11-18,,2012,98,Probable and confirmed,Admin2,Week,MOH-PER-20002023-Y02-00,PAHO,2012
PERU,LORETO,MAYNAS,"PERU, LORETO, MAYNAS",PER,1011897,PE-LOR,,2012-11-25,2012-01-12,2012,123,Probable and confirmed,Admin2,Week,MOH-PER-20002023-Y02-00,PAHO,2012
PERU,LORETO,MAYNAS,"PERU, LORETO, MAYNAS",PER,1011897,PE-LOR,,2012-12-02,2012-08-12,2012,137,Probable and confirmed,Admin2,Week,MOH-PER-20002023-Y02-00,PAHO,2012
PERU,LORETO,MAYNAS,"PERU, LORETO, MAYNAS",PER,1011897,PE-LOR,,2012-12-09,,2012,69,Probable and confirmed,Admin2,Week,MOH-PER-20002023-Y02-00,PAHO,2012
PERU,LORETO,MAYNAS,"PERU, LORETO, MAYNAS",PER,1011897,PE-LOR,,2012-12-16,,2012,37,Probable and confirmed,Admin2,Week,MOH-PER-20002023-Y02-00,PAHO,2012
PERU,LORETO,MAYNAS,"PERU, LORETO, MAYNAS",PER,1011897,PE-LOR,,2012-12-23,,2012,26,Probable and confirmed,Admin2,Week,MOH-PER-20002023-Y02-00,PAHO,2012
PERU,LORETO,MAYNAS,"PERU, LORETO, MAYNAS",PER,1011897,PE-LOR,,2012-12-30,2013-05-01,2012,59,Probable and confirmed,Admin2,Week,MOH-PER-20002023-Y02-00,PAHO,2012
PERU,LORETO,MAYNAS,"PERU, LORETO, MAYNAS",PER,1011897,PE-LOR,,2013-01-06,2013-12-01,2013,46,Probable and confirmed,Admin2,Week,MOH-PER-20002023-Y02-00,PAHO,2013
PERU,LORETO,MAYNAS,"PERU, LORETO, MAYNAS",PER,1011897,PE-LOR,,2013-01-13,,2013,62,Probable and confirmed,Admin2,Week,MOH-PER-20002023-Y02-00,PAHO,2013
PERU,LORETO,MAYNAS,"PERU, LORETO, MAYNAS",PER,1011897,PE-LOR,,2013-01-20,,2013,67,Probable and confirmed,Admin2,Week,MOH-PER-20002023-Y02-00,PAHO,2013
PERU,LORETO,MAYNAS,"PERU, LORETO, MAYNAS",PER,1011897,PE-LOR,,2013-01-27,2013-02-02,2013,80,Probable and confirmed,Admin2,Week,MOH-PER-20002023-Y02-00,PAHO,2013
PERU,LORETO,MAYNAS,"PERU, LORETO, MAYNAS",PER,1011897,PE-LOR,,2013-02-03,2013-09-02,2013,127,Probable and confirmed,Admin2,Week,MOH-PER-20002023-Y02-00,PAHO,2013
PERU,LORETO,MAYNAS,"PERU, LORETO, MAYNAS",PER,1011897,PE-LOR,,2013-02-10,,2013,91,Probable and confirmed,Admin2,Week,MOH-PER-20002023-Y02-00,PAHO,2013
PERU,LORETO,MAYNAS,"PERU, LORETO, MAYNAS",PER,1011897,PE-LOR,,2013-02-17,,2013,101,Probable and confirmed,Admin2,Week,MOH-PER-20002023-Y02-00,PAHO,2013
PERU,LORETO,MAYNAS,"PERU, LORETO, MAYNAS",PER,1011897,PE-LOR,,2013-02-24,2013-02-03,2013,62,Probable and confirmed,Admin2,Week,MOH-PER-20002023-Y02-00,PAHO,2013
PERU,LORETO,MAYNAS,"PERU, LORETO, MAYNAS",PER,1011897,PE-LOR,,2013-03-03,2013-09-03,2013,105,Probable and confirmed,Admin2,Week,MOH-PER-20002023-Y02-00,PAHO,2013
PERU,LORETO,MAYNAS,"PERU, LORETO, MAYNAS",PER,1011897,PE-LOR,,2013-03-10,,2013,108,Probable and confirmed,Admin2,Week,MOH-PER-20002023-Y02-00,PAHO,2013
PERU,LORETO,MAYNAS,"PERU, LORETO, MAYNAS",PER,1011897,PE-LOR,,2013-03-17,,2013,111,Probable and confirmed,Admin2,Week,MOH-PER-20002023-Y02-00,PAHO,2013
PERU,LORETO,MAYNAS,"PERU, LORETO, MAYNAS",PER,1011897,PE-LOR,,2013-03-24,,2013,83,Probable and confirmed,Admin2,Week,MOH-PER-20002023-Y02-00,PAHO,2013
PERU,LORETO,MAYNAS,"PERU, LORETO, MAYNAS",PER,1011897,PE-LOR,,2013-03-31,2013-06-04,2013,106,Probable and confirmed,Admin2,Week,MOH-PER-20002023-Y02-00,PAHO,2013
PERU,LORETO,MAYNAS,"PERU, LORETO, MAYNAS",PER,1011897,PE-LOR,,2013-04-07,,2013,76,Probable and confirmed,Admin2,Week,MOH-PER-20002023-Y02-00,PAHO,2013
PERU,LORETO,MAYNAS,"PERU, LORETO, MAYNAS",PER,1011897,PE-LOR,,2013-04-14,,2013,87,Probable and confirmed,Admin2,Week,MOH-PER-20002023-Y02-00,PAHO,2013
PERU,LORETO,MAYNAS,"PERU, LORETO, MAYNAS",PER,1011897,PE-LOR,,2013-04-21,,2013,57,Probable and confirmed,Admin2,Week,MOH-PER-20002023-Y02-00,PAHO,2013
PERU,LORETO,MAYNAS,"PERU, LORETO, MAYNAS",PER,1011897,PE-LOR,,2013-04-28,2013-04-05,2013,78,Probable and confirmed,Admin2,Week,MOH-PER-20002023-Y02-00,PAHO,2013
PERU,LORETO,MAYNAS,"PERU, LORETO, MAYNAS",PER,1011897,PE-LOR,,2013-05-05,2013-11-05,2013,74,Probable and confirmed,Admin2,Week,MOH-PER-20002023-Y02-00,PAHO,2013
PERU,LORETO,MAYNAS,"PERU, LORETO, MAYNAS",PER,1011897,PE-LOR,,2013-05-12,,2013,89,Probable and confirmed,Admin2,Week,MOH-PER-20002023-Y02-00,PAHO,2013
PERU,LORETO,MAYNAS,"PERU, LORETO, MAYNAS",PER,1011897,PE-LOR,,2013-05-19,,2013,113,Probable and confirmed,Admin2,Week,MOH-PER-20002023-Y02-00,PAHO,2013
PERU,LORETO,MAYNAS,"PERU, LORETO, MAYNAS",PER,1011897,PE-LOR,,2013-05-26,2013-01-06,2013,76,Probable and confirmed,Admin2,Week,MOH-PER-20002023-Y02-00,PAHO,2013
PERU,LORETO,MAYNAS,"PERU, LORETO, MAYNAS",PER,1011897,PE-LOR,,2013-06-02,2013-08-06,2013,91,Probable and confirmed,Admin2,Week,MOH-PER-20002023-Y02-00,PAHO,2013
PERU,LORETO,MAYNAS,"PERU, LORETO, MAYNAS",PER,1011897,PE-LOR,,2013-06-09,,2013,76,Probable and confirmed,Admin2,Week,MOH-PER-20002023-Y02-00,PAHO,2013
PERU,LORETO,MAYNAS,"PERU, LORETO, MAYNAS",PER,1011897,PE-LOR,,2013-06-16,,2013,56,Probable and confirmed,Admin2,Week,MOH-PER-20002023-Y02-00,PAHO,2013
PERU,LORETO,MAYNAS,"PERU, LORETO, MAYNAS",PER,1011897,PE-LOR,,2013-06-23,,2013,59,Probable and confirmed,Admin2,Week,MOH-PER-20002023-Y02-00,PAHO,2013
PERU,LORETO,MAYNAS,"PERU, LORETO, MAYNAS",PER,1011897,PE-LOR,,2013-06-30,2013-06-07,2013,62,Probable and confirmed,Admin2,Week,MOH-PER-20002023-Y02-00,PAHO,2013
PERU,LORETO,MAYNAS,"PERU, LORETO, MAYNAS",PER,1011897,PE-LOR,,2013-07-07,,2013,50,Probable and confirmed,Admin2,Week,MOH-PER-20002023-Y02-00,PAHO,2013
PERU,LORETO,MAYNAS,"PERU, LORETO, MAYNAS",PER,1011897,PE-LOR,,2013-07-14,,2013,44,Probable and confirmed,Admin2,Week,MOH-PER-20002023-Y02-00,PAHO,2013
PERU,LORETO,MAYNAS,"PERU, LORETO, MAYNAS",PER,1011897,PE-LOR,,2013-07-21,,2013,11,Probable and confirmed,Admin2,Week,MOH-PER-20002023-Y02-00,PAHO,2013
PERU,LORETO,MAYNAS,"PERU, LORETO, MAYNAS",PER,1011897,PE-LOR,,2013-07-28,2013-03-08,2013,28,Probable and confirmed,Admin2,Week,MOH-PER-20002023-Y02-00,PAHO,2013
PERU,LORETO,MAYNAS,"PERU, LORETO, MAYNAS",PER,1011897,PE-LOR,,2013-08-04,2013-10-08,2013,48,Probable and confirmed,Admin2,Week,MOH-PER-20002023-Y02-00,PAHO,2013
PERU,LORETO,MAYNAS,"PERU, LORETO, MAYNAS",PER,1011897,PE-LOR,,2013-08-11,,2013,31,Probable and confirmed,Admin2,Week,MOH-PER-20002023-Y02-00,PAHO,2013
PERU,LORETO,MAYNAS,"PERU, LORETO, MAYNAS",PER,1011897,PE-LOR,,2013-08-18,,2013,46,Probable and confirmed,Admin2,Week,MOH-PER-20002023-Y02-00,PAHO,2013
PERU,LORETO,MAYNAS,"PERU, LORETO, MAYNAS",PER,1011897,PE-LOR,,2013-08-25,,2013,35,Probable and confirmed,Admin2,Week,MOH-PER-20002023-Y02-00,PAHO,2013
PERU,LORETO,MAYNAS,"PERU, LORETO, MAYNAS",PER,1011897,PE-LOR,,2013-09-01,2013-07-09,2013,32,Probable and confirmed,Admin2,Week,MOH-PER-20002023-Y02-00,PAHO,2013
PERU,LORETO,MAYNAS,"PERU, LORETO, MAYNAS",PER,1011897,PE-LOR,,2013-09-08,,2013,48,Probable and confirmed,Admin2,Week,MOH-PER-20002023-Y02-00,PAHO,2013
PERU,LORETO,MAYNAS,"PERU, LORETO, MAYNAS",PER,1011897,PE-LOR,,2013-09-15,,2013,22,Probable and confirmed,Admin2,Week,MOH-PER-20002023-Y02-00,PAHO,2013
PERU,LORETO,MAYNAS,"PERU, LORETO, MAYNAS",PER,1011897,PE-LOR,,2013-09-22,,2013,24,Probable and confirmed,Admin2,Week,MOH-PER-20002023-Y02-00,PAHO,2013
PERU,LORETO,MAYNAS,"PERU, LORETO, MAYNAS",PER,1011897,PE-LOR,,2013-09-29,2013-05-10,2013,25,Probable and confirmed,Admin2,Week,MOH-PER-20002023-Y02-00,PAHO,2013
PERU,LORETO,MAYNAS,"PERU, LORETO, MAYNAS",PER,1011897,PE-LOR,,2013-10-06,2013-12-10,2013,19,Probable and confirmed,Admin2,Week,MOH-PER-20002023-Y02-00,PAHO,2013
PERU,LORETO,MAYNAS,"PERU, LORETO, MAYNAS",PER,1011897,PE-LOR,,2013-10-13,,2013,9,Probable and confirmed,Admin2,Week,MOH-PER-20002023-Y02-00,PAHO,2013
PERU,LORETO,MAYNAS,"PERU, LORETO, MAYNAS",PER,1011897,PE-LOR,,2013-10-20,,2013,27,Probable and confirmed,Admin2,Week,MOH-PER-20002023-Y02-00,PAHO,2013
PERU,LORETO,MAYNAS,"PERU, LORETO, MAYNAS",PER,1011897,PE-LOR,,2013-10-27,2013-02-11,2013,36,Probable and confirmed,Admin2,Week,MOH-PER-20002023-Y02-00,PAHO,2013
PERU,LORETO,MAYNAS,"PERU, LORETO, MAYNAS",PER,1011897,PE-LOR,,2013-11-03,2013-09-11,2013,46,Probable and confirmed,Admin2,Week,MOH-PER-20002023-Y02-00,PAHO,2013
PERU,LORETO,MAYNAS,"PERU, LORETO, MAYNAS",PER,1011897,PE-LOR,,2013-11-10,,2013,58,Probable and confirmed,Admin2,Week,MOH-PER-20002023-Y02-00,PAHO,2013
PERU,LORETO,MAYNAS,"PERU, LORETO, MAYNAS",PER,1011897,PE-LOR,,2013-11-17,,2013,89,Probable and confirmed,Admin2,Week,MOH-PER-20002023-Y02-00,PAHO,2013
PERU,LORETO,MAYNAS,"PERU, LORETO, MAYNAS",PER,1011897,PE-LOR,,2013-11-24,,2013,98,Probable and confirmed,Admin2,Week,MOH-PER-20002023-Y02-00,PAHO,2013
PERU,LORETO,MAYNAS,"PERU, LORETO, MAYNAS",PER,1011897,PE-LOR,,2013-12-01,2013-07-12,2013,86,Probable and confirmed,Admin2,Week,MOH-PER-20002023-Y02-00,PAHO,2013
PERU,LORETO,MAYNAS,"PERU, LORETO, MAYNAS",PER,1011897,PE-LOR,,2013-12-08,,2013,90,Probable and confirmed,Admin2,Week,MOH-PER-20002023-Y02-00,PAHO,2013
PERU,LORETO,MAYNAS,"PERU, LORETO, MAYNAS",PER,1011897,PE-LOR,,2013-12-15,,2013,55,Probable and confirmed,Admin2,Week,MOH-PER-20002023-Y02-00,PAHO,2013
PERU,LORETO,MAYNAS,"PERU, LORETO, MAYNAS",PER,1011897,PE-LOR,,2013-12-22,,2013,74,Probable and confirmed,Admin2,Week,MOH-PER-20002023-Y02-00,PAHO,2013
PERU,LORETO,MAYNAS,"PERU, LORETO, MAYNAS",PER,1011897,PE-LOR,,2013-12-29,2014-04-01,2013,132,Probable and confirmed,Admin2,Week,MOH-PER-20002023-Y02-00,PAHO,2013
PERU,LORETO,MAYNAS,"PERU, LORETO, MAYNAS",PER,1011897,PE-LOR,,2014-01-05,2014-11-01,2014,120,Probable and confirmed,Admin2,Week,MOH-PER-20002023-Y02-00,PAHO,2014
PERU,LORETO,MAYNAS,"PERU, LORETO, MAYNAS",PER,1011897,PE-LOR,,2014-01-12,,2014,129,Probable and confirmed,Admin2,Week,MOH-PER-20002023-Y02-00,PAHO,2014
PERU,LORETO,MAYNAS,"PERU, LORETO, MAYNAS",PER,1011897,PE-LOR,,2014-01-19,,2014,235,Probable and confirmed,Admin2,Week,MOH-PER-20002023-Y02-00,PAHO,2014
PERU,LORETO,MAYNAS,"PERU, LORETO, MAYNAS",PER,1011897,PE-LOR,,2014-01-26,2014-01-02,2014,209,Probable and confirmed,Admin2,Week,MOH-PER-20002023-Y02-00,PAHO,2014
PERU,LORETO,MAYNAS,"PERU, LORETO, MAYNAS",PER,1011897,PE-LOR,,2014-02-02,2014-08-02,2014,237,Probable and confirmed,Admin2,Week,MOH-PER-20002023-Y02-00,PAHO,2014
PERU,LORETO,MAYNAS,"PERU, LORETO, MAYNAS",PER,1011897,PE-LOR,,2014-02-09,,2014,269,Probable and confirmed,Admin2,Week,MOH-PER-20002023-Y02-00,PAHO,2014
PERU,LORETO,MAYNAS,"PERU, LORETO, MAYNAS",PER,1011897,PE-LOR,,2014-02-16,,2014,203,Probable and confirmed,Admin2,Week,MOH-PER-20002023-Y02-00,PAHO,2014
PERU,LORETO,MAYNAS,"PERU, LORETO, MAYNAS",PER,1011897,PE-LOR,,2014-02-23,2014-01-03,2014,138,Probable and confirmed,Admin2,Week,MOH-PER-20002023-Y02-00,PAHO,2014
PERU,LORETO,MAYNAS,"PERU, LORETO, MAYNAS",PER,1011897,PE-LOR,,2014-03-02,2014-08-03,2014,130,Probable and confirmed,Admin2,Week,MOH-PER-20002023-Y02-00,PAHO,2014
PERU,LORETO,MAYNAS,"PERU, LORETO, MAYNAS",PER,1011897,PE-LOR,,2014-03-09,,2014,135,Probable and confirmed,Admin2,Week,MOH-PER-20002023-Y02-00,PAHO,2014
PERU,LORETO,MAYNAS,"PERU, LORETO, MAYNAS",PER,1011897,PE-LOR,,2014-03-16,,2014,121,Probable and confirmed,Admin2,Week,MOH-PER-20002023-Y02-00,PAHO,2014
PERU,LORETO,MAYNAS,"PERU, LORETO, MAYNAS",PER,1011897,PE-LOR,,2014-03-23,,2014,103,Probable and confirmed,Admin2,Week,MOH-PER-20002023-Y02-00,PAHO,2014
PERU,LORETO,MAYNAS,"PERU, LORETO, MAYNAS",PER,1011897,PE-LOR,,2014-03-30,2014-05-04,2014,115,Probable and confirmed,Admin2,Week,MOH-PER-20002023-Y02-00,PAHO,2014
PERU,LORETO,MAYNAS,"PERU, LORETO, MAYNAS",PER,1011897,PE-LOR,,2014-04-06,2014-12-04,2014,117,Probable and confirmed,Admin2,Week,MOH-PER-20002023-Y02-00,PAHO,2014
PERU,LORETO,MAYNAS,"PERU, LORETO, MAYNAS",PER,1011897,PE-LOR,,2014-04-13,,2014,134,Probable and confirmed,Admin2,Week,MOH-PER-20002023-Y02-00,PAHO,2014
PERU,LORETO,MAYNAS,"PERU, LORETO, MAYNAS",PER,1011897,PE-LOR,,2014-04-20,,2014,94,Probable and confirmed,Admin2,Week,MOH-PER-20002023-Y02-00,PAHO,2014
PERU,LORETO,MAYNAS,"PERU, LORETO, MAYNAS",PER,1011897,PE-LOR,,2014-04-27,2014-03-05,2014,141,Probable and confirmed,Admin2,Week,MOH-PER-20002023-Y02-00,PAHO,2014
PERU,LORETO,MAYNAS,"PERU, LORETO, MAYNAS",PER,1011897,PE-LOR,,2014-05-04,2014-10-05,2014,141,Probable and confirmed,Admin2,Week,MOH-PER-20002023-Y02-00,PAHO,2014
PERU,LORETO,MAYNAS,"PERU, LORETO, MAYNAS",PER,1011897,PE-LOR,,2014-05-11,,2014,77,Probable and confirmed,Admin2,Week,MOH-PER-20002023-Y02-00,PAHO,2014
PERU,LORETO,MAYNAS,"PERU, LORETO, MAYNAS",PER,1011897,PE-LOR,,2014-05-18,,2014,91,Probable and confirmed,Admin2,Week,MOH-PER-20002023-Y02-00,PAHO,2014
PERU,LORETO,MAYNAS,"PERU, LORETO, MAYNAS",PER,1011897,PE-LOR,,2014-05-25,,2014,93,Probable and confirmed,Admin2,Week,MOH-PER-20002023-Y02-00,PAHO,2014
PERU,LORETO,MAYNAS,"PERU, LORETO, MAYNAS",PER,1011897,PE-LOR,,2014-06-01,2014-07-06,2014,97,Probable and confirmed,Admin2,Week,MOH-PER-20002023-Y02-00,PAHO,2014
PERU,LORETO,MAYNAS,"PERU, LORETO, MAYNAS",PER,1011897,PE-LOR,,2014-06-08,,2014,69,Probable and confirmed,Admin2,Week,MOH-PER-20002023-Y02-00,PAHO,2014
PERU,LORETO,MAYNAS,"PERU, LORETO, MAYNAS",PER,1011897,PE-LOR,,2014-06-15,,2014,79,Probable and confirmed,Admin2,Week,MOH-PER-20002023-Y02-00,PAHO,2014
PERU,LORETO,MAYNAS,"PERU, LORETO, MAYNAS",PER,1011897,PE-LOR,,2014-06-22,,2014,106,Probable and confirmed,Admin2,Week,MOH-PER-20002023-Y02-00,PAHO,2014
PERU,LORETO,MAYNAS,"PERU, LORETO, MAYNAS",PER,1011897,PE-LOR,,2014-06-29,2014-05-07,2014,79,Probable and confirmed,Admin2,Week,MOH-PER-20002023-Y02-00,PAHO,2014
PERU,LORETO,MAYNAS,"PERU, LORETO, MAYNAS",PER,1011897,PE-LOR,,2014-07-06,2014-12-07,2014,86,Probable and confirmed,Admin2,Week,MOH-PER-20002023-Y02-00,PAHO,2014
PERU,LORETO,MAYNAS,"PERU, LORETO, MAYNAS",PER,1011897,PE-LOR,,2014-07-13,,2014,58,Probable and confirmed,Admin2,Week,MOH-PER-20002023-Y02-00,PAHO,2014
PERU,LORETO,MAYNAS,"PERU, LORETO, MAYNAS",PER,1011897,PE-LOR,,2014-07-20,,2014,32,Probable and confirmed,Admin2,Week,MOH-PER-20002023-Y02-00,PAHO,2014
PERU,LORETO,MAYNAS,"PERU, LORETO, MAYNAS",PER,1011897,PE-LOR,,2014-07-27,2014-02-08,2014,27,Probable and confirmed,Admin2,Week,MOH-PER-20002023-Y02-00,PAHO,2014
PERU,LORETO,MAYNAS,"PERU, LORETO, MAYNAS",PER,1011897,PE-LOR,,2014-08-03,2014-09-08,2014,26,Probable and confirmed,Admin2,Week,MOH-PER-20002023-Y02-00,PAHO,2014
PERU,LORETO,MAYNAS,"PERU, LORETO, MAYNAS",PER,1011897,PE-LOR,,2014-08-10,,2014,51,Probable and confirmed,Admin2,Week,MOH-PER-20002023-Y02-00,PAHO,2014
PERU,LORETO,MAYNAS,"PERU, LORETO, MAYNAS",PER,1011897,PE-LOR,,2014-08-17,,2014,38,Probable and confirmed,Admin2,Week,MOH-PER-20002023-Y02-00,PAHO,2014
PERU,LORETO,MAYNAS,"PERU, LORETO, MAYNAS",PER,1011897,PE-LOR,,2014-08-24,,2014,21,Probable and confirmed,Admin2,Week,MOH-PER-20002023-Y02-00,PAHO,2014
PERU,LORETO,MAYNAS,"PERU, LORETO, MAYNAS",PER,1011897,PE-LOR,,2014-08-31,2014-06-09,2014,38,Probable and confirmed,Admin2,Week,MOH-PER-20002023-Y02-00,PAHO,2014
PERU,LORETO,MAYNAS,"PERU, LORETO, MAYNAS",PER,1011897,PE-LOR,,2014-09-07,,2014,49,Probable and confirmed,Admin2,Week,MOH-PER-20002023-Y02-00,PAHO,2014
PERU,LORETO,MAYNAS,"PERU, LORETO, MAYNAS",PER,1011897,PE-LOR,,2014-09-14,,2014,44,Probable and confirmed,Admin2,Week,MOH-PER-20002023-Y02-00,PAHO,2014
PERU,LORETO,MAYNAS,"PERU, LORETO, MAYNAS",PER,1011897,PE-LOR,,2014-09-21,,2014,21,Probable and confirmed,Admin2,Week,MOH-PER-20002023-Y02-00,PAHO,2014
PERU,LORETO,MAYNAS,"PERU, LORETO, MAYNAS",PER,1011897,PE-LOR,,2014-09-28,2014-04-10,2014,33,Probable and confirmed,Admin2,Week,MOH-PER-20002023-Y02-00,PAHO,2014
PERU,LORETO,MAYNAS,"PERU, LORETO, MAYNAS",PER,1011897,PE-LOR,,2014-10-05,2014-11-10,2014,32,Probable and confirmed,Admin2,Week,MOH-PER-20002023-Y02-00,PAHO,2014
PERU,LORETO,MAYNAS,"PERU, LORETO, MAYNAS",PER,1011897,PE-LOR,,2014-10-12,,2014,49,Probable and confirmed,Admin2,Week,MOH-PER-20002023-Y02-00,PAHO,2014
PERU,LORETO,MAYNAS,"PERU, LORETO, MAYNAS",PER,1011897,PE-LOR,,2014-10-19,,2014,54,Probable and confirmed,Admin2,Week,MOH-PER-20002023-Y02-00,PAHO,2014
PERU,LORETO,MAYNAS,"PERU, LORETO, MAYNAS",PER,1011897,PE-LOR,,2014-10-26,2014-01-11,2014,44,Probable and confirmed,Admin2,Week,MOH-PER-20002023-Y02-00,PAHO,2014
PERU,LORETO,MAYNAS,"PERU, LORETO, MAYNAS",PER,1011897,PE-LOR,,2014-11-02,2014-08-11,2014,77,Probable and confirmed,Admin2,Week,MOH-PER-20002023-Y02-00,PAHO,2014
PERU,LORETO,MAYNAS,"PERU, LORETO, MAYNAS",PER,1011897,PE-LOR,,2014-11-09,,2014,65,Probable and confirmed,Admin2,Week,MOH-PER-20002023-Y02-00,PAHO,2014
PERU,LORETO,MAYNAS,"PERU, LORETO, MAYNAS",PER,1011897,PE-LOR,,2014-11-16,,2014,82,Probable and confirmed,Admin2,Week,MOH-PER-20002023-Y02-00,PAHO,2014
PERU,LORETO,MAYNAS,"PERU, LORETO, MAYNAS",PER,1011897,PE-LOR,,2014-11-23,,2014,51,Probable and confirmed,Admin2,Week,MOH-PER-20002023-Y02-00,PAHO,2014
PERU,LORETO,MAYNAS,"PERU, LORETO, MAYNAS",PER,1011897,PE-LOR,,2014-11-30,2014-06-12,2014,51,Probable and confirmed,Admin2,Week,MOH-PER-20002023-Y02-00,PAHO,2014
PERU,LORETO,MAYNAS,"PERU, LORETO, MAYNAS",PER,1011897,PE-LOR,,2014-12-07,,2014,30,Probable and confirmed,Admin2,Week,MOH-PER-20002023-Y02-00,PAHO,2014
PERU,LORETO,MAYNAS,"PERU, LORETO, MAYNAS",PER,1011897,PE-LOR,,2014-12-14,,2014,40,Probable and confirmed,Admin2,Week,MOH-PER-20002023-Y02-00,PAHO,2014
PERU,LORETO,MAYNAS,"PERU, LORETO, MAYNAS",PER,1011897,PE-LOR,,2014-12-21,,2014,43,Probable and confirmed,Admin2,Week,MOH-PER-20002023-Y02-00,PAHO,2014
PERU,LORETO,MAYNAS,"PERU, LORETO, MAYNAS",PER,1011897,PE-LOR,,2014-12-28,2015-03-01,2014,39,Probable and confirmed,Admin2,Week,MOH-PER-20002023-Y02-00,PAHO,2014
PERU,LORETO,MAYNAS,"PERU, LORETO, MAYNAS",PER,1011897,PE-LOR,,2015-01-04,2015-10-01,2015,41,Probable and confirmed,Admin2,Week,MOH-PER-20002023-Y02-00,PAHO,2015
PERU,LORETO,MAYNAS,"PERU, LORETO, MAYNAS",PER,1011897,PE-LOR,,2015-01-11,,2015,39,Probable and confirmed,Admin2,Week,MOH-PER-20002023-Y02-00,PAHO,2015
PERU,LORETO,MAYNAS,"PERU, LORETO, MAYNAS",PER,1011897,PE-LOR,,2015-01-18,,2015,36,Probable and confirmed,Admin2,Week,MOH-PER-20002023-Y02-00,PAHO,2015
PERU,LORETO,MAYNAS,"PERU, LORETO, MAYNAS",PER,1011897,PE-LOR,,2015-01-25,,2015,48,Probable and confirmed,Admin2,Week,MOH-PER-20002023-Y02-00,PAHO,2015
PERU,LORETO,MAYNAS,"PERU, LORETO, MAYNAS",PER,1011897,PE-LOR,,2015-02-01,2015-07-02,2015,38,Probable and confirmed,Admin2,Week,MOH-PER-20002023-Y02-00,PAHO,2015
PERU,LORETO,MAYNAS,"PERU, LORETO, MAYNAS",PER,1011897,PE-LOR,,2015-02-08,,2015,41,Probable and confirmed,Admin2,Week,MOH-PER-20002023-Y02-00,PAHO,2015
PERU,LORETO,MAYNAS,"PERU, LORETO, MAYNAS",PER,1011897,PE-LOR,,2015-02-15,,2015,76,Probable and confirmed,Admin2,Week,MOH-PER-20002023-Y02-00,PAHO,2015
PERU,LORETO,MAYNAS,"PERU, LORETO, MAYNAS",PER,1011897,PE-LOR,,2015-02-22,,2015,70,Probable and confirmed,Admin2,Week,MOH-PER-20002023-Y02-00,PAHO,2015
PERU,LORETO,MAYNAS,"PERU, LORETO, MAYNAS",PER,1011897,PE-LOR,,2015-03-01,2015-07-03,2015,44,Probable and confirmed,Admin2,Week,MOH-PER-20002023-Y02-00,PAHO,2015
PERU,LORETO,MAYNAS,"PERU, LORETO, MAYNAS",PER,1011897,PE-LOR,,2015-03-08,,2015,38,Probable and confirmed,Admin2,Week,MOH-PER-20002023-Y02-00,PAHO,2015
PERU,LORETO,MAYNAS,"PERU, LORETO, MAYNAS",PER,1011897,PE-LOR,,2015-03-15,,2015,40,Probable and confirmed,Admin2,Week,MOH-PER-20002023-Y02-00,PAHO,2015
PERU,LORETO,MAYNAS,"PERU, LORETO, MAYNAS",PER,1011897,PE-LOR,,2015-03-22,,2015,30,Probable and confirmed,Admin2,Week,MOH-PER-20002023-Y02-00,PAHO,2015
PERU,LORETO,MAYNAS,"PERU, LORETO, MAYNAS",PER,1011897,PE-LOR,,2015-03-29,2015-04-04,2015,38,Probable and confirmed,Admin2,Week,MOH-PER-20002023-Y02-00,PAHO,2015
PERU,LORETO,MAYNAS,"PERU, LORETO, MAYNAS",PER,1011897,PE-LOR,,2015-04-05,2015-11-04,2015,39,Probable and confirmed,Admin2,Week,MOH-PER-20002023-Y02-00,PAHO,2015
PERU,LORETO,MAYNAS,"PERU, LORETO, MAYNAS",PER,1011897,PE-LOR,,2015-04-12,,2015,33,Probable and confirmed,Admin2,Week,MOH-PER-20002023-Y02-00,PAHO,2015
PERU,LORETO,MAYNAS,"PERU, LORETO, MAYNAS",PER,1011897,PE-LOR,,2015-04-19,,2015,42,Probable and confirmed,Admin2,Week,MOH-PER-20002023-Y02-00,PAHO,2015
PERU,LORETO,MAYNAS,"PERU, LORETO, MAYNAS",PER,1011897,PE-LOR,,2015-04-26,2015-02-05,2015,24,Probable and confirmed,Admin2,Week,MOH-PER-20002023-Y02-00,PAHO,2015
PERU,LORETO,MAYNAS,"PERU, LORETO, MAYNAS",PER,1011897,PE-LOR,,2015-05-03,2015-09-05,2015,19,Probable and confirmed,Admin2,Week,MOH-PER-20002023-Y02-00,PAHO,2015
PERU,LORETO,MAYNAS,"PERU, LORETO, MAYNAS",PER,1011897,PE-LOR,,2015-05-10,,2015,16,Probable and confirmed,Admin2,Week,MOH-PER-20002023-Y02-00,PAHO,2015
PERU,LORETO,MAYNAS,"PERU, LORETO, MAYNAS",PER,1011897,PE-LOR,,2015-05-17,,2015,17,Probable and confirmed,Admin2,Week,MOH-PER-20002023-Y02-00,PAHO,2015
PERU,LORETO,MAYNAS,"PERU, LORETO, MAYNAS",PER,1011897,PE-LOR,,2015-05-24,,2015,28,Probable and confirmed,Admin2,Week,MOH-PER-20002023-Y02-00,PAHO,2015
PERU,LORETO,MAYNAS,"PERU, LORETO, MAYNAS",PER,1011897,PE-LOR,,2015-05-31,2015-06-06,2015,14,Probable and confirmed,Admin2,Week,MOH-PER-20002023-Y02-00,PAHO,2015
PERU,LORETO,MAYNAS,"PERU, LORETO, MAYNAS",PER,1011897,PE-LOR,,2015-06-07,,2015,13,Probable and confirmed,Admin2,Week,MOH-PER-20002023-Y02-00,PAHO,2015
PERU,LORETO,MAYNAS,"PERU, LORETO, MAYNAS",PER,1011897,PE-LOR,,2015-06-14,,2015,10,Probable and confirmed,Admin2,Week,MOH-PER-20002023-Y02-00,PAHO,2015
PERU,LORETO,MAYNAS,"PERU, LORETO, MAYNAS",PER,1011897,PE-LOR,,2015-06-21,,2015,13,Probable and confirmed,Admin2,Week,MOH-PER-20002023-Y02-00,PAHO,2015
PERU,LORETO,MAYNAS,"PERU, LORETO, MAYNAS",PER,1011897,PE-LOR,,2015-06-28,2015-04-07,2015,5,Probable and confirmed,Admin2,Week,MOH-PER-20002023-Y02-00,PAHO,2015
PERU,LORETO,MAYNAS,"PERU, LORETO, MAYNAS",PER,1011897,PE-LOR,,2015-07-05,2015-11-07,2015,1,Probable and confirmed,Admin2,Week,MOH-PER-20002023-Y02-00,PAHO,2015
PERU,LORETO,MAYNAS,"PERU, LORETO, MAYNAS",PER,1011897,PE-LOR,,2015-07-12,,2015,4,Probable and confirmed,Admin2,Week,MOH-PER-20002023-Y02-00,PAHO,2015
PERU,LORETO,MAYNAS,"PERU, LORETO, MAYNAS",PER,1011897,PE-LOR,,2015-07-19,,2015,5,Probable and confirmed,Admin2,Week,MOH-PER-20002023-Y02-00,PAHO,2015
PERU,LORETO,MAYNAS,"PERU, LORETO, MAYNAS",PER,1011897,PE-LOR,,2015-07-26,2015-01-08,2015,3,Probable and confirmed,Admin2,Week,MOH-PER-20002023-Y02-00,PAHO,2015
PERU,LORETO,MAYNAS,"PERU, LORETO, MAYNAS",PER,1011897,PE-LOR,,2015-08-02,2015-08-08,2015,8,Probable and confirmed,Admin2,Week,MOH-PER-20002023-Y02-00,PAHO,2015
PERU,LORETO,MAYNAS,"PERU, LORETO, MAYNAS",PER,1011897,PE-LOR,,2015-08-09,,2015,5,Probable and confirmed,Admin2,Week,MOH-PER-20002023-Y02-00,PAHO,2015
PERU,LORETO,MAYNAS,"PERU, LORETO, MAYNAS",PER,1011897,PE-LOR,,2015-08-16,,2015,8,Probable and confirmed,Admin2,Week,MOH-PER-20002023-Y02-00,PAHO,2015
PERU,LORETO,MAYNAS,"PERU, LORETO, MAYNAS",PER,1011897,PE-LOR,,2015-08-23,,2015,6,Probable and confirmed,Admin2,Week,MOH-PER-20002023-Y02-00,PAHO,2015
PERU,LORETO,MAYNAS,"PERU, LORETO, MAYNAS",PER,1011897,PE-LOR,,2015-08-30,2015-05-09,2015,4,Probable and confirmed,Admin2,Week,MOH-PER-20002023-Y02-00,PAHO,2015
PERU,LORETO,MAYNAS,"PERU, LORETO, MAYNAS",PER,1011897,PE-LOR,,2015-09-06,2015-12-09,2015,1,Probable and confirmed,Admin2,Week,MOH-PER-20002023-Y02-00,PAHO,2015
PERU,LORETO,MAYNAS,"PERU, LORETO, MAYNAS",PER,1011897,PE-LOR,,2015-09-13,,2015,6,Probable and confirmed,Admin2,Week,MOH-PER-20002023-Y02-00,PAHO,2015
PERU,LORETO,MAYNAS,"PERU, LORETO, MAYNAS",PER,1011897,PE-LOR,,2015-09-20,,2015,8,Probable and confirmed,Admin2,Week,MOH-PER-20002023-Y02-00,PAHO,2015
PERU,LORETO,MAYNAS,"PERU, LORETO, MAYNAS",PER,1011897,PE-LOR,,2015-09-27,2015-03-10,2015,10,Probable and confirmed,Admin2,Week,MOH-PER-20002023-Y02-00,PAHO,2015
PERU,LORETO,MAYNAS,"PERU, LORETO, MAYNAS",PER,1011897,PE-LOR,,2015-10-04,2015-10-10,2015,6,Probable and confirmed,Admin2,Week,MOH-PER-20002023-Y02-00,PAHO,2015
PERU,LORETO,MAYNAS,"PERU, LORETO, MAYNAS",PER,1011897,PE-LOR,,2015-10-11,,2015,9,Probable and confirmed,Admin2,Week,MOH-PER-20002023-Y02-00,PAHO,2015
PERU,LORETO,MAYNAS,"PERU, LORETO, MAYNAS",PER,1011897,PE-LOR,,2015-10-18,,2015,8,Probable and confirmed,Admin2,Week,MOH-PER-20002023-Y02-00,PAHO,2015
PERU,LORETO,MAYNAS,"PERU, LORETO, MAYNAS",PER,1011897,PE-LOR,,2015-10-25,,2015,5,Probable and confirmed,Admin2,Week,MOH-PER-20002023-Y02-00,PAHO,2015
PERU,LORETO,MAYNAS,"PERU, LORETO, MAYNAS",PER,1011897,PE-LOR,,2015-11-01,2015-07-11,2015,9,Probable and confirmed,Admin2,Week,MOH-PER-20002023-Y02-00,PAHO,2015
PERU,LORETO,MAYNAS,"PERU, LORETO, MAYNAS",PER,1011897,PE-LOR,,2015-11-08,,2015,19,Probable and confirmed,Admin2,Week,MOH-PER-20002023-Y02-00,PAHO,2015
PERU,LORETO,MAYNAS,"PERU, LORETO, MAYNAS",PER,1011897,PE-LOR,,2015-11-15,,2015,17,Probable and confirmed,Admin2,Week,MOH-PER-20002023-Y02-00,PAHO,2015
PERU,LORETO,MAYNAS,"PERU, LORETO, MAYNAS",PER,1011897,PE-LOR,,2015-11-22,,2015,3,Probable and confirmed,Admin2,Week,MOH-PER-20002023-Y02-00,PAHO,2015
PERU,LORETO,MAYNAS,"PERU, LORETO, MAYNAS",PER,1011897,PE-LOR,,2015-11-29,2015-05-12,2015,7,Probable and confirmed,Admin2,Week,MOH-PER-20002023-Y02-00,PAHO,2015
PERU,LORETO,MAYNAS,"PERU, LORETO, MAYNAS",PER,1011897,PE-LOR,,2015-12-06,2015-12-12,2015,11,Probable and confirmed,Admin2,Week,MOH-PER-20002023-Y02-00,PAHO,2015
PERU,LORETO,MAYNAS,"PERU, LORETO, MAYNAS",PER,1011897,PE-LOR,,2015-12-13,,2015,9,Probable and confirmed,Admin2,Week,MOH-PER-20002023-Y02-00,PAHO,2015
PERU,LORETO,MAYNAS,"PERU, LORETO, MAYNAS",PER,1011897,PE-LOR,,2015-12-20,,2015,11,Probable and confirmed,Admin2,Week,MOH-PER-20002023-Y02-00,PAHO,2015
PERU,LORETO,MAYNAS,"PERU, LORETO, MAYNAS",PER,1011897,PE-LOR,,2015-12-27,2016-02-01,2015,8,Probable and confirmed,Admin2,Week,MOH-PER-20002023-Y02-00,PAHO,2015
PERU,LORETO,MAYNAS,"PERU, LORETO, MAYNAS",PER,1011897,PE-LOR,,2016-01-03,2016-09-01,2016,12,Probable and confirmed,Admin2,Week,MOH-PER-20002023-Y02-00,PAHO,2016
PERU,LORETO,MAYNAS,"PERU, LORETO, MAYNAS",PER,1011897,PE-LOR,,2016-01-10,,2016,14,Probable and confirmed,Admin2,Week,MOH-PER-20002023-Y02-00,PAHO,2016
PERU,LORETO,MAYNAS,"PERU, LORETO, MAYNAS",PER,1011897,PE-LOR,,2016-01-17,,2016,6,Probable and confirmed,Admin2,Week,MOH-PER-20002023-Y02-00,PAHO,2016
PERU,LORETO,MAYNAS,"PERU, LORETO, MAYNAS",PER,1011897,PE-LOR,,2016-01-24,,2016,20,Probable and confirmed,Admin2,Week,MOH-PER-20002023-Y02-00,PAHO,2016
PERU,LORETO,MAYNAS,"PERU, LORETO, MAYNAS",PER,1011897,PE-LOR,,2016-01-31,2016-06-02,2016,32,Probable and confirmed,Admin2,Week,MOH-PER-20002023-Y02-00,PAHO,2016
PERU,LORETO,MAYNAS,"PERU, LORETO, MAYNAS",PER,1011897,PE-LOR,,2016-02-07,,2016,35,Probable and confirmed,Admin2,Week,MOH-PER-20002023-Y02-00,PAHO,2016
PERU,LORETO,MAYNAS,"PERU, LORETO, MAYNAS",PER,1011897,PE-LOR,,2016-02-14,,2016,31,Probable and confirmed,Admin2,Week,MOH-PER-20002023-Y02-00,PAHO,2016
PERU,LORETO,MAYNAS,"PERU, LORETO, MAYNAS",PER,1011897,PE-LOR,,2016-02-21,,2016,22,Probable and confirmed,Admin2,Week,MOH-PER-20002023-Y02-00,PAHO,2016
PERU,LORETO,MAYNAS,"PERU, LORETO, MAYNAS",PER,1011897,PE-LOR,,2016-02-28,2016-05-03,2016,52,Probable and confirmed,Admin2,Week,MOH-PER-20002023-Y02-00,PAHO,2016
PERU,LORETO,MAYNAS,"PERU, LORETO, MAYNAS",PER,1011897,PE-LOR,,2016-03-06,2016-12-03,2016,75,Probable and confirmed,Admin2,Week,MOH-PER-20002023-Y02-00,PAHO,2016
PERU,LORETO,MAYNAS,"PERU, LORETO, MAYNAS",PER,1011897,PE-LOR,,2016-03-13,,2016,70,Probable and confirmed,Admin2,Week,MOH-PER-20002023-Y02-00,PAHO,2016
PERU,LORETO,MAYNAS,"PERU, LORETO, MAYNAS",PER,1011897,PE-LOR,,2016-03-20,,2016,43,Probable and confirmed,Admin2,Week,MOH-PER-20002023-Y02-00,PAHO,2016
PERU,LORETO,MAYNAS,"PERU, LORETO, MAYNAS",PER,1011897,PE-LOR,,2016-03-27,2016-02-04,2016,49,Probable and confirmed,Admin2,Week,MOH-PER-20002023-Y02-00,PAHO,2016
PERU,LORETO,MAYNAS,"PERU, LORETO, MAYNAS",PER,1011897,PE-LOR,,2016-04-03,2016-09-04,2016,53,Probable and confirmed,Admin2,Week,MOH-PER-20002023-Y02-00,PAHO,2016
PERU,LORETO,MAYNAS,"PERU, LORETO, MAYNAS",PER,1011897,PE-LOR,,2016-04-10,,2016,59,Probable and confirmed,Admin2,Week,MOH-PER-20002023-Y02-00,PAHO,2016
PERU,LORETO,MAYNAS,"PERU, LORETO, MAYNAS",PER,1011897,PE-LOR,,2016-04-17,,2016,33,Probable and confirmed,Admin2,Week,MOH-PER-20002023-Y02-00,PAHO,2016
PERU,LORETO,MAYNAS,"PERU, LORETO, MAYNAS",PER,1011897,PE-LOR,,2016-04-24,,2016,50,Probable and confirmed,Admin2,Week,MOH-PER-20002023-Y02-00,PAHO,2016
PERU,LORETO,MAYNAS,"PERU, LORETO, MAYNAS",PER,1011897,PE-LOR,,2016-05-01,2016-07-05,2016,43,Probable and confirmed,Admin2,Week,MOH-PER-20002023-Y02-00,PAHO,2016
PERU,LORETO,MAYNAS,"PERU, LORETO, MAYNAS",PER,1011897,PE-LOR,,2016-05-08,,2016,27,Probable and confirmed,Admin2,Week,MOH-PER-20002023-Y02-00,PAHO,2016
PERU,LORETO,MAYNAS,"PERU, LORETO, MAYNAS",PER,1011897,PE-LOR,,2016-05-15,,2016,50,Probable and confirmed,Admin2,Week,MOH-PER-20002023-Y02-00,PAHO,2016
PERU,LORETO,MAYNAS,"PERU, LORETO, MAYNAS",PER,1011897,PE-LOR,,2016-05-22,,2016,20,Probable and confirmed,Admin2,Week,MOH-PER-20002023-Y02-00,PAHO,2016
PERU,LORETO,MAYNAS,"PERU, LORETO, MAYNAS",PER,1011897,PE-LOR,,2016-05-29,2016-04-06,2016,24,Probable and confirmed,Admin2,Week,MOH-PER-20002023-Y02-00,PAHO,2016
PERU,LORETO,MAYNAS,"PERU, LORETO, MAYNAS",PER,1011897,PE-LOR,,2016-06-05,2016-11-06,2016,13,Probable and confirmed,Admin2,Week,MOH-PER-20002023-Y02-00,PAHO,2016
PERU,LORETO,MAYNAS,"PERU, LORETO, MAYNAS",PER,1011897,PE-LOR,,2016-06-12,,2016,16,Probable and confirmed,Admin2,Week,MOH-PER-20002023-Y02-00,PAHO,2016
PERU,LORETO,MAYNAS,"PERU, LORETO, MAYNAS",PER,1011897,PE-LOR,,2016-06-19,,2016,15,Probable and confirmed,Admin2,Week,MOH-PER-20002023-Y02-00,PAHO,2016
PERU,LORETO,MAYNAS,"PERU, LORETO, MAYNAS",PER,1011897,PE-LOR,,2016-06-26,2016-02-07,2016,24,Probable and confirmed,Admin2,Week,MOH-PER-20002023-Y02-00,PAHO,2016
PERU,LORETO,MAYNAS,"PERU, LORETO, MAYNAS",PER,1011897,PE-LOR,,2016-07-03,2016-09-07,2016,23,Probable and confirmed,Admin2,Week,MOH-PER-20002023-Y02-00,PAHO,2016
PERU,LORETO,MAYNAS,"PERU, LORETO, MAYNAS",PER,1011897,PE-LOR,,2016-07-10,,2016,20,Probable and confirmed,Admin2,Week,MOH-PER-20002023-Y02-00,PAHO,2016
PERU,LORETO,MAYNAS,"PERU, LORETO, MAYNAS",PER,1011897,PE-LOR,,2016-07-17,,2016,12,Probable and confirmed,Admin2,Week,MOH-PER-20002023-Y02-00,PAHO,2016
PERU,LORETO,MAYNAS,"PERU, LORETO, MAYNAS",PER,1011897,PE-LOR,,2016-07-24,,2016,9,Probable and confirmed,Admin2,Week,MOH-PER-20002023-Y02-00,PAHO,2016
PERU,LORETO,MAYNAS,"PERU, LORETO, MAYNAS",PER,1011897,PE-LOR,,2016-07-31,2016-06-08,2016,8,Probable and confirmed,Admin2,Week,MOH-PER-20002023-Y02-00,PAHO,2016
PERU,LORETO,MAYNAS,"PERU, LORETO, MAYNAS",PER,1011897,PE-LOR,,2016-08-07,,2016,22,Probable and confirmed,Admin2,Week,MOH-PER-20002023-Y02-00,PAHO,2016
PERU,LORETO,MAYNAS,"PERU, LORETO, MAYNAS",PER,1011897,PE-LOR,,2016-08-14,,2016,11,Probable and confirmed,Admin2,Week,MOH-PER-20002023-Y02-00,PAHO,2016
PERU,LORETO,MAYNAS,"PERU, LORETO, MAYNAS",PER,1011897,PE-LOR,,2016-08-21,,2016,11,Probable and confirmed,Admin2,Week,MOH-PER-20002023-Y02-00,PAHO,2016
PERU,LORETO,MAYNAS,"PERU, LORETO, MAYNAS",PER,1011897,PE-LOR,,2016-08-28,2016-03-09,2016,8,Probable and confirmed,Admin2,Week,MOH-PER-20002023-Y02-00,PAHO,2016
PERU,LORETO,MAYNAS,"PERU, LORETO, MAYNAS",PER,1011897,PE-LOR,,2016-09-04,2016-10-09,2016,6,Probable and confirmed,Admin2,Week,MOH-PER-20002023-Y02-00,PAHO,2016
PERU,LORETO,MAYNAS,"PERU, LORETO, MAYNAS",PER,1011897,PE-LOR,,2016-09-11,,2016,14,Probable and confirmed,Admin2,Week,MOH-PER-20002023-Y02-00,PAHO,2016
PERU,LORETO,MAYNAS,"PERU, LORETO, MAYNAS",PER,1011897,PE-LOR,,2016-09-18,,2016,11,Probable and confirmed,Admin2,Week,MOH-PER-20002023-Y02-00,PAHO,2016
PERU,LORETO,MAYNAS,"PERU, LORETO, MAYNAS",PER,1011897,PE-LOR,,2016-09-25,2016-01-10,2016,16,Probable and confirmed,Admin2,Week,MOH-PER-20002023-Y02-00,PAHO,2016
PERU,LORETO,MAYNAS,"PERU, LORETO, MAYNAS",PER,1011897,PE-LOR,,2016-10-02,2016-08-10,2016,19,Probable and confirmed,Admin2,Week,MOH-PER-20002023-Y02-00,PAHO,2016
PERU,LORETO,MAYNAS,"PERU, LORETO, MAYNAS",PER,1011897,PE-LOR,,2016-10-09,,2016,23,Probable and confirmed,Admin2,Week,MOH-PER-20002023-Y02-00,PAHO,2016
PERU,LORETO,MAYNAS,"PERU, LORETO, MAYNAS",PER,1011897,PE-LOR,,2016-10-16,,2016,38,Probable and confirmed,Admin2,Week,MOH-PER-20002023-Y02-00,PAHO,2016
PERU,LORETO,MAYNAS,"PERU, LORETO, MAYNAS",PER,1011897,PE-LOR,,2016-10-23,,2016,22,Probable and confirmed,Admin2,Week,MOH-PER-20002023-Y02-00,PAHO,2016
PERU,LORETO,MAYNAS,"PERU, LORETO, MAYNAS",PER,1011897,PE-LOR,,2016-10-30,2016-05-11,2016,71,Probable and confirmed,Admin2,Week,MOH-PER-20002023-Y02-00,PAHO,2016
PERU,LORETO,MAYNAS,"PERU, LORETO, MAYNAS",PER,1011897,PE-LOR,,2016-11-06,2016-12-11,2016,87,Probable and confirmed,Admin2,Week,MOH-PER-20002023-Y02-00,PAHO,2016
PERU,LORETO,MAYNAS,"PERU, LORETO, MAYNAS",PER,1011897,PE-LOR,,2016-11-13,,2016,46,Probable and confirmed,Admin2,Week,MOH-PER-20002023-Y02-00,PAHO,2016
PERU,LORETO,MAYNAS,"PERU, LORETO, MAYNAS",PER,1011897,PE-LOR,,2016-11-20,,2016,24,Probable and confirmed,Admin2,Week,MOH-PER-20002023-Y02-00,PAHO,2016
PERU,LORETO,MAYNAS,"PERU, LORETO, MAYNAS",PER,1011897,PE-LOR,,2016-11-27,2016-03-12,2016,14,Probable and confirmed,Admin2,Week,MOH-PER-20002023-Y02-00,PAHO,2016
PERU,LORETO,MAYNAS,"PERU, LORETO, MAYNAS",PER,1011897,PE-LOR,,2016-12-04,2016-10-12,2016,19,Probable and confirmed,Admin2,Week,MOH-PER-20002023-Y02-00,PAHO,2016
PERU,LORETO,MAYNAS,"PERU, LORETO, MAYNAS",PER,1011897,PE-LOR,,2016-12-11,,2016,6,Probable and confirmed,Admin2,Week,MOH-PER-20002023-Y02-00,PAHO,2016
PERU,LORETO,MAYNAS,"PERU, LORETO, MAYNAS",PER,1011897,PE-LOR,,2016-12-18,,2016,27,Probable and confirmed,Admin2,Week,MOH-PER-20002023-Y02-00,PAHO,2016
PERU,LORETO,MAYNAS,"PERU, LORETO, MAYNAS",PER,1011897,PE-LOR,,2016-12-25,,2016,16,Probable and confirmed,Admin2,Week,MOH-PER-20002023-Y02-00,PAHO,2016
PERU,LORETO,MAYNAS,"PERU, LORETO, MAYNAS",PER,1011897,PE-LOR,,2017-01-01,2017-07-01,2017,17,Probable and confirmed,Admin2,Week,MOH-PER-20002023-Y02-00,PAHO,2017
PERU,LORETO,MAYNAS,"PERU, LORETO, MAYNAS",PER,1011897,PE-LOR,,2017-01-08,,2017,24,Probable and confirmed,Admin2,Week,MOH-PER-20002023-Y02-00,PAHO,2017
PERU,LORETO,MAYNAS,"PERU, LORETO, MAYNAS",PER,1011897,PE-LOR,,2017-01-15,,2017,20,Probable and confirmed,Admin2,Week,MOH-PER-20002023-Y02-00,PAHO,2017
PERU,LORETO,MAYNAS,"PERU, LORETO, MAYNAS",PER,1011897,PE-LOR,,2017-01-22,,2017,20,Probable and confirmed,Admin2,Week,MOH-PER-20002023-Y02-00,PAHO,2017
PERU,LORETO,MAYNAS,"PERU, LORETO, MAYNAS",PER,1011897,PE-LOR,,2017-01-29,2017-04-02,2017,17,Probable and confirmed,Admin2,Week,MOH-PER-20002023-Y02-00,PAHO,2017
PERU,LORETO,MAYNAS,"PERU, LORETO, MAYNAS",PER,1011897,PE-LOR,,2017-02-05,2017-11-02,2017,18,Probable and confirmed,Admin2,Week,MOH-PER-20002023-Y02-00,PAHO,2017
PERU,LORETO,MAYNAS,"PERU, LORETO, MAYNAS",PER,1011897,PE-LOR,,2017-02-12,,2017,18,Probable and confirmed,Admin2,Week,MOH-PER-20002023-Y02-00,PAHO,2017
PERU,LORETO,MAYNAS,"PERU, LORETO, MAYNAS",PER,1011897,PE-LOR,,2017-02-19,,2017,10,Probable and confirmed,Admin2,Week,MOH-PER-20002023-Y02-00,PAHO,2017
PERU,LORETO,MAYNAS,"PERU, LORETO, MAYNAS",PER,1011897,PE-LOR,,2017-02-26,2017-04-03,2017,3,Probable and confirmed,Admin2,Week,MOH-PER-20002023-Y02-00,PAHO,2017
PERU,LORETO,MAYNAS,"PERU, LORETO, MAYNAS",PER,1011897,PE-LOR,,2017-03-05,2017-11-03,2017,6,Probable and confirmed,Admin2,Week,MOH-PER-20002023-Y02-00,PAHO,2017
PERU,LORETO,MAYNAS,"PERU, LORETO, MAYNAS",PER,1011897,PE-LOR,,2017-03-12,,2017,7,Probable and confirmed,Admin2,Week,MOH-PER-20002023-Y02-00,PAHO,2017
PERU,LORETO,MAYNAS,"PERU, LORETO, MAYNAS",PER,1011897,PE-LOR,,2017-03-19,,2017,6,Probable and confirmed,Admin2,Week,MOH-PER-20002023-Y02-00,PAHO,2017
PERU,LORETO,MAYNAS,"PERU, LORETO, MAYNAS",PER,1011897,PE-LOR,,2017-03-26,2017-01-04,2017,6,Probable and confirmed,Admin2,Week,MOH-PER-20002023-Y02-00,PAHO,2017
PERU,LORETO,MAYNAS,"PERU, LORETO, MAYNAS",PER,1011897,PE-LOR,,2017-04-02,2017-08-04,2017,8,Probable and confirmed,Admin2,Week,MOH-PER-20002023-Y02-00,PAHO,2017
PERU,LORETO,MAYNAS,"PERU, LORETO, MAYNAS",PER,1011897,PE-LOR,,2017-04-09,,2017,1,Probable and confirmed,Admin2,Week,MOH-PER-20002023-Y02-00,PAHO,2017
PERU,LORETO,MAYNAS,"PERU, LORETO, MAYNAS",PER,1011897,PE-LOR,,2017-04-16,,2017,8,Probable and confirmed,Admin2,Week,MOH-PER-20002023-Y02-00,PAHO,2017
PERU,LORETO,MAYNAS,"PERU, LORETO, MAYNAS",PER,1011897,PE-LOR,,2017-04-23,,2017,5,Probable and confirmed,Admin2,Week,MOH-PER-20002023-Y02-00,PAHO,2017
PERU,LORETO,MAYNAS,"PERU, LORETO, MAYNAS",PER,1011897,PE-LOR,,2017-04-30,2017-06-05,2017,8,Probable and confirmed,Admin2,Week,MOH-PER-20002023-Y02-00,PAHO,2017
PERU,LORETO,MAYNAS,"PERU, LORETO, MAYNAS",PER,1011897,PE-LOR,,2017-05-07,,2017,13,Probable and confirmed,Admin2,Week,MOH-PER-20002023-Y02-00,PAHO,2017
PERU,LORETO,MAYNAS,"PERU, LORETO, MAYNAS",PER,1011897,PE-LOR,,2017-05-14,,2017,12,Probable and confirmed,Admin2,Week,MOH-PER-20002023-Y02-00,PAHO,2017
PERU,LORETO,MAYNAS,"PERU, LORETO, MAYNAS",PER,1011897,PE-LOR,,2017-05-21,,2017,4,Probable and confirmed,Admin2,Week,MOH-PER-20002023-Y02-00,PAHO,2017
PERU,LORETO,MAYNAS,"PERU, LORETO, MAYNAS",PER,1011897,PE-LOR,,2017-05-28,2017-03-06,2017,7,Probable and confirmed,Admin2,Week,MOH-PER-20002023-Y02-00,PAHO,2017
PERU,LORETO,MAYNAS,"PERU, LORETO, MAYNAS",PER,1011897,PE-LOR,,2017-06-04,2017-10-06,2017,7,Probable and confirmed,Admin2,Week,MOH-PER-20002023-Y02-00,PAHO,2017
PERU,LORETO,MAYNAS,"PERU, LORETO, MAYNAS",PER,1011897,PE-LOR,,2017-06-11,,2017,10,Probable and confirmed,Admin2,Week,MOH-PER-20002023-Y02-00,PAHO,2017
PERU,LORETO,MAYNAS,"PERU, LORETO, MAYNAS",PER,1011897,PE-LOR,,2017-06-18,,2017,4,Probable and confirmed,Admin2,Week,MOH-PER-20002023-Y02-00,PAHO,2017
PERU,LORETO,MAYNAS,"PERU, LORETO, MAYNAS",PER,1011897,PE-LOR,,2017-06-25,2017-01-07,2017,4,Probable and confirmed,Admin2,Week,MOH-PER-20002023-Y02-00,PAHO,2017
PERU,LORETO,MAYNAS,"PERU, LORETO, MAYNAS",PER,1011897,PE-LOR,,2017-07-02,2017-08-07,2017,5,Probable and confirmed,Admin2,Week,MOH-PER-20002023-Y02-00,PAHO,2017
PERU,LORETO,MAYNAS,"PERU, LORETO, MAYNAS",PER,1011897,PE-LOR,,2017-07-09,,2017,5,Probable and confirmed,Admin2,Week,MOH-PER-20002023-Y02-00,PAHO,2017
PERU,LORETO,MAYNAS,"PERU, LORETO, MAYNAS",PER,1011897,PE-LOR,,2017-07-16,,2017,7,Probable and confirmed,Admin2,Week,MOH-PER-20002023-Y02-00,PAHO,2017
PERU,LORETO,MAYNAS,"PERU, LORETO, MAYNAS",PER,1011897,PE-LOR,,2017-07-23,,2017,4,Probable and confirmed,Admin2,Week,MOH-PER-20002023-Y02-00,PAHO,2017
PERU,LORETO,MAYNAS,"PERU, LORETO, MAYNAS",PER,1011897,PE-LOR,,2017-07-30,2017-05-08,2017,6,Probable and confirmed,Admin2,Week,MOH-PER-20002023-Y02-00,PAHO,2017
PERU,LORETO,MAYNAS,"PERU, LORETO, MAYNAS",PER,1011897,PE-LOR,,2017-08-06,2017-12-08,2017,1,Probable and confirmed,Admin2,Week,MOH-PER-20002023-Y02-00,PAHO,2017
PERU,LORETO,MAYNAS,"PERU, LORETO, MAYNAS",PER,1011897,PE-LOR,,2017-08-13,,2017,3,Probable and confirmed,Admin2,Week,MOH-PER-20002023-Y02-00,PAHO,2017
PERU,LORETO,MAYNAS,"PERU, LORETO, MAYNAS",PER,1011897,PE-LOR,,2017-08-20,,2017,8,Probable and confirmed,Admin2,Week,MOH-PER-20002023-Y02-00,PAHO,2017
PERU,LORETO,MAYNAS,"PERU, LORETO, MAYNAS",PER,1011897,PE-LOR,,2017-08-27,2017-02-09,2017,5,Probable and confirmed,Admin2,Week,MOH-PER-20002023-Y02-00,PAHO,2017
PERU,LORETO,MAYNAS,"PERU, LORETO, MAYNAS",PER,1011897,PE-LOR,,2017-09-03,2017-09-09,2017,4,Probable and confirmed,Admin2,Week,MOH-PER-20002023-Y02-00,PAHO,2017
PERU,LORETO,MAYNAS,"PERU, LORETO, MAYNAS",PER,1011897,PE-LOR,,2017-09-10,,2017,13,Probable and confirmed,Admin2,Week,MOH-PER-20002023-Y02-00,PAHO,2017
PERU,LORETO,MAYNAS,"PERU, LORETO, MAYNAS",PER,1011897,PE-LOR,,2017-09-17,,2017,9,Probable and confirmed,Admin2,Week,MOH-PER-20002023-Y02-00,PAHO,2017
PERU,LORETO,MAYNAS,"PERU, LORETO, MAYNAS",PER,1011897,PE-LOR,,2017-09-24,,2017,12,Probable and confirmed,Admin2,Week,MOH-PER-20002023-Y02-00,PAHO,2017
PERU,LORETO,MAYNAS,"PERU, LORETO, MAYNAS",PER,1011897,PE-LOR,,2017-10-01,2017-07-10,2017,6,Probable and confirmed,Admin2,Week,MOH-PER-20002023-Y02-00,PAHO,2017
PERU,LORETO,MAYNAS,"PERU, LORETO, MAYNAS",PER,1011897,PE-LOR,,2017-10-08,,2017,4,Probable and confirmed,Admin2,Week,MOH-PER-20002023-Y02-00,PAHO,2017
PERU,LORETO,MAYNAS,"PERU, LORETO, MAYNAS",PER,1011897,PE-LOR,,2017-10-15,,2017,6,Probable and confirmed,Admin2,Week,MOH-PER-20002023-Y02-00,PAHO,2017
PERU,LORETO,MAYNAS,"PERU, LORETO, MAYNAS",PER,1011897,PE-LOR,,2017-10-22,,2017,12,Probable and confirmed,Admin2,Week,MOH-PER-20002023-Y02-00,PAHO,2017
PERU,LORETO,MAYNAS,"PERU, LORETO, MAYNAS",PER,1011897,PE-LOR,,2017-10-29,2017-04-11,2017,20,Probable and confirmed,Admin2,Week,MOH-PER-20002023-Y02-00,PAHO,2017
PERU,LORETO,MAYNAS,"PERU, LORETO, MAYNAS",PER,1011897,PE-LOR,,2017-11-05,2017-11-11,2017,63,Probable and confirmed,Admin2,Week,MOH-PER-20002023-Y02-00,PAHO,2017
PERU,LORETO,MAYNAS,"PERU, LORETO, MAYNAS",PER,1011897,PE-LOR,,2017-11-12,,2017,76,Probable and confirmed,Admin2,Week,MOH-PER-20002023-Y02-00,PAHO,2017
PERU,LORETO,MAYNAS,"PERU, LORETO, MAYNAS",PER,1011897,PE-LOR,,2017-11-19,,2017,49,Probable and confirmed,Admin2,Week,MOH-PER-20002023-Y02-00,PAHO,2017
PERU,LORETO,MAYNAS,"PERU, LORETO, MAYNAS",PER,1011897,PE-LOR,,2017-11-26,2017-02-12,2017,71,Probable and confirmed,Admin2,Week,MOH-PER-20002023-Y02-00,PAHO,2017
PERU,LORETO,MAYNAS,"PERU, LORETO, MAYNAS",PER,1011897,PE-LOR,,2017-12-03,2017-09-12,2017,58,Probable and confirmed,Admin2,Week,MOH-PER-20002023-Y02-00,PAHO,2017
PERU,LORETO,MAYNAS,"PERU, LORETO, MAYNAS",PER,1011897,PE-LOR,,2017-12-10,,2017,41,Probable and confirmed,Admin2,Week,MOH-PER-20002023-Y02-00,PAHO,2017
PERU,LORETO,MAYNAS,"PERU, LORETO, MAYNAS",PER,1011897,PE-LOR,,2017-12-17,,2017,30,Probable and confirmed,Admin2,Week,MOH-PER-20002023-Y02-00,PAHO,2017
PERU,LORETO,MAYNAS,"PERU, LORETO, MAYNAS",PER,1011897,PE-LOR,,2017-12-24,,2017,22,Probable and confirmed,Admin2,Week,MOH-PER-20002023-Y02-00,PAHO,2017
PERU,LORETO,MAYNAS,"PERU, LORETO, MAYNAS",PER,1011897,PE-LOR,,2017-12-31,2018-06-01,2017,21,Probable and confirmed,Admin2,Week,MOH-PER-20002023-Y02-00,PAHO,2017
PERU,LORETO,MAYNAS,"PERU, LORETO, MAYNAS",PER,1011897,PE-LOR,,2018-01-07,,2018,13,Probable and confirmed,Admin2,Week,MOH-PER-20002023-Y02-00,PAHO,2018
PERU,LORETO,MAYNAS,"PERU, LORETO, MAYNAS",PER,1011897,PE-LOR,,2018-01-14,,2018,17,Probable and confirmed,Admin2,Week,MOH-PER-20002023-Y02-00,PAHO,2018
PERU,LORETO,MAYNAS,"PERU, LORETO, MAYNAS",PER,1011897,PE-LOR,,2018-01-21,,2018,15,Probable and confirmed,Admin2,Week,MOH-PER-20002023-Y02-00,PAHO,2018
PERU,LORETO,MAYNAS,"PERU, LORETO, MAYNAS",PER,1011897,PE-LOR,,2018-01-28,2018-03-02,2018,23,Probable and confirmed,Admin2,Week,MOH-PER-20002023-Y02-00,PAHO,2018
PERU,LORETO,MAYNAS,"PERU, LORETO, MAYNAS",PER,1011897,PE-LOR,,2018-02-04,2018-10-02,2018,29,Probable and confirmed,Admin2,Week,MOH-PER-20002023-Y02-00,PAHO,2018
PERU,LORETO,MAYNAS,"PERU, LORETO, MAYNAS",PER,1011897,PE-LOR,,2018-02-11,,2018,28,Probable and confirmed,Admin2,Week,MOH-PER-20002023-Y02-00,PAHO,2018
PERU,LORETO,MAYNAS,"PERU, LORETO, MAYNAS",PER,1011897,PE-LOR,,2018-02-18,,2018,23,Probable and confirmed,Admin2,Week,MOH-PER-20002023-Y02-00,PAHO,2018
PERU,LORETO,MAYNAS,"PERU, LORETO, MAYNAS",PER,1011897,PE-LOR,,2018-02-25,2018-03-03,2018,22,Probable and confirmed,Admin2,Week,MOH-PER-20002023-Y02-00,PAHO,2018
PERU,LORETO,MAYNAS,"PERU, LORETO, MAYNAS",PER,1011897,PE-LOR,,2018-03-04,2018-10-03,2018,26,Probable and confirmed,Admin2,Week,MOH-PER-20002023-Y02-00,PAHO,2018
PERU,LORETO,MAYNAS,"PERU, LORETO, MAYNAS",PER,1011897,PE-LOR,,2018-03-11,,2018,26,Probable and confirmed,Admin2,Week,MOH-PER-20002023-Y02-00,PAHO,2018
PERU,LORETO,MAYNAS,"PERU, LORETO, MAYNAS",PER,1011897,PE-LOR,,2018-03-18,,2018,28,Probable and confirmed,Admin2,Week,MOH-PER-20002023-Y02-00,PAHO,2018
PERU,LORETO,MAYNAS,"PERU, LORETO, MAYNAS",PER,1011897,PE-LOR,,2018-03-25,,2018,30,Probable and confirmed,Admin2,Week,MOH-PER-20002023-Y02-00,PAHO,2018
PERU,LORETO,MAYNAS,"PERU, LORETO, MAYNAS",PER,1011897,PE-LOR,,2018-04-01,2018-07-04,2018,32,Probable and confirmed,Admin2,Week,MOH-PER-20002023-Y02-00,PAHO,2018
PERU,LORETO,MAYNAS,"PERU, LORETO, MAYNAS",PER,1011897,PE-LOR,,2018-04-08,,2018,37,Probable and confirmed,Admin2,Week,MOH-PER-20002023-Y02-00,PAHO,2018
PERU,LORETO,MAYNAS,"PERU, LORETO, MAYNAS",PER,1011897,PE-LOR,,2018-04-15,,2018,33,Probable and confirmed,Admin2,Week,MOH-PER-20002023-Y02-00,PAHO,2018
PERU,LORETO,MAYNAS,"PERU, LORETO, MAYNAS",PER,1011897,PE-LOR,,2018-04-22,,2018,37,Probable and confirmed,Admin2,Week,MOH-PER-20002023-Y02-00,PAHO,2018
PERU,LORETO,MAYNAS,"PERU, LORETO, MAYNAS",PER,1011897,PE-LOR,,2018-04-29,2018-05-05,2018,46,Probable and confirmed,Admin2,Week,MOH-PER-20002023-Y02-00,PAHO,2018
PERU,LORETO,MAYNAS,"PERU, LORETO, MAYNAS",PER,1011897,PE-LOR,,2018-05-06,2018-12-05,2018,43,Probable and confirmed,Admin2,Week,MOH-PER-20002023-Y02-00,PAHO,2018
PERU,LORETO,MAYNAS,"PERU, LORETO, MAYNAS",PER,1011897,PE-LOR,,2018-05-13,,2018,27,Probable and confirmed,Admin2,Week,MOH-PER-20002023-Y02-00,PAHO,2018
PERU,LORETO,MAYNAS,"PERU, LORETO, MAYNAS",PER,1011897,PE-LOR,,2018-05-20,,2018,21,Probable and confirmed,Admin2,Week,MOH-PER-20002023-Y02-00,PAHO,2018
PERU,LORETO,MAYNAS,"PERU, LORETO, MAYNAS",PER,1011897,PE-LOR,,2018-05-27,2018-02-06,2018,16,Probable and confirmed,Admin2,Week,MOH-PER-20002023-Y02-00,PAHO,2018
PERU,LORETO,MAYNAS,"PERU, LORETO, MAYNAS",PER,1011897,PE-LOR,,2018-06-03,2018-09-06,2018,22,Probable and confirmed,Admin2,Week,MOH-PER-20002023-Y02-00,PAHO,2018
PERU,LORETO,MAYNAS,"PERU, LORETO, MAYNAS",PER,1011897,PE-LOR,,2018-06-10,,2018,21,Probable and confirmed,Admin2,Week,MOH-PER-20002023-Y02-00,PAHO,2018
PERU,LORETO,MAYNAS,"PERU, LORETO, MAYNAS",PER,1011897,PE-LOR,,2018-06-17,,2018,14,Probable and confirmed,Admin2,Week,MOH-PER-20002023-Y02-00,PAHO,2018
PERU,LORETO,MAYNAS,"PERU, LORETO, MAYNAS",PER,1011897,PE-LOR,,2018-06-24,,2018,24,Probable and confirmed,Admin2,Week,MOH-PER-20002023-Y02-00,PAHO,2018
PERU,LORETO,MAYNAS,"PERU, LORETO, MAYNAS",PER,1011897,PE-LOR,,2018-07-01,2018-07-07,2018,12,Probable and confirmed,Admin2,Week,MOH-PER-20002023-Y02-00,PAHO,2018
PERU,LORETO,MAYNAS,"PERU, LORETO, MAYNAS",PER,1011897,PE-LOR,,2018-07-08,,2018,12,Probable and confirmed,Admin2,Week,MOH-PER-20002023-Y02-00,PAHO,2018
PERU,LORETO,MAYNAS,"PERU, LORETO, MAYNAS",PER,1011897,PE-LOR,,2018-07-15,,2018,10,Probable and confirmed,Admin2,Week,MOH-PER-20002023-Y02-00,PAHO,2018
PERU,LORETO,MAYNAS,"PERU, LORETO, MAYNAS",PER,1011897,PE-LOR,,2018-07-22,,2018,8,Probable and confirmed,Admin2,Week,MOH-PER-20002023-Y02-00,PAHO,2018
PERU,LORETO,MAYNAS,"PERU, LORETO, MAYNAS",PER,1011897,PE-LOR,,2018-07-29,2018-04-08,2018,10,Probable and confirmed,Admin2,Week,MOH-PER-20002023-Y02-00,PAHO,2018
PERU,LORETO,MAYNAS,"PERU, LORETO, MAYNAS",PER,1011897,PE-LOR,,2018-08-05,2018-11-08,2018,10,Probable and confirmed,Admin2,Week,MOH-PER-20002023-Y02-00,PAHO,2018
PERU,LORETO,MAYNAS,"PERU, LORETO, MAYNAS",PER,1011897,PE-LOR,,2018-08-12,,2018,3,Probable and confirmed,Admin2,Week,MOH-PER-20002023-Y02-00,PAHO,2018
PERU,LORETO,MAYNAS,"PERU, LORETO, MAYNAS",PER,1011897,PE-LOR,,2018-08-19,,2018,4,Probable and confirmed,Admin2,Week,MOH-PER-20002023-Y02-00,PAHO,2018
PERU,LORETO,MAYNAS,"PERU, LORETO, MAYNAS",PER,1011897,PE-LOR,,2018-08-26,2018-01-09,2018,7,Probable and confirmed,Admin2,Week,MOH-PER-20002023-Y02-00,PAHO,2018
PERU,LORETO,MAYNAS,"PERU, LORETO, MAYNAS",PER,1011897,PE-LOR,,2018-09-02,2018-08-09,2018,7,Probable and confirmed,Admin2,Week,MOH-PER-20002023-Y02-00,PAHO,2018
PERU,LORETO,MAYNAS,"PERU, LORETO, MAYNAS",PER,1011897,PE-LOR,,2018-09-09,,2018,2,Probable and confirmed,Admin2,Week,MOH-PER-20002023-Y02-00,PAHO,2018
PERU,LORETO,MAYNAS,"PERU, LORETO, MAYNAS",PER,1011897,PE-LOR,,2018-09-16,,2018,3,Probable and confirmed,Admin2,Week,MOH-PER-20002023-Y02-00,PAHO,2018
PERU,LORETO,MAYNAS,"PERU, LORETO, MAYNAS",PER,1011897,PE-LOR,,2018-09-23,,2018,3,Probable and confirmed,Admin2,Week,MOH-PER-20002023-Y02-00,PAHO,2018
PERU,LORETO,MAYNAS,"PERU, LORETO, MAYNAS",PER,1011897,PE-LOR,,2018-09-30,2018-06-10,2018,7,Probable and confirmed,Admin2,Week,MOH-PER-20002023-Y02-00,PAHO,2018
PERU,LORETO,MAYNAS,"PERU, LORETO, MAYNAS",PER,1011897,PE-LOR,,2018-10-07,,2018,9,Probable and confirmed,Admin2,Week,MOH-PER-20002023-Y02-00,PAHO,2018
PERU,LORETO,MAYNAS,"PERU, LORETO, MAYNAS",PER,1011897,PE-LOR,,2018-10-14,,2018,14,Probable and confirmed,Admin2,Week,MOH-PER-20002023-Y02-00,PAHO,2018
PERU,LORETO,MAYNAS,"PERU, LORETO, MAYNAS",PER,1011897,PE-LOR,,2018-10-21,,2018,8,Probable and confirmed,Admin2,Week,MOH-PER-20002023-Y02-00,PAHO,2018
PERU,LORETO,MAYNAS,"PERU, LORETO, MAYNAS",PER,1011897,PE-LOR,,2018-10-28,2018-03-11,2018,8,Probable and confirmed,Admin2,Week,MOH-PER-20002023-Y02-00,PAHO,2018
PERU,LORETO,MAYNAS,"PERU, LORETO, MAYNAS",PER,1011897,PE-LOR,,2018-11-04,2018-10-11,2018,6,Probable and confirmed,Admin2,Week,MOH-PER-20002023-Y02-00,PAHO,2018
PERU,LORETO,MAYNAS,"PERU, LORETO, MAYNAS",PER,1011897,PE-LOR,,2018-11-11,,2018,5,Probable and confirmed,Admin2,Week,MOH-PER-20002023-Y02-00,PAHO,2018
PERU,LORETO,MAYNAS,"PERU, LORETO, MAYNAS",PER,1011897,PE-LOR,,2018-11-18,,2018,4,Probable and confirmed,Admin2,Week,MOH-PER-20002023-Y02-00,PAHO,2018
PERU,LORETO,MAYNAS,"PERU, LORETO, MAYNAS",PER,1011897,PE-LOR,,2018-11-25,2018-01-12,2018,11,Probable and confirmed,Admin2,Week,MOH-PER-20002023-Y02-00,PAHO,2018
PERU,LORETO,MAYNAS,"PERU, LORETO, MAYNAS",PER,1011897,PE-LOR,,2018-12-02,2018-08-12,2018,7,Probable and confirmed,Admin2,Week,MOH-PER-20002023-Y02-00,PAHO,2018
PERU,LORETO,MAYNAS,"PERU, LORETO, MAYNAS",PER,1011897,PE-LOR,,2018-12-09,,2018,7,Probable and confirmed,Admin2,Week,MOH-PER-20002023-Y02-00,PAHO,2018
PERU,LORETO,MAYNAS,"PERU, LORETO, MAYNAS",PER,1011897,PE-LOR,,2018-12-16,,2018,3,Probable and confirmed,Admin2,Week,MOH-PER-20002023-Y02-00,PAHO,2018
PERU,LORETO,MAYNAS,"PERU, LORETO, MAYNAS",PER,1011897,PE-LOR,,2018-12-23,,2018,11,Probable and confirmed,Admin2,Week,MOH-PER-20002023-Y02-00,PAHO,2018
PERU,LORETO,MAYNAS,"PERU, LORETO, MAYNAS",PER,1011897,PE-LOR,,2018-12-30,2019-05-01,2018,12,Probable and confirmed,Admin2,Week,MOH-PER-20002023-Y02-00,PAHO,2018
PERU,LORETO,MAYNAS,"PERU, LORETO, MAYNAS",PER,1011897,PE-LOR,,2019-01-06,2019-12-01,2019,24,Probable and confirmed,Admin2,Week,MOH-PER-20002023-Y02-00,PAHO,2019
PERU,LORETO,MAYNAS,"PERU, LORETO, MAYNAS",PER,1011897,PE-LOR,,2019-01-13,,2019,14,Probable and confirmed,Admin2,Week,MOH-PER-20002023-Y02-00,PAHO,2019
PERU,LORETO,MAYNAS,"PERU, LORETO, MAYNAS",PER,1011897,PE-LOR,,2019-01-20,,2019,20,Probable and confirmed,Admin2,Week,MOH-PER-20002023-Y02-00,PAHO,2019
PERU,LORETO,MAYNAS,"PERU, LORETO, MAYNAS",PER,1011897,PE-LOR,,2019-01-27,2019-02-02,2019,27,Probable and confirmed,Admin2,Week,MOH-PER-20002023-Y02-00,PAHO,2019
PERU,LORETO,MAYNAS,"PERU, LORETO, MAYNAS",PER,1011897,PE-LOR,,2019-02-03,2019-09-02,2019,16,Probable and confirmed,Admin2,Week,MOH-PER-20002023-Y02-00,PAHO,2019
PERU,LORETO,MAYNAS,"PERU, LORETO, MAYNAS",PER,1011897,PE-LOR,,2019-02-10,,2019,11,Probable and confirmed,Admin2,Week,MOH-PER-20002023-Y02-00,PAHO,2019
PERU,LORETO,MAYNAS,"PERU, LORETO, MAYNAS",PER,1011897,PE-LOR,,2019-02-17,,2019,18,Probable and confirmed,Admin2,Week,MOH-PER-20002023-Y02-00,PAHO,2019
PERU,LORETO,MAYNAS,"PERU, LORETO, MAYNAS",PER,1011897,PE-LOR,,2019-02-24,2019-02-03,2019,13,Probable and confirmed,Admin2,Week,MOH-PER-20002023-Y02-00,PAHO,2019
PERU,LORETO,MAYNAS,"PERU, LORETO, MAYNAS",PER,1011897,PE-LOR,,2019-03-03,2019-09-03,2019,38,Probable and confirmed,Admin2,Week,MOH-PER-20002023-Y02-00,PAHO,2019
PERU,LORETO,MAYNAS,"PERU, LORETO, MAYNAS",PER,1011897,PE-LOR,,2019-03-10,,2019,29,Probable and confirmed,Admin2,Week,MOH-PER-20002023-Y02-00,PAHO,2019
PERU,LORETO,MAYNAS,"PERU, LORETO, MAYNAS",PER,1011897,PE-LOR,,2019-03-17,,2019,28,Probable and confirmed,Admin2,Week,MOH-PER-20002023-Y02-00,PAHO,2019
PERU,LORETO,MAYNAS,"PERU, LORETO, MAYNAS",PER,1011897,PE-LOR,,2019-03-24,,2019,27,Probable and confirmed,Admin2,Week,MOH-PER-20002023-Y02-00,PAHO,2019
PERU,LORETO,MAYNAS,"PERU, LORETO, MAYNAS",PER,1011897,PE-LOR,,2019-03-31,2019-06-04,2019,20,Probable and confirmed,Admin2,Week,MOH-PER-20002023-Y02-00,PAHO,2019
PERU,LORETO,MAYNAS,"PERU, LORETO, MAYNAS",PER,1011897,PE-LOR,,2019-04-07,,2019,19,Probable and confirmed,Admin2,Week,MOH-PER-20002023-Y02-00,PAHO,2019
PERU,LORETO,MAYNAS,"PERU, LORETO, MAYNAS",PER,1011897,PE-LOR,,2019-04-14,,2019,11,Probable and confirmed,Admin2,Week,MOH-PER-20002023-Y02-00,PAHO,2019
PERU,LORETO,MAYNAS,"PERU, LORETO, MAYNAS",PER,1011897,PE-LOR,,2019-04-21,,2019,12,Probable and confirmed,Admin2,Week,MOH-PER-20002023-Y02-00,PAHO,2019
PERU,LORETO,MAYNAS,"PERU, LORETO, MAYNAS",PER,1011897,PE-LOR,,2019-04-28,2019-04-05,2019,15,Probable and confirmed,Admin2,Week,MOH-PER-20002023-Y02-00,PAHO,2019
PERU,LORETO,MAYNAS,"PERU, LORETO, MAYNAS",PER,1011897,PE-LOR,,2019-05-05,2019-11-05,2019,8,Probable and confirmed,Admin2,Week,MOH-PER-20002023-Y02-00,PAHO,2019
PERU,LORETO,MAYNAS,"PERU, LORETO, MAYNAS",PER,1011897,PE-LOR,,2019-05-12,,2019,8,Probable and confirmed,Admin2,Week,MOH-PER-20002023-Y02-00,PAHO,2019
PERU,LORETO,MAYNAS,"PERU, LORETO, MAYNAS",PER,1011897,PE-LOR,,2019-05-19,,2019,10,Probable and confirmed,Admin2,Week,MOH-PER-20002023-Y02-00,PAHO,2019
PERU,LORETO,MAYNAS,"PERU, LORETO, MAYNAS",PER,1011897,PE-LOR,,2019-05-26,2019-01-06,2019,13,Probable and confirmed,Admin2,Week,MOH-PER-20002023-Y02-00,PAHO,2019
PERU,LORETO,MAYNAS,"PERU, LORETO, MAYNAS",PER,1011897,PE-LOR,,2019-06-02,2019-08-06,2019,4,Probable and confirmed,Admin2,Week,MOH-PER-20002023-Y02-00,PAHO,2019
PERU,LORETO,MAYNAS,"PERU, LORETO, MAYNAS",PER,1011897,PE-LOR,,2019-06-09,,2019,6,Probable and confirmed,Admin2,Week,MOH-PER-20002023-Y02-00,PAHO,2019
PERU,LORETO,MAYNAS,"PERU, LORETO, MAYNAS",PER,1011897,PE-LOR,,2019-06-16,,2019,6,Probable and confirmed,Admin2,Week,MOH-PER-20002023-Y02-00,PAHO,2019
PERU,LORETO,MAYNAS,"PERU, LORETO, MAYNAS",PER,1011897,PE-LOR,,2019-06-23,,2019,6,Probable and confirmed,Admin2,Week,MOH-PER-20002023-Y02-00,PAHO,2019
PERU,LORETO,MAYNAS,"PERU, LORETO, MAYNAS",PER,1011897,PE-LOR,,2019-06-30,2019-06-07,2019,3,Probable and confirmed,Admin2,Week,MOH-PER-20002023-Y02-00,PAHO,2019
PERU,LORETO,MAYNAS,"PERU, LORETO, MAYNAS",PER,1011897,PE-LOR,,2019-07-07,,2019,5,Probable and confirmed,Admin2,Week,MOH-PER-20002023-Y02-00,PAHO,2019
PERU,LORETO,MAYNAS,"PERU, LORETO, MAYNAS",PER,1011897,PE-LOR,,2019-07-14,,2019,3,Probable and confirmed,Admin2,Week,MOH-PER-20002023-Y02-00,PAHO,2019
PERU,LORETO,MAYNAS,"PERU, LORETO, MAYNAS",PER,1011897,PE-LOR,,2019-07-21,,2019,9,Probable and confirmed,Admin2,Week,MOH-PER-20002023-Y02-00,PAHO,2019
PERU,LORETO,MAYNAS,"PERU, LORETO, MAYNAS",PER,1011897,PE-LOR,,2019-07-28,2019-03-08,2019,14,Probable and confirmed,Admin2,Week,MOH-PER-20002023-Y02-00,PAHO,2019
PERU,LORETO,MAYNAS,"PERU, LORETO, MAYNAS",PER,1011897,PE-LOR,,2019-08-04,2019-10-08,2019,5,Probable and confirmed,Admin2,Week,MOH-PER-20002023-Y02-00,PAHO,2019
PERU,LORETO,MAYNAS,"PERU, LORETO, MAYNAS",PER,1011897,PE-LOR,,2019-08-11,,2019,4,Probable and confirmed,Admin2,Week,MOH-PER-20002023-Y02-00,PAHO,2019
PERU,LORETO,MAYNAS,"PERU, LORETO, MAYNAS",PER,1011897,PE-LOR,,2019-08-18,,2019,6,Probable and confirmed,Admin2,Week,MOH-PER-20002023-Y02-00,PAHO,2019
PERU,LORETO,MAYNAS,"PERU, LORETO, MAYNAS",PER,1011897,PE-LOR,,2019-08-25,,2019,3,Probable and confirmed,Admin2,Week,MOH-PER-20002023-Y02-00,PAHO,2019
PERU,LORETO,MAYNAS,"PERU, LORETO, MAYNAS",PER,1011897,PE-LOR,,2019-09-01,2019-07-09,2019,6,Probable and confirmed,Admin2,Week,MOH-PER-20002023-Y02-00,PAHO,2019
PERU,LORETO,MAYNAS,"PERU, LORETO, MAYNAS",PER,1011897,PE-LOR,,2019-09-08,,2019,1,Probable and confirmed,Admin2,Week,MOH-PER-20002023-Y02-00,PAHO,2019
PERU,LORETO,MAYNAS,"PERU, LORETO, MAYNAS",PER,1011897,PE-LOR,,2019-09-15,,2019,2,Probable and confirmed,Admin2,Week,MOH-PER-20002023-Y02-00,PAHO,2019
PERU,LORETO,MAYNAS,"PERU, LORETO, MAYNAS",PER,1011897,PE-LOR,,2019-09-22,,2019,5,Probable and confirmed,Admin2,Week,MOH-PER-20002023-Y02-00,PAHO,2019
PERU,LORETO,MAYNAS,"PERU, LORETO, MAYNAS",PER,1011897,PE-LOR,,2019-09-29,2019-05-10,2019,5,Probable and confirmed,Admin2,Week,MOH-PER-20002023-Y02-00,PAHO,2019
PERU,LORETO,MAYNAS,"PERU, LORETO, MAYNAS",PER,1011897,PE-LOR,,2019-10-06,2019-12-10,2019,4,Probable and confirmed,Admin2,Week,MOH-PER-20002023-Y02-00,PAHO,2019
PERU,LORETO,MAYNAS,"PERU, LORETO, MAYNAS",PER,1011897,PE-LOR,,2019-10-13,,2019,9,Probable and confirmed,Admin2,Week,MOH-PER-20002023-Y02-00,PAHO,2019
PERU,LORETO,MAYNAS,"PERU, LORETO, MAYNAS",PER,1011897,PE-LOR,,2019-10-20,,2019,11,Probable and confirmed,Admin2,Week,MOH-PER-20002023-Y02-00,PAHO,2019
PERU,LORETO,MAYNAS,"PERU, LORETO, MAYNAS",PER,1011897,PE-LOR,,2019-10-27,2019-02-11,2019,4,Probable and confirmed,Admin2,Week,MOH-PER-20002023-Y02-00,PAHO,2019
PERU,LORETO,MAYNAS,"PERU, LORETO, MAYNAS",PER,1011897,PE-LOR,,2019-11-03,2019-09-11,2019,8,Probable and confirmed,Admin2,Week,MOH-PER-20002023-Y02-00,PAHO,2019
PERU,LORETO,MAYNAS,"PERU, LORETO, MAYNAS",PER,1011897,PE-LOR,,2019-11-10,,2019,35,Probable and confirmed,Admin2,Week,MOH-PER-20002023-Y02-00,PAHO,2019
PERU,LORETO,MAYNAS,"PERU, LORETO, MAYNAS",PER,1011897,PE-LOR,,2019-11-17,,2019,60,Probable and confirmed,Admin2,Week,MOH-PER-20002023-Y02-00,PAHO,2019
PERU,LORETO,MAYNAS,"PERU, LORETO, MAYNAS",PER,1011897,PE-LOR,,2019-11-24,,2019,62,Probable and confirmed,Admin2,Week,MOH-PER-20002023-Y02-00,PAHO,2019
PERU,LORETO,MAYNAS,"PERU, LORETO, MAYNAS",PER,1011897,PE-LOR,,2019-12-01,2019-07-12,2019,99,Probable and confirmed,Admin2,Week,MOH-PER-20002023-Y02-00,PAHO,2019
PERU,LORETO,MAYNAS,"PERU, LORETO, MAYNAS",PER,1011897,PE-LOR,,2019-12-08,,2019,95,Probable and confirmed,Admin2,Week,MOH-PER-20002023-Y02-00,PAHO,2019
PERU,LORETO,MAYNAS,"PERU, LORETO, MAYNAS",PER,1011897,PE-LOR,,2019-12-15,,2019,119,Probable and confirmed,Admin2,Week,MOH-PER-20002023-Y02-00,PAHO,2019
PERU,LORETO,MAYNAS,"PERU, LORETO, MAYNAS",PER,1011897,PE-LOR,,2019-12-22,,2019,139,Probable and confirmed,Admin2,Week,MOH-PER-20002023-Y02-00,PAHO,2019
PERU,LORETO,MAYNAS,"PERU, LORETO, MAYNAS",PER,1011897,PE-LOR,,2019-12-29,2020-04-01,2019,147,Probable and confirmed,Admin2,Week,MOH-PER-20002023-Y02-00,PAHO,2019
PERU,LORETO,MAYNAS,"PERU, LORETO, MAYNAS",PER,1011897,PE-LOR,,2020-01-05,2020-11-01,2020,227,Probable and confirmed,Admin2,Week,MOH-PER-20002023-Y02-00,PAHO,2020
PERU,LORETO,MAYNAS,"PERU, LORETO, MAYNAS",PER,1011897,PE-LOR,,2020-01-12,,2020,298,Probable and confirmed,Admin2,Week,MOH-PER-20002023-Y02-00,PAHO,2020
PERU,LORETO,MAYNAS,"PERU, LORETO, MAYNAS",PER,1011897,PE-LOR,,2020-01-19,,2020,299,Probable and confirmed,Admin2,Week,MOH-PER-20002023-Y02-00,PAHO,2020
PERU,LORETO,MAYNAS,"PERU, LORETO, MAYNAS",PER,1011897,PE-LOR,,2020-01-26,2020-01-02,2020,293,Probable and confirmed,Admin2,Week,MOH-PER-20002023-Y02-00,PAHO,2020
PERU,LORETO,MAYNAS,"PERU, LORETO, MAYNAS",PER,1011897,PE-LOR,,2020-02-02,2020-08-02,2020,266,Probable and confirmed,Admin2,Week,MOH-PER-20002023-Y02-00,PAHO,2020
PERU,LORETO,MAYNAS,"PERU, LORETO, MAYNAS",PER,1011897,PE-LOR,,2020-02-09,,2020,272,Probable and confirmed,Admin2,Week,MOH-PER-20002023-Y02-00,PAHO,2020
PERU,LORETO,MAYNAS,"PERU, LORETO, MAYNAS",PER,1011897,PE-LOR,,2020-02-16,,2020,301,Probable and confirmed,Admin2,Week,MOH-PER-20002023-Y02-00,PAHO,2020
PERU,LORETO,MAYNAS,"PERU, LORETO, MAYNAS",PER,1011897,PE-LOR,,2020-02-23,,2020,267,Probable and confirmed,Admin2,Week,MOH-PER-20002023-Y02-00,PAHO,2020
PERU,LORETO,MAYNAS,"PERU, LORETO, MAYNAS",PER,1011897,PE-LOR,,2020-03-01,2020-07-03,2020,421,Probable and confirmed,Admin2,Week,MOH-PER-20002023-Y02-00,PAHO,2020
PERU,LORETO,MAYNAS,"PERU, LORETO, MAYNAS",PER,1011897,PE-LOR,,2020-03-08,,2020,206,Probable and confirmed,Admin2,Week,MOH-PER-20002023-Y02-00,PAHO,2020
PERU,LORETO,MAYNAS,"PERU, LORETO, MAYNAS",PER,1011897,PE-LOR,,2020-03-15,,2020,189,Probable and confirmed,Admin2,Week,MOH-PER-20002023-Y02-00,PAHO,2020
PERU,LORETO,MAYNAS,"PERU, LORETO, MAYNAS",PER,1011897,PE-LOR,,2020-03-22,,2020,101,Probable and confirmed,Admin2,Week,MOH-PER-20002023-Y02-00,PAHO,2020
PERU,LORETO,MAYNAS,"PERU, LORETO, MAYNAS",PER,1011897,PE-LOR,,2020-03-29,2020-04-04,2020,30,Probable and confirmed,Admin2,Week,MOH-PER-20002023-Y02-00,PAHO,2020
PERU,LORETO,MAYNAS,"PERU, LORETO, MAYNAS",PER,1011897,PE-LOR,,2020-04-05,2020-11-04,2020,25,Probable and confirmed,Admin2,Week,MOH-PER-20002023-Y02-00,PAHO,2020
PERU,LORETO,MAYNAS,"PERU, LORETO, MAYNAS",PER,1011897,PE-LOR,,2020-04-12,,2020,31,Probable and confirmed,Admin2,Week,MOH-PER-20002023-Y02-00,PAHO,2020
PERU,LORETO,MAYNAS,"PERU, LORETO, MAYNAS",PER,1011897,PE-LOR,,2020-04-19,,2020,23,Probable and confirmed,Admin2,Week,MOH-PER-20002023-Y02-00,PAHO,2020
PERU,LORETO,MAYNAS,"PERU, LORETO, MAYNAS",PER,1011897,PE-LOR,,2020-04-26,2020-02-05,2020,12,Probable and confirmed,Admin2,Week,MOH-PER-20002023-Y02-00,PAHO,2020
PERU,LORETO,MAYNAS,"PERU, LORETO, MAYNAS",PER,1011897,PE-LOR,,2020-05-03,2020-09-05,2020,6,Probable and confirmed,Admin2,Week,MOH-PER-20002023-Y02-00,PAHO,2020
PERU,LORETO,MAYNAS,"PERU, LORETO, MAYNAS",PER,1011897,PE-LOR,,2020-05-10,,2020,3,Probable and confirmed,Admin2,Week,MOH-PER-20002023-Y02-00,PAHO,2020
PERU,LORETO,MAYNAS,"PERU, LORETO, MAYNAS",PER,1011897,PE-LOR,,2020-05-17,,2020,11,Probable and confirmed,Admin2,Week,MOH-PER-20002023-Y02-00,PAHO,2020
PERU,LORETO,MAYNAS,"PERU, LORETO, MAYNAS",PER,1011897,PE-LOR,,2020-05-24,,2020,5,Probable and confirmed,Admin2,Week,MOH-PER-20002023-Y02-00,PAHO,2020
PERU,LORETO,MAYNAS,"PERU, LORETO, MAYNAS",PER,1011897,PE-LOR,,2020-05-31,2020-06-06,2020,13,Probable and confirmed,Admin2,Week,MOH-PER-20002023-Y02-00,PAHO,2020
PERU,LORETO,MAYNAS,"PERU, LORETO, MAYNAS",PER,1011897,PE-LOR,,2020-06-07,,2020,16,Probable and confirmed,Admin2,Week,MOH-PER-20002023-Y02-00,PAHO,2020
PERU,LORETO,MAYNAS,"PERU, LORETO, MAYNAS",PER,1011897,PE-LOR,,2020-06-14,,2020,19,Probable and confirmed,Admin2,Week,MOH-PER-20002023-Y02-00,PAHO,2020
PERU,LORETO,MAYNAS,"PERU, LORETO, MAYNAS",PER,1011897,PE-LOR,,2020-06-21,,2020,22,Probable and confirmed,Admin2,Week,MOH-PER-20002023-Y02-00,PAHO,2020
PERU,LORETO,MAYNAS,"PERU, LORETO, MAYNAS",PER,1011897,PE-LOR,,2020-06-28,2020-04-07,2020,24,Probable and confirmed,Admin2,Week,MOH-PER-20002023-Y02-00,PAHO,2020
PERU,LORETO,MAYNAS,"PERU, LORETO, MAYNAS",PER,1011897,PE-LOR,,2020-07-05,2020-11-07,2020,12,Probable and confirmed,Admin2,Week,MOH-PER-20002023-Y02-00,PAHO,2020
PERU,LORETO,MAYNAS,"PERU, LORETO, MAYNAS",PER,1011897,PE-LOR,,2020-07-12,,2020,30,Probable and confirmed,Admin2,Week,MOH-PER-20002023-Y02-00,PAHO,2020
PERU,LORETO,MAYNAS,"PERU, LORETO, MAYNAS",PER,1011897,PE-LOR,,2020-07-19,,2020,36,Probable and confirmed,Admin2,Week,MOH-PER-20002023-Y02-00,PAHO,2020
PERU,LORETO,MAYNAS,"PERU, LORETO, MAYNAS",PER,1011897,PE-LOR,,2020-07-26,2020-01-08,2020,44,Probable and confirmed,Admin2,Week,MOH-PER-20002023-Y02-00,PAHO,2020
PERU,LORETO,MAYNAS,"PERU, LORETO, MAYNAS",PER,1011897,PE-LOR,,2020-08-02,2020-08-08,2020,27,Probable and confirmed,Admin2,Week,MOH-PER-20002023-Y02-00,PAHO,2020
PERU,LORETO,MAYNAS,"PERU, LORETO, MAYNAS",PER,1011897,PE-LOR,,2020-08-09,,2020,31,Probable and confirmed,Admin2,Week,MOH-PER-20002023-Y02-00,PAHO,2020
PERU,LORETO,MAYNAS,"PERU, LORETO, MAYNAS",PER,1011897,PE-LOR,,2020-08-16,,2020,32,Probable and confirmed,Admin2,Week,MOH-PER-20002023-Y02-00,PAHO,2020
PERU,LORETO,MAYNAS,"PERU, LORETO, MAYNAS",PER,1011897,PE-LOR,,2020-08-23,,2020,28,Probable and confirmed,Admin2,Week,MOH-PER-20002023-Y02-00,PAHO,2020
PERU,LORETO,MAYNAS,"PERU, LORETO, MAYNAS",PER,1011897,PE-LOR,,2020-08-30,2020-05-09,2020,44,Probable and confirmed,Admin2,Week,MOH-PER-20002023-Y02-00,PAHO,2020
PERU,LORETO,MAYNAS,"PERU, LORETO, MAYNAS",PER,1011897,PE-LOR,,2020-09-06,2020-12-09,2020,66,Probable and confirmed,Admin2,Week,MOH-PER-20002023-Y02-00,PAHO,2020
PERU,LORETO,MAYNAS,"PERU, LORETO, MAYNAS",PER,1011897,PE-LOR,,2020-09-13,,2020,65,Probable and confirmed,Admin2,Week,MOH-PER-20002023-Y02-00,PAHO,2020
PERU,LORETO,MAYNAS,"PERU, LORETO, MAYNAS",PER,1011897,PE-LOR,,2020-09-20,,2020,54,Probable and confirmed,Admin2,Week,MOH-PER-20002023-Y02-00,PAHO,2020
PERU,LORETO,MAYNAS,"PERU, LORETO, MAYNAS",PER,1011897,PE-LOR,,2020-09-27,2020-03-10,2020,78,Probable and confirmed,Admin2,Week,MOH-PER-20002023-Y02-00,PAHO,2020
PERU,LORETO,MAYNAS,"PERU, LORETO, MAYNAS",PER,1011897,PE-LOR,,2020-10-04,2020-10-10,2020,94,Probable and confirmed,Admin2,Week,MOH-PER-20002023-Y02-00,PAHO,2020
PERU,LORETO,MAYNAS,"PERU, LORETO, MAYNAS",PER,1011897,PE-LOR,,2020-10-11,,2020,91,Probable and confirmed,Admin2,Week,MOH-PER-20002023-Y02-00,PAHO,2020
PERU,LORETO,MAYNAS,"PERU, LORETO, MAYNAS",PER,1011897,PE-LOR,,2020-10-18,,2020,80,Probable and confirmed,Admin2,Week,MOH-PER-20002023-Y02-00,PAHO,2020
PERU,LORETO,MAYNAS,"PERU, LORETO, MAYNAS",PER,1011897,PE-LOR,,2020-10-25,,2020,76,Probable and confirmed,Admin2,Week,MOH-PER-20002023-Y02-00,PAHO,2020
PERU,LORETO,MAYNAS,"PERU, LORETO, MAYNAS",PER,1011897,PE-LOR,,2020-11-01,2020-07-11,2020,103,Probable and confirmed,Admin2,Week,MOH-PER-20002023-Y02-00,PAHO,2020
PERU,LORETO,MAYNAS,"PERU, LORETO, MAYNAS",PER,1011897,PE-LOR,,2020-11-08,,2020,82,Probable and confirmed,Admin2,Week,MOH-PER-20002023-Y02-00,PAHO,2020
PERU,LORETO,MAYNAS,"PERU, LORETO, MAYNAS",PER,1011897,PE-LOR,,2020-11-15,,2020,81,Probable and confirmed,Admin2,Week,MOH-PER-20002023-Y02-00,PAHO,2020
PERU,LORETO,MAYNAS,"PERU, LORETO, MAYNAS",PER,1011897,PE-LOR,,2020-11-22,,2020,56,Probable and confirmed,Admin2,Week,MOH-PER-20002023-Y02-00,PAHO,2020
PERU,LORETO,MAYNAS,"PERU, LORETO, MAYNAS",PER,1011897,PE-LOR,,2020-11-29,2020-05-12,2020,51,Probable and confirmed,Admin2,Week,MOH-PER-20002023-Y02-00,PAHO,2020
PERU,LORETO,MAYNAS,"PERU, LORETO, MAYNAS",PER,1011897,PE-LOR,,2020-12-06,2020-12-12,2020,76,Probable and confirmed,Admin2,Week,MOH-PER-20002023-Y02-00,PAHO,2020
PERU,LORETO,MAYNAS,"PERU, LORETO, MAYNAS",PER,1011897,PE-LOR,,2020-12-13,,2020,57,Probable and confirmed,Admin2,Week,MOH-PER-20002023-Y02-00,PAHO,2020
PERU,LORETO,MAYNAS,"PERU, LORETO, MAYNAS",PER,1011897,PE-LOR,,2020-12-20,,2020,44,Probable and confirmed,Admin2,Week,MOH-PER-20002023-Y02-00,PAHO,2020
PERU,LORETO,MAYNAS,"PERU, LORETO, MAYNAS",PER,1011897,PE-LOR,,2020-12-27,2021-02-01,2020,35,Probable and confirmed,Admin2,Week,MOH-PER-20002023-Y02-00,PAHO,2020
PERU,LORETO,MAYNAS,"PERU, LORETO, MAYNAS",PER,1011897,PE-LOR,,2021-01-03,2021-09-01,2021,53,Probable and confirmed,Admin2,Week,MOH-PER-20002023-Y02-00,PAHO,2021
PERU,LORETO,MAYNAS,"PERU, LORETO, MAYNAS",PER,1011897,PE-LOR,,2021-01-10,,2021,64,Probable and confirmed,Admin2,Week,MOH-PER-20002023-Y02-00,PAHO,2021
PERU,LORETO,MAYNAS,"PERU, LORETO, MAYNAS",PER,1011897,PE-LOR,,2021-01-17,,2021,85,Probable and confirmed,Admin2,Week,MOH-PER-20002023-Y02-00,PAHO,2021
PERU,LORETO,MAYNAS,"PERU, LORETO, MAYNAS",PER,1011897,PE-LOR,,2021-01-24,,2021,52,Probable and confirmed,Admin2,Week,MOH-PER-20002023-Y02-00,PAHO,2021
PERU,LORETO,MAYNAS,"PERU, LORETO, MAYNAS",PER,1011897,PE-LOR,,2021-01-31,2021-06-02,2021,21,Probable and confirmed,Admin2,Week,MOH-PER-20002023-Y02-00,PAHO,2021
PERU,LORETO,MAYNAS,"PERU, LORETO, MAYNAS",PER,1011897,PE-LOR,,2021-02-07,,2021,22,Probable and confirmed,Admin2,Week,MOH-PER-20002023-Y02-00,PAHO,2021
PERU,LORETO,MAYNAS,"PERU, LORETO, MAYNAS",PER,1011897,PE-LOR,,2021-02-14,,2021,13,Probable and confirmed,Admin2,Week,MOH-PER-20002023-Y02-00,PAHO,2021
PERU,LORETO,MAYNAS,"PERU, LORETO, MAYNAS",PER,1011897,PE-LOR,,2021-02-21,,2021,13,Probable and confirmed,Admin2,Week,MOH-PER-20002023-Y02-00,PAHO,2021
PERU,LORETO,MAYNAS,"PERU, LORETO, MAYNAS",PER,1011897,PE-LOR,,2021-02-28,2021-06-03,2021,14,Probable and confirmed,Admin2,Week,MOH-PER-20002023-Y02-00,PAHO,2021
PERU,LORETO,MAYNAS,"PERU, LORETO, MAYNAS",PER,1011897,PE-LOR,,2021-03-07,,2021,14,Probable and confirmed,Admin2,Week,MOH-PER-20002023-Y02-00,PAHO,2021
PERU,LORETO,MAYNAS,"PERU, LORETO, MAYNAS",PER,1011897,PE-LOR,,2021-03-14,,2021,16,Probable and confirmed,Admin2,Week,MOH-PER-20002023-Y02-00,PAHO,2021
PERU,LORETO,MAYNAS,"PERU, LORETO, MAYNAS",PER,1011897,PE-LOR,,2021-03-21,,2021,11,Probable and confirmed,Admin2,Week,MOH-PER-20002023-Y02-00,PAHO,2021
PERU,LORETO,MAYNAS,"PERU, LORETO, MAYNAS",PER,1011897,PE-LOR,,2021-03-28,2021-03-04,2021,5,Probable and confirmed,Admin2,Week,MOH-PER-20002023-Y02-00,PAHO,2021
PERU,LORETO,MAYNAS,"PERU, LORETO, MAYNAS",PER,1011897,PE-LOR,,2021-04-04,2021-10-04,2021,8,Probable and confirmed,Admin2,Week,MOH-PER-20002023-Y02-00,PAHO,2021
PERU,LORETO,MAYNAS,"PERU, LORETO, MAYNAS",PER,1011897,PE-LOR,,2021-04-11,,2021,12,Probable and confirmed,Admin2,Week,MOH-PER-20002023-Y02-00,PAHO,2021
PERU,LORETO,MAYNAS,"PERU, LORETO, MAYNAS",PER,1011897,PE-LOR,,2021-04-18,,2021,8,Probable and confirmed,Admin2,Week,MOH-PER-20002023-Y02-00,PAHO,2021
PERU,LORETO,MAYNAS,"PERU, LORETO, MAYNAS",PER,1011897,PE-LOR,,2021-04-25,2021-01-05,2021,7,Probable and confirmed,Admin2,Week,MOH-PER-20002023-Y02-00,PAHO,2021
PERU,LORETO,MAYNAS,"PERU, LORETO, MAYNAS",PER,1011897,PE-LOR,,2021-05-02,2021-08-05,2021,10,Probable and confirmed,Admin2,Week,MOH-PER-20002023-Y02-00,PAHO,2021
PERU,LORETO,MAYNAS,"PERU, LORETO, MAYNAS",PER,1011897,PE-LOR,,2021-05-09,,2021,11,Probable and confirmed,Admin2,Week,MOH-PER-20002023-Y02-00,PAHO,2021
PERU,LORETO,MAYNAS,"PERU, LORETO, MAYNAS",PER,1011897,PE-LOR,,2021-05-16,,2021,8,Probable and confirmed,Admin2,Week,MOH-PER-20002023-Y02-00,PAHO,2021
PERU,LORETO,MAYNAS,"PERU, LORETO, MAYNAS",PER,1011897,PE-LOR,,2021-05-23,,2021,6,Probable and confirmed,Admin2,Week,MOH-PER-20002023-Y02-00,PAHO,2021
PERU,LORETO,MAYNAS,"PERU, LORETO, MAYNAS",PER,1011897,PE-LOR,,2021-05-30,2021-05-06,2021,7,Probable and confirmed,Admin2,Week,MOH-PER-20002023-Y02-00,PAHO,2021
PERU,LORETO,MAYNAS,"PERU, LORETO, MAYNAS",PER,1011897,PE-LOR,,2021-06-06,2021-12-06,2021,6,Probable and confirmed,Admin2,Week,MOH-PER-20002023-Y02-00,PAHO,2021
PERU,LORETO,MAYNAS,"PERU, LORETO, MAYNAS",PER,1011897,PE-LOR,,2021-06-13,,2021,6,Probable and confirmed,Admin2,Week,MOH-PER-20002023-Y02-00,PAHO,2021
PERU,LORETO,MAYNAS,"PERU, LORETO, MAYNAS",PER,1011897,PE-LOR,,2021-06-20,,2021,4,Probable and confirmed,Admin2,Week,MOH-PER-20002023-Y02-00,PAHO,2021
PERU,LORETO,MAYNAS,"PERU, LORETO, MAYNAS",PER,1011897,PE-LOR,,2021-06-27,2021-03-07,2021,6,Probable and confirmed,Admin2,Week,MOH-PER-20002023-Y02-00,PAHO,2021
PERU,LORETO,MAYNAS,"PERU, LORETO, MAYNAS",PER,1011897,PE-LOR,,2021-07-04,2021-10-07,2021,1,Probable and confirmed,Admin2,Week,MOH-PER-20002023-Y02-00,PAHO,2021
PERU,LORETO,MAYNAS,"PERU, LORETO, MAYNAS",PER,1011897,PE-LOR,,2021-07-11,,2021,4,Probable and confirmed,Admin2,Week,MOH-PER-20002023-Y02-00,PAHO,2021
PERU,LORETO,MAYNAS,"PERU, LORETO, MAYNAS",PER,1011897,PE-LOR,,2021-07-18,,2021,2,Probable and confirmed,Admin2,Week,MOH-PER-20002023-Y02-00,PAHO,2021
PERU,LORETO,MAYNAS,"PERU, LORETO, MAYNAS",PER,1011897,PE-LOR,,2021-07-25,,2021,1,Probable and confirmed,Admin2,Week,MOH-PER-20002023-Y02-00,PAHO,2021
PERU,LORETO,MAYNAS,"PERU, LORETO, MAYNAS",PER,1011897,PE-LOR,,2021-08-01,2021-07-08,2021,6,Probable and confirmed,Admin2,Week,MOH-PER-20002023-Y02-00,PAHO,2021
PERU,LORETO,MAYNAS,"PERU, LORETO, MAYNAS",PER,1011897,PE-LOR,,2021-08-08,,2021,6,Probable and confirmed,Admin2,Week,MOH-PER-20002023-Y02-00,PAHO,2021
PERU,LORETO,MAYNAS,"PERU, LORETO, MAYNAS",PER,1011897,PE-LOR,,2021-08-15,,2021,7,Probable and confirmed,Admin2,Week,MOH-PER-20002023-Y02-00,PAHO,2021
PERU,LORETO,MAYNAS,"PERU, LORETO, MAYNAS",PER,1011897,PE-LOR,,2021-08-22,,2021,4,Probable and confirmed,Admin2,Week,MOH-PER-20002023-Y02-00,PAHO,2021
PERU,LORETO,MAYNAS,"PERU, LORETO, MAYNAS",PER,1011897,PE-LOR,,2021-08-29,2021-04-09,2021,6,Probable and confirmed,Admin2,Week,MOH-PER-20002023-Y02-00,PAHO,2021
PERU,LORETO,MAYNAS,"PERU, LORETO, MAYNAS",PER,1011897,PE-LOR,,2021-09-05,2021-11-09,2021,6,Probable and confirmed,Admin2,Week,MOH-PER-20002023-Y02-00,PAHO,2021
PERU,LORETO,MAYNAS,"PERU, LORETO, MAYNAS",PER,1011897,PE-LOR,,2021-09-12,,2021,5,Probable and confirmed,Admin2,Week,MOH-PER-20002023-Y02-00,PAHO,2021
PERU,LORETO,MAYNAS,"PERU, LORETO, MAYNAS",PER,1011897,PE-LOR,,2021-09-19,,2021,8,Probable and confirmed,Admin2,Week,MOH-PER-20002023-Y02-00,PAHO,2021
PERU,LORETO,MAYNAS,"PERU, LORETO, MAYNAS",PER,1011897,PE-LOR,,2021-09-26,2021-02-10,2021,4,Probable and confirmed,Admin2,Week,MOH-PER-20002023-Y02-00,PAHO,2021
PERU,LORETO,MAYNAS,"PERU, LORETO, MAYNAS",PER,1011897,PE-LOR,,2021-10-03,2021-09-10,2021,7,Probable and confirmed,Admin2,Week,MOH-PER-20002023-Y02-00,PAHO,2021
PERU,LORETO,MAYNAS,"PERU, LORETO, MAYNAS",PER,1011897,PE-LOR,,2021-10-10,,2021,5,Probable and confirmed,Admin2,Week,MOH-PER-20002023-Y02-00,PAHO,2021
PERU,LORETO,MAYNAS,"PERU, LORETO, MAYNAS",PER,1011897,PE-LOR,,2021-10-17,,2021,19,Probable and confirmed,Admin2,Week,MOH-PER-20002023-Y02-00,PAHO,2021
PERU,LORETO,MAYNAS,"PERU, LORETO, MAYNAS",PER,1011897,PE-LOR,,2021-10-24,,2021,10,Probable and confirmed,Admin2,Week,MOH-PER-20002023-Y02-00,PAHO,2021
PERU,LORETO,MAYNAS,"PERU, LORETO, MAYNAS",PER,1011897,PE-LOR,,2021-10-31,2021-06-11,2021,11,Probable and confirmed,Admin2,Week,MOH-PER-20002023-Y02-00,PAHO,2021
PERU,LORETO,MAYNAS,"PERU, LORETO, MAYNAS",PER,1011897,PE-LOR,,2021-11-07,,2021,9,Probable and confirmed,Admin2,Week,MOH-PER-20002023-Y02-00,PAHO,2021
PERU,LORETO,MAYNAS,"PERU, LORETO, MAYNAS",PER,1011897,PE-LOR,,2021-11-14,,2021,24,Probable and confirmed,Admin2,Week,MOH-PER-20002023-Y02-00,PAHO,2021
PERU,LORETO,MAYNAS,"PERU, LORETO, MAYNAS",PER,1011897,PE-LOR,,2021-11-21,,2021,16,Probable and confirmed,Admin2,Week,MOH-PER-20002023-Y02-00,PAHO,2021
PERU,LORETO,MAYNAS,"PERU, LORETO, MAYNAS",PER,1011897,PE-LOR,,2021-11-28,2021-04-12,2021,28,Probable and confirmed,Admin2,Week,MOH-PER-20002023-Y02-00,PAHO,2021
PERU,LORETO,MAYNAS,"PERU, LORETO, MAYNAS",PER,1011897,PE-LOR,,2021-12-05,2021-11-12,2021,21,Probable and confirmed,Admin2,Week,MOH-PER-20002023-Y02-00,PAHO,2021
PERU,LORETO,MAYNAS,"PERU, LORETO, MAYNAS",PER,1011897,PE-LOR,,2021-12-12,,2021,13,Probable and confirmed,Admin2,Week,MOH-PER-20002023-Y02-00,PAHO,2021
PERU,LORETO,MAYNAS,"PERU, LORETO, MAYNAS",PER,1011897,PE-LOR,,2021-12-19,,2021,6,Probable and confirmed,Admin2,Week,MOH-PER-20002023-Y02-00,PAHO,2021
PERU,LORETO,MAYNAS,"PERU, LORETO, MAYNAS",PER,1011897,PE-LOR,,2021-12-26,2022-01-01,2021,11,Probable and confirmed,Admin2,Week,MOH-PER-20002023-Y02-00,PAHO,2021
PERU,LORETO,MAYNAS,"PERU, LORETO, MAYNAS",PER,1011897,PE-LOR,,2022-01-02,2022-08-01,2022,22,Probable and confirmed,Admin2,Week,MOH-PER-20002023-Y02-00,PAHO,2022
PERU,LORETO,MAYNAS,"PERU, LORETO, MAYNAS",PER,1011897,PE-LOR,,2022-01-09,,2022,27,Probable and confirmed,Admin2,Week,MOH-PER-20002023-Y02-00,PAHO,2022
PERU,LORETO,MAYNAS,"PERU, LORETO, MAYNAS",PER,1011897,PE-LOR,,2022-01-16,,2022,18,Probable and confirmed,Admin2,Week,MOH-PER-20002023-Y02-00,PAHO,2022
PERU,LORETO,MAYNAS,"PERU, LORETO, MAYNAS",PER,1011897,PE-LOR,,2022-01-23,,2022,29,Probable and confirmed,Admin2,Week,MOH-PER-20002023-Y02-00,PAHO,2022
PERU,LORETO,MAYNAS,"PERU, LORETO, MAYNAS",PER,1011897,PE-LOR,,2022-01-30,2022-05-02,2022,54,Probable and confirmed,Admin2,Week,MOH-PER-20002023-Y02-00,PAHO,2022
PERU,LORETO,MAYNAS,"PERU, LORETO, MAYNAS",PER,1011897,PE-LOR,,2022-02-06,2022-12-02,2022,46,Probable and confirmed,Admin2,Week,MOH-PER-20002023-Y02-00,PAHO,2022
PERU,LORETO,MAYNAS,"PERU, LORETO, MAYNAS",PER,1011897,PE-LOR,,2022-02-13,,2022,87,Probable and confirmed,Admin2,Week,MOH-PER-20002023-Y02-00,PAHO,2022
PERU,LORETO,MAYNAS,"PERU, LORETO, MAYNAS",PER,1011897,PE-LOR,,2022-02-20,,2022,74,Probable and confirmed,Admin2,Week,MOH-PER-20002023-Y02-00,PAHO,2022
PERU,LORETO,MAYNAS,"PERU, LORETO, MAYNAS",PER,1011897,PE-LOR,,2022-02-27,2022-05-03,2022,77,Probable and confirmed,Admin2,Week,MOH-PER-20002023-Y02-00,PAHO,2022
PERU,LORETO,MAYNAS,"PERU, LORETO, MAYNAS",PER,1011897,PE-LOR,,2022-03-06,2022-12-03,2022,125,Probable and confirmed,Admin2,Week,MOH-PER-20002023-Y02-00,PAHO,2022
PERU,LORETO,MAYNAS,"PERU, LORETO, MAYNAS",PER,1011897,PE-LOR,,2022-03-13,,2022,151,Probable and confirmed,Admin2,Week,MOH-PER-20002023-Y02-00,PAHO,2022
PERU,LORETO,MAYNAS,"PERU, LORETO, MAYNAS",PER,1011897,PE-LOR,,2022-03-20,,2022,173,Probable and confirmed,Admin2,Week,MOH-PER-20002023-Y02-00,PAHO,2022
PERU,LORETO,MAYNAS,"PERU, LORETO, MAYNAS",PER,1011897,PE-LOR,,2022-03-27,2022-02-04,2022,184,Probable and confirmed,Admin2,Week,MOH-PER-20002023-Y02-00,PAHO,2022
PERU,LORETO,MAYNAS,"PERU, LORETO, MAYNAS",PER,1011897,PE-LOR,,2022-04-03,2022-09-04,2022,200,Probable and confirmed,Admin2,Week,MOH-PER-20002023-Y02-00,PAHO,2022
PERU,LORETO,MAYNAS,"PERU, LORETO, MAYNAS",PER,1011897,PE-LOR,,2022-04-10,,2022,243,Probable and confirmed,Admin2,Week,MOH-PER-20002023-Y02-00,PAHO,2022
PERU,LORETO,MAYNAS,"PERU, LORETO, MAYNAS",PER,1011897,PE-LOR,,2022-04-17,,2022,362,Probable and confirmed,Admin2,Week,MOH-PER-20002023-Y02-00,PAHO,2022
PERU,LORETO,MAYNAS,"PERU, LORETO, MAYNAS",PER,1011897,PE-LOR,,2022-04-24,,2022,231,Probable and confirmed,Admin2,Week,MOH-PER-20002023-Y02-00,PAHO,2022
PERU,LORETO,MAYNAS,"PERU, LORETO, MAYNAS",PER,1011897,PE-LOR,,2022-05-01,2022-07-05,2022,251,Probable and confirmed,Admin2,Week,MOH-PER-20002023-Y02-00,PAHO,2022
PERU,LORETO,MAYNAS,"PERU, LORETO, MAYNAS",PER,1011897,PE-LOR,,2022-05-08,,2022,212,Probable and confirmed,Admin2,Week,MOH-PER-20002023-Y02-00,PAHO,2022
PERU,LORETO,MAYNAS,"PERU, LORETO, MAYNAS",PER,1011897,PE-LOR,,2022-05-15,,2022,81,Probable and confirmed,Admin2,Week,MOH-PER-20002023-Y02-00,PAHO,2022
PERU,LORETO,MAYNAS,"PERU, LORETO, MAYNAS",PER,1011897,PE-LOR,,2022-05-22,,2022,48,Probable and confirmed,Admin2,Week,MOH-PER-20002023-Y02-00,PAHO,2022
PERU,LORETO,MAYNAS,"PERU, LORETO, MAYNAS",PER,1011897,PE-LOR,,2022-05-29,2022-04-06,2022,79,Probable and confirmed,Admin2,Week,MOH-PER-20002023-Y02-00,PAHO,2022
PERU,LORETO,MAYNAS,"PERU, LORETO, MAYNAS",PER,1011897,PE-LOR,,2022-06-05,2022-11-06,2022,60,Probable and confirmed,Admin2,Week,MOH-PER-20002023-Y02-00,PAHO,2022
PERU,LORETO,MAYNAS,"PERU, LORETO, MAYNAS",PER,1011897,PE-LOR,,2022-06-12,,2022,47,Probable and confirmed,Admin2,Week,MOH-PER-20002023-Y02-00,PAHO,2022
PERU,LORETO,MAYNAS,"PERU, LORETO, MAYNAS",PER,1011897,PE-LOR,,2022-06-19,,2022,32,Probable and confirmed,Admin2,Week,MOH-PER-20002023-Y02-00,PAHO,2022
PERU,LORETO,MAYNAS,"PERU, LORETO, MAYNAS",PER,1011897,PE-LOR,,2022-06-26,2022-02-07,2022,18,Probable and confirmed,Admin2,Week,MOH-PER-20002023-Y02-00,PAHO,2022
PERU,LORETO,MAYNAS,"PERU, LORETO, MAYNAS",PER,1011897,PE-LOR,,2022-07-03,2022-09-07,2022,26,Probable and confirmed,Admin2,Week,MOH-PER-20002023-Y02-00,PAHO,2022
PERU,LORETO,MAYNAS,"PERU, LORETO, MAYNAS",PER,1011897,PE-LOR,,2022-07-10,,2022,15,Probable and confirmed,Admin2,Week,MOH-PER-20002023-Y02-00,PAHO,2022
PERU,LORETO,MAYNAS,"PERU, LORETO, MAYNAS",PER,1011897,PE-LOR,,2022-07-17,,2022,18,Probable and confirmed,Admin2,Week,MOH-PER-20002023-Y02-00,PAHO,2022
PERU,LORETO,MAYNAS,"PERU, LORETO, MAYNAS",PER,1011897,PE-LOR,,2022-07-24,,2022,12,Probable and confirmed,Admin2,Week,MOH-PER-20002023-Y02-00,PAHO,2022
PERU,LORETO,MAYNAS,"PERU, LORETO, MAYNAS",PER,1011897,PE-LOR,,2022-07-31,2022-06-08,2022,7,Probable and confirmed,Admin2,Week,MOH-PER-20002023-Y02-00,PAHO,2022
PERU,LORETO,MAYNAS,"PERU, LORETO, MAYNAS",PER,1011897,PE-LOR,,2022-08-07,,2022,14,Probable and confirmed,Admin2,Week,MOH-PER-20002023-Y02-00,PAHO,2022
PERU,LORETO,MAYNAS,"PERU, LORETO, MAYNAS",PER,1011897,PE-LOR,,2022-08-14,,2022,12,Probable and confirmed,Admin2,Week,MOH-PER-20002023-Y02-00,PAHO,2022
PERU,LORETO,MAYNAS,"PERU, LORETO, MAYNAS",PER,1011897,PE-LOR,,2022-08-21,,2022,16,Probable and confirmed,Admin2,Week,MOH-PER-20002023-Y02-00,PAHO,2022
PERU,LORETO,MAYNAS,"PERU, LORETO, MAYNAS",PER,1011897,PE-LOR,,2022-08-28,2022-03-09,2022,13,Probable and confirmed,Admin2,Week,MOH-PER-20002023-Y02-00,PAHO,2022
PERU,LORETO,MAYNAS,"PERU, LORETO, MAYNAS",PER,1011897,PE-LOR,,2022-09-04,2022-10-09,2022,14,Probable and confirmed,Admin2,Week,MOH-PER-20002023-Y02-00,PAHO,2022
PERU,LORETO,MAYNAS,"PERU, LORETO, MAYNAS",PER,1011897,PE-LOR,,2022-09-11,,2022,23,Probable and confirmed,Admin2,Week,MOH-PER-20002023-Y02-00,PAHO,2022
PERU,LORETO,MAYNAS,"PERU, LORETO, MAYNAS",PER,1011897,PE-LOR,,2022-09-18,,2022,12,Probable and confirmed,Admin2,Week,MOH-PER-20002023-Y02-00,PAHO,2022
PERU,LORETO,MAYNAS,"PERU, LORETO, MAYNAS",PER,1011897,PE-LOR,,2022-09-25,2022-01-10,2022,13,Probable and confirmed,Admin2,Week,MOH-PER-20002023-Y02-00,PAHO,2022
PERU,LORETO,MAYNAS,"PERU, LORETO, MAYNAS",PER,1011897,PE-LOR,,2022-10-02,2022-08-10,2022,11,Probable and confirmed,Admin2,Week,MOH-PER-20002023-Y02-00,PAHO,2022
PERU,LORETO,MAYNAS,"PERU, LORETO, MAYNAS",PER,1011897,PE-LOR,,2022-10-09,,2022,13,Probable and confirmed,Admin2,Week,MOH-PER-20002023-Y02-00,PAHO,2022
PERU,LORETO,MAYNAS,"PERU, LORETO, MAYNAS",PER,1011897,PE-LOR,,2022-10-16,,2022,14,Probable and confirmed,Admin2,Week,MOH-PER-20002023-Y02-00,PAHO,2022
PERU,LORETO,MAYNAS,"PERU, LORETO, MAYNAS",PER,1011897,PE-LOR,,2022-10-23,,2022,13,Probable and confirmed,Admin2,Week,MOH-PER-20002023-Y02-00,PAHO,2022
PERU,LORETO,MAYNAS,"PERU, LORETO, MAYNAS",PER,1011897,PE-LOR,,2022-10-30,2022-05-11,2022,15,Probable and confirmed,Admin2,Week,MOH-PER-20002023-Y02-00,PAHO,2022
PERU,LORETO,MAYNAS,"PERU, LORETO, MAYNAS",PER,1011897,PE-LOR,,2022-11-06,2022-12-11,2022,10,Probable and confirmed,Admin2,Week,MOH-PER-20002023-Y02-00,PAHO,2022
PERU,LORETO,MAYNAS,"PERU, LORETO, MAYNAS",PER,1011897,PE-LOR,,2022-11-13,,2022,23,Probable and confirmed,Admin2,Week,MOH-PER-20002023-Y02-00,PAHO,2022
PERU,LORETO,MAYNAS,"PERU, LORETO, MAYNAS",PER,1011897,PE-LOR,,2022-11-20,,2022,7,Probable and confirmed,Admin2,Week,MOH-PER-20002023-Y02-00,PAHO,2022
PERU,LORETO,MAYNAS,"PERU, LORETO, MAYNAS",PER,1011897,PE-LOR,,2022-11-27,2022-03-12,2022,14,Probable and confirmed,Admin2,Week,MOH-PER-20002023-Y02-00,PAHO,2022
PERU,LORETO,MAYNAS,"PERU, LORETO, MAYNAS",PER,1011897,PE-LOR,,2022-12-04,2022-10-12,2022,19,Probable and confirmed,Admin2,Week,MOH-PER-20002023-Y02-00,PAHO,2022
PERU,LORETO,MAYNAS,"PERU, LORETO, MAYNAS",PER,1011897,PE-LOR,,2022-12-11,,2022,13,Probable and confirmed,Admin2,Week,MOH-PER-20002023-Y02-00,PAHO,2022
PERU,LORETO,MAYNAS,"PERU, LORETO, MAYNAS",PER,1011897,PE-LOR,,2022-12-18,,2022,13,Probable and confirmed,Admin2,Week,MOH-PER-20002023-Y02-00,PAHO,2022
PERU,LORETO,MAYNAS,"PERU, LORETO, MAYNAS",PER,1011897,PE-LOR,,2022-12-25,,2022,20,Probable and confirmed,Admin2,Week,MOH-PER-20002023-Y02-00,PAHO,2022
PERU,LORETO,MAYNAS,"PERU, LORETO, MAYNAS",PER,1011897,PE-LOR,,2023-01-01,2023-07-01,2023,37,Probable and confirmed,Admin2,Week,MOH-PER-20002023-Y02-00,PAHO,2023
PERU,LORETO,MAYNAS,"PERU, LORETO, MAYNAS",PER,1011897,PE-LOR,,2023-01-08,,2023,47,Probable and confirmed,Admin2,Week,MOH-PER-20002023-Y02-00,PAHO,2023
PERU,LORETO,MAYNAS,"PERU, LORETO, MAYNAS",PER,1011897,PE-LOR,,2023-01-15,,2023,29,Probable and confirmed,Admin2,Week,MOH-PER-20002023-Y02-00,PAHO,2023
PERU,LORETO,MAYNAS,"PERU, LORETO, MAYNAS",PER,1011897,PE-LOR,,2023-01-22,,2023,32,Probable and confirmed,Admin2,Week,MOH-PER-20002023-Y02-00,PAHO,2023
PERU,LORETO,MAYNAS,"PERU, LORETO, MAYNAS",PER,1011897,PE-LOR,,2023-01-29,2023-04-02,2023,48,Probable and confirmed,Admin2,Week,MOH-PER-20002023-Y02-00,PAHO,2023
PERU,LORETO,MAYNAS,"PERU, LORETO, MAYNAS",PER,1011897,PE-LOR,,2023-02-05,2023-11-02,2023,76,Probable and confirmed,Admin2,Week,MOH-PER-20002023-Y02-00,PAHO,2023
PERU,LORETO,MAYNAS,"PERU, LORETO, MAYNAS",PER,1011897,PE-LOR,,2023-02-12,,2023,102,Probable and confirmed,Admin2,Week,MOH-PER-20002023-Y02-00,PAHO,2023
PERU,LORETO,MAYNAS,"PERU, LORETO, MAYNAS",PER,1011897,PE-LOR,,2023-02-19,,2023,124,Probable and confirmed,Admin2,Week,MOH-PER-20002023-Y02-00,PAHO,2023
PERU,LORETO,MAYNAS,"PERU, LORETO, MAYNAS",PER,1011897,PE-LOR,,2023-02-26,2023-04-03,2023,134,Probable and confirmed,Admin2,Week,MOH-PER-20002023-Y02-00,PAHO,2023
PERU,LORETO,MAYNAS,"PERU, LORETO, MAYNAS",PER,1011897,PE-LOR,,2023-03-05,2023-11-03,2023,146,Probable and confirmed,Admin2,Week,MOH-PER-20002023-Y02-00,PAHO,2023
PERU,LORETO,MAYNAS,"PERU, LORETO, MAYNAS",PER,1011897,PE-LOR,,2023-03-12,,2023,123,Probable and confirmed,Admin2,Week,MOH-PER-20002023-Y02-00,PAHO,2023
PERU,LORETO,MAYNAS,"PERU, LORETO, MAYNAS",PER,1011897,PE-LOR,,2023-03-19,,2023,99,Probable and confirmed,Admin2,Week,MOH-PER-20002023-Y02-00,PAHO,2023
PERU,LORETO,MAYNAS,"PERU, LORETO, MAYNAS",PER,1011897,PE-LOR,,2023-03-26,2023-01-04,2023,72,Probable and confirmed,Admin2,Week,MOH-PER-20002023-Y02-00,PAHO,2023
PERU,LORETO,MAYNAS,"PERU, LORETO, MAYNAS",PER,1011897,PE-LOR,,2023-04-02,2023-08-04,2023,50,Probable and confirmed,Admin2,Week,MOH-PER-20002023-Y02-00,PAHO,2023
PERU,LORETO,MAYNAS,"PERU, LORETO, MAYNAS",PER,1011897,PE-LOR,,2023-04-09,,2023,64,Probable and confirmed,Admin2,Week,MOH-PER-20002023-Y02-00,PAHO,2023
PERU,LORETO,MAYNAS,"PERU, LORETO, MAYNAS",PER,1011897,PE-LOR,,2023-04-16,,2023,34,Probable and confirmed,Admin2,Week,MOH-PER-20002023-Y02-00,PAHO,2023
PERU,LORETO,MAYNAS,"PERU, LORETO, MAYNAS",PER,1011897,PE-LOR,,2023-04-23,,2023,23,Probable and confirmed,Admin2,Week,MOH-PER-20002023-Y02-00,PAHO,2023
PERU,LORETO,MAYNAS,"PERU, LORETO, MAYNAS",PER,1011897,PE-LOR,,2023-04-30,2023-06-05,2023,27,Probable and confirmed,Admin2,Week,MOH-PER-20002023-Y02-00,PAHO,2023
PERU,LORETO,MAYNAS,"PERU, LORETO, MAYNAS",PER,1011897,PE-LOR,,2023-05-07,,2023,31,Probable and confirmed,Admin2,Week,MOH-PER-20002023-Y02-00,PAHO,2023
PERU,LORETO,MAYNAS,"PERU, LORETO, MAYNAS",PER,1011897,PE-LOR,,2023-05-14,,2023,32,Probable and confirmed,Admin2,Week,MOH-PER-20002023-Y02-00,PAHO,2023
PERU,LORETO,MAYNAS,"PERU, LORETO, MAYNAS",PER,1011897,PE-LOR,,2023-05-21,,2023,24,Probable and confirmed,Admin2,Week,MOH-PER-20002023-Y02-00,PAHO,2023
PERU,LORETO,MAYNAS,"PERU, LORETO, MAYNAS",PER,1011897,PE-LOR,,2023-05-28,2023-03-06,2023,24,Probable and confirmed,Admin2,Week,MOH-PER-20002023-Y02-00,PAHO,2023
PERU,LORETO,MAYNAS,"PERU, LORETO, MAYNAS",PER,1011897,PE-LOR,,2023-06-04,2023-10-06,2023,27,Probable and confirmed,Admin2,Week,MOH-PER-20002023-Y02-00,PAHO,2023
PERU,LORETO,MAYNAS,"PERU, LORETO, MAYNAS",PER,1011897,PE-LOR,,2023-06-11,,2023,8,Probable and confirmed,Admin2,Week,MOH-PER-20002023-Y02-00,PAHO,2023
PERU,LORETO,MAYNAS,"PERU, LORETO, MAYNAS",PER,1011897,PE-LOR,,2023-06-18,,2023,12,Probable and confirmed,Admin2,Week,MOH-PER-20002023-Y02-00,PAHO,2023
PERU,LORETO,MAYNAS,"PERU, LORETO, MAYNAS",PER,1011897,PE-LOR,,2023-06-25,2023-01-07,2023,15,Probable and confirmed,Admin2,Week,MOH-PER-20002023-Y02-00,PAHO,2023
PERU,LORETO,MAYNAS,"PERU, LORETO, MAYNAS",PER,1011897,PE-LOR,,2023-07-02,2023-08-07,2023,16,Probable and confirmed,Admin2,Week,MOH-PER-20002023-Y02-00,PAHO,2023
PERU,LORETO,MAYNAS,"PERU, LORETO, MAYNAS",PER,1011897,PE-LOR,,2023-07-09,,2023,8,Probable and confirmed,Admin2,Week,MOH-PER-20002023-Y02-00,PAHO,2023
PERU,LORETO,MAYNAS,"PERU, LORETO, MAYNAS",PER,1011897,PE-LOR,,2023-07-16,,2023,4,Probable and confirmed,Admin2,Week,MOH-PER-20002023-Y02-00,PAHO,2023
PERU,LORETO,MAYNAS,"PERU, LORETO, MAYNAS",PER,1011897,PE-LOR,,2023-07-23,,2023,7,Probable and confirmed,Admin2,Week,MOH-PER-20002023-Y02-00,PAHO,2023
PERU,LORETO,MAYNAS,"PERU, LORETO, MAYNAS",PER,1011897,PE-LOR,,2023-07-30,2023-05-08,2023,5,Probable and confirmed,Admin2,Week,MOH-PER-20002023-Y02-00,PAHO,2023
PERU,LORETO,MAYNAS,"PERU, LORETO, MAYNAS",PER,1011897,PE-LOR,,2023-08-06,2023-12-08,2023,6,Probable and confirmed,Admin2,Week,MOH-PER-20002023-Y02-00,PAHO,2023
PERU,LORETO,MAYNAS,"PERU, LORETO, MAYNAS",PER,1011897,PE-LOR,,2023-08-13,,2023,7,Probable and confirmed,Admin2,Week,MOH-PER-20002023-Y02-00,PAHO,2023
PERU,LORETO,MAYNAS,"PERU, LORETO, MAYNAS",PER,1011897,PE-LOR,,2023-08-20,,2023,6,Probable and confirmed,Admin2,Week,MOH-PER-20002023-Y02-00,PAHO,2023
PERU,LORETO,MAYNAS,"PERU, LORETO, MAYNAS",PER,1011897,PE-LOR,,2023-08-27,2023-02-09,2023,9,Probable and confirmed,Admin2,Week,MOH-PER-20002023-Y02-00,PAHO,2023
PERU,LORETO,MAYNAS,"PERU, LORETO, MAYNAS",PER,1011897,PE-LOR,,2023-09-03,2023-09-09,2023,5,Probable and confirmed,Admin2,Week,MOH-PER-20002023-Y02-00,PAHO,2023
PERU,LORETO,MAYNAS,"PERU, LORETO, MAYNAS",PER,1011897,PE-LOR,,2023-09-10,,2023,5,Probable and confirmed,Admin2,Week,MOH-PER-20002023-Y02-00,PAHO,2023
PERU,LORETO,MAYNAS,"PERU, LORETO, MAYNAS",PER,1011897,PE-LOR,,2023-09-17,,2023,7,Probable and confirmed,Admin2,Week,MOH-PER-20002023-Y02-00,PAHO,2023
PERU,LORETO,MAYNAS,"PERU, LORETO, MAYNAS",PER,1011897,PE-LOR,,2023-09-24,,2023,4,Probable and confirmed,Admin2,Week,MOH-PER-20002023-Y02-00,PAHO,2023
PERU,LORETO,MAYNAS,"PERU, LORETO, MAYNAS",PER,1011897,PE-LOR,,2023-10-01,2023-07-10,2023,13,Probable and confirmed,Admin2,Week,MOH-PER-20002023-Y02-00,PAHO,2023
PERU,LORETO,MAYNAS,"PERU, LORETO, MAYNAS",PER,1011897,PE-LOR,,2023-10-08,,2023,4,Probable and confirmed,Admin2,Week,MOH-PER-20002023-Y02-00,PAHO,2023
PERU,LORETO,MAYNAS,"PERU, LORETO, MAYNAS",PER,1011897,PE-LOR,,2023-10-15,,2023,6,Probable and confirmed,Admin2,Week,MOH-PER-20002023-Y02-00,PAHO,2023
PERU,LORETO,MAYNAS,"PERU, LORETO, MAYNAS",PER,1011897,PE-LOR,,2023-10-22,,2023,10,Probable and confirmed,Admin2,Week,MOH-PER-20002023-Y02-00,PAHO,2023
PERU,LORETO,MAYNAS,"PERU, LORETO, MAYNAS",PER,1011897,PE-LOR,,2023-10-29,2023-04-11,2023,8,Probable and confirmed,Admin2,Week,MOH-PER-20002023-Y02-00,PAHO,2023
PERU,LORETO,MAYNAS,"PERU, LORETO, MAYNAS",PER,1011897,PE-LOR,,2023-11-05,2023-11-11,2023,17,Probable and confirmed,Admin2,Week,MOH-PER-20002023-Y02-00,PAHO,2023
PERU,LORETO,MAYNAS,"PERU, LORETO, MAYNAS",PER,1011897,PE-LOR,,2023-11-12,,2023,19,Probable and confirmed,Admin2,Week,MOH-PER-20002023-Y02-00,PAHO,2023
PERU,LORETO,MAYNAS,"PERU, LORETO, MAYNAS",PER,1011897,PE-LOR,,2023-11-19,,2023,18,Probable and confirmed,Admin2,Week,MOH-PER-20002023-Y02-00,PAHO,2023
PERU,LORETO,MAYNAS,"PERU, LORETO, MAYNAS",PER,1011897,PE-LOR,,2023-11-26,2023-02-12,2023,18,Probable and confirmed,Admin2,Week,MOH-PER-20002023-Y02-00,PAHO,2023
PERU,LORETO,MAYNAS,"PERU, LORETO, MAYNAS",PER,1011897,PE-LOR,,2023-12-03,2023-09-12,2023,17,Probable and confirmed,Admin2,Week,MOH-PER-20002023-Y02-00,PAHO,2023
PERU,LORETO,MAYNAS,"PERU, LORETO, MAYNAS",PER,1011897,PE-LOR,,2023-12-10,,2023,39,Probable and confirmed,Admin2,Week,MOH-PER-20002023-Y02-00,PAHO,2023
PERU,LORETO,MAYNAS,"PERU, LORETO, MAYNAS",PER,1011897,PE-LOR,,2023-12-17,,2023,33,Probable and confirmed,Admin2,Week,MOH-PER-20002023-Y02-00,PAHO,2023
PERU,LORETO,MAYNAS,"PERU, LORETO, MAYNAS",PER,1011897,PE-LOR,,2023-12-24,,2023,25,Probable and confirmed,Admin2,Week,MOH-PER-20002023-Y02-00,PAHO,2023
