adm_0_name,adm_1_name,adm_2_name,full_name,ISO_A0,FAO_GAUL_code,RNE_iso_code,IBGE_code,calendar_start_date,calendar_end_date,Year,dengue_total,case_definition_standardised,S_res,T_res,UUID,region
PERU,LORETO,MAYNAS,"PERU, LORETO, MAYNAS",PER,1011897,PE-LOR,,2000-10-08,,2000,1,Probable and confirmed,Admin2,Week,MOH-PER-20002023-Y02-00,PAHO
PERU,LORETO,PUTUMAYO,"PERU, LORETO, PUTUMAYO",PER,1011897,PE-LOR,,2000-10-08,,2000,1,Probable and confirmed,Admin2,Week,MOH-PER-20002023-Y02-00,PAHO
PERU,LORETO,MAYNAS,"PERU, LORETO, MAYNAS",PER,1011897,PE-LOR,,2000-10-15,,2000,2,Probable and confirmed,Admin2,Week,MOH-PER-20002023-Y02-00,PAHO
PERU,LORETO,PUTUMAYO,"PERU, LORETO, PUTUMAYO",PER,1011897,PE-LOR,,2000-10-15,,2000,1,Probable and confirmed,Admin2,Week,MOH-PER-20002023-Y02-00,PAHO
PERU,LORETO,MAYNAS,"PERU, LORETO, MAYNAS",PER,1011897,PE-LOR,,2001-09-09,,2001,11,Probable and confirmed,Admin2,Week,MOH-PER-20002023-Y02-00,PAHO
PERU,LORETO,PUTUMAYO,"PERU, LORETO, PUTUMAYO",PER,1011897,PE-LOR,,2001-09-09,,2001,3,Probable and confirmed,Admin2,Week,MOH-PER-20002023-Y02-00,PAHO
PERU,LORETO,MAYNAS,"PERU, LORETO, MAYNAS",PER,1011897,PE-LOR,,2001-12-09,,2001,6,Probable and confirmed,Admin2,Week,MOH-PER-20002023-Y02-00,PAHO
PERU,LORETO,PUTUMAYO,"PERU, LORETO, PUTUMAYO",PER,1011897,PE-LOR,,2001-12-09,,2001,1,Probable and confirmed,Admin2,Week,MOH-PER-20002023-Y02-00,PAHO
PERU,LORETO,MAYNAS,"PERU, LORETO, MAYNAS",PER,1011897,PE-LOR,,2001-12-16,,2001,3,Probable and confirmed,Admin2,Week,MOH-PER-20002023-Y02-00,PAHO
PERU,LORETO,PUTUMAYO,"PERU, LORETO, PUTUMAYO",PER,1011897,PE-LOR,,2001-12-16,,2001,1,Probable and confirmed,Admin2,Week,MOH-PER-20002023-Y02-00,PAHO
PERU,LORETO,MAYNAS,"PERU, LORETO, MAYNAS",PER,1011897,PE-LOR,,2002-10-27,2002-02-11,2002,58,Probable and confirmed,Admin2,Week,MOH-PER-20002023-Y02-00,PAHO
PERU,LORETO,PUTUMAYO,"PERU, LORETO, PUTUMAYO",PER,1011897,PE-LOR,,2002-10-27,2002-02-11,2002,1,Probable and confirmed,Admin2,Week,MOH-PER-20002023-Y02-00,PAHO
PERU,LORETO,MAYNAS,"PERU, LORETO, MAYNAS",PER,1011897,PE-LOR,,2004-03-07,,2004,16,Probable and confirmed,Admin2,Week,MOH-PER-20002023-Y02-00,PAHO
PERU,LORETO,PUTUMAYO,"PERU, LORETO, PUTUMAYO",PER,1011897,PE-LOR,,2004-03-07,,2004,1,Probable and confirmed,Admin2,Week,MOH-PER-20002023-Y02-00,PAHO
PERU,LORETO,MAYNAS,"PERU, LORETO, MAYNAS",PER,1011897,PE-LOR,,2004-07-11,,2004,18,Probable and confirmed,Admin2,Week,MOH-PER-20002023-Y02-00,PAHO
PERU,LORETO,PUTUMAYO,"PERU, LORETO, PUTUMAYO",PER,1011897,PE-LOR,,2004-07-11,,2004,1,Probable and confirmed,Admin2,Week,MOH-PER-20002023-Y02-00,PAHO
PERU,LORETO,MAYNAS,"PERU, LORETO, MAYNAS",PER,1011897,PE-LOR,,2004-07-18,,2004,19,Probable and confirmed,Admin2,Week,MOH-PER-20002023-Y02-00,PAHO
PERU,LORETO,PUTUMAYO,"PERU, LORETO, PUTUMAYO",PER,1011897,PE-LOR,,2004-07-18,,2004,1,Probable and confirmed,Admin2,Week,MOH-PER-20002023-Y02-00,PAHO
PERU,LORETO,MAYNAS,"PERU, LORETO, MAYNAS",PER,1011897,PE-LOR,,2004-09-26,2004-02-10,2004,41,Probable and confirmed,Admin2,Week,MOH-PER-20002023-Y02-00,PAHO
PERU,LORETO,PUTUMAYO,"PERU, LORETO, PUTUMAYO",PER,1011897,PE-LOR,,2004-09-26,2004-02-10,2004,1,Probable and confirmed,Admin2,Week,MOH-PER-20002023-Y02-00,PAHO
PERU,LORETO,MAYNAS,"PERU, LORETO, MAYNAS",PER,1011897,PE-LOR,,2004-10-03,2004-09-10,2004,28,Probable and confirmed,Admin2,Week,MOH-PER-20002023-Y02-00,PAHO
PERU,LORETO,PUTUMAYO,"PERU, LORETO, PUTUMAYO",PER,1011897,PE-LOR,,2004-10-03,2004-09-10,2004,1,Probable and confirmed,Admin2,Week,MOH-PER-20002023-Y02-00,PAHO
PERU,LORETO,MAYNAS,"PERU, LORETO, MAYNAS",PER,1011897,PE-LOR,,2006-10-22,,2006,27,Probable and confirmed,Admin2,Week,MOH-PER-20002023-Y02-00,PAHO
PERU,LORETO,PUTUMAYO,"PERU, LORETO, PUTUMAYO",PER,1011897,PE-LOR,,2006-10-22,,2006,1,Probable and confirmed,Admin2,Week,MOH-PER-20002023-Y02-00,PAHO
PERU,LORETO,MAYNAS,"PERU, LORETO, MAYNAS",PER,1011897,PE-LOR,,2007-12-30,2008-05-01,2007,88,Probable and confirmed,Admin2,Week,MOH-PER-20002023-Y02-00,PAHO
PERU,LORETO,PUTUMAYO,"PERU, LORETO, PUTUMAYO",PER,1011897,PE-LOR,,2007-12-30,2008-05-01,2007,1,Probable and confirmed,Admin2,Week,MOH-PER-20002023-Y02-00,PAHO
PERU,LORETO,MAYNAS,"PERU, LORETO, MAYNAS",PER,1011897,PE-LOR,,2008-01-13,,2008,116,Probable and confirmed,Admin2,Week,MOH-PER-20002023-Y02-00,PAHO
PERU,LORETO,PUTUMAYO,"PERU, LORETO, PUTUMAYO",PER,1011897,PE-LOR,,2008-01-13,,2008,1,Probable and confirmed,Admin2,Week,MOH-PER-20002023-Y02-00,PAHO
PERU,LORETO,MAYNAS,"PERU, LORETO, MAYNAS",PER,1011897,PE-LOR,,2008-02-17,,2008,264,Probable and confirmed,Admin2,Week,MOH-PER-20002023-Y02-00,PAHO
PERU,LORETO,PUTUMAYO,"PERU, LORETO, PUTUMAYO",PER,1011897,PE-LOR,,2008-02-17,,2008,1,Probable and confirmed,Admin2,Week,MOH-PER-20002023-Y02-00,PAHO
PERU,LORETO,MAYNAS,"PERU, LORETO, MAYNAS",PER,1011897,PE-LOR,,2008-03-16,,2008,57,Probable and confirmed,Admin2,Week,MOH-PER-20002023-Y02-00,PAHO
PERU,LORETO,PUTUMAYO,"PERU, LORETO, PUTUMAYO",PER,1011897,PE-LOR,,2008-03-16,,2008,1,Probable and confirmed,Admin2,Week,MOH-PER-20002023-Y02-00,PAHO
PERU,LORETO,MAYNAS,"PERU, LORETO, MAYNAS",PER,1011897,PE-LOR,,2008-03-23,,2008,83,Probable and confirmed,Admin2,Week,MOH-PER-20002023-Y02-00,PAHO
PERU,LORETO,PUTUMAYO,"PERU, LORETO, PUTUMAYO",PER,1011897,PE-LOR,,2008-03-23,,2008,1,Probable and confirmed,Admin2,Week,MOH-PER-20002023-Y02-00,PAHO
PERU,LORETO,MAYNAS,"PERU, LORETO, MAYNAS",PER,1011897,PE-LOR,,2008-03-30,2008-05-04,2008,79,Probable and confirmed,Admin2,Week,MOH-PER-20002023-Y02-00,PAHO
PERU,LORETO,PUTUMAYO,"PERU, LORETO, PUTUMAYO",PER,1011897,PE-LOR,,2008-03-30,2008-05-04,2008,2,Probable and confirmed,Admin2,Week,MOH-PER-20002023-Y02-00,PAHO
PERU,LORETO,MAYNAS,"PERU, LORETO, MAYNAS",PER,1011897,PE-LOR,,2008-04-06,2008-12-04,2008,61,Probable and confirmed,Admin2,Week,MOH-PER-20002023-Y02-00,PAHO
PERU,LORETO,PUTUMAYO,"PERU, LORETO, PUTUMAYO",PER,1011897,PE-LOR,,2008-04-06,2008-12-04,2008,2,Probable and confirmed,Admin2,Week,MOH-PER-20002023-Y02-00,PAHO
PERU,LORETO,MAYNAS,"PERU, LORETO, MAYNAS",PER,1011897,PE-LOR,,2008-04-13,,2008,54,Probable and confirmed,Admin2,Week,MOH-PER-20002023-Y02-00,PAHO
PERU,LORETO,PUTUMAYO,"PERU, LORETO, PUTUMAYO",PER,1011897,PE-LOR,,2008-04-13,,2008,7,Probable and confirmed,Admin2,Week,MOH-PER-20002023-Y02-00,PAHO
PERU,LORETO,MAYNAS,"PERU, LORETO, MAYNAS",PER,1011897,PE-LOR,,2008-04-20,,2008,42,Probable and confirmed,Admin2,Week,MOH-PER-20002023-Y02-00,PAHO
PERU,LORETO,PUTUMAYO,"PERU, LORETO, PUTUMAYO",PER,1011897,PE-LOR,,2008-04-20,,2008,3,Probable and confirmed,Admin2,Week,MOH-PER-20002023-Y02-00,PAHO
PERU,LORETO,MAYNAS,"PERU, LORETO, MAYNAS",PER,1011897,PE-LOR,,2008-04-27,2008-03-05,2008,18,Probable and confirmed,Admin2,Week,MOH-PER-20002023-Y02-00,PAHO
PERU,LORETO,PUTUMAYO,"PERU, LORETO, PUTUMAYO",PER,1011897,PE-LOR,,2008-04-27,2008-03-05,2008,6,Probable and confirmed,Admin2,Week,MOH-PER-20002023-Y02-00,PAHO
PERU,LORETO,MAYNAS,"PERU, LORETO, MAYNAS",PER,1011897,PE-LOR,,2008-05-11,,2008,6,Probable and confirmed,Admin2,Week,MOH-PER-20002023-Y02-00,PAHO
PERU,LORETO,PUTUMAYO,"PERU, LORETO, PUTUMAYO",PER,1011897,PE-LOR,,2008-05-11,,2008,2,Probable and confirmed,Admin2,Week,MOH-PER-20002023-Y02-00,PAHO
PERU,LORETO,MAYNAS,"PERU, LORETO, MAYNAS",PER,1011897,PE-LOR,,2009-01-04,2009-10-01,2009,222,Probable and confirmed,Admin2,Week,MOH-PER-20002023-Y02-00,PAHO
PERU,LORETO,PUTUMAYO,"PERU, LORETO, PUTUMAYO",PER,1011897,PE-LOR,,2009-01-04,2009-10-01,2009,3,Probable and confirmed,Admin2,Week,MOH-PER-20002023-Y02-00,PAHO
PERU,LORETO,MAYNAS,"PERU, LORETO, MAYNAS",PER,1011897,PE-LOR,,2009-01-11,,2009,240,Probable and confirmed,Admin2,Week,MOH-PER-20002023-Y02-00,PAHO
PERU,LORETO,PUTUMAYO,"PERU, LORETO, PUTUMAYO",PER,1011897,PE-LOR,,2009-01-11,,2009,1,Probable and confirmed,Admin2,Week,MOH-PER-20002023-Y02-00,PAHO
PERU,LORETO,MAYNAS,"PERU, LORETO, MAYNAS",PER,1011897,PE-LOR,,2009-01-18,,2009,187,Probable and confirmed,Admin2,Week,MOH-PER-20002023-Y02-00,PAHO
PERU,LORETO,PUTUMAYO,"PERU, LORETO, PUTUMAYO",PER,1011897,PE-LOR,,2009-01-18,,2009,2,Probable and confirmed,Admin2,Week,MOH-PER-20002023-Y02-00,PAHO
PERU,LORETO,MAYNAS,"PERU, LORETO, MAYNAS",PER,1011897,PE-LOR,,2009-01-25,,2009,213,Probable and confirmed,Admin2,Week,MOH-PER-20002023-Y02-00,PAHO
PERU,LORETO,PUTUMAYO,"PERU, LORETO, PUTUMAYO",PER,1011897,PE-LOR,,2009-01-25,,2009,1,Probable and confirmed,Admin2,Week,MOH-PER-20002023-Y02-00,PAHO
PERU,LORETO,MAYNAS,"PERU, LORETO, MAYNAS",PER,1011897,PE-LOR,,2009-02-01,2009-07-02,2009,221,Probable and confirmed,Admin2,Week,MOH-PER-20002023-Y02-00,PAHO
PERU,LORETO,PUTUMAYO,"PERU, LORETO, PUTUMAYO",PER,1011897,PE-LOR,,2009-02-01,2009-07-02,2009,5,Probable and confirmed,Admin2,Week,MOH-PER-20002023-Y02-00,PAHO
PERU,LORETO,MAYNAS,"PERU, LORETO, MAYNAS",PER,1011897,PE-LOR,,2009-02-08,,2009,201,Probable and confirmed,Admin2,Week,MOH-PER-20002023-Y02-00,PAHO
PERU,LORETO,PUTUMAYO,"PERU, LORETO, PUTUMAYO",PER,1011897,PE-LOR,,2009-02-08,,2009,11,Probable and confirmed,Admin2,Week,MOH-PER-20002023-Y02-00,PAHO
PERU,LORETO,MAYNAS,"PERU, LORETO, MAYNAS",PER,1011897,PE-LOR,,2009-02-15,,2009,137,Probable and confirmed,Admin2,Week,MOH-PER-20002023-Y02-00,PAHO
PERU,LORETO,PUTUMAYO,"PERU, LORETO, PUTUMAYO",PER,1011897,PE-LOR,,2009-02-15,,2009,31,Probable and confirmed,Admin2,Week,MOH-PER-20002023-Y02-00,PAHO
PERU,LORETO,MAYNAS,"PERU, LORETO, MAYNAS",PER,1011897,PE-LOR,,2009-02-22,,2009,89,Probable and confirmed,Admin2,Week,MOH-PER-20002023-Y02-00,PAHO
PERU,LORETO,PUTUMAYO,"PERU, LORETO, PUTUMAYO",PER,1011897,PE-LOR,,2009-02-22,,2009,17,Probable and confirmed,Admin2,Week,MOH-PER-20002023-Y02-00,PAHO
PERU,LORETO,MAYNAS,"PERU, LORETO, MAYNAS",PER,1011897,PE-LOR,,2009-03-01,2009-07-03,2009,87,Probable and confirmed,Admin2,Week,MOH-PER-20002023-Y02-00,PAHO
PERU,LORETO,PUTUMAYO,"PERU, LORETO, PUTUMAYO",PER,1011897,PE-LOR,,2009-03-01,2009-07-03,2009,7,Probable and confirmed,Admin2,Week,MOH-PER-20002023-Y02-00,PAHO
PERU,LORETO,MAYNAS,"PERU, LORETO, MAYNAS",PER,1011897,PE-LOR,,2009-03-08,,2009,110,Probable and confirmed,Admin2,Week,MOH-PER-20002023-Y02-00,PAHO
PERU,LORETO,PUTUMAYO,"PERU, LORETO, PUTUMAYO",PER,1011897,PE-LOR,,2009-03-08,,2009,5,Probable and confirmed,Admin2,Week,MOH-PER-20002023-Y02-00,PAHO
PERU,LORETO,MAYNAS,"PERU, LORETO, MAYNAS",PER,1011897,PE-LOR,,2009-03-15,,2009,85,Probable and confirmed,Admin2,Week,MOH-PER-20002023-Y02-00,PAHO
PERU,LORETO,PUTUMAYO,"PERU, LORETO, PUTUMAYO",PER,1011897,PE-LOR,,2009-03-15,,2009,3,Probable and confirmed,Admin2,Week,MOH-PER-20002023-Y02-00,PAHO
PERU,LORETO,MAYNAS,"PERU, LORETO, MAYNAS",PER,1011897,PE-LOR,,2009-03-22,,2009,73,Probable and confirmed,Admin2,Week,MOH-PER-20002023-Y02-00,PAHO
PERU,LORETO,PUTUMAYO,"PERU, LORETO, PUTUMAYO",PER,1011897,PE-LOR,,2009-03-22,,2009,3,Probable and confirmed,Admin2,Week,MOH-PER-20002023-Y02-00,PAHO
PERU,LORETO,MAYNAS,"PERU, LORETO, MAYNAS",PER,1011897,PE-LOR,,2009-04-05,2009-11-04,2009,75,Probable and confirmed,Admin2,Week,MOH-PER-20002023-Y02-00,PAHO
PERU,LORETO,PUTUMAYO,"PERU, LORETO, PUTUMAYO",PER,1011897,PE-LOR,,2009-04-05,2009-11-04,2009,1,Probable and confirmed,Admin2,Week,MOH-PER-20002023-Y02-00,PAHO
PERU,LORETO,MAYNAS,"PERU, LORETO, MAYNAS",PER,1011897,PE-LOR,,2010-01-03,2010-09-01,2010,25,Probable and confirmed,Admin2,Week,MOH-PER-20002023-Y02-00,PAHO
PERU,LORETO,PUTUMAYO,"PERU, LORETO, PUTUMAYO",PER,1011897,PE-LOR,,2010-01-03,2010-09-01,2010,1,Probable and confirmed,Admin2,Week,MOH-PER-20002023-Y02-00,PAHO
PERU,LORETO,MAYNAS,"PERU, LORETO, MAYNAS",PER,1011897,PE-LOR,,2010-03-07,,2010,22,Probable and confirmed,Admin2,Week,MOH-PER-20002023-Y02-00,PAHO
PERU,LORETO,PUTUMAYO,"PERU, LORETO, PUTUMAYO",PER,1011897,PE-LOR,,2010-03-07,,2010,2,Probable and confirmed,Admin2,Week,MOH-PER-20002023-Y02-00,PAHO
PERU,LORETO,MAYNAS,"PERU, LORETO, MAYNAS",PER,1011897,PE-LOR,,2010-03-14,,2010,21,Probable and confirmed,Admin2,Week,MOH-PER-20002023-Y02-00,PAHO
PERU,LORETO,PUTUMAYO,"PERU, LORETO, PUTUMAYO",PER,1011897,PE-LOR,,2010-03-14,,2010,3,Probable and confirmed,Admin2,Week,MOH-PER-20002023-Y02-00,PAHO
PERU,LORETO,MAYNAS,"PERU, LORETO, MAYNAS",PER,1011897,PE-LOR,,2010-03-21,,2010,9,Probable and confirmed,Admin2,Week,MOH-PER-20002023-Y02-00,PAHO
PERU,LORETO,PUTUMAYO,"PERU, LORETO, PUTUMAYO",PER,1011897,PE-LOR,,2010-03-21,,2010,2,Probable and confirmed,Admin2,Week,MOH-PER-20002023-Y02-00,PAHO
PERU,LORETO,MAYNAS,"PERU, LORETO, MAYNAS",PER,1011897,PE-LOR,,2010-03-28,2010-03-04,2010,7,Probable and confirmed,Admin2,Week,MOH-PER-20002023-Y02-00,PAHO
PERU,LORETO,PUTUMAYO,"PERU, LORETO, PUTUMAYO",PER,1011897,PE-LOR,,2010-03-28,2010-03-04,2010,1,Probable and confirmed,Admin2,Week,MOH-PER-20002023-Y02-00,PAHO
PERU,LORETO,MAYNAS,"PERU, LORETO, MAYNAS",PER,1011897,PE-LOR,,2010-04-11,,2010,16,Probable and confirmed,Admin2,Week,MOH-PER-20002023-Y02-00,PAHO
PERU,LORETO,PUTUMAYO,"PERU, LORETO, PUTUMAYO",PER,1011897,PE-LOR,,2010-04-11,,2010,1,Probable and confirmed,Admin2,Week,MOH-PER-20002023-Y02-00,PAHO
PERU,LORETO,MAYNAS,"PERU, LORETO, MAYNAS",PER,1011897,PE-LOR,,2010-05-09,,2010,8,Probable and confirmed,Admin2,Week,MOH-PER-20002023-Y02-00,PAHO
PERU,LORETO,PUTUMAYO,"PERU, LORETO, PUTUMAYO",PER,1011897,PE-LOR,,2010-05-09,,2010,2,Probable and confirmed,Admin2,Week,MOH-PER-20002023-Y02-00,PAHO
PERU,LORETO,MAYNAS,"PERU, LORETO, MAYNAS",PER,1011897,PE-LOR,,2010-12-19,,2010,46,Probable and confirmed,Admin2,Week,MOH-PER-20002023-Y02-00,PAHO
PERU,LORETO,PUTUMAYO,"PERU, LORETO, PUTUMAYO",PER,1011897,PE-LOR,,2010-12-19,,2010,1,Probable and confirmed,Admin2,Week,MOH-PER-20002023-Y02-00,PAHO
PERU,LORETO,MAYNAS,"PERU, LORETO, MAYNAS",PER,1011897,PE-LOR,,2011-01-09,,2011,1944,Probable and confirmed,Admin2,Week,MOH-PER-20002023-Y02-00,PAHO
PERU,LORETO,PUTUMAYO,"PERU, LORETO, PUTUMAYO",PER,1011897,PE-LOR,,2011-01-09,,2011,1,Probable and confirmed,Admin2,Week,MOH-PER-20002023-Y02-00,PAHO
PERU,LORETO,MAYNAS,"PERU, LORETO, MAYNAS",PER,1011897,PE-LOR,,2011-01-23,,2011,2404,Probable and confirmed,Admin2,Week,MOH-PER-20002023-Y02-00,PAHO
PERU,LORETO,PUTUMAYO,"PERU, LORETO, PUTUMAYO",PER,1011897,PE-LOR,,2011-01-23,,2011,1,Probable and confirmed,Admin2,Week,MOH-PER-20002023-Y02-00,PAHO
PERU,LORETO,MAYNAS,"PERU, LORETO, MAYNAS",PER,1011897,PE-LOR,,2011-01-30,2011-05-02,2011,1830,Probable and confirmed,Admin2,Week,MOH-PER-20002023-Y02-00,PAHO
PERU,LORETO,PUTUMAYO,"PERU, LORETO, PUTUMAYO",PER,1011897,PE-LOR,,2011-01-30,2011-05-02,2011,1,Probable and confirmed,Admin2,Week,MOH-PER-20002023-Y02-00,PAHO
PERU,LORETO,MAYNAS,"PERU, LORETO, MAYNAS",PER,1011897,PE-LOR,,2012-01-01,2012-07-01,2012,67,Probable and confirmed,Admin2,Week,MOH-PER-20002023-Y02-00,PAHO
PERU,LORETO,PUTUMAYO,"PERU, LORETO, PUTUMAYO",PER,1011897,PE-LOR,,2012-01-01,2012-07-01,2012,1,Probable and confirmed,Admin2,Week,MOH-PER-20002023-Y02-00,PAHO
PERU,LORETO,MAYNAS,"PERU, LORETO, MAYNAS",PER,1011897,PE-LOR,,2012-01-08,,2012,64,Probable and confirmed,Admin2,Week,MOH-PER-20002023-Y02-00,PAHO
PERU,LORETO,PUTUMAYO,"PERU, LORETO, PUTUMAYO",PER,1011897,PE-LOR,,2012-01-08,,2012,1,Probable and confirmed,Admin2,Week,MOH-PER-20002023-Y02-00,PAHO
PERU,LORETO,MAYNAS,"PERU, LORETO, MAYNAS",PER,1011897,PE-LOR,,2012-01-29,2012-04-02,2012,100,Probable and confirmed,Admin2,Week,MOH-PER-20002023-Y02-00,PAHO
PERU,LORETO,PUTUMAYO,"PERU, LORETO, PUTUMAYO",PER,1011897,PE-LOR,,2012-01-29,2012-04-02,2012,1,Probable and confirmed,Admin2,Week,MOH-PER-20002023-Y02-00,PAHO
PERU,LORETO,MAYNAS,"PERU, LORETO, MAYNAS",PER,1011897,PE-LOR,,2012-02-19,,2012,80,Probable and confirmed,Admin2,Week,MOH-PER-20002023-Y02-00,PAHO
PERU,LORETO,PUTUMAYO,"PERU, LORETO, PUTUMAYO",PER,1011897,PE-LOR,,2012-02-19,,2012,5,Probable and confirmed,Admin2,Week,MOH-PER-20002023-Y02-00,PAHO
PERU,LORETO,MAYNAS,"PERU, LORETO, MAYNAS",PER,1011897,PE-LOR,,2012-02-26,2012-03-03,2012,67,Probable and confirmed,Admin2,Week,MOH-PER-20002023-Y02-00,PAHO
PERU,LORETO,PUTUMAYO,"PERU, LORETO, PUTUMAYO",PER,1011897,PE-LOR,,2012-02-26,2012-03-03,2012,2,Probable and confirmed,Admin2,Week,MOH-PER-20002023-Y02-00,PAHO
PERU,LORETO,MAYNAS,"PERU, LORETO, MAYNAS",PER,1011897,PE-LOR,,2012-03-04,2012-10-03,2012,68,Probable and confirmed,Admin2,Week,MOH-PER-20002023-Y02-00,PAHO
PERU,LORETO,PUTUMAYO,"PERU, LORETO, PUTUMAYO",PER,1011897,PE-LOR,,2012-03-04,2012-10-03,2012,1,Probable and confirmed,Admin2,Week,MOH-PER-20002023-Y02-00,PAHO
PERU,LORETO,MAYNAS,"PERU, LORETO, MAYNAS",PER,1011897,PE-LOR,,2012-03-11,,2012,87,Probable and confirmed,Admin2,Week,MOH-PER-20002023-Y02-00,PAHO
PERU,LORETO,PUTUMAYO,"PERU, LORETO, PUTUMAYO",PER,1011897,PE-LOR,,2012-03-11,,2012,2,Probable and confirmed,Admin2,Week,MOH-PER-20002023-Y02-00,PAHO
PERU,LORETO,MAYNAS,"PERU, LORETO, MAYNAS",PER,1011897,PE-LOR,,2014-02-09,,2014,269,Probable and confirmed,Admin2,Week,MOH-PER-20002023-Y02-00,PAHO
PERU,LORETO,PUTUMAYO,"PERU, LORETO, PUTUMAYO",PER,1011897,PE-LOR,,2014-02-09,,2014,3,Probable and confirmed,Admin2,Week,MOH-PER-20002023-Y02-00,PAHO
PERU,LORETO,MAYNAS,"PERU, LORETO, MAYNAS",PER,1011897,PE-LOR,,2014-02-16,,2014,203,Probable and confirmed,Admin2,Week,MOH-PER-20002023-Y02-00,PAHO
PERU,LORETO,PUTUMAYO,"PERU, LORETO, PUTUMAYO",PER,1011897,PE-LOR,,2014-02-16,,2014,5,Probable and confirmed,Admin2,Week,MOH-PER-20002023-Y02-00,PAHO
PERU,LORETO,MAYNAS,"PERU, LORETO, MAYNAS",PER,1011897,PE-LOR,,2014-03-09,,2014,135,Probable and confirmed,Admin2,Week,MOH-PER-20002023-Y02-00,PAHO
PERU,LORETO,PUTUMAYO,"PERU, LORETO, PUTUMAYO",PER,1011897,PE-LOR,,2014-03-09,,2014,1,Probable and confirmed,Admin2,Week,MOH-PER-20002023-Y02-00,PAHO
PERU,LORETO,MAYNAS,"PERU, LORETO, MAYNAS",PER,1011897,PE-LOR,,2015-06-07,,2015,13,Probable and confirmed,Admin2,Week,MOH-PER-20002023-Y02-00,PAHO
PERU,LORETO,PUTUMAYO,"PERU, LORETO, PUTUMAYO",PER,1011897,PE-LOR,,2015-06-07,,2015,1,Probable and confirmed,Admin2,Week,MOH-PER-20002023-Y02-00,PAHO
PERU,LORETO,MAYNAS,"PERU, LORETO, MAYNAS",PER,1011897,PE-LOR,,2016-06-05,2016-11-06,2016,13,Probable and confirmed,Admin2,Week,MOH-PER-20002023-Y02-00,PAHO
PERU,LORETO,PUTUMAYO,"PERU, LORETO, PUTUMAYO",PER,1011897,PE-LOR,,2016-06-05,2016-11-06,2016,1,Probable and confirmed,Admin2,Week,MOH-PER-20002023-Y02-00,PAHO
PERU,LORETO,MAYNAS,"PERU, LORETO, MAYNAS",PER,1011897,PE-LOR,,2016-10-23,,2016,22,Probable and confirmed,Admin2,Week,MOH-PER-20002023-Y02-00,PAHO
PERU,LORETO,PUTUMAYO,"PERU, LORETO, PUTUMAYO",PER,1011897,PE-LOR,,2016-10-23,,2016,1,Probable and confirmed,Admin2,Week,MOH-PER-20002023-Y02-00,PAHO
PERU,LORETO,MAYNAS,"PERU, LORETO, MAYNAS",PER,1011897,PE-LOR,,2017-04-23,,2017,5,Probable and confirmed,Admin2,Week,MOH-PER-20002023-Y02-00,PAHO
PERU,LORETO,PUTUMAYO,"PERU, LORETO, PUTUMAYO",PER,1011897,PE-LOR,,2017-04-23,,2017,1,Probable and confirmed,Admin2,Week,MOH-PER-20002023-Y02-00,PAHO
PERU,LORETO,MAYNAS,"PERU, LORETO, MAYNAS",PER,1011897,PE-LOR,,2018-06-24,,2018,24,Probable and confirmed,Admin2,Week,MOH-PER-20002023-Y02-00,PAHO
PERU,LORETO,PUTUMAYO,"PERU, LORETO, PUTUMAYO",PER,1011897,PE-LOR,,2018-06-24,,2018,1,Probable and confirmed,Admin2,Week,MOH-PER-20002023-Y02-00,PAHO
PERU,LORETO,MAYNAS,"PERU, LORETO, MAYNAS",PER,1011897,PE-LOR,,2019-02-17,,2019,18,Probable and confirmed,Admin2,Week,MOH-PER-20002023-Y02-00,PAHO
PERU,LORETO,PUTUMAYO,"PERU, LORETO, PUTUMAYO",PER,1011897,PE-LOR,,2019-02-17,,2019,1,Probable and confirmed,Admin2,Week,MOH-PER-20002023-Y02-00,PAHO
PERU,LORETO,MAYNAS,"PERU, LORETO, MAYNAS",PER,1011897,PE-LOR,,2019-03-24,,2019,27,Probable and confirmed,Admin2,Week,MOH-PER-20002023-Y02-00,PAHO
PERU,LORETO,PUTUMAYO,"PERU, LORETO, PUTUMAYO",PER,1011897,PE-LOR,,2019-03-24,,2019,39,Probable and confirmed,Admin2,Week,MOH-PER-20002023-Y02-00,PAHO
PERU,LORETO,MAYNAS,"PERU, LORETO, MAYNAS",PER,1011897,PE-LOR,,2019-03-31,2019-06-04,2019,20,Probable and confirmed,Admin2,Week,MOH-PER-20002023-Y02-00,PAHO
PERU,LORETO,PUTUMAYO,"PERU, LORETO, PUTUMAYO",PER,1011897,PE-LOR,,2019-03-31,2019-06-04,2019,60,Probable and confirmed,Admin2,Week,MOH-PER-20002023-Y02-00,PAHO
PERU,LORETO,MAYNAS,"PERU, LORETO, MAYNAS",PER,1011897,PE-LOR,,2019-04-07,,2019,19,Probable and confirmed,Admin2,Week,MOH-PER-20002023-Y02-00,PAHO
PERU,LORETO,PUTUMAYO,"PERU, LORETO, PUTUMAYO",PER,1011897,PE-LOR,,2019-04-07,,2019,35,Probable and confirmed,Admin2,Week,MOH-PER-20002023-Y02-00,PAHO
PERU,LORETO,MAYNAS,"PERU, LORETO, MAYNAS",PER,1011897,PE-LOR,,2019-04-14,,2019,11,Probable and confirmed,Admin2,Week,MOH-PER-20002023-Y02-00,PAHO
PERU,LORETO,PUTUMAYO,"PERU, LORETO, PUTUMAYO",PER,1011897,PE-LOR,,2019-04-14,,2019,18,Probable and confirmed,Admin2,Week,MOH-PER-20002023-Y02-00,PAHO
PERU,LORETO,MAYNAS,"PERU, LORETO, MAYNAS",PER,1011897,PE-LOR,,2019-04-21,,2019,12,Probable and confirmed,Admin2,Week,MOH-PER-20002023-Y02-00,PAHO
PERU,LORETO,PUTUMAYO,"PERU, LORETO, PUTUMAYO",PER,1011897,PE-LOR,,2019-04-21,,2019,12,Probable and confirmed,Admin2,Week,MOH-PER-20002023-Y02-00,PAHO
PERU,LORETO,MAYNAS,"PERU, LORETO, MAYNAS",PER,1011897,PE-LOR,,2019-04-28,2019-04-05,2019,15,Probable and confirmed,Admin2,Week,MOH-PER-20002023-Y02-00,PAHO
PERU,LORETO,PUTUMAYO,"PERU, LORETO, PUTUMAYO",PER,1011897,PE-LOR,,2019-04-28,2019-04-05,2019,3,Probable and confirmed,Admin2,Week,MOH-PER-20002023-Y02-00,PAHO
PERU,LORETO,MAYNAS,"PERU, LORETO, MAYNAS",PER,1011897,PE-LOR,,2019-05-05,2019-11-05,2019,8,Probable and confirmed,Admin2,Week,MOH-PER-20002023-Y02-00,PAHO
PERU,LORETO,PUTUMAYO,"PERU, LORETO, PUTUMAYO",PER,1011897,PE-LOR,,2019-05-05,2019-11-05,2019,1,Probable and confirmed,Admin2,Week,MOH-PER-20002023-Y02-00,PAHO
PERU,LORETO,MAYNAS,"PERU, LORETO, MAYNAS",PER,1011897,PE-LOR,,2019-05-12,,2019,8,Probable and confirmed,Admin2,Week,MOH-PER-20002023-Y02-00,PAHO
PERU,LORETO,PUTUMAYO,"PERU, LORETO, PUTUMAYO",PER,1011897,PE-LOR,,2019-05-12,,2019,3,Probable and confirmed,Admin2,Week,MOH-PER-20002023-Y02-00,PAHO
PERU,LORETO,MAYNAS,"PERU, LORETO, MAYNAS",PER,1011897,PE-LOR,,2019-06-02,2019-08-06,2019,4,Probable and confirmed,Admin2,Week,MOH-PER-20002023-Y02-00,PAHO
PERU,LORETO,PUTUMAYO,"PERU, LORETO, PUTUMAYO",PER,1011897,PE-LOR,,2019-06-02,2019-08-06,2019,3,Probable and confirmed,Admin2,Week,MOH-PER-20002023-Y02-00,PAHO
PERU,LORETO,MAYNAS,"PERU, LORETO, MAYNAS",PER,1011897,PE-LOR,,2019-07-21,,2019,9,Probable and confirmed,Admin2,Week,MOH-PER-20002023-Y02-00,PAHO
PERU,LORETO,PUTUMAYO,"PERU, LORETO, PUTUMAYO",PER,1011897,PE-LOR,,2019-07-21,,2019,1,Probable and confirmed,Admin2,Week,MOH-PER-20002023-Y02-00,PAHO
PERU,LORETO,MAYNAS,"PERU, LORETO, MAYNAS",PER,1011897,PE-LOR,,2019-07-28,2019-03-08,2019,14,Probable and confirmed,Admin2,Week,MOH-PER-20002023-Y02-00,PAHO
PERU,LORETO,PUTUMAYO,"PERU, LORETO, PUTUMAYO",PER,1011897,PE-LOR,,2019-07-28,2019-03-08,2019,12,Probable and confirmed,Admin2,Week,MOH-PER-20002023-Y02-00,PAHO
PERU,LORETO,MAYNAS,"PERU, LORETO, MAYNAS",PER,1011897,PE-LOR,,2019-08-04,2019-10-08,2019,5,Probable and confirmed,Admin2,Week,MOH-PER-20002023-Y02-00,PAHO
PERU,LORETO,PUTUMAYO,"PERU, LORETO, PUTUMAYO",PER,1011897,PE-LOR,,2019-08-04,2019-10-08,2019,11,Probable and confirmed,Admin2,Week,MOH-PER-20002023-Y02-00,PAHO
PERU,LORETO,MAYNAS,"PERU, LORETO, MAYNAS",PER,1011897,PE-LOR,,2019-08-11,,2019,4,Probable and confirmed,Admin2,Week,MOH-PER-20002023-Y02-00,PAHO
PERU,LORETO,PUTUMAYO,"PERU, LORETO, PUTUMAYO",PER,1011897,PE-LOR,,2019-08-11,,2019,5,Probable and confirmed,Admin2,Week,MOH-PER-20002023-Y02-00,PAHO
PERU,LORETO,MAYNAS,"PERU, LORETO, MAYNAS",PER,1011897,PE-LOR,,2019-10-06,2019-12-10,2019,4,Probable and confirmed,Admin2,Week,MOH-PER-20002023-Y02-00,PAHO
PERU,LORETO,PUTUMAYO,"PERU, LORETO, PUTUMAYO",PER,1011897,PE-LOR,,2019-10-06,2019-12-10,2019,5,Probable and confirmed,Admin2,Week,MOH-PER-20002023-Y02-00,PAHO
PERU,LORETO,MAYNAS,"PERU, LORETO, MAYNAS",PER,1011897,PE-LOR,,2019-10-27,2019-02-11,2019,4,Probable and confirmed,Admin2,Week,MOH-PER-20002023-Y02-00,PAHO
PERU,LORETO,PUTUMAYO,"PERU, LORETO, PUTUMAYO",PER,1011897,PE-LOR,,2019-10-27,2019-02-11,2019,1,Probable and confirmed,Admin2,Week,MOH-PER-20002023-Y02-00,PAHO
PERU,LORETO,MAYNAS,"PERU, LORETO, MAYNAS",PER,1011897,PE-LOR,,2020-01-12,,2020,298,Probable and confirmed,Admin2,Week,MOH-PER-20002023-Y02-00,PAHO
PERU,LORETO,PUTUMAYO,"PERU, LORETO, PUTUMAYO",PER,1011897,PE-LOR,,2020-01-12,,2020,1,Probable and confirmed,Admin2,Week,MOH-PER-20002023-Y02-00,PAHO
PERU,LORETO,MAYNAS,"PERU, LORETO, MAYNAS",PER,1011897,PE-LOR,,2020-08-16,,2020,32,Probable and confirmed,Admin2,Week,MOH-PER-20002023-Y02-00,PAHO
PERU,LORETO,PUTUMAYO,"PERU, LORETO, PUTUMAYO",PER,1011897,PE-LOR,,2020-08-16,,2020,1,Probable and confirmed,Admin2,Week,MOH-PER-20002023-Y02-00,PAHO
PERU,LORETO,MAYNAS,"PERU, LORETO, MAYNAS",PER,1011897,PE-LOR,,2020-10-11,,2020,91,Probable and confirmed,Admin2,Week,MOH-PER-20002023-Y02-00,PAHO
PERU,LORETO,PUTUMAYO,"PERU, LORETO, PUTUMAYO",PER,1011897,PE-LOR,,2020-10-11,,2020,1,Probable and confirmed,Admin2,Week,MOH-PER-20002023-Y02-00,PAHO
PERU,LORETO,MAYNAS,"PERU, LORETO, MAYNAS",PER,1011897,PE-LOR,,2020-10-18,,2020,80,Probable and confirmed,Admin2,Week,MOH-PER-20002023-Y02-00,PAHO
PERU,LORETO,PUTUMAYO,"PERU, LORETO, PUTUMAYO",PER,1011897,PE-LOR,,2020-10-18,,2020,1,Probable and confirmed,Admin2,Week,MOH-PER-20002023-Y02-00,PAHO
PERU,LORETO,MAYNAS,"PERU, LORETO, MAYNAS",PER,1011897,PE-LOR,,2020-10-25,,2020,76,Probable and confirmed,Admin2,Week,MOH-PER-20002023-Y02-00,PAHO
PERU,LORETO,PUTUMAYO,"PERU, LORETO, PUTUMAYO",PER,1011897,PE-LOR,,2020-10-25,,2020,2,Probable and confirmed,Admin2,Week,MOH-PER-20002023-Y02-00,PAHO
PERU,LORETO,MAYNAS,"PERU, LORETO, MAYNAS",PER,1011897,PE-LOR,,2020-11-15,,2020,81,Probable and confirmed,Admin2,Week,MOH-PER-20002023-Y02-00,PAHO
PERU,LORETO,PUTUMAYO,"PERU, LORETO, PUTUMAYO",PER,1011897,PE-LOR,,2020-11-15,,2020,1,Probable and confirmed,Admin2,Week,MOH-PER-20002023-Y02-00,PAHO
PERU,LORETO,MAYNAS,"PERU, LORETO, MAYNAS",PER,1011897,PE-LOR,,2020-11-22,,2020,56,Probable and confirmed,Admin2,Week,MOH-PER-20002023-Y02-00,PAHO
PERU,LORETO,PUTUMAYO,"PERU, LORETO, PUTUMAYO",PER,1011897,PE-LOR,,2020-11-22,,2020,3,Probable and confirmed,Admin2,Week,MOH-PER-20002023-Y02-00,PAHO
PERU,LORETO,MAYNAS,"PERU, LORETO, MAYNAS",PER,1011897,PE-LOR,,2020-11-29,2020-05-12,2020,51,Probable and confirmed,Admin2,Week,MOH-PER-20002023-Y02-00,PAHO
PERU,LORETO,PUTUMAYO,"PERU, LORETO, PUTUMAYO",PER,1011897,PE-LOR,,2020-11-29,2020-05-12,2020,4,Probable and confirmed,Admin2,Week,MOH-PER-20002023-Y02-00,PAHO
PERU,LORETO,MAYNAS,"PERU, LORETO, MAYNAS",PER,1011897,PE-LOR,,2020-12-06,2020-12-12,2020,76,Probable and confirmed,Admin2,Week,MOH-PER-20002023-Y02-00,PAHO
PERU,LORETO,PUTUMAYO,"PERU, LORETO, PUTUMAYO",PER,1011897,PE-LOR,,2020-12-06,2020-12-12,2020,3,Probable and confirmed,Admin2,Week,MOH-PER-20002023-Y02-00,PAHO
PERU,LORETO,MAYNAS,"PERU, LORETO, MAYNAS",PER,1011897,PE-LOR,,2020-12-13,,2020,57,Probable and confirmed,Admin2,Week,MOH-PER-20002023-Y02-00,PAHO
PERU,LORETO,PUTUMAYO,"PERU, LORETO, PUTUMAYO",PER,1011897,PE-LOR,,2020-12-13,,2020,7,Probable and confirmed,Admin2,Week,MOH-PER-20002023-Y02-00,PAHO
PERU,LORETO,MAYNAS,"PERU, LORETO, MAYNAS",PER,1011897,PE-LOR,,2021-01-17,,2021,85,Probable and confirmed,Admin2,Week,MOH-PER-20002023-Y02-00,PAHO
PERU,LORETO,PUTUMAYO,"PERU, LORETO, PUTUMAYO",PER,1011897,PE-LOR,,2021-01-17,,2021,1,Probable and confirmed,Admin2,Week,MOH-PER-20002023-Y02-00,PAHO
PERU,LORETO,MAYNAS,"PERU, LORETO, MAYNAS",PER,1011897,PE-LOR,,2021-01-24,,2021,52,Probable and confirmed,Admin2,Week,MOH-PER-20002023-Y02-00,PAHO
PERU,LORETO,PUTUMAYO,"PERU, LORETO, PUTUMAYO",PER,1011897,PE-LOR,,2021-01-24,,2021,1,Probable and confirmed,Admin2,Week,MOH-PER-20002023-Y02-00,PAHO
PERU,LORETO,MAYNAS,"PERU, LORETO, MAYNAS",PER,1011897,PE-LOR,,2021-02-14,,2021,13,Probable and confirmed,Admin2,Week,MOH-PER-20002023-Y02-00,PAHO
PERU,LORETO,PUTUMAYO,"PERU, LORETO, PUTUMAYO",PER,1011897,PE-LOR,,2021-02-14,,2021,1,Probable and confirmed,Admin2,Week,MOH-PER-20002023-Y02-00,PAHO
PERU,LORETO,MAYNAS,"PERU, LORETO, MAYNAS",PER,1011897,PE-LOR,,2021-03-14,,2021,16,Probable and confirmed,Admin2,Week,MOH-PER-20002023-Y02-00,PAHO
PERU,LORETO,PUTUMAYO,"PERU, LORETO, PUTUMAYO",PER,1011897,PE-LOR,,2021-03-14,,2021,3,Probable and confirmed,Admin2,Week,MOH-PER-20002023-Y02-00,PAHO
PERU,LORETO,MAYNAS,"PERU, LORETO, MAYNAS",PER,1011897,PE-LOR,,2022-01-30,2022-05-02,2022,54,Probable and confirmed,Admin2,Week,MOH-PER-20002023-Y02-00,PAHO
PERU,LORETO,PUTUMAYO,"PERU, LORETO, PUTUMAYO",PER,1011897,PE-LOR,,2022-01-30,2022-05-02,2022,1,Probable and confirmed,Admin2,Week,MOH-PER-20002023-Y02-00,PAHO
PERU,LORETO,MAYNAS,"PERU, LORETO, MAYNAS",PER,1011897,PE-LOR,,2022-03-06,2022-12-03,2022,125,Probable and confirmed,Admin2,Week,MOH-PER-20002023-Y02-00,PAHO
PERU,LORETO,PUTUMAYO,"PERU, LORETO, PUTUMAYO",PER,1011897,PE-LOR,,2022-03-06,2022-12-03,2022,2,Probable and confirmed,Admin2,Week,MOH-PER-20002023-Y02-00,PAHO
PERU,LORETO,MAYNAS,"PERU, LORETO, MAYNAS",PER,1011897,PE-LOR,,2022-03-13,,2022,151,Probable and confirmed,Admin2,Week,MOH-PER-20002023-Y02-00,PAHO
PERU,LORETO,PUTUMAYO,"PERU, LORETO, PUTUMAYO",PER,1011897,PE-LOR,,2022-03-13,,2022,1,Probable and confirmed,Admin2,Week,MOH-PER-20002023-Y02-00,PAHO
PERU,LORETO,MAYNAS,"PERU, LORETO, MAYNAS",PER,1011897,PE-LOR,,2022-03-20,,2022,173,Probable and confirmed,Admin2,Week,MOH-PER-20002023-Y02-00,PAHO
PERU,LORETO,PUTUMAYO,"PERU, LORETO, PUTUMAYO",PER,1011897,PE-LOR,,2022-03-20,,2022,1,Probable and confirmed,Admin2,Week,MOH-PER-20002023-Y02-00,PAHO
PERU,LORETO,MAYNAS,"PERU, LORETO, MAYNAS",PER,1011897,PE-LOR,,2022-04-03,2022-09-04,2022,200,Probable and confirmed,Admin2,Week,MOH-PER-20002023-Y02-00,PAHO
PERU,LORETO,PUTUMAYO,"PERU, LORETO, PUTUMAYO",PER,1011897,PE-LOR,,2022-04-03,2022-09-04,2022,1,Probable and confirmed,Admin2,Week,MOH-PER-20002023-Y02-00,PAHO
PERU,LORETO,MAYNAS,"PERU, LORETO, MAYNAS",PER,1011897,PE-LOR,,2022-04-10,,2022,243,Probable and confirmed,Admin2,Week,MOH-PER-20002023-Y02-00,PAHO
PERU,LORETO,PUTUMAYO,"PERU, LORETO, PUTUMAYO",PER,1011897,PE-LOR,,2022-04-10,,2022,2,Probable and confirmed,Admin2,Week,MOH-PER-20002023-Y02-00,PAHO
PERU,LORETO,MAYNAS,"PERU, LORETO, MAYNAS",PER,1011897,PE-LOR,,2022-04-17,,2022,362,Probable and confirmed,Admin2,Week,MOH-PER-20002023-Y02-00,PAHO
PERU,LORETO,PUTUMAYO,"PERU, LORETO, PUTUMAYO",PER,1011897,PE-LOR,,2022-04-17,,2022,1,Probable and confirmed,Admin2,Week,MOH-PER-20002023-Y02-00,PAHO
PERU,LORETO,MAYNAS,"PERU, LORETO, MAYNAS",PER,1011897,PE-LOR,,2022-04-24,,2022,231,Probable and confirmed,Admin2,Week,MOH-PER-20002023-Y02-00,PAHO
PERU,LORETO,PUTUMAYO,"PERU, LORETO, PUTUMAYO",PER,1011897,PE-LOR,,2022-04-24,,2022,2,Probable and confirmed,Admin2,Week,MOH-PER-20002023-Y02-00,PAHO
PERU,LORETO,MAYNAS,"PERU, LORETO, MAYNAS",PER,1011897,PE-LOR,,2022-05-01,2022-07-05,2022,251,Probable and confirmed,Admin2,Week,MOH-PER-20002023-Y02-00,PAHO
PERU,LORETO,PUTUMAYO,"PERU, LORETO, PUTUMAYO",PER,1011897,PE-LOR,,2022-05-01,2022-07-05,2022,4,Probable and confirmed,Admin2,Week,MOH-PER-20002023-Y02-00,PAHO
PERU,LORETO,MAYNAS,"PERU, LORETO, MAYNAS",PER,1011897,PE-LOR,,2022-05-08,,2022,212,Probable and confirmed,Admin2,Week,MOH-PER-20002023-Y02-00,PAHO
PERU,LORETO,PUTUMAYO,"PERU, LORETO, PUTUMAYO",PER,1011897,PE-LOR,,2022-05-08,,2022,3,Probable and confirmed,Admin2,Week,MOH-PER-20002023-Y02-00,PAHO
PERU,LORETO,MAYNAS,"PERU, LORETO, MAYNAS",PER,1011897,PE-LOR,,2022-05-22,,2022,48,Probable and confirmed,Admin2,Week,MOH-PER-20002023-Y02-00,PAHO
PERU,LORETO,PUTUMAYO,"PERU, LORETO, PUTUMAYO",PER,1011897,PE-LOR,,2022-05-22,,2022,1,Probable and confirmed,Admin2,Week,MOH-PER-20002023-Y02-00,PAHO
PERU,LORETO,MAYNAS,"PERU, LORETO, MAYNAS",PER,1011897,PE-LOR,,2022-07-03,2022-09-07,2022,26,Probable and confirmed,Admin2,Week,MOH-PER-20002023-Y02-00,PAHO
PERU,LORETO,PUTUMAYO,"PERU, LORETO, PUTUMAYO",PER,1011897,PE-LOR,,2022-07-03,2022-09-07,2022,2,Probable and confirmed,Admin2,Week,MOH-PER-20002023-Y02-00,PAHO
PERU,LORETO,MAYNAS,"PERU, LORETO, MAYNAS",PER,1011897,PE-LOR,,2022-07-10,,2022,15,Probable and confirmed,Admin2,Week,MOH-PER-20002023-Y02-00,PAHO
PERU,LORETO,PUTUMAYO,"PERU, LORETO, PUTUMAYO",PER,1011897,PE-LOR,,2022-07-10,,2022,1,Probable and confirmed,Admin2,Week,MOH-PER-20002023-Y02-00,PAHO
PERU,LORETO,MAYNAS,"PERU, LORETO, MAYNAS",PER,1011897,PE-LOR,,2022-09-04,2022-10-09,2022,14,Probable and confirmed,Admin2,Week,MOH-PER-20002023-Y02-00,PAHO
PERU,LORETO,PUTUMAYO,"PERU, LORETO, PUTUMAYO",PER,1011897,PE-LOR,,2022-09-04,2022-10-09,2022,3,Probable and confirmed,Admin2,Week,MOH-PER-20002023-Y02-00,PAHO
PERU,LORETO,MAYNAS,"PERU, LORETO, MAYNAS",PER,1011897,PE-LOR,,2022-09-11,,2022,23,Probable and confirmed,Admin2,Week,MOH-PER-20002023-Y02-00,PAHO
PERU,LORETO,PUTUMAYO,"PERU, LORETO, PUTUMAYO",PER,1011897,PE-LOR,,2022-09-11,,2022,2,Probable and confirmed,Admin2,Week,MOH-PER-20002023-Y02-00,PAHO
PERU,LORETO,MAYNAS,"PERU, LORETO, MAYNAS",PER,1011897,PE-LOR,,2022-09-25,2022-01-10,2022,13,Probable and confirmed,Admin2,Week,MOH-PER-20002023-Y02-00,PAHO
PERU,LORETO,PUTUMAYO,"PERU, LORETO, PUTUMAYO",PER,1011897,PE-LOR,,2022-09-25,2022-01-10,2022,2,Probable and confirmed,Admin2,Week,MOH-PER-20002023-Y02-00,PAHO
PERU,LORETO,MAYNAS,"PERU, LORETO, MAYNAS",PER,1011897,PE-LOR,,2022-10-02,2022-08-10,2022,11,Probable and confirmed,Admin2,Week,MOH-PER-20002023-Y02-00,PAHO
PERU,LORETO,PUTUMAYO,"PERU, LORETO, PUTUMAYO",PER,1011897,PE-LOR,,2022-10-02,2022-08-10,2022,5,Probable and confirmed,Admin2,Week,MOH-PER-20002023-Y02-00,PAHO
PERU,LORETO,MAYNAS,"PERU, LORETO, MAYNAS",PER,1011897,PE-LOR,,2022-10-09,,2022,13,Probable and confirmed,Admin2,Week,MOH-PER-20002023-Y02-00,PAHO
PERU,LORETO,PUTUMAYO,"PERU, LORETO, PUTUMAYO",PER,1011897,PE-LOR,,2022-10-09,,2022,1,Probable and confirmed,Admin2,Week,MOH-PER-20002023-Y02-00,PAHO
PERU,LORETO,MAYNAS,"PERU, LORETO, MAYNAS",PER,1011897,PE-LOR,,2022-10-30,2022-05-11,2022,15,Probable and confirmed,Admin2,Week,MOH-PER-20002023-Y02-00,PAHO
PERU,LORETO,PUTUMAYO,"PERU, LORETO, PUTUMAYO",PER,1011897,PE-LOR,,2022-10-30,2022-05-11,2022,1,Probable and confirmed,Admin2,Week,MOH-PER-20002023-Y02-00,PAHO
PERU,LORETO,MAYNAS,"PERU, LORETO, MAYNAS",PER,1011897,PE-LOR,,2022-11-06,2022-12-11,2022,10,Probable and confirmed,Admin2,Week,MOH-PER-20002023-Y02-00,PAHO
PERU,LORETO,PUTUMAYO,"PERU, LORETO, PUTUMAYO",PER,1011897,PE-LOR,,2022-11-06,2022-12-11,2022,3,Probable and confirmed,Admin2,Week,MOH-PER-20002023-Y02-00,PAHO
PERU,LORETO,MAYNAS,"PERU, LORETO, MAYNAS",PER,1011897,PE-LOR,,2022-11-13,,2022,23,Probable and confirmed,Admin2,Week,MOH-PER-20002023-Y02-00,PAHO
PERU,LORETO,PUTUMAYO,"PERU, LORETO, PUTUMAYO",PER,1011897,PE-LOR,,2022-11-13,,2022,1,Probable and confirmed,Admin2,Week,MOH-PER-20002023-Y02-00,PAHO
PERU,LORETO,MAYNAS,"PERU, LORETO, MAYNAS",PER,1011897,PE-LOR,,2022-11-20,,2022,7,Probable and confirmed,Admin2,Week,MOH-PER-20002023-Y02-00,PAHO
PERU,LORETO,PUTUMAYO,"PERU, LORETO, PUTUMAYO",PER,1011897,PE-LOR,,2022-11-20,,2022,5,Probable and confirmed,Admin2,Week,MOH-PER-20002023-Y02-00,PAHO
PERU,LORETO,MAYNAS,"PERU, LORETO, MAYNAS",PER,1011897,PE-LOR,,2022-11-27,2022-03-12,2022,14,Probable and confirmed,Admin2,Week,MOH-PER-20002023-Y02-00,PAHO
PERU,LORETO,PUTUMAYO,"PERU, LORETO, PUTUMAYO",PER,1011897,PE-LOR,,2022-11-27,2022-03-12,2022,2,Probable and confirmed,Admin2,Week,MOH-PER-20002023-Y02-00,PAHO
PERU,LORETO,MAYNAS,"PERU, LORETO, MAYNAS",PER,1011897,PE-LOR,,2022-12-11,,2022,13,Probable and confirmed,Admin2,Week,MOH-PER-20002023-Y02-00,PAHO
PERU,LORETO,PUTUMAYO,"PERU, LORETO, PUTUMAYO",PER,1011897,PE-LOR,,2022-12-11,,2022,8,Probable and confirmed,Admin2,Week,MOH-PER-20002023-Y02-00,PAHO
PERU,LORETO,MAYNAS,"PERU, LORETO, MAYNAS",PER,1011897,PE-LOR,,2022-12-18,,2022,13,Probable and confirmed,Admin2,Week,MOH-PER-20002023-Y02-00,PAHO
PERU,LORETO,PUTUMAYO,"PERU, LORETO, PUTUMAYO",PER,1011897,PE-LOR,,2022-12-18,,2022,7,Probable and confirmed,Admin2,Week,MOH-PER-20002023-Y02-00,PAHO
PERU,LORETO,MAYNAS,"PERU, LORETO, MAYNAS",PER,1011897,PE-LOR,,2022-12-25,,2022,20,Probable and confirmed,Admin2,Week,MOH-PER-20002023-Y02-00,PAHO
PERU,LORETO,PUTUMAYO,"PERU, LORETO, PUTUMAYO",PER,1011897,PE-LOR,,2022-12-25,,2022,9,Probable and confirmed,Admin2,Week,MOH-PER-20002023-Y02-00,PAHO
PERU,LORETO,MAYNAS,"PERU, LORETO, MAYNAS",PER,1011897,PE-LOR,,2023-01-01,2023-07-01,2023,37,Probable and confirmed,Admin2,Week,MOH-PER-20002023-Y02-00,PAHO
PERU,LORETO,PUTUMAYO,"PERU, LORETO, PUTUMAYO",PER,1011897,PE-LOR,,2023-01-01,2023-07-01,2023,22,Probable and confirmed,Admin2,Week,MOH-PER-20002023-Y02-00,PAHO
PERU,LORETO,MAYNAS,"PERU, LORETO, MAYNAS",PER,1011897,PE-LOR,,2023-01-08,,2023,47,Probable and confirmed,Admin2,Week,MOH-PER-20002023-Y02-00,PAHO
PERU,LORETO,PUTUMAYO,"PERU, LORETO, PUTUMAYO",PER,1011897,PE-LOR,,2023-01-08,,2023,45,Probable and confirmed,Admin2,Week,MOH-PER-20002023-Y02-00,PAHO
PERU,LORETO,MAYNAS,"PERU, LORETO, MAYNAS",PER,1011897,PE-LOR,,2023-01-15,,2023,29,Probable and confirmed,Admin2,Week,MOH-PER-20002023-Y02-00,PAHO
PERU,LORETO,PUTUMAYO,"PERU, LORETO, PUTUMAYO",PER,1011897,PE-LOR,,2023-01-15,,2023,48,Probable and confirmed,Admin2,Week,MOH-PER-20002023-Y02-00,PAHO
PERU,LORETO,MAYNAS,"PERU, LORETO, MAYNAS",PER,1011897,PE-LOR,,2023-01-22,,2023,32,Probable and confirmed,Admin2,Week,MOH-PER-20002023-Y02-00,PAHO
PERU,LORETO,PUTUMAYO,"PERU, LORETO, PUTUMAYO",PER,1011897,PE-LOR,,2023-01-22,,2023,19,Probable and confirmed,Admin2,Week,MOH-PER-20002023-Y02-00,PAHO
PERU,LORETO,MAYNAS,"PERU, LORETO, MAYNAS",PER,1011897,PE-LOR,,2023-01-29,2023-04-02,2023,48,Probable and confirmed,Admin2,Week,MOH-PER-20002023-Y02-00,PAHO
PERU,LORETO,PUTUMAYO,"PERU, LORETO, PUTUMAYO",PER,1011897,PE-LOR,,2023-01-29,2023-04-02,2023,9,Probable and confirmed,Admin2,Week,MOH-PER-20002023-Y02-00,PAHO
PERU,LORETO,MAYNAS,"PERU, LORETO, MAYNAS",PER,1011897,PE-LOR,,2023-02-05,2023-11-02,2023,76,Probable and confirmed,Admin2,Week,MOH-PER-20002023-Y02-00,PAHO
PERU,LORETO,PUTUMAYO,"PERU, LORETO, PUTUMAYO",PER,1011897,PE-LOR,,2023-02-05,2023-11-02,2023,9,Probable and confirmed,Admin2,Week,MOH-PER-20002023-Y02-00,PAHO
PERU,LORETO,MAYNAS,"PERU, LORETO, MAYNAS",PER,1011897,PE-LOR,,2023-02-12,,2023,102,Probable and confirmed,Admin2,Week,MOH-PER-20002023-Y02-00,PAHO
PERU,LORETO,PUTUMAYO,"PERU, LORETO, PUTUMAYO",PER,1011897,PE-LOR,,2023-02-12,,2023,3,Probable and confirmed,Admin2,Week,MOH-PER-20002023-Y02-00,PAHO
PERU,LORETO,MAYNAS,"PERU, LORETO, MAYNAS",PER,1011897,PE-LOR,,2023-02-19,,2023,124,Probable and confirmed,Admin2,Week,MOH-PER-20002023-Y02-00,PAHO
PERU,LORETO,PUTUMAYO,"PERU, LORETO, PUTUMAYO",PER,1011897,PE-LOR,,2023-02-19,,2023,8,Probable and confirmed,Admin2,Week,MOH-PER-20002023-Y02-00,PAHO
PERU,LORETO,MAYNAS,"PERU, LORETO, MAYNAS",PER,1011897,PE-LOR,,2023-02-26,2023-04-03,2023,134,Probable and confirmed,Admin2,Week,MOH-PER-20002023-Y02-00,PAHO
PERU,LORETO,PUTUMAYO,"PERU, LORETO, PUTUMAYO",PER,1011897,PE-LOR,,2023-02-26,2023-04-03,2023,11,Probable and confirmed,Admin2,Week,MOH-PER-20002023-Y02-00,PAHO
PERU,LORETO,MAYNAS,"PERU, LORETO, MAYNAS",PER,1011897,PE-LOR,,2023-03-05,2023-11-03,2023,146,Probable and confirmed,Admin2,Week,MOH-PER-20002023-Y02-00,PAHO
PERU,LORETO,PUTUMAYO,"PERU, LORETO, PUTUMAYO",PER,1011897,PE-LOR,,2023-03-05,2023-11-03,2023,5,Probable and confirmed,Admin2,Week,MOH-PER-20002023-Y02-00,PAHO
PERU,LORETO,MAYNAS,"PERU, LORETO, MAYNAS",PER,1011897,PE-LOR,,2023-03-12,,2023,123,Probable and confirmed,Admin2,Week,MOH-PER-20002023-Y02-00,PAHO
PERU,LORETO,PUTUMAYO,"PERU, LORETO, PUTUMAYO",PER,1011897,PE-LOR,,2023-03-12,,2023,3,Probable and confirmed,Admin2,Week,MOH-PER-20002023-Y02-00,PAHO
PERU,LORETO,MAYNAS,"PERU, LORETO, MAYNAS",PER,1011897,PE-LOR,,2023-03-19,,2023,99,Probable and confirmed,Admin2,Week,MOH-PER-20002023-Y02-00,PAHO
PERU,LORETO,PUTUMAYO,"PERU, LORETO, PUTUMAYO",PER,1011897,PE-LOR,,2023-03-19,,2023,7,Probable and confirmed,Admin2,Week,MOH-PER-20002023-Y02-00,PAHO
PERU,LORETO,MAYNAS,"PERU, LORETO, MAYNAS",PER,1011897,PE-LOR,,2023-03-26,2023-01-04,2023,72,Probable and confirmed,Admin2,Week,MOH-PER-20002023-Y02-00,PAHO
PERU,LORETO,PUTUMAYO,"PERU, LORETO, PUTUMAYO",PER,1011897,PE-LOR,,2023-03-26,2023-01-04,2023,12,Probable and confirmed,Admin2,Week,MOH-PER-20002023-Y02-00,PAHO
PERU,LORETO,MAYNAS,"PERU, LORETO, MAYNAS",PER,1011897,PE-LOR,,2023-04-30,2023-06-05,2023,27,Probable and confirmed,Admin2,Week,MOH-PER-20002023-Y02-00,PAHO
PERU,LORETO,PUTUMAYO,"PERU, LORETO, PUTUMAYO",PER,1011897,PE-LOR,,2023-04-30,2023-06-05,2023,3,Probable and confirmed,Admin2,Week,MOH-PER-20002023-Y02-00,PAHO
PERU,LORETO,MAYNAS,"PERU, LORETO, MAYNAS",PER,1011897,PE-LOR,,2023-05-07,,2023,31,Probable and confirmed,Admin2,Week,MOH-PER-20002023-Y02-00,PAHO
PERU,LORETO,PUTUMAYO,"PERU, LORETO, PUTUMAYO",PER,1011897,PE-LOR,,2023-05-07,,2023,5,Probable and confirmed,Admin2,Week,MOH-PER-20002023-Y02-00,PAHO
PERU,LORETO,MAYNAS,"PERU, LORETO, MAYNAS",PER,1011897,PE-LOR,,2023-05-14,,2023,32,Probable and confirmed,Admin2,Week,MOH-PER-20002023-Y02-00,PAHO
PERU,LORETO,PUTUMAYO,"PERU, LORETO, PUTUMAYO",PER,1011897,PE-LOR,,2023-05-14,,2023,5,Probable and confirmed,Admin2,Week,MOH-PER-20002023-Y02-00,PAHO
PERU,LORETO,MAYNAS,"PERU, LORETO, MAYNAS",PER,1011897,PE-LOR,,2023-05-28,2023-03-06,2023,24,Probable and confirmed,Admin2,Week,MOH-PER-20002023-Y02-00,PAHO
PERU,LORETO,PUTUMAYO,"PERU, LORETO, PUTUMAYO",PER,1011897,PE-LOR,,2023-05-28,2023-03-06,2023,1,Probable and confirmed,Admin2,Week,MOH-PER-20002023-Y02-00,PAHO
PERU,LORETO,MAYNAS,"PERU, LORETO, MAYNAS",PER,1011897,PE-LOR,,2023-06-18,,2023,12,Probable and confirmed,Admin2,Week,MOH-PER-20002023-Y02-00,PAHO
PERU,LORETO,PUTUMAYO,"PERU, LORETO, PUTUMAYO",PER,1011897,PE-LOR,,2023-06-18,,2023,1,Probable and confirmed,Admin2,Week,MOH-PER-20002023-Y02-00,PAHO
PERU,LORETO,MAYNAS,"PERU, LORETO, MAYNAS",PER,1011897,PE-LOR,,2023-07-16,,2023,4,Probable and confirmed,Admin2,Week,MOH-PER-20002023-Y02-00,PAHO
PERU,LORETO,PUTUMAYO,"PERU, LORETO, PUTUMAYO",PER,1011897,PE-LOR,,2023-07-16,,2023,2,Probable and confirmed,Admin2,Week,MOH-PER-20002023-Y02-00,PAHO
PERU,LORETO,MAYNAS,"PERU, LORETO, MAYNAS",PER,1011897,PE-LOR,,2023-08-06,2023-12-08,2023,6,Probable and confirmed,Admin2,Week,MOH-PER-20002023-Y02-00,PAHO
PERU,LORETO,PUTUMAYO,"PERU, LORETO, PUTUMAYO",PER,1011897,PE-LOR,,2023-08-06,2023-12-08,2023,2,Probable and confirmed,Admin2,Week,MOH-PER-20002023-Y02-00,PAHO
PERU,LORETO,MAYNAS,"PERU, LORETO, MAYNAS",PER,1011897,PE-LOR,,2023-08-13,,2023,7,Probable and confirmed,Admin2,Week,MOH-PER-20002023-Y02-00,PAHO
PERU,LORETO,PUTUMAYO,"PERU, LORETO, PUTUMAYO",PER,1011897,PE-LOR,,2023-08-13,,2023,3,Probable and confirmed,Admin2,Week,MOH-PER-20002023-Y02-00,PAHO
PERU,LORETO,MAYNAS,"PERU, LORETO, MAYNAS",PER,1011897,PE-LOR,,2023-10-08,,2023,4,Probable and confirmed,Admin2,Week,MOH-PER-20002023-Y02-00,PAHO
PERU,LORETO,PUTUMAYO,"PERU, LORETO, PUTUMAYO",PER,1011897,PE-LOR,,2023-10-08,,2023,1,Probable and confirmed,Admin2,Week,MOH-PER-20002023-Y02-00,PAHO
PERU,LORETO,MAYNAS,"PERU, LORETO, MAYNAS",PER,1011897,PE-LOR,,2023-10-15,,2023,6,Probable and confirmed,Admin2,Week,MOH-PER-20002023-Y02-00,PAHO
PERU,LORETO,PUTUMAYO,"PERU, LORETO, PUTUMAYO",PER,1011897,PE-LOR,,2023-10-15,,2023,2,Probable and confirmed,Admin2,Week,MOH-PER-20002023-Y02-00,PAHO
PERU,LORETO,MAYNAS,"PERU, LORETO, MAYNAS",PER,1011897,PE-LOR,,2023-10-22,,2023,10,Probable and confirmed,Admin2,Week,MOH-PER-20002023-Y02-00,PAHO
PERU,LORETO,PUTUMAYO,"PERU, LORETO, PUTUMAYO",PER,1011897,PE-LOR,,2023-10-22,,2023,3,Probable and confirmed,Admin2,Week,MOH-PER-20002023-Y02-00,PAHO
PERU,LORETO,ALTO AMAZONAS,"PERU, LORETO, ALTO AMAZONAS",PER,1011992,PE-LOR,,2001-03-11,,2001,1,Probable and confirmed,Admin2,Week,MOH-PER-20002023-Y02-00,PAHO
PERU,LORETO,DATEM DEL MARANON,"PERU, LORETO, DATEM DEL MARANON",PER,1011992,PE-LOR,,2001-03-11,,2001,1,Probable and confirmed,Admin2,Week,MOH-PER-20002023-Y02-00,PAHO
PERU,LORETO,ALTO AMAZONAS,"PERU, LORETO, ALTO AMAZONAS",PER,1011992,PE-LOR,,2001-07-22,,2001,2,Probable and confirmed,Admin2,Week,MOH-PER-20002023-Y02-00,PAHO
PERU,LORETO,DATEM DEL MARANON,"PERU, LORETO, DATEM DEL MARANON",PER,1011992,PE-LOR,,2001-07-22,,2001,1,Probable and confirmed,Admin2,Week,MOH-PER-20002023-Y02-00,PAHO
PERU,LORETO,ALTO AMAZONAS,"PERU, LORETO, ALTO AMAZONAS",PER,1011992,PE-LOR,,2001-09-09,,2001,1,Probable and confirmed,Admin2,Week,MOH-PER-20002023-Y02-00,PAHO
PERU,LORETO,DATEM DEL MARANON,"PERU, LORETO, DATEM DEL MARANON",PER,1011992,PE-LOR,,2001-09-09,,2001,1,Probable and confirmed,Admin2,Week,MOH-PER-20002023-Y02-00,PAHO
PERU,LORETO,ALTO AMAZONAS,"PERU, LORETO, ALTO AMAZONAS",PER,1011992,PE-LOR,,2001-09-16,,2001,2,Probable and confirmed,Admin2,Week,MOH-PER-20002023-Y02-00,PAHO
PERU,LORETO,DATEM DEL MARANON,"PERU, LORETO, DATEM DEL MARANON",PER,1011992,PE-LOR,,2001-09-16,,2001,1,Probable and confirmed,Admin2,Week,MOH-PER-20002023-Y02-00,PAHO
PERU,LORETO,ALTO AMAZONAS,"PERU, LORETO, ALTO AMAZONAS",PER,1011992,PE-LOR,,2002-01-13,,2002,3,Probable and confirmed,Admin2,Week,MOH-PER-20002023-Y02-00,PAHO
PERU,LORETO,DATEM DEL MARANON,"PERU, LORETO, DATEM DEL MARANON",PER,1011992,PE-LOR,,2002-01-13,,2002,1,Probable and confirmed,Admin2,Week,MOH-PER-20002023-Y02-00,PAHO
PERU,LORETO,ALTO AMAZONAS,"PERU, LORETO, ALTO AMAZONAS",PER,1011992,PE-LOR,,2002-01-20,,2002,6,Probable and confirmed,Admin2,Week,MOH-PER-20002023-Y02-00,PAHO
PERU,LORETO,DATEM DEL MARANON,"PERU, LORETO, DATEM DEL MARANON",PER,1011992,PE-LOR,,2002-01-20,,2002,1,Probable and confirmed,Admin2,Week,MOH-PER-20002023-Y02-00,PAHO
PERU,LORETO,ALTO AMAZONAS,"PERU, LORETO, ALTO AMAZONAS",PER,1011992,PE-LOR,,2002-02-03,2002-09-02,2002,4,Probable and confirmed,Admin2,Week,MOH-PER-20002023-Y02-00,PAHO
PERU,LORETO,DATEM DEL MARANON,"PERU, LORETO, DATEM DEL MARANON",PER,1011992,PE-LOR,,2002-02-03,2002-09-02,2002,1,Probable and confirmed,Admin2,Week,MOH-PER-20002023-Y02-00,PAHO
PERU,LORETO,ALTO AMAZONAS,"PERU, LORETO, ALTO AMAZONAS",PER,1011992,PE-LOR,,2002-10-27,2002-02-11,2002,1,Probable and confirmed,Admin2,Week,MOH-PER-20002023-Y02-00,PAHO
PERU,LORETO,DATEM DEL MARANON,"PERU, LORETO, DATEM DEL MARANON",PER,1011992,PE-LOR,,2002-10-27,2002-02-11,2002,1,Probable and confirmed,Admin2,Week,MOH-PER-20002023-Y02-00,PAHO
PERU,LORETO,ALTO AMAZONAS,"PERU, LORETO, ALTO AMAZONAS",PER,1011992,PE-LOR,,2003-09-07,,2003,1,Probable and confirmed,Admin2,Week,MOH-PER-20002023-Y02-00,PAHO
PERU,LORETO,DATEM DEL MARANON,"PERU, LORETO, DATEM DEL MARANON",PER,1011992,PE-LOR,,2003-09-07,,2003,1,Probable and confirmed,Admin2,Week,MOH-PER-20002023-Y02-00,PAHO
PERU,LORETO,ALTO AMAZONAS,"PERU, LORETO, ALTO AMAZONAS",PER,1011992,PE-LOR,,2004-11-21,,2004,2,Probable and confirmed,Admin2,Week,MOH-PER-20002023-Y02-00,PAHO
PERU,LORETO,DATEM DEL MARANON,"PERU, LORETO, DATEM DEL MARANON",PER,1011992,PE-LOR,,2004-11-21,,2004,1,Probable and confirmed,Admin2,Week,MOH-PER-20002023-Y02-00,PAHO
PERU,LORETO,ALTO AMAZONAS,"PERU, LORETO, ALTO AMAZONAS",PER,1011992,PE-LOR,,2004-12-12,,2004,4,Probable and confirmed,Admin2,Week,MOH-PER-20002023-Y02-00,PAHO
PERU,LORETO,DATEM DEL MARANON,"PERU, LORETO, DATEM DEL MARANON",PER,1011992,PE-LOR,,2004-12-12,,2004,1,Probable and confirmed,Admin2,Week,MOH-PER-20002023-Y02-00,PAHO
PERU,LORETO,ALTO AMAZONAS,"PERU, LORETO, ALTO AMAZONAS",PER,1011992,PE-LOR,,2005-12-11,,2005,14,Probable and confirmed,Admin2,Week,MOH-PER-20002023-Y02-00,PAHO
PERU,LORETO,DATEM DEL MARANON,"PERU, LORETO, DATEM DEL MARANON",PER,1011992,PE-LOR,,2005-12-11,,2005,1,Probable and confirmed,Admin2,Week,MOH-PER-20002023-Y02-00,PAHO
PERU,LORETO,ALTO AMAZONAS,"PERU, LORETO, ALTO AMAZONAS",PER,1011992,PE-LOR,,2006-02-19,,2006,2,Probable and confirmed,Admin2,Week,MOH-PER-20002023-Y02-00,PAHO
PERU,LORETO,DATEM DEL MARANON,"PERU, LORETO, DATEM DEL MARANON",PER,1011992,PE-LOR,,2006-02-19,,2006,1,Probable and confirmed,Admin2,Week,MOH-PER-20002023-Y02-00,PAHO
PERU,LORETO,ALTO AMAZONAS,"PERU, LORETO, ALTO AMAZONAS",PER,1011992,PE-LOR,,2006-07-02,2006-08-07,2006,5,Probable and confirmed,Admin2,Week,MOH-PER-20002023-Y02-00,PAHO
PERU,LORETO,DATEM DEL MARANON,"PERU, LORETO, DATEM DEL MARANON",PER,1011992,PE-LOR,,2006-07-02,2006-08-07,2006,3,Probable and confirmed,Admin2,Week,MOH-PER-20002023-Y02-00,PAHO
PERU,LORETO,ALTO AMAZONAS,"PERU, LORETO, ALTO AMAZONAS",PER,1011992,PE-LOR,,2006-07-09,,2006,6,Probable and confirmed,Admin2,Week,MOH-PER-20002023-Y02-00,PAHO
PERU,LORETO,DATEM DEL MARANON,"PERU, LORETO, DATEM DEL MARANON",PER,1011992,PE-LOR,,2006-07-09,,2006,1,Probable and confirmed,Admin2,Week,MOH-PER-20002023-Y02-00,PAHO
PERU,LORETO,ALTO AMAZONAS,"PERU, LORETO, ALTO AMAZONAS",PER,1011992,PE-LOR,,2006-07-16,,2006,6,Probable and confirmed,Admin2,Week,MOH-PER-20002023-Y02-00,PAHO
PERU,LORETO,DATEM DEL MARANON,"PERU, LORETO, DATEM DEL MARANON",PER,1011992,PE-LOR,,2006-07-16,,2006,2,Probable and confirmed,Admin2,Week,MOH-PER-20002023-Y02-00,PAHO
PERU,LORETO,ALTO AMAZONAS,"PERU, LORETO, ALTO AMAZONAS",PER,1011992,PE-LOR,,2006-07-23,,2006,10,Probable and confirmed,Admin2,Week,MOH-PER-20002023-Y02-00,PAHO
PERU,LORETO,DATEM DEL MARANON,"PERU, LORETO, DATEM DEL MARANON",PER,1011992,PE-LOR,,2006-07-23,,2006,1,Probable and confirmed,Admin2,Week,MOH-PER-20002023-Y02-00,PAHO
PERU,LORETO,ALTO AMAZONAS,"PERU, LORETO, ALTO AMAZONAS",PER,1011992,PE-LOR,,2006-07-30,2006-05-08,2006,8,Probable and confirmed,Admin2,Week,MOH-PER-20002023-Y02-00,PAHO
PERU,LORETO,DATEM DEL MARANON,"PERU, LORETO, DATEM DEL MARANON",PER,1011992,PE-LOR,,2006-07-30,2006-05-08,2006,2,Probable and confirmed,Admin2,Week,MOH-PER-20002023-Y02-00,PAHO
PERU,LORETO,ALTO AMAZONAS,"PERU, LORETO, ALTO AMAZONAS",PER,1011992,PE-LOR,,2006-09-24,,2006,12,Probable and confirmed,Admin2,Week,MOH-PER-20002023-Y02-00,PAHO
PERU,LORETO,DATEM DEL MARANON,"PERU, LORETO, DATEM DEL MARANON",PER,1011992,PE-LOR,,2006-09-24,,2006,1,Probable and confirmed,Admin2,Week,MOH-PER-20002023-Y02-00,PAHO
PERU,LORETO,ALTO AMAZONAS,"PERU, LORETO, ALTO AMAZONAS",PER,1011992,PE-LOR,,2006-10-08,,2006,10,Probable and confirmed,Admin2,Week,MOH-PER-20002023-Y02-00,PAHO
PERU,LORETO,DATEM DEL MARANON,"PERU, LORETO, DATEM DEL MARANON",PER,1011992,PE-LOR,,2006-10-08,,2006,2,Probable and confirmed,Admin2,Week,MOH-PER-20002023-Y02-00,PAHO
PERU,LORETO,ALTO AMAZONAS,"PERU, LORETO, ALTO AMAZONAS",PER,1011992,PE-LOR,,2006-10-29,2006-04-11,2006,11,Probable and confirmed,Admin2,Week,MOH-PER-20002023-Y02-00,PAHO
PERU,LORETO,DATEM DEL MARANON,"PERU, LORETO, DATEM DEL MARANON",PER,1011992,PE-LOR,,2006-10-29,2006-04-11,2006,6,Probable and confirmed,Admin2,Week,MOH-PER-20002023-Y02-00,PAHO
PERU,LORETO,ALTO AMAZONAS,"PERU, LORETO, ALTO AMAZONAS",PER,1011992,PE-LOR,,2006-11-05,2006-11-11,2006,17,Probable and confirmed,Admin2,Week,MOH-PER-20002023-Y02-00,PAHO
PERU,LORETO,DATEM DEL MARANON,"PERU, LORETO, DATEM DEL MARANON",PER,1011992,PE-LOR,,2006-11-05,2006-11-11,2006,2,Probable and confirmed,Admin2,Week,MOH-PER-20002023-Y02-00,PAHO
PERU,LORETO,ALTO AMAZONAS,"PERU, LORETO, ALTO AMAZONAS",PER,1011992,PE-LOR,,2006-12-24,,2006,3,Probable and confirmed,Admin2,Week,MOH-PER-20002023-Y02-00,PAHO
PERU,LORETO,DATEM DEL MARANON,"PERU, LORETO, DATEM DEL MARANON",PER,1011992,PE-LOR,,2006-12-24,,2006,1,Probable and confirmed,Admin2,Week,MOH-PER-20002023-Y02-00,PAHO
PERU,LORETO,ALTO AMAZONAS,"PERU, LORETO, ALTO AMAZONAS",PER,1011992,PE-LOR,,2007-01-14,,2007,6,Probable and confirmed,Admin2,Week,MOH-PER-20002023-Y02-00,PAHO
PERU,LORETO,DATEM DEL MARANON,"PERU, LORETO, DATEM DEL MARANON",PER,1011992,PE-LOR,,2007-01-14,,2007,1,Probable and confirmed,Admin2,Week,MOH-PER-20002023-Y02-00,PAHO
PERU,LORETO,ALTO AMAZONAS,"PERU, LORETO, ALTO AMAZONAS",PER,1011992,PE-LOR,,2007-06-10,,2007,3,Probable and confirmed,Admin2,Week,MOH-PER-20002023-Y02-00,PAHO
PERU,LORETO,DATEM DEL MARANON,"PERU, LORETO, DATEM DEL MARANON",PER,1011992,PE-LOR,,2007-06-10,,2007,2,Probable and confirmed,Admin2,Week,MOH-PER-20002023-Y02-00,PAHO
PERU,LORETO,ALTO AMAZONAS,"PERU, LORETO, ALTO AMAZONAS",PER,1011992,PE-LOR,,2007-07-29,2007-04-08,2007,4,Probable and confirmed,Admin2,Week,MOH-PER-20002023-Y02-00,PAHO
PERU,LORETO,DATEM DEL MARANON,"PERU, LORETO, DATEM DEL MARANON",PER,1011992,PE-LOR,,2007-07-29,2007-04-08,2007,1,Probable and confirmed,Admin2,Week,MOH-PER-20002023-Y02-00,PAHO
PERU,LORETO,ALTO AMAZONAS,"PERU, LORETO, ALTO AMAZONAS",PER,1011992,PE-LOR,,2007-10-14,,2007,18,Probable and confirmed,Admin2,Week,MOH-PER-20002023-Y02-00,PAHO
PERU,LORETO,DATEM DEL MARANON,"PERU, LORETO, DATEM DEL MARANON",PER,1011992,PE-LOR,,2007-10-14,,2007,1,Probable and confirmed,Admin2,Week,MOH-PER-20002023-Y02-00,PAHO
PERU,LORETO,ALTO AMAZONAS,"PERU, LORETO, ALTO AMAZONAS",PER,1011992,PE-LOR,,2007-11-11,,2007,27,Probable and confirmed,Admin2,Week,MOH-PER-20002023-Y02-00,PAHO
PERU,LORETO,DATEM DEL MARANON,"PERU, LORETO, DATEM DEL MARANON",PER,1011992,PE-LOR,,2007-11-11,,2007,1,Probable and confirmed,Admin2,Week,MOH-PER-20002023-Y02-00,PAHO
PERU,LORETO,ALTO AMAZONAS,"PERU, LORETO, ALTO AMAZONAS",PER,1011992,PE-LOR,,2007-11-18,,2007,27,Probable and confirmed,Admin2,Week,MOH-PER-20002023-Y02-00,PAHO
PERU,LORETO,DATEM DEL MARANON,"PERU, LORETO, DATEM DEL MARANON",PER,1011992,PE-LOR,,2007-11-18,,2007,1,Probable and confirmed,Admin2,Week,MOH-PER-20002023-Y02-00,PAHO
PERU,LORETO,ALTO AMAZONAS,"PERU, LORETO, ALTO AMAZONAS",PER,1011992,PE-LOR,,2007-11-25,2007-01-12,2007,20,Probable and confirmed,Admin2,Week,MOH-PER-20002023-Y02-00,PAHO
PERU,LORETO,DATEM DEL MARANON,"PERU, LORETO, DATEM DEL MARANON",PER,1011992,PE-LOR,,2007-11-25,2007-01-12,2007,2,Probable and confirmed,Admin2,Week,MOH-PER-20002023-Y02-00,PAHO
PERU,LORETO,ALTO AMAZONAS,"PERU, LORETO, ALTO AMAZONAS",PER,1011992,PE-LOR,,2007-12-02,2007-08-12,2007,22,Probable and confirmed,Admin2,Week,MOH-PER-20002023-Y02-00,PAHO
PERU,LORETO,DATEM DEL MARANON,"PERU, LORETO, DATEM DEL MARANON",PER,1011992,PE-LOR,,2007-12-02,2007-08-12,2007,1,Probable and confirmed,Admin2,Week,MOH-PER-20002023-Y02-00,PAHO
PERU,LORETO,ALTO AMAZONAS,"PERU, LORETO, ALTO AMAZONAS",PER,1011992,PE-LOR,,2007-12-09,,2007,4,Probable and confirmed,Admin2,Week,MOH-PER-20002023-Y02-00,PAHO
PERU,LORETO,DATEM DEL MARANON,"PERU, LORETO, DATEM DEL MARANON",PER,1011992,PE-LOR,,2007-12-09,,2007,1,Probable and confirmed,Admin2,Week,MOH-PER-20002023-Y02-00,PAHO
PERU,LORETO,ALTO AMAZONAS,"PERU, LORETO, ALTO AMAZONAS",PER,1011992,PE-LOR,,2007-12-23,,2007,6,Probable and confirmed,Admin2,Week,MOH-PER-20002023-Y02-00,PAHO
PERU,LORETO,DATEM DEL MARANON,"PERU, LORETO, DATEM DEL MARANON",PER,1011992,PE-LOR,,2007-12-23,,2007,3,Probable and confirmed,Admin2,Week,MOH-PER-20002023-Y02-00,PAHO
PERU,LORETO,ALTO AMAZONAS,"PERU, LORETO, ALTO AMAZONAS",PER,1011992,PE-LOR,,2007-12-30,2008-05-01,2007,1,Probable and confirmed,Admin2,Week,MOH-PER-20002023-Y02-00,PAHO
PERU,LORETO,DATEM DEL MARANON,"PERU, LORETO, DATEM DEL MARANON",PER,1011992,PE-LOR,,2007-12-30,2008-05-01,2007,1,Probable and confirmed,Admin2,Week,MOH-PER-20002023-Y02-00,PAHO
PERU,LORETO,ALTO AMAZONAS,"PERU, LORETO, ALTO AMAZONAS",PER,1011992,PE-LOR,,2008-03-02,2008-08-03,2008,6,Probable and confirmed,Admin2,Week,MOH-PER-20002023-Y02-00,PAHO
PERU,LORETO,DATEM DEL MARANON,"PERU, LORETO, DATEM DEL MARANON",PER,1011992,PE-LOR,,2008-03-02,2008-08-03,2008,1,Probable and confirmed,Admin2,Week,MOH-PER-20002023-Y02-00,PAHO
PERU,LORETO,ALTO AMAZONAS,"PERU, LORETO, ALTO AMAZONAS",PER,1011992,PE-LOR,,2008-05-11,,2008,3,Probable and confirmed,Admin2,Week,MOH-PER-20002023-Y02-00,PAHO
PERU,LORETO,DATEM DEL MARANON,"PERU, LORETO, DATEM DEL MARANON",PER,1011992,PE-LOR,,2008-05-11,,2008,1,Probable and confirmed,Admin2,Week,MOH-PER-20002023-Y02-00,PAHO
PERU,LORETO,ALTO AMAZONAS,"PERU, LORETO, ALTO AMAZONAS",PER,1011992,PE-LOR,,2008-08-31,2008-06-09,2008,2,Probable and confirmed,Admin2,Week,MOH-PER-20002023-Y02-00,PAHO
PERU,LORETO,DATEM DEL MARANON,"PERU, LORETO, DATEM DEL MARANON",PER,1011992,PE-LOR,,2008-08-31,2008-06-09,2008,2,Probable and confirmed,Admin2,Week,MOH-PER-20002023-Y02-00,PAHO
PERU,LORETO,ALTO AMAZONAS,"PERU, LORETO, ALTO AMAZONAS",PER,1011992,PE-LOR,,2008-09-28,2008-04-10,2008,6,Probable and confirmed,Admin2,Week,MOH-PER-20002023-Y02-00,PAHO
PERU,LORETO,DATEM DEL MARANON,"PERU, LORETO, DATEM DEL MARANON",PER,1011992,PE-LOR,,2008-09-28,2008-04-10,2008,1,Probable and confirmed,Admin2,Week,MOH-PER-20002023-Y02-00,PAHO
PERU,LORETO,ALTO AMAZONAS,"PERU, LORETO, ALTO AMAZONAS",PER,1011992,PE-LOR,,2008-10-05,2008-11-10,2008,2,Probable and confirmed,Admin2,Week,MOH-PER-20002023-Y02-00,PAHO
PERU,LORETO,DATEM DEL MARANON,"PERU, LORETO, DATEM DEL MARANON",PER,1011992,PE-LOR,,2008-10-05,2008-11-10,2008,1,Probable and confirmed,Admin2,Week,MOH-PER-20002023-Y02-00,PAHO
PERU,LORETO,ALTO AMAZONAS,"PERU, LORETO, ALTO AMAZONAS",PER,1011992,PE-LOR,,2008-10-12,,2008,12,Probable and confirmed,Admin2,Week,MOH-PER-20002023-Y02-00,PAHO
PERU,LORETO,DATEM DEL MARANON,"PERU, LORETO, DATEM DEL MARANON",PER,1011992,PE-LOR,,2008-10-12,,2008,4,Probable and confirmed,Admin2,Week,MOH-PER-20002023-Y02-00,PAHO
PERU,LORETO,ALTO AMAZONAS,"PERU, LORETO, ALTO AMAZONAS",PER,1011992,PE-LOR,,2008-10-19,,2008,8,Probable and confirmed,Admin2,Week,MOH-PER-20002023-Y02-00,PAHO
PERU,LORETO,DATEM DEL MARANON,"PERU, LORETO, DATEM DEL MARANON",PER,1011992,PE-LOR,,2008-10-19,,2008,1,Probable and confirmed,Admin2,Week,MOH-PER-20002023-Y02-00,PAHO
PERU,LORETO,ALTO AMAZONAS,"PERU, LORETO, ALTO AMAZONAS",PER,1011992,PE-LOR,,2008-10-26,2008-01-11,2008,11,Probable and confirmed,Admin2,Week,MOH-PER-20002023-Y02-00,PAHO
PERU,LORETO,DATEM DEL MARANON,"PERU, LORETO, DATEM DEL MARANON",PER,1011992,PE-LOR,,2008-10-26,2008-01-11,2008,2,Probable and confirmed,Admin2,Week,MOH-PER-20002023-Y02-00,PAHO
PERU,LORETO,ALTO AMAZONAS,"PERU, LORETO, ALTO AMAZONAS",PER,1011992,PE-LOR,,2008-11-23,,2008,24,Probable and confirmed,Admin2,Week,MOH-PER-20002023-Y02-00,PAHO
PERU,LORETO,DATEM DEL MARANON,"PERU, LORETO, DATEM DEL MARANON",PER,1011992,PE-LOR,,2008-11-23,,2008,7,Probable and confirmed,Admin2,Week,MOH-PER-20002023-Y02-00,PAHO
PERU,LORETO,ALTO AMAZONAS,"PERU, LORETO, ALTO AMAZONAS",PER,1011992,PE-LOR,,2008-11-30,2008-06-12,2008,18,Probable and confirmed,Admin2,Week,MOH-PER-20002023-Y02-00,PAHO
PERU,LORETO,DATEM DEL MARANON,"PERU, LORETO, DATEM DEL MARANON",PER,1011992,PE-LOR,,2008-11-30,2008-06-12,2008,4,Probable and confirmed,Admin2,Week,MOH-PER-20002023-Y02-00,PAHO
PERU,LORETO,ALTO AMAZONAS,"PERU, LORETO, ALTO AMAZONAS",PER,1011992,PE-LOR,,2008-12-07,,2008,14,Probable and confirmed,Admin2,Week,MOH-PER-20002023-Y02-00,PAHO
PERU,LORETO,DATEM DEL MARANON,"PERU, LORETO, DATEM DEL MARANON",PER,1011992,PE-LOR,,2008-12-07,,2008,10,Probable and confirmed,Admin2,Week,MOH-PER-20002023-Y02-00,PAHO
PERU,LORETO,ALTO AMAZONAS,"PERU, LORETO, ALTO AMAZONAS",PER,1011992,PE-LOR,,2008-12-14,,2008,24,Probable and confirmed,Admin2,Week,MOH-PER-20002023-Y02-00,PAHO
PERU,LORETO,DATEM DEL MARANON,"PERU, LORETO, DATEM DEL MARANON",PER,1011992,PE-LOR,,2008-12-14,,2008,11,Probable and confirmed,Admin2,Week,MOH-PER-20002023-Y02-00,PAHO
PERU,LORETO,ALTO AMAZONAS,"PERU, LORETO, ALTO AMAZONAS",PER,1011992,PE-LOR,,2008-12-21,,2008,8,Probable and confirmed,Admin2,Week,MOH-PER-20002023-Y02-00,PAHO
PERU,LORETO,DATEM DEL MARANON,"PERU, LORETO, DATEM DEL MARANON",PER,1011992,PE-LOR,,2008-12-21,,2008,7,Probable and confirmed,Admin2,Week,MOH-PER-20002023-Y02-00,PAHO
PERU,LORETO,ALTO AMAZONAS,"PERU, LORETO, ALTO AMAZONAS",PER,1011992,PE-LOR,,2009-09-13,,2009,2,Probable and confirmed,Admin2,Week,MOH-PER-20002023-Y02-00,PAHO
PERU,LORETO,DATEM DEL MARANON,"PERU, LORETO, DATEM DEL MARANON",PER,1011992,PE-LOR,,2009-09-13,,2009,2,Probable and confirmed,Admin2,Week,MOH-PER-20002023-Y02-00,PAHO
PERU,LORETO,ALTO AMAZONAS,"PERU, LORETO, ALTO AMAZONAS",PER,1011992,PE-LOR,,2010-02-21,,2010,1,Probable and confirmed,Admin2,Week,MOH-PER-20002023-Y02-00,PAHO
PERU,LORETO,DATEM DEL MARANON,"PERU, LORETO, DATEM DEL MARANON",PER,1011992,PE-LOR,,2010-02-21,,2010,1,Probable and confirmed,Admin2,Week,MOH-PER-20002023-Y02-00,PAHO
PERU,LORETO,ALTO AMAZONAS,"PERU, LORETO, ALTO AMAZONAS",PER,1011992,PE-LOR,,2010-03-07,,2010,4,Probable and confirmed,Admin2,Week,MOH-PER-20002023-Y02-00,PAHO
PERU,LORETO,DATEM DEL MARANON,"PERU, LORETO, DATEM DEL MARANON",PER,1011992,PE-LOR,,2010-03-07,,2010,2,Probable and confirmed,Admin2,Week,MOH-PER-20002023-Y02-00,PAHO
PERU,LORETO,ALTO AMAZONAS,"PERU, LORETO, ALTO AMAZONAS",PER,1011992,PE-LOR,,2010-03-14,,2010,1,Probable and confirmed,Admin2,Week,MOH-PER-20002023-Y02-00,PAHO
PERU,LORETO,DATEM DEL MARANON,"PERU, LORETO, DATEM DEL MARANON",PER,1011992,PE-LOR,,2010-03-14,,2010,3,Probable and confirmed,Admin2,Week,MOH-PER-20002023-Y02-00,PAHO
PERU,LORETO,ALTO AMAZONAS,"PERU, LORETO, ALTO AMAZONAS",PER,1011992,PE-LOR,,2010-05-02,2010-08-05,2010,8,Probable and confirmed,Admin2,Week,MOH-PER-20002023-Y02-00,PAHO
PERU,LORETO,DATEM DEL MARANON,"PERU, LORETO, DATEM DEL MARANON",PER,1011992,PE-LOR,,2010-05-02,2010-08-05,2010,1,Probable and confirmed,Admin2,Week,MOH-PER-20002023-Y02-00,PAHO
PERU,LORETO,ALTO AMAZONAS,"PERU, LORETO, ALTO AMAZONAS",PER,1011992,PE-LOR,,2010-10-31,2010-06-11,2010,5,Probable and confirmed,Admin2,Week,MOH-PER-20002023-Y02-00,PAHO
PERU,LORETO,DATEM DEL MARANON,"PERU, LORETO, DATEM DEL MARANON",PER,1011992,PE-LOR,,2010-10-31,2010-06-11,2010,7,Probable and confirmed,Admin2,Week,MOH-PER-20002023-Y02-00,PAHO
PERU,LORETO,ALTO AMAZONAS,"PERU, LORETO, ALTO AMAZONAS",PER,1011992,PE-LOR,,2010-11-07,,2010,6,Probable and confirmed,Admin2,Week,MOH-PER-20002023-Y02-00,PAHO
PERU,LORETO,DATEM DEL MARANON,"PERU, LORETO, DATEM DEL MARANON",PER,1011992,PE-LOR,,2010-11-07,,2010,2,Probable and confirmed,Admin2,Week,MOH-PER-20002023-Y02-00,PAHO
PERU,LORETO,ALTO AMAZONAS,"PERU, LORETO, ALTO AMAZONAS",PER,1011992,PE-LOR,,2010-11-14,,2010,13,Probable and confirmed,Admin2,Week,MOH-PER-20002023-Y02-00,PAHO
PERU,LORETO,DATEM DEL MARANON,"PERU, LORETO, DATEM DEL MARANON",PER,1011992,PE-LOR,,2010-11-14,,2010,1,Probable and confirmed,Admin2,Week,MOH-PER-20002023-Y02-00,PAHO
PERU,LORETO,ALTO AMAZONAS,"PERU, LORETO, ALTO AMAZONAS",PER,1011992,PE-LOR,,2010-11-21,,2010,9,Probable and confirmed,Admin2,Week,MOH-PER-20002023-Y02-00,PAHO
PERU,LORETO,DATEM DEL MARANON,"PERU, LORETO, DATEM DEL MARANON",PER,1011992,PE-LOR,,2010-11-21,,2010,2,Probable and confirmed,Admin2,Week,MOH-PER-20002023-Y02-00,PAHO
PERU,LORETO,ALTO AMAZONAS,"PERU, LORETO, ALTO AMAZONAS",PER,1011992,PE-LOR,,2010-12-12,,2010,31,Probable and confirmed,Admin2,Week,MOH-PER-20002023-Y02-00,PAHO
PERU,LORETO,DATEM DEL MARANON,"PERU, LORETO, DATEM DEL MARANON",PER,1011992,PE-LOR,,2010-12-12,,2010,1,Probable and confirmed,Admin2,Week,MOH-PER-20002023-Y02-00,PAHO
PERU,LORETO,ALTO AMAZONAS,"PERU, LORETO, ALTO AMAZONAS",PER,1011992,PE-LOR,,2010-12-26,2011-01-01,2010,38,Probable and confirmed,Admin2,Week,MOH-PER-20002023-Y02-00,PAHO
PERU,LORETO,DATEM DEL MARANON,"PERU, LORETO, DATEM DEL MARANON",PER,1011992,PE-LOR,,2010-12-26,2011-01-01,2010,1,Probable and confirmed,Admin2,Week,MOH-PER-20002023-Y02-00,PAHO
PERU,LORETO,ALTO AMAZONAS,"PERU, LORETO, ALTO AMAZONAS",PER,1011992,PE-LOR,,2011-01-02,2011-08-01,2011,146,Probable and confirmed,Admin2,Week,MOH-PER-20002023-Y02-00,PAHO
PERU,LORETO,DATEM DEL MARANON,"PERU, LORETO, DATEM DEL MARANON",PER,1011992,PE-LOR,,2011-01-02,2011-08-01,2011,1,Probable and confirmed,Admin2,Week,MOH-PER-20002023-Y02-00,PAHO
PERU,LORETO,ALTO AMAZONAS,"PERU, LORETO, ALTO AMAZONAS",PER,1011992,PE-LOR,,2011-01-09,,2011,117,Probable and confirmed,Admin2,Week,MOH-PER-20002023-Y02-00,PAHO
PERU,LORETO,DATEM DEL MARANON,"PERU, LORETO, DATEM DEL MARANON",PER,1011992,PE-LOR,,2011-01-09,,2011,1,Probable and confirmed,Admin2,Week,MOH-PER-20002023-Y02-00,PAHO
PERU,LORETO,ALTO AMAZONAS,"PERU, LORETO, ALTO AMAZONAS",PER,1011992,PE-LOR,,2011-01-16,,2011,86,Probable and confirmed,Admin2,Week,MOH-PER-20002023-Y02-00,PAHO
PERU,LORETO,DATEM DEL MARANON,"PERU, LORETO, DATEM DEL MARANON",PER,1011992,PE-LOR,,2011-01-16,,2011,6,Probable and confirmed,Admin2,Week,MOH-PER-20002023-Y02-00,PAHO
PERU,LORETO,ALTO AMAZONAS,"PERU, LORETO, ALTO AMAZONAS",PER,1011992,PE-LOR,,2011-01-23,,2011,47,Probable and confirmed,Admin2,Week,MOH-PER-20002023-Y02-00,PAHO
PERU,LORETO,DATEM DEL MARANON,"PERU, LORETO, DATEM DEL MARANON",PER,1011992,PE-LOR,,2011-01-23,,2011,11,Probable and confirmed,Admin2,Week,MOH-PER-20002023-Y02-00,PAHO
PERU,LORETO,ALTO AMAZONAS,"PERU, LORETO, ALTO AMAZONAS",PER,1011992,PE-LOR,,2011-01-30,2011-05-02,2011,82,Probable and confirmed,Admin2,Week,MOH-PER-20002023-Y02-00,PAHO
PERU,LORETO,DATEM DEL MARANON,"PERU, LORETO, DATEM DEL MARANON",PER,1011992,PE-LOR,,2011-01-30,2011-05-02,2011,17,Probable and confirmed,Admin2,Week,MOH-PER-20002023-Y02-00,PAHO
PERU,LORETO,ALTO AMAZONAS,"PERU, LORETO, ALTO AMAZONAS",PER,1011992,PE-LOR,,2011-02-06,2011-12-02,2011,91,Probable and confirmed,Admin2,Week,MOH-PER-20002023-Y02-00,PAHO
PERU,LORETO,DATEM DEL MARANON,"PERU, LORETO, DATEM DEL MARANON",PER,1011992,PE-LOR,,2011-02-06,2011-12-02,2011,19,Probable and confirmed,Admin2,Week,MOH-PER-20002023-Y02-00,PAHO
PERU,LORETO,ALTO AMAZONAS,"PERU, LORETO, ALTO AMAZONAS",PER,1011992,PE-LOR,,2011-02-13,,2011,64,Probable and confirmed,Admin2,Week,MOH-PER-20002023-Y02-00,PAHO
PERU,LORETO,DATEM DEL MARANON,"PERU, LORETO, DATEM DEL MARANON",PER,1011992,PE-LOR,,2011-02-13,,2011,13,Probable and confirmed,Admin2,Week,MOH-PER-20002023-Y02-00,PAHO
PERU,LORETO,ALTO AMAZONAS,"PERU, LORETO, ALTO AMAZONAS",PER,1011992,PE-LOR,,2011-02-20,,2011,58,Probable and confirmed,Admin2,Week,MOH-PER-20002023-Y02-00,PAHO
PERU,LORETO,DATEM DEL MARANON,"PERU, LORETO, DATEM DEL MARANON",PER,1011992,PE-LOR,,2011-02-20,,2011,7,Probable and confirmed,Admin2,Week,MOH-PER-20002023-Y02-00,PAHO
PERU,LORETO,ALTO AMAZONAS,"PERU, LORETO, ALTO AMAZONAS",PER,1011992,PE-LOR,,2011-02-27,2011-05-03,2011,14,Probable and confirmed,Admin2,Week,MOH-PER-20002023-Y02-00,PAHO
PERU,LORETO,DATEM DEL MARANON,"PERU, LORETO, DATEM DEL MARANON",PER,1011992,PE-LOR,,2011-02-27,2011-05-03,2011,7,Probable and confirmed,Admin2,Week,MOH-PER-20002023-Y02-00,PAHO
PERU,LORETO,ALTO AMAZONAS,"PERU, LORETO, ALTO AMAZONAS",PER,1011992,PE-LOR,,2011-03-06,2011-12-03,2011,8,Probable and confirmed,Admin2,Week,MOH-PER-20002023-Y02-00,PAHO
PERU,LORETO,DATEM DEL MARANON,"PERU, LORETO, DATEM DEL MARANON",PER,1011992,PE-LOR,,2011-03-06,2011-12-03,2011,5,Probable and confirmed,Admin2,Week,MOH-PER-20002023-Y02-00,PAHO
PERU,LORETO,ALTO AMAZONAS,"PERU, LORETO, ALTO AMAZONAS",PER,1011992,PE-LOR,,2011-03-13,,2011,14,Probable and confirmed,Admin2,Week,MOH-PER-20002023-Y02-00,PAHO
PERU,LORETO,DATEM DEL MARANON,"PERU, LORETO, DATEM DEL MARANON",PER,1011992,PE-LOR,,2011-03-13,,2011,5,Probable and confirmed,Admin2,Week,MOH-PER-20002023-Y02-00,PAHO
PERU,LORETO,ALTO AMAZONAS,"PERU, LORETO, ALTO AMAZONAS",PER,1011992,PE-LOR,,2011-03-20,,2011,5,Probable and confirmed,Admin2,Week,MOH-PER-20002023-Y02-00,PAHO
PERU,LORETO,DATEM DEL MARANON,"PERU, LORETO, DATEM DEL MARANON",PER,1011992,PE-LOR,,2011-03-20,,2011,2,Probable and confirmed,Admin2,Week,MOH-PER-20002023-Y02-00,PAHO
PERU,LORETO,ALTO AMAZONAS,"PERU, LORETO, ALTO AMAZONAS",PER,1011992,PE-LOR,,2011-03-27,2011-02-04,2011,5,Probable and confirmed,Admin2,Week,MOH-PER-20002023-Y02-00,PAHO
PERU,LORETO,DATEM DEL MARANON,"PERU, LORETO, DATEM DEL MARANON",PER,1011992,PE-LOR,,2011-03-27,2011-02-04,2011,2,Probable and confirmed,Admin2,Week,MOH-PER-20002023-Y02-00,PAHO
PERU,LORETO,ALTO AMAZONAS,"PERU, LORETO, ALTO AMAZONAS",PER,1011992,PE-LOR,,2011-09-25,2011-01-10,2011,1,Probable and confirmed,Admin2,Week,MOH-PER-20002023-Y02-00,PAHO
PERU,LORETO,DATEM DEL MARANON,"PERU, LORETO, DATEM DEL MARANON",PER,1011992,PE-LOR,,2011-09-25,2011-01-10,2011,1,Probable and confirmed,Admin2,Week,MOH-PER-20002023-Y02-00,PAHO
PERU,LORETO,ALTO AMAZONAS,"PERU, LORETO, ALTO AMAZONAS",PER,1011992,PE-LOR,,2011-12-11,,2011,2,Probable and confirmed,Admin2,Week,MOH-PER-20002023-Y02-00,PAHO
PERU,LORETO,DATEM DEL MARANON,"PERU, LORETO, DATEM DEL MARANON",PER,1011992,PE-LOR,,2011-12-11,,2011,1,Probable and confirmed,Admin2,Week,MOH-PER-20002023-Y02-00,PAHO
PERU,LORETO,ALTO AMAZONAS,"PERU, LORETO, ALTO AMAZONAS",PER,1011992,PE-LOR,,2012-02-19,,2012,1,Probable and confirmed,Admin2,Week,MOH-PER-20002023-Y02-00,PAHO
PERU,LORETO,DATEM DEL MARANON,"PERU, LORETO, DATEM DEL MARANON",PER,1011992,PE-LOR,,2012-02-19,,2012,1,Probable and confirmed,Admin2,Week,MOH-PER-20002023-Y02-00,PAHO
PERU,LORETO,ALTO AMAZONAS,"PERU, LORETO, ALTO AMAZONAS",PER,1011992,PE-LOR,,2012-03-11,,2012,2,Probable and confirmed,Admin2,Week,MOH-PER-20002023-Y02-00,PAHO
PERU,LORETO,DATEM DEL MARANON,"PERU, LORETO, DATEM DEL MARANON",PER,1011992,PE-LOR,,2012-03-11,,2012,3,Probable and confirmed,Admin2,Week,MOH-PER-20002023-Y02-00,PAHO
PERU,LORETO,ALTO AMAZONAS,"PERU, LORETO, ALTO AMAZONAS",PER,1011992,PE-LOR,,2012-04-01,2012-07-04,2012,6,Probable and confirmed,Admin2,Week,MOH-PER-20002023-Y02-00,PAHO
PERU,LORETO,DATEM DEL MARANON,"PERU, LORETO, DATEM DEL MARANON",PER,1011992,PE-LOR,,2012-04-01,2012-07-04,2012,1,Probable and confirmed,Admin2,Week,MOH-PER-20002023-Y02-00,PAHO
PERU,LORETO,ALTO AMAZONAS,"PERU, LORETO, ALTO AMAZONAS",PER,1011992,PE-LOR,,2012-05-20,,2012,6,Probable and confirmed,Admin2,Week,MOH-PER-20002023-Y02-00,PAHO
PERU,LORETO,DATEM DEL MARANON,"PERU, LORETO, DATEM DEL MARANON",PER,1011992,PE-LOR,,2012-05-20,,2012,1,Probable and confirmed,Admin2,Week,MOH-PER-20002023-Y02-00,PAHO
PERU,LORETO,ALTO AMAZONAS,"PERU, LORETO, ALTO AMAZONAS",PER,1011992,PE-LOR,,2012-06-17,,2012,1,Probable and confirmed,Admin2,Week,MOH-PER-20002023-Y02-00,PAHO
PERU,LORETO,DATEM DEL MARANON,"PERU, LORETO, DATEM DEL MARANON",PER,1011992,PE-LOR,,2012-06-17,,2012,1,Probable and confirmed,Admin2,Week,MOH-PER-20002023-Y02-00,PAHO
PERU,LORETO,ALTO AMAZONAS,"PERU, LORETO, ALTO AMAZONAS",PER,1011992,PE-LOR,,2012-07-01,2012-07-07,2012,8,Probable and confirmed,Admin2,Week,MOH-PER-20002023-Y02-00,PAHO
PERU,LORETO,DATEM DEL MARANON,"PERU, LORETO, DATEM DEL MARANON",PER,1011992,PE-LOR,,2012-07-01,2012-07-07,2012,1,Probable and confirmed,Admin2,Week,MOH-PER-20002023-Y02-00,PAHO
PERU,LORETO,ALTO AMAZONAS,"PERU, LORETO, ALTO AMAZONAS",PER,1011992,PE-LOR,,2012-08-05,2012-11-08,2012,8,Probable and confirmed,Admin2,Week,MOH-PER-20002023-Y02-00,PAHO
PERU,LORETO,DATEM DEL MARANON,"PERU, LORETO, DATEM DEL MARANON",PER,1011992,PE-LOR,,2012-08-05,2012-11-08,2012,3,Probable and confirmed,Admin2,Week,MOH-PER-20002023-Y02-00,PAHO
PERU,LORETO,ALTO AMAZONAS,"PERU, LORETO, ALTO AMAZONAS",PER,1011992,PE-LOR,,2012-08-19,,2012,4,Probable and confirmed,Admin2,Week,MOH-PER-20002023-Y02-00,PAHO
PERU,LORETO,DATEM DEL MARANON,"PERU, LORETO, DATEM DEL MARANON",PER,1011992,PE-LOR,,2012-08-19,,2012,1,Probable and confirmed,Admin2,Week,MOH-PER-20002023-Y02-00,PAHO
PERU,LORETO,ALTO AMAZONAS,"PERU, LORETO, ALTO AMAZONAS",PER,1011992,PE-LOR,,2012-08-26,2012-01-09,2012,3,Probable and confirmed,Admin2,Week,MOH-PER-20002023-Y02-00,PAHO
PERU,LORETO,DATEM DEL MARANON,"PERU, LORETO, DATEM DEL MARANON",PER,1011992,PE-LOR,,2012-08-26,2012-01-09,2012,1,Probable and confirmed,Admin2,Week,MOH-PER-20002023-Y02-00,PAHO
PERU,LORETO,ALTO AMAZONAS,"PERU, LORETO, ALTO AMAZONAS",PER,1011992,PE-LOR,,2012-09-02,2012-08-09,2012,5,Probable and confirmed,Admin2,Week,MOH-PER-20002023-Y02-00,PAHO
PERU,LORETO,DATEM DEL MARANON,"PERU, LORETO, DATEM DEL MARANON",PER,1011992,PE-LOR,,2012-09-02,2012-08-09,2012,10,Probable and confirmed,Admin2,Week,MOH-PER-20002023-Y02-00,PAHO
PERU,LORETO,ALTO AMAZONAS,"PERU, LORETO, ALTO AMAZONAS",PER,1011992,PE-LOR,,2012-09-09,,2012,6,Probable and confirmed,Admin2,Week,MOH-PER-20002023-Y02-00,PAHO
PERU,LORETO,DATEM DEL MARANON,"PERU, LORETO, DATEM DEL MARANON",PER,1011992,PE-LOR,,2012-09-09,,2012,10,Probable and confirmed,Admin2,Week,MOH-PER-20002023-Y02-00,PAHO
PERU,LORETO,ALTO AMAZONAS,"PERU, LORETO, ALTO AMAZONAS",PER,1011992,PE-LOR,,2012-09-16,,2012,1,Probable and confirmed,Admin2,Week,MOH-PER-20002023-Y02-00,PAHO
PERU,LORETO,DATEM DEL MARANON,"PERU, LORETO, DATEM DEL MARANON",PER,1011992,PE-LOR,,2012-09-16,,2012,6,Probable and confirmed,Admin2,Week,MOH-PER-20002023-Y02-00,PAHO
PERU,LORETO,ALTO AMAZONAS,"PERU, LORETO, ALTO AMAZONAS",PER,1011992,PE-LOR,,2012-10-21,,2012,2,Probable and confirmed,Admin2,Week,MOH-PER-20002023-Y02-00,PAHO
PERU,LORETO,DATEM DEL MARANON,"PERU, LORETO, DATEM DEL MARANON",PER,1011992,PE-LOR,,2012-10-21,,2012,2,Probable and confirmed,Admin2,Week,MOH-PER-20002023-Y02-00,PAHO
PERU,LORETO,ALTO AMAZONAS,"PERU, LORETO, ALTO AMAZONAS",PER,1011992,PE-LOR,,2012-10-28,2012-03-11,2012,9,Probable and confirmed,Admin2,Week,MOH-PER-20002023-Y02-00,PAHO
PERU,LORETO,DATEM DEL MARANON,"PERU, LORETO, DATEM DEL MARANON",PER,1011992,PE-LOR,,2012-10-28,2012-03-11,2012,1,Probable and confirmed,Admin2,Week,MOH-PER-20002023-Y02-00,PAHO
PERU,LORETO,ALTO AMAZONAS,"PERU, LORETO, ALTO AMAZONAS",PER,1011992,PE-LOR,,2012-11-11,,2012,71,Probable and confirmed,Admin2,Week,MOH-PER-20002023-Y02-00,PAHO
PERU,LORETO,DATEM DEL MARANON,"PERU, LORETO, DATEM DEL MARANON",PER,1011992,PE-LOR,,2012-11-11,,2012,9,Probable and confirmed,Admin2,Week,MOH-PER-20002023-Y02-00,PAHO
PERU,LORETO,ALTO AMAZONAS,"PERU, LORETO, ALTO AMAZONAS",PER,1011992,PE-LOR,,2012-11-18,,2012,80,Probable and confirmed,Admin2,Week,MOH-PER-20002023-Y02-00,PAHO
PERU,LORETO,DATEM DEL MARANON,"PERU, LORETO, DATEM DEL MARANON",PER,1011992,PE-LOR,,2012-11-18,,2012,7,Probable and confirmed,Admin2,Week,MOH-PER-20002023-Y02-00,PAHO
PERU,LORETO,ALTO AMAZONAS,"PERU, LORETO, ALTO AMAZONAS",PER,1011992,PE-LOR,,2012-11-25,2012-01-12,2012,99,Probable and confirmed,Admin2,Week,MOH-PER-20002023-Y02-00,PAHO
PERU,LORETO,DATEM DEL MARANON,"PERU, LORETO, DATEM DEL MARANON",PER,1011992,PE-LOR,,2012-11-25,2012-01-12,2012,9,Probable and confirmed,Admin2,Week,MOH-PER-20002023-Y02-00,PAHO
PERU,LORETO,ALTO AMAZONAS,"PERU, LORETO, ALTO AMAZONAS",PER,1011992,PE-LOR,,2012-12-02,2012-08-12,2012,61,Probable and confirmed,Admin2,Week,MOH-PER-20002023-Y02-00,PAHO
PERU,LORETO,DATEM DEL MARANON,"PERU, LORETO, DATEM DEL MARANON",PER,1011992,PE-LOR,,2012-12-02,2012-08-12,2012,4,Probable and confirmed,Admin2,Week,MOH-PER-20002023-Y02-00,PAHO
PERU,LORETO,ALTO AMAZONAS,"PERU, LORETO, ALTO AMAZONAS",PER,1011992,PE-LOR,,2012-12-09,,2012,30,Probable and confirmed,Admin2,Week,MOH-PER-20002023-Y02-00,PAHO
PERU,LORETO,DATEM DEL MARANON,"PERU, LORETO, DATEM DEL MARANON",PER,1011992,PE-LOR,,2012-12-09,,2012,4,Probable and confirmed,Admin2,Week,MOH-PER-20002023-Y02-00,PAHO
PERU,LORETO,ALTO AMAZONAS,"PERU, LORETO, ALTO AMAZONAS",PER,1011992,PE-LOR,,2012-12-16,,2012,40,Probable and confirmed,Admin2,Week,MOH-PER-20002023-Y02-00,PAHO
PERU,LORETO,DATEM DEL MARANON,"PERU, LORETO, DATEM DEL MARANON",PER,1011992,PE-LOR,,2012-12-16,,2012,3,Probable and confirmed,Admin2,Week,MOH-PER-20002023-Y02-00,PAHO
PERU,LORETO,ALTO AMAZONAS,"PERU, LORETO, ALTO AMAZONAS",PER,1011992,PE-LOR,,2012-12-23,,2012,25,Probable and confirmed,Admin2,Week,MOH-PER-20002023-Y02-00,PAHO
PERU,LORETO,DATEM DEL MARANON,"PERU, LORETO, DATEM DEL MARANON",PER,1011992,PE-LOR,,2012-12-23,,2012,4,Probable and confirmed,Admin2,Week,MOH-PER-20002023-Y02-00,PAHO
PERU,LORETO,ALTO AMAZONAS,"PERU, LORETO, ALTO AMAZONAS",PER,1011992,PE-LOR,,2012-12-30,2013-05-01,2012,17,Probable and confirmed,Admin2,Week,MOH-PER-20002023-Y02-00,PAHO
PERU,LORETO,DATEM DEL MARANON,"PERU, LORETO, DATEM DEL MARANON",PER,1011992,PE-LOR,,2012-12-30,2013-05-01,2012,5,Probable and confirmed,Admin2,Week,MOH-PER-20002023-Y02-00,PAHO
PERU,LORETO,ALTO AMAZONAS,"PERU, LORETO, ALTO AMAZONAS",PER,1011992,PE-LOR,,2013-01-06,2013-12-01,2013,12,Probable and confirmed,Admin2,Week,MOH-PER-20002023-Y02-00,PAHO
PERU,LORETO,DATEM DEL MARANON,"PERU, LORETO, DATEM DEL MARANON",PER,1011992,PE-LOR,,2013-01-06,2013-12-01,2013,7,Probable and confirmed,Admin2,Week,MOH-PER-20002023-Y02-00,PAHO
PERU,LORETO,ALTO AMAZONAS,"PERU, LORETO, ALTO AMAZONAS",PER,1011992,PE-LOR,,2013-01-13,,2013,16,Probable and confirmed,Admin2,Week,MOH-PER-20002023-Y02-00,PAHO
PERU,LORETO,DATEM DEL MARANON,"PERU, LORETO, DATEM DEL MARANON",PER,1011992,PE-LOR,,2013-01-13,,2013,6,Probable and confirmed,Admin2,Week,MOH-PER-20002023-Y02-00,PAHO
PERU,LORETO,ALTO AMAZONAS,"PERU, LORETO, ALTO AMAZONAS",PER,1011992,PE-LOR,,2013-01-27,2013-02-02,2013,3,Probable and confirmed,Admin2,Week,MOH-PER-20002023-Y02-00,PAHO
PERU,LORETO,DATEM DEL MARANON,"PERU, LORETO, DATEM DEL MARANON",PER,1011992,PE-LOR,,2013-01-27,2013-02-02,2013,1,Probable and confirmed,Admin2,Week,MOH-PER-20002023-Y02-00,PAHO
PERU,LORETO,ALTO AMAZONAS,"PERU, LORETO, ALTO AMAZONAS",PER,1011992,PE-LOR,,2013-02-03,2013-09-02,2013,7,Probable and confirmed,Admin2,Week,MOH-PER-20002023-Y02-00,PAHO
PERU,LORETO,DATEM DEL MARANON,"PERU, LORETO, DATEM DEL MARANON",PER,1011992,PE-LOR,,2013-02-03,2013-09-02,2013,12,Probable and confirmed,Admin2,Week,MOH-PER-20002023-Y02-00,PAHO
PERU,LORETO,ALTO AMAZONAS,"PERU, LORETO, ALTO AMAZONAS",PER,1011992,PE-LOR,,2013-02-10,,2013,2,Probable and confirmed,Admin2,Week,MOH-PER-20002023-Y02-00,PAHO
PERU,LORETO,DATEM DEL MARANON,"PERU, LORETO, DATEM DEL MARANON",PER,1011992,PE-LOR,,2013-02-10,,2013,3,Probable and confirmed,Admin2,Week,MOH-PER-20002023-Y02-00,PAHO
PERU,LORETO,ALTO AMAZONAS,"PERU, LORETO, ALTO AMAZONAS",PER,1011992,PE-LOR,,2013-02-17,,2013,5,Probable and confirmed,Admin2,Week,MOH-PER-20002023-Y02-00,PAHO
PERU,LORETO,DATEM DEL MARANON,"PERU, LORETO, DATEM DEL MARANON",PER,1011992,PE-LOR,,2013-02-17,,2013,5,Probable and confirmed,Admin2,Week,MOH-PER-20002023-Y02-00,PAHO
PERU,LORETO,ALTO AMAZONAS,"PERU, LORETO, ALTO AMAZONAS",PER,1011992,PE-LOR,,2013-02-24,2013-02-03,2013,8,Probable and confirmed,Admin2,Week,MOH-PER-20002023-Y02-00,PAHO
PERU,LORETO,DATEM DEL MARANON,"PERU, LORETO, DATEM DEL MARANON",PER,1011992,PE-LOR,,2013-02-24,2013-02-03,2013,4,Probable and confirmed,Admin2,Week,MOH-PER-20002023-Y02-00,PAHO
PERU,LORETO,ALTO AMAZONAS,"PERU, LORETO, ALTO AMAZONAS",PER,1011992,PE-LOR,,2013-03-03,2013-09-03,2013,7,Probable and confirmed,Admin2,Week,MOH-PER-20002023-Y02-00,PAHO
PERU,LORETO,DATEM DEL MARANON,"PERU, LORETO, DATEM DEL MARANON",PER,1011992,PE-LOR,,2013-03-03,2013-09-03,2013,2,Probable and confirmed,Admin2,Week,MOH-PER-20002023-Y02-00,PAHO
PERU,LORETO,ALTO AMAZONAS,"PERU, LORETO, ALTO AMAZONAS",PER,1011992,PE-LOR,,2013-03-17,,2013,7,Probable and confirmed,Admin2,Week,MOH-PER-20002023-Y02-00,PAHO
PERU,LORETO,DATEM DEL MARANON,"PERU, LORETO, DATEM DEL MARANON",PER,1011992,PE-LOR,,2013-03-17,,2013,1,Probable and confirmed,Admin2,Week,MOH-PER-20002023-Y02-00,PAHO
PERU,LORETO,ALTO AMAZONAS,"PERU, LORETO, ALTO AMAZONAS",PER,1011992,PE-LOR,,2013-06-23,,2013,2,Probable and confirmed,Admin2,Week,MOH-PER-20002023-Y02-00,PAHO
PERU,LORETO,DATEM DEL MARANON,"PERU, LORETO, DATEM DEL MARANON",PER,1011992,PE-LOR,,2013-06-23,,2013,1,Probable and confirmed,Admin2,Week,MOH-PER-20002023-Y02-00,PAHO
PERU,LORETO,ALTO AMAZONAS,"PERU, LORETO, ALTO AMAZONAS",PER,1011992,PE-LOR,,2013-07-14,,2013,4,Probable and confirmed,Admin2,Week,MOH-PER-20002023-Y02-00,PAHO
PERU,LORETO,DATEM DEL MARANON,"PERU, LORETO, DATEM DEL MARANON",PER,1011992,PE-LOR,,2013-07-14,,2013,2,Probable and confirmed,Admin2,Week,MOH-PER-20002023-Y02-00,PAHO
PERU,LORETO,ALTO AMAZONAS,"PERU, LORETO, ALTO AMAZONAS",PER,1011992,PE-LOR,,2013-07-21,,2013,3,Probable and confirmed,Admin2,Week,MOH-PER-20002023-Y02-00,PAHO
PERU,LORETO,DATEM DEL MARANON,"PERU, LORETO, DATEM DEL MARANON",PER,1011992,PE-LOR,,2013-07-21,,2013,11,Probable and confirmed,Admin2,Week,MOH-PER-20002023-Y02-00,PAHO
PERU,LORETO,ALTO AMAZONAS,"PERU, LORETO, ALTO AMAZONAS",PER,1011992,PE-LOR,,2013-07-28,2013-03-08,2013,7,Probable and confirmed,Admin2,Week,MOH-PER-20002023-Y02-00,PAHO
PERU,LORETO,DATEM DEL MARANON,"PERU, LORETO, DATEM DEL MARANON",PER,1011992,PE-LOR,,2013-07-28,2013-03-08,2013,13,Probable and confirmed,Admin2,Week,MOH-PER-20002023-Y02-00,PAHO
PERU,LORETO,ALTO AMAZONAS,"PERU, LORETO, ALTO AMAZONAS",PER,1011992,PE-LOR,,2013-08-04,2013-10-08,2013,3,Probable and confirmed,Admin2,Week,MOH-PER-20002023-Y02-00,PAHO
PERU,LORETO,DATEM DEL MARANON,"PERU, LORETO, DATEM DEL MARANON",PER,1011992,PE-LOR,,2013-08-04,2013-10-08,2013,9,Probable and confirmed,Admin2,Week,MOH-PER-20002023-Y02-00,PAHO
PERU,LORETO,ALTO AMAZONAS,"PERU, LORETO, ALTO AMAZONAS",PER,1011992,PE-LOR,,2013-08-11,,2013,5,Probable and confirmed,Admin2,Week,MOH-PER-20002023-Y02-00,PAHO
PERU,LORETO,DATEM DEL MARANON,"PERU, LORETO, DATEM DEL MARANON",PER,1011992,PE-LOR,,2013-08-11,,2013,12,Probable and confirmed,Admin2,Week,MOH-PER-20002023-Y02-00,PAHO
PERU,LORETO,ALTO AMAZONAS,"PERU, LORETO, ALTO AMAZONAS",PER,1011992,PE-LOR,,2013-08-18,,2013,1,Probable and confirmed,Admin2,Week,MOH-PER-20002023-Y02-00,PAHO
PERU,LORETO,DATEM DEL MARANON,"PERU, LORETO, DATEM DEL MARANON",PER,1011992,PE-LOR,,2013-08-18,,2013,15,Probable and confirmed,Admin2,Week,MOH-PER-20002023-Y02-00,PAHO
PERU,LORETO,ALTO AMAZONAS,"PERU, LORETO, ALTO AMAZONAS",PER,1011992,PE-LOR,,2013-08-25,,2013,2,Probable and confirmed,Admin2,Week,MOH-PER-20002023-Y02-00,PAHO
PERU,LORETO,DATEM DEL MARANON,"PERU, LORETO, DATEM DEL MARANON",PER,1011992,PE-LOR,,2013-08-25,,2013,7,Probable and confirmed,Admin2,Week,MOH-PER-20002023-Y02-00,PAHO
PERU,LORETO,ALTO AMAZONAS,"PERU, LORETO, ALTO AMAZONAS",PER,1011992,PE-LOR,,2013-09-01,2013-07-09,2013,8,Probable and confirmed,Admin2,Week,MOH-PER-20002023-Y02-00,PAHO
PERU,LORETO,DATEM DEL MARANON,"PERU, LORETO, DATEM DEL MARANON",PER,1011992,PE-LOR,,2013-09-01,2013-07-09,2013,25,Probable and confirmed,Admin2,Week,MOH-PER-20002023-Y02-00,PAHO
PERU,LORETO,ALTO AMAZONAS,"PERU, LORETO, ALTO AMAZONAS",PER,1011992,PE-LOR,,2013-09-08,,2013,4,Probable and confirmed,Admin2,Week,MOH-PER-20002023-Y02-00,PAHO
PERU,LORETO,DATEM DEL MARANON,"PERU, LORETO, DATEM DEL MARANON",PER,1011992,PE-LOR,,2013-09-08,,2013,24,Probable and confirmed,Admin2,Week,MOH-PER-20002023-Y02-00,PAHO
PERU,LORETO,ALTO AMAZONAS,"PERU, LORETO, ALTO AMAZONAS",PER,1011992,PE-LOR,,2013-09-15,,2013,4,Probable and confirmed,Admin2,Week,MOH-PER-20002023-Y02-00,PAHO
PERU,LORETO,DATEM DEL MARANON,"PERU, LORETO, DATEM DEL MARANON",PER,1011992,PE-LOR,,2013-09-15,,2013,13,Probable and confirmed,Admin2,Week,MOH-PER-20002023-Y02-00,PAHO
PERU,LORETO,ALTO AMAZONAS,"PERU, LORETO, ALTO AMAZONAS",PER,1011992,PE-LOR,,2013-09-22,,2013,18,Probable and confirmed,Admin2,Week,MOH-PER-20002023-Y02-00,PAHO
PERU,LORETO,DATEM DEL MARANON,"PERU, LORETO, DATEM DEL MARANON",PER,1011992,PE-LOR,,2013-09-22,,2013,41,Probable and confirmed,Admin2,Week,MOH-PER-20002023-Y02-00,PAHO
PERU,LORETO,ALTO AMAZONAS,"PERU, LORETO, ALTO AMAZONAS",PER,1011992,PE-LOR,,2013-09-29,2013-05-10,2013,13,Probable and confirmed,Admin2,Week,MOH-PER-20002023-Y02-00,PAHO
PERU,LORETO,DATEM DEL MARANON,"PERU, LORETO, DATEM DEL MARANON",PER,1011992,PE-LOR,,2013-09-29,2013-05-10,2013,35,Probable and confirmed,Admin2,Week,MOH-PER-20002023-Y02-00,PAHO
PERU,LORETO,ALTO AMAZONAS,"PERU, LORETO, ALTO AMAZONAS",PER,1011992,PE-LOR,,2013-10-06,2013-12-10,2013,11,Probable and confirmed,Admin2,Week,MOH-PER-20002023-Y02-00,PAHO
PERU,LORETO,DATEM DEL MARANON,"PERU, LORETO, DATEM DEL MARANON",PER,1011992,PE-LOR,,2013-10-06,2013-12-10,2013,23,Probable and confirmed,Admin2,Week,MOH-PER-20002023-Y02-00,PAHO
PERU,LORETO,ALTO AMAZONAS,"PERU, LORETO, ALTO AMAZONAS",PER,1011992,PE-LOR,,2013-10-13,,2013,23,Probable and confirmed,Admin2,Week,MOH-PER-20002023-Y02-00,PAHO
PERU,LORETO,DATEM DEL MARANON,"PERU, LORETO, DATEM DEL MARANON",PER,1011992,PE-LOR,,2013-10-13,,2013,10,Probable and confirmed,Admin2,Week,MOH-PER-20002023-Y02-00,PAHO
PERU,LORETO,ALTO AMAZONAS,"PERU, LORETO, ALTO AMAZONAS",PER,1011992,PE-LOR,,2013-10-20,,2013,29,Probable and confirmed,Admin2,Week,MOH-PER-20002023-Y02-00,PAHO
PERU,LORETO,DATEM DEL MARANON,"PERU, LORETO, DATEM DEL MARANON",PER,1011992,PE-LOR,,2013-10-20,,2013,3,Probable and confirmed,Admin2,Week,MOH-PER-20002023-Y02-00,PAHO
PERU,LORETO,ALTO AMAZONAS,"PERU, LORETO, ALTO AMAZONAS",PER,1011992,PE-LOR,,2013-10-27,2013-02-11,2013,21,Probable and confirmed,Admin2,Week,MOH-PER-20002023-Y02-00,PAHO
PERU,LORETO,DATEM DEL MARANON,"PERU, LORETO, DATEM DEL MARANON",PER,1011992,PE-LOR,,2013-10-27,2013-02-11,2013,6,Probable and confirmed,Admin2,Week,MOH-PER-20002023-Y02-00,PAHO
PERU,LORETO,ALTO AMAZONAS,"PERU, LORETO, ALTO AMAZONAS",PER,1011992,PE-LOR,,2013-11-03,2013-09-11,2013,36,Probable and confirmed,Admin2,Week,MOH-PER-20002023-Y02-00,PAHO
PERU,LORETO,DATEM DEL MARANON,"PERU, LORETO, DATEM DEL MARANON",PER,1011992,PE-LOR,,2013-11-03,2013-09-11,2013,4,Probable and confirmed,Admin2,Week,MOH-PER-20002023-Y02-00,PAHO
PERU,LORETO,ALTO AMAZONAS,"PERU, LORETO, ALTO AMAZONAS",PER,1011992,PE-LOR,,2013-11-10,,2013,45,Probable and confirmed,Admin2,Week,MOH-PER-20002023-Y02-00,PAHO
PERU,LORETO,DATEM DEL MARANON,"PERU, LORETO, DATEM DEL MARANON",PER,1011992,PE-LOR,,2013-11-10,,2013,7,Probable and confirmed,Admin2,Week,MOH-PER-20002023-Y02-00,PAHO
PERU,LORETO,ALTO AMAZONAS,"PERU, LORETO, ALTO AMAZONAS",PER,1011992,PE-LOR,,2013-11-17,,2013,87,Probable and confirmed,Admin2,Week,MOH-PER-20002023-Y02-00,PAHO
PERU,LORETO,DATEM DEL MARANON,"PERU, LORETO, DATEM DEL MARANON",PER,1011992,PE-LOR,,2013-11-17,,2013,11,Probable and confirmed,Admin2,Week,MOH-PER-20002023-Y02-00,PAHO
PERU,LORETO,ALTO AMAZONAS,"PERU, LORETO, ALTO AMAZONAS",PER,1011992,PE-LOR,,2013-11-24,,2013,61,Probable and confirmed,Admin2,Week,MOH-PER-20002023-Y02-00,PAHO
PERU,LORETO,DATEM DEL MARANON,"PERU, LORETO, DATEM DEL MARANON",PER,1011992,PE-LOR,,2013-11-24,,2013,5,Probable and confirmed,Admin2,Week,MOH-PER-20002023-Y02-00,PAHO
PERU,LORETO,ALTO AMAZONAS,"PERU, LORETO, ALTO AMAZONAS",PER,1011992,PE-LOR,,2013-12-01,2013-07-12,2013,48,Probable and confirmed,Admin2,Week,MOH-PER-20002023-Y02-00,PAHO
PERU,LORETO,DATEM DEL MARANON,"PERU, LORETO, DATEM DEL MARANON",PER,1011992,PE-LOR,,2013-12-01,2013-07-12,2013,1,Probable and confirmed,Admin2,Week,MOH-PER-20002023-Y02-00,PAHO
PERU,LORETO,ALTO AMAZONAS,"PERU, LORETO, ALTO AMAZONAS",PER,1011992,PE-LOR,,2013-12-08,,2013,31,Probable and confirmed,Admin2,Week,MOH-PER-20002023-Y02-00,PAHO
PERU,LORETO,DATEM DEL MARANON,"PERU, LORETO, DATEM DEL MARANON",PER,1011992,PE-LOR,,2013-12-08,,2013,3,Probable and confirmed,Admin2,Week,MOH-PER-20002023-Y02-00,PAHO
PERU,LORETO,ALTO AMAZONAS,"PERU, LORETO, ALTO AMAZONAS",PER,1011992,PE-LOR,,2013-12-15,,2013,12,Probable and confirmed,Admin2,Week,MOH-PER-20002023-Y02-00,PAHO
PERU,LORETO,DATEM DEL MARANON,"PERU, LORETO, DATEM DEL MARANON",PER,1011992,PE-LOR,,2013-12-15,,2013,3,Probable and confirmed,Admin2,Week,MOH-PER-20002023-Y02-00,PAHO
PERU,LORETO,ALTO AMAZONAS,"PERU, LORETO, ALTO AMAZONAS",PER,1011992,PE-LOR,,2013-12-22,,2013,36,Probable and confirmed,Admin2,Week,MOH-PER-20002023-Y02-00,PAHO
PERU,LORETO,DATEM DEL MARANON,"PERU, LORETO, DATEM DEL MARANON",PER,1011992,PE-LOR,,2013-12-22,,2013,5,Probable and confirmed,Admin2,Week,MOH-PER-20002023-Y02-00,PAHO
PERU,LORETO,ALTO AMAZONAS,"PERU, LORETO, ALTO AMAZONAS",PER,1011992,PE-LOR,,2013-12-29,2014-04-01,2013,45,Probable and confirmed,Admin2,Week,MOH-PER-20002023-Y02-00,PAHO
PERU,LORETO,DATEM DEL MARANON,"PERU, LORETO, DATEM DEL MARANON",PER,1011992,PE-LOR,,2013-12-29,2014-04-01,2013,8,Probable and confirmed,Admin2,Week,MOH-PER-20002023-Y02-00,PAHO
PERU,LORETO,ALTO AMAZONAS,"PERU, LORETO, ALTO AMAZONAS",PER,1011992,PE-LOR,,2014-01-05,2014-11-01,2014,48,Probable and confirmed,Admin2,Week,MOH-PER-20002023-Y02-00,PAHO
PERU,LORETO,DATEM DEL MARANON,"PERU, LORETO, DATEM DEL MARANON",PER,1011992,PE-LOR,,2014-01-05,2014-11-01,2014,7,Probable and confirmed,Admin2,Week,MOH-PER-20002023-Y02-00,PAHO
PERU,LORETO,ALTO AMAZONAS,"PERU, LORETO, ALTO AMAZONAS",PER,1011992,PE-LOR,,2014-01-12,,2014,42,Probable and confirmed,Admin2,Week,MOH-PER-20002023-Y02-00,PAHO
PERU,LORETO,DATEM DEL MARANON,"PERU, LORETO, DATEM DEL MARANON",PER,1011992,PE-LOR,,2014-01-12,,2014,6,Probable and confirmed,Admin2,Week,MOH-PER-20002023-Y02-00,PAHO
PERU,LORETO,ALTO AMAZONAS,"PERU, LORETO, ALTO AMAZONAS",PER,1011992,PE-LOR,,2014-01-19,,2014,35,Probable and confirmed,Admin2,Week,MOH-PER-20002023-Y02-00,PAHO
PERU,LORETO,DATEM DEL MARANON,"PERU, LORETO, DATEM DEL MARANON",PER,1011992,PE-LOR,,2014-01-19,,2014,7,Probable and confirmed,Admin2,Week,MOH-PER-20002023-Y02-00,PAHO
PERU,LORETO,ALTO AMAZONAS,"PERU, LORETO, ALTO AMAZONAS",PER,1011992,PE-LOR,,2014-01-26,2014-01-02,2014,36,Probable and confirmed,Admin2,Week,MOH-PER-20002023-Y02-00,PAHO
PERU,LORETO,DATEM DEL MARANON,"PERU, LORETO, DATEM DEL MARANON",PER,1011992,PE-LOR,,2014-01-26,2014-01-02,2014,6,Probable and confirmed,Admin2,Week,MOH-PER-20002023-Y02-00,PAHO
PERU,LORETO,ALTO AMAZONAS,"PERU, LORETO, ALTO AMAZONAS",PER,1011992,PE-LOR,,2014-02-02,2014-08-02,2014,49,Probable and confirmed,Admin2,Week,MOH-PER-20002023-Y02-00,PAHO
PERU,LORETO,DATEM DEL MARANON,"PERU, LORETO, DATEM DEL MARANON",PER,1011992,PE-LOR,,2014-02-02,2014-08-02,2014,9,Probable and confirmed,Admin2,Week,MOH-PER-20002023-Y02-00,PAHO
PERU,LORETO,ALTO AMAZONAS,"PERU, LORETO, ALTO AMAZONAS",PER,1011992,PE-LOR,,2014-02-09,,2014,46,Probable and confirmed,Admin2,Week,MOH-PER-20002023-Y02-00,PAHO
PERU,LORETO,DATEM DEL MARANON,"PERU, LORETO, DATEM DEL MARANON",PER,1011992,PE-LOR,,2014-02-09,,2014,2,Probable and confirmed,Admin2,Week,MOH-PER-20002023-Y02-00,PAHO
PERU,LORETO,ALTO AMAZONAS,"PERU, LORETO, ALTO AMAZONAS",PER,1011992,PE-LOR,,2014-02-16,,2014,43,Probable and confirmed,Admin2,Week,MOH-PER-20002023-Y02-00,PAHO
PERU,LORETO,DATEM DEL MARANON,"PERU, LORETO, DATEM DEL MARANON",PER,1011992,PE-LOR,,2014-02-16,,2014,12,Probable and confirmed,Admin2,Week,MOH-PER-20002023-Y02-00,PAHO
PERU,LORETO,ALTO AMAZONAS,"PERU, LORETO, ALTO AMAZONAS",PER,1011992,PE-LOR,,2014-02-23,2014-01-03,2014,21,Probable and confirmed,Admin2,Week,MOH-PER-20002023-Y02-00,PAHO
PERU,LORETO,DATEM DEL MARANON,"PERU, LORETO, DATEM DEL MARANON",PER,1011992,PE-LOR,,2014-02-23,2014-01-03,2014,4,Probable and confirmed,Admin2,Week,MOH-PER-20002023-Y02-00,PAHO
PERU,LORETO,ALTO AMAZONAS,"PERU, LORETO, ALTO AMAZONAS",PER,1011992,PE-LOR,,2014-03-02,2014-08-03,2014,16,Probable and confirmed,Admin2,Week,MOH-PER-20002023-Y02-00,PAHO
PERU,LORETO,DATEM DEL MARANON,"PERU, LORETO, DATEM DEL MARANON",PER,1011992,PE-LOR,,2014-03-02,2014-08-03,2014,3,Probable and confirmed,Admin2,Week,MOH-PER-20002023-Y02-00,PAHO
PERU,LORETO,ALTO AMAZONAS,"PERU, LORETO, ALTO AMAZONAS",PER,1011992,PE-LOR,,2014-03-09,,2014,10,Probable and confirmed,Admin2,Week,MOH-PER-20002023-Y02-00,PAHO
PERU,LORETO,DATEM DEL MARANON,"PERU, LORETO, DATEM DEL MARANON",PER,1011992,PE-LOR,,2014-03-09,,2014,3,Probable and confirmed,Admin2,Week,MOH-PER-20002023-Y02-00,PAHO
PERU,LORETO,ALTO AMAZONAS,"PERU, LORETO, ALTO AMAZONAS",PER,1011992,PE-LOR,,2014-03-16,,2014,7,Probable and confirmed,Admin2,Week,MOH-PER-20002023-Y02-00,PAHO
PERU,LORETO,DATEM DEL MARANON,"PERU, LORETO, DATEM DEL MARANON",PER,1011992,PE-LOR,,2014-03-16,,2014,1,Probable and confirmed,Admin2,Week,MOH-PER-20002023-Y02-00,PAHO
PERU,LORETO,ALTO AMAZONAS,"PERU, LORETO, ALTO AMAZONAS",PER,1011992,PE-LOR,,2014-03-23,,2014,2,Probable and confirmed,Admin2,Week,MOH-PER-20002023-Y02-00,PAHO
PERU,LORETO,DATEM DEL MARANON,"PERU, LORETO, DATEM DEL MARANON",PER,1011992,PE-LOR,,2014-03-23,,2014,1,Probable and confirmed,Admin2,Week,MOH-PER-20002023-Y02-00,PAHO
PERU,LORETO,ALTO AMAZONAS,"PERU, LORETO, ALTO AMAZONAS",PER,1011992,PE-LOR,,2014-04-06,2014-12-04,2014,3,Probable and confirmed,Admin2,Week,MOH-PER-20002023-Y02-00,PAHO
PERU,LORETO,DATEM DEL MARANON,"PERU, LORETO, DATEM DEL MARANON",PER,1011992,PE-LOR,,2014-04-06,2014-12-04,2014,1,Probable and confirmed,Admin2,Week,MOH-PER-20002023-Y02-00,PAHO
PERU,LORETO,ALTO AMAZONAS,"PERU, LORETO, ALTO AMAZONAS",PER,1011992,PE-LOR,,2014-05-04,2014-10-05,2014,1,Probable and confirmed,Admin2,Week,MOH-PER-20002023-Y02-00,PAHO
PERU,LORETO,DATEM DEL MARANON,"PERU, LORETO, DATEM DEL MARANON",PER,1011992,PE-LOR,,2014-05-04,2014-10-05,2014,2,Probable and confirmed,Admin2,Week,MOH-PER-20002023-Y02-00,PAHO
PERU,LORETO,ALTO AMAZONAS,"PERU, LORETO, ALTO AMAZONAS",PER,1011992,PE-LOR,,2014-05-11,,2014,2,Probable and confirmed,Admin2,Week,MOH-PER-20002023-Y02-00,PAHO
PERU,LORETO,DATEM DEL MARANON,"PERU, LORETO, DATEM DEL MARANON",PER,1011992,PE-LOR,,2014-05-11,,2014,1,Probable and confirmed,Admin2,Week,MOH-PER-20002023-Y02-00,PAHO
PERU,LORETO,ALTO AMAZONAS,"PERU, LORETO, ALTO AMAZONAS",PER,1011992,PE-LOR,,2014-05-18,,2014,2,Probable and confirmed,Admin2,Week,MOH-PER-20002023-Y02-00,PAHO
PERU,LORETO,DATEM DEL MARANON,"PERU, LORETO, DATEM DEL MARANON",PER,1011992,PE-LOR,,2014-05-18,,2014,1,Probable and confirmed,Admin2,Week,MOH-PER-20002023-Y02-00,PAHO
PERU,LORETO,ALTO AMAZONAS,"PERU, LORETO, ALTO AMAZONAS",PER,1011992,PE-LOR,,2014-06-29,2014-05-07,2014,4,Probable and confirmed,Admin2,Week,MOH-PER-20002023-Y02-00,PAHO
PERU,LORETO,DATEM DEL MARANON,"PERU, LORETO, DATEM DEL MARANON",PER,1011992,PE-LOR,,2014-06-29,2014-05-07,2014,1,Probable and confirmed,Admin2,Week,MOH-PER-20002023-Y02-00,PAHO
PERU,LORETO,ALTO AMAZONAS,"PERU, LORETO, ALTO AMAZONAS",PER,1011992,PE-LOR,,2014-07-20,,2014,3,Probable and confirmed,Admin2,Week,MOH-PER-20002023-Y02-00,PAHO
PERU,LORETO,DATEM DEL MARANON,"PERU, LORETO, DATEM DEL MARANON",PER,1011992,PE-LOR,,2014-07-20,,2014,2,Probable and confirmed,Admin2,Week,MOH-PER-20002023-Y02-00,PAHO
PERU,LORETO,ALTO AMAZONAS,"PERU, LORETO, ALTO AMAZONAS",PER,1011992,PE-LOR,,2014-07-27,2014-02-08,2014,3,Probable and confirmed,Admin2,Week,MOH-PER-20002023-Y02-00,PAHO
PERU,LORETO,DATEM DEL MARANON,"PERU, LORETO, DATEM DEL MARANON",PER,1011992,PE-LOR,,2014-07-27,2014-02-08,2014,2,Probable and confirmed,Admin2,Week,MOH-PER-20002023-Y02-00,PAHO
PERU,LORETO,ALTO AMAZONAS,"PERU, LORETO, ALTO AMAZONAS",PER,1011992,PE-LOR,,2014-08-31,2014-06-09,2014,42,Probable and confirmed,Admin2,Week,MOH-PER-20002023-Y02-00,PAHO
PERU,LORETO,DATEM DEL MARANON,"PERU, LORETO, DATEM DEL MARANON",PER,1011992,PE-LOR,,2014-08-31,2014-06-09,2014,1,Probable and confirmed,Admin2,Week,MOH-PER-20002023-Y02-00,PAHO
PERU,LORETO,ALTO AMAZONAS,"PERU, LORETO, ALTO AMAZONAS",PER,1011992,PE-LOR,,2014-10-12,,2014,148,Probable and confirmed,Admin2,Week,MOH-PER-20002023-Y02-00,PAHO
PERU,LORETO,DATEM DEL MARANON,"PERU, LORETO, DATEM DEL MARANON",PER,1011992,PE-LOR,,2014-10-12,,2014,1,Probable and confirmed,Admin2,Week,MOH-PER-20002023-Y02-00,PAHO
PERU,LORETO,ALTO AMAZONAS,"PERU, LORETO, ALTO AMAZONAS",PER,1011992,PE-LOR,,2014-10-19,,2014,112,Probable and confirmed,Admin2,Week,MOH-PER-20002023-Y02-00,PAHO
PERU,LORETO,DATEM DEL MARANON,"PERU, LORETO, DATEM DEL MARANON",PER,1011992,PE-LOR,,2014-10-19,,2014,1,Probable and confirmed,Admin2,Week,MOH-PER-20002023-Y02-00,PAHO
PERU,LORETO,ALTO AMAZONAS,"PERU, LORETO, ALTO AMAZONAS",PER,1011992,PE-LOR,,2015-01-18,,2015,62,Probable and confirmed,Admin2,Week,MOH-PER-20002023-Y02-00,PAHO
PERU,LORETO,DATEM DEL MARANON,"PERU, LORETO, DATEM DEL MARANON",PER,1011992,PE-LOR,,2015-01-18,,2015,4,Probable and confirmed,Admin2,Week,MOH-PER-20002023-Y02-00,PAHO
PERU,LORETO,ALTO AMAZONAS,"PERU, LORETO, ALTO AMAZONAS",PER,1011992,PE-LOR,,2015-02-01,2015-07-02,2015,35,Probable and confirmed,Admin2,Week,MOH-PER-20002023-Y02-00,PAHO
PERU,LORETO,DATEM DEL MARANON,"PERU, LORETO, DATEM DEL MARANON",PER,1011992,PE-LOR,,2015-02-01,2015-07-02,2015,3,Probable and confirmed,Admin2,Week,MOH-PER-20002023-Y02-00,PAHO
PERU,LORETO,ALTO AMAZONAS,"PERU, LORETO, ALTO AMAZONAS",PER,1011992,PE-LOR,,2015-04-05,2015-11-04,2015,2,Probable and confirmed,Admin2,Week,MOH-PER-20002023-Y02-00,PAHO
PERU,LORETO,DATEM DEL MARANON,"PERU, LORETO, DATEM DEL MARANON",PER,1011992,PE-LOR,,2015-04-05,2015-11-04,2015,1,Probable and confirmed,Admin2,Week,MOH-PER-20002023-Y02-00,PAHO
PERU,LORETO,ALTO AMAZONAS,"PERU, LORETO, ALTO AMAZONAS",PER,1011992,PE-LOR,,2015-04-12,,2015,5,Probable and confirmed,Admin2,Week,MOH-PER-20002023-Y02-00,PAHO
PERU,LORETO,DATEM DEL MARANON,"PERU, LORETO, DATEM DEL MARANON",PER,1011992,PE-LOR,,2015-04-12,,2015,1,Probable and confirmed,Admin2,Week,MOH-PER-20002023-Y02-00,PAHO
PERU,LORETO,ALTO AMAZONAS,"PERU, LORETO, ALTO AMAZONAS",PER,1011992,PE-LOR,,2015-08-23,,2015,2,Probable and confirmed,Admin2,Week,MOH-PER-20002023-Y02-00,PAHO
PERU,LORETO,DATEM DEL MARANON,"PERU, LORETO, DATEM DEL MARANON",PER,1011992,PE-LOR,,2015-08-23,,2015,1,Probable and confirmed,Admin2,Week,MOH-PER-20002023-Y02-00,PAHO
PERU,LORETO,ALTO AMAZONAS,"PERU, LORETO, ALTO AMAZONAS",PER,1011992,PE-LOR,,2015-10-25,,2015,9,Probable and confirmed,Admin2,Week,MOH-PER-20002023-Y02-00,PAHO
PERU,LORETO,DATEM DEL MARANON,"PERU, LORETO, DATEM DEL MARANON",PER,1011992,PE-LOR,,2015-10-25,,2015,1,Probable and confirmed,Admin2,Week,MOH-PER-20002023-Y02-00,PAHO
PERU,LORETO,ALTO AMAZONAS,"PERU, LORETO, ALTO AMAZONAS",PER,1011992,PE-LOR,,2015-11-01,2015-07-11,2015,6,Probable and confirmed,Admin2,Week,MOH-PER-20002023-Y02-00,PAHO
PERU,LORETO,DATEM DEL MARANON,"PERU, LORETO, DATEM DEL MARANON",PER,1011992,PE-LOR,,2015-11-01,2015-07-11,2015,2,Probable and confirmed,Admin2,Week,MOH-PER-20002023-Y02-00,PAHO
PERU,LORETO,ALTO AMAZONAS,"PERU, LORETO, ALTO AMAZONAS",PER,1011992,PE-LOR,,2015-12-06,2015-12-12,2015,2,Probable and confirmed,Admin2,Week,MOH-PER-20002023-Y02-00,PAHO
PERU,LORETO,DATEM DEL MARANON,"PERU, LORETO, DATEM DEL MARANON",PER,1011992,PE-LOR,,2015-12-06,2015-12-12,2015,1,Probable and confirmed,Admin2,Week,MOH-PER-20002023-Y02-00,PAHO
PERU,LORETO,ALTO AMAZONAS,"PERU, LORETO, ALTO AMAZONAS",PER,1011992,PE-LOR,,2016-01-24,,2016,1,Probable and confirmed,Admin2,Week,MOH-PER-20002023-Y02-00,PAHO
PERU,LORETO,DATEM DEL MARANON,"PERU, LORETO, DATEM DEL MARANON",PER,1011992,PE-LOR,,2016-01-24,,2016,1,Probable and confirmed,Admin2,Week,MOH-PER-20002023-Y02-00,PAHO
PERU,LORETO,ALTO AMAZONAS,"PERU, LORETO, ALTO AMAZONAS",PER,1011992,PE-LOR,,2016-01-31,2016-06-02,2016,1,Probable and confirmed,Admin2,Week,MOH-PER-20002023-Y02-00,PAHO
PERU,LORETO,DATEM DEL MARANON,"PERU, LORETO, DATEM DEL MARANON",PER,1011992,PE-LOR,,2016-01-31,2016-06-02,2016,2,Probable and confirmed,Admin2,Week,MOH-PER-20002023-Y02-00,PAHO
PERU,LORETO,ALTO AMAZONAS,"PERU, LORETO, ALTO AMAZONAS",PER,1011992,PE-LOR,,2016-02-28,2016-05-03,2016,7,Probable and confirmed,Admin2,Week,MOH-PER-20002023-Y02-00,PAHO
PERU,LORETO,DATEM DEL MARANON,"PERU, LORETO, DATEM DEL MARANON",PER,1011992,PE-LOR,,2016-02-28,2016-05-03,2016,2,Probable and confirmed,Admin2,Week,MOH-PER-20002023-Y02-00,PAHO
PERU,LORETO,ALTO AMAZONAS,"PERU, LORETO, ALTO AMAZONAS",PER,1011992,PE-LOR,,2016-03-06,2016-12-03,2016,6,Probable and confirmed,Admin2,Week,MOH-PER-20002023-Y02-00,PAHO
PERU,LORETO,DATEM DEL MARANON,"PERU, LORETO, DATEM DEL MARANON",PER,1011992,PE-LOR,,2016-03-06,2016-12-03,2016,1,Probable and confirmed,Admin2,Week,MOH-PER-20002023-Y02-00,PAHO
PERU,LORETO,ALTO AMAZONAS,"PERU, LORETO, ALTO AMAZONAS",PER,1011992,PE-LOR,,2016-03-20,,2016,5,Probable and confirmed,Admin2,Week,MOH-PER-20002023-Y02-00,PAHO
PERU,LORETO,DATEM DEL MARANON,"PERU, LORETO, DATEM DEL MARANON",PER,1011992,PE-LOR,,2016-03-20,,2016,1,Probable and confirmed,Admin2,Week,MOH-PER-20002023-Y02-00,PAHO
PERU,LORETO,ALTO AMAZONAS,"PERU, LORETO, ALTO AMAZONAS",PER,1011992,PE-LOR,,2016-04-03,2016-09-04,2016,4,Probable and confirmed,Admin2,Week,MOH-PER-20002023-Y02-00,PAHO
PERU,LORETO,DATEM DEL MARANON,"PERU, LORETO, DATEM DEL MARANON",PER,1011992,PE-LOR,,2016-04-03,2016-09-04,2016,1,Probable and confirmed,Admin2,Week,MOH-PER-20002023-Y02-00,PAHO
PERU,LORETO,ALTO AMAZONAS,"PERU, LORETO, ALTO AMAZONAS",PER,1011992,PE-LOR,,2016-04-10,,2016,5,Probable and confirmed,Admin2,Week,MOH-PER-20002023-Y02-00,PAHO
PERU,LORETO,DATEM DEL MARANON,"PERU, LORETO, DATEM DEL MARANON",PER,1011992,PE-LOR,,2016-04-10,,2016,2,Probable and confirmed,Admin2,Week,MOH-PER-20002023-Y02-00,PAHO
PERU,LORETO,ALTO AMAZONAS,"PERU, LORETO, ALTO AMAZONAS",PER,1011992,PE-LOR,,2016-04-17,,2016,2,Probable and confirmed,Admin2,Week,MOH-PER-20002023-Y02-00,PAHO
PERU,LORETO,DATEM DEL MARANON,"PERU, LORETO, DATEM DEL MARANON",PER,1011992,PE-LOR,,2016-04-17,,2016,2,Probable and confirmed,Admin2,Week,MOH-PER-20002023-Y02-00,PAHO
PERU,LORETO,ALTO AMAZONAS,"PERU, LORETO, ALTO AMAZONAS",PER,1011992,PE-LOR,,2016-06-19,,2016,1,Probable and confirmed,Admin2,Week,MOH-PER-20002023-Y02-00,PAHO
PERU,LORETO,DATEM DEL MARANON,"PERU, LORETO, DATEM DEL MARANON",PER,1011992,PE-LOR,,2016-06-19,,2016,1,Probable and confirmed,Admin2,Week,MOH-PER-20002023-Y02-00,PAHO
PERU,LORETO,ALTO AMAZONAS,"PERU, LORETO, ALTO AMAZONAS",PER,1011992,PE-LOR,,2016-12-04,2016-10-12,2016,5,Probable and confirmed,Admin2,Week,MOH-PER-20002023-Y02-00,PAHO
PERU,LORETO,DATEM DEL MARANON,"PERU, LORETO, DATEM DEL MARANON",PER,1011992,PE-LOR,,2016-12-04,2016-10-12,2016,1,Probable and confirmed,Admin2,Week,MOH-PER-20002023-Y02-00,PAHO
PERU,LORETO,ALTO AMAZONAS,"PERU, LORETO, ALTO AMAZONAS",PER,1011992,PE-LOR,,2017-04-16,,2017,4,Probable and confirmed,Admin2,Week,MOH-PER-20002023-Y02-00,PAHO
PERU,LORETO,DATEM DEL MARANON,"PERU, LORETO, DATEM DEL MARANON",PER,1011992,PE-LOR,,2017-04-16,,2017,2,Probable and confirmed,Admin2,Week,MOH-PER-20002023-Y02-00,PAHO
PERU,LORETO,ALTO AMAZONAS,"PERU, LORETO, ALTO AMAZONAS",PER,1011992,PE-LOR,,2017-04-30,2017-06-05,2017,9,Probable and confirmed,Admin2,Week,MOH-PER-20002023-Y02-00,PAHO
PERU,LORETO,DATEM DEL MARANON,"PERU, LORETO, DATEM DEL MARANON",PER,1011992,PE-LOR,,2017-04-30,2017-06-05,2017,1,Probable and confirmed,Admin2,Week,MOH-PER-20002023-Y02-00,PAHO
PERU,LORETO,ALTO AMAZONAS,"PERU, LORETO, ALTO AMAZONAS",PER,1011992,PE-LOR,,2017-05-07,,2017,1,Probable and confirmed,Admin2,Week,MOH-PER-20002023-Y02-00,PAHO
PERU,LORETO,DATEM DEL MARANON,"PERU, LORETO, DATEM DEL MARANON",PER,1011992,PE-LOR,,2017-05-07,,2017,2,Probable and confirmed,Admin2,Week,MOH-PER-20002023-Y02-00,PAHO
PERU,LORETO,ALTO AMAZONAS,"PERU, LORETO, ALTO AMAZONAS",PER,1011992,PE-LOR,,2017-05-28,2017-03-06,2017,1,Probable and confirmed,Admin2,Week,MOH-PER-20002023-Y02-00,PAHO
PERU,LORETO,DATEM DEL MARANON,"PERU, LORETO, DATEM DEL MARANON",PER,1011992,PE-LOR,,2017-05-28,2017-03-06,2017,1,Probable and confirmed,Admin2,Week,MOH-PER-20002023-Y02-00,PAHO
PERU,LORETO,ALTO AMAZONAS,"PERU, LORETO, ALTO AMAZONAS",PER,1011992,PE-LOR,,2017-07-02,2017-08-07,2017,2,Probable and confirmed,Admin2,Week,MOH-PER-20002023-Y02-00,PAHO
PERU,LORETO,DATEM DEL MARANON,"PERU, LORETO, DATEM DEL MARANON",PER,1011992,PE-LOR,,2017-07-02,2017-08-07,2017,2,Probable and confirmed,Admin2,Week,MOH-PER-20002023-Y02-00,PAHO
PERU,LORETO,ALTO AMAZONAS,"PERU, LORETO, ALTO AMAZONAS",PER,1011992,PE-LOR,,2017-10-08,,2017,6,Probable and confirmed,Admin2,Week,MOH-PER-20002023-Y02-00,PAHO
PERU,LORETO,DATEM DEL MARANON,"PERU, LORETO, DATEM DEL MARANON",PER,1011992,PE-LOR,,2017-10-08,,2017,1,Probable and confirmed,Admin2,Week,MOH-PER-20002023-Y02-00,PAHO
PERU,LORETO,ALTO AMAZONAS,"PERU, LORETO, ALTO AMAZONAS",PER,1011992,PE-LOR,,2017-10-29,2017-04-11,2017,5,Probable and confirmed,Admin2,Week,MOH-PER-20002023-Y02-00,PAHO
PERU,LORETO,DATEM DEL MARANON,"PERU, LORETO, DATEM DEL MARANON",PER,1011992,PE-LOR,,2017-10-29,2017-04-11,2017,2,Probable and confirmed,Admin2,Week,MOH-PER-20002023-Y02-00,PAHO
PERU,LORETO,ALTO AMAZONAS,"PERU, LORETO, ALTO AMAZONAS",PER,1011992,PE-LOR,,2017-11-05,2017-11-11,2017,2,Probable and confirmed,Admin2,Week,MOH-PER-20002023-Y02-00,PAHO
PERU,LORETO,DATEM DEL MARANON,"PERU, LORETO, DATEM DEL MARANON",PER,1011992,PE-LOR,,2017-11-05,2017-11-11,2017,1,Probable and confirmed,Admin2,Week,MOH-PER-20002023-Y02-00,PAHO
PERU,LORETO,ALTO AMAZONAS,"PERU, LORETO, ALTO AMAZONAS",PER,1011992,PE-LOR,,2017-12-03,2017-09-12,2017,2,Probable and confirmed,Admin2,Week,MOH-PER-20002023-Y02-00,PAHO
PERU,LORETO,DATEM DEL MARANON,"PERU, LORETO, DATEM DEL MARANON",PER,1011992,PE-LOR,,2017-12-03,2017-09-12,2017,2,Probable and confirmed,Admin2,Week,MOH-PER-20002023-Y02-00,PAHO
PERU,LORETO,ALTO AMAZONAS,"PERU, LORETO, ALTO AMAZONAS",PER,1011992,PE-LOR,,2017-12-31,2018-06-01,2017,1,Probable and confirmed,Admin2,Week,MOH-PER-20002023-Y02-00,PAHO
PERU,LORETO,DATEM DEL MARANON,"PERU, LORETO, DATEM DEL MARANON",PER,1011992,PE-LOR,,2017-12-31,2018-06-01,2017,1,Probable and confirmed,Admin2,Week,MOH-PER-20002023-Y02-00,PAHO
PERU,LORETO,ALTO AMAZONAS,"PERU, LORETO, ALTO AMAZONAS",PER,1011992,PE-LOR,,2018-03-11,,2018,2,Probable and confirmed,Admin2,Week,MOH-PER-20002023-Y02-00,PAHO
PERU,LORETO,DATEM DEL MARANON,"PERU, LORETO, DATEM DEL MARANON",PER,1011992,PE-LOR,,2018-03-11,,2018,1,Probable and confirmed,Admin2,Week,MOH-PER-20002023-Y02-00,PAHO
PERU,LORETO,ALTO AMAZONAS,"PERU, LORETO, ALTO AMAZONAS",PER,1011992,PE-LOR,,2018-05-06,2018-12-05,2018,1,Probable and confirmed,Admin2,Week,MOH-PER-20002023-Y02-00,PAHO
PERU,LORETO,DATEM DEL MARANON,"PERU, LORETO, DATEM DEL MARANON",PER,1011992,PE-LOR,,2018-05-06,2018-12-05,2018,1,Probable and confirmed,Admin2,Week,MOH-PER-20002023-Y02-00,PAHO
PERU,LORETO,ALTO AMAZONAS,"PERU, LORETO, ALTO AMAZONAS",PER,1011992,PE-LOR,,2018-08-12,,2018,1,Probable and confirmed,Admin2,Week,MOH-PER-20002023-Y02-00,PAHO
PERU,LORETO,DATEM DEL MARANON,"PERU, LORETO, DATEM DEL MARANON",PER,1011992,PE-LOR,,2018-08-12,,2018,2,Probable and confirmed,Admin2,Week,MOH-PER-20002023-Y02-00,PAHO
PERU,LORETO,ALTO AMAZONAS,"PERU, LORETO, ALTO AMAZONAS",PER,1011992,PE-LOR,,2018-08-19,,2018,4,Probable and confirmed,Admin2,Week,MOH-PER-20002023-Y02-00,PAHO
PERU,LORETO,DATEM DEL MARANON,"PERU, LORETO, DATEM DEL MARANON",PER,1011992,PE-LOR,,2018-08-19,,2018,3,Probable and confirmed,Admin2,Week,MOH-PER-20002023-Y02-00,PAHO
PERU,LORETO,ALTO AMAZONAS,"PERU, LORETO, ALTO AMAZONAS",PER,1011992,PE-LOR,,2018-08-26,2018-01-09,2018,2,Probable and confirmed,Admin2,Week,MOH-PER-20002023-Y02-00,PAHO
PERU,LORETO,DATEM DEL MARANON,"PERU, LORETO, DATEM DEL MARANON",PER,1011992,PE-LOR,,2018-08-26,2018-01-09,2018,1,Probable and confirmed,Admin2,Week,MOH-PER-20002023-Y02-00,PAHO
PERU,LORETO,ALTO AMAZONAS,"PERU, LORETO, ALTO AMAZONAS",PER,1011992,PE-LOR,,2018-09-09,,2018,2,Probable and confirmed,Admin2,Week,MOH-PER-20002023-Y02-00,PAHO
PERU,LORETO,DATEM DEL MARANON,"PERU, LORETO, DATEM DEL MARANON",PER,1011992,PE-LOR,,2018-09-09,,2018,1,Probable and confirmed,Admin2,Week,MOH-PER-20002023-Y02-00,PAHO
PERU,LORETO,ALTO AMAZONAS,"PERU, LORETO, ALTO AMAZONAS",PER,1011992,PE-LOR,,2018-10-21,,2018,30,Probable and confirmed,Admin2,Week,MOH-PER-20002023-Y02-00,PAHO
PERU,LORETO,DATEM DEL MARANON,"PERU, LORETO, DATEM DEL MARANON",PER,1011992,PE-LOR,,2018-10-21,,2018,1,Probable and confirmed,Admin2,Week,MOH-PER-20002023-Y02-00,PAHO
PERU,LORETO,ALTO AMAZONAS,"PERU, LORETO, ALTO AMAZONAS",PER,1011992,PE-LOR,,2018-11-25,2018-01-12,2018,33,Probable and confirmed,Admin2,Week,MOH-PER-20002023-Y02-00,PAHO
PERU,LORETO,DATEM DEL MARANON,"PERU, LORETO, DATEM DEL MARANON",PER,1011992,PE-LOR,,2018-11-25,2018-01-12,2018,1,Probable and confirmed,Admin2,Week,MOH-PER-20002023-Y02-00,PAHO
PERU,LORETO,ALTO AMAZONAS,"PERU, LORETO, ALTO AMAZONAS",PER,1011992,PE-LOR,,2018-12-09,,2018,41,Probable and confirmed,Admin2,Week,MOH-PER-20002023-Y02-00,PAHO
PERU,LORETO,DATEM DEL MARANON,"PERU, LORETO, DATEM DEL MARANON",PER,1011992,PE-LOR,,2018-12-09,,2018,1,Probable and confirmed,Admin2,Week,MOH-PER-20002023-Y02-00,PAHO
PERU,LORETO,ALTO AMAZONAS,"PERU, LORETO, ALTO AMAZONAS",PER,1011992,PE-LOR,,2018-12-30,2019-05-01,2018,92,Probable and confirmed,Admin2,Week,MOH-PER-20002023-Y02-00,PAHO
PERU,LORETO,DATEM DEL MARANON,"PERU, LORETO, DATEM DEL MARANON",PER,1011992,PE-LOR,,2018-12-30,2019-05-01,2018,1,Probable and confirmed,Admin2,Week,MOH-PER-20002023-Y02-00,PAHO
PERU,LORETO,ALTO AMAZONAS,"PERU, LORETO, ALTO AMAZONAS",PER,1011992,PE-LOR,,2019-01-06,2019-12-01,2019,62,Probable and confirmed,Admin2,Week,MOH-PER-20002023-Y02-00,PAHO
PERU,LORETO,DATEM DEL MARANON,"PERU, LORETO, DATEM DEL MARANON",PER,1011992,PE-LOR,,2019-01-06,2019-12-01,2019,6,Probable and confirmed,Admin2,Week,MOH-PER-20002023-Y02-00,PAHO
PERU,LORETO,ALTO AMAZONAS,"PERU, LORETO, ALTO AMAZONAS",PER,1011992,PE-LOR,,2019-01-13,,2019,47,Probable and confirmed,Admin2,Week,MOH-PER-20002023-Y02-00,PAHO
PERU,LORETO,DATEM DEL MARANON,"PERU, LORETO, DATEM DEL MARANON",PER,1011992,PE-LOR,,2019-01-13,,2019,6,Probable and confirmed,Admin2,Week,MOH-PER-20002023-Y02-00,PAHO
PERU,LORETO,ALTO AMAZONAS,"PERU, LORETO, ALTO AMAZONAS",PER,1011992,PE-LOR,,2019-01-20,,2019,45,Probable and confirmed,Admin2,Week,MOH-PER-20002023-Y02-00,PAHO
PERU,LORETO,DATEM DEL MARANON,"PERU, LORETO, DATEM DEL MARANON",PER,1011992,PE-LOR,,2019-01-20,,2019,4,Probable and confirmed,Admin2,Week,MOH-PER-20002023-Y02-00,PAHO
PERU,LORETO,ALTO AMAZONAS,"PERU, LORETO, ALTO AMAZONAS",PER,1011992,PE-LOR,,2019-01-27,2019-02-02,2019,25,Probable and confirmed,Admin2,Week,MOH-PER-20002023-Y02-00,PAHO
PERU,LORETO,DATEM DEL MARANON,"PERU, LORETO, DATEM DEL MARANON",PER,1011992,PE-LOR,,2019-01-27,2019-02-02,2019,4,Probable and confirmed,Admin2,Week,MOH-PER-20002023-Y02-00,PAHO
PERU,LORETO,ALTO AMAZONAS,"PERU, LORETO, ALTO AMAZONAS",PER,1011992,PE-LOR,,2019-02-03,2019-09-02,2019,15,Probable and confirmed,Admin2,Week,MOH-PER-20002023-Y02-00,PAHO
PERU,LORETO,DATEM DEL MARANON,"PERU, LORETO, DATEM DEL MARANON",PER,1011992,PE-LOR,,2019-02-03,2019-09-02,2019,5,Probable and confirmed,Admin2,Week,MOH-PER-20002023-Y02-00,PAHO
PERU,LORETO,ALTO AMAZONAS,"PERU, LORETO, ALTO AMAZONAS",PER,1011992,PE-LOR,,2019-02-10,,2019,6,Probable and confirmed,Admin2,Week,MOH-PER-20002023-Y02-00,PAHO
PERU,LORETO,DATEM DEL MARANON,"PERU, LORETO, DATEM DEL MARANON",PER,1011992,PE-LOR,,2019-02-10,,2019,5,Probable and confirmed,Admin2,Week,MOH-PER-20002023-Y02-00,PAHO
PERU,LORETO,ALTO AMAZONAS,"PERU, LORETO, ALTO AMAZONAS",PER,1011992,PE-LOR,,2019-02-17,,2019,9,Probable and confirmed,Admin2,Week,MOH-PER-20002023-Y02-00,PAHO
PERU,LORETO,DATEM DEL MARANON,"PERU, LORETO, DATEM DEL MARANON",PER,1011992,PE-LOR,,2019-02-17,,2019,1,Probable and confirmed,Admin2,Week,MOH-PER-20002023-Y02-00,PAHO
PERU,LORETO,ALTO AMAZONAS,"PERU, LORETO, ALTO AMAZONAS",PER,1011992,PE-LOR,,2019-02-24,2019-02-03,2019,10,Probable and confirmed,Admin2,Week,MOH-PER-20002023-Y02-00,PAHO
PERU,LORETO,DATEM DEL MARANON,"PERU, LORETO, DATEM DEL MARANON",PER,1011992,PE-LOR,,2019-02-24,2019-02-03,2019,4,Probable and confirmed,Admin2,Week,MOH-PER-20002023-Y02-00,PAHO
PERU,LORETO,ALTO AMAZONAS,"PERU, LORETO, ALTO AMAZONAS",PER,1011992,PE-LOR,,2019-03-03,2019-09-03,2019,7,Probable and confirmed,Admin2,Week,MOH-PER-20002023-Y02-00,PAHO
PERU,LORETO,DATEM DEL MARANON,"PERU, LORETO, DATEM DEL MARANON",PER,1011992,PE-LOR,,2019-03-03,2019-09-03,2019,1,Probable and confirmed,Admin2,Week,MOH-PER-20002023-Y02-00,PAHO
PERU,LORETO,ALTO AMAZONAS,"PERU, LORETO, ALTO AMAZONAS",PER,1011992,PE-LOR,,2019-03-10,,2019,10,Probable and confirmed,Admin2,Week,MOH-PER-20002023-Y02-00,PAHO
PERU,LORETO,DATEM DEL MARANON,"PERU, LORETO, DATEM DEL MARANON",PER,1011992,PE-LOR,,2019-03-10,,2019,15,Probable and confirmed,Admin2,Week,MOH-PER-20002023-Y02-00,PAHO
PERU,LORETO,ALTO AMAZONAS,"PERU, LORETO, ALTO AMAZONAS",PER,1011992,PE-LOR,,2019-03-17,,2019,4,Probable and confirmed,Admin2,Week,MOH-PER-20002023-Y02-00,PAHO
PERU,LORETO,DATEM DEL MARANON,"PERU, LORETO, DATEM DEL MARANON",PER,1011992,PE-LOR,,2019-03-17,,2019,4,Probable and confirmed,Admin2,Week,MOH-PER-20002023-Y02-00,PAHO
PERU,LORETO,ALTO AMAZONAS,"PERU, LORETO, ALTO AMAZONAS",PER,1011992,PE-LOR,,2019-03-24,,2019,1,Probable and confirmed,Admin2,Week,MOH-PER-20002023-Y02-00,PAHO
PERU,LORETO,DATEM DEL MARANON,"PERU, LORETO, DATEM DEL MARANON",PER,1011992,PE-LOR,,2019-03-24,,2019,10,Probable and confirmed,Admin2,Week,MOH-PER-20002023-Y02-00,PAHO
PERU,LORETO,ALTO AMAZONAS,"PERU, LORETO, ALTO AMAZONAS",PER,1011992,PE-LOR,,2019-04-07,,2019,4,Probable and confirmed,Admin2,Week,MOH-PER-20002023-Y02-00,PAHO
PERU,LORETO,DATEM DEL MARANON,"PERU, LORETO, DATEM DEL MARANON",PER,1011992,PE-LOR,,2019-04-07,,2019,6,Probable and confirmed,Admin2,Week,MOH-PER-20002023-Y02-00,PAHO
PERU,LORETO,ALTO AMAZONAS,"PERU, LORETO, ALTO AMAZONAS",PER,1011992,PE-LOR,,2019-04-14,,2019,1,Probable and confirmed,Admin2,Week,MOH-PER-20002023-Y02-00,PAHO
PERU,LORETO,DATEM DEL MARANON,"PERU, LORETO, DATEM DEL MARANON",PER,1011992,PE-LOR,,2019-04-14,,2019,8,Probable and confirmed,Admin2,Week,MOH-PER-20002023-Y02-00,PAHO
PERU,LORETO,ALTO AMAZONAS,"PERU, LORETO, ALTO AMAZONAS",PER,1011992,PE-LOR,,2019-04-21,,2019,3,Probable and confirmed,Admin2,Week,MOH-PER-20002023-Y02-00,PAHO
PERU,LORETO,DATEM DEL MARANON,"PERU, LORETO, DATEM DEL MARANON",PER,1011992,PE-LOR,,2019-04-21,,2019,6,Probable and confirmed,Admin2,Week,MOH-PER-20002023-Y02-00,PAHO
PERU,LORETO,ALTO AMAZONAS,"PERU, LORETO, ALTO AMAZONAS",PER,1011992,PE-LOR,,2019-04-28,2019-04-05,2019,6,Probable and confirmed,Admin2,Week,MOH-PER-20002023-Y02-00,PAHO
PERU,LORETO,DATEM DEL MARANON,"PERU, LORETO, DATEM DEL MARANON",PER,1011992,PE-LOR,,2019-04-28,2019-04-05,2019,4,Probable and confirmed,Admin2,Week,MOH-PER-20002023-Y02-00,PAHO
PERU,LORETO,ALTO AMAZONAS,"PERU, LORETO, ALTO AMAZONAS",PER,1011992,PE-LOR,,2019-05-05,2019-11-05,2019,2,Probable and confirmed,Admin2,Week,MOH-PER-20002023-Y02-00,PAHO
PERU,LORETO,DATEM DEL MARANON,"PERU, LORETO, DATEM DEL MARANON",PER,1011992,PE-LOR,,2019-05-05,2019-11-05,2019,3,Probable and confirmed,Admin2,Week,MOH-PER-20002023-Y02-00,PAHO
PERU,LORETO,ALTO AMAZONAS,"PERU, LORETO, ALTO AMAZONAS",PER,1011992,PE-LOR,,2019-05-12,,2019,1,Probable and confirmed,Admin2,Week,MOH-PER-20002023-Y02-00,PAHO
PERU,LORETO,DATEM DEL MARANON,"PERU, LORETO, DATEM DEL MARANON",PER,1011992,PE-LOR,,2019-05-12,,2019,3,Probable and confirmed,Admin2,Week,MOH-PER-20002023-Y02-00,PAHO
PERU,LORETO,ALTO AMAZONAS,"PERU, LORETO, ALTO AMAZONAS",PER,1011992,PE-LOR,,2019-05-19,,2019,1,Probable and confirmed,Admin2,Week,MOH-PER-20002023-Y02-00,PAHO
PERU,LORETO,DATEM DEL MARANON,"PERU, LORETO, DATEM DEL MARANON",PER,1011992,PE-LOR,,2019-05-19,,2019,5,Probable and confirmed,Admin2,Week,MOH-PER-20002023-Y02-00,PAHO
PERU,LORETO,ALTO AMAZONAS,"PERU, LORETO, ALTO AMAZONAS",PER,1011992,PE-LOR,,2019-05-26,2019-01-06,2019,1,Probable and confirmed,Admin2,Week,MOH-PER-20002023-Y02-00,PAHO
PERU,LORETO,DATEM DEL MARANON,"PERU, LORETO, DATEM DEL MARANON",PER,1011992,PE-LOR,,2019-05-26,2019-01-06,2019,3,Probable and confirmed,Admin2,Week,MOH-PER-20002023-Y02-00,PAHO
PERU,LORETO,ALTO AMAZONAS,"PERU, LORETO, ALTO AMAZONAS",PER,1011992,PE-LOR,,2019-06-16,,2019,8,Probable and confirmed,Admin2,Week,MOH-PER-20002023-Y02-00,PAHO
PERU,LORETO,DATEM DEL MARANON,"PERU, LORETO, DATEM DEL MARANON",PER,1011992,PE-LOR,,2019-06-16,,2019,1,Probable and confirmed,Admin2,Week,MOH-PER-20002023-Y02-00,PAHO
PERU,LORETO,ALTO AMAZONAS,"PERU, LORETO, ALTO AMAZONAS",PER,1011992,PE-LOR,,2019-06-23,,2019,3,Probable and confirmed,Admin2,Week,MOH-PER-20002023-Y02-00,PAHO
PERU,LORETO,DATEM DEL MARANON,"PERU, LORETO, DATEM DEL MARANON",PER,1011992,PE-LOR,,2019-06-23,,2019,2,Probable and confirmed,Admin2,Week,MOH-PER-20002023-Y02-00,PAHO
PERU,LORETO,ALTO AMAZONAS,"PERU, LORETO, ALTO AMAZONAS",PER,1011992,PE-LOR,,2019-06-30,2019-06-07,2019,1,Probable and confirmed,Admin2,Week,MOH-PER-20002023-Y02-00,PAHO
PERU,LORETO,DATEM DEL MARANON,"PERU, LORETO, DATEM DEL MARANON",PER,1011992,PE-LOR,,2019-06-30,2019-06-07,2019,1,Probable and confirmed,Admin2,Week,MOH-PER-20002023-Y02-00,PAHO
PERU,LORETO,ALTO AMAZONAS,"PERU, LORETO, ALTO AMAZONAS",PER,1011992,PE-LOR,,2019-07-14,,2019,3,Probable and confirmed,Admin2,Week,MOH-PER-20002023-Y02-00,PAHO
PERU,LORETO,DATEM DEL MARANON,"PERU, LORETO, DATEM DEL MARANON",PER,1011992,PE-LOR,,2019-07-14,,2019,1,Probable and confirmed,Admin2,Week,MOH-PER-20002023-Y02-00,PAHO
PERU,LORETO,ALTO AMAZONAS,"PERU, LORETO, ALTO AMAZONAS",PER,1011992,PE-LOR,,2019-10-13,,2019,7,Probable and confirmed,Admin2,Week,MOH-PER-20002023-Y02-00,PAHO
PERU,LORETO,DATEM DEL MARANON,"PERU, LORETO, DATEM DEL MARANON",PER,1011992,PE-LOR,,2019-10-13,,2019,1,Probable and confirmed,Admin2,Week,MOH-PER-20002023-Y02-00,PAHO
PERU,LORETO,ALTO AMAZONAS,"PERU, LORETO, ALTO AMAZONAS",PER,1011992,PE-LOR,,2019-12-01,2019-07-12,2019,17,Probable and confirmed,Admin2,Week,MOH-PER-20002023-Y02-00,PAHO
PERU,LORETO,DATEM DEL MARANON,"PERU, LORETO, DATEM DEL MARANON",PER,1011992,PE-LOR,,2019-12-01,2019-07-12,2019,1,Probable and confirmed,Admin2,Week,MOH-PER-20002023-Y02-00,PAHO
PERU,LORETO,ALTO AMAZONAS,"PERU, LORETO, ALTO AMAZONAS",PER,1011992,PE-LOR,,2019-12-29,2020-04-01,2019,14,Probable and confirmed,Admin2,Week,MOH-PER-20002023-Y02-00,PAHO
PERU,LORETO,DATEM DEL MARANON,"PERU, LORETO, DATEM DEL MARANON",PER,1011992,PE-LOR,,2019-12-29,2020-04-01,2019,1,Probable and confirmed,Admin2,Week,MOH-PER-20002023-Y02-00,PAHO
PERU,LORETO,ALTO AMAZONAS,"PERU, LORETO, ALTO AMAZONAS",PER,1011992,PE-LOR,,2020-01-12,,2020,8,Probable and confirmed,Admin2,Week,MOH-PER-20002023-Y02-00,PAHO
PERU,LORETO,DATEM DEL MARANON,"PERU, LORETO, DATEM DEL MARANON",PER,1011992,PE-LOR,,2020-01-12,,2020,3,Probable and confirmed,Admin2,Week,MOH-PER-20002023-Y02-00,PAHO
PERU,LORETO,ALTO AMAZONAS,"PERU, LORETO, ALTO AMAZONAS",PER,1011992,PE-LOR,,2020-01-26,2020-01-02,2020,3,Probable and confirmed,Admin2,Week,MOH-PER-20002023-Y02-00,PAHO
PERU,LORETO,DATEM DEL MARANON,"PERU, LORETO, DATEM DEL MARANON",PER,1011992,PE-LOR,,2020-01-26,2020-01-02,2020,1,Probable and confirmed,Admin2,Week,MOH-PER-20002023-Y02-00,PAHO
PERU,LORETO,ALTO AMAZONAS,"PERU, LORETO, ALTO AMAZONAS",PER,1011992,PE-LOR,,2020-02-23,,2020,9,Probable and confirmed,Admin2,Week,MOH-PER-20002023-Y02-00,PAHO
PERU,LORETO,DATEM DEL MARANON,"PERU, LORETO, DATEM DEL MARANON",PER,1011992,PE-LOR,,2020-02-23,,2020,1,Probable and confirmed,Admin2,Week,MOH-PER-20002023-Y02-00,PAHO
PERU,LORETO,ALTO AMAZONAS,"PERU, LORETO, ALTO AMAZONAS",PER,1011992,PE-LOR,,2020-03-01,2020-07-03,2020,16,Probable and confirmed,Admin2,Week,MOH-PER-20002023-Y02-00,PAHO
PERU,LORETO,DATEM DEL MARANON,"PERU, LORETO, DATEM DEL MARANON",PER,1011992,PE-LOR,,2020-03-01,2020-07-03,2020,3,Probable and confirmed,Admin2,Week,MOH-PER-20002023-Y02-00,PAHO
PERU,LORETO,ALTO AMAZONAS,"PERU, LORETO, ALTO AMAZONAS",PER,1011992,PE-LOR,,2020-03-08,,2020,4,Probable and confirmed,Admin2,Week,MOH-PER-20002023-Y02-00,PAHO
PERU,LORETO,DATEM DEL MARANON,"PERU, LORETO, DATEM DEL MARANON",PER,1011992,PE-LOR,,2020-03-08,,2020,1,Probable and confirmed,Admin2,Week,MOH-PER-20002023-Y02-00,PAHO
PERU,LORETO,ALTO AMAZONAS,"PERU, LORETO, ALTO AMAZONAS",PER,1011992,PE-LOR,,2020-03-15,,2020,7,Probable and confirmed,Admin2,Week,MOH-PER-20002023-Y02-00,PAHO
PERU,LORETO,DATEM DEL MARANON,"PERU, LORETO, DATEM DEL MARANON",PER,1011992,PE-LOR,,2020-03-15,,2020,5,Probable and confirmed,Admin2,Week,MOH-PER-20002023-Y02-00,PAHO
PERU,LORETO,ALTO AMAZONAS,"PERU, LORETO, ALTO AMAZONAS",PER,1011992,PE-LOR,,2020-03-22,,2020,1,Probable and confirmed,Admin2,Week,MOH-PER-20002023-Y02-00,PAHO
PERU,LORETO,DATEM DEL MARANON,"PERU, LORETO, DATEM DEL MARANON",PER,1011992,PE-LOR,,2020-03-22,,2020,4,Probable and confirmed,Admin2,Week,MOH-PER-20002023-Y02-00,PAHO
PERU,LORETO,ALTO AMAZONAS,"PERU, LORETO, ALTO AMAZONAS",PER,1011992,PE-LOR,,2020-04-26,2020-02-05,2020,5,Probable and confirmed,Admin2,Week,MOH-PER-20002023-Y02-00,PAHO
PERU,LORETO,DATEM DEL MARANON,"PERU, LORETO, DATEM DEL MARANON",PER,1011992,PE-LOR,,2020-04-26,2020-02-05,2020,1,Probable and confirmed,Admin2,Week,MOH-PER-20002023-Y02-00,PAHO
PERU,LORETO,ALTO AMAZONAS,"PERU, LORETO, ALTO AMAZONAS",PER,1011992,PE-LOR,,2020-05-24,,2020,3,Probable and confirmed,Admin2,Week,MOH-PER-20002023-Y02-00,PAHO
PERU,LORETO,DATEM DEL MARANON,"PERU, LORETO, DATEM DEL MARANON",PER,1011992,PE-LOR,,2020-05-24,,2020,1,Probable and confirmed,Admin2,Week,MOH-PER-20002023-Y02-00,PAHO
PERU,LORETO,ALTO AMAZONAS,"PERU, LORETO, ALTO AMAZONAS",PER,1011992,PE-LOR,,2020-09-06,2020-12-09,2020,22,Probable and confirmed,Admin2,Week,MOH-PER-20002023-Y02-00,PAHO
PERU,LORETO,DATEM DEL MARANON,"PERU, LORETO, DATEM DEL MARANON",PER,1011992,PE-LOR,,2020-09-06,2020-12-09,2020,1,Probable and confirmed,Admin2,Week,MOH-PER-20002023-Y02-00,PAHO
PERU,LORETO,ALTO AMAZONAS,"PERU, LORETO, ALTO AMAZONAS",PER,1011992,PE-LOR,,2020-10-11,,2020,39,Probable and confirmed,Admin2,Week,MOH-PER-20002023-Y02-00,PAHO
PERU,LORETO,DATEM DEL MARANON,"PERU, LORETO, DATEM DEL MARANON",PER,1011992,PE-LOR,,2020-10-11,,2020,1,Probable and confirmed,Admin2,Week,MOH-PER-20002023-Y02-00,PAHO
PERU,LORETO,ALTO AMAZONAS,"PERU, LORETO, ALTO AMAZONAS",PER,1011992,PE-LOR,,2020-10-18,,2020,21,Probable and confirmed,Admin2,Week,MOH-PER-20002023-Y02-00,PAHO
PERU,LORETO,DATEM DEL MARANON,"PERU, LORETO, DATEM DEL MARANON",PER,1011992,PE-LOR,,2020-10-18,,2020,1,Probable and confirmed,Admin2,Week,MOH-PER-20002023-Y02-00,PAHO
PERU,LORETO,ALTO AMAZONAS,"PERU, LORETO, ALTO AMAZONAS",PER,1011992,PE-LOR,,2020-10-25,,2020,9,Probable and confirmed,Admin2,Week,MOH-PER-20002023-Y02-00,PAHO
PERU,LORETO,DATEM DEL MARANON,"PERU, LORETO, DATEM DEL MARANON",PER,1011992,PE-LOR,,2020-10-25,,2020,1,Probable and confirmed,Admin2,Week,MOH-PER-20002023-Y02-00,PAHO
PERU,LORETO,ALTO AMAZONAS,"PERU, LORETO, ALTO AMAZONAS",PER,1011992,PE-LOR,,2020-11-01,2020-07-11,2020,15,Probable and confirmed,Admin2,Week,MOH-PER-20002023-Y02-00,PAHO
PERU,LORETO,DATEM DEL MARANON,"PERU, LORETO, DATEM DEL MARANON",PER,1011992,PE-LOR,,2020-11-01,2020-07-11,2020,2,Probable and confirmed,Admin2,Week,MOH-PER-20002023-Y02-00,PAHO
PERU,LORETO,ALTO AMAZONAS,"PERU, LORETO, ALTO AMAZONAS",PER,1011992,PE-LOR,,2020-11-15,,2020,31,Probable and confirmed,Admin2,Week,MOH-PER-20002023-Y02-00,PAHO
PERU,LORETO,DATEM DEL MARANON,"PERU, LORETO, DATEM DEL MARANON",PER,1011992,PE-LOR,,2020-11-15,,2020,2,Probable and confirmed,Admin2,Week,MOH-PER-20002023-Y02-00,PAHO
PERU,LORETO,ALTO AMAZONAS,"PERU, LORETO, ALTO AMAZONAS",PER,1011992,PE-LOR,,2020-11-29,2020-05-12,2020,78,Probable and confirmed,Admin2,Week,MOH-PER-20002023-Y02-00,PAHO
PERU,LORETO,DATEM DEL MARANON,"PERU, LORETO, DATEM DEL MARANON",PER,1011992,PE-LOR,,2020-11-29,2020-05-12,2020,7,Probable and confirmed,Admin2,Week,MOH-PER-20002023-Y02-00,PAHO
PERU,LORETO,ALTO AMAZONAS,"PERU, LORETO, ALTO AMAZONAS",PER,1011992,PE-LOR,,2020-12-06,2020-12-12,2020,61,Probable and confirmed,Admin2,Week,MOH-PER-20002023-Y02-00,PAHO
PERU,LORETO,DATEM DEL MARANON,"PERU, LORETO, DATEM DEL MARANON",PER,1011992,PE-LOR,,2020-12-06,2020-12-12,2020,7,Probable and confirmed,Admin2,Week,MOH-PER-20002023-Y02-00,PAHO
PERU,LORETO,ALTO AMAZONAS,"PERU, LORETO, ALTO AMAZONAS",PER,1011992,PE-LOR,,2020-12-13,,2020,40,Probable and confirmed,Admin2,Week,MOH-PER-20002023-Y02-00,PAHO
PERU,LORETO,DATEM DEL MARANON,"PERU, LORETO, DATEM DEL MARANON",PER,1011992,PE-LOR,,2020-12-13,,2020,12,Probable and confirmed,Admin2,Week,MOH-PER-20002023-Y02-00,PAHO
PERU,LORETO,ALTO AMAZONAS,"PERU, LORETO, ALTO AMAZONAS",PER,1011992,PE-LOR,,2020-12-20,,2020,51,Probable and confirmed,Admin2,Week,MOH-PER-20002023-Y02-00,PAHO
PERU,LORETO,DATEM DEL MARANON,"PERU, LORETO, DATEM DEL MARANON",PER,1011992,PE-LOR,,2020-12-20,,2020,11,Probable and confirmed,Admin2,Week,MOH-PER-20002023-Y02-00,PAHO
PERU,LORETO,ALTO AMAZONAS,"PERU, LORETO, ALTO AMAZONAS",PER,1011992,PE-LOR,,2020-12-27,2021-02-01,2020,119,Probable and confirmed,Admin2,Week,MOH-PER-20002023-Y02-00,PAHO
PERU,LORETO,DATEM DEL MARANON,"PERU, LORETO, DATEM DEL MARANON",PER,1011992,PE-LOR,,2020-12-27,2021-02-01,2020,29,Probable and confirmed,Admin2,Week,MOH-PER-20002023-Y02-00,PAHO
PERU,LORETO,ALTO AMAZONAS,"PERU, LORETO, ALTO AMAZONAS",PER,1011992,PE-LOR,,2021-01-03,2021-09-01,2021,208,Probable and confirmed,Admin2,Week,MOH-PER-20002023-Y02-00,PAHO
PERU,LORETO,DATEM DEL MARANON,"PERU, LORETO, DATEM DEL MARANON",PER,1011992,PE-LOR,,2021-01-03,2021-09-01,2021,77,Probable and confirmed,Admin2,Week,MOH-PER-20002023-Y02-00,PAHO
PERU,LORETO,ALTO AMAZONAS,"PERU, LORETO, ALTO AMAZONAS",PER,1011992,PE-LOR,,2021-01-10,,2021,205,Probable and confirmed,Admin2,Week,MOH-PER-20002023-Y02-00,PAHO
PERU,LORETO,DATEM DEL MARANON,"PERU, LORETO, DATEM DEL MARANON",PER,1011992,PE-LOR,,2021-01-10,,2021,51,Probable and confirmed,Admin2,Week,MOH-PER-20002023-Y02-00,PAHO
PERU,LORETO,ALTO AMAZONAS,"PERU, LORETO, ALTO AMAZONAS",PER,1011992,PE-LOR,,2021-01-17,,2021,134,Probable and confirmed,Admin2,Week,MOH-PER-20002023-Y02-00,PAHO
PERU,LORETO,DATEM DEL MARANON,"PERU, LORETO, DATEM DEL MARANON",PER,1011992,PE-LOR,,2021-01-17,,2021,44,Probable and confirmed,Admin2,Week,MOH-PER-20002023-Y02-00,PAHO
PERU,LORETO,ALTO AMAZONAS,"PERU, LORETO, ALTO AMAZONAS",PER,1011992,PE-LOR,,2021-01-24,,2021,127,Probable and confirmed,Admin2,Week,MOH-PER-20002023-Y02-00,PAHO
PERU,LORETO,DATEM DEL MARANON,"PERU, LORETO, DATEM DEL MARANON",PER,1011992,PE-LOR,,2021-01-24,,2021,22,Probable and confirmed,Admin2,Week,MOH-PER-20002023-Y02-00,PAHO
PERU,LORETO,ALTO AMAZONAS,"PERU, LORETO, ALTO AMAZONAS",PER,1011992,PE-LOR,,2021-01-31,2021-06-02,2021,51,Probable and confirmed,Admin2,Week,MOH-PER-20002023-Y02-00,PAHO
PERU,LORETO,DATEM DEL MARANON,"PERU, LORETO, DATEM DEL MARANON",PER,1011992,PE-LOR,,2021-01-31,2021-06-02,2021,5,Probable and confirmed,Admin2,Week,MOH-PER-20002023-Y02-00,PAHO
PERU,LORETO,ALTO AMAZONAS,"PERU, LORETO, ALTO AMAZONAS",PER,1011992,PE-LOR,,2021-02-07,,2021,39,Probable and confirmed,Admin2,Week,MOH-PER-20002023-Y02-00,PAHO
PERU,LORETO,DATEM DEL MARANON,"PERU, LORETO, DATEM DEL MARANON",PER,1011992,PE-LOR,,2021-02-07,,2021,12,Probable and confirmed,Admin2,Week,MOH-PER-20002023-Y02-00,PAHO
PERU,LORETO,ALTO AMAZONAS,"PERU, LORETO, ALTO AMAZONAS",PER,1011992,PE-LOR,,2021-02-14,,2021,20,Probable and confirmed,Admin2,Week,MOH-PER-20002023-Y02-00,PAHO
PERU,LORETO,DATEM DEL MARANON,"PERU, LORETO, DATEM DEL MARANON",PER,1011992,PE-LOR,,2021-02-14,,2021,6,Probable and confirmed,Admin2,Week,MOH-PER-20002023-Y02-00,PAHO
PERU,LORETO,ALTO AMAZONAS,"PERU, LORETO, ALTO AMAZONAS",PER,1011992,PE-LOR,,2021-02-21,,2021,20,Probable and confirmed,Admin2,Week,MOH-PER-20002023-Y02-00,PAHO
PERU,LORETO,DATEM DEL MARANON,"PERU, LORETO, DATEM DEL MARANON",PER,1011992,PE-LOR,,2021-02-21,,2021,9,Probable and confirmed,Admin2,Week,MOH-PER-20002023-Y02-00,PAHO
PERU,LORETO,ALTO AMAZONAS,"PERU, LORETO, ALTO AMAZONAS",PER,1011992,PE-LOR,,2021-02-28,2021-06-03,2021,14,Probable and confirmed,Admin2,Week,MOH-PER-20002023-Y02-00,PAHO
PERU,LORETO,DATEM DEL MARANON,"PERU, LORETO, DATEM DEL MARANON",PER,1011992,PE-LOR,,2021-02-28,2021-06-03,2021,16,Probable and confirmed,Admin2,Week,MOH-PER-20002023-Y02-00,PAHO
PERU,LORETO,ALTO AMAZONAS,"PERU, LORETO, ALTO AMAZONAS",PER,1011992,PE-LOR,,2021-03-07,,2021,4,Probable and confirmed,Admin2,Week,MOH-PER-20002023-Y02-00,PAHO
PERU,LORETO,DATEM DEL MARANON,"PERU, LORETO, DATEM DEL MARANON",PER,1011992,PE-LOR,,2021-03-07,,2021,5,Probable and confirmed,Admin2,Week,MOH-PER-20002023-Y02-00,PAHO
PERU,LORETO,ALTO AMAZONAS,"PERU, LORETO, ALTO AMAZONAS",PER,1011992,PE-LOR,,2021-03-14,,2021,12,Probable and confirmed,Admin2,Week,MOH-PER-20002023-Y02-00,PAHO
PERU,LORETO,DATEM DEL MARANON,"PERU, LORETO, DATEM DEL MARANON",PER,1011992,PE-LOR,,2021-03-14,,2021,4,Probable and confirmed,Admin2,Week,MOH-PER-20002023-Y02-00,PAHO
PERU,LORETO,ALTO AMAZONAS,"PERU, LORETO, ALTO AMAZONAS",PER,1011992,PE-LOR,,2021-03-21,,2021,25,Probable and confirmed,Admin2,Week,MOH-PER-20002023-Y02-00,PAHO
PERU,LORETO,DATEM DEL MARANON,"PERU, LORETO, DATEM DEL MARANON",PER,1011992,PE-LOR,,2021-03-21,,2021,2,Probable and confirmed,Admin2,Week,MOH-PER-20002023-Y02-00,PAHO
PERU,LORETO,ALTO AMAZONAS,"PERU, LORETO, ALTO AMAZONAS",PER,1011992,PE-LOR,,2021-03-28,2021-03-04,2021,17,Probable and confirmed,Admin2,Week,MOH-PER-20002023-Y02-00,PAHO
PERU,LORETO,DATEM DEL MARANON,"PERU, LORETO, DATEM DEL MARANON",PER,1011992,PE-LOR,,2021-03-28,2021-03-04,2021,1,Probable and confirmed,Admin2,Week,MOH-PER-20002023-Y02-00,PAHO
PERU,LORETO,ALTO AMAZONAS,"PERU, LORETO, ALTO AMAZONAS",PER,1011992,PE-LOR,,2021-04-04,2021-10-04,2021,5,Probable and confirmed,Admin2,Week,MOH-PER-20002023-Y02-00,PAHO
PERU,LORETO,DATEM DEL MARANON,"PERU, LORETO, DATEM DEL MARANON",PER,1011992,PE-LOR,,2021-04-04,2021-10-04,2021,2,Probable and confirmed,Admin2,Week,MOH-PER-20002023-Y02-00,PAHO
PERU,LORETO,ALTO AMAZONAS,"PERU, LORETO, ALTO AMAZONAS",PER,1011992,PE-LOR,,2021-04-11,,2021,15,Probable and confirmed,Admin2,Week,MOH-PER-20002023-Y02-00,PAHO
PERU,LORETO,DATEM DEL MARANON,"PERU, LORETO, DATEM DEL MARANON",PER,1011992,PE-LOR,,2021-04-11,,2021,9,Probable and confirmed,Admin2,Week,MOH-PER-20002023-Y02-00,PAHO
PERU,LORETO,ALTO AMAZONAS,"PERU, LORETO, ALTO AMAZONAS",PER,1011992,PE-LOR,,2021-04-18,,2021,26,Probable and confirmed,Admin2,Week,MOH-PER-20002023-Y02-00,PAHO
PERU,LORETO,DATEM DEL MARANON,"PERU, LORETO, DATEM DEL MARANON",PER,1011992,PE-LOR,,2021-04-18,,2021,14,Probable and confirmed,Admin2,Week,MOH-PER-20002023-Y02-00,PAHO
PERU,LORETO,ALTO AMAZONAS,"PERU, LORETO, ALTO AMAZONAS",PER,1011992,PE-LOR,,2021-04-25,2021-01-05,2021,21,Probable and confirmed,Admin2,Week,MOH-PER-20002023-Y02-00,PAHO
PERU,LORETO,DATEM DEL MARANON,"PERU, LORETO, DATEM DEL MARANON",PER,1011992,PE-LOR,,2021-04-25,2021-01-05,2021,18,Probable and confirmed,Admin2,Week,MOH-PER-20002023-Y02-00,PAHO
PERU,LORETO,ALTO AMAZONAS,"PERU, LORETO, ALTO AMAZONAS",PER,1011992,PE-LOR,,2021-05-02,2021-08-05,2021,25,Probable and confirmed,Admin2,Week,MOH-PER-20002023-Y02-00,PAHO
PERU,LORETO,DATEM DEL MARANON,"PERU, LORETO, DATEM DEL MARANON",PER,1011992,PE-LOR,,2021-05-02,2021-08-05,2021,5,Probable and confirmed,Admin2,Week,MOH-PER-20002023-Y02-00,PAHO
PERU,LORETO,ALTO AMAZONAS,"PERU, LORETO, ALTO AMAZONAS",PER,1011992,PE-LOR,,2021-05-09,,2021,30,Probable and confirmed,Admin2,Week,MOH-PER-20002023-Y02-00,PAHO
PERU,LORETO,DATEM DEL MARANON,"PERU, LORETO, DATEM DEL MARANON",PER,1011992,PE-LOR,,2021-05-09,,2021,17,Probable and confirmed,Admin2,Week,MOH-PER-20002023-Y02-00,PAHO
PERU,LORETO,ALTO AMAZONAS,"PERU, LORETO, ALTO AMAZONAS",PER,1011992,PE-LOR,,2021-05-16,,2021,22,Probable and confirmed,Admin2,Week,MOH-PER-20002023-Y02-00,PAHO
PERU,LORETO,DATEM DEL MARANON,"PERU, LORETO, DATEM DEL MARANON",PER,1011992,PE-LOR,,2021-05-16,,2021,5,Probable and confirmed,Admin2,Week,MOH-PER-20002023-Y02-00,PAHO
PERU,LORETO,ALTO AMAZONAS,"PERU, LORETO, ALTO AMAZONAS",PER,1011992,PE-LOR,,2021-05-23,,2021,24,Probable and confirmed,Admin2,Week,MOH-PER-20002023-Y02-00,PAHO
PERU,LORETO,DATEM DEL MARANON,"PERU, LORETO, DATEM DEL MARANON",PER,1011992,PE-LOR,,2021-05-23,,2021,19,Probable and confirmed,Admin2,Week,MOH-PER-20002023-Y02-00,PAHO
PERU,LORETO,ALTO AMAZONAS,"PERU, LORETO, ALTO AMAZONAS",PER,1011992,PE-LOR,,2021-05-30,2021-05-06,2021,29,Probable and confirmed,Admin2,Week,MOH-PER-20002023-Y02-00,PAHO
PERU,LORETO,DATEM DEL MARANON,"PERU, LORETO, DATEM DEL MARANON",PER,1011992,PE-LOR,,2021-05-30,2021-05-06,2021,17,Probable and confirmed,Admin2,Week,MOH-PER-20002023-Y02-00,PAHO
PERU,LORETO,ALTO AMAZONAS,"PERU, LORETO, ALTO AMAZONAS",PER,1011992,PE-LOR,,2021-06-06,2021-12-06,2021,24,Probable and confirmed,Admin2,Week,MOH-PER-20002023-Y02-00,PAHO
PERU,LORETO,DATEM DEL MARANON,"PERU, LORETO, DATEM DEL MARANON",PER,1011992,PE-LOR,,2021-06-06,2021-12-06,2021,18,Probable and confirmed,Admin2,Week,MOH-PER-20002023-Y02-00,PAHO
PERU,LORETO,ALTO AMAZONAS,"PERU, LORETO, ALTO AMAZONAS",PER,1011992,PE-LOR,,2021-06-13,,2021,36,Probable and confirmed,Admin2,Week,MOH-PER-20002023-Y02-00,PAHO
PERU,LORETO,DATEM DEL MARANON,"PERU, LORETO, DATEM DEL MARANON",PER,1011992,PE-LOR,,2021-06-13,,2021,11,Probable and confirmed,Admin2,Week,MOH-PER-20002023-Y02-00,PAHO
PERU,LORETO,ALTO AMAZONAS,"PERU, LORETO, ALTO AMAZONAS",PER,1011992,PE-LOR,,2021-06-20,,2021,22,Probable and confirmed,Admin2,Week,MOH-PER-20002023-Y02-00,PAHO
PERU,LORETO,DATEM DEL MARANON,"PERU, LORETO, DATEM DEL MARANON",PER,1011992,PE-LOR,,2021-06-20,,2021,11,Probable and confirmed,Admin2,Week,MOH-PER-20002023-Y02-00,PAHO
PERU,LORETO,ALTO AMAZONAS,"PERU, LORETO, ALTO AMAZONAS",PER,1011992,PE-LOR,,2021-06-27,2021-03-07,2021,26,Probable and confirmed,Admin2,Week,MOH-PER-20002023-Y02-00,PAHO
PERU,LORETO,DATEM DEL MARANON,"PERU, LORETO, DATEM DEL MARANON",PER,1011992,PE-LOR,,2021-06-27,2021-03-07,2021,5,Probable and confirmed,Admin2,Week,MOH-PER-20002023-Y02-00,PAHO
PERU,LORETO,ALTO AMAZONAS,"PERU, LORETO, ALTO AMAZONAS",PER,1011992,PE-LOR,,2021-07-04,2021-10-07,2021,20,Probable and confirmed,Admin2,Week,MOH-PER-20002023-Y02-00,PAHO
PERU,LORETO,DATEM DEL MARANON,"PERU, LORETO, DATEM DEL MARANON",PER,1011992,PE-LOR,,2021-07-04,2021-10-07,2021,2,Probable and confirmed,Admin2,Week,MOH-PER-20002023-Y02-00,PAHO
PERU,LORETO,ALTO AMAZONAS,"PERU, LORETO, ALTO AMAZONAS",PER,1011992,PE-LOR,,2021-07-18,,2021,19,Probable and confirmed,Admin2,Week,MOH-PER-20002023-Y02-00,PAHO
PERU,LORETO,DATEM DEL MARANON,"PERU, LORETO, DATEM DEL MARANON",PER,1011992,PE-LOR,,2021-07-18,,2021,6,Probable and confirmed,Admin2,Week,MOH-PER-20002023-Y02-00,PAHO
PERU,LORETO,ALTO AMAZONAS,"PERU, LORETO, ALTO AMAZONAS",PER,1011992,PE-LOR,,2021-07-25,,2021,21,Probable and confirmed,Admin2,Week,MOH-PER-20002023-Y02-00,PAHO
PERU,LORETO,DATEM DEL MARANON,"PERU, LORETO, DATEM DEL MARANON",PER,1011992,PE-LOR,,2021-07-25,,2021,6,Probable and confirmed,Admin2,Week,MOH-PER-20002023-Y02-00,PAHO
PERU,LORETO,ALTO AMAZONAS,"PERU, LORETO, ALTO AMAZONAS",PER,1011992,PE-LOR,,2021-08-08,,2021,39,Probable and confirmed,Admin2,Week,MOH-PER-20002023-Y02-00,PAHO
PERU,LORETO,DATEM DEL MARANON,"PERU, LORETO, DATEM DEL MARANON",PER,1011992,PE-LOR,,2021-08-08,,2021,6,Probable and confirmed,Admin2,Week,MOH-PER-20002023-Y02-00,PAHO
PERU,LORETO,ALTO AMAZONAS,"PERU, LORETO, ALTO AMAZONAS",PER,1011992,PE-LOR,,2021-08-15,,2021,51,Probable and confirmed,Admin2,Week,MOH-PER-20002023-Y02-00,PAHO
PERU,LORETO,DATEM DEL MARANON,"PERU, LORETO, DATEM DEL MARANON",PER,1011992,PE-LOR,,2021-08-15,,2021,1,Probable and confirmed,Admin2,Week,MOH-PER-20002023-Y02-00,PAHO
PERU,LORETO,ALTO AMAZONAS,"PERU, LORETO, ALTO AMAZONAS",PER,1011992,PE-LOR,,2021-08-29,2021-04-09,2021,64,Probable and confirmed,Admin2,Week,MOH-PER-20002023-Y02-00,PAHO
PERU,LORETO,DATEM DEL MARANON,"PERU, LORETO, DATEM DEL MARANON",PER,1011992,PE-LOR,,2021-08-29,2021-04-09,2021,6,Probable and confirmed,Admin2,Week,MOH-PER-20002023-Y02-00,PAHO
PERU,LORETO,ALTO AMAZONAS,"PERU, LORETO, ALTO AMAZONAS",PER,1011992,PE-LOR,,2021-09-05,2021-11-09,2021,98,Probable and confirmed,Admin2,Week,MOH-PER-20002023-Y02-00,PAHO
PERU,LORETO,DATEM DEL MARANON,"PERU, LORETO, DATEM DEL MARANON",PER,1011992,PE-LOR,,2021-09-05,2021-11-09,2021,2,Probable and confirmed,Admin2,Week,MOH-PER-20002023-Y02-00,PAHO
PERU,LORETO,ALTO AMAZONAS,"PERU, LORETO, ALTO AMAZONAS",PER,1011992,PE-LOR,,2021-09-12,,2021,142,Probable and confirmed,Admin2,Week,MOH-PER-20002023-Y02-00,PAHO
PERU,LORETO,DATEM DEL MARANON,"PERU, LORETO, DATEM DEL MARANON",PER,1011992,PE-LOR,,2021-09-12,,2021,1,Probable and confirmed,Admin2,Week,MOH-PER-20002023-Y02-00,PAHO
PERU,LORETO,ALTO AMAZONAS,"PERU, LORETO, ALTO AMAZONAS",PER,1011992,PE-LOR,,2021-09-19,,2021,161,Probable and confirmed,Admin2,Week,MOH-PER-20002023-Y02-00,PAHO
PERU,LORETO,DATEM DEL MARANON,"PERU, LORETO, DATEM DEL MARANON",PER,1011992,PE-LOR,,2021-09-19,,2021,7,Probable and confirmed,Admin2,Week,MOH-PER-20002023-Y02-00,PAHO
PERU,LORETO,ALTO AMAZONAS,"PERU, LORETO, ALTO AMAZONAS",PER,1011992,PE-LOR,,2021-10-10,,2021,104,Probable and confirmed,Admin2,Week,MOH-PER-20002023-Y02-00,PAHO
PERU,LORETO,DATEM DEL MARANON,"PERU, LORETO, DATEM DEL MARANON",PER,1011992,PE-LOR,,2021-10-10,,2021,9,Probable and confirmed,Admin2,Week,MOH-PER-20002023-Y02-00,PAHO
PERU,LORETO,ALTO AMAZONAS,"PERU, LORETO, ALTO AMAZONAS",PER,1011992,PE-LOR,,2021-10-17,,2021,103,Probable and confirmed,Admin2,Week,MOH-PER-20002023-Y02-00,PAHO
PERU,LORETO,DATEM DEL MARANON,"PERU, LORETO, DATEM DEL MARANON",PER,1011992,PE-LOR,,2021-10-17,,2021,15,Probable and confirmed,Admin2,Week,MOH-PER-20002023-Y02-00,PAHO
PERU,LORETO,ALTO AMAZONAS,"PERU, LORETO, ALTO AMAZONAS",PER,1011992,PE-LOR,,2021-10-24,,2021,69,Probable and confirmed,Admin2,Week,MOH-PER-20002023-Y02-00,PAHO
PERU,LORETO,DATEM DEL MARANON,"PERU, LORETO, DATEM DEL MARANON",PER,1011992,PE-LOR,,2021-10-24,,2021,5,Probable and confirmed,Admin2,Week,MOH-PER-20002023-Y02-00,PAHO
PERU,LORETO,ALTO AMAZONAS,"PERU, LORETO, ALTO AMAZONAS",PER,1011992,PE-LOR,,2021-10-31,2021-06-11,2021,83,Probable and confirmed,Admin2,Week,MOH-PER-20002023-Y02-00,PAHO
PERU,LORETO,DATEM DEL MARANON,"PERU, LORETO, DATEM DEL MARANON",PER,1011992,PE-LOR,,2021-10-31,2021-06-11,2021,5,Probable and confirmed,Admin2,Week,MOH-PER-20002023-Y02-00,PAHO
PERU,LORETO,ALTO AMAZONAS,"PERU, LORETO, ALTO AMAZONAS",PER,1011992,PE-LOR,,2021-11-07,,2021,91,Probable and confirmed,Admin2,Week,MOH-PER-20002023-Y02-00,PAHO
PERU,LORETO,DATEM DEL MARANON,"PERU, LORETO, DATEM DEL MARANON",PER,1011992,PE-LOR,,2021-11-07,,2021,6,Probable and confirmed,Admin2,Week,MOH-PER-20002023-Y02-00,PAHO
PERU,LORETO,ALTO AMAZONAS,"PERU, LORETO, ALTO AMAZONAS",PER,1011992,PE-LOR,,2021-11-14,,2021,86,Probable and confirmed,Admin2,Week,MOH-PER-20002023-Y02-00,PAHO
PERU,LORETO,DATEM DEL MARANON,"PERU, LORETO, DATEM DEL MARANON",PER,1011992,PE-LOR,,2021-11-14,,2021,3,Probable and confirmed,Admin2,Week,MOH-PER-20002023-Y02-00,PAHO
PERU,LORETO,ALTO AMAZONAS,"PERU, LORETO, ALTO AMAZONAS",PER,1011992,PE-LOR,,2021-11-21,,2021,89,Probable and confirmed,Admin2,Week,MOH-PER-20002023-Y02-00,PAHO
PERU,LORETO,DATEM DEL MARANON,"PERU, LORETO, DATEM DEL MARANON",PER,1011992,PE-LOR,,2021-11-21,,2021,3,Probable and confirmed,Admin2,Week,MOH-PER-20002023-Y02-00,PAHO
PERU,LORETO,ALTO AMAZONAS,"PERU, LORETO, ALTO AMAZONAS",PER,1011992,PE-LOR,,2021-11-28,2021-04-12,2021,82,Probable and confirmed,Admin2,Week,MOH-PER-20002023-Y02-00,PAHO
PERU,LORETO,DATEM DEL MARANON,"PERU, LORETO, DATEM DEL MARANON",PER,1011992,PE-LOR,,2021-11-28,2021-04-12,2021,6,Probable and confirmed,Admin2,Week,MOH-PER-20002023-Y02-00,PAHO
PERU,LORETO,ALTO AMAZONAS,"PERU, LORETO, ALTO AMAZONAS",PER,1011992,PE-LOR,,2021-12-05,2021-11-12,2021,50,Probable and confirmed,Admin2,Week,MOH-PER-20002023-Y02-00,PAHO
PERU,LORETO,DATEM DEL MARANON,"PERU, LORETO, DATEM DEL MARANON",PER,1011992,PE-LOR,,2021-12-05,2021-11-12,2021,10,Probable and confirmed,Admin2,Week,MOH-PER-20002023-Y02-00,PAHO
PERU,LORETO,ALTO AMAZONAS,"PERU, LORETO, ALTO AMAZONAS",PER,1011992,PE-LOR,,2021-12-12,,2021,44,Probable and confirmed,Admin2,Week,MOH-PER-20002023-Y02-00,PAHO
PERU,LORETO,DATEM DEL MARANON,"PERU, LORETO, DATEM DEL MARANON",PER,1011992,PE-LOR,,2021-12-12,,2021,22,Probable and confirmed,Admin2,Week,MOH-PER-20002023-Y02-00,PAHO
PERU,LORETO,ALTO AMAZONAS,"PERU, LORETO, ALTO AMAZONAS",PER,1011992,PE-LOR,,2021-12-19,,2021,33,Probable and confirmed,Admin2,Week,MOH-PER-20002023-Y02-00,PAHO
PERU,LORETO,DATEM DEL MARANON,"PERU, LORETO, DATEM DEL MARANON",PER,1011992,PE-LOR,,2021-12-19,,2021,16,Probable and confirmed,Admin2,Week,MOH-PER-20002023-Y02-00,PAHO
PERU,LORETO,ALTO AMAZONAS,"PERU, LORETO, ALTO AMAZONAS",PER,1011992,PE-LOR,,2021-12-26,2022-01-01,2021,45,Probable and confirmed,Admin2,Week,MOH-PER-20002023-Y02-00,PAHO
PERU,LORETO,DATEM DEL MARANON,"PERU, LORETO, DATEM DEL MARANON",PER,1011992,PE-LOR,,2021-12-26,2022-01-01,2021,2,Probable and confirmed,Admin2,Week,MOH-PER-20002023-Y02-00,PAHO
PERU,LORETO,ALTO AMAZONAS,"PERU, LORETO, ALTO AMAZONAS",PER,1011992,PE-LOR,,2022-01-02,2022-08-01,2022,43,Probable and confirmed,Admin2,Week,MOH-PER-20002023-Y02-00,PAHO
PERU,LORETO,DATEM DEL MARANON,"PERU, LORETO, DATEM DEL MARANON",PER,1011992,PE-LOR,,2022-01-02,2022-08-01,2022,3,Probable and confirmed,Admin2,Week,MOH-PER-20002023-Y02-00,PAHO
PERU,LORETO,ALTO AMAZONAS,"PERU, LORETO, ALTO AMAZONAS",PER,1011992,PE-LOR,,2022-01-09,,2022,30,Probable and confirmed,Admin2,Week,MOH-PER-20002023-Y02-00,PAHO
PERU,LORETO,DATEM DEL MARANON,"PERU, LORETO, DATEM DEL MARANON",PER,1011992,PE-LOR,,2022-01-09,,2022,8,Probable and confirmed,Admin2,Week,MOH-PER-20002023-Y02-00,PAHO
PERU,LORETO,ALTO AMAZONAS,"PERU, LORETO, ALTO AMAZONAS",PER,1011992,PE-LOR,,2022-01-16,,2022,26,Probable and confirmed,Admin2,Week,MOH-PER-20002023-Y02-00,PAHO
PERU,LORETO,DATEM DEL MARANON,"PERU, LORETO, DATEM DEL MARANON",PER,1011992,PE-LOR,,2022-01-16,,2022,3,Probable and confirmed,Admin2,Week,MOH-PER-20002023-Y02-00,PAHO
PERU,LORETO,ALTO AMAZONAS,"PERU, LORETO, ALTO AMAZONAS",PER,1011992,PE-LOR,,2022-02-27,2022-05-03,2022,33,Probable and confirmed,Admin2,Week,MOH-PER-20002023-Y02-00,PAHO
PERU,LORETO,DATEM DEL MARANON,"PERU, LORETO, DATEM DEL MARANON",PER,1011992,PE-LOR,,2022-02-27,2022-05-03,2022,3,Probable and confirmed,Admin2,Week,MOH-PER-20002023-Y02-00,PAHO
PERU,LORETO,ALTO AMAZONAS,"PERU, LORETO, ALTO AMAZONAS",PER,1011992,PE-LOR,,2022-03-06,2022-12-03,2022,25,Probable and confirmed,Admin2,Week,MOH-PER-20002023-Y02-00,PAHO
PERU,LORETO,DATEM DEL MARANON,"PERU, LORETO, DATEM DEL MARANON",PER,1011992,PE-LOR,,2022-03-06,2022-12-03,2022,5,Probable and confirmed,Admin2,Week,MOH-PER-20002023-Y02-00,PAHO
PERU,LORETO,ALTO AMAZONAS,"PERU, LORETO, ALTO AMAZONAS",PER,1011992,PE-LOR,,2022-03-13,,2022,24,Probable and confirmed,Admin2,Week,MOH-PER-20002023-Y02-00,PAHO
PERU,LORETO,DATEM DEL MARANON,"PERU, LORETO, DATEM DEL MARANON",PER,1011992,PE-LOR,,2022-03-13,,2022,1,Probable and confirmed,Admin2,Week,MOH-PER-20002023-Y02-00,PAHO
PERU,LORETO,ALTO AMAZONAS,"PERU, LORETO, ALTO AMAZONAS",PER,1011992,PE-LOR,,2022-03-20,,2022,37,Probable and confirmed,Admin2,Week,MOH-PER-20002023-Y02-00,PAHO
PERU,LORETO,DATEM DEL MARANON,"PERU, LORETO, DATEM DEL MARANON",PER,1011992,PE-LOR,,2022-03-20,,2022,2,Probable and confirmed,Admin2,Week,MOH-PER-20002023-Y02-00,PAHO
PERU,LORETO,ALTO AMAZONAS,"PERU, LORETO, ALTO AMAZONAS",PER,1011992,PE-LOR,,2022-03-27,2022-02-04,2022,59,Probable and confirmed,Admin2,Week,MOH-PER-20002023-Y02-00,PAHO
PERU,LORETO,DATEM DEL MARANON,"PERU, LORETO, DATEM DEL MARANON",PER,1011992,PE-LOR,,2022-03-27,2022-02-04,2022,9,Probable and confirmed,Admin2,Week,MOH-PER-20002023-Y02-00,PAHO
PERU,LORETO,ALTO AMAZONAS,"PERU, LORETO, ALTO AMAZONAS",PER,1011992,PE-LOR,,2022-04-03,2022-09-04,2022,42,Probable and confirmed,Admin2,Week,MOH-PER-20002023-Y02-00,PAHO
PERU,LORETO,DATEM DEL MARANON,"PERU, LORETO, DATEM DEL MARANON",PER,1011992,PE-LOR,,2022-04-03,2022-09-04,2022,8,Probable and confirmed,Admin2,Week,MOH-PER-20002023-Y02-00,PAHO
PERU,LORETO,ALTO AMAZONAS,"PERU, LORETO, ALTO AMAZONAS",PER,1011992,PE-LOR,,2022-04-10,,2022,34,Probable and confirmed,Admin2,Week,MOH-PER-20002023-Y02-00,PAHO
PERU,LORETO,DATEM DEL MARANON,"PERU, LORETO, DATEM DEL MARANON",PER,1011992,PE-LOR,,2022-04-10,,2022,9,Probable and confirmed,Admin2,Week,MOH-PER-20002023-Y02-00,PAHO
PERU,LORETO,ALTO AMAZONAS,"PERU, LORETO, ALTO AMAZONAS",PER,1011992,PE-LOR,,2022-04-17,,2022,34,Probable and confirmed,Admin2,Week,MOH-PER-20002023-Y02-00,PAHO
PERU,LORETO,DATEM DEL MARANON,"PERU, LORETO, DATEM DEL MARANON",PER,1011992,PE-LOR,,2022-04-17,,2022,11,Probable and confirmed,Admin2,Week,MOH-PER-20002023-Y02-00,PAHO
PERU,LORETO,ALTO AMAZONAS,"PERU, LORETO, ALTO AMAZONAS",PER,1011992,PE-LOR,,2022-04-24,,2022,19,Probable and confirmed,Admin2,Week,MOH-PER-20002023-Y02-00,PAHO
PERU,LORETO,DATEM DEL MARANON,"PERU, LORETO, DATEM DEL MARANON",PER,1011992,PE-LOR,,2022-04-24,,2022,7,Probable and confirmed,Admin2,Week,MOH-PER-20002023-Y02-00,PAHO
PERU,LORETO,ALTO AMAZONAS,"PERU, LORETO, ALTO AMAZONAS",PER,1011992,PE-LOR,,2022-05-01,2022-07-05,2022,27,Probable and confirmed,Admin2,Week,MOH-PER-20002023-Y02-00,PAHO
PERU,LORETO,DATEM DEL MARANON,"PERU, LORETO, DATEM DEL MARANON",PER,1011992,PE-LOR,,2022-05-01,2022-07-05,2022,11,Probable and confirmed,Admin2,Week,MOH-PER-20002023-Y02-00,PAHO
PERU,LORETO,ALTO AMAZONAS,"PERU, LORETO, ALTO AMAZONAS",PER,1011992,PE-LOR,,2022-05-08,,2022,26,Probable and confirmed,Admin2,Week,MOH-PER-20002023-Y02-00,PAHO
PERU,LORETO,DATEM DEL MARANON,"PERU, LORETO, DATEM DEL MARANON",PER,1011992,PE-LOR,,2022-05-08,,2022,4,Probable and confirmed,Admin2,Week,MOH-PER-20002023-Y02-00,PAHO
PERU,LORETO,ALTO AMAZONAS,"PERU, LORETO, ALTO AMAZONAS",PER,1011992,PE-LOR,,2022-05-15,,2022,19,Probable and confirmed,Admin2,Week,MOH-PER-20002023-Y02-00,PAHO
PERU,LORETO,DATEM DEL MARANON,"PERU, LORETO, DATEM DEL MARANON",PER,1011992,PE-LOR,,2022-05-15,,2022,3,Probable and confirmed,Admin2,Week,MOH-PER-20002023-Y02-00,PAHO
PERU,LORETO,ALTO AMAZONAS,"PERU, LORETO, ALTO AMAZONAS",PER,1011992,PE-LOR,,2022-05-22,,2022,11,Probable and confirmed,Admin2,Week,MOH-PER-20002023-Y02-00,PAHO
PERU,LORETO,DATEM DEL MARANON,"PERU, LORETO, DATEM DEL MARANON",PER,1011992,PE-LOR,,2022-05-22,,2022,5,Probable and confirmed,Admin2,Week,MOH-PER-20002023-Y02-00,PAHO
PERU,LORETO,ALTO AMAZONAS,"PERU, LORETO, ALTO AMAZONAS",PER,1011992,PE-LOR,,2022-05-29,2022-04-06,2022,13,Probable and confirmed,Admin2,Week,MOH-PER-20002023-Y02-00,PAHO
PERU,LORETO,DATEM DEL MARANON,"PERU, LORETO, DATEM DEL MARANON",PER,1011992,PE-LOR,,2022-05-29,2022-04-06,2022,6,Probable and confirmed,Admin2,Week,MOH-PER-20002023-Y02-00,PAHO
PERU,LORETO,ALTO AMAZONAS,"PERU, LORETO, ALTO AMAZONAS",PER,1011992,PE-LOR,,2022-06-12,,2022,5,Probable and confirmed,Admin2,Week,MOH-PER-20002023-Y02-00,PAHO
PERU,LORETO,DATEM DEL MARANON,"PERU, LORETO, DATEM DEL MARANON",PER,1011992,PE-LOR,,2022-06-12,,2022,2,Probable and confirmed,Admin2,Week,MOH-PER-20002023-Y02-00,PAHO
PERU,LORETO,ALTO AMAZONAS,"PERU, LORETO, ALTO AMAZONAS",PER,1011992,PE-LOR,,2022-06-19,,2022,20,Probable and confirmed,Admin2,Week,MOH-PER-20002023-Y02-00,PAHO
PERU,LORETO,DATEM DEL MARANON,"PERU, LORETO, DATEM DEL MARANON",PER,1011992,PE-LOR,,2022-06-19,,2022,1,Probable and confirmed,Admin2,Week,MOH-PER-20002023-Y02-00,PAHO
PERU,LORETO,ALTO AMAZONAS,"PERU, LORETO, ALTO AMAZONAS",PER,1011992,PE-LOR,,2022-06-26,2022-02-07,2022,33,Probable and confirmed,Admin2,Week,MOH-PER-20002023-Y02-00,PAHO
PERU,LORETO,DATEM DEL MARANON,"PERU, LORETO, DATEM DEL MARANON",PER,1011992,PE-LOR,,2022-06-26,2022-02-07,2022,1,Probable and confirmed,Admin2,Week,MOH-PER-20002023-Y02-00,PAHO
PERU,LORETO,ALTO AMAZONAS,"PERU, LORETO, ALTO AMAZONAS",PER,1011992,PE-LOR,,2022-07-03,2022-09-07,2022,37,Probable and confirmed,Admin2,Week,MOH-PER-20002023-Y02-00,PAHO
PERU,LORETO,DATEM DEL MARANON,"PERU, LORETO, DATEM DEL MARANON",PER,1011992,PE-LOR,,2022-07-03,2022-09-07,2022,1,Probable and confirmed,Admin2,Week,MOH-PER-20002023-Y02-00,PAHO
PERU,LORETO,ALTO AMAZONAS,"PERU, LORETO, ALTO AMAZONAS",PER,1011992,PE-LOR,,2022-07-10,,2022,57,Probable and confirmed,Admin2,Week,MOH-PER-20002023-Y02-00,PAHO
PERU,LORETO,DATEM DEL MARANON,"PERU, LORETO, DATEM DEL MARANON",PER,1011992,PE-LOR,,2022-07-10,,2022,2,Probable and confirmed,Admin2,Week,MOH-PER-20002023-Y02-00,PAHO
PERU,LORETO,ALTO AMAZONAS,"PERU, LORETO, ALTO AMAZONAS",PER,1011992,PE-LOR,,2022-07-24,,2022,58,Probable and confirmed,Admin2,Week,MOH-PER-20002023-Y02-00,PAHO
PERU,LORETO,DATEM DEL MARANON,"PERU, LORETO, DATEM DEL MARANON",PER,1011992,PE-LOR,,2022-07-24,,2022,1,Probable and confirmed,Admin2,Week,MOH-PER-20002023-Y02-00,PAHO
PERU,LORETO,ALTO AMAZONAS,"PERU, LORETO, ALTO AMAZONAS",PER,1011992,PE-LOR,,2022-08-07,,2022,65,Probable and confirmed,Admin2,Week,MOH-PER-20002023-Y02-00,PAHO
PERU,LORETO,DATEM DEL MARANON,"PERU, LORETO, DATEM DEL MARANON",PER,1011992,PE-LOR,,2022-08-07,,2022,4,Probable and confirmed,Admin2,Week,MOH-PER-20002023-Y02-00,PAHO
PERU,LORETO,ALTO AMAZONAS,"PERU, LORETO, ALTO AMAZONAS",PER,1011992,PE-LOR,,2022-08-14,,2022,59,Probable and confirmed,Admin2,Week,MOH-PER-20002023-Y02-00,PAHO
PERU,LORETO,DATEM DEL MARANON,"PERU, LORETO, DATEM DEL MARANON",PER,1011992,PE-LOR,,2022-08-14,,2022,1,Probable and confirmed,Admin2,Week,MOH-PER-20002023-Y02-00,PAHO
PERU,LORETO,ALTO AMAZONAS,"PERU, LORETO, ALTO AMAZONAS",PER,1011992,PE-LOR,,2022-08-21,,2022,73,Probable and confirmed,Admin2,Week,MOH-PER-20002023-Y02-00,PAHO
PERU,LORETO,DATEM DEL MARANON,"PERU, LORETO, DATEM DEL MARANON",PER,1011992,PE-LOR,,2022-08-21,,2022,1,Probable and confirmed,Admin2,Week,MOH-PER-20002023-Y02-00,PAHO
PERU,LORETO,ALTO AMAZONAS,"PERU, LORETO, ALTO AMAZONAS",PER,1011992,PE-LOR,,2022-09-04,2022-10-09,2022,30,Probable and confirmed,Admin2,Week,MOH-PER-20002023-Y02-00,PAHO
PERU,LORETO,DATEM DEL MARANON,"PERU, LORETO, DATEM DEL MARANON",PER,1011992,PE-LOR,,2022-09-04,2022-10-09,2022,1,Probable and confirmed,Admin2,Week,MOH-PER-20002023-Y02-00,PAHO
PERU,LORETO,ALTO AMAZONAS,"PERU, LORETO, ALTO AMAZONAS",PER,1011992,PE-LOR,,2022-09-25,2022-01-10,2022,62,Probable and confirmed,Admin2,Week,MOH-PER-20002023-Y02-00,PAHO
PERU,LORETO,DATEM DEL MARANON,"PERU, LORETO, DATEM DEL MARANON",PER,1011992,PE-LOR,,2022-09-25,2022-01-10,2022,2,Probable and confirmed,Admin2,Week,MOH-PER-20002023-Y02-00,PAHO
PERU,LORETO,ALTO AMAZONAS,"PERU, LORETO, ALTO AMAZONAS",PER,1011992,PE-LOR,,2022-10-02,2022-08-10,2022,51,Probable and confirmed,Admin2,Week,MOH-PER-20002023-Y02-00,PAHO
PERU,LORETO,DATEM DEL MARANON,"PERU, LORETO, DATEM DEL MARANON",PER,1011992,PE-LOR,,2022-10-02,2022-08-10,2022,1,Probable and confirmed,Admin2,Week,MOH-PER-20002023-Y02-00,PAHO
PERU,LORETO,ALTO AMAZONAS,"PERU, LORETO, ALTO AMAZONAS",PER,1011992,PE-LOR,,2022-10-09,,2022,51,Probable and confirmed,Admin2,Week,MOH-PER-20002023-Y02-00,PAHO
PERU,LORETO,DATEM DEL MARANON,"PERU, LORETO, DATEM DEL MARANON",PER,1011992,PE-LOR,,2022-10-09,,2022,6,Probable and confirmed,Admin2,Week,MOH-PER-20002023-Y02-00,PAHO
PERU,LORETO,ALTO AMAZONAS,"PERU, LORETO, ALTO AMAZONAS",PER,1011992,PE-LOR,,2022-10-16,,2022,74,Probable and confirmed,Admin2,Week,MOH-PER-20002023-Y02-00,PAHO
PERU,LORETO,DATEM DEL MARANON,"PERU, LORETO, DATEM DEL MARANON",PER,1011992,PE-LOR,,2022-10-16,,2022,8,Probable and confirmed,Admin2,Week,MOH-PER-20002023-Y02-00,PAHO
PERU,LORETO,ALTO AMAZONAS,"PERU, LORETO, ALTO AMAZONAS",PER,1011992,PE-LOR,,2022-10-23,,2022,81,Probable and confirmed,Admin2,Week,MOH-PER-20002023-Y02-00,PAHO
PERU,LORETO,DATEM DEL MARANON,"PERU, LORETO, DATEM DEL MARANON",PER,1011992,PE-LOR,,2022-10-23,,2022,11,Probable and confirmed,Admin2,Week,MOH-PER-20002023-Y02-00,PAHO
PERU,LORETO,ALTO AMAZONAS,"PERU, LORETO, ALTO AMAZONAS",PER,1011992,PE-LOR,,2022-10-30,2022-05-11,2022,115,Probable and confirmed,Admin2,Week,MOH-PER-20002023-Y02-00,PAHO
PERU,LORETO,DATEM DEL MARANON,"PERU, LORETO, DATEM DEL MARANON",PER,1011992,PE-LOR,,2022-10-30,2022-05-11,2022,5,Probable and confirmed,Admin2,Week,MOH-PER-20002023-Y02-00,PAHO
PERU,LORETO,ALTO AMAZONAS,"PERU, LORETO, ALTO AMAZONAS",PER,1011992,PE-LOR,,2022-11-06,2022-12-11,2022,202,Probable and confirmed,Admin2,Week,MOH-PER-20002023-Y02-00,PAHO
PERU,LORETO,DATEM DEL MARANON,"PERU, LORETO, DATEM DEL MARANON",PER,1011992,PE-LOR,,2022-11-06,2022-12-11,2022,3,Probable and confirmed,Admin2,Week,MOH-PER-20002023-Y02-00,PAHO
PERU,LORETO,ALTO AMAZONAS,"PERU, LORETO, ALTO AMAZONAS",PER,1011992,PE-LOR,,2022-11-13,,2022,225,Probable and confirmed,Admin2,Week,MOH-PER-20002023-Y02-00,PAHO
PERU,LORETO,DATEM DEL MARANON,"PERU, LORETO, DATEM DEL MARANON",PER,1011992,PE-LOR,,2022-11-13,,2022,4,Probable and confirmed,Admin2,Week,MOH-PER-20002023-Y02-00,PAHO
PERU,LORETO,ALTO AMAZONAS,"PERU, LORETO, ALTO AMAZONAS",PER,1011992,PE-LOR,,2022-11-27,2022-03-12,2022,190,Probable and confirmed,Admin2,Week,MOH-PER-20002023-Y02-00,PAHO
PERU,LORETO,DATEM DEL MARANON,"PERU, LORETO, DATEM DEL MARANON",PER,1011992,PE-LOR,,2022-11-27,2022-03-12,2022,4,Probable and confirmed,Admin2,Week,MOH-PER-20002023-Y02-00,PAHO
PERU,LORETO,ALTO AMAZONAS,"PERU, LORETO, ALTO AMAZONAS",PER,1011992,PE-LOR,,2022-12-11,,2022,72,Probable and confirmed,Admin2,Week,MOH-PER-20002023-Y02-00,PAHO
PERU,LORETO,DATEM DEL MARANON,"PERU, LORETO, DATEM DEL MARANON",PER,1011992,PE-LOR,,2022-12-11,,2022,2,Probable and confirmed,Admin2,Week,MOH-PER-20002023-Y02-00,PAHO
PERU,LORETO,ALTO AMAZONAS,"PERU, LORETO, ALTO AMAZONAS",PER,1011992,PE-LOR,,2022-12-18,,2022,41,Probable and confirmed,Admin2,Week,MOH-PER-20002023-Y02-00,PAHO
PERU,LORETO,DATEM DEL MARANON,"PERU, LORETO, DATEM DEL MARANON",PER,1011992,PE-LOR,,2022-12-18,,2022,7,Probable and confirmed,Admin2,Week,MOH-PER-20002023-Y02-00,PAHO
PERU,LORETO,ALTO AMAZONAS,"PERU, LORETO, ALTO AMAZONAS",PER,1011992,PE-LOR,,2022-12-25,,2022,52,Probable and confirmed,Admin2,Week,MOH-PER-20002023-Y02-00,PAHO
PERU,LORETO,DATEM DEL MARANON,"PERU, LORETO, DATEM DEL MARANON",PER,1011992,PE-LOR,,2022-12-25,,2022,7,Probable and confirmed,Admin2,Week,MOH-PER-20002023-Y02-00,PAHO
PERU,LORETO,ALTO AMAZONAS,"PERU, LORETO, ALTO AMAZONAS",PER,1011992,PE-LOR,,2023-01-01,2023-07-01,2023,79,Probable and confirmed,Admin2,Week,MOH-PER-20002023-Y02-00,PAHO
PERU,LORETO,DATEM DEL MARANON,"PERU, LORETO, DATEM DEL MARANON",PER,1011992,PE-LOR,,2023-01-01,2023-07-01,2023,11,Probable and confirmed,Admin2,Week,MOH-PER-20002023-Y02-00,PAHO
PERU,LORETO,ALTO AMAZONAS,"PERU, LORETO, ALTO AMAZONAS",PER,1011992,PE-LOR,,2023-01-08,,2023,88,Probable and confirmed,Admin2,Week,MOH-PER-20002023-Y02-00,PAHO
PERU,LORETO,DATEM DEL MARANON,"PERU, LORETO, DATEM DEL MARANON",PER,1011992,PE-LOR,,2023-01-08,,2023,21,Probable and confirmed,Admin2,Week,MOH-PER-20002023-Y02-00,PAHO
PERU,LORETO,ALTO AMAZONAS,"PERU, LORETO, ALTO AMAZONAS",PER,1011992,PE-LOR,,2023-01-15,,2023,101,Probable and confirmed,Admin2,Week,MOH-PER-20002023-Y02-00,PAHO
PERU,LORETO,DATEM DEL MARANON,"PERU, LORETO, DATEM DEL MARANON",PER,1011992,PE-LOR,,2023-01-15,,2023,36,Probable and confirmed,Admin2,Week,MOH-PER-20002023-Y02-00,PAHO
PERU,LORETO,ALTO AMAZONAS,"PERU, LORETO, ALTO AMAZONAS",PER,1011992,PE-LOR,,2023-01-22,,2023,95,Probable and confirmed,Admin2,Week,MOH-PER-20002023-Y02-00,PAHO
PERU,LORETO,DATEM DEL MARANON,"PERU, LORETO, DATEM DEL MARANON",PER,1011992,PE-LOR,,2023-01-22,,2023,54,Probable and confirmed,Admin2,Week,MOH-PER-20002023-Y02-00,PAHO
PERU,LORETO,ALTO AMAZONAS,"PERU, LORETO, ALTO AMAZONAS",PER,1011992,PE-LOR,,2023-01-29,2023-04-02,2023,171,Probable and confirmed,Admin2,Week,MOH-PER-20002023-Y02-00,PAHO
PERU,LORETO,DATEM DEL MARANON,"PERU, LORETO, DATEM DEL MARANON",PER,1011992,PE-LOR,,2023-01-29,2023-04-02,2023,57,Probable and confirmed,Admin2,Week,MOH-PER-20002023-Y02-00,PAHO
PERU,LORETO,ALTO AMAZONAS,"PERU, LORETO, ALTO AMAZONAS",PER,1011992,PE-LOR,,2023-02-05,2023-11-02,2023,132,Probable and confirmed,Admin2,Week,MOH-PER-20002023-Y02-00,PAHO
PERU,LORETO,DATEM DEL MARANON,"PERU, LORETO, DATEM DEL MARANON",PER,1011992,PE-LOR,,2023-02-05,2023-11-02,2023,36,Probable and confirmed,Admin2,Week,MOH-PER-20002023-Y02-00,PAHO
PERU,LORETO,ALTO AMAZONAS,"PERU, LORETO, ALTO AMAZONAS",PER,1011992,PE-LOR,,2023-02-12,,2023,88,Probable and confirmed,Admin2,Week,MOH-PER-20002023-Y02-00,PAHO
PERU,LORETO,DATEM DEL MARANON,"PERU, LORETO, DATEM DEL MARANON",PER,1011992,PE-LOR,,2023-02-12,,2023,24,Probable and confirmed,Admin2,Week,MOH-PER-20002023-Y02-00,PAHO
PERU,LORETO,ALTO AMAZONAS,"PERU, LORETO, ALTO AMAZONAS",PER,1011992,PE-LOR,,2023-02-19,,2023,86,Probable and confirmed,Admin2,Week,MOH-PER-20002023-Y02-00,PAHO
PERU,LORETO,DATEM DEL MARANON,"PERU, LORETO, DATEM DEL MARANON",PER,1011992,PE-LOR,,2023-02-19,,2023,30,Probable and confirmed,Admin2,Week,MOH-PER-20002023-Y02-00,PAHO
PERU,LORETO,ALTO AMAZONAS,"PERU, LORETO, ALTO AMAZONAS",PER,1011992,PE-LOR,,2023-02-26,2023-04-03,2023,67,Probable and confirmed,Admin2,Week,MOH-PER-20002023-Y02-00,PAHO
PERU,LORETO,DATEM DEL MARANON,"PERU, LORETO, DATEM DEL MARANON",PER,1011992,PE-LOR,,2023-02-26,2023-04-03,2023,9,Probable and confirmed,Admin2,Week,MOH-PER-20002023-Y02-00,PAHO
PERU,LORETO,ALTO AMAZONAS,"PERU, LORETO, ALTO AMAZONAS",PER,1011992,PE-LOR,,2023-03-05,2023-11-03,2023,116,Probable and confirmed,Admin2,Week,MOH-PER-20002023-Y02-00,PAHO
PERU,LORETO,DATEM DEL MARANON,"PERU, LORETO, DATEM DEL MARANON",PER,1011992,PE-LOR,,2023-03-05,2023-11-03,2023,14,Probable and confirmed,Admin2,Week,MOH-PER-20002023-Y02-00,PAHO
PERU,LORETO,ALTO AMAZONAS,"PERU, LORETO, ALTO AMAZONAS",PER,1011992,PE-LOR,,2023-03-12,,2023,122,Probable and confirmed,Admin2,Week,MOH-PER-20002023-Y02-00,PAHO
PERU,LORETO,DATEM DEL MARANON,"PERU, LORETO, DATEM DEL MARANON",PER,1011992,PE-LOR,,2023-03-12,,2023,30,Probable and confirmed,Admin2,Week,MOH-PER-20002023-Y02-00,PAHO
PERU,LORETO,ALTO AMAZONAS,"PERU, LORETO, ALTO AMAZONAS",PER,1011992,PE-LOR,,2023-03-19,,2023,87,Probable and confirmed,Admin2,Week,MOH-PER-20002023-Y02-00,PAHO
PERU,LORETO,DATEM DEL MARANON,"PERU, LORETO, DATEM DEL MARANON",PER,1011992,PE-LOR,,2023-03-19,,2023,41,Probable and confirmed,Admin2,Week,MOH-PER-20002023-Y02-00,PAHO
PERU,LORETO,ALTO AMAZONAS,"PERU, LORETO, ALTO AMAZONAS",PER,1011992,PE-LOR,,2023-03-26,2023-01-04,2023,83,Probable and confirmed,Admin2,Week,MOH-PER-20002023-Y02-00,PAHO
PERU,LORETO,DATEM DEL MARANON,"PERU, LORETO, DATEM DEL MARANON",PER,1011992,PE-LOR,,2023-03-26,2023-01-04,2023,31,Probable and confirmed,Admin2,Week,MOH-PER-20002023-Y02-00,PAHO
PERU,LORETO,ALTO AMAZONAS,"PERU, LORETO, ALTO AMAZONAS",PER,1011992,PE-LOR,,2023-04-02,2023-08-04,2023,51,Probable and confirmed,Admin2,Week,MOH-PER-20002023-Y02-00,PAHO
PERU,LORETO,DATEM DEL MARANON,"PERU, LORETO, DATEM DEL MARANON",PER,1011992,PE-LOR,,2023-04-02,2023-08-04,2023,24,Probable and confirmed,Admin2,Week,MOH-PER-20002023-Y02-00,PAHO
PERU,LORETO,ALTO AMAZONAS,"PERU, LORETO, ALTO AMAZONAS",PER,1011992,PE-LOR,,2023-04-09,,2023,71,Probable and confirmed,Admin2,Week,MOH-PER-20002023-Y02-00,PAHO
PERU,LORETO,DATEM DEL MARANON,"PERU, LORETO, DATEM DEL MARANON",PER,1011992,PE-LOR,,2023-04-09,,2023,35,Probable and confirmed,Admin2,Week,MOH-PER-20002023-Y02-00,PAHO
PERU,LORETO,ALTO AMAZONAS,"PERU, LORETO, ALTO AMAZONAS",PER,1011992,PE-LOR,,2023-04-16,,2023,83,Probable and confirmed,Admin2,Week,MOH-PER-20002023-Y02-00,PAHO
PERU,LORETO,DATEM DEL MARANON,"PERU, LORETO, DATEM DEL MARANON",PER,1011992,PE-LOR,,2023-04-16,,2023,44,Probable and confirmed,Admin2,Week,MOH-PER-20002023-Y02-00,PAHO
PERU,LORETO,ALTO AMAZONAS,"PERU, LORETO, ALTO AMAZONAS",PER,1011992,PE-LOR,,2023-04-23,,2023,37,Probable and confirmed,Admin2,Week,MOH-PER-20002023-Y02-00,PAHO
PERU,LORETO,DATEM DEL MARANON,"PERU, LORETO, DATEM DEL MARANON",PER,1011992,PE-LOR,,2023-04-23,,2023,19,Probable and confirmed,Admin2,Week,MOH-PER-20002023-Y02-00,PAHO
PERU,LORETO,ALTO AMAZONAS,"PERU, LORETO, ALTO AMAZONAS",PER,1011992,PE-LOR,,2023-04-30,2023-06-05,2023,42,Probable and confirmed,Admin2,Week,MOH-PER-20002023-Y02-00,PAHO
PERU,LORETO,DATEM DEL MARANON,"PERU, LORETO, DATEM DEL MARANON",PER,1011992,PE-LOR,,2023-04-30,2023-06-05,2023,13,Probable and confirmed,Admin2,Week,MOH-PER-20002023-Y02-00,PAHO
PERU,LORETO,ALTO AMAZONAS,"PERU, LORETO, ALTO AMAZONAS",PER,1011992,PE-LOR,,2023-05-07,,2023,29,Probable and confirmed,Admin2,Week,MOH-PER-20002023-Y02-00,PAHO
PERU,LORETO,DATEM DEL MARANON,"PERU, LORETO, DATEM DEL MARANON",PER,1011992,PE-LOR,,2023-05-07,,2023,20,Probable and confirmed,Admin2,Week,MOH-PER-20002023-Y02-00,PAHO
PERU,LORETO,ALTO AMAZONAS,"PERU, LORETO, ALTO AMAZONAS",PER,1011992,PE-LOR,,2023-05-14,,2023,11,Probable and confirmed,Admin2,Week,MOH-PER-20002023-Y02-00,PAHO
PERU,LORETO,DATEM DEL MARANON,"PERU, LORETO, DATEM DEL MARANON",PER,1011992,PE-LOR,,2023-05-14,,2023,19,Probable and confirmed,Admin2,Week,MOH-PER-20002023-Y02-00,PAHO
PERU,LORETO,ALTO AMAZONAS,"PERU, LORETO, ALTO AMAZONAS",PER,1011992,PE-LOR,,2023-05-21,,2023,21,Probable and confirmed,Admin2,Week,MOH-PER-20002023-Y02-00,PAHO
PERU,LORETO,DATEM DEL MARANON,"PERU, LORETO, DATEM DEL MARANON",PER,1011992,PE-LOR,,2023-05-21,,2023,41,Probable and confirmed,Admin2,Week,MOH-PER-20002023-Y02-00,PAHO
PERU,LORETO,ALTO AMAZONAS,"PERU, LORETO, ALTO AMAZONAS",PER,1011992,PE-LOR,,2023-05-28,2023-03-06,2023,33,Probable and confirmed,Admin2,Week,MOH-PER-20002023-Y02-00,PAHO
PERU,LORETO,DATEM DEL MARANON,"PERU, LORETO, DATEM DEL MARANON",PER,1011992,PE-LOR,,2023-05-28,2023-03-06,2023,45,Probable and confirmed,Admin2,Week,MOH-PER-20002023-Y02-00,PAHO
PERU,LORETO,ALTO AMAZONAS,"PERU, LORETO, ALTO AMAZONAS",PER,1011992,PE-LOR,,2023-06-04,2023-10-06,2023,17,Probable and confirmed,Admin2,Week,MOH-PER-20002023-Y02-00,PAHO
PERU,LORETO,DATEM DEL MARANON,"PERU, LORETO, DATEM DEL MARANON",PER,1011992,PE-LOR,,2023-06-04,2023-10-06,2023,28,Probable and confirmed,Admin2,Week,MOH-PER-20002023-Y02-00,PAHO
PERU,LORETO,ALTO AMAZONAS,"PERU, LORETO, ALTO AMAZONAS",PER,1011992,PE-LOR,,2023-06-11,,2023,19,Probable and confirmed,Admin2,Week,MOH-PER-20002023-Y02-00,PAHO
PERU,LORETO,DATEM DEL MARANON,"PERU, LORETO, DATEM DEL MARANON",PER,1011992,PE-LOR,,2023-06-11,,2023,25,Probable and confirmed,Admin2,Week,MOH-PER-20002023-Y02-00,PAHO
PERU,LORETO,ALTO AMAZONAS,"PERU, LORETO, ALTO AMAZONAS",PER,1011992,PE-LOR,,2023-06-18,,2023,9,Probable and confirmed,Admin2,Week,MOH-PER-20002023-Y02-00,PAHO
PERU,LORETO,DATEM DEL MARANON,"PERU, LORETO, DATEM DEL MARANON",PER,1011992,PE-LOR,,2023-06-18,,2023,25,Probable and confirmed,Admin2,Week,MOH-PER-20002023-Y02-00,PAHO
PERU,LORETO,ALTO AMAZONAS,"PERU, LORETO, ALTO AMAZONAS",PER,1011992,PE-LOR,,2023-06-25,2023-01-07,2023,11,Probable and confirmed,Admin2,Week,MOH-PER-20002023-Y02-00,PAHO
PERU,LORETO,DATEM DEL MARANON,"PERU, LORETO, DATEM DEL MARANON",PER,1011992,PE-LOR,,2023-06-25,2023-01-07,2023,24,Probable and confirmed,Admin2,Week,MOH-PER-20002023-Y02-00,PAHO
PERU,LORETO,ALTO AMAZONAS,"PERU, LORETO, ALTO AMAZONAS",PER,1011992,PE-LOR,,2023-07-02,2023-08-07,2023,21,Probable and confirmed,Admin2,Week,MOH-PER-20002023-Y02-00,PAHO
PERU,LORETO,DATEM DEL MARANON,"PERU, LORETO, DATEM DEL MARANON",PER,1011992,PE-LOR,,2023-07-02,2023-08-07,2023,7,Probable and confirmed,Admin2,Week,MOH-PER-20002023-Y02-00,PAHO
PERU,LORETO,ALTO AMAZONAS,"PERU, LORETO, ALTO AMAZONAS",PER,1011992,PE-LOR,,2023-07-09,,2023,10,Probable and confirmed,Admin2,Week,MOH-PER-20002023-Y02-00,PAHO
PERU,LORETO,DATEM DEL MARANON,"PERU, LORETO, DATEM DEL MARANON",PER,1011992,PE-LOR,,2023-07-09,,2023,9,Probable and confirmed,Admin2,Week,MOH-PER-20002023-Y02-00,PAHO
PERU,LORETO,ALTO AMAZONAS,"PERU, LORETO, ALTO AMAZONAS",PER,1011992,PE-LOR,,2023-07-16,,2023,8,Probable and confirmed,Admin2,Week,MOH-PER-20002023-Y02-00,PAHO
PERU,LORETO,DATEM DEL MARANON,"PERU, LORETO, DATEM DEL MARANON",PER,1011992,PE-LOR,,2023-07-16,,2023,1,Probable and confirmed,Admin2,Week,MOH-PER-20002023-Y02-00,PAHO
PERU,LORETO,ALTO AMAZONAS,"PERU, LORETO, ALTO AMAZONAS",PER,1011992,PE-LOR,,2023-07-23,,2023,14,Probable and confirmed,Admin2,Week,MOH-PER-20002023-Y02-00,PAHO
PERU,LORETO,DATEM DEL MARANON,"PERU, LORETO, DATEM DEL MARANON",PER,1011992,PE-LOR,,2023-07-23,,2023,2,Probable and confirmed,Admin2,Week,MOH-PER-20002023-Y02-00,PAHO
PERU,LORETO,ALTO AMAZONAS,"PERU, LORETO, ALTO AMAZONAS",PER,1011992,PE-LOR,,2023-07-30,2023-05-08,2023,4,Probable and confirmed,Admin2,Week,MOH-PER-20002023-Y02-00,PAHO
PERU,LORETO,DATEM DEL MARANON,"PERU, LORETO, DATEM DEL MARANON",PER,1011992,PE-LOR,,2023-07-30,2023-05-08,2023,3,Probable and confirmed,Admin2,Week,MOH-PER-20002023-Y02-00,PAHO
PERU,LORETO,ALTO AMAZONAS,"PERU, LORETO, ALTO AMAZONAS",PER,1011992,PE-LOR,,2023-08-06,2023-12-08,2023,8,Probable and confirmed,Admin2,Week,MOH-PER-20002023-Y02-00,PAHO
PERU,LORETO,DATEM DEL MARANON,"PERU, LORETO, DATEM DEL MARANON",PER,1011992,PE-LOR,,2023-08-06,2023-12-08,2023,4,Probable and confirmed,Admin2,Week,MOH-PER-20002023-Y02-00,PAHO
PERU,LORETO,ALTO AMAZONAS,"PERU, LORETO, ALTO AMAZONAS",PER,1011992,PE-LOR,,2023-08-13,,2023,5,Probable and confirmed,Admin2,Week,MOH-PER-20002023-Y02-00,PAHO
PERU,LORETO,DATEM DEL MARANON,"PERU, LORETO, DATEM DEL MARANON",PER,1011992,PE-LOR,,2023-08-13,,2023,1,Probable and confirmed,Admin2,Week,MOH-PER-20002023-Y02-00,PAHO
PERU,LORETO,ALTO AMAZONAS,"PERU, LORETO, ALTO AMAZONAS",PER,1011992,PE-LOR,,2023-08-20,,2023,6,Probable and confirmed,Admin2,Week,MOH-PER-20002023-Y02-00,PAHO
PERU,LORETO,DATEM DEL MARANON,"PERU, LORETO, DATEM DEL MARANON",PER,1011992,PE-LOR,,2023-08-20,,2023,8,Probable and confirmed,Admin2,Week,MOH-PER-20002023-Y02-00,PAHO
PERU,LORETO,ALTO AMAZONAS,"PERU, LORETO, ALTO AMAZONAS",PER,1011992,PE-LOR,,2023-08-27,2023-02-09,2023,16,Probable and confirmed,Admin2,Week,MOH-PER-20002023-Y02-00,PAHO
PERU,LORETO,DATEM DEL MARANON,"PERU, LORETO, DATEM DEL MARANON",PER,1011992,PE-LOR,,2023-08-27,2023-02-09,2023,2,Probable and confirmed,Admin2,Week,MOH-PER-20002023-Y02-00,PAHO
PERU,LORETO,ALTO AMAZONAS,"PERU, LORETO, ALTO AMAZONAS",PER,1011992,PE-LOR,,2023-09-03,2023-09-09,2023,18,Probable and confirmed,Admin2,Week,MOH-PER-20002023-Y02-00,PAHO
PERU,LORETO,DATEM DEL MARANON,"PERU, LORETO, DATEM DEL MARANON",PER,1011992,PE-LOR,,2023-09-03,2023-09-09,2023,2,Probable and confirmed,Admin2,Week,MOH-PER-20002023-Y02-00,PAHO
PERU,LORETO,ALTO AMAZONAS,"PERU, LORETO, ALTO AMAZONAS",PER,1011992,PE-LOR,,2023-09-10,,2023,8,Probable and confirmed,Admin2,Week,MOH-PER-20002023-Y02-00,PAHO
PERU,LORETO,DATEM DEL MARANON,"PERU, LORETO, DATEM DEL MARANON",PER,1011992,PE-LOR,,2023-09-10,,2023,2,Probable and confirmed,Admin2,Week,MOH-PER-20002023-Y02-00,PAHO
PERU,LORETO,ALTO AMAZONAS,"PERU, LORETO, ALTO AMAZONAS",PER,1011992,PE-LOR,,2023-09-17,,2023,11,Probable and confirmed,Admin2,Week,MOH-PER-20002023-Y02-00,PAHO
PERU,LORETO,DATEM DEL MARANON,"PERU, LORETO, DATEM DEL MARANON",PER,1011992,PE-LOR,,2023-09-17,,2023,1,Probable and confirmed,Admin2,Week,MOH-PER-20002023-Y02-00,PAHO
PERU,LORETO,ALTO AMAZONAS,"PERU, LORETO, ALTO AMAZONAS",PER,1011992,PE-LOR,,2023-09-24,,2023,19,Probable and confirmed,Admin2,Week,MOH-PER-20002023-Y02-00,PAHO
PERU,LORETO,DATEM DEL MARANON,"PERU, LORETO, DATEM DEL MARANON",PER,1011992,PE-LOR,,2023-09-24,,2023,1,Probable and confirmed,Admin2,Week,MOH-PER-20002023-Y02-00,PAHO
PERU,LORETO,ALTO AMAZONAS,"PERU, LORETO, ALTO AMAZONAS",PER,1011992,PE-LOR,,2023-10-01,2023-07-10,2023,15,Probable and confirmed,Admin2,Week,MOH-PER-20002023-Y02-00,PAHO
PERU,LORETO,DATEM DEL MARANON,"PERU, LORETO, DATEM DEL MARANON",PER,1011992,PE-LOR,,2023-10-01,2023-07-10,2023,2,Probable and confirmed,Admin2,Week,MOH-PER-20002023-Y02-00,PAHO
PERU,LORETO,ALTO AMAZONAS,"PERU, LORETO, ALTO AMAZONAS",PER,1011992,PE-LOR,,2023-10-08,,2023,21,Probable and confirmed,Admin2,Week,MOH-PER-20002023-Y02-00,PAHO
PERU,LORETO,DATEM DEL MARANON,"PERU, LORETO, DATEM DEL MARANON",PER,1011992,PE-LOR,,2023-10-08,,2023,3,Probable and confirmed,Admin2,Week,MOH-PER-20002023-Y02-00,PAHO
PERU,LORETO,ALTO AMAZONAS,"PERU, LORETO, ALTO AMAZONAS",PER,1011992,PE-LOR,,2023-10-15,,2023,22,Probable and confirmed,Admin2,Week,MOH-PER-20002023-Y02-00,PAHO
PERU,LORETO,DATEM DEL MARANON,"PERU, LORETO, DATEM DEL MARANON",PER,1011992,PE-LOR,,2023-10-15,,2023,2,Probable and confirmed,Admin2,Week,MOH-PER-20002023-Y02-00,PAHO
PERU,LORETO,ALTO AMAZONAS,"PERU, LORETO, ALTO AMAZONAS",PER,1011992,PE-LOR,,2023-10-22,,2023,13,Probable and confirmed,Admin2,Week,MOH-PER-20002023-Y02-00,PAHO
PERU,LORETO,DATEM DEL MARANON,"PERU, LORETO, DATEM DEL MARANON",PER,1011992,PE-LOR,,2023-10-22,,2023,2,Probable and confirmed,Admin2,Week,MOH-PER-20002023-Y02-00,PAHO
PERU,LORETO,ALTO AMAZONAS,"PERU, LORETO, ALTO AMAZONAS",PER,1011992,PE-LOR,,2023-10-29,2023-04-11,2023,20,Probable and confirmed,Admin2,Week,MOH-PER-20002023-Y02-00,PAHO
PERU,LORETO,DATEM DEL MARANON,"PERU, LORETO, DATEM DEL MARANON",PER,1011992,PE-LOR,,2023-10-29,2023-04-11,2023,2,Probable and confirmed,Admin2,Week,MOH-PER-20002023-Y02-00,PAHO
PERU,LORETO,ALTO AMAZONAS,"PERU, LORETO, ALTO AMAZONAS",PER,1011992,PE-LOR,,2023-11-05,2023-11-11,2023,41,Probable and confirmed,Admin2,Week,MOH-PER-20002023-Y02-00,PAHO
PERU,LORETO,DATEM DEL MARANON,"PERU, LORETO, DATEM DEL MARANON",PER,1011992,PE-LOR,,2023-11-05,2023-11-11,2023,6,Probable and confirmed,Admin2,Week,MOH-PER-20002023-Y02-00,PAHO
PERU,LORETO,ALTO AMAZONAS,"PERU, LORETO, ALTO AMAZONAS",PER,1011992,PE-LOR,,2023-11-12,,2023,23,Probable and confirmed,Admin2,Week,MOH-PER-20002023-Y02-00,PAHO
PERU,LORETO,DATEM DEL MARANON,"PERU, LORETO, DATEM DEL MARANON",PER,1011992,PE-LOR,,2023-11-12,,2023,5,Probable and confirmed,Admin2,Week,MOH-PER-20002023-Y02-00,PAHO
PERU,LORETO,ALTO AMAZONAS,"PERU, LORETO, ALTO AMAZONAS",PER,1011992,PE-LOR,,2023-11-19,,2023,18,Probable and confirmed,Admin2,Week,MOH-PER-20002023-Y02-00,PAHO
PERU,LORETO,DATEM DEL MARANON,"PERU, LORETO, DATEM DEL MARANON",PER,1011992,PE-LOR,,2023-11-19,,2023,3,Probable and confirmed,Admin2,Week,MOH-PER-20002023-Y02-00,PAHO
