date,precip_mean_mm,precip_min_cell_mm,precip_max_cell_mm,valid_grid_cells,source_zip,source_file,source_data_available,rain_day,week_start_date
2000-01-01,3.2505999999999995,0.0,19.49,100,maynas_persiann_cdr_2000_2011.zip,CDR_20000101z.asc,True,1.0,1999-12-26
2000-01-02,3.1853999999999996,0.0,11.94,100,maynas_persiann_cdr_2000_2011.zip,CDR_20000102z.asc,True,1.0,2000-01-02
2000-01-03,1.1637999999999997,0.0,6.42,100,maynas_persiann_cdr_2000_2011.zip,CDR_20000103z.asc,True,1.0,2000-01-02
2000-01-04,0.5755,0.0,4.01,100,maynas_persiann_cdr_2000_2011.zip,CDR_20000104z.asc,True,0.0,2000-01-02
2000-01-05,0.0,0.0,0.0,100,maynas_persiann_cdr_2000_2011.zip,CDR_20000105z.asc,True,0.0,2000-01-02
2000-01-06,4.879099999999999,0.0,16.11,100,maynas_persiann_cdr_2000_2011.zip,CDR_20000106z.asc,True,1.0,2000-01-02
2000-01-07,14.342100000000002,1.37,30.5,100,maynas_persiann_cdr_2000_2011.zip,CDR_20000107z.asc,True,1.0,2000-01-02
2000-01-08,11.6899,6.43,24.1,100,maynas_persiann_cdr_2000_2011.zip,CDR_20000108z.asc,True,1.0,2000-01-02
2000-01-09,1.3846999999999996,0.0,8.34,100,maynas_persiann_cdr_2000_2011.zip,CDR_20000109z.asc,True,1.0,2000-01-09
2000-01-10,6.7709,0.0,44.01,100,maynas_persiann_cdr_2000_2011.zip,CDR_20000110z.asc,True,1.0,2000-01-09
2000-01-11,8.3016,0.0,28.6,100,maynas_persiann_cdr_2000_2011.zip,CDR_20000111z.asc,True,1.0,2000-01-09
2000-01-12,4.4620999999999995,0.0,22.62,100,maynas_persiann_cdr_2000_2011.zip,CDR_20000112z.asc,True,1.0,2000-01-09
2000-01-13,2.9386,0.0,21.33,100,maynas_persiann_cdr_2000_2011.zip,CDR_20000113z.asc,True,1.0,2000-01-09
2000-01-14,1.6963000000000001,0.0,10.22,100,maynas_persiann_cdr_2000_2011.zip,CDR_20000114z.asc,True,1.0,2000-01-09
2000-01-15,0.5887,0.0,5.61,100,maynas_persiann_cdr_2000_2011.zip,CDR_20000115z.asc,True,0.0,2000-01-09
2000-01-16,0.7048999999999999,0.0,4.93,100,maynas_persiann_cdr_2000_2011.zip,CDR_20000116z.asc,True,0.0,2000-01-16
2000-01-17,0.0458,0.0,0.83,100,maynas_persiann_cdr_2000_2011.zip,CDR_20000117z.asc,True,0.0,2000-01-16
2000-01-18,10.0929,0.0,24.33,100,maynas_persiann_cdr_2000_2011.zip,CDR_20000118z.asc,True,1.0,2000-01-16
2000-01-19,9.0264,2.52,23.08,100,maynas_persiann_cdr_2000_2011.zip,CDR_20000119z.asc,True,1.0,2000-01-16
2000-01-20,8.9185,1.3,21.05,100,maynas_persiann_cdr_2000_2011.zip,CDR_20000120z.asc,True,1.0,2000-01-16
2000-01-21,3.915199999999999,0.0,13.86,100,maynas_persiann_cdr_2000_2011.zip,CDR_20000121z.asc,True,1.0,2000-01-16
2000-01-22,17.060999999999993,6.41,36.05,100,maynas_persiann_cdr_2000_2011.zip,CDR_20000122z.asc,True,1.0,2000-01-16
2000-01-23,10.0948,2.46,22.76,100,maynas_persiann_cdr_2000_2011.zip,CDR_20000123z.asc,True,1.0,2000-01-23
2000-01-24,7.3767,1.27,22.21,100,maynas_persiann_cdr_2000_2011.zip,CDR_20000124z.asc,True,1.0,2000-01-23
2000-01-25,4.058599999999999,0.0,16.93,100,maynas_persiann_cdr_2000_2011.zip,CDR_20000125z.asc,True,1.0,2000-01-23
2000-01-26,6.2784,0.0,23.11,100,maynas_persiann_cdr_2000_2011.zip,CDR_20000126z.asc,True,1.0,2000-01-23
2000-01-27,15.883200000000002,0.0,38.62,100,maynas_persiann_cdr_2000_2011.zip,CDR_20000127z.asc,True,1.0,2000-01-23
2000-01-28,9.074300000000001,1.06,31.17,100,maynas_persiann_cdr_2000_2011.zip,CDR_20000128z.asc,True,1.0,2000-01-23
2000-01-29,2.5269,0.0,12.76,100,maynas_persiann_cdr_2000_2011.zip,CDR_20000129z.asc,True,1.0,2000-01-23
2000-01-30,0.8598,0.0,4.67,100,maynas_persiann_cdr_2000_2011.zip,CDR_20000130z.asc,True,0.0,2000-01-30
2000-01-31,8.594299999999999,0.0,27.5,100,maynas_persiann_cdr_2000_2011.zip,CDR_20000131z.asc,True,1.0,2000-01-30
2000-02-01,1.8020000000000003,0.0,5.79,100,maynas_persiann_cdr_2000_2011.zip,CDR_20000201z.asc,True,1.0,2000-01-30
2000-02-02,12.190199999999999,1.61,38.76,100,maynas_persiann_cdr_2000_2011.zip,CDR_20000202z.asc,True,1.0,2000-01-30
2000-02-03,3.7478000000000002,0.0,23.79,100,maynas_persiann_cdr_2000_2011.zip,CDR_20000203z.asc,True,1.0,2000-01-30
2000-02-04,7.2138,0.0,27.19,100,maynas_persiann_cdr_2000_2011.zip,CDR_20000204z.asc,True,1.0,2000-01-30
2000-02-05,18.017500000000002,5.16,48.63,100,maynas_persiann_cdr_2000_2011.zip,CDR_20000205z.asc,True,1.0,2000-01-30
2000-02-06,9.7899,0.0,30.26,100,maynas_persiann_cdr_2000_2011.zip,CDR_20000206z.asc,True,1.0,2000-02-06
2000-02-07,3.1013999999999995,0.0,22.9,100,maynas_persiann_cdr_2000_2011.zip,CDR_20000207z.asc,True,1.0,2000-02-06
2000-02-08,5.4112,0.0,14.04,100,maynas_persiann_cdr_2000_2011.zip,CDR_20000208z.asc,True,1.0,2000-02-06
2000-02-09,1.5813,0.0,6.8,100,maynas_persiann_cdr_2000_2011.zip,CDR_20000209z.asc,True,1.0,2000-02-06
2000-02-10,0.9223999999999997,0.0,11.3,100,maynas_persiann_cdr_2000_2011.zip,CDR_20000210z.asc,True,0.0,2000-02-06
2000-02-11,0.1268,0.0,5.61,100,maynas_persiann_cdr_2000_2011.zip,CDR_20000211z.asc,True,0.0,2000-02-06
2000-02-12,2.2013,0.0,7.91,100,maynas_persiann_cdr_2000_2011.zip,CDR_20000212z.asc,True,1.0,2000-02-06
2000-02-13,0.1772,0.0,2.56,100,maynas_persiann_cdr_2000_2011.zip,CDR_20000213z.asc,True,0.0,2000-02-13
2000-02-14,0.35519999999999996,0.0,3.41,100,maynas_persiann_cdr_2000_2011.zip,CDR_20000214z.asc,True,0.0,2000-02-13
2000-02-15,6.521600000000001,1.68,24.53,100,maynas_persiann_cdr_2000_2011.zip,CDR_20000215z.asc,True,1.0,2000-02-13
2000-02-16,6.9096,0.77,19.83,100,maynas_persiann_cdr_2000_2011.zip,CDR_20000216z.asc,True,1.0,2000-02-13
2000-02-17,5.6481,0.0,16.74,100,maynas_persiann_cdr_2000_2011.zip,CDR_20000217z.asc,True,1.0,2000-02-13
2000-02-18,3.1384999999999996,0.0,18.08,100,maynas_persiann_cdr_2000_2011.zip,CDR_20000218z.asc,True,1.0,2000-02-13
2000-02-19,18.2234,1.02,50.12,100,maynas_persiann_cdr_2000_2011.zip,CDR_20000219z.asc,True,1.0,2000-02-13
2000-02-20,3.0871000000000004,0.0,14.5,100,maynas_persiann_cdr_2000_2011.zip,CDR_20000220z.asc,True,1.0,2000-02-20
2000-02-21,12.0143,0.0,36.52,100,maynas_persiann_cdr_2000_2011.zip,CDR_20000221z.asc,True,1.0,2000-02-20
2000-02-22,11.977500000000003,0.0,26.99,100,maynas_persiann_cdr_2000_2011.zip,CDR_20000222z.asc,True,1.0,2000-02-20
2000-02-23,13.745800000000001,0.69,35.09,100,maynas_persiann_cdr_2000_2011.zip,CDR_20000223z.asc,True,1.0,2000-02-20
2000-02-24,15.0077,0.86,50.66,100,maynas_persiann_cdr_2000_2011.zip,CDR_20000224z.asc,True,1.0,2000-02-20
2000-02-25,13.612899999999998,1.18,41.16,100,maynas_persiann_cdr_2000_2011.zip,CDR_20000225z.asc,True,1.0,2000-02-20
2000-02-26,23.836900000000004,4.38,69.63,100,maynas_persiann_cdr_2000_2011.zip,CDR_20000226z.asc,True,1.0,2000-02-20
2000-02-27,14.125200000000001,2.23,38.86,100,maynas_persiann_cdr_2000_2011.zip,CDR_20000227z.asc,True,1.0,2000-02-27
2000-02-28,20.6944,0.86,74.45,100,maynas_persiann_cdr_2000_2011.zip,CDR_20000228z.asc,True,1.0,2000-02-27
2000-02-29,26.279400000000006,6.18,61.86,100,maynas_persiann_cdr_2000_2011.zip,CDR_20000229z.asc,True,1.0,2000-02-27
2000-03-01,19.9977,5.17,40.59,100,maynas_persiann_cdr_2000_2011.zip,CDR_20000301z.asc,True,1.0,2000-02-27
2000-03-02,7.378000000000001,0.97,16.41,100,maynas_persiann_cdr_2000_2011.zip,CDR_20000302z.asc,True,1.0,2000-02-27
2000-03-03,7.104699999999999,1.45,24.57,100,maynas_persiann_cdr_2000_2011.zip,CDR_20000303z.asc,True,1.0,2000-02-27
2000-03-04,14.018400000000002,1.29,37.21,100,maynas_persiann_cdr_2000_2011.zip,CDR_20000304z.asc,True,1.0,2000-02-27
2000-03-05,18.618999999999996,7.86,37.36,100,maynas_persiann_cdr_2000_2011.zip,CDR_20000305z.asc,True,1.0,2000-03-05
2000-03-06,23.5881,8.53,56.74,100,maynas_persiann_cdr_2000_2011.zip,CDR_20000306z.asc,True,1.0,2000-03-05
2000-03-07,14.255099999999997,2.99,35.97,100,maynas_persiann_cdr_2000_2011.zip,CDR_20000307z.asc,True,1.0,2000-03-05
2000-03-08,6.4517999999999995,0.52,19.24,100,maynas_persiann_cdr_2000_2011.zip,CDR_20000308z.asc,True,1.0,2000-03-05
2000-03-09,13.412700000000003,2.27,26.56,100,maynas_persiann_cdr_2000_2011.zip,CDR_20000309z.asc,True,1.0,2000-03-05
2000-03-10,5.8239,0.59,17.66,100,maynas_persiann_cdr_2000_2011.zip,CDR_20000310z.asc,True,1.0,2000-03-05
2000-03-11,3.8301,0.0,16.29,100,maynas_persiann_cdr_2000_2011.zip,CDR_20000311z.asc,True,1.0,2000-03-05
2000-03-12,12.0527,2.9,27.98,100,maynas_persiann_cdr_2000_2011.zip,CDR_20000312z.asc,True,1.0,2000-03-12
2000-03-13,15.696499999999999,3.83,58.69,100,maynas_persiann_cdr_2000_2011.zip,CDR_20000313z.asc,True,1.0,2000-03-12
2000-03-14,18.7676,2.22,48.95,100,maynas_persiann_cdr_2000_2011.zip,CDR_20000314z.asc,True,1.0,2000-03-12
2000-03-15,16.687500000000004,0.9,43.8,100,maynas_persiann_cdr_2000_2011.zip,CDR_20000315z.asc,True,1.0,2000-03-12
2000-03-16,5.624199999999999,0.0,18.22,100,maynas_persiann_cdr_2000_2011.zip,CDR_20000316z.asc,True,1.0,2000-03-12
2000-03-17,4.081100000000001,0.0,17.68,100,maynas_persiann_cdr_2000_2011.zip,CDR_20000317z.asc,True,1.0,2000-03-12
2000-03-18,21.3724,4.05,41.22,100,maynas_persiann_cdr_2000_2011.zip,CDR_20000318z.asc,True,1.0,2000-03-12
2000-03-19,0.6118,0.0,4.39,100,maynas_persiann_cdr_2000_2011.zip,CDR_20000319z.asc,True,0.0,2000-03-19
2000-03-20,11.102800000000002,0.53,43.86,100,maynas_persiann_cdr_2000_2011.zip,CDR_20000320z.asc,True,1.0,2000-03-19
2000-03-21,6.538800000000001,0.0,33.29,100,maynas_persiann_cdr_2000_2011.zip,CDR_20000321z.asc,True,1.0,2000-03-19
2000-03-22,15.567600000000002,2.2,48.12,100,maynas_persiann_cdr_2000_2011.zip,CDR_20000322z.asc,True,1.0,2000-03-19
2000-03-23,6.8865,1.05,21.41,100,maynas_persiann_cdr_2000_2011.zip,CDR_20000323z.asc,True,1.0,2000-03-19
2000-03-24,5.636999999999998,0.0,41.16,100,maynas_persiann_cdr_2000_2011.zip,CDR_20000324z.asc,True,1.0,2000-03-19
2000-03-25,43.4035,14.95,66.56,100,maynas_persiann_cdr_2000_2011.zip,CDR_20000325z.asc,True,1.0,2000-03-19
2000-03-26,16.153299999999998,7.62,29.67,100,maynas_persiann_cdr_2000_2011.zip,CDR_20000326z.asc,True,1.0,2000-03-26
2000-03-27,7.3385,0.0,19.22,100,maynas_persiann_cdr_2000_2011.zip,CDR_20000327z.asc,True,1.0,2000-03-26
2000-03-28,15.962600000000002,0.92,41.43,100,maynas_persiann_cdr_2000_2011.zip,CDR_20000328z.asc,True,1.0,2000-03-26
2000-03-29,25.30539999999999,5.07,54.48,100,maynas_persiann_cdr_2000_2011.zip,CDR_20000329z.asc,True,1.0,2000-03-26
2000-03-30,5.918000000000001,0.81,19.08,100,maynas_persiann_cdr_2000_2011.zip,CDR_20000330z.asc,True,1.0,2000-03-26
2000-03-31,9.654100000000001,2.29,37.49,100,maynas_persiann_cdr_2000_2011.zip,CDR_20000331z.asc,True,1.0,2000-03-26
2000-04-01,16.823099999999997,3.1,61.85,100,maynas_persiann_cdr_2000_2011.zip,CDR_20000401z.asc,True,1.0,2000-03-26
2000-04-02,6.586600000000001,0.92,38.57,100,maynas_persiann_cdr_2000_2011.zip,CDR_20000402z.asc,True,1.0,2000-04-02
2000-04-03,4.2047,0.0,20.96,100,maynas_persiann_cdr_2000_2011.zip,CDR_20000403z.asc,True,1.0,2000-04-02
2000-04-04,1.5667000000000002,0.0,8.93,100,maynas_persiann_cdr_2000_2011.zip,CDR_20000404z.asc,True,1.0,2000-04-02
2000-04-05,20.3442,1.1,50.62,100,maynas_persiann_cdr_2000_2011.zip,CDR_20000405z.asc,True,1.0,2000-04-02
2000-04-06,16.805999999999997,0.0,64.65,100,maynas_persiann_cdr_2000_2011.zip,CDR_20000406z.asc,True,1.0,2000-04-02
2000-04-07,5.217099999999999,0.0,18.9,100,maynas_persiann_cdr_2000_2011.zip,CDR_20000407z.asc,True,1.0,2000-04-02
2000-04-08,5.013999999999999,0.0,25.75,100,maynas_persiann_cdr_2000_2011.zip,CDR_20000408z.asc,True,1.0,2000-04-02
2000-04-09,29.0467,1.0,72.6,100,maynas_persiann_cdr_2000_2011.zip,CDR_20000409z.asc,True,1.0,2000-04-09
2000-04-10,3.3426000000000005,0.0,15.16,100,maynas_persiann_cdr_2000_2011.zip,CDR_20000410z.asc,True,1.0,2000-04-09
2000-04-11,30.780299999999997,0.65,71.09,100,maynas_persiann_cdr_2000_2011.zip,CDR_20000411z.asc,True,1.0,2000-04-09
2000-04-12,2.952,0.0,10.9,100,maynas_persiann_cdr_2000_2011.zip,CDR_20000412z.asc,True,1.0,2000-04-09
2000-04-13,2.4131,0.0,11.32,100,maynas_persiann_cdr_2000_2011.zip,CDR_20000413z.asc,True,1.0,2000-04-09
2000-04-14,1.2338,0.0,13.34,100,maynas_persiann_cdr_2000_2011.zip,CDR_20000414z.asc,True,1.0,2000-04-09
2000-04-15,7.560299999999999,0.0,27.96,100,maynas_persiann_cdr_2000_2011.zip,CDR_20000415z.asc,True,1.0,2000-04-09
2000-04-16,33.34780000000001,15.42,84.09,100,maynas_persiann_cdr_2000_2011.zip,CDR_20000416z.asc,True,1.0,2000-04-16
2000-04-17,7.213699999999999,0.0,33.55,100,maynas_persiann_cdr_2000_2011.zip,CDR_20000417z.asc,True,1.0,2000-04-16
2000-04-18,2.0105,0.0,16.1,100,maynas_persiann_cdr_2000_2011.zip,CDR_20000418z.asc,True,1.0,2000-04-16
2000-04-19,12.6023,0.79,36.27,100,maynas_persiann_cdr_2000_2011.zip,CDR_20000419z.asc,True,1.0,2000-04-16
2000-04-20,29.853600000000007,13.61,55.64,100,maynas_persiann_cdr_2000_2011.zip,CDR_20000420z.asc,True,1.0,2000-04-16
2000-04-21,20.448600000000003,0.54,51.12,100,maynas_persiann_cdr_2000_2011.zip,CDR_20000421z.asc,True,1.0,2000-04-16
2000-04-22,3.5483999999999996,0.0,15.55,100,maynas_persiann_cdr_2000_2011.zip,CDR_20000422z.asc,True,1.0,2000-04-16
2000-04-23,16.0759,5.14,44.96,100,maynas_persiann_cdr_2000_2011.zip,CDR_20000423z.asc,True,1.0,2000-04-23
2000-04-24,8.208799999999998,1.56,40.31,100,maynas_persiann_cdr_2000_2011.zip,CDR_20000424z.asc,True,1.0,2000-04-23
2000-04-25,10.1865,0.0,25.52,100,maynas_persiann_cdr_2000_2011.zip,CDR_20000425z.asc,True,1.0,2000-04-23
2000-04-26,1.4141,0.0,12.22,100,maynas_persiann_cdr_2000_2011.zip,CDR_20000426z.asc,True,1.0,2000-04-23
2000-04-27,24.105999999999998,6.01,50.98,100,maynas_persiann_cdr_2000_2011.zip,CDR_20000427z.asc,True,1.0,2000-04-23
2000-04-28,2.8342999999999994,0.0,21.74,100,maynas_persiann_cdr_2000_2011.zip,CDR_20000428z.asc,True,1.0,2000-04-23
2000-04-29,7.728699999999999,0.0,39.18,100,maynas_persiann_cdr_2000_2011.zip,CDR_20000429z.asc,True,1.0,2000-04-23
2000-04-30,17.9064,0.66,60.14,100,maynas_persiann_cdr_2000_2011.zip,CDR_20000430z.asc,True,1.0,2000-04-30
2000-05-01,10.815999999999999,0.0,51.04,100,maynas_persiann_cdr_2000_2011.zip,CDR_20000501z.asc,True,1.0,2000-04-30
2000-05-02,15.449700000000002,2.8,56.22,100,maynas_persiann_cdr_2000_2011.zip,CDR_20000502z.asc,True,1.0,2000-04-30
2000-05-03,24.915000000000006,4.13,52.64,100,maynas_persiann_cdr_2000_2011.zip,CDR_20000503z.asc,True,1.0,2000-04-30
2000-05-04,18.4242,0.0,82.79,100,maynas_persiann_cdr_2000_2011.zip,CDR_20000504z.asc,True,1.0,2000-04-30
2000-05-05,11.920800000000003,0.0,52.27,100,maynas_persiann_cdr_2000_2011.zip,CDR_20000505z.asc,True,1.0,2000-04-30
2000-05-06,5.092700000000001,0.0,12.15,100,maynas_persiann_cdr_2000_2011.zip,CDR_20000506z.asc,True,1.0,2000-04-30
2000-05-07,16.482,2.77,53.19,100,maynas_persiann_cdr_2000_2011.zip,CDR_20000507z.asc,True,1.0,2000-05-07
2000-05-08,4.6512,0.0,28.16,100,maynas_persiann_cdr_2000_2011.zip,CDR_20000508z.asc,True,1.0,2000-05-07
2000-05-09,12.285,1.0,44.77,100,maynas_persiann_cdr_2000_2011.zip,CDR_20000509z.asc,True,1.0,2000-05-07
2000-05-10,3.8346000000000005,0.0,12.08,100,maynas_persiann_cdr_2000_2011.zip,CDR_20000510z.asc,True,1.0,2000-05-07
2000-05-11,9.0195,0.0,39.91,100,maynas_persiann_cdr_2000_2011.zip,CDR_20000511z.asc,True,1.0,2000-05-07
2000-05-12,10.7642,0.0,56.3,100,maynas_persiann_cdr_2000_2011.zip,CDR_20000512z.asc,True,1.0,2000-05-07
2000-05-13,6.6683,0.0,35.85,100,maynas_persiann_cdr_2000_2011.zip,CDR_20000513z.asc,True,1.0,2000-05-07
2000-05-14,40.2052,9.76,69.43,100,maynas_persiann_cdr_2000_2011.zip,CDR_20000514z.asc,True,1.0,2000-05-14
2000-05-15,6.086799999999999,0.0,39.77,100,maynas_persiann_cdr_2000_2011.zip,CDR_20000515z.asc,True,1.0,2000-05-14
2000-05-16,11.8028,1.53,42.4,100,maynas_persiann_cdr_2000_2011.zip,CDR_20000516z.asc,True,1.0,2000-05-14
2000-05-17,18.1414,0.0,53.0,100,maynas_persiann_cdr_2000_2011.zip,CDR_20000517z.asc,True,1.0,2000-05-14
2000-05-18,28.050700000000003,5.65,77.43,100,maynas_persiann_cdr_2000_2011.zip,CDR_20000518z.asc,True,1.0,2000-05-14
2000-05-19,10.110600000000002,0.0,54.16,100,maynas_persiann_cdr_2000_2011.zip,CDR_20000519z.asc,True,1.0,2000-05-14
2000-05-20,0.9836,0.0,8.06,100,maynas_persiann_cdr_2000_2011.zip,CDR_20000520z.asc,True,0.0,2000-05-14
2000-05-21,0.20829999999999999,0.0,7.28,100,maynas_persiann_cdr_2000_2011.zip,CDR_20000521z.asc,True,0.0,2000-05-21
2000-05-22,1.2414999999999998,0.0,13.25,100,maynas_persiann_cdr_2000_2011.zip,CDR_20000522z.asc,True,1.0,2000-05-21
2000-05-23,4.6912,0.0,18.33,100,maynas_persiann_cdr_2000_2011.zip,CDR_20000523z.asc,True,1.0,2000-05-21
2000-05-24,22.021699999999996,0.95,57.75,100,maynas_persiann_cdr_2000_2011.zip,CDR_20000524z.asc,True,1.0,2000-05-21
2000-05-25,11.9945,0.0,39.75,100,maynas_persiann_cdr_2000_2011.zip,CDR_20000525z.asc,True,1.0,2000-05-21
2000-05-26,1.4757,0.0,12.06,100,maynas_persiann_cdr_2000_2011.zip,CDR_20000526z.asc,True,1.0,2000-05-21
2000-05-27,14.662400000000002,0.0,75.62,100,maynas_persiann_cdr_2000_2011.zip,CDR_20000527z.asc,True,1.0,2000-05-21
2000-05-28,19.523400000000002,2.06,61.11,100,maynas_persiann_cdr_2000_2011.zip,CDR_20000528z.asc,True,1.0,2000-05-28
2000-05-29,3.891,0.0,42.58,100,maynas_persiann_cdr_2000_2011.zip,CDR_20000529z.asc,True,1.0,2000-05-28
2000-05-30,8.2942,0.0,30.5,100,maynas_persiann_cdr_2000_2011.zip,CDR_20000530z.asc,True,1.0,2000-05-28
2000-05-31,12.968399999999999,0.96,40.3,100,maynas_persiann_cdr_2000_2011.zip,CDR_20000531z.asc,True,1.0,2000-05-28
2000-06-01,20.724,1.97,46.91,100,maynas_persiann_cdr_2000_2011.zip,CDR_20000601z.asc,True,1.0,2000-05-28
2000-06-02,7.5478,0.0,36.43,100,maynas_persiann_cdr_2000_2011.zip,CDR_20000602z.asc,True,1.0,2000-05-28
2000-06-03,10.4409,0.0,32.18,100,maynas_persiann_cdr_2000_2011.zip,CDR_20000603z.asc,True,1.0,2000-05-28
2000-06-04,10.169799999999999,0.0,43.23,100,maynas_persiann_cdr_2000_2011.zip,CDR_20000604z.asc,True,1.0,2000-06-04
2000-06-05,18.1813,4.38,37.88,100,maynas_persiann_cdr_2000_2011.zip,CDR_20000605z.asc,True,1.0,2000-06-04
2000-06-06,3.8862,0.0,15.79,100,maynas_persiann_cdr_2000_2011.zip,CDR_20000606z.asc,True,1.0,2000-06-04
2000-06-07,7.060000000000001,0.0,38.38,100,maynas_persiann_cdr_2000_2011.zip,CDR_20000607z.asc,True,1.0,2000-06-04
2000-06-08,17.621199999999998,3.16,47.1,100,maynas_persiann_cdr_2000_2011.zip,CDR_20000608z.asc,True,1.0,2000-06-04
2000-06-09,8.3643,0.0,29.06,100,maynas_persiann_cdr_2000_2011.zip,CDR_20000609z.asc,True,1.0,2000-06-04
2000-06-10,9.1895,0.0,35.91,100,maynas_persiann_cdr_2000_2011.zip,CDR_20000610z.asc,True,1.0,2000-06-04
2000-06-11,10.0606,0.82,32.69,100,maynas_persiann_cdr_2000_2011.zip,CDR_20000611z.asc,True,1.0,2000-06-11
2000-06-12,5.754199999999998,0.0,20.51,100,maynas_persiann_cdr_2000_2011.zip,CDR_20000612z.asc,True,1.0,2000-06-11
2000-06-13,3.4450000000000007,0.0,15.23,100,maynas_persiann_cdr_2000_2011.zip,CDR_20000613z.asc,True,1.0,2000-06-11
2000-06-14,1.7637,0.0,17.82,100,maynas_persiann_cdr_2000_2011.zip,CDR_20000614z.asc,True,1.0,2000-06-11
2000-06-15,16.6574,4.59,41.91,100,maynas_persiann_cdr_2000_2011.zip,CDR_20000615z.asc,True,1.0,2000-06-11
2000-06-16,26.6268,8.31,72.75,100,maynas_persiann_cdr_2000_2011.zip,CDR_20000616z.asc,True,1.0,2000-06-11
2000-06-17,20.516099999999998,7.1,38.45,100,maynas_persiann_cdr_2000_2011.zip,CDR_20000617z.asc,True,1.0,2000-06-11
2000-06-18,5.2002,1.42,14.99,100,maynas_persiann_cdr_2000_2011.zip,CDR_20000618z.asc,True,1.0,2000-06-18
2000-06-19,4.0179,0.0,18.86,100,maynas_persiann_cdr_2000_2011.zip,CDR_20000619z.asc,True,1.0,2000-06-18
2000-06-20,4.863299999999999,0.0,18.97,100,maynas_persiann_cdr_2000_2011.zip,CDR_20000620z.asc,True,1.0,2000-06-18
2000-06-21,7.945099999999999,0.0,38.63,100,maynas_persiann_cdr_2000_2011.zip,CDR_20000621z.asc,True,1.0,2000-06-18
2000-06-22,3.0617999999999994,0.0,20.78,100,maynas_persiann_cdr_2000_2011.zip,CDR_20000622z.asc,True,1.0,2000-06-18
2000-06-23,2.2227,0.0,11.29,100,maynas_persiann_cdr_2000_2011.zip,CDR_20000623z.asc,True,1.0,2000-06-18
2000-06-24,0.7534000000000001,0.0,11.0,100,maynas_persiann_cdr_2000_2011.zip,CDR_20000624z.asc,True,0.0,2000-06-18
2000-06-25,23.335200000000004,0.0,73.13,100,maynas_persiann_cdr_2000_2011.zip,CDR_20000625z.asc,True,1.0,2000-06-25
2000-06-26,0.9793,0.0,11.21,100,maynas_persiann_cdr_2000_2011.zip,CDR_20000626z.asc,True,0.0,2000-06-25
2000-06-27,5.640599999999999,0.67,23.86,100,maynas_persiann_cdr_2000_2011.zip,CDR_20000627z.asc,True,1.0,2000-06-25
2000-06-28,3.2866000000000004,0.0,17.33,100,maynas_persiann_cdr_2000_2011.zip,CDR_20000628z.asc,True,1.0,2000-06-25
2000-06-29,7.066400000000001,0.0,32.85,100,maynas_persiann_cdr_2000_2011.zip,CDR_20000629z.asc,True,1.0,2000-06-25
2000-06-30,2.9219000000000004,0.0,35.12,100,maynas_persiann_cdr_2000_2011.zip,CDR_20000630z.asc,True,1.0,2000-06-25
2000-07-01,24.833900000000003,0.0,71.3,100,maynas_persiann_cdr_2000_2011.zip,CDR_20000701z.asc,True,1.0,2000-06-25
2000-07-02,28.913600000000002,7.69,62.18,100,maynas_persiann_cdr_2000_2011.zip,CDR_20000702z.asc,True,1.0,2000-07-02
2000-07-03,1.8312000000000004,0.0,17.34,100,maynas_persiann_cdr_2000_2011.zip,CDR_20000703z.asc,True,1.0,2000-07-02
2000-07-04,27.524900000000002,1.5,53.77,100,maynas_persiann_cdr_2000_2011.zip,CDR_20000704z.asc,True,1.0,2000-07-02
2000-07-05,2.0552000000000006,0.0,19.72,100,maynas_persiann_cdr_2000_2011.zip,CDR_20000705z.asc,True,1.0,2000-07-02
2000-07-06,6.9036,0.0,18.92,100,maynas_persiann_cdr_2000_2011.zip,CDR_20000706z.asc,True,1.0,2000-07-02
2000-07-07,1.7167,0.0,7.66,100,maynas_persiann_cdr_2000_2011.zip,CDR_20000707z.asc,True,1.0,2000-07-02
2000-07-08,4.9968,0.0,31.36,100,maynas_persiann_cdr_2000_2011.zip,CDR_20000708z.asc,True,1.0,2000-07-02
2000-07-09,7.293100000000001,0.0,25.18,100,maynas_persiann_cdr_2000_2011.zip,CDR_20000709z.asc,True,1.0,2000-07-09
2000-07-10,9.726799999999999,0.0,31.94,100,maynas_persiann_cdr_2000_2011.zip,CDR_20000710z.asc,True,1.0,2000-07-09
2000-07-11,9.9765,0.0,49.51,100,maynas_persiann_cdr_2000_2011.zip,CDR_20000711z.asc,True,1.0,2000-07-09
2000-07-12,8.9314,0.0,43.89,100,maynas_persiann_cdr_2000_2011.zip,CDR_20000712z.asc,True,1.0,2000-07-09
2000-07-13,18.4237,0.0,51.75,100,maynas_persiann_cdr_2000_2011.zip,CDR_20000713z.asc,True,1.0,2000-07-09
2000-07-14,0.5538000000000001,0.0,2.18,100,maynas_persiann_cdr_2000_2011.zip,CDR_20000714z.asc,True,0.0,2000-07-09
2000-07-15,0.0,0.0,0.0,100,maynas_persiann_cdr_2000_2011.zip,CDR_20000715z.asc,True,0.0,2000-07-09
2000-07-16,0.0,0.0,0.0,100,maynas_persiann_cdr_2000_2011.zip,CDR_20000716z.asc,True,0.0,2000-07-16
2000-07-17,0.0,0.0,0.0,100,maynas_persiann_cdr_2000_2011.zip,CDR_20000717z.asc,True,0.0,2000-07-16
2000-07-18,0.0,0.0,0.0,100,maynas_persiann_cdr_2000_2011.zip,CDR_20000718z.asc,True,0.0,2000-07-16
2000-07-19,2.0294,0.0,23.31,100,maynas_persiann_cdr_2000_2011.zip,CDR_20000719z.asc,True,1.0,2000-07-16
2000-07-20,49.1071,2.46,99.53,100,maynas_persiann_cdr_2000_2011.zip,CDR_20000720z.asc,True,1.0,2000-07-16
2000-07-21,8.633099999999999,0.0,32.72,100,maynas_persiann_cdr_2000_2011.zip,CDR_20000721z.asc,True,1.0,2000-07-16
2000-07-22,3.2942,0.0,21.87,100,maynas_persiann_cdr_2000_2011.zip,CDR_20000722z.asc,True,1.0,2000-07-16
2000-07-23,12.3835,0.0,96.84,100,maynas_persiann_cdr_2000_2011.zip,CDR_20000723z.asc,True,1.0,2000-07-23
2000-07-24,31.89,13.17,62.82,100,maynas_persiann_cdr_2000_2011.zip,CDR_20000724z.asc,True,1.0,2000-07-23
2000-07-25,7.195000000000001,0.0,39.17,100,maynas_persiann_cdr_2000_2011.zip,CDR_20000725z.asc,True,1.0,2000-07-23
2000-07-26,0.0,0.0,0.0,100,maynas_persiann_cdr_2000_2011.zip,CDR_20000726z.asc,True,0.0,2000-07-23
2000-07-27,0.018,0.0,0.97,100,maynas_persiann_cdr_2000_2011.zip,CDR_20000727z.asc,True,0.0,2000-07-23
2000-07-28,1.3958,0.0,13.75,100,maynas_persiann_cdr_2000_2011.zip,CDR_20000728z.asc,True,1.0,2000-07-23
2000-07-29,8.5648,0.0,37.5,100,maynas_persiann_cdr_2000_2011.zip,CDR_20000729z.asc,True,1.0,2000-07-23
2000-07-30,2.9690999999999996,0.0,11.18,100,maynas_persiann_cdr_2000_2011.zip,CDR_20000730z.asc,True,1.0,2000-07-30
2000-07-31,6.7029000000000005,0.0,26.91,100,maynas_persiann_cdr_2000_2011.zip,CDR_20000731z.asc,True,1.0,2000-07-30
2000-08-01,11.303500000000001,0.0,40.6,100,maynas_persiann_cdr_2000_2011.zip,CDR_20000801z.asc,True,1.0,2000-07-30
2000-08-02,6.354100000000001,0.0,37.6,100,maynas_persiann_cdr_2000_2011.zip,CDR_20000802z.asc,True,1.0,2000-07-30
2000-08-03,13.215300000000003,0.0,50.41,100,maynas_persiann_cdr_2000_2011.zip,CDR_20000803z.asc,True,1.0,2000-07-30
2000-08-04,45.964400000000005,14.32,91.02,100,maynas_persiann_cdr_2000_2011.zip,CDR_20000804z.asc,True,1.0,2000-07-30
2000-08-05,3.6225,0.0,13.93,100,maynas_persiann_cdr_2000_2011.zip,CDR_20000805z.asc,True,1.0,2000-07-30
2000-08-06,1.6976,0.0,9.88,100,maynas_persiann_cdr_2000_2011.zip,CDR_20000806z.asc,True,1.0,2000-08-06
2000-08-07,11.817399999999997,0.0,34.45,100,maynas_persiann_cdr_2000_2011.zip,CDR_20000807z.asc,True,1.0,2000-08-06
2000-08-08,16.3185,0.0,54.7,100,maynas_persiann_cdr_2000_2011.zip,CDR_20000808z.asc,True,1.0,2000-08-06
2000-08-09,11.618799999999998,0.0,40.39,100,maynas_persiann_cdr_2000_2011.zip,CDR_20000809z.asc,True,1.0,2000-08-06
2000-08-10,9.6962,1.36,25.58,100,maynas_persiann_cdr_2000_2011.zip,CDR_20000810z.asc,True,1.0,2000-08-06
2000-08-11,0.9403999999999999,0.0,6.04,100,maynas_persiann_cdr_2000_2011.zip,CDR_20000811z.asc,True,0.0,2000-08-06
2000-08-12,1.0559,0.0,7.41,100,maynas_persiann_cdr_2000_2011.zip,CDR_20000812z.asc,True,1.0,2000-08-06
2000-08-13,1.1056,0.0,10.3,100,maynas_persiann_cdr_2000_2011.zip,CDR_20000813z.asc,True,1.0,2000-08-13
2000-08-14,1.4767,0.0,10.58,100,maynas_persiann_cdr_2000_2011.zip,CDR_20000814z.asc,True,1.0,2000-08-13
2000-08-15,0.0,0.0,0.0,100,maynas_persiann_cdr_2000_2011.zip,CDR_20000815z.asc,True,0.0,2000-08-13
2000-08-16,1.8353,0.0,19.26,100,maynas_persiann_cdr_2000_2011.zip,CDR_20000816z.asc,True,1.0,2000-08-13
2000-08-17,9.246599999999999,0.0,20.97,100,maynas_persiann_cdr_2000_2011.zip,CDR_20000817z.asc,True,1.0,2000-08-13
2000-08-18,9.8298,0.0,24.02,100,maynas_persiann_cdr_2000_2011.zip,CDR_20000818z.asc,True,1.0,2000-08-13
2000-08-19,16.4558,3.68,46.66,100,maynas_persiann_cdr_2000_2011.zip,CDR_20000819z.asc,True,1.0,2000-08-13
2000-08-20,16.5595,1.02,68.39,100,maynas_persiann_cdr_2000_2011.zip,CDR_20000820z.asc,True,1.0,2000-08-20
2000-08-21,3.1734000000000004,0.0,15.52,100,maynas_persiann_cdr_2000_2011.zip,CDR_20000821z.asc,True,1.0,2000-08-20
2000-08-22,3.3011,0.0,17.5,100,maynas_persiann_cdr_2000_2011.zip,CDR_20000822z.asc,True,1.0,2000-08-20
2000-08-23,3.0632,0.0,23.19,100,maynas_persiann_cdr_2000_2011.zip,CDR_20000823z.asc,True,1.0,2000-08-20
2000-08-24,8.353000000000002,0.0,26.98,100,maynas_persiann_cdr_2000_2011.zip,CDR_20000824z.asc,True,1.0,2000-08-20
2000-08-25,14.461000000000002,0.0,54.89,100,maynas_persiann_cdr_2000_2011.zip,CDR_20000825z.asc,True,1.0,2000-08-20
2000-08-26,9.3999,0.82,28.57,100,maynas_persiann_cdr_2000_2011.zip,CDR_20000826z.asc,True,1.0,2000-08-20
2000-08-27,4.0073,0.0,20.76,100,maynas_persiann_cdr_2000_2011.zip,CDR_20000827z.asc,True,1.0,2000-08-27
2000-08-28,6.2564,0.0,26.3,100,maynas_persiann_cdr_2000_2011.zip,CDR_20000828z.asc,True,1.0,2000-08-27
2000-08-29,0.3218,0.0,4.99,100,maynas_persiann_cdr_2000_2011.zip,CDR_20000829z.asc,True,0.0,2000-08-27
2000-08-30,5.9848,0.0,35.12,100,maynas_persiann_cdr_2000_2011.zip,CDR_20000830z.asc,True,1.0,2000-08-27
2000-08-31,2.9959,0.0,15.12,100,maynas_persiann_cdr_2000_2011.zip,CDR_20000831z.asc,True,1.0,2000-08-27
2000-09-01,3.6691999999999996,0.0,16.16,100,maynas_persiann_cdr_2000_2011.zip,CDR_20000901z.asc,True,1.0,2000-08-27
2000-09-02,0.0131,0.0,0.73,100,maynas_persiann_cdr_2000_2011.zip,CDR_20000902z.asc,True,0.0,2000-08-27
2000-09-03,10.831399999999999,0.78,29.6,100,maynas_persiann_cdr_2000_2011.zip,CDR_20000903z.asc,True,1.0,2000-09-03
2000-09-04,16.2063,1.59,37.63,100,maynas_persiann_cdr_2000_2011.zip,CDR_20000904z.asc,True,1.0,2000-09-03
2000-09-05,3.6995,0.0,16.76,100,maynas_persiann_cdr_2000_2011.zip,CDR_20000905z.asc,True,1.0,2000-09-03
2000-09-06,2.099,0.0,8.05,100,maynas_persiann_cdr_2000_2011.zip,CDR_20000906z.asc,True,1.0,2000-09-03
2000-09-07,2.6588000000000007,0.0,11.71,100,maynas_persiann_cdr_2000_2011.zip,CDR_20000907z.asc,True,1.0,2000-09-03
2000-09-08,10.899000000000001,0.0,38.54,100,maynas_persiann_cdr_2000_2011.zip,CDR_20000908z.asc,True,1.0,2000-09-03
2000-09-09,12.127399999999998,1.64,33.61,100,maynas_persiann_cdr_2000_2011.zip,CDR_20000909z.asc,True,1.0,2000-09-03
2000-09-10,2.1849,0.0,13.29,100,maynas_persiann_cdr_2000_2011.zip,CDR_20000910z.asc,True,1.0,2000-09-10
2000-09-11,6.4007000000000005,0.0,23.12,100,maynas_persiann_cdr_2000_2011.zip,CDR_20000911z.asc,True,1.0,2000-09-10
2000-09-12,7.117000000000001,0.0,20.69,100,maynas_persiann_cdr_2000_2011.zip,CDR_20000912z.asc,True,1.0,2000-09-10
2000-09-13,11.5121,1.58,45.51,100,maynas_persiann_cdr_2000_2011.zip,CDR_20000913z.asc,True,1.0,2000-09-10
2000-09-14,21.454700000000006,5.78,42.61,100,maynas_persiann_cdr_2000_2011.zip,CDR_20000914z.asc,True,1.0,2000-09-10
2000-09-15,10.5594,0.0,46.42,100,maynas_persiann_cdr_2000_2011.zip,CDR_20000915z.asc,True,1.0,2000-09-10
2000-09-16,11.0285,3.65,28.08,100,maynas_persiann_cdr_2000_2011.zip,CDR_20000916z.asc,True,1.0,2000-09-10
2000-09-17,12.022400000000003,0.69,39.19,100,maynas_persiann_cdr_2000_2011.zip,CDR_20000917z.asc,True,1.0,2000-09-17
2000-09-18,1.2823000000000002,0.0,15.07,100,maynas_persiann_cdr_2000_2011.zip,CDR_20000918z.asc,True,1.0,2000-09-17
2000-09-19,3.7758000000000003,0.0,20.98,100,maynas_persiann_cdr_2000_2011.zip,CDR_20000919z.asc,True,1.0,2000-09-17
2000-09-20,10.475700000000002,0.75,32.6,100,maynas_persiann_cdr_2000_2011.zip,CDR_20000920z.asc,True,1.0,2000-09-17
2000-09-21,12.6919,0.77,35.59,100,maynas_persiann_cdr_2000_2011.zip,CDR_20000921z.asc,True,1.0,2000-09-17
2000-09-22,5.3687000000000005,0.0,22.95,100,maynas_persiann_cdr_2000_2011.zip,CDR_20000922z.asc,True,1.0,2000-09-17
2000-09-23,32.4229,11.92,56.74,100,maynas_persiann_cdr_2000_2011.zip,CDR_20000923z.asc,True,1.0,2000-09-17
2000-09-24,9.536,0.79,33.7,100,maynas_persiann_cdr_2000_2011.zip,CDR_20000924z.asc,True,1.0,2000-09-24
2000-09-25,28.715700000000002,7.13,62.89,100,maynas_persiann_cdr_2000_2011.zip,CDR_20000925z.asc,True,1.0,2000-09-24
2000-09-26,21.8946,9.63,35.22,100,maynas_persiann_cdr_2000_2011.zip,CDR_20000926z.asc,True,1.0,2000-09-24
2000-09-27,1.5511,0.0,3.58,100,maynas_persiann_cdr_2000_2011.zip,CDR_20000927z.asc,True,1.0,2000-09-24
2000-09-28,0.3466,0.0,2.65,100,maynas_persiann_cdr_2000_2011.zip,CDR_20000928z.asc,True,0.0,2000-09-24
2000-09-29,6.8614999999999995,0.0,29.86,100,maynas_persiann_cdr_2000_2011.zip,CDR_20000929z.asc,True,1.0,2000-09-24
2000-09-30,9.6544,0.0,34.55,100,maynas_persiann_cdr_2000_2011.zip,CDR_20000930z.asc,True,1.0,2000-09-24
2000-10-01,0.9854000000000002,0.0,6.71,100,maynas_persiann_cdr_2000_2011.zip,CDR_20001001z.asc,True,0.0,2000-10-01
2000-10-02,2.1278,0.0,10.86,100,maynas_persiann_cdr_2000_2011.zip,CDR_20001002z.asc,True,1.0,2000-10-01
2000-10-03,2.5262000000000002,0.0,13.62,100,maynas_persiann_cdr_2000_2011.zip,CDR_20001003z.asc,True,1.0,2000-10-01
2000-10-04,5.142799999999999,0.0,22.59,100,maynas_persiann_cdr_2000_2011.zip,CDR_20001004z.asc,True,1.0,2000-10-01
2000-10-05,5.5087,0.0,17.59,100,maynas_persiann_cdr_2000_2011.zip,CDR_20001005z.asc,True,1.0,2000-10-01
2000-10-06,8.3973,0.0,26.74,100,maynas_persiann_cdr_2000_2011.zip,CDR_20001006z.asc,True,1.0,2000-10-01
2000-10-07,7.269500000000001,0.0,26.85,100,maynas_persiann_cdr_2000_2011.zip,CDR_20001007z.asc,True,1.0,2000-10-01
2000-10-08,16.000600000000002,0.61,35.7,100,maynas_persiann_cdr_2000_2011.zip,CDR_20001008z.asc,True,1.0,2000-10-08
2000-10-09,3.736,0.0,13.6,100,maynas_persiann_cdr_2000_2011.zip,CDR_20001009z.asc,True,1.0,2000-10-08
2000-10-10,1.9028,0.0,12.05,100,maynas_persiann_cdr_2000_2011.zip,CDR_20001010z.asc,True,1.0,2000-10-08
2000-10-11,1.2945,0.0,14.29,100,maynas_persiann_cdr_2000_2011.zip,CDR_20001011z.asc,True,1.0,2000-10-08
2000-10-12,2.7436000000000003,0.0,14.91,100,maynas_persiann_cdr_2000_2011.zip,CDR_20001012z.asc,True,1.0,2000-10-08
2000-10-13,0.20879999999999999,0.0,2.91,100,maynas_persiann_cdr_2000_2011.zip,CDR_20001013z.asc,True,0.0,2000-10-08
2000-10-14,12.597700000000001,1.57,30.58,100,maynas_persiann_cdr_2000_2011.zip,CDR_20001014z.asc,True,1.0,2000-10-08
2000-10-15,4.4936,0.0,24.46,100,maynas_persiann_cdr_2000_2011.zip,CDR_20001015z.asc,True,1.0,2000-10-15
2000-10-16,6.499999999999999,0.0,24.18,100,maynas_persiann_cdr_2000_2011.zip,CDR_20001016z.asc,True,1.0,2000-10-15
2000-10-17,1.2952000000000001,0.0,7.13,100,maynas_persiann_cdr_2000_2011.zip,CDR_20001017z.asc,True,1.0,2000-10-15
2000-10-18,5.874599999999999,0.0,22.74,100,maynas_persiann_cdr_2000_2011.zip,CDR_20001018z.asc,True,1.0,2000-10-15
2000-10-19,5.339600000000001,0.0,26.45,100,maynas_persiann_cdr_2000_2011.zip,CDR_20001019z.asc,True,1.0,2000-10-15
2000-10-20,17.1662,0.0,51.34,100,maynas_persiann_cdr_2000_2011.zip,CDR_20001020z.asc,True,1.0,2000-10-15
2000-10-21,5.8427999999999995,0.0,26.99,100,maynas_persiann_cdr_2000_2011.zip,CDR_20001021z.asc,True,1.0,2000-10-15
2000-10-22,1.1283999999999998,0.0,6.39,100,maynas_persiann_cdr_2000_2011.zip,CDR_20001022z.asc,True,1.0,2000-10-22
2000-10-23,0.7157000000000001,0.0,11.3,100,maynas_persiann_cdr_2000_2011.zip,CDR_20001023z.asc,True,0.0,2000-10-22
2000-10-24,3.0055,0.0,13.77,100,maynas_persiann_cdr_2000_2011.zip,CDR_20001024z.asc,True,1.0,2000-10-22
2000-10-25,14.426999999999998,0.0,34.59,100,maynas_persiann_cdr_2000_2011.zip,CDR_20001025z.asc,True,1.0,2000-10-22
2000-10-26,20.3848,6.22,47.23,100,maynas_persiann_cdr_2000_2011.zip,CDR_20001026z.asc,True,1.0,2000-10-22
2000-10-27,10.8848,1.81,30.54,100,maynas_persiann_cdr_2000_2011.zip,CDR_20001027z.asc,True,1.0,2000-10-22
2000-10-28,1.2478,0.0,8.67,100,maynas_persiann_cdr_2000_2011.zip,CDR_20001028z.asc,True,1.0,2000-10-22
2000-10-29,3.8337,0.0,16.25,100,maynas_persiann_cdr_2000_2011.zip,CDR_20001029z.asc,True,1.0,2000-10-29
2000-10-30,24.950799999999994,8.92,51.94,100,maynas_persiann_cdr_2000_2011.zip,CDR_20001030z.asc,True,1.0,2000-10-29
2000-10-31,1.275,0.0,5.44,100,maynas_persiann_cdr_2000_2011.zip,CDR_20001031z.asc,True,1.0,2000-10-29
2000-11-01,3.7716000000000003,0.0,16.44,100,maynas_persiann_cdr_2000_2011.zip,CDR_20001101z.asc,True,1.0,2000-10-29
2000-11-02,8.8746,0.0,20.12,100,maynas_persiann_cdr_2000_2011.zip,CDR_20001102z.asc,True,1.0,2000-10-29
2000-11-03,8.2307,1.29,20.53,100,maynas_persiann_cdr_2000_2011.zip,CDR_20001103z.asc,True,1.0,2000-10-29
2000-11-04,4.822100000000001,0.0,20.44,100,maynas_persiann_cdr_2000_2011.zip,CDR_20001104z.asc,True,1.0,2000-10-29
2000-11-05,9.540999999999999,1.34,22.49,100,maynas_persiann_cdr_2000_2011.zip,CDR_20001105z.asc,True,1.0,2000-11-05
2000-11-06,6.6996,0.99,18.54,100,maynas_persiann_cdr_2000_2011.zip,CDR_20001106z.asc,True,1.0,2000-11-05
2000-11-07,7.849999999999999,1.27,17.29,100,maynas_persiann_cdr_2000_2011.zip,CDR_20001107z.asc,True,1.0,2000-11-05
2000-11-08,8.374699999999999,0.88,24.79,100,maynas_persiann_cdr_2000_2011.zip,CDR_20001108z.asc,True,1.0,2000-11-05
2000-11-09,2.0623,0.4,4.52,100,maynas_persiann_cdr_2000_2011.zip,CDR_20001109z.asc,True,1.0,2000-11-05
2000-11-10,0.0274,0.0,0.9,100,maynas_persiann_cdr_2000_2011.zip,CDR_20001110z.asc,True,0.0,2000-11-05
2000-11-11,2.7706,0.42,9.89,100,maynas_persiann_cdr_2000_2011.zip,CDR_20001111z.asc,True,1.0,2000-11-05
2000-11-12,1.9666000000000003,0.0,9.44,100,maynas_persiann_cdr_2000_2011.zip,CDR_20001112z.asc,True,1.0,2000-11-12
2000-11-13,0.07250000000000001,0.0,1.61,100,maynas_persiann_cdr_2000_2011.zip,CDR_20001113z.asc,True,0.0,2000-11-12
2000-11-14,0.0917,0.0,0.98,100,maynas_persiann_cdr_2000_2011.zip,CDR_20001114z.asc,True,0.0,2000-11-12
2000-11-15,8.759300000000001,0.0,30.62,100,maynas_persiann_cdr_2000_2011.zip,CDR_20001115z.asc,True,1.0,2000-11-12
2000-11-16,17.597899999999996,5.0,44.51,100,maynas_persiann_cdr_2000_2011.zip,CDR_20001116z.asc,True,1.0,2000-11-12
2000-11-17,16.2634,8.14,23.79,100,maynas_persiann_cdr_2000_2011.zip,CDR_20001117z.asc,True,1.0,2000-11-12
2000-11-18,1.4780000000000004,0.0,10.42,100,maynas_persiann_cdr_2000_2011.zip,CDR_20001118z.asc,True,1.0,2000-11-12
2000-11-19,0.6449000000000001,0.0,7.53,100,maynas_persiann_cdr_2000_2011.zip,CDR_20001119z.asc,True,0.0,2000-11-19
2000-11-20,1.5339,0.0,13.88,100,maynas_persiann_cdr_2000_2011.zip,CDR_20001120z.asc,True,1.0,2000-11-19
2000-11-21,3.165,0.0,8.84,100,maynas_persiann_cdr_2000_2011.zip,CDR_20001121z.asc,True,1.0,2000-11-19
2000-11-22,3.1031999999999997,0.0,8.91,100,maynas_persiann_cdr_2000_2011.zip,CDR_20001122z.asc,True,1.0,2000-11-19
2000-11-23,5.2798,0.77,18.33,100,maynas_persiann_cdr_2000_2011.zip,CDR_20001123z.asc,True,1.0,2000-11-19
2000-11-24,6.170799999999999,0.49,19.49,100,maynas_persiann_cdr_2000_2011.zip,CDR_20001124z.asc,True,1.0,2000-11-19
2000-11-25,0.9886000000000001,0.0,6.92,100,maynas_persiann_cdr_2000_2011.zip,CDR_20001125z.asc,True,0.0,2000-11-19
2000-11-26,1.6516000000000002,0.0,10.4,100,maynas_persiann_cdr_2000_2011.zip,CDR_20001126z.asc,True,1.0,2000-11-26
2000-11-27,2.7446,0.0,9.27,100,maynas_persiann_cdr_2000_2011.zip,CDR_20001127z.asc,True,1.0,2000-11-26
2000-11-28,5.7103,0.0,20.62,100,maynas_persiann_cdr_2000_2011.zip,CDR_20001128z.asc,True,1.0,2000-11-26
2000-11-29,6.636400000000001,1.15,19.26,100,maynas_persiann_cdr_2000_2011.zip,CDR_20001129z.asc,True,1.0,2000-11-26
2000-11-30,7.2246000000000015,2.2,19.32,100,maynas_persiann_cdr_2000_2011.zip,CDR_20001130z.asc,True,1.0,2000-11-26
2000-12-01,10.8507,0.0,40.71,100,maynas_persiann_cdr_2000_2011.zip,CDR_20001201z.asc,True,1.0,2000-11-26
2000-12-02,7.864300000000001,0.0,42.11,100,maynas_persiann_cdr_2000_2011.zip,CDR_20001202z.asc,True,1.0,2000-11-26
2000-12-03,1.8092000000000001,0.0,13.07,100,maynas_persiann_cdr_2000_2011.zip,CDR_20001203z.asc,True,1.0,2000-12-03
2000-12-04,6.2029,0.0,26.26,100,maynas_persiann_cdr_2000_2011.zip,CDR_20001204z.asc,True,1.0,2000-12-03
2000-12-05,8.5089,0.0,39.71,100,maynas_persiann_cdr_2000_2011.zip,CDR_20001205z.asc,True,1.0,2000-12-03
2000-12-06,12.422099999999999,1.3,38.41,100,maynas_persiann_cdr_2000_2011.zip,CDR_20001206z.asc,True,1.0,2000-12-03
2000-12-07,28.3024,1.77,78.94,100,maynas_persiann_cdr_2000_2011.zip,CDR_20001207z.asc,True,1.0,2000-12-03
2000-12-08,10.9736,0.0,34.82,100,maynas_persiann_cdr_2000_2011.zip,CDR_20001208z.asc,True,1.0,2000-12-03
2000-12-09,9.1011,0.0,43.4,100,maynas_persiann_cdr_2000_2011.zip,CDR_20001209z.asc,True,1.0,2000-12-03
2000-12-10,10.0822,0.0,30.12,100,maynas_persiann_cdr_2000_2011.zip,CDR_20001210z.asc,True,1.0,2000-12-10
2000-12-11,4.1295,0.0,32.73,100,maynas_persiann_cdr_2000_2011.zip,CDR_20001211z.asc,True,1.0,2000-12-10
2000-12-12,2.2186999999999997,0.0,15.09,100,maynas_persiann_cdr_2000_2011.zip,CDR_20001212z.asc,True,1.0,2000-12-10
2000-12-13,2.8413999999999997,0.0,13.06,100,maynas_persiann_cdr_2000_2011.zip,CDR_20001213z.asc,True,1.0,2000-12-10
2000-12-14,0.0441,0.0,0.74,100,maynas_persiann_cdr_2000_2011.zip,CDR_20001214z.asc,True,0.0,2000-12-10
2000-12-15,0.0368,0.0,0.84,100,maynas_persiann_cdr_2000_2011.zip,CDR_20001215z.asc,True,0.0,2000-12-10
2000-12-16,0.18880000000000002,0.0,1.41,100,maynas_persiann_cdr_2000_2011.zip,CDR_20001216z.asc,True,0.0,2000-12-10
2000-12-17,0.0,0.0,0.0,100,maynas_persiann_cdr_2000_2011.zip,CDR_20001217z.asc,True,0.0,2000-12-17
2000-12-18,0.1103,0.0,1.62,100,maynas_persiann_cdr_2000_2011.zip,CDR_20001218z.asc,True,0.0,2000-12-17
2000-12-19,0.2028,0.0,2.76,100,maynas_persiann_cdr_2000_2011.zip,CDR_20001219z.asc,True,0.0,2000-12-17
2000-12-20,4.2935,0.0,21.77,100,maynas_persiann_cdr_2000_2011.zip,CDR_20001220z.asc,True,1.0,2000-12-17
2000-12-21,1.6906,0.0,11.2,100,maynas_persiann_cdr_2000_2011.zip,CDR_20001221z.asc,True,1.0,2000-12-17
2000-12-22,2.165,0.0,24.3,100,maynas_persiann_cdr_2000_2011.zip,CDR_20001222z.asc,True,1.0,2000-12-17
2000-12-23,8.409,0.0,35.48,100,maynas_persiann_cdr_2000_2011.zip,CDR_20001223z.asc,True,1.0,2000-12-17
2000-12-24,22.677,1.12,58.82,100,maynas_persiann_cdr_2000_2011.zip,CDR_20001224z.asc,True,1.0,2000-12-24
2000-12-25,8.303199999999999,0.0,21.25,100,maynas_persiann_cdr_2000_2011.zip,CDR_20001225z.asc,True,1.0,2000-12-24
2000-12-26,11.760099999999998,0.0,33.13,100,maynas_persiann_cdr_2000_2011.zip,CDR_20001226z.asc,True,1.0,2000-12-24
2000-12-27,14.9956,2.41,50.17,100,maynas_persiann_cdr_2000_2011.zip,CDR_20001227z.asc,True,1.0,2000-12-24
2000-12-28,41.96900000000001,17.71,94.81,100,maynas_persiann_cdr_2000_2011.zip,CDR_20001228z.asc,True,1.0,2000-12-24
2000-12-29,29.816800000000004,7.43,52.14,100,maynas_persiann_cdr_2000_2011.zip,CDR_20001229z.asc,True,1.0,2000-12-24
2000-12-30,9.6968,0.0,34.23,100,maynas_persiann_cdr_2000_2011.zip,CDR_20001230z.asc,True,1.0,2000-12-24
2000-12-31,8.9355,1.21,24.37,100,maynas_persiann_cdr_2000_2011.zip,CDR_20001231z.asc,True,1.0,2000-12-31
2001-01-01,19.101000000000003,2.52,47.44,100,maynas_persiann_cdr_2000_2011.zip,CDR_20010101z.asc,True,1.0,2000-12-31
2001-01-02,4.409199999999999,0.74,8.61,100,maynas_persiann_cdr_2000_2011.zip,CDR_20010102z.asc,True,1.0,2000-12-31
2001-01-03,5.422299999999999,0.0,21.61,100,maynas_persiann_cdr_2000_2011.zip,CDR_20010103z.asc,True,1.0,2000-12-31
2001-01-04,2.5814,0.0,16.42,100,maynas_persiann_cdr_2000_2011.zip,CDR_20010104z.asc,True,1.0,2000-12-31
2001-01-05,10.367899999999999,0.0,37.22,100,maynas_persiann_cdr_2000_2011.zip,CDR_20010105z.asc,True,1.0,2000-12-31
2001-01-06,25.446400000000004,0.0,50.23,100,maynas_persiann_cdr_2000_2011.zip,CDR_20010106z.asc,True,1.0,2000-12-31
2001-01-07,25.115,0.0,65.62,100,maynas_persiann_cdr_2000_2011.zip,CDR_20010107z.asc,True,1.0,2001-01-07
2001-01-08,16.914299999999997,3.87,60.79,100,maynas_persiann_cdr_2000_2011.zip,CDR_20010108z.asc,True,1.0,2001-01-07
2001-01-09,21.298399999999997,0.67,58.51,100,maynas_persiann_cdr_2000_2011.zip,CDR_20010109z.asc,True,1.0,2001-01-07
2001-01-10,8.6871,0.0,29.78,100,maynas_persiann_cdr_2000_2011.zip,CDR_20010110z.asc,True,1.0,2001-01-07
2001-01-11,8.4784,0.0,46.26,100,maynas_persiann_cdr_2000_2011.zip,CDR_20010111z.asc,True,1.0,2001-01-07
2001-01-12,9.352099999999998,0.0,38.18,100,maynas_persiann_cdr_2000_2011.zip,CDR_20010112z.asc,True,1.0,2001-01-07
2001-01-13,4.189399999999999,0.0,19.85,100,maynas_persiann_cdr_2000_2011.zip,CDR_20010113z.asc,True,1.0,2001-01-07
2001-01-14,25.054200000000005,3.59,57.66,100,maynas_persiann_cdr_2000_2011.zip,CDR_20010114z.asc,True,1.0,2001-01-14
2001-01-15,19.2104,5.61,46.74,100,maynas_persiann_cdr_2000_2011.zip,CDR_20010115z.asc,True,1.0,2001-01-14
2001-01-16,12.928100000000002,1.58,54.44,100,maynas_persiann_cdr_2000_2011.zip,CDR_20010116z.asc,True,1.0,2001-01-14
2001-01-17,6.635299999999998,0.83,52.08,100,maynas_persiann_cdr_2000_2011.zip,CDR_20010117z.asc,True,1.0,2001-01-14
2001-01-18,11.7333,1.63,30.26,100,maynas_persiann_cdr_2000_2011.zip,CDR_20010118z.asc,True,1.0,2001-01-14
2001-01-19,10.191500000000001,0.0,36.87,100,maynas_persiann_cdr_2000_2011.zip,CDR_20010119z.asc,True,1.0,2001-01-14
2001-01-20,4.978200000000001,0.74,10.65,100,maynas_persiann_cdr_2000_2011.zip,CDR_20010120z.asc,True,1.0,2001-01-14
2001-01-21,14.639199999999999,3.06,31.6,100,maynas_persiann_cdr_2000_2011.zip,CDR_20010121z.asc,True,1.0,2001-01-21
2001-01-22,3.8555999999999995,0.0,18.24,100,maynas_persiann_cdr_2000_2011.zip,CDR_20010122z.asc,True,1.0,2001-01-21
2001-01-23,2.3667000000000002,0.0,14.79,100,maynas_persiann_cdr_2000_2011.zip,CDR_20010123z.asc,True,1.0,2001-01-21
2001-01-24,14.442199999999998,1.12,49.45,100,maynas_persiann_cdr_2000_2011.zip,CDR_20010124z.asc,True,1.0,2001-01-21
2001-01-25,14.550299999999998,5.9,44.41,100,maynas_persiann_cdr_2000_2011.zip,CDR_20010125z.asc,True,1.0,2001-01-21
2001-01-26,8.043399999999998,0.0,29.34,100,maynas_persiann_cdr_2000_2011.zip,CDR_20010126z.asc,True,1.0,2001-01-21
2001-01-27,12.478299999999999,1.74,51.76,100,maynas_persiann_cdr_2000_2011.zip,CDR_20010127z.asc,True,1.0,2001-01-21
2001-01-28,15.629499999999998,0.78,61.23,100,maynas_persiann_cdr_2000_2011.zip,CDR_20010128z.asc,True,1.0,2001-01-28
2001-01-29,2.8745999999999996,0.0,14.23,100,maynas_persiann_cdr_2000_2011.zip,CDR_20010129z.asc,True,1.0,2001-01-28
2001-01-30,15.287799999999999,1.03,55.26,100,maynas_persiann_cdr_2000_2011.zip,CDR_20010130z.asc,True,1.0,2001-01-28
2001-01-31,1.3764999999999998,0.0,8.27,100,maynas_persiann_cdr_2000_2011.zip,CDR_20010131z.asc,True,1.0,2001-01-28
2001-02-01,0.8149,0.0,6.22,100,maynas_persiann_cdr_2000_2011.zip,CDR_20010201z.asc,True,0.0,2001-01-28
2001-02-02,1.2625,0.0,11.79,100,maynas_persiann_cdr_2000_2011.zip,CDR_20010202z.asc,True,1.0,2001-01-28
2001-02-03,2.2468999999999997,0.0,18.61,100,maynas_persiann_cdr_2000_2011.zip,CDR_20010203z.asc,True,1.0,2001-01-28
2001-02-04,1.5621,0.0,11.98,100,maynas_persiann_cdr_2000_2011.zip,CDR_20010204z.asc,True,1.0,2001-02-04
2001-02-05,0.34970000000000007,0.0,2.82,100,maynas_persiann_cdr_2000_2011.zip,CDR_20010205z.asc,True,0.0,2001-02-04
2001-02-06,0.7754000000000001,0.0,15.07,100,maynas_persiann_cdr_2000_2011.zip,CDR_20010206z.asc,True,0.0,2001-02-04
2001-02-07,28.996500000000005,0.83,46.65,100,maynas_persiann_cdr_2000_2011.zip,CDR_20010207z.asc,True,1.0,2001-02-04
2001-02-08,16.6199,0.0,38.02,100,maynas_persiann_cdr_2000_2011.zip,CDR_20010208z.asc,True,1.0,2001-02-04
2001-02-09,11.281500000000001,0.0,31.65,100,maynas_persiann_cdr_2000_2011.zip,CDR_20010209z.asc,True,1.0,2001-02-04
2001-02-10,1.7416999999999998,0.0,18.82,100,maynas_persiann_cdr_2000_2011.zip,CDR_20010210z.asc,True,1.0,2001-02-04
2001-02-11,6.4764,0.0,44.13,100,maynas_persiann_cdr_2000_2011.zip,CDR_20010211z.asc,True,1.0,2001-02-11
2001-02-12,2.1135,0.0,20.01,100,maynas_persiann_cdr_2000_2011.zip,CDR_20010212z.asc,True,1.0,2001-02-11
2001-02-13,2.2056999999999998,0.0,9.49,100,maynas_persiann_cdr_2000_2011.zip,CDR_20010213z.asc,True,1.0,2001-02-11
2001-02-14,3.675,0.0,15.26,100,maynas_persiann_cdr_2000_2011.zip,CDR_20010214z.asc,True,1.0,2001-02-11
2001-02-15,7.575,1.09,21.46,100,maynas_persiann_cdr_2000_2011.zip,CDR_20010215z.asc,True,1.0,2001-02-11
2001-02-16,2.5692000000000004,0.0,18.48,100,maynas_persiann_cdr_2000_2011.zip,CDR_20010216z.asc,True,1.0,2001-02-11
2001-02-17,3.8895000000000004,0.0,24.68,100,maynas_persiann_cdr_2000_2011.zip,CDR_20010217z.asc,True,1.0,2001-02-11
2001-02-18,1.7496999999999998,0.0,14.5,100,maynas_persiann_cdr_2000_2011.zip,CDR_20010218z.asc,True,1.0,2001-02-18
2001-02-19,4.0269,0.0,27.53,100,maynas_persiann_cdr_2000_2011.zip,CDR_20010219z.asc,True,1.0,2001-02-18
2001-02-20,11.1972,1.01,34.85,100,maynas_persiann_cdr_2000_2011.zip,CDR_20010220z.asc,True,1.0,2001-02-18
2001-02-21,8.496299999999998,0.96,30.62,100,maynas_persiann_cdr_2000_2011.zip,CDR_20010221z.asc,True,1.0,2001-02-18
2001-02-22,2.595,0.0,14.11,100,maynas_persiann_cdr_2000_2011.zip,CDR_20010222z.asc,True,1.0,2001-02-18
2001-02-23,17.6434,0.0,46.18,100,maynas_persiann_cdr_2000_2011.zip,CDR_20010223z.asc,True,1.0,2001-02-18
2001-02-24,10.380200000000002,0.0,45.29,100,maynas_persiann_cdr_2000_2011.zip,CDR_20010224z.asc,True,1.0,2001-02-18
2001-02-25,4.466000000000001,0.0,38.54,100,maynas_persiann_cdr_2000_2011.zip,CDR_20010225z.asc,True,1.0,2001-02-25
2001-02-26,0.46649999999999997,0.0,6.38,100,maynas_persiann_cdr_2000_2011.zip,CDR_20010226z.asc,True,0.0,2001-02-25
2001-02-27,1.1433,0.0,10.65,100,maynas_persiann_cdr_2000_2011.zip,CDR_20010227z.asc,True,1.0,2001-02-25
2001-02-28,18.937599999999996,0.0,50.56,100,maynas_persiann_cdr_2000_2011.zip,CDR_20010228z.asc,True,1.0,2001-02-25
2001-03-01,26.321599999999993,2.38,60.84,100,maynas_persiann_cdr_2000_2011.zip,CDR_20010301z.asc,True,1.0,2001-02-25
2001-03-02,3.4415999999999998,0.0,18.09,100,maynas_persiann_cdr_2000_2011.zip,CDR_20010302z.asc,True,1.0,2001-02-25
2001-03-03,15.746299999999996,0.53,53.8,100,maynas_persiann_cdr_2000_2011.zip,CDR_20010303z.asc,True,1.0,2001-02-25
2001-03-04,40.0443,9.95,96.76,100,maynas_persiann_cdr_2000_2011.zip,CDR_20010304z.asc,True,1.0,2001-03-04
2001-03-05,0.7047999999999999,0.0,3.24,100,maynas_persiann_cdr_2000_2011.zip,CDR_20010305z.asc,True,0.0,2001-03-04
2001-03-06,4.793099999999999,0.0,24.05,100,maynas_persiann_cdr_2000_2011.zip,CDR_20010306z.asc,True,1.0,2001-03-04
2001-03-07,13.943199999999997,0.74,32.12,100,maynas_persiann_cdr_2000_2011.zip,CDR_20010307z.asc,True,1.0,2001-03-04
2001-03-08,25.351200000000002,9.46,57.39,100,maynas_persiann_cdr_2000_2011.zip,CDR_20010308z.asc,True,1.0,2001-03-04
2001-03-09,11.304800000000002,2.24,20.84,100,maynas_persiann_cdr_2000_2011.zip,CDR_20010309z.asc,True,1.0,2001-03-04
2001-03-10,10.605399999999998,1.32,21.59,100,maynas_persiann_cdr_2000_2011.zip,CDR_20010310z.asc,True,1.0,2001-03-04
2001-03-11,5.277899999999999,0.0,24.12,100,maynas_persiann_cdr_2000_2011.zip,CDR_20010311z.asc,True,1.0,2001-03-11
2001-03-12,1.8995,0.0,11.89,100,maynas_persiann_cdr_2000_2011.zip,CDR_20010312z.asc,True,1.0,2001-03-11
2001-03-13,2.3513,0.0,13.94,100,maynas_persiann_cdr_2000_2011.zip,CDR_20010313z.asc,True,1.0,2001-03-11
2001-03-14,11.347100000000003,0.0,37.94,100,maynas_persiann_cdr_2000_2011.zip,CDR_20010314z.asc,True,1.0,2001-03-11
2001-03-15,11.406,1.42,25.72,100,maynas_persiann_cdr_2000_2011.zip,CDR_20010315z.asc,True,1.0,2001-03-11
2001-03-16,14.158400000000002,0.0,63.67,100,maynas_persiann_cdr_2000_2011.zip,CDR_20010316z.asc,True,1.0,2001-03-11
2001-03-17,38.7625,13.18,69.41,100,maynas_persiann_cdr_2000_2011.zip,CDR_20010317z.asc,True,1.0,2001-03-11
2001-03-18,2.3397,0.0,15.56,100,maynas_persiann_cdr_2000_2011.zip,CDR_20010318z.asc,True,1.0,2001-03-18
2001-03-19,8.3183,0.0,36.22,100,maynas_persiann_cdr_2000_2011.zip,CDR_20010319z.asc,True,1.0,2001-03-18
2001-03-20,13.691799999999999,4.15,41.24,100,maynas_persiann_cdr_2000_2011.zip,CDR_20010320z.asc,True,1.0,2001-03-18
2001-03-21,15.330500000000002,0.53,45.15,100,maynas_persiann_cdr_2000_2011.zip,CDR_20010321z.asc,True,1.0,2001-03-18
2001-03-22,5.346500000000001,0.67,19.13,100,maynas_persiann_cdr_2000_2011.zip,CDR_20010322z.asc,True,1.0,2001-03-18
2001-03-23,6.6525,1.24,16.48,100,maynas_persiann_cdr_2000_2011.zip,CDR_20010323z.asc,True,1.0,2001-03-18
2001-03-24,15.785299999999998,0.0,63.71,100,maynas_persiann_cdr_2000_2011.zip,CDR_20010324z.asc,True,1.0,2001-03-18
2001-03-25,32.5756,12.28,59.98,100,maynas_persiann_cdr_2000_2011.zip,CDR_20010325z.asc,True,1.0,2001-03-25
2001-03-26,1.9171999999999998,0.0,7.96,100,maynas_persiann_cdr_2000_2011.zip,CDR_20010326z.asc,True,1.0,2001-03-25
2001-03-27,2.173,0.0,15.75,100,maynas_persiann_cdr_2000_2011.zip,CDR_20010327z.asc,True,1.0,2001-03-25
2001-03-28,7.759400000000002,0.0,27.48,100,maynas_persiann_cdr_2000_2011.zip,CDR_20010328z.asc,True,1.0,2001-03-25
2001-03-29,14.128400000000001,3.68,37.16,100,maynas_persiann_cdr_2000_2011.zip,CDR_20010329z.asc,True,1.0,2001-03-25
2001-03-30,17.683400000000002,3.96,41.96,100,maynas_persiann_cdr_2000_2011.zip,CDR_20010330z.asc,True,1.0,2001-03-25
2001-03-31,2.2207000000000003,0.0,15.6,100,maynas_persiann_cdr_2000_2011.zip,CDR_20010331z.asc,True,1.0,2001-03-25
2001-04-01,2.2334,0.0,11.98,100,maynas_persiann_cdr_2000_2011.zip,CDR_20010401z.asc,True,1.0,2001-04-01
2001-04-02,18.540599999999998,4.63,39.91,100,maynas_persiann_cdr_2000_2011.zip,CDR_20010402z.asc,True,1.0,2001-04-01
2001-04-03,23.6992,10.66,54.79,100,maynas_persiann_cdr_2000_2011.zip,CDR_20010403z.asc,True,1.0,2001-04-01
2001-04-04,1.268,0.0,5.39,100,maynas_persiann_cdr_2000_2011.zip,CDR_20010404z.asc,True,1.0,2001-04-01
2001-04-05,3.1846000000000005,0.0,25.22,100,maynas_persiann_cdr_2000_2011.zip,CDR_20010405z.asc,True,1.0,2001-04-01
2001-04-06,23.4896,6.12,66.05,100,maynas_persiann_cdr_2000_2011.zip,CDR_20010406z.asc,True,1.0,2001-04-01
2001-04-07,30.1181,3.21,73.25,100,maynas_persiann_cdr_2000_2011.zip,CDR_20010407z.asc,True,1.0,2001-04-01
2001-04-08,12.889199999999999,2.61,35.35,100,maynas_persiann_cdr_2000_2011.zip,CDR_20010408z.asc,True,1.0,2001-04-08
2001-04-09,0.8792000000000002,0.0,3.93,100,maynas_persiann_cdr_2000_2011.zip,CDR_20010409z.asc,True,0.0,2001-04-08
2001-04-10,2.4645,0.0,10.61,100,maynas_persiann_cdr_2000_2011.zip,CDR_20010410z.asc,True,1.0,2001-04-08
2001-04-11,10.1258,0.0,29.04,100,maynas_persiann_cdr_2000_2011.zip,CDR_20010411z.asc,True,1.0,2001-04-08
2001-04-12,13.142399999999999,2.84,36.98,100,maynas_persiann_cdr_2000_2011.zip,CDR_20010412z.asc,True,1.0,2001-04-08
2001-04-13,16.7604,0.89,48.19,100,maynas_persiann_cdr_2000_2011.zip,CDR_20010413z.asc,True,1.0,2001-04-08
2001-04-14,0.11019999999999999,0.0,2.92,100,maynas_persiann_cdr_2000_2011.zip,CDR_20010414z.asc,True,0.0,2001-04-08
2001-04-15,6.774,0.0,30.47,100,maynas_persiann_cdr_2000_2011.zip,CDR_20010415z.asc,True,1.0,2001-04-15
2001-04-16,13.789100000000001,1.58,46.67,100,maynas_persiann_cdr_2000_2011.zip,CDR_20010416z.asc,True,1.0,2001-04-15
2001-04-17,11.4023,1.26,39.38,100,maynas_persiann_cdr_2000_2011.zip,CDR_20010417z.asc,True,1.0,2001-04-15
2001-04-18,6.3649000000000004,0.0,25.56,100,maynas_persiann_cdr_2000_2011.zip,CDR_20010418z.asc,True,1.0,2001-04-15
2001-04-19,1.9677,0.0,13.94,100,maynas_persiann_cdr_2000_2011.zip,CDR_20010419z.asc,True,1.0,2001-04-15
2001-04-20,8.3663,0.0,33.62,100,maynas_persiann_cdr_2000_2011.zip,CDR_20010420z.asc,True,1.0,2001-04-15
2001-04-21,2.5672999999999995,0.0,17.04,100,maynas_persiann_cdr_2000_2011.zip,CDR_20010421z.asc,True,1.0,2001-04-15
2001-04-22,20.765100000000004,2.19,55.51,100,maynas_persiann_cdr_2000_2011.zip,CDR_20010422z.asc,True,1.0,2001-04-22
2001-04-23,1.4415999999999998,0.0,4.47,100,maynas_persiann_cdr_2000_2011.zip,CDR_20010423z.asc,True,1.0,2001-04-22
2001-04-24,12.1458,0.0,30.95,100,maynas_persiann_cdr_2000_2011.zip,CDR_20010424z.asc,True,1.0,2001-04-22
2001-04-25,30.6078,7.08,65.31,100,maynas_persiann_cdr_2000_2011.zip,CDR_20010425z.asc,True,1.0,2001-04-22
2001-04-26,9.804200000000002,0.91,29.16,100,maynas_persiann_cdr_2000_2011.zip,CDR_20010426z.asc,True,1.0,2001-04-22
2001-04-27,2.0613,0.0,16.69,100,maynas_persiann_cdr_2000_2011.zip,CDR_20010427z.asc,True,1.0,2001-04-22
2001-04-28,2.3255000000000003,0.0,14.0,100,maynas_persiann_cdr_2000_2011.zip,CDR_20010428z.asc,True,1.0,2001-04-22
2001-04-29,11.937800000000003,0.68,40.29,100,maynas_persiann_cdr_2000_2011.zip,CDR_20010429z.asc,True,1.0,2001-04-29
2001-04-30,38.203599999999994,6.81,80.18,100,maynas_persiann_cdr_2000_2011.zip,CDR_20010430z.asc,True,1.0,2001-04-29
2001-05-01,2.232,0.0,11.44,100,maynas_persiann_cdr_2000_2011.zip,CDR_20010501z.asc,True,1.0,2001-04-29
2001-05-02,3.2909999999999995,0.0,12.52,100,maynas_persiann_cdr_2000_2011.zip,CDR_20010502z.asc,True,1.0,2001-04-29
2001-05-03,13.8652,2.05,35.89,100,maynas_persiann_cdr_2000_2011.zip,CDR_20010503z.asc,True,1.0,2001-04-29
2001-05-04,4.267799999999999,0.0,9.7,100,maynas_persiann_cdr_2000_2011.zip,CDR_20010504z.asc,True,1.0,2001-04-29
2001-05-05,2.8396,0.0,14.69,100,maynas_persiann_cdr_2000_2011.zip,CDR_20010505z.asc,True,1.0,2001-04-29
2001-05-06,18.031000000000002,5.4,41.36,100,maynas_persiann_cdr_2000_2011.zip,CDR_20010506z.asc,True,1.0,2001-05-06
2001-05-07,10.1674,0.0,73.01,100,maynas_persiann_cdr_2000_2011.zip,CDR_20010507z.asc,True,1.0,2001-05-06
2001-05-08,5.9115,0.0,43.4,100,maynas_persiann_cdr_2000_2011.zip,CDR_20010508z.asc,True,1.0,2001-05-06
2001-05-09,30.714700000000004,3.12,88.81,100,maynas_persiann_cdr_2000_2011.zip,CDR_20010509z.asc,True,1.0,2001-05-06
2001-05-10,13.405,0.0,54.94,100,maynas_persiann_cdr_2000_2011.zip,CDR_20010510z.asc,True,1.0,2001-05-06
2001-05-11,2.0063999999999997,0.0,14.72,100,maynas_persiann_cdr_2000_2011.zip,CDR_20010511z.asc,True,1.0,2001-05-06
2001-05-12,0.6628999999999999,0.0,8.41,100,maynas_persiann_cdr_2000_2011.zip,CDR_20010512z.asc,True,0.0,2001-05-06
2001-05-13,12.806899999999999,0.97,36.49,100,maynas_persiann_cdr_2000_2011.zip,CDR_20010513z.asc,True,1.0,2001-05-13
2001-05-14,16.3302,2.19,74.43,100,maynas_persiann_cdr_2000_2011.zip,CDR_20010514z.asc,True,1.0,2001-05-13
2001-05-15,7.6037,0.0,24.91,100,maynas_persiann_cdr_2000_2011.zip,CDR_20010515z.asc,True,1.0,2001-05-13
2001-05-16,0.3914,0.0,5.86,100,maynas_persiann_cdr_2000_2011.zip,CDR_20010516z.asc,True,0.0,2001-05-13
2001-05-17,3.3633000000000006,0.0,33.8,100,maynas_persiann_cdr_2000_2011.zip,CDR_20010517z.asc,True,1.0,2001-05-13
2001-05-18,27.403299999999994,0.72,117.23,100,maynas_persiann_cdr_2000_2011.zip,CDR_20010518z.asc,True,1.0,2001-05-13
2001-05-19,6.360499999999999,0.0,31.78,100,maynas_persiann_cdr_2000_2011.zip,CDR_20010519z.asc,True,1.0,2001-05-13
2001-05-20,14.026800000000001,2.42,50.21,100,maynas_persiann_cdr_2000_2011.zip,CDR_20010520z.asc,True,1.0,2001-05-20
2001-05-21,14.463000000000001,0.0,43.67,100,maynas_persiann_cdr_2000_2011.zip,CDR_20010521z.asc,True,1.0,2001-05-20
2001-05-22,16.8339,3.67,45.48,100,maynas_persiann_cdr_2000_2011.zip,CDR_20010522z.asc,True,1.0,2001-05-20
2001-05-23,9.745500000000002,0.0,35.6,100,maynas_persiann_cdr_2000_2011.zip,CDR_20010523z.asc,True,1.0,2001-05-20
2001-05-24,11.3701,0.0,49.24,100,maynas_persiann_cdr_2000_2011.zip,CDR_20010524z.asc,True,1.0,2001-05-20
2001-05-25,23.6503,3.96,56.93,100,maynas_persiann_cdr_2000_2011.zip,CDR_20010525z.asc,True,1.0,2001-05-20
2001-05-26,3.5782,0.0,28.58,100,maynas_persiann_cdr_2000_2011.zip,CDR_20010526z.asc,True,1.0,2001-05-20
2001-05-27,5.959700000000001,0.0,43.74,100,maynas_persiann_cdr_2000_2011.zip,CDR_20010527z.asc,True,1.0,2001-05-27
2001-05-28,22.226399999999998,2.59,72.94,100,maynas_persiann_cdr_2000_2011.zip,CDR_20010528z.asc,True,1.0,2001-05-27
2001-05-29,32.4734,3.91,69.8,100,maynas_persiann_cdr_2000_2011.zip,CDR_20010529z.asc,True,1.0,2001-05-27
2001-05-30,14.487400000000001,0.99,69.83,100,maynas_persiann_cdr_2000_2011.zip,CDR_20010530z.asc,True,1.0,2001-05-27
2001-05-31,2.4547,0.0,21.34,100,maynas_persiann_cdr_2000_2011.zip,CDR_20010531z.asc,True,1.0,2001-05-27
2001-06-01,11.781699999999999,0.0,57.33,100,maynas_persiann_cdr_2000_2011.zip,CDR_20010601z.asc,True,1.0,2001-05-27
2001-06-02,6.2605,1.08,18.09,100,maynas_persiann_cdr_2000_2011.zip,CDR_20010602z.asc,True,1.0,2001-05-27
2001-06-03,12.088299999999998,0.0,49.32,100,maynas_persiann_cdr_2000_2011.zip,CDR_20010603z.asc,True,1.0,2001-06-03
2001-06-04,11.625399999999999,0.0,40.95,100,maynas_persiann_cdr_2000_2011.zip,CDR_20010604z.asc,True,1.0,2001-06-03
2001-06-05,17.0798,0.0,62.26,100,maynas_persiann_cdr_2000_2011.zip,CDR_20010605z.asc,True,1.0,2001-06-03
2001-06-06,5.4686,0.0,33.32,100,maynas_persiann_cdr_2000_2011.zip,CDR_20010606z.asc,True,1.0,2001-06-03
2001-06-07,7.816,0.0,42.77,100,maynas_persiann_cdr_2000_2011.zip,CDR_20010607z.asc,True,1.0,2001-06-03
2001-06-08,16.7856,2.12,47.33,100,maynas_persiann_cdr_2000_2011.zip,CDR_20010608z.asc,True,1.0,2001-06-03
2001-06-09,12.2951,0.0,59.62,100,maynas_persiann_cdr_2000_2011.zip,CDR_20010609z.asc,True,1.0,2001-06-03
2001-06-10,12.121899999999998,0.0,33.9,100,maynas_persiann_cdr_2000_2011.zip,CDR_20010610z.asc,True,1.0,2001-06-10
2001-06-11,21.3304,3.6,104.16,100,maynas_persiann_cdr_2000_2011.zip,CDR_20010611z.asc,True,1.0,2001-06-10
2001-06-12,0.6442,0.0,5.83,100,maynas_persiann_cdr_2000_2011.zip,CDR_20010612z.asc,True,0.0,2001-06-10
2001-06-13,2.4456,0.0,13.65,100,maynas_persiann_cdr_2000_2011.zip,CDR_20010613z.asc,True,1.0,2001-06-10
2001-06-14,1.5169999999999997,0.0,9.83,100,maynas_persiann_cdr_2000_2011.zip,CDR_20010614z.asc,True,1.0,2001-06-10
2001-06-15,6.440500000000001,0.0,40.31,100,maynas_persiann_cdr_2000_2011.zip,CDR_20010615z.asc,True,1.0,2001-06-10
2001-06-16,21.9976,0.0,67.17,100,maynas_persiann_cdr_2000_2011.zip,CDR_20010616z.asc,True,1.0,2001-06-10
2001-06-17,19.621900000000004,3.81,58.41,100,maynas_persiann_cdr_2000_2011.zip,CDR_20010617z.asc,True,1.0,2001-06-17
2001-06-18,4.3618,0.0,35.48,100,maynas_persiann_cdr_2000_2011.zip,CDR_20010618z.asc,True,1.0,2001-06-17
2001-06-19,10.845899999999999,0.89,38.48,100,maynas_persiann_cdr_2000_2011.zip,CDR_20010619z.asc,True,1.0,2001-06-17
2001-06-20,0.0943,0.0,3.3,100,maynas_persiann_cdr_2000_2011.zip,CDR_20010620z.asc,True,0.0,2001-06-17
2001-06-21,0.0444,0.0,2.1,100,maynas_persiann_cdr_2000_2011.zip,CDR_20010621z.asc,True,0.0,2001-06-17
2001-06-22,0.0,0.0,0.0,100,maynas_persiann_cdr_2000_2011.zip,CDR_20010622z.asc,True,0.0,2001-06-17
2001-06-23,0.035,0.0,1.45,100,maynas_persiann_cdr_2000_2011.zip,CDR_20010623z.asc,True,0.0,2001-06-17
2001-06-24,0.010700000000000001,0.0,1.07,100,maynas_persiann_cdr_2000_2011.zip,CDR_20010624z.asc,True,0.0,2001-06-24
2001-06-25,0.0,0.0,0.0,100,maynas_persiann_cdr_2000_2011.zip,CDR_20010625z.asc,True,0.0,2001-06-24
2001-06-26,2.3757,0.0,18.76,100,maynas_persiann_cdr_2000_2011.zip,CDR_20010626z.asc,True,1.0,2001-06-24
2001-06-27,3.3825000000000007,0.0,18.84,100,maynas_persiann_cdr_2000_2011.zip,CDR_20010627z.asc,True,1.0,2001-06-24
2001-06-28,0.0691,0.0,2.69,100,maynas_persiann_cdr_2000_2011.zip,CDR_20010628z.asc,True,0.0,2001-06-24
2001-06-29,0.13760000000000003,0.0,1.88,100,maynas_persiann_cdr_2000_2011.zip,CDR_20010629z.asc,True,0.0,2001-06-24
2001-06-30,0.31770000000000004,0.0,4.5,100,maynas_persiann_cdr_2000_2011.zip,CDR_20010630z.asc,True,0.0,2001-06-24
2001-07-01,13.221200000000001,0.0,40.02,100,maynas_persiann_cdr_2000_2011.zip,CDR_20010701z.asc,True,1.0,2001-07-01
2001-07-02,8.5307,0.0,38.12,100,maynas_persiann_cdr_2000_2011.zip,CDR_20010702z.asc,True,1.0,2001-07-01
2001-07-03,12.993599999999999,0.0,36.47,100,maynas_persiann_cdr_2000_2011.zip,CDR_20010703z.asc,True,1.0,2001-07-01
2001-07-04,1.0338,0.0,5.8,100,maynas_persiann_cdr_2000_2011.zip,CDR_20010704z.asc,True,1.0,2001-07-01
2001-07-05,1.1913,0.0,10.67,100,maynas_persiann_cdr_2000_2011.zip,CDR_20010705z.asc,True,1.0,2001-07-01
2001-07-06,14.1425,0.0,41.87,100,maynas_persiann_cdr_2000_2011.zip,CDR_20010706z.asc,True,1.0,2001-07-01
2001-07-07,0.748,0.0,4.57,100,maynas_persiann_cdr_2000_2011.zip,CDR_20010707z.asc,True,0.0,2001-07-01
2001-07-08,0.8848,0.0,9.84,100,maynas_persiann_cdr_2000_2011.zip,CDR_20010708z.asc,True,0.0,2001-07-08
2001-07-09,0.6109,0.0,10.77,100,maynas_persiann_cdr_2000_2011.zip,CDR_20010709z.asc,True,0.0,2001-07-08
2001-07-10,4.7015,0.0,14.14,100,maynas_persiann_cdr_2000_2011.zip,CDR_20010710z.asc,True,1.0,2001-07-08
2001-07-11,4.3962,0.0,26.17,100,maynas_persiann_cdr_2000_2011.zip,CDR_20010711z.asc,True,1.0,2001-07-08
2001-07-12,11.0855,0.0,48.53,100,maynas_persiann_cdr_2000_2011.zip,CDR_20010712z.asc,True,1.0,2001-07-08
2001-07-13,17.9702,3.44,58.0,100,maynas_persiann_cdr_2000_2011.zip,CDR_20010713z.asc,True,1.0,2001-07-08
2001-07-14,2.6747,0.0,13.34,100,maynas_persiann_cdr_2000_2011.zip,CDR_20010714z.asc,True,1.0,2001-07-08
2001-07-15,8.8595,0.76,30.06,100,maynas_persiann_cdr_2000_2011.zip,CDR_20010715z.asc,True,1.0,2001-07-15
2001-07-16,7.4446,0.0,22.57,100,maynas_persiann_cdr_2000_2011.zip,CDR_20010716z.asc,True,1.0,2001-07-15
2001-07-17,18.541800000000002,4.43,49.0,100,maynas_persiann_cdr_2000_2011.zip,CDR_20010717z.asc,True,1.0,2001-07-15
2001-07-18,11.279100000000001,0.0,71.69,100,maynas_persiann_cdr_2000_2011.zip,CDR_20010718z.asc,True,1.0,2001-07-15
2001-07-19,26.5526,1.49,75.75,100,maynas_persiann_cdr_2000_2011.zip,CDR_20010719z.asc,True,1.0,2001-07-15
2001-07-20,18.4162,1.99,49.63,100,maynas_persiann_cdr_2000_2011.zip,CDR_20010720z.asc,True,1.0,2001-07-15
2001-07-21,1.3883,0.0,16.46,100,maynas_persiann_cdr_2000_2011.zip,CDR_20010721z.asc,True,1.0,2001-07-15
2001-07-22,5.9382,0.0,28.05,100,maynas_persiann_cdr_2000_2011.zip,CDR_20010722z.asc,True,1.0,2001-07-22
2001-07-23,7.676100000000002,2.53,19.79,100,maynas_persiann_cdr_2000_2011.zip,CDR_20010723z.asc,True,1.0,2001-07-22
2001-07-24,2.5757,0.0,15.62,100,maynas_persiann_cdr_2000_2011.zip,CDR_20010724z.asc,True,1.0,2001-07-22
2001-07-25,4.508,0.0,17.47,100,maynas_persiann_cdr_2000_2011.zip,CDR_20010725z.asc,True,1.0,2001-07-22
2001-07-26,5.1675,0.0,12.41,100,maynas_persiann_cdr_2000_2011.zip,CDR_20010726z.asc,True,1.0,2001-07-22
2001-07-27,5.278,0.0,27.49,100,maynas_persiann_cdr_2000_2011.zip,CDR_20010727z.asc,True,1.0,2001-07-22
2001-07-28,26.084600000000002,6.29,56.85,100,maynas_persiann_cdr_2000_2011.zip,CDR_20010728z.asc,True,1.0,2001-07-22
2001-07-29,3.4995000000000003,0.0,23.58,100,maynas_persiann_cdr_2000_2011.zip,CDR_20010729z.asc,True,1.0,2001-07-29
2001-07-30,0.0,0.0,0.0,100,maynas_persiann_cdr_2000_2011.zip,CDR_20010730z.asc,True,0.0,2001-07-29
2001-07-31,0.0,0.0,0.0,100,maynas_persiann_cdr_2000_2011.zip,CDR_20010731z.asc,True,0.0,2001-07-29
2001-08-01,0.057699999999999994,0.0,2.43,100,maynas_persiann_cdr_2000_2011.zip,CDR_20010801z.asc,True,0.0,2001-07-29
2001-08-02,1.0763999999999998,0.0,10.06,100,maynas_persiann_cdr_2000_2011.zip,CDR_20010802z.asc,True,1.0,2001-07-29
2001-08-03,7.978899999999999,0.0,43.93,100,maynas_persiann_cdr_2000_2011.zip,CDR_20010803z.asc,True,1.0,2001-07-29
2001-08-04,4.6853,0.0,42.23,100,maynas_persiann_cdr_2000_2011.zip,CDR_20010804z.asc,True,1.0,2001-07-29
2001-08-05,0.2941,0.0,4.88,100,maynas_persiann_cdr_2000_2011.zip,CDR_20010805z.asc,True,0.0,2001-08-05
2001-08-06,0.4728,0.0,5.75,100,maynas_persiann_cdr_2000_2011.zip,CDR_20010806z.asc,True,0.0,2001-08-05
2001-08-07,2.6189999999999998,0.0,33.87,100,maynas_persiann_cdr_2000_2011.zip,CDR_20010807z.asc,True,1.0,2001-08-05
2001-08-08,2.7680000000000002,0.0,23.16,100,maynas_persiann_cdr_2000_2011.zip,CDR_20010808z.asc,True,1.0,2001-08-05
2001-08-09,2.7128999999999994,0.0,14.85,100,maynas_persiann_cdr_2000_2011.zip,CDR_20010809z.asc,True,1.0,2001-08-05
2001-08-10,1.0464,0.0,9.77,100,maynas_persiann_cdr_2000_2011.zip,CDR_20010810z.asc,True,1.0,2001-08-05
2001-08-11,0.36400000000000005,0.0,4.17,100,maynas_persiann_cdr_2000_2011.zip,CDR_20010811z.asc,True,0.0,2001-08-05
2001-08-12,0.1821,0.0,5.36,100,maynas_persiann_cdr_2000_2011.zip,CDR_20010812z.asc,True,0.0,2001-08-12
2001-08-13,0.46509999999999996,0.0,11.04,100,maynas_persiann_cdr_2000_2011.zip,CDR_20010813z.asc,True,0.0,2001-08-12
2001-08-14,0.3748,0.0,4.3,100,maynas_persiann_cdr_2000_2011.zip,CDR_20010814z.asc,True,0.0,2001-08-12
2001-08-15,0.9974000000000001,0.0,8.97,100,maynas_persiann_cdr_2000_2011.zip,CDR_20010815z.asc,True,0.0,2001-08-12
2001-08-16,0.8658,0.0,7.79,100,maynas_persiann_cdr_2000_2011.zip,CDR_20010816z.asc,True,0.0,2001-08-12
2001-08-17,3.3209999999999997,0.0,31.09,100,maynas_persiann_cdr_2000_2011.zip,CDR_20010817z.asc,True,1.0,2001-08-12
2001-08-18,0.8644,0.0,7.75,100,maynas_persiann_cdr_2000_2011.zip,CDR_20010818z.asc,True,0.0,2001-08-12
2001-08-19,1.7201,0.0,20.54,100,maynas_persiann_cdr_2000_2011.zip,CDR_20010819z.asc,True,1.0,2001-08-19
2001-08-20,9.4867,0.0,32.76,100,maynas_persiann_cdr_2000_2011.zip,CDR_20010820z.asc,True,1.0,2001-08-19
2001-08-21,8.072,1.04,40.27,100,maynas_persiann_cdr_2000_2011.zip,CDR_20010821z.asc,True,1.0,2001-08-19
2001-08-22,2.0542000000000002,0.0,5.58,100,maynas_persiann_cdr_2000_2011.zip,CDR_20010822z.asc,True,1.0,2001-08-19
2001-08-23,2.2809,0.0,18.93,100,maynas_persiann_cdr_2000_2011.zip,CDR_20010823z.asc,True,1.0,2001-08-19
2001-08-24,3.3417000000000003,0.0,18.2,100,maynas_persiann_cdr_2000_2011.zip,CDR_20010824z.asc,True,1.0,2001-08-19
2001-08-25,8.436900000000001,0.0,49.46,100,maynas_persiann_cdr_2000_2011.zip,CDR_20010825z.asc,True,1.0,2001-08-19
2001-08-26,11.126799999999998,0.0,46.89,100,maynas_persiann_cdr_2000_2011.zip,CDR_20010826z.asc,True,1.0,2001-08-26
2001-08-27,21.538600000000002,5.79,57.88,100,maynas_persiann_cdr_2000_2011.zip,CDR_20010827z.asc,True,1.0,2001-08-26
2001-08-28,27.159000000000002,2.9,121.99,100,maynas_persiann_cdr_2000_2011.zip,CDR_20010828z.asc,True,1.0,2001-08-26
2001-08-29,21.8472,2.2,60.74,100,maynas_persiann_cdr_2000_2011.zip,CDR_20010829z.asc,True,1.0,2001-08-26
2001-08-30,9.083599999999999,0.0,32.21,100,maynas_persiann_cdr_2000_2011.zip,CDR_20010830z.asc,True,1.0,2001-08-26
2001-08-31,6.629499999999999,0.0,44.76,100,maynas_persiann_cdr_2000_2011.zip,CDR_20010831z.asc,True,1.0,2001-08-26
2001-09-01,3.9724,0.0,16.35,100,maynas_persiann_cdr_2000_2011.zip,CDR_20010901z.asc,True,1.0,2001-08-26
2001-09-02,1.4610999999999998,0.0,14.43,100,maynas_persiann_cdr_2000_2011.zip,CDR_20010902z.asc,True,1.0,2001-09-02
2001-09-03,0.4587,0.0,3.25,100,maynas_persiann_cdr_2000_2011.zip,CDR_20010903z.asc,True,0.0,2001-09-02
2001-09-04,3.0801999999999996,0.0,24.64,100,maynas_persiann_cdr_2000_2011.zip,CDR_20010904z.asc,True,1.0,2001-09-02
2001-09-05,13.680499999999997,5.47,39.31,100,maynas_persiann_cdr_2000_2011.zip,CDR_20010905z.asc,True,1.0,2001-09-02
2001-09-06,4.5151,0.58,13.24,100,maynas_persiann_cdr_2000_2011.zip,CDR_20010906z.asc,True,1.0,2001-09-02
2001-09-07,0.83,0.0,2.53,100,maynas_persiann_cdr_2000_2011.zip,CDR_20010907z.asc,True,0.0,2001-09-02
2001-09-08,3.7094,0.0,16.59,100,maynas_persiann_cdr_2000_2011.zip,CDR_20010908z.asc,True,1.0,2001-09-02
2001-09-09,6.008299999999999,1.18,17.81,100,maynas_persiann_cdr_2000_2011.zip,CDR_20010909z.asc,True,1.0,2001-09-09
2001-09-10,9.9512,0.35,35.64,100,maynas_persiann_cdr_2000_2011.zip,CDR_20010910z.asc,True,1.0,2001-09-09
2001-09-11,28.926800000000004,8.54,45.7,100,maynas_persiann_cdr_2000_2011.zip,CDR_20010911z.asc,True,1.0,2001-09-09
2001-09-12,0.8887999999999999,0.0,4.67,100,maynas_persiann_cdr_2000_2011.zip,CDR_20010912z.asc,True,0.0,2001-09-09
2001-09-13,2.1002,0.0,13.48,100,maynas_persiann_cdr_2000_2011.zip,CDR_20010913z.asc,True,1.0,2001-09-09
2001-09-14,19.094800000000003,3.46,32.85,100,maynas_persiann_cdr_2000_2011.zip,CDR_20010914z.asc,True,1.0,2001-09-09
2001-09-15,7.8932,0.0,20.76,100,maynas_persiann_cdr_2000_2011.zip,CDR_20010915z.asc,True,1.0,2001-09-09
2001-09-16,2.2825,0.0,9.4,100,maynas_persiann_cdr_2000_2011.zip,CDR_20010916z.asc,True,1.0,2001-09-16
2001-09-17,5.934799999999999,0.0,28.47,100,maynas_persiann_cdr_2000_2011.zip,CDR_20010917z.asc,True,1.0,2001-09-16
2001-09-18,2.6648,0.0,13.32,100,maynas_persiann_cdr_2000_2011.zip,CDR_20010918z.asc,True,1.0,2001-09-16
2001-09-19,0.29379999999999995,0.0,3.51,100,maynas_persiann_cdr_2000_2011.zip,CDR_20010919z.asc,True,0.0,2001-09-16
2001-09-20,1.4532999999999998,0.0,6.97,100,maynas_persiann_cdr_2000_2011.zip,CDR_20010920z.asc,True,1.0,2001-09-16
2001-09-21,4.835799999999999,0.0,25.48,100,maynas_persiann_cdr_2000_2011.zip,CDR_20010921z.asc,True,1.0,2001-09-16
2001-09-22,13.0358,3.37,43.75,100,maynas_persiann_cdr_2000_2011.zip,CDR_20010922z.asc,True,1.0,2001-09-16
2001-09-23,5.445599999999998,0.58,23.72,100,maynas_persiann_cdr_2000_2011.zip,CDR_20010923z.asc,True,1.0,2001-09-23
2001-09-24,2.0829,0.0,17.91,100,maynas_persiann_cdr_2000_2011.zip,CDR_20010924z.asc,True,1.0,2001-09-23
2001-09-25,1.4090999999999996,0.0,12.33,100,maynas_persiann_cdr_2000_2011.zip,CDR_20010925z.asc,True,1.0,2001-09-23
2001-09-26,8.4341,0.0,32.79,100,maynas_persiann_cdr_2000_2011.zip,CDR_20010926z.asc,True,1.0,2001-09-23
2001-09-27,16.2564,3.18,38.2,100,maynas_persiann_cdr_2000_2011.zip,CDR_20010927z.asc,True,1.0,2001-09-23
2001-09-28,24.5356,5.71,56.0,100,maynas_persiann_cdr_2000_2011.zip,CDR_20010928z.asc,True,1.0,2001-09-23
2001-09-29,10.297,0.83,23.5,100,maynas_persiann_cdr_2000_2011.zip,CDR_20010929z.asc,True,1.0,2001-09-23
2001-09-30,3.346600000000001,0.0,14.32,100,maynas_persiann_cdr_2000_2011.zip,CDR_20010930z.asc,True,1.0,2001-09-30
2001-10-01,1.9407999999999999,0.0,10.38,100,maynas_persiann_cdr_2000_2011.zip,CDR_20011001z.asc,True,1.0,2001-09-30
2001-10-02,4.486599999999999,0.0,19.52,100,maynas_persiann_cdr_2000_2011.zip,CDR_20011002z.asc,True,1.0,2001-09-30
2001-10-03,2.5677,0.0,16.19,100,maynas_persiann_cdr_2000_2011.zip,CDR_20011003z.asc,True,1.0,2001-09-30
2001-10-04,10.6298,0.42,25.23,100,maynas_persiann_cdr_2000_2011.zip,CDR_20011004z.asc,True,1.0,2001-09-30
2001-10-05,10.543400000000002,0.35,32.66,100,maynas_persiann_cdr_2000_2011.zip,CDR_20011005z.asc,True,1.0,2001-09-30
2001-10-06,7.4422999999999995,0.41,26.17,100,maynas_persiann_cdr_2000_2011.zip,CDR_20011006z.asc,True,1.0,2001-09-30
2001-10-07,13.236199999999998,0.57,31.77,100,maynas_persiann_cdr_2000_2011.zip,CDR_20011007z.asc,True,1.0,2001-10-07
2001-10-08,2.1131,0.0,11.29,100,maynas_persiann_cdr_2000_2011.zip,CDR_20011008z.asc,True,1.0,2001-10-07
2001-10-09,0.26299999999999996,0.0,2.63,100,maynas_persiann_cdr_2000_2011.zip,CDR_20011009z.asc,True,0.0,2001-10-07
2001-10-10,0.3457,0.0,6.27,100,maynas_persiann_cdr_2000_2011.zip,CDR_20011010z.asc,True,0.0,2001-10-07
2001-10-11,14.783299999999997,2.28,32.29,100,maynas_persiann_cdr_2000_2011.zip,CDR_20011011z.asc,True,1.0,2001-10-07
2001-10-12,11.724,0.88,39.58,100,maynas_persiann_cdr_2000_2011.zip,CDR_20011012z.asc,True,1.0,2001-10-07
2001-10-13,16.734699999999997,8.78,30.19,100,maynas_persiann_cdr_2000_2011.zip,CDR_20011013z.asc,True,1.0,2001-10-07
2001-10-14,9.4309,2.65,20.62,100,maynas_persiann_cdr_2000_2011.zip,CDR_20011014z.asc,True,1.0,2001-10-14
2001-10-15,3.6016000000000004,0.0,13.49,100,maynas_persiann_cdr_2000_2011.zip,CDR_20011015z.asc,True,1.0,2001-10-14
2001-10-16,9.0541,1.0,31.13,100,maynas_persiann_cdr_2000_2011.zip,CDR_20011016z.asc,True,1.0,2001-10-14
2001-10-17,14.8168,0.0,39.41,100,maynas_persiann_cdr_2000_2011.zip,CDR_20011017z.asc,True,1.0,2001-10-14
2001-10-18,5.1661,0.34,11.71,100,maynas_persiann_cdr_2000_2011.zip,CDR_20011018z.asc,True,1.0,2001-10-14
2001-10-19,4.1882,0.0,20.78,100,maynas_persiann_cdr_2000_2011.zip,CDR_20011019z.asc,True,1.0,2001-10-14
2001-10-20,4.0389,0.0,26.8,100,maynas_persiann_cdr_2000_2011.zip,CDR_20011020z.asc,True,1.0,2001-10-14
2001-10-21,7.1736,0.0,28.57,100,maynas_persiann_cdr_2000_2011.zip,CDR_20011021z.asc,True,1.0,2001-10-21
2001-10-22,18.2456,7.84,48.29,100,maynas_persiann_cdr_2000_2011.zip,CDR_20011022z.asc,True,1.0,2001-10-21
2001-10-23,7.3083,0.41,30.89,100,maynas_persiann_cdr_2000_2011.zip,CDR_20011023z.asc,True,1.0,2001-10-21
2001-10-24,8.7199,1.12,17.29,100,maynas_persiann_cdr_2000_2011.zip,CDR_20011024z.asc,True,1.0,2001-10-21
2001-10-25,8.8278,0.41,26.97,100,maynas_persiann_cdr_2000_2011.zip,CDR_20011025z.asc,True,1.0,2001-10-21
2001-10-26,5.387499999999999,1.02,19.88,100,maynas_persiann_cdr_2000_2011.zip,CDR_20011026z.asc,True,1.0,2001-10-21
2001-10-27,0.2341,0.0,4.9,100,maynas_persiann_cdr_2000_2011.zip,CDR_20011027z.asc,True,0.0,2001-10-21
2001-10-28,1.6976000000000002,0.0,7.3,100,maynas_persiann_cdr_2000_2011.zip,CDR_20011028z.asc,True,1.0,2001-10-28
2001-10-29,19.601699999999997,1.68,53.49,100,maynas_persiann_cdr_2000_2011.zip,CDR_20011029z.asc,True,1.0,2001-10-28
2001-10-30,11.5666,5.08,23.36,100,maynas_persiann_cdr_2000_2011.zip,CDR_20011030z.asc,True,1.0,2001-10-28
2001-10-31,5.7987,0.0,17.88,100,maynas_persiann_cdr_2000_2011.zip,CDR_20011031z.asc,True,1.0,2001-10-28
2001-11-01,8.7793,1.29,21.97,100,maynas_persiann_cdr_2000_2011.zip,CDR_20011101z.asc,True,1.0,2001-10-28
2001-11-02,5.7627999999999995,1.01,9.65,100,maynas_persiann_cdr_2000_2011.zip,CDR_20011102z.asc,True,1.0,2001-10-28
2001-11-03,0.0487,0.0,1.02,100,maynas_persiann_cdr_2000_2011.zip,CDR_20011103z.asc,True,0.0,2001-10-28
2001-11-04,0.5438000000000001,0.0,8.93,100,maynas_persiann_cdr_2000_2011.zip,CDR_20011104z.asc,True,0.0,2001-11-04
2001-11-05,5.6794,0.51,20.68,100,maynas_persiann_cdr_2000_2011.zip,CDR_20011105z.asc,True,1.0,2001-11-04
2001-11-06,16.0535,7.21,33.85,100,maynas_persiann_cdr_2000_2011.zip,CDR_20011106z.asc,True,1.0,2001-11-04
2001-11-07,22.517000000000003,8.95,41.64,100,maynas_persiann_cdr_2000_2011.zip,CDR_20011107z.asc,True,1.0,2001-11-04
2001-11-08,6.3918,0.7,19.48,100,maynas_persiann_cdr_2000_2011.zip,CDR_20011108z.asc,True,1.0,2001-11-04
2001-11-09,3.4123999999999994,0.57,9.58,100,maynas_persiann_cdr_2000_2011.zip,CDR_20011109z.asc,True,1.0,2001-11-04
2001-11-10,12.898699999999998,2.48,25.23,100,maynas_persiann_cdr_2000_2011.zip,CDR_20011110z.asc,True,1.0,2001-11-04
2001-11-11,5.0839,0.25,15.25,100,maynas_persiann_cdr_2000_2011.zip,CDR_20011111z.asc,True,1.0,2001-11-11
2001-11-12,10.0013,0.79,25.81,100,maynas_persiann_cdr_2000_2011.zip,CDR_20011112z.asc,True,1.0,2001-11-11
2001-11-13,21.643100000000004,8.93,36.4,100,maynas_persiann_cdr_2000_2011.zip,CDR_20011113z.asc,True,1.0,2001-11-11
2001-11-14,4.720400000000001,0.0,23.55,100,maynas_persiann_cdr_2000_2011.zip,CDR_20011114z.asc,True,1.0,2001-11-11
2001-11-15,10.157100000000002,1.69,30.76,100,maynas_persiann_cdr_2000_2011.zip,CDR_20011115z.asc,True,1.0,2001-11-11
2001-11-16,7.562299999999999,2.66,16.52,100,maynas_persiann_cdr_2000_2011.zip,CDR_20011116z.asc,True,1.0,2001-11-11
2001-11-17,7.9234,0.3,22.46,100,maynas_persiann_cdr_2000_2011.zip,CDR_20011117z.asc,True,1.0,2001-11-11
2001-11-18,9.3638,1.14,29.63,100,maynas_persiann_cdr_2000_2011.zip,CDR_20011118z.asc,True,1.0,2001-11-18
2001-11-19,3.3767,0.27,10.94,100,maynas_persiann_cdr_2000_2011.zip,CDR_20011119z.asc,True,1.0,2001-11-18
2001-11-20,7.394400000000001,0.64,23.59,100,maynas_persiann_cdr_2000_2011.zip,CDR_20011120z.asc,True,1.0,2001-11-18
2001-11-21,14.287,3.88,37.53,100,maynas_persiann_cdr_2000_2011.zip,CDR_20011121z.asc,True,1.0,2001-11-18
2001-11-22,5.340799999999999,1.22,13.6,100,maynas_persiann_cdr_2000_2011.zip,CDR_20011122z.asc,True,1.0,2001-11-18
2001-11-23,1.4389999999999998,0.0,6.28,100,maynas_persiann_cdr_2000_2011.zip,CDR_20011123z.asc,True,1.0,2001-11-18
2001-11-24,2.2323000000000004,0.0,10.61,100,maynas_persiann_cdr_2000_2011.zip,CDR_20011124z.asc,True,1.0,2001-11-18
2001-11-25,2.8091999999999997,0.0,15.35,100,maynas_persiann_cdr_2000_2011.zip,CDR_20011125z.asc,True,1.0,2001-11-25
2001-11-26,14.295700000000002,2.51,28.78,100,maynas_persiann_cdr_2000_2011.zip,CDR_20011126z.asc,True,1.0,2001-11-25
2001-11-27,15.542499999999997,6.69,26.62,100,maynas_persiann_cdr_2000_2011.zip,CDR_20011127z.asc,True,1.0,2001-11-25
2001-11-28,4.788,0.47,16.72,100,maynas_persiann_cdr_2000_2011.zip,CDR_20011128z.asc,True,1.0,2001-11-25
2001-11-29,4.5684,0.0,14.45,100,maynas_persiann_cdr_2000_2011.zip,CDR_20011129z.asc,True,1.0,2001-11-25
2001-11-30,0.008900000000000002,0.0,0.31,100,maynas_persiann_cdr_2000_2011.zip,CDR_20011130z.asc,True,0.0,2001-11-25
2001-12-01,2.0825,0.0,7.45,100,maynas_persiann_cdr_2000_2011.zip,CDR_20011201z.asc,True,1.0,2001-11-25
2001-12-02,13.383,2.14,49.9,100,maynas_persiann_cdr_2000_2011.zip,CDR_20011202z.asc,True,1.0,2001-12-02
2001-12-03,7.0866999999999996,0.43,26.54,100,maynas_persiann_cdr_2000_2011.zip,CDR_20011203z.asc,True,1.0,2001-12-02
2001-12-04,8.3123,0.0,29.8,100,maynas_persiann_cdr_2000_2011.zip,CDR_20011204z.asc,True,1.0,2001-12-02
2001-12-05,20.888999999999996,3.19,56.9,100,maynas_persiann_cdr_2000_2011.zip,CDR_20011205z.asc,True,1.0,2001-12-02
2001-12-06,17.9711,0.0,47.79,100,maynas_persiann_cdr_2000_2011.zip,CDR_20011206z.asc,True,1.0,2001-12-02
2001-12-07,4.374,0.0,21.19,100,maynas_persiann_cdr_2000_2011.zip,CDR_20011207z.asc,True,1.0,2001-12-02
2001-12-08,0.4172,0.0,1.9,100,maynas_persiann_cdr_2000_2011.zip,CDR_20011208z.asc,True,0.0,2001-12-02
2001-12-09,6.138500000000001,0.0,26.84,100,maynas_persiann_cdr_2000_2011.zip,CDR_20011209z.asc,True,1.0,2001-12-09
2001-12-10,21.419199999999996,2.0,51.9,100,maynas_persiann_cdr_2000_2011.zip,CDR_20011210z.asc,True,1.0,2001-12-09
2001-12-11,1.6365999999999996,0.0,25.22,100,maynas_persiann_cdr_2000_2011.zip,CDR_20011211z.asc,True,1.0,2001-12-09
2001-12-12,0.5996000000000001,0.0,3.4,100,maynas_persiann_cdr_2000_2011.zip,CDR_20011212z.asc,True,0.0,2001-12-09
2001-12-13,0.7117999999999999,0.0,8.37,100,maynas_persiann_cdr_2000_2011.zip,CDR_20011213z.asc,True,0.0,2001-12-09
2001-12-14,14.9772,0.95,31.84,100,maynas_persiann_cdr_2000_2011.zip,CDR_20011214z.asc,True,1.0,2001-12-09
2001-12-15,11.0395,0.0,26.97,100,maynas_persiann_cdr_2000_2011.zip,CDR_20011215z.asc,True,1.0,2001-12-09
2001-12-16,8.3955,0.5,23.11,100,maynas_persiann_cdr_2000_2011.zip,CDR_20011216z.asc,True,1.0,2001-12-16
2001-12-17,6.9963999999999995,0.0,31.96,100,maynas_persiann_cdr_2000_2011.zip,CDR_20011217z.asc,True,1.0,2001-12-16
2001-12-18,7.9979,0.42,37.38,100,maynas_persiann_cdr_2000_2011.zip,CDR_20011218z.asc,True,1.0,2001-12-16
2001-12-19,10.708900000000003,0.0,45.61,100,maynas_persiann_cdr_2000_2011.zip,CDR_20011219z.asc,True,1.0,2001-12-16
2001-12-20,14.290399999999998,4.19,33.72,100,maynas_persiann_cdr_2000_2011.zip,CDR_20011220z.asc,True,1.0,2001-12-16
2001-12-21,1.1495,0.0,9.09,100,maynas_persiann_cdr_2000_2011.zip,CDR_20011221z.asc,True,1.0,2001-12-16
2001-12-22,2.1003,0.0,14.1,100,maynas_persiann_cdr_2000_2011.zip,CDR_20011222z.asc,True,1.0,2001-12-16
2001-12-23,21.008999999999997,0.0,48.21,100,maynas_persiann_cdr_2000_2011.zip,CDR_20011223z.asc,True,1.0,2001-12-23
2001-12-24,54.1541,31.61,81.94,100,maynas_persiann_cdr_2000_2011.zip,CDR_20011224z.asc,True,1.0,2001-12-23
2001-12-25,1.6812,0.0,4.57,100,maynas_persiann_cdr_2000_2011.zip,CDR_20011225z.asc,True,1.0,2001-12-23
2001-12-26,0.5023000000000001,0.0,3.73,100,maynas_persiann_cdr_2000_2011.zip,CDR_20011226z.asc,True,0.0,2001-12-23
2001-12-27,4.480300000000001,0.0,22.07,100,maynas_persiann_cdr_2000_2011.zip,CDR_20011227z.asc,True,1.0,2001-12-23
2001-12-28,8.977599999999999,1.61,32.29,100,maynas_persiann_cdr_2000_2011.zip,CDR_20011228z.asc,True,1.0,2001-12-23
2001-12-29,15.702400000000003,1.34,38.79,100,maynas_persiann_cdr_2000_2011.zip,CDR_20011229z.asc,True,1.0,2001-12-23
2001-12-30,29.230999999999998,12.11,56.44,100,maynas_persiann_cdr_2000_2011.zip,CDR_20011230z.asc,True,1.0,2001-12-30
2001-12-31,4.2986,0.0,28.12,100,maynas_persiann_cdr_2000_2011.zip,CDR_20011231z.asc,True,1.0,2001-12-30
2002-01-01,15.758400000000002,0.0,53.83,100,maynas_persiann_cdr_2000_2011.zip,CDR_20020101z.asc,True,1.0,2001-12-30
2002-01-02,2.0027,0.0,13.07,100,maynas_persiann_cdr_2000_2011.zip,CDR_20020102z.asc,True,1.0,2001-12-30
2002-01-03,1.7990000000000004,0.0,20.71,100,maynas_persiann_cdr_2000_2011.zip,CDR_20020103z.asc,True,1.0,2001-12-30
2002-01-04,5.989900000000001,0.0,24.77,100,maynas_persiann_cdr_2000_2011.zip,CDR_20020104z.asc,True,1.0,2001-12-30
2002-01-05,0.5685000000000001,0.0,3.38,100,maynas_persiann_cdr_2000_2011.zip,CDR_20020105z.asc,True,0.0,2001-12-30
2002-01-06,0.8837,0.0,7.4,100,maynas_persiann_cdr_2000_2011.zip,CDR_20020106z.asc,True,0.0,2002-01-06
2002-01-07,0.6903999999999998,0.0,6.89,100,maynas_persiann_cdr_2000_2011.zip,CDR_20020107z.asc,True,0.0,2002-01-06
2002-01-08,0.7774999999999999,0.0,9.36,100,maynas_persiann_cdr_2000_2011.zip,CDR_20020108z.asc,True,0.0,2002-01-06
2002-01-09,0.0054,0.0,0.54,100,maynas_persiann_cdr_2000_2011.zip,CDR_20020109z.asc,True,0.0,2002-01-06
2002-01-10,1.2355999999999998,0.0,5.8,100,maynas_persiann_cdr_2000_2011.zip,CDR_20020110z.asc,True,1.0,2002-01-06
2002-01-11,2.3656,0.0,8.14,100,maynas_persiann_cdr_2000_2011.zip,CDR_20020111z.asc,True,1.0,2002-01-06
2002-01-12,3.2708999999999997,0.0,17.05,100,maynas_persiann_cdr_2000_2011.zip,CDR_20020112z.asc,True,1.0,2002-01-06
2002-01-13,6.644900000000002,0.0,29.13,100,maynas_persiann_cdr_2000_2011.zip,CDR_20020113z.asc,True,1.0,2002-01-13
2002-01-14,0.16449999999999998,0.0,1.89,100,maynas_persiann_cdr_2000_2011.zip,CDR_20020114z.asc,True,0.0,2002-01-13
2002-01-15,11.9073,2.31,31.95,100,maynas_persiann_cdr_2000_2011.zip,CDR_20020115z.asc,True,1.0,2002-01-13
2002-01-16,12.599899999999998,0.92,35.3,100,maynas_persiann_cdr_2000_2011.zip,CDR_20020116z.asc,True,1.0,2002-01-13
2002-01-17,18.7175,3.71,51.26,100,maynas_persiann_cdr_2000_2011.zip,CDR_20020117z.asc,True,1.0,2002-01-13
2002-01-18,24.947300000000006,0.0,62.17,100,maynas_persiann_cdr_2000_2011.zip,CDR_20020118z.asc,True,1.0,2002-01-13
2002-01-19,4.6167,0.0,31.65,100,maynas_persiann_cdr_2000_2011.zip,CDR_20020119z.asc,True,1.0,2002-01-13
2002-01-20,8.7452,0.46,38.6,100,maynas_persiann_cdr_2000_2011.zip,CDR_20020120z.asc,True,1.0,2002-01-20
2002-01-21,35.2089,8.26,73.3,100,maynas_persiann_cdr_2000_2011.zip,CDR_20020121z.asc,True,1.0,2002-01-20
2002-01-22,9.9656,2.68,22.83,100,maynas_persiann_cdr_2000_2011.zip,CDR_20020122z.asc,True,1.0,2002-01-20
2002-01-23,2.6299000000000006,0.0,8.05,100,maynas_persiann_cdr_2000_2011.zip,CDR_20020123z.asc,True,1.0,2002-01-20
2002-01-24,16.3195,2.41,38.71,100,maynas_persiann_cdr_2000_2011.zip,CDR_20020124z.asc,True,1.0,2002-01-20
2002-01-25,8.699600000000002,0.0,44.34,100,maynas_persiann_cdr_2000_2011.zip,CDR_20020125z.asc,True,1.0,2002-01-20
2002-01-26,6.495,0.0,19.65,100,maynas_persiann_cdr_2000_2011.zip,CDR_20020126z.asc,True,1.0,2002-01-20
2002-01-27,0.7030999999999998,0.0,6.08,100,maynas_persiann_cdr_2000_2011.zip,CDR_20020127z.asc,True,0.0,2002-01-27
2002-01-28,0.5469,0.0,7.12,100,maynas_persiann_cdr_2000_2011.zip,CDR_20020128z.asc,True,0.0,2002-01-27
2002-01-29,1.9448999999999999,0.0,21.94,100,maynas_persiann_cdr_2000_2011.zip,CDR_20020129z.asc,True,1.0,2002-01-27
2002-01-30,0.484,0.0,4.88,100,maynas_persiann_cdr_2000_2011.zip,CDR_20020130z.asc,True,0.0,2002-01-27
2002-01-31,2.4395000000000007,0.0,19.14,100,maynas_persiann_cdr_2000_2011.zip,CDR_20020131z.asc,True,1.0,2002-01-27
2002-02-01,0.2667,0.0,2.5,100,maynas_persiann_cdr_2000_2011.zip,CDR_20020201z.asc,True,0.0,2002-01-27
2002-02-02,5.622500000000001,0.54,19.0,100,maynas_persiann_cdr_2000_2011.zip,CDR_20020202z.asc,True,1.0,2002-01-27
2002-02-03,2.2342,0.0,11.71,100,maynas_persiann_cdr_2000_2011.zip,CDR_20020203z.asc,True,1.0,2002-02-03
2002-02-04,1.8389000000000002,0.0,7.65,100,maynas_persiann_cdr_2000_2011.zip,CDR_20020204z.asc,True,1.0,2002-02-03
2002-02-05,5.785699999999999,0.0,21.32,100,maynas_persiann_cdr_2000_2011.zip,CDR_20020205z.asc,True,1.0,2002-02-03
2002-02-06,36.618100000000005,17.92,57.78,100,maynas_persiann_cdr_2000_2011.zip,CDR_20020206z.asc,True,1.0,2002-02-03
2002-02-07,3.263399999999999,0.47,15.33,100,maynas_persiann_cdr_2000_2011.zip,CDR_20020207z.asc,True,1.0,2002-02-03
2002-02-08,4.0338,0.0,19.32,100,maynas_persiann_cdr_2000_2011.zip,CDR_20020208z.asc,True,1.0,2002-02-03
2002-02-09,3.9858000000000002,0.0,19.68,100,maynas_persiann_cdr_2000_2011.zip,CDR_20020209z.asc,True,1.0,2002-02-03
2002-02-10,11.1118,0.0,39.06,100,maynas_persiann_cdr_2000_2011.zip,CDR_20020210z.asc,True,1.0,2002-02-10
2002-02-11,12.045400000000003,0.0,28.88,100,maynas_persiann_cdr_2000_2011.zip,CDR_20020211z.asc,True,1.0,2002-02-10
2002-02-12,7.735400000000001,0.0,33.49,100,maynas_persiann_cdr_2000_2011.zip,CDR_20020212z.asc,True,1.0,2002-02-10
2002-02-13,6.548000000000001,0.94,21.94,100,maynas_persiann_cdr_2000_2011.zip,CDR_20020213z.asc,True,1.0,2002-02-10
2002-02-14,3.9624999999999995,0.0,21.48,100,maynas_persiann_cdr_2000_2011.zip,CDR_20020214z.asc,True,1.0,2002-02-10
2002-02-15,1.6410999999999998,0.0,11.43,100,maynas_persiann_cdr_2000_2011.zip,CDR_20020215z.asc,True,1.0,2002-02-10
2002-02-16,4.0947000000000005,0.0,21.14,100,maynas_persiann_cdr_2000_2011.zip,CDR_20020216z.asc,True,1.0,2002-02-10
2002-02-17,5.2216,0.0,15.89,100,maynas_persiann_cdr_2000_2011.zip,CDR_20020217z.asc,True,1.0,2002-02-17
2002-02-18,5.3646,0.0,25.63,100,maynas_persiann_cdr_2000_2011.zip,CDR_20020218z.asc,True,1.0,2002-02-17
2002-02-19,13.700500000000002,3.74,40.04,100,maynas_persiann_cdr_2000_2011.zip,CDR_20020219z.asc,True,1.0,2002-02-17
2002-02-20,11.736899999999999,1.03,40.31,100,maynas_persiann_cdr_2000_2011.zip,CDR_20020220z.asc,True,1.0,2002-02-17
2002-02-21,4.7369,0.0,19.82,100,maynas_persiann_cdr_2000_2011.zip,CDR_20020221z.asc,True,1.0,2002-02-17
2002-02-22,4.4988,0.0,16.27,100,maynas_persiann_cdr_2000_2011.zip,CDR_20020222z.asc,True,1.0,2002-02-17
2002-02-23,7.2945,0.62,21.7,100,maynas_persiann_cdr_2000_2011.zip,CDR_20020223z.asc,True,1.0,2002-02-17
2002-02-24,19.479499999999998,5.34,38.75,100,maynas_persiann_cdr_2000_2011.zip,CDR_20020224z.asc,True,1.0,2002-02-24
2002-02-25,12.6645,0.0,40.07,100,maynas_persiann_cdr_2000_2011.zip,CDR_20020225z.asc,True,1.0,2002-02-24
2002-02-26,1.6267000000000003,0.0,12.24,100,maynas_persiann_cdr_2000_2011.zip,CDR_20020226z.asc,True,1.0,2002-02-24
2002-02-27,8.016499999999999,0.0,26.21,100,maynas_persiann_cdr_2000_2011.zip,CDR_20020227z.asc,True,1.0,2002-02-24
2002-02-28,11.633199999999999,0.0,45.34,100,maynas_persiann_cdr_2000_2011.zip,CDR_20020228z.asc,True,1.0,2002-02-24
2002-03-01,16.6575,1.86,38.93,100,maynas_persiann_cdr_2000_2011.zip,CDR_20020301z.asc,True,1.0,2002-02-24
2002-03-02,36.3001,22.33,57.41,100,maynas_persiann_cdr_2000_2011.zip,CDR_20020302z.asc,True,1.0,2002-02-24
2002-03-03,12.3288,4.67,28.72,100,maynas_persiann_cdr_2000_2011.zip,CDR_20020303z.asc,True,1.0,2002-03-03
2002-03-04,9.491799999999998,0.52,20.85,100,maynas_persiann_cdr_2000_2011.zip,CDR_20020304z.asc,True,1.0,2002-03-03
2002-03-05,15.5381,1.84,37.21,100,maynas_persiann_cdr_2000_2011.zip,CDR_20020305z.asc,True,1.0,2002-03-03
2002-03-06,0.5867,0.0,2.28,100,maynas_persiann_cdr_2000_2011.zip,CDR_20020306z.asc,True,0.0,2002-03-03
2002-03-07,0.375,0.0,1.88,100,maynas_persiann_cdr_2000_2011.zip,CDR_20020307z.asc,True,0.0,2002-03-03
2002-03-08,2.9355,0.0,11.5,100,maynas_persiann_cdr_2000_2011.zip,CDR_20020308z.asc,True,1.0,2002-03-03
2002-03-09,5.4186000000000005,0.0,25.04,100,maynas_persiann_cdr_2000_2011.zip,CDR_20020309z.asc,True,1.0,2002-03-03
2002-03-10,4.0209,0.0,26.86,100,maynas_persiann_cdr_2000_2011.zip,CDR_20020310z.asc,True,1.0,2002-03-10
2002-03-11,4.2243,0.0,18.62,100,maynas_persiann_cdr_2000_2011.zip,CDR_20020311z.asc,True,1.0,2002-03-10
2002-03-12,6.3153,0.43,16.5,100,maynas_persiann_cdr_2000_2011.zip,CDR_20020312z.asc,True,1.0,2002-03-10
2002-03-13,23.5614,2.84,50.76,100,maynas_persiann_cdr_2000_2011.zip,CDR_20020313z.asc,True,1.0,2002-03-10
2002-03-14,15.644200000000003,1.37,46.21,100,maynas_persiann_cdr_2000_2011.zip,CDR_20020314z.asc,True,1.0,2002-03-10
2002-03-15,6.0014,0.46,23.33,100,maynas_persiann_cdr_2000_2011.zip,CDR_20020315z.asc,True,1.0,2002-03-10
2002-03-16,1.6925999999999999,0.0,15.7,100,maynas_persiann_cdr_2000_2011.zip,CDR_20020316z.asc,True,1.0,2002-03-10
2002-03-17,9.2333,0.64,27.44,100,maynas_persiann_cdr_2000_2011.zip,CDR_20020317z.asc,True,1.0,2002-03-17
2002-03-18,10.220299999999998,1.13,27.73,100,maynas_persiann_cdr_2000_2011.zip,CDR_20020318z.asc,True,1.0,2002-03-17
2002-03-19,26.8929,11.18,43.74,100,maynas_persiann_cdr_2000_2011.zip,CDR_20020319z.asc,True,1.0,2002-03-17
2002-03-20,19.519699999999997,5.04,48.34,100,maynas_persiann_cdr_2000_2011.zip,CDR_20020320z.asc,True,1.0,2002-03-17
2002-03-21,9.8305,1.12,26.8,100,maynas_persiann_cdr_2000_2011.zip,CDR_20020321z.asc,True,1.0,2002-03-17
2002-03-22,17.902,4.08,40.98,100,maynas_persiann_cdr_2000_2011.zip,CDR_20020322z.asc,True,1.0,2002-03-17
2002-03-23,8.881900000000002,0.0,30.63,100,maynas_persiann_cdr_2000_2011.zip,CDR_20020323z.asc,True,1.0,2002-03-17
2002-03-24,7.0088,1.83,18.4,100,maynas_persiann_cdr_2000_2011.zip,CDR_20020324z.asc,True,1.0,2002-03-24
2002-03-25,18.496399999999998,1.84,43.16,100,maynas_persiann_cdr_2000_2011.zip,CDR_20020325z.asc,True,1.0,2002-03-24
2002-03-26,20.568499999999993,3.41,52.52,100,maynas_persiann_cdr_2000_2011.zip,CDR_20020326z.asc,True,1.0,2002-03-24
2002-03-27,15.768200000000002,1.47,38.01,100,maynas_persiann_cdr_2000_2011.zip,CDR_20020327z.asc,True,1.0,2002-03-24
2002-03-28,11.192,0.97,25.45,100,maynas_persiann_cdr_2000_2011.zip,CDR_20020328z.asc,True,1.0,2002-03-24
2002-03-29,9.0815,2.81,28.96,100,maynas_persiann_cdr_2000_2011.zip,CDR_20020329z.asc,True,1.0,2002-03-24
2002-03-30,5.429000000000001,0.0,25.82,100,maynas_persiann_cdr_2000_2011.zip,CDR_20020330z.asc,True,1.0,2002-03-24
2002-03-31,5.7576,0.52,12.58,100,maynas_persiann_cdr_2000_2011.zip,CDR_20020331z.asc,True,1.0,2002-03-31
2002-04-01,11.885199999999996,0.0,36.67,100,maynas_persiann_cdr_2000_2011.zip,CDR_20020401z.asc,True,1.0,2002-03-31
2002-04-02,11.7677,1.77,40.62,100,maynas_persiann_cdr_2000_2011.zip,CDR_20020402z.asc,True,1.0,2002-03-31
2002-04-03,27.603700000000003,8.57,52.12,100,maynas_persiann_cdr_2000_2011.zip,CDR_20020403z.asc,True,1.0,2002-03-31
2002-04-04,8.6705,4.01,21.94,100,maynas_persiann_cdr_2000_2011.zip,CDR_20020404z.asc,True,1.0,2002-03-31
2002-04-05,3.8292,0.0,14.08,100,maynas_persiann_cdr_2000_2011.zip,CDR_20020405z.asc,True,1.0,2002-03-31
2002-04-06,2.1447,0.0,16.19,100,maynas_persiann_cdr_2000_2011.zip,CDR_20020406z.asc,True,1.0,2002-03-31
2002-04-07,11.6921,0.45,29.16,100,maynas_persiann_cdr_2000_2011.zip,CDR_20020407z.asc,True,1.0,2002-04-07
2002-04-08,31.743899999999993,6.85,75.61,100,maynas_persiann_cdr_2000_2011.zip,CDR_20020408z.asc,True,1.0,2002-04-07
2002-04-09,6.4474,1.36,31.57,100,maynas_persiann_cdr_2000_2011.zip,CDR_20020409z.asc,True,1.0,2002-04-07
2002-04-10,4.466600000000001,0.43,13.86,100,maynas_persiann_cdr_2000_2011.zip,CDR_20020410z.asc,True,1.0,2002-04-07
2002-04-11,0.3127,0.0,6.57,100,maynas_persiann_cdr_2000_2011.zip,CDR_20020411z.asc,True,0.0,2002-04-07
2002-04-12,8.9884,0.0,35.46,100,maynas_persiann_cdr_2000_2011.zip,CDR_20020412z.asc,True,1.0,2002-04-07
2002-04-13,32.989200000000004,6.22,67.48,100,maynas_persiann_cdr_2000_2011.zip,CDR_20020413z.asc,True,1.0,2002-04-07
2002-04-14,12.8275,1.37,42.97,100,maynas_persiann_cdr_2000_2011.zip,CDR_20020414z.asc,True,1.0,2002-04-14
2002-04-15,9.060500000000001,1.07,27.47,100,maynas_persiann_cdr_2000_2011.zip,CDR_20020415z.asc,True,1.0,2002-04-14
2002-04-16,8.3475,0.0,30.85,100,maynas_persiann_cdr_2000_2011.zip,CDR_20020416z.asc,True,1.0,2002-04-14
2002-04-17,1.3176999999999999,0.0,8.69,100,maynas_persiann_cdr_2000_2011.zip,CDR_20020417z.asc,True,1.0,2002-04-14
2002-04-18,5.9544,0.0,28.84,100,maynas_persiann_cdr_2000_2011.zip,CDR_20020418z.asc,True,1.0,2002-04-14
2002-04-19,25.5061,8.3,54.83,100,maynas_persiann_cdr_2000_2011.zip,CDR_20020419z.asc,True,1.0,2002-04-14
2002-04-20,1.0430000000000001,0.0,4.92,100,maynas_persiann_cdr_2000_2011.zip,CDR_20020420z.asc,True,1.0,2002-04-14
2002-04-21,3.1192000000000006,0.0,12.23,100,maynas_persiann_cdr_2000_2011.zip,CDR_20020421z.asc,True,1.0,2002-04-21
2002-04-22,25.2843,0.69,57.72,100,maynas_persiann_cdr_2000_2011.zip,CDR_20020422z.asc,True,1.0,2002-04-21
2002-04-23,18.6191,4.33,48.22,100,maynas_persiann_cdr_2000_2011.zip,CDR_20020423z.asc,True,1.0,2002-04-21
2002-04-24,8.606300000000001,0.63,24.96,100,maynas_persiann_cdr_2000_2011.zip,CDR_20020424z.asc,True,1.0,2002-04-21
2002-04-25,14.5441,4.57,40.98,100,maynas_persiann_cdr_2000_2011.zip,CDR_20020425z.asc,True,1.0,2002-04-21
2002-04-26,3.6129,0.0,13.17,100,maynas_persiann_cdr_2000_2011.zip,CDR_20020426z.asc,True,1.0,2002-04-21
2002-04-27,18.6545,3.85,60.7,100,maynas_persiann_cdr_2000_2011.zip,CDR_20020427z.asc,True,1.0,2002-04-21
2002-04-28,3.6075000000000004,0.0,11.39,100,maynas_persiann_cdr_2000_2011.zip,CDR_20020428z.asc,True,1.0,2002-04-28
2002-04-29,2.6751,0.0,12.81,100,maynas_persiann_cdr_2000_2011.zip,CDR_20020429z.asc,True,1.0,2002-04-28
2002-04-30,5.0923,0.0,21.98,100,maynas_persiann_cdr_2000_2011.zip,CDR_20020430z.asc,True,1.0,2002-04-28
2002-05-01,23.715100000000003,0.9,61.56,100,maynas_persiann_cdr_2000_2011.zip,CDR_20020501z.asc,True,1.0,2002-04-28
2002-05-02,30.3449,10.54,64.12,100,maynas_persiann_cdr_2000_2011.zip,CDR_20020502z.asc,True,1.0,2002-04-28
2002-05-03,4.333,0.0,20.83,100,maynas_persiann_cdr_2000_2011.zip,CDR_20020503z.asc,True,1.0,2002-04-28
2002-05-04,8.601600000000001,0.0,31.04,100,maynas_persiann_cdr_2000_2011.zip,CDR_20020504z.asc,True,1.0,2002-04-28
2002-05-05,3.8439000000000005,0.0,34.98,100,maynas_persiann_cdr_2000_2011.zip,CDR_20020505z.asc,True,1.0,2002-05-05
2002-05-06,12.666500000000001,0.0,43.59,100,maynas_persiann_cdr_2000_2011.zip,CDR_20020506z.asc,True,1.0,2002-05-05
2002-05-07,2.3865,0.0,11.65,100,maynas_persiann_cdr_2000_2011.zip,CDR_20020507z.asc,True,1.0,2002-05-05
2002-05-08,11.2925,2.04,30.97,100,maynas_persiann_cdr_2000_2011.zip,CDR_20020508z.asc,True,1.0,2002-05-05
2002-05-09,10.3778,0.0,58.36,100,maynas_persiann_cdr_2000_2011.zip,CDR_20020509z.asc,True,1.0,2002-05-05
2002-05-10,11.718600000000002,0.0,52.4,100,maynas_persiann_cdr_2000_2011.zip,CDR_20020510z.asc,True,1.0,2002-05-05
2002-05-11,17.4416,0.0,46.75,100,maynas_persiann_cdr_2000_2011.zip,CDR_20020511z.asc,True,1.0,2002-05-05
2002-05-12,5.5193,0.0,22.17,100,maynas_persiann_cdr_2000_2011.zip,CDR_20020512z.asc,True,1.0,2002-05-12
2002-05-13,0.551,0.0,7.75,100,maynas_persiann_cdr_2000_2011.zip,CDR_20020513z.asc,True,0.0,2002-05-12
2002-05-14,0.057800000000000004,0.0,2.15,100,maynas_persiann_cdr_2000_2011.zip,CDR_20020514z.asc,True,0.0,2002-05-12
2002-05-15,7.9375,0.0,28.67,100,maynas_persiann_cdr_2000_2011.zip,CDR_20020515z.asc,True,1.0,2002-05-12
2002-05-16,5.9014,0.0,23.91,100,maynas_persiann_cdr_2000_2011.zip,CDR_20020516z.asc,True,1.0,2002-05-12
2002-05-17,9.460700000000001,0.0,40.0,100,maynas_persiann_cdr_2000_2011.zip,CDR_20020517z.asc,True,1.0,2002-05-12
2002-05-18,6.3055,0.0,19.95,100,maynas_persiann_cdr_2000_2011.zip,CDR_20020518z.asc,True,1.0,2002-05-12
2002-05-19,0.3664,0.0,4.15,100,maynas_persiann_cdr_2000_2011.zip,CDR_20020519z.asc,True,0.0,2002-05-19
2002-05-20,9.1002,0.0,62.3,100,maynas_persiann_cdr_2000_2011.zip,CDR_20020520z.asc,True,1.0,2002-05-19
2002-05-21,13.351299999999998,0.0,52.39,100,maynas_persiann_cdr_2000_2011.zip,CDR_20020521z.asc,True,1.0,2002-05-19
2002-05-22,6.4937999999999985,0.0,34.78,100,maynas_persiann_cdr_2000_2011.zip,CDR_20020522z.asc,True,1.0,2002-05-19
2002-05-23,6.1836,1.06,18.32,100,maynas_persiann_cdr_2000_2011.zip,CDR_20020523z.asc,True,1.0,2002-05-19
2002-05-24,4.936400000000001,0.0,24.0,100,maynas_persiann_cdr_2000_2011.zip,CDR_20020524z.asc,True,1.0,2002-05-19
2002-05-25,13.6797,1.19,47.43,100,maynas_persiann_cdr_2000_2011.zip,CDR_20020525z.asc,True,1.0,2002-05-19
2002-05-26,2.8768000000000007,0.0,19.51,100,maynas_persiann_cdr_2000_2011.zip,CDR_20020526z.asc,True,1.0,2002-05-26
2002-05-27,2.0853,0.0,17.17,100,maynas_persiann_cdr_2000_2011.zip,CDR_20020527z.asc,True,1.0,2002-05-26
2002-05-28,8.8656,0.0,47.94,100,maynas_persiann_cdr_2000_2011.zip,CDR_20020528z.asc,True,1.0,2002-05-26
2002-05-29,24.399399999999996,7.44,46.12,100,maynas_persiann_cdr_2000_2011.zip,CDR_20020529z.asc,True,1.0,2002-05-26
2002-05-30,5.8793,0.0,22.7,100,maynas_persiann_cdr_2000_2011.zip,CDR_20020530z.asc,True,1.0,2002-05-26
2002-05-31,12.3178,0.86,50.88,100,maynas_persiann_cdr_2000_2011.zip,CDR_20020531z.asc,True,1.0,2002-05-26
2002-06-01,15.5478,0.0,49.32,100,maynas_persiann_cdr_2000_2011.zip,CDR_20020601z.asc,True,1.0,2002-05-26
2002-06-02,3.6167000000000002,0.0,14.73,100,maynas_persiann_cdr_2000_2011.zip,CDR_20020602z.asc,True,1.0,2002-06-02
2002-06-03,32.3652,4.2,76.35,100,maynas_persiann_cdr_2000_2011.zip,CDR_20020603z.asc,True,1.0,2002-06-02
2002-06-04,14.0789,0.0,48.71,100,maynas_persiann_cdr_2000_2011.zip,CDR_20020604z.asc,True,1.0,2002-06-02
2002-06-05,12.926599999999999,0.0,41.56,100,maynas_persiann_cdr_2000_2011.zip,CDR_20020605z.asc,True,1.0,2002-06-02
2002-06-06,15.820000000000002,0.94,60.29,100,maynas_persiann_cdr_2000_2011.zip,CDR_20020606z.asc,True,1.0,2002-06-02
2002-06-07,8.367199999999999,1.3,32.79,100,maynas_persiann_cdr_2000_2011.zip,CDR_20020607z.asc,True,1.0,2002-06-02
2002-06-08,18.738500000000002,3.33,51.08,100,maynas_persiann_cdr_2000_2011.zip,CDR_20020608z.asc,True,1.0,2002-06-02
2002-06-09,10.769400000000001,0.0,40.75,100,maynas_persiann_cdr_2000_2011.zip,CDR_20020609z.asc,True,1.0,2002-06-09
2002-06-10,21.594100000000005,0.0,62.64,100,maynas_persiann_cdr_2000_2011.zip,CDR_20020610z.asc,True,1.0,2002-06-09
2002-06-11,25.152499999999996,1.09,86.64,100,maynas_persiann_cdr_2000_2011.zip,CDR_20020611z.asc,True,1.0,2002-06-09
2002-06-12,2.7026,0.0,9.84,100,maynas_persiann_cdr_2000_2011.zip,CDR_20020612z.asc,True,1.0,2002-06-09
2002-06-13,9.777800000000001,0.0,46.04,100,maynas_persiann_cdr_2000_2011.zip,CDR_20020613z.asc,True,1.0,2002-06-09
2002-06-14,12.401100000000001,0.0,51.07,100,maynas_persiann_cdr_2000_2011.zip,CDR_20020614z.asc,True,1.0,2002-06-09
2002-06-15,6.8675,0.0,42.25,100,maynas_persiann_cdr_2000_2011.zip,CDR_20020615z.asc,True,1.0,2002-06-09
2002-06-16,1.3903,0.0,17.29,100,maynas_persiann_cdr_2000_2011.zip,CDR_20020616z.asc,True,1.0,2002-06-16
2002-06-17,0.0116,0.0,1.16,100,maynas_persiann_cdr_2000_2011.zip,CDR_20020617z.asc,True,0.0,2002-06-16
2002-06-18,0.094,0.0,3.73,100,maynas_persiann_cdr_2000_2011.zip,CDR_20020618z.asc,True,0.0,2002-06-16
2002-06-19,3.4411,0.0,25.47,100,maynas_persiann_cdr_2000_2011.zip,CDR_20020619z.asc,True,1.0,2002-06-16
2002-06-20,1.7571,0.0,14.58,100,maynas_persiann_cdr_2000_2011.zip,CDR_20020620z.asc,True,1.0,2002-06-16
2002-06-21,0.0892,0.0,1.54,100,maynas_persiann_cdr_2000_2011.zip,CDR_20020621z.asc,True,0.0,2002-06-16
2002-06-22,0.1296,0.0,3.8,100,maynas_persiann_cdr_2000_2011.zip,CDR_20020622z.asc,True,0.0,2002-06-16
2002-06-23,0.0706,0.0,1.65,100,maynas_persiann_cdr_2000_2011.zip,CDR_20020623z.asc,True,0.0,2002-06-23
2002-06-24,0.1757,0.0,5.53,100,maynas_persiann_cdr_2000_2011.zip,CDR_20020624z.asc,True,0.0,2002-06-23
2002-06-25,0.0638,0.0,2.29,100,maynas_persiann_cdr_2000_2011.zip,CDR_20020625z.asc,True,0.0,2002-06-23
2002-06-26,0.0329,0.0,1.18,100,maynas_persiann_cdr_2000_2011.zip,CDR_20020626z.asc,True,0.0,2002-06-23
2002-06-27,0.09300000000000001,0.0,1.77,100,maynas_persiann_cdr_2000_2011.zip,CDR_20020627z.asc,True,0.0,2002-06-23
2002-06-28,0.0,0.0,0.0,100,maynas_persiann_cdr_2000_2011.zip,CDR_20020628z.asc,True,0.0,2002-06-23
2002-06-29,0.4421,0.0,6.0,100,maynas_persiann_cdr_2000_2011.zip,CDR_20020629z.asc,True,0.0,2002-06-23
2002-06-30,3.9931,0.0,17.9,100,maynas_persiann_cdr_2000_2011.zip,CDR_20020630z.asc,True,1.0,2002-06-30
2002-07-01,3.8517000000000006,0.0,15.11,100,maynas_persiann_cdr_2000_2011.zip,CDR_20020701z.asc,True,1.0,2002-06-30
2002-07-02,1.9084999999999999,0.0,14.54,100,maynas_persiann_cdr_2000_2011.zip,CDR_20020702z.asc,True,1.0,2002-06-30
2002-07-03,0.0354,0.0,1.43,100,maynas_persiann_cdr_2000_2011.zip,CDR_20020703z.asc,True,0.0,2002-06-30
2002-07-04,0.29950000000000004,0.0,4.11,100,maynas_persiann_cdr_2000_2011.zip,CDR_20020704z.asc,True,0.0,2002-06-30
2002-07-05,0.0625,0.0,3.14,100,maynas_persiann_cdr_2000_2011.zip,CDR_20020705z.asc,True,0.0,2002-06-30
2002-07-06,9.6532,0.0,38.77,100,maynas_persiann_cdr_2000_2011.zip,CDR_20020706z.asc,True,1.0,2002-06-30
2002-07-07,3.7914999999999996,0.0,16.83,100,maynas_persiann_cdr_2000_2011.zip,CDR_20020707z.asc,True,1.0,2002-07-07
2002-07-08,1.4679999999999997,0.0,27.41,100,maynas_persiann_cdr_2000_2011.zip,CDR_20020708z.asc,True,1.0,2002-07-07
2002-07-09,1.7635000000000003,0.0,23.11,100,maynas_persiann_cdr_2000_2011.zip,CDR_20020709z.asc,True,1.0,2002-07-07
2002-07-10,0.21780000000000002,0.0,4.0,100,maynas_persiann_cdr_2000_2011.zip,CDR_20020710z.asc,True,0.0,2002-07-07
2002-07-11,8.733,0.0,52.8,100,maynas_persiann_cdr_2000_2011.zip,CDR_20020711z.asc,True,1.0,2002-07-07
2002-07-12,32.3664,3.91,87.08,100,maynas_persiann_cdr_2000_2011.zip,CDR_20020712z.asc,True,1.0,2002-07-07
2002-07-13,1.8577999999999997,0.0,18.22,100,maynas_persiann_cdr_2000_2011.zip,CDR_20020713z.asc,True,1.0,2002-07-07
2002-07-14,2.3025,0.0,16.46,100,maynas_persiann_cdr_2000_2011.zip,CDR_20020714z.asc,True,1.0,2002-07-14
2002-07-15,3.378,0.0,22.22,100,maynas_persiann_cdr_2000_2011.zip,CDR_20020715z.asc,True,1.0,2002-07-14
2002-07-16,5.244299999999999,0.0,30.41,100,maynas_persiann_cdr_2000_2011.zip,CDR_20020716z.asc,True,1.0,2002-07-14
2002-07-17,26.681500000000007,1.79,84.84,100,maynas_persiann_cdr_2000_2011.zip,CDR_20020717z.asc,True,1.0,2002-07-14
2002-07-18,62.858599999999996,16.19,152.1,100,maynas_persiann_cdr_2000_2011.zip,CDR_20020718z.asc,True,1.0,2002-07-14
2002-07-19,3.7444,0.0,10.75,100,maynas_persiann_cdr_2000_2011.zip,CDR_20020719z.asc,True,1.0,2002-07-14
2002-07-20,0.0,0.0,0.0,100,maynas_persiann_cdr_2000_2011.zip,CDR_20020720z.asc,True,0.0,2002-07-14
2002-07-21,0.657,0.0,11.7,100,maynas_persiann_cdr_2000_2011.zip,CDR_20020721z.asc,True,0.0,2002-07-21
2002-07-22,2.3560999999999996,0.0,24.06,100,maynas_persiann_cdr_2000_2011.zip,CDR_20020722z.asc,True,1.0,2002-07-21
2002-07-23,43.1262,13.19,95.47,100,maynas_persiann_cdr_2000_2011.zip,CDR_20020723z.asc,True,1.0,2002-07-21
2002-07-24,44.032300000000006,15.1,121.7,100,maynas_persiann_cdr_2000_2011.zip,CDR_20020724z.asc,True,1.0,2002-07-21
2002-07-25,23.677299999999995,2.37,67.48,100,maynas_persiann_cdr_2000_2011.zip,CDR_20020725z.asc,True,1.0,2002-07-21
2002-07-26,24.048,1.88,90.94,100,maynas_persiann_cdr_2000_2011.zip,CDR_20020726z.asc,True,1.0,2002-07-21
2002-07-27,4.0048,0.0,15.81,100,maynas_persiann_cdr_2000_2011.zip,CDR_20020727z.asc,True,1.0,2002-07-21
2002-07-28,13.9621,0.0,52.07,100,maynas_persiann_cdr_2000_2011.zip,CDR_20020728z.asc,True,1.0,2002-07-28
2002-07-29,9.7863,0.0,52.56,100,maynas_persiann_cdr_2000_2011.zip,CDR_20020729z.asc,True,1.0,2002-07-28
2002-07-30,4.2436,0.0,28.62,100,maynas_persiann_cdr_2000_2011.zip,CDR_20020730z.asc,True,1.0,2002-07-28
2002-07-31,0.7027,0.0,9.07,100,maynas_persiann_cdr_2000_2011.zip,CDR_20020731z.asc,True,0.0,2002-07-28
2002-08-01,9.1627,1.84,25.9,100,maynas_persiann_cdr_2000_2011.zip,CDR_20020801z.asc,True,1.0,2002-07-28
2002-08-02,3.1775,0.0,26.48,100,maynas_persiann_cdr_2000_2011.zip,CDR_20020802z.asc,True,1.0,2002-07-28
2002-08-03,6.2978000000000005,1.03,15.42,100,maynas_persiann_cdr_2000_2011.zip,CDR_20020803z.asc,True,1.0,2002-07-28
2002-08-04,1.7104,0.0,7.99,100,maynas_persiann_cdr_2000_2011.zip,CDR_20020804z.asc,True,1.0,2002-08-04
2002-08-05,0.0086,0.0,0.86,100,maynas_persiann_cdr_2000_2011.zip,CDR_20020805z.asc,True,0.0,2002-08-04
2002-08-06,0.051300000000000005,0.0,0.79,100,maynas_persiann_cdr_2000_2011.zip,CDR_20020806z.asc,True,0.0,2002-08-04
2002-08-07,10.5907,0.0,38.84,100,maynas_persiann_cdr_2000_2011.zip,CDR_20020807z.asc,True,1.0,2002-08-04
2002-08-08,3.1046000000000005,0.0,14.4,100,maynas_persiann_cdr_2000_2011.zip,CDR_20020808z.asc,True,1.0,2002-08-04
2002-08-09,0.5003,0.0,7.84,100,maynas_persiann_cdr_2000_2011.zip,CDR_20020809z.asc,True,0.0,2002-08-04
2002-08-10,1.7369999999999999,0.0,14.49,100,maynas_persiann_cdr_2000_2011.zip,CDR_20020810z.asc,True,1.0,2002-08-04
2002-08-11,4.9085,0.0,20.04,100,maynas_persiann_cdr_2000_2011.zip,CDR_20020811z.asc,True,1.0,2002-08-11
2002-08-12,7.685599999999999,0.0,26.14,100,maynas_persiann_cdr_2000_2011.zip,CDR_20020812z.asc,True,1.0,2002-08-11
2002-08-13,3.4449,0.0,20.0,100,maynas_persiann_cdr_2000_2011.zip,CDR_20020813z.asc,True,1.0,2002-08-11
2002-08-14,0.31060000000000004,0.0,4.81,100,maynas_persiann_cdr_2000_2011.zip,CDR_20020814z.asc,True,0.0,2002-08-11
2002-08-15,5.6628,0.0,26.99,100,maynas_persiann_cdr_2000_2011.zip,CDR_20020815z.asc,True,1.0,2002-08-11
2002-08-16,3.3866999999999994,0.0,17.13,100,maynas_persiann_cdr_2000_2011.zip,CDR_20020816z.asc,True,1.0,2002-08-11
2002-08-17,1.3632,0.0,14.13,100,maynas_persiann_cdr_2000_2011.zip,CDR_20020817z.asc,True,1.0,2002-08-11
2002-08-18,5.7288,0.0,40.68,100,maynas_persiann_cdr_2000_2011.zip,CDR_20020818z.asc,True,1.0,2002-08-18
2002-08-19,0.0,0.0,0.0,100,maynas_persiann_cdr_2000_2011.zip,CDR_20020819z.asc,True,0.0,2002-08-18
2002-08-20,3.2925999999999997,0.0,15.53,100,maynas_persiann_cdr_2000_2011.zip,CDR_20020820z.asc,True,1.0,2002-08-18
2002-08-21,3.2442999999999995,0.0,13.24,100,maynas_persiann_cdr_2000_2011.zip,CDR_20020821z.asc,True,1.0,2002-08-18
2002-08-22,6.639499999999998,0.0,21.31,100,maynas_persiann_cdr_2000_2011.zip,CDR_20020822z.asc,True,1.0,2002-08-18
2002-08-23,7.598899999999999,0.0,27.22,100,maynas_persiann_cdr_2000_2011.zip,CDR_20020823z.asc,True,1.0,2002-08-18
2002-08-24,6.8949,0.0,24.43,100,maynas_persiann_cdr_2000_2011.zip,CDR_20020824z.asc,True,1.0,2002-08-18
2002-08-25,2.9448000000000003,0.0,21.2,100,maynas_persiann_cdr_2000_2011.zip,CDR_20020825z.asc,True,1.0,2002-08-25
2002-08-26,20.9793,7.27,59.78,100,maynas_persiann_cdr_2000_2011.zip,CDR_20020826z.asc,True,1.0,2002-08-25
2002-08-27,13.993699999999999,0.75,37.67,100,maynas_persiann_cdr_2000_2011.zip,CDR_20020827z.asc,True,1.0,2002-08-25
2002-08-28,21.1661,0.76,53.43,100,maynas_persiann_cdr_2000_2011.zip,CDR_20020828z.asc,True,1.0,2002-08-25
2002-08-29,17.8232,1.25,44.54,100,maynas_persiann_cdr_2000_2011.zip,CDR_20020829z.asc,True,1.0,2002-08-25
2002-08-30,14.724900000000002,0.0,46.74,100,maynas_persiann_cdr_2000_2011.zip,CDR_20020830z.asc,True,1.0,2002-08-25
2002-08-31,28.393700000000003,0.78,56.42,100,maynas_persiann_cdr_2000_2011.zip,CDR_20020831z.asc,True,1.0,2002-08-25
2002-09-01,6.826999999999999,0.98,21.82,100,maynas_persiann_cdr_2000_2011.zip,CDR_20020901z.asc,True,1.0,2002-09-01
2002-09-02,5.516699999999998,0.0,24.69,100,maynas_persiann_cdr_2000_2011.zip,CDR_20020902z.asc,True,1.0,2002-09-01
2002-09-03,1.6309,0.0,8.05,100,maynas_persiann_cdr_2000_2011.zip,CDR_20020903z.asc,True,1.0,2002-09-01
2002-09-04,0.2002,0.0,2.55,100,maynas_persiann_cdr_2000_2011.zip,CDR_20020904z.asc,True,0.0,2002-09-01
2002-09-05,3.4868,0.0,16.24,100,maynas_persiann_cdr_2000_2011.zip,CDR_20020905z.asc,True,1.0,2002-09-01
2002-09-06,1.3268,0.0,12.29,100,maynas_persiann_cdr_2000_2011.zip,CDR_20020906z.asc,True,1.0,2002-09-01
2002-09-07,5.7719,0.0,21.08,100,maynas_persiann_cdr_2000_2011.zip,CDR_20020907z.asc,True,1.0,2002-09-01
2002-09-08,13.8676,4.19,28.74,100,maynas_persiann_cdr_2000_2011.zip,CDR_20020908z.asc,True,1.0,2002-09-08
2002-09-09,6.537600000000002,0.0,27.15,100,maynas_persiann_cdr_2000_2011.zip,CDR_20020909z.asc,True,1.0,2002-09-08
2002-09-10,2.2343,0.0,11.09,100,maynas_persiann_cdr_2000_2011.zip,CDR_20020910z.asc,True,1.0,2002-09-08
2002-09-11,0.37209999999999993,0.0,4.79,100,maynas_persiann_cdr_2000_2011.zip,CDR_20020911z.asc,True,0.0,2002-09-08
2002-09-12,0.09620000000000001,0.0,2.42,100,maynas_persiann_cdr_2000_2011.zip,CDR_20020912z.asc,True,0.0,2002-09-08
2002-09-13,3.0721999999999996,0.0,24.14,100,maynas_persiann_cdr_2000_2011.zip,CDR_20020913z.asc,True,1.0,2002-09-08
2002-09-14,2.2888,0.0,11.02,100,maynas_persiann_cdr_2000_2011.zip,CDR_20020914z.asc,True,1.0,2002-09-08
2002-09-15,8.226299999999998,0.0,39.77,100,maynas_persiann_cdr_2000_2011.zip,CDR_20020915z.asc,True,1.0,2002-09-15
2002-09-16,2.4948,0.0,11.13,100,maynas_persiann_cdr_2000_2011.zip,CDR_20020916z.asc,True,1.0,2002-09-15
2002-09-17,7.852799999999999,0.5,26.94,100,maynas_persiann_cdr_2000_2011.zip,CDR_20020917z.asc,True,1.0,2002-09-15
2002-09-18,12.764700000000003,2.87,30.55,100,maynas_persiann_cdr_2000_2011.zip,CDR_20020918z.asc,True,1.0,2002-09-15
2002-09-19,6.0652,0.69,14.1,100,maynas_persiann_cdr_2000_2011.zip,CDR_20020919z.asc,True,1.0,2002-09-15
2002-09-20,4.8233,0.0,24.49,100,maynas_persiann_cdr_2000_2011.zip,CDR_20020920z.asc,True,1.0,2002-09-15
2002-09-21,5.0321,0.0,20.19,100,maynas_persiann_cdr_2000_2011.zip,CDR_20020921z.asc,True,1.0,2002-09-15
2002-09-22,2.8767999999999994,0.0,13.59,100,maynas_persiann_cdr_2000_2011.zip,CDR_20020922z.asc,True,1.0,2002-09-22
2002-09-23,0.0,0.0,0.0,100,maynas_persiann_cdr_2000_2011.zip,CDR_20020923z.asc,True,0.0,2002-09-22
2002-09-24,5.8046999999999995,0.0,22.22,100,maynas_persiann_cdr_2000_2011.zip,CDR_20020924z.asc,True,1.0,2002-09-22
2002-09-25,21.481899999999996,6.19,53.84,100,maynas_persiann_cdr_2000_2011.zip,CDR_20020925z.asc,True,1.0,2002-09-22
2002-09-26,2.1827,0.0,11.15,100,maynas_persiann_cdr_2000_2011.zip,CDR_20020926z.asc,True,1.0,2002-09-22
2002-09-27,25.491899999999998,15.68,45.61,100,maynas_persiann_cdr_2000_2011.zip,CDR_20020927z.asc,True,1.0,2002-09-22
2002-09-28,1.7723000000000002,0.0,8.96,100,maynas_persiann_cdr_2000_2011.zip,CDR_20020928z.asc,True,1.0,2002-09-22
2002-09-29,5.721000000000001,0.0,16.22,100,maynas_persiann_cdr_2000_2011.zip,CDR_20020929z.asc,True,1.0,2002-09-29
2002-09-30,5.021400000000001,0.0,14.63,100,maynas_persiann_cdr_2000_2011.zip,CDR_20020930z.asc,True,1.0,2002-09-29
2002-10-01,14.220900000000002,2.47,39.89,100,maynas_persiann_cdr_2000_2011.zip,CDR_20021001z.asc,True,1.0,2002-09-29
2002-10-02,12.2684,1.34,28.77,100,maynas_persiann_cdr_2000_2011.zip,CDR_20021002z.asc,True,1.0,2002-09-29
2002-10-03,9.940800000000001,0.0,31.17,100,maynas_persiann_cdr_2000_2011.zip,CDR_20021003z.asc,True,1.0,2002-09-29
2002-10-04,7.2948,0.58,22.21,100,maynas_persiann_cdr_2000_2011.zip,CDR_20021004z.asc,True,1.0,2002-09-29
2002-10-05,6.938499999999998,0.0,29.77,100,maynas_persiann_cdr_2000_2011.zip,CDR_20021005z.asc,True,1.0,2002-09-29
2002-10-06,3.8287,0.0,22.32,100,maynas_persiann_cdr_2000_2011.zip,CDR_20021006z.asc,True,1.0,2002-10-06
2002-10-07,6.176000000000001,0.0,29.41,100,maynas_persiann_cdr_2000_2011.zip,CDR_20021007z.asc,True,1.0,2002-10-06
2002-10-08,4.211,0.0,23.73,100,maynas_persiann_cdr_2000_2011.zip,CDR_20021008z.asc,True,1.0,2002-10-06
2002-10-09,5.9616,0.0,26.44,100,maynas_persiann_cdr_2000_2011.zip,CDR_20021009z.asc,True,1.0,2002-10-06
2002-10-10,12.338400000000002,1.15,34.85,100,maynas_persiann_cdr_2000_2011.zip,CDR_20021010z.asc,True,1.0,2002-10-06
2002-10-11,7.3656,0.0,27.66,100,maynas_persiann_cdr_2000_2011.zip,CDR_20021011z.asc,True,1.0,2002-10-06
2002-10-12,7.414499999999999,0.63,24.82,100,maynas_persiann_cdr_2000_2011.zip,CDR_20021012z.asc,True,1.0,2002-10-06
2002-10-13,0.8087000000000001,0.0,4.67,100,maynas_persiann_cdr_2000_2011.zip,CDR_20021013z.asc,True,0.0,2002-10-13
2002-10-14,1.3904000000000003,0.0,10.46,100,maynas_persiann_cdr_2000_2011.zip,CDR_20021014z.asc,True,1.0,2002-10-13
2002-10-15,8.0692,0.82,20.57,100,maynas_persiann_cdr_2000_2011.zip,CDR_20021015z.asc,True,1.0,2002-10-13
2002-10-16,5.1038,0.0,16.08,100,maynas_persiann_cdr_2000_2011.zip,CDR_20021016z.asc,True,1.0,2002-10-13
2002-10-17,4.6082,0.0,29.34,100,maynas_persiann_cdr_2000_2011.zip,CDR_20021017z.asc,True,1.0,2002-10-13
2002-10-18,1.7826999999999997,0.0,13.16,100,maynas_persiann_cdr_2000_2011.zip,CDR_20021018z.asc,True,1.0,2002-10-13
2002-10-19,3.6412999999999998,0.0,19.67,100,maynas_persiann_cdr_2000_2011.zip,CDR_20021019z.asc,True,1.0,2002-10-13
2002-10-20,4.0071,0.0,17.12,100,maynas_persiann_cdr_2000_2011.zip,CDR_20021020z.asc,True,1.0,2002-10-20
2002-10-21,6.3351,0.58,27.2,100,maynas_persiann_cdr_2000_2011.zip,CDR_20021021z.asc,True,1.0,2002-10-20
2002-10-22,4.523,1.15,15.36,100,maynas_persiann_cdr_2000_2011.zip,CDR_20021022z.asc,True,1.0,2002-10-20
2002-10-23,9.712800000000001,0.93,21.73,100,maynas_persiann_cdr_2000_2011.zip,CDR_20021023z.asc,True,1.0,2002-10-20
2002-10-24,5.6339999999999995,0.0,20.59,100,maynas_persiann_cdr_2000_2011.zip,CDR_20021024z.asc,True,1.0,2002-10-20
2002-10-25,11.175999999999998,0.0,50.2,100,maynas_persiann_cdr_2000_2011.zip,CDR_20021025z.asc,True,1.0,2002-10-20
2002-10-26,29.4918,8.69,60.42,100,maynas_persiann_cdr_2000_2011.zip,CDR_20021026z.asc,True,1.0,2002-10-20
2002-10-27,4.6894,0.49,17.45,100,maynas_persiann_cdr_2000_2011.zip,CDR_20021027z.asc,True,1.0,2002-10-27
2002-10-28,9.0755,0.0,28.57,100,maynas_persiann_cdr_2000_2011.zip,CDR_20021028z.asc,True,1.0,2002-10-27
2002-10-29,11.162400000000002,0.0,43.36,100,maynas_persiann_cdr_2000_2011.zip,CDR_20021029z.asc,True,1.0,2002-10-27
2002-10-30,18.7896,4.78,54.53,100,maynas_persiann_cdr_2000_2011.zip,CDR_20021030z.asc,True,1.0,2002-10-27
2002-10-31,17.1258,3.34,43.02,100,maynas_persiann_cdr_2000_2011.zip,CDR_20021031z.asc,True,1.0,2002-10-27
2002-11-01,21.011100000000003,7.12,51.3,100,maynas_persiann_cdr_2000_2011.zip,CDR_20021101z.asc,True,1.0,2002-10-27
2002-11-02,3.2602999999999995,0.0,15.29,100,maynas_persiann_cdr_2000_2011.zip,CDR_20021102z.asc,True,1.0,2002-10-27
2002-11-03,12.768999999999998,0.52,40.22,100,maynas_persiann_cdr_2000_2011.zip,CDR_20021103z.asc,True,1.0,2002-11-03
2002-11-04,13.719899999999997,0.99,33.29,100,maynas_persiann_cdr_2000_2011.zip,CDR_20021104z.asc,True,1.0,2002-11-03
2002-11-05,17.644599999999997,1.08,51.58,100,maynas_persiann_cdr_2000_2011.zip,CDR_20021105z.asc,True,1.0,2002-11-03
2002-11-06,59.92800000000001,28.09,88.61,100,maynas_persiann_cdr_2000_2011.zip,CDR_20021106z.asc,True,1.0,2002-11-03
2002-11-07,1.3156999999999999,0.0,7.98,100,maynas_persiann_cdr_2000_2011.zip,CDR_20021107z.asc,True,1.0,2002-11-03
2002-11-08,2.0401,0.0,7.26,100,maynas_persiann_cdr_2000_2011.zip,CDR_20021108z.asc,True,1.0,2002-11-03
2002-11-09,11.171900000000003,0.0,30.26,100,maynas_persiann_cdr_2000_2011.zip,CDR_20021109z.asc,True,1.0,2002-11-03
2002-11-10,15.4985,1.43,43.8,100,maynas_persiann_cdr_2000_2011.zip,CDR_20021110z.asc,True,1.0,2002-11-10
2002-11-11,18.758000000000003,0.69,55.56,100,maynas_persiann_cdr_2000_2011.zip,CDR_20021111z.asc,True,1.0,2002-11-10
2002-11-12,15.259300000000001,1.45,47.11,100,maynas_persiann_cdr_2000_2011.zip,CDR_20021112z.asc,True,1.0,2002-11-10
2002-11-13,23.3703,8.21,59.53,100,maynas_persiann_cdr_2000_2011.zip,CDR_20021113z.asc,True,1.0,2002-11-10
2002-11-14,2.3396,0.0,10.83,100,maynas_persiann_cdr_2000_2011.zip,CDR_20021114z.asc,True,1.0,2002-11-10
2002-11-15,14.523900000000003,3.71,32.77,100,maynas_persiann_cdr_2000_2011.zip,CDR_20021115z.asc,True,1.0,2002-11-10
2002-11-16,4.7941,0.0,16.13,100,maynas_persiann_cdr_2000_2011.zip,CDR_20021116z.asc,True,1.0,2002-11-10
2002-11-17,4.325900000000001,0.0,16.48,100,maynas_persiann_cdr_2000_2011.zip,CDR_20021117z.asc,True,1.0,2002-11-17
2002-11-18,6.3261,0.0,18.23,100,maynas_persiann_cdr_2000_2011.zip,CDR_20021118z.asc,True,1.0,2002-11-17
2002-11-19,6.4014999999999995,0.52,19.24,100,maynas_persiann_cdr_2000_2011.zip,CDR_20021119z.asc,True,1.0,2002-11-17
2002-11-20,8.463799999999999,0.91,30.88,100,maynas_persiann_cdr_2000_2011.zip,CDR_20021120z.asc,True,1.0,2002-11-17
2002-11-21,26.199099999999998,4.55,54.77,100,maynas_persiann_cdr_2000_2011.zip,CDR_20021121z.asc,True,1.0,2002-11-17
2002-11-22,6.5461,0.0,20.25,100,maynas_persiann_cdr_2000_2011.zip,CDR_20021122z.asc,True,1.0,2002-11-17
2002-11-23,1.1902,0.0,9.52,100,maynas_persiann_cdr_2000_2011.zip,CDR_20021123z.asc,True,1.0,2002-11-17
2002-11-24,3.5456000000000008,0.0,16.14,100,maynas_persiann_cdr_2000_2011.zip,CDR_20021124z.asc,True,1.0,2002-11-24
2002-11-25,3.971,0.0,14.84,100,maynas_persiann_cdr_2000_2011.zip,CDR_20021125z.asc,True,1.0,2002-11-24
2002-11-26,15.453499999999998,2.12,38.05,100,maynas_persiann_cdr_2000_2011.zip,CDR_20021126z.asc,True,1.0,2002-11-24
2002-11-27,6.085,1.21,13.9,100,maynas_persiann_cdr_2000_2011.zip,CDR_20021127z.asc,True,1.0,2002-11-24
2002-11-28,5.207600000000001,0.0,14.44,100,maynas_persiann_cdr_2000_2011.zip,CDR_20021128z.asc,True,1.0,2002-11-24
2002-11-29,4.1669,0.0,17.38,100,maynas_persiann_cdr_2000_2011.zip,CDR_20021129z.asc,True,1.0,2002-11-24
2002-11-30,5.829400000000001,0.0,23.13,100,maynas_persiann_cdr_2000_2011.zip,CDR_20021130z.asc,True,1.0,2002-11-24
2002-12-01,2.3899,0.0,18.17,100,maynas_persiann_cdr_2000_2011.zip,CDR_20021201z.asc,True,1.0,2002-12-01
2002-12-02,4.547,0.0,14.05,100,maynas_persiann_cdr_2000_2011.zip,CDR_20021202z.asc,True,1.0,2002-12-01
2002-12-03,2.803,0.0,16.26,100,maynas_persiann_cdr_2000_2011.zip,CDR_20021203z.asc,True,1.0,2002-12-01
2002-12-04,3.7134000000000005,0.0,13.5,100,maynas_persiann_cdr_2000_2011.zip,CDR_20021204z.asc,True,1.0,2002-12-01
2002-12-05,2.3314999999999997,0.0,6.86,100,maynas_persiann_cdr_2000_2011.zip,CDR_20021205z.asc,True,1.0,2002-12-01
2002-12-06,3.4843,0.0,9.59,100,maynas_persiann_cdr_2000_2011.zip,CDR_20021206z.asc,True,1.0,2002-12-01
2002-12-07,6.3817,0.0,30.69,100,maynas_persiann_cdr_2000_2011.zip,CDR_20021207z.asc,True,1.0,2002-12-01
2002-12-08,2.9525,0.0,14.25,100,maynas_persiann_cdr_2000_2011.zip,CDR_20021208z.asc,True,1.0,2002-12-08
2002-12-09,2.4063,0.0,17.17,100,maynas_persiann_cdr_2000_2011.zip,CDR_20021209z.asc,True,1.0,2002-12-08
2002-12-10,0.33309999999999995,0.0,4.78,100,maynas_persiann_cdr_2000_2011.zip,CDR_20021210z.asc,True,0.0,2002-12-08
2002-12-11,2.4814999999999996,0.0,23.17,100,maynas_persiann_cdr_2000_2011.zip,CDR_20021211z.asc,True,1.0,2002-12-08
2002-12-12,1.3786000000000005,0.0,8.78,100,maynas_persiann_cdr_2000_2011.zip,CDR_20021212z.asc,True,1.0,2002-12-08
2002-12-13,8.9376,0.0,44.68,100,maynas_persiann_cdr_2000_2011.zip,CDR_20021213z.asc,True,1.0,2002-12-08
2002-12-14,1.2963999999999998,0.0,9.68,100,maynas_persiann_cdr_2000_2011.zip,CDR_20021214z.asc,True,1.0,2002-12-08
2002-12-15,4.3072,0.0,26.67,100,maynas_persiann_cdr_2000_2011.zip,CDR_20021215z.asc,True,1.0,2002-12-15
2002-12-16,16.961799999999997,3.78,37.47,100,maynas_persiann_cdr_2000_2011.zip,CDR_20021216z.asc,True,1.0,2002-12-15
2002-12-17,49.5908,26.64,72.04,100,maynas_persiann_cdr_2000_2011.zip,CDR_20021217z.asc,True,1.0,2002-12-15
2002-12-18,10.1093,4.24,23.55,100,maynas_persiann_cdr_2000_2011.zip,CDR_20021218z.asc,True,1.0,2002-12-15
2002-12-19,1.9944,0.0,9.5,100,maynas_persiann_cdr_2000_2011.zip,CDR_20021219z.asc,True,1.0,2002-12-15
2002-12-20,2.0569,0.0,21.82,100,maynas_persiann_cdr_2000_2011.zip,CDR_20021220z.asc,True,1.0,2002-12-15
2002-12-21,24.050300000000004,2.32,58.82,100,maynas_persiann_cdr_2000_2011.zip,CDR_20021221z.asc,True,1.0,2002-12-15
2002-12-22,30.4473,6.45,54.17,100,maynas_persiann_cdr_2000_2011.zip,CDR_20021222z.asc,True,1.0,2002-12-22
2002-12-23,8.4598,0.0,29.44,100,maynas_persiann_cdr_2000_2011.zip,CDR_20021223z.asc,True,1.0,2002-12-22
2002-12-24,22.431500000000007,9.73,50.42,100,maynas_persiann_cdr_2000_2011.zip,CDR_20021224z.asc,True,1.0,2002-12-22
2002-12-25,31.756099999999996,8.79,57.91,100,maynas_persiann_cdr_2000_2011.zip,CDR_20021225z.asc,True,1.0,2002-12-22
2002-12-26,13.865900000000002,0.0,35.18,100,maynas_persiann_cdr_2000_2011.zip,CDR_20021226z.asc,True,1.0,2002-12-22
2002-12-27,8.6753,2.05,20.27,100,maynas_persiann_cdr_2000_2011.zip,CDR_20021227z.asc,True,1.0,2002-12-22
2002-12-28,7.110999999999999,0.5,19.53,100,maynas_persiann_cdr_2000_2011.zip,CDR_20021228z.asc,True,1.0,2002-12-22
2002-12-29,3.1113999999999997,0.0,20.15,100,maynas_persiann_cdr_2000_2011.zip,CDR_20021229z.asc,True,1.0,2002-12-29
2002-12-30,0.06659999999999999,0.0,1.67,100,maynas_persiann_cdr_2000_2011.zip,CDR_20021230z.asc,True,0.0,2002-12-29
2002-12-31,0.9223,0.0,7.83,100,maynas_persiann_cdr_2000_2011.zip,CDR_20021231z.asc,True,0.0,2002-12-29
2003-01-01,0.0629,0.0,1.49,100,maynas_persiann_cdr_2000_2011.zip,CDR_20030101z.asc,True,0.0,2002-12-29
2003-01-02,0.135,0.0,2.6,100,maynas_persiann_cdr_2000_2011.zip,CDR_20030102z.asc,True,0.0,2002-12-29
2003-01-03,2.2083,0.0,12.93,100,maynas_persiann_cdr_2000_2011.zip,CDR_20030103z.asc,True,1.0,2002-12-29
2003-01-04,0.5653,0.0,7.26,100,maynas_persiann_cdr_2000_2011.zip,CDR_20030104z.asc,True,0.0,2002-12-29
2003-01-05,9.391700000000004,0.0,29.86,100,maynas_persiann_cdr_2000_2011.zip,CDR_20030105z.asc,True,1.0,2003-01-05
2003-01-06,6.8447999999999976,0.0,23.78,100,maynas_persiann_cdr_2000_2011.zip,CDR_20030106z.asc,True,1.0,2003-01-05
2003-01-07,9.4967,0.0,30.81,100,maynas_persiann_cdr_2000_2011.zip,CDR_20030107z.asc,True,1.0,2003-01-05
2003-01-08,3.3145,0.0,18.16,100,maynas_persiann_cdr_2000_2011.zip,CDR_20030108z.asc,True,1.0,2003-01-05
2003-01-09,3.925,0.0,21.79,100,maynas_persiann_cdr_2000_2011.zip,CDR_20030109z.asc,True,1.0,2003-01-05
2003-01-10,23.472699999999996,6.95,43.65,100,maynas_persiann_cdr_2000_2011.zip,CDR_20030110z.asc,True,1.0,2003-01-05
2003-01-11,3.6404999999999994,0.0,16.03,100,maynas_persiann_cdr_2000_2011.zip,CDR_20030111z.asc,True,1.0,2003-01-05
2003-01-12,7.451499999999999,1.45,28.13,100,maynas_persiann_cdr_2000_2011.zip,CDR_20030112z.asc,True,1.0,2003-01-12
2003-01-13,8.274799999999999,0.0,22.42,100,maynas_persiann_cdr_2000_2011.zip,CDR_20030113z.asc,True,1.0,2003-01-12
2003-01-14,6.5198,0.71,16.56,100,maynas_persiann_cdr_2000_2011.zip,CDR_20030114z.asc,True,1.0,2003-01-12
2003-01-15,2.4872,0.0,11.04,100,maynas_persiann_cdr_2000_2011.zip,CDR_20030115z.asc,True,1.0,2003-01-12
2003-01-16,11.038499999999999,0.0,40.95,100,maynas_persiann_cdr_2000_2011.zip,CDR_20030116z.asc,True,1.0,2003-01-12
2003-01-17,11.759299999999998,0.68,27.18,100,maynas_persiann_cdr_2000_2011.zip,CDR_20030117z.asc,True,1.0,2003-01-12
2003-01-18,2.032,0.0,7.56,100,maynas_persiann_cdr_2000_2011.zip,CDR_20030118z.asc,True,1.0,2003-01-12
2003-01-19,4.1932,0.0,16.15,100,maynas_persiann_cdr_2000_2011.zip,CDR_20030119z.asc,True,1.0,2003-01-19
2003-01-20,19.435499999999998,6.92,32.71,100,maynas_persiann_cdr_2000_2011.zip,CDR_20030120z.asc,True,1.0,2003-01-19
2003-01-21,3.8354000000000004,0.0,11.97,100,maynas_persiann_cdr_2000_2011.zip,CDR_20030121z.asc,True,1.0,2003-01-19
2003-01-22,0.43079999999999996,0.0,2.63,100,maynas_persiann_cdr_2000_2011.zip,CDR_20030122z.asc,True,0.0,2003-01-19
2003-01-23,0.0,0.0,0.0,100,maynas_persiann_cdr_2000_2011.zip,CDR_20030123z.asc,True,0.0,2003-01-19
2003-01-24,7.6958,0.0,28.48,100,maynas_persiann_cdr_2000_2011.zip,CDR_20030124z.asc,True,1.0,2003-01-19
2003-01-25,12.6806,3.71,29.97,100,maynas_persiann_cdr_2000_2011.zip,CDR_20030125z.asc,True,1.0,2003-01-19
2003-01-26,3.3755999999999995,0.0,15.59,100,maynas_persiann_cdr_2000_2011.zip,CDR_20030126z.asc,True,1.0,2003-01-26
2003-01-27,0.5828,0.0,12.69,100,maynas_persiann_cdr_2000_2011.zip,CDR_20030127z.asc,True,0.0,2003-01-26
2003-01-28,2.9286000000000008,0.0,24.77,100,maynas_persiann_cdr_2000_2011.zip,CDR_20030128z.asc,True,1.0,2003-01-26
2003-01-29,11.130799999999995,2.19,29.05,100,maynas_persiann_cdr_2000_2011.zip,CDR_20030129z.asc,True,1.0,2003-01-26
2003-01-30,6.2531,0.0,24.64,100,maynas_persiann_cdr_2000_2011.zip,CDR_20030130z.asc,True,1.0,2003-01-26
2003-01-31,11.786699999999998,1.22,49.4,100,maynas_persiann_cdr_2000_2011.zip,CDR_20030131z.asc,True,1.0,2003-01-26
2003-02-01,4.298800000000001,0.0,22.63,100,maynas_persiann_cdr_2000_2011.zip,CDR_20030201z.asc,True,1.0,2003-01-26
2003-02-02,15.400800000000002,3.21,38.25,100,maynas_persiann_cdr_2000_2011.zip,CDR_20030202z.asc,True,1.0,2003-02-02
2003-02-03,7.9079999999999995,0.7,21.61,100,maynas_persiann_cdr_2000_2011.zip,CDR_20030203z.asc,True,1.0,2003-02-02
2003-02-04,0.8775,0.0,6.38,100,maynas_persiann_cdr_2000_2011.zip,CDR_20030204z.asc,True,0.0,2003-02-02
2003-02-05,10.327000000000004,0.0,20.19,100,maynas_persiann_cdr_2000_2011.zip,CDR_20030205z.asc,True,1.0,2003-02-02
2003-02-06,4.995400000000001,0.0,19.29,100,maynas_persiann_cdr_2000_2011.zip,CDR_20030206z.asc,True,1.0,2003-02-02
2003-02-07,6.302400000000001,0.0,25.14,100,maynas_persiann_cdr_2000_2011.zip,CDR_20030207z.asc,True,1.0,2003-02-02
2003-02-08,25.806800000000003,1.31,57.42,100,maynas_persiann_cdr_2000_2011.zip,CDR_20030208z.asc,True,1.0,2003-02-02
2003-02-09,10.702799999999998,2.16,42.73,100,maynas_persiann_cdr_2000_2011.zip,CDR_20030209z.asc,True,1.0,2003-02-09
2003-02-10,4.5901000000000005,0.0,16.95,100,maynas_persiann_cdr_2000_2011.zip,CDR_20030210z.asc,True,1.0,2003-02-09
2003-02-11,7.390100000000001,0.0,37.48,100,maynas_persiann_cdr_2000_2011.zip,CDR_20030211z.asc,True,1.0,2003-02-09
2003-02-12,2.3072,0.0,15.64,100,maynas_persiann_cdr_2000_2011.zip,CDR_20030212z.asc,True,1.0,2003-02-09
2003-02-13,6.052399999999999,0.0,35.53,100,maynas_persiann_cdr_2000_2011.zip,CDR_20030213z.asc,True,1.0,2003-02-09
2003-02-14,2.9071000000000002,0.0,23.66,100,maynas_persiann_cdr_2000_2011.zip,CDR_20030214z.asc,True,1.0,2003-02-09
2003-02-15,11.684300000000002,1.73,28.98,100,maynas_persiann_cdr_2000_2011.zip,CDR_20030215z.asc,True,1.0,2003-02-09
2003-02-16,3.7029,0.0,18.68,100,maynas_persiann_cdr_2000_2011.zip,CDR_20030216z.asc,True,1.0,2003-02-16
2003-02-17,0.1457,0.0,1.85,100,maynas_persiann_cdr_2000_2011.zip,CDR_20030217z.asc,True,0.0,2003-02-16
2003-02-18,1.8859000000000001,0.0,9.12,100,maynas_persiann_cdr_2000_2011.zip,CDR_20030218z.asc,True,1.0,2003-02-16
2003-02-19,12.0583,0.0,41.15,100,maynas_persiann_cdr_2000_2011.zip,CDR_20030219z.asc,True,1.0,2003-02-16
2003-02-20,15.649700000000001,1.65,30.01,100,maynas_persiann_cdr_2000_2011.zip,CDR_20030220z.asc,True,1.0,2003-02-16
2003-02-21,25.943799999999996,6.26,61.41,100,maynas_persiann_cdr_2000_2011.zip,CDR_20030221z.asc,True,1.0,2003-02-16
2003-02-22,33.00939999999999,5.3,68.06,100,maynas_persiann_cdr_2000_2011.zip,CDR_20030222z.asc,True,1.0,2003-02-16
2003-02-23,6.1186,0.53,27.0,100,maynas_persiann_cdr_2000_2011.zip,CDR_20030223z.asc,True,1.0,2003-02-23
2003-02-24,16.8906,0.0,49.13,100,maynas_persiann_cdr_2000_2011.zip,CDR_20030224z.asc,True,1.0,2003-02-23
2003-02-25,14.0575,0.0,47.19,100,maynas_persiann_cdr_2000_2011.zip,CDR_20030225z.asc,True,1.0,2003-02-23
2003-02-26,4.6742,0.0,24.5,100,maynas_persiann_cdr_2000_2011.zip,CDR_20030226z.asc,True,1.0,2003-02-23
2003-02-27,6.074699999999999,0.0,25.61,100,maynas_persiann_cdr_2000_2011.zip,CDR_20030227z.asc,True,1.0,2003-02-23
2003-02-28,36.926500000000004,15.86,60.19,100,maynas_persiann_cdr_2000_2011.zip,CDR_20030228z.asc,True,1.0,2003-02-23
2003-03-01,2.6258999999999997,0.0,22.99,100,maynas_persiann_cdr_2000_2011.zip,CDR_20030301z.asc,True,1.0,2003-02-23
2003-03-02,3.8451999999999997,0.0,19.91,100,maynas_persiann_cdr_2000_2011.zip,CDR_20030302z.asc,True,1.0,2003-03-02
2003-03-03,8.2521,1.74,19.7,100,maynas_persiann_cdr_2000_2011.zip,CDR_20030303z.asc,True,1.0,2003-03-02
2003-03-04,6.9276,0.0,32.65,100,maynas_persiann_cdr_2000_2011.zip,CDR_20030304z.asc,True,1.0,2003-03-02
2003-03-05,19.1726,6.57,37.8,100,maynas_persiann_cdr_2000_2011.zip,CDR_20030305z.asc,True,1.0,2003-03-02
2003-03-06,13.4618,0.0,38.48,100,maynas_persiann_cdr_2000_2011.zip,CDR_20030306z.asc,True,1.0,2003-03-02
2003-03-07,10.0282,0.0,26.26,100,maynas_persiann_cdr_2000_2011.zip,CDR_20030307z.asc,True,1.0,2003-03-02
2003-03-08,3.2728,0.0,19.47,100,maynas_persiann_cdr_2000_2011.zip,CDR_20030308z.asc,True,1.0,2003-03-02
2003-03-09,0.21109999999999995,0.0,4.35,100,maynas_persiann_cdr_2000_2011.zip,CDR_20030309z.asc,True,0.0,2003-03-09
2003-03-10,2.3421999999999996,0.0,11.75,100,maynas_persiann_cdr_2000_2011.zip,CDR_20030310z.asc,True,1.0,2003-03-09
2003-03-11,4.7327,0.0,18.79,100,maynas_persiann_cdr_2000_2011.zip,CDR_20030311z.asc,True,1.0,2003-03-09
2003-03-12,11.1775,0.61,34.26,100,maynas_persiann_cdr_2000_2011.zip,CDR_20030312z.asc,True,1.0,2003-03-09
2003-03-13,14.005500000000001,0.56,54.08,100,maynas_persiann_cdr_2000_2011.zip,CDR_20030313z.asc,True,1.0,2003-03-09
2003-03-14,27.775700000000008,6.5,51.12,100,maynas_persiann_cdr_2000_2011.zip,CDR_20030314z.asc,True,1.0,2003-03-09
2003-03-15,17.6966,3.77,40.93,100,maynas_persiann_cdr_2000_2011.zip,CDR_20030315z.asc,True,1.0,2003-03-09
2003-03-16,21.992599999999996,5.31,46.15,100,maynas_persiann_cdr_2000_2011.zip,CDR_20030316z.asc,True,1.0,2003-03-16
2003-03-17,27.182399999999998,8.07,73.78,100,maynas_persiann_cdr_2000_2011.zip,CDR_20030317z.asc,True,1.0,2003-03-16
2003-03-18,11.9477,1.28,38.02,100,maynas_persiann_cdr_2000_2011.zip,CDR_20030318z.asc,True,1.0,2003-03-16
2003-03-19,13.140400000000001,0.64,30.53,100,maynas_persiann_cdr_2000_2011.zip,CDR_20030319z.asc,True,1.0,2003-03-16
2003-03-20,9.0974,1.38,24.72,100,maynas_persiann_cdr_2000_2011.zip,CDR_20030320z.asc,True,1.0,2003-03-16
2003-03-21,1.0269,0.0,19.06,100,maynas_persiann_cdr_2000_2011.zip,CDR_20030321z.asc,True,1.0,2003-03-16
2003-03-22,15.578300000000002,0.0,64.98,100,maynas_persiann_cdr_2000_2011.zip,CDR_20030322z.asc,True,1.0,2003-03-16
2003-03-23,15.8875,0.8,35.82,100,maynas_persiann_cdr_2000_2011.zip,CDR_20030323z.asc,True,1.0,2003-03-23
2003-03-24,4.0228,0.0,21.67,100,maynas_persiann_cdr_2000_2011.zip,CDR_20030324z.asc,True,1.0,2003-03-23
2003-03-25,15.025799999999998,0.0,48.94,100,maynas_persiann_cdr_2000_2011.zip,CDR_20030325z.asc,True,1.0,2003-03-23
2003-03-26,19.5323,4.78,37.18,100,maynas_persiann_cdr_2000_2011.zip,CDR_20030326z.asc,True,1.0,2003-03-23
2003-03-27,9.4482,0.0,31.13,100,maynas_persiann_cdr_2000_2011.zip,CDR_20030327z.asc,True,1.0,2003-03-23
2003-03-28,8.5604,0.72,27.22,100,maynas_persiann_cdr_2000_2011.zip,CDR_20030328z.asc,True,1.0,2003-03-23
2003-03-29,5.6465,0.61,20.13,100,maynas_persiann_cdr_2000_2011.zip,CDR_20030329z.asc,True,1.0,2003-03-23
2003-03-30,11.1573,0.7,32.19,100,maynas_persiann_cdr_2000_2011.zip,CDR_20030330z.asc,True,1.0,2003-03-30
2003-03-31,6.286600000000001,0.0,21.84,100,maynas_persiann_cdr_2000_2011.zip,CDR_20030331z.asc,True,1.0,2003-03-30
2003-04-01,8.768099999999999,0.55,32.64,100,maynas_persiann_cdr_2000_2011.zip,CDR_20030401z.asc,True,1.0,2003-03-30
2003-04-02,23.433800000000005,9.35,43.82,100,maynas_persiann_cdr_2000_2011.zip,CDR_20030402z.asc,True,1.0,2003-03-30
2003-04-03,11.212699999999998,0.85,31.92,100,maynas_persiann_cdr_2000_2011.zip,CDR_20030403z.asc,True,1.0,2003-03-30
2003-04-04,12.6535,2.71,34.56,100,maynas_persiann_cdr_2000_2011.zip,CDR_20030404z.asc,True,1.0,2003-03-30
2003-04-05,8.6905,1.11,22.76,100,maynas_persiann_cdr_2000_2011.zip,CDR_20030405z.asc,True,1.0,2003-03-30
2003-04-06,8.4751,0.0,32.32,100,maynas_persiann_cdr_2000_2011.zip,CDR_20030406z.asc,True,1.0,2003-04-06
2003-04-07,15.5889,0.0,38.53,100,maynas_persiann_cdr_2000_2011.zip,CDR_20030407z.asc,True,1.0,2003-04-06
2003-04-08,9.9448,0.0,45.39,100,maynas_persiann_cdr_2000_2011.zip,CDR_20030408z.asc,True,1.0,2003-04-06
2003-04-09,11.9585,0.0,32.01,100,maynas_persiann_cdr_2000_2011.zip,CDR_20030409z.asc,True,1.0,2003-04-06
2003-04-10,13.605699999999999,0.64,42.72,100,maynas_persiann_cdr_2000_2011.zip,CDR_20030410z.asc,True,1.0,2003-04-06
2003-04-11,12.816300000000002,1.27,47.84,100,maynas_persiann_cdr_2000_2011.zip,CDR_20030411z.asc,True,1.0,2003-04-06
2003-04-12,1.5523999999999998,0.0,8.49,100,maynas_persiann_cdr_2000_2011.zip,CDR_20030412z.asc,True,1.0,2003-04-06
2003-04-13,3.4558000000000004,0.0,9.49,100,maynas_persiann_cdr_2000_2011.zip,CDR_20030413z.asc,True,1.0,2003-04-13
2003-04-14,1.4272,0.0,3.39,100,maynas_persiann_cdr_2000_2011.zip,CDR_20030414z.asc,True,1.0,2003-04-13
2003-04-15,1.6088000000000002,0.0,7.17,100,maynas_persiann_cdr_2000_2011.zip,CDR_20030415z.asc,True,1.0,2003-04-13
2003-04-16,4.228700000000001,0.0,10.82,100,maynas_persiann_cdr_2000_2011.zip,CDR_20030416z.asc,True,1.0,2003-04-13
2003-04-17,16.1412,4.27,38.34,100,maynas_persiann_cdr_2000_2011.zip,CDR_20030417z.asc,True,1.0,2003-04-13
2003-04-18,12.171600000000002,0.6,28.95,100,maynas_persiann_cdr_2000_2011.zip,CDR_20030418z.asc,True,1.0,2003-04-13
2003-04-19,15.841500000000002,0.0,40.24,100,maynas_persiann_cdr_2000_2011.zip,CDR_20030419z.asc,True,1.0,2003-04-13
2003-04-20,23.942800000000002,8.38,41.69,100,maynas_persiann_cdr_2000_2011.zip,CDR_20030420z.asc,True,1.0,2003-04-20
2003-04-21,3.5039000000000002,0.0,18.6,100,maynas_persiann_cdr_2000_2011.zip,CDR_20030421z.asc,True,1.0,2003-04-20
2003-04-22,13.760200000000005,0.0,54.44,100,maynas_persiann_cdr_2000_2011.zip,CDR_20030422z.asc,True,1.0,2003-04-20
2003-04-23,11.975000000000005,1.97,29.63,100,maynas_persiann_cdr_2000_2011.zip,CDR_20030423z.asc,True,1.0,2003-04-20
2003-04-24,4.3463,0.0,17.74,100,maynas_persiann_cdr_2000_2011.zip,CDR_20030424z.asc,True,1.0,2003-04-20
2003-04-25,20.4927,2.45,50.07,100,maynas_persiann_cdr_2000_2011.zip,CDR_20030425z.asc,True,1.0,2003-04-20
2003-04-26,3.8675000000000006,0.0,16.93,100,maynas_persiann_cdr_2000_2011.zip,CDR_20030426z.asc,True,1.0,2003-04-20
2003-04-27,3.9351,0.0,17.49,100,maynas_persiann_cdr_2000_2011.zip,CDR_20030427z.asc,True,1.0,2003-04-27
2003-04-28,6.757600000000001,0.0,34.85,100,maynas_persiann_cdr_2000_2011.zip,CDR_20030428z.asc,True,1.0,2003-04-27
2003-04-29,4.4585,0.0,13.8,100,maynas_persiann_cdr_2000_2011.zip,CDR_20030429z.asc,True,1.0,2003-04-27
2003-04-30,3.1129000000000002,0.0,15.47,100,maynas_persiann_cdr_2000_2011.zip,CDR_20030430z.asc,True,1.0,2003-04-27
2003-05-01,11.133100000000002,1.21,33.17,100,maynas_persiann_cdr_2000_2011.zip,CDR_20030501z.asc,True,1.0,2003-04-27
2003-05-02,17.1389,0.0,56.38,100,maynas_persiann_cdr_2000_2011.zip,CDR_20030502z.asc,True,1.0,2003-04-27
2003-05-03,7.9847,0.0,24.55,100,maynas_persiann_cdr_2000_2011.zip,CDR_20030503z.asc,True,1.0,2003-04-27
2003-05-04,3.4553000000000003,0.0,32.98,100,maynas_persiann_cdr_2000_2011.zip,CDR_20030504z.asc,True,1.0,2003-05-04
2003-05-05,19.9967,0.0,56.21,100,maynas_persiann_cdr_2000_2011.zip,CDR_20030505z.asc,True,1.0,2003-05-04
2003-05-06,42.79050000000001,3.11,91.3,100,maynas_persiann_cdr_2000_2011.zip,CDR_20030506z.asc,True,1.0,2003-05-04
2003-05-07,11.3858,1.03,52.63,100,maynas_persiann_cdr_2000_2011.zip,CDR_20030507z.asc,True,1.0,2003-05-04
2003-05-08,1.1205,0.0,7.63,100,maynas_persiann_cdr_2000_2011.zip,CDR_20030508z.asc,True,1.0,2003-05-04
2003-05-09,0.0386,0.0,2.95,100,maynas_persiann_cdr_2000_2011.zip,CDR_20030509z.asc,True,0.0,2003-05-04
2003-05-10,0.3587,0.0,6.91,100,maynas_persiann_cdr_2000_2011.zip,CDR_20030510z.asc,True,0.0,2003-05-04
2003-05-11,3.4420000000000006,0.0,22.73,100,maynas_persiann_cdr_2000_2011.zip,CDR_20030511z.asc,True,1.0,2003-05-11
2003-05-12,5.7964,0.0,20.59,100,maynas_persiann_cdr_2000_2011.zip,CDR_20030512z.asc,True,1.0,2003-05-11
2003-05-13,16.6201,0.0,54.16,100,maynas_persiann_cdr_2000_2011.zip,CDR_20030513z.asc,True,1.0,2003-05-11
2003-05-14,7.0818,0.0,29.69,100,maynas_persiann_cdr_2000_2011.zip,CDR_20030514z.asc,True,1.0,2003-05-11
2003-05-15,0.0577,0.0,1.08,100,maynas_persiann_cdr_2000_2011.zip,CDR_20030515z.asc,True,0.0,2003-05-11
2003-05-16,0.7042,0.0,7.02,100,maynas_persiann_cdr_2000_2011.zip,CDR_20030516z.asc,True,0.0,2003-05-11
2003-05-17,4.311800000000001,0.0,14.77,100,maynas_persiann_cdr_2000_2011.zip,CDR_20030517z.asc,True,1.0,2003-05-11
2003-05-18,1.2581,0.0,8.06,100,maynas_persiann_cdr_2000_2011.zip,CDR_20030518z.asc,True,1.0,2003-05-18
2003-05-19,4.7591,0.0,17.59,100,maynas_persiann_cdr_2000_2011.zip,CDR_20030519z.asc,True,1.0,2003-05-18
2003-05-20,8.2234,0.0,82.85,100,maynas_persiann_cdr_2000_2011.zip,CDR_20030520z.asc,True,1.0,2003-05-18
2003-05-21,9.7386,0.0,37.29,100,maynas_persiann_cdr_2000_2011.zip,CDR_20030521z.asc,True,1.0,2003-05-18
2003-05-22,2.0582,0.0,26.64,100,maynas_persiann_cdr_2000_2011.zip,CDR_20030522z.asc,True,1.0,2003-05-18
2003-05-23,31.776999999999997,1.34,108.92,100,maynas_persiann_cdr_2000_2011.zip,CDR_20030523z.asc,True,1.0,2003-05-18
2003-05-24,32.2038,3.67,76.87,100,maynas_persiann_cdr_2000_2011.zip,CDR_20030524z.asc,True,1.0,2003-05-18
2003-05-25,18.596,0.0,69.28,100,maynas_persiann_cdr_2000_2011.zip,CDR_20030525z.asc,True,1.0,2003-05-25
2003-05-26,38.2488,8.31,95.75,100,maynas_persiann_cdr_2000_2011.zip,CDR_20030526z.asc,True,1.0,2003-05-25
2003-05-27,14.438899999999999,1.03,51.36,100,maynas_persiann_cdr_2000_2011.zip,CDR_20030527z.asc,True,1.0,2003-05-25
2003-05-28,43.1352,14.51,78.6,100,maynas_persiann_cdr_2000_2011.zip,CDR_20030528z.asc,True,1.0,2003-05-25
2003-05-29,16.839,0.0,59.08,100,maynas_persiann_cdr_2000_2011.zip,CDR_20030529z.asc,True,1.0,2003-05-25
2003-05-30,13.916199999999998,0.0,58.17,100,maynas_persiann_cdr_2000_2011.zip,CDR_20030530z.asc,True,1.0,2003-05-25
2003-05-31,2.5993,0.0,15.0,100,maynas_persiann_cdr_2000_2011.zip,CDR_20030531z.asc,True,1.0,2003-05-25
2003-06-01,18.6391,2.65,63.92,100,maynas_persiann_cdr_2000_2011.zip,CDR_20030601z.asc,True,1.0,2003-06-01
2003-06-02,3.2815000000000003,0.0,24.39,100,maynas_persiann_cdr_2000_2011.zip,CDR_20030602z.asc,True,1.0,2003-06-01
2003-06-03,11.1766,0.0,43.11,100,maynas_persiann_cdr_2000_2011.zip,CDR_20030603z.asc,True,1.0,2003-06-01
2003-06-04,9.9189,0.0,25.74,100,maynas_persiann_cdr_2000_2011.zip,CDR_20030604z.asc,True,1.0,2003-06-01
2003-06-05,36.9896,1.67,95.63,100,maynas_persiann_cdr_2000_2011.zip,CDR_20030605z.asc,True,1.0,2003-06-01
2003-06-06,22.484099999999998,0.0,63.15,100,maynas_persiann_cdr_2000_2011.zip,CDR_20030606z.asc,True,1.0,2003-06-01
2003-06-07,10.691500000000001,0.0,57.1,100,maynas_persiann_cdr_2000_2011.zip,CDR_20030607z.asc,True,1.0,2003-06-01
2003-06-08,16.1302,5.84,51.41,100,maynas_persiann_cdr_2000_2011.zip,CDR_20030608z.asc,True,1.0,2003-06-08
2003-06-09,1.8607,0.0,19.42,100,maynas_persiann_cdr_2000_2011.zip,CDR_20030609z.asc,True,1.0,2003-06-08
2003-06-10,0.9949000000000001,0.0,17.05,100,maynas_persiann_cdr_2000_2011.zip,CDR_20030610z.asc,True,0.0,2003-06-08
2003-06-11,9.5928,0.0,28.29,100,maynas_persiann_cdr_2000_2011.zip,CDR_20030611z.asc,True,1.0,2003-06-08
2003-06-12,9.8988,0.0,32.49,100,maynas_persiann_cdr_2000_2011.zip,CDR_20030612z.asc,True,1.0,2003-06-08
2003-06-13,13.6475,0.86,57.24,100,maynas_persiann_cdr_2000_2011.zip,CDR_20030613z.asc,True,1.0,2003-06-08
2003-06-14,9.6418,0.0,35.21,100,maynas_persiann_cdr_2000_2011.zip,CDR_20030614z.asc,True,1.0,2003-06-08
2003-06-15,3.6015999999999995,0.0,11.64,100,maynas_persiann_cdr_2000_2011.zip,CDR_20030615z.asc,True,1.0,2003-06-15
2003-06-16,20.557399999999998,2.98,65.76,100,maynas_persiann_cdr_2000_2011.zip,CDR_20030616z.asc,True,1.0,2003-06-15
2003-06-17,20.647,0.0,43.64,100,maynas_persiann_cdr_2000_2011.zip,CDR_20030617z.asc,True,1.0,2003-06-15
2003-06-18,12.036099999999998,0.0,35.66,100,maynas_persiann_cdr_2000_2011.zip,CDR_20030618z.asc,True,1.0,2003-06-15
2003-06-19,11.0156,0.91,34.3,100,maynas_persiann_cdr_2000_2011.zip,CDR_20030619z.asc,True,1.0,2003-06-15
2003-06-20,10.2762,0.0,28.79,100,maynas_persiann_cdr_2000_2011.zip,CDR_20030620z.asc,True,1.0,2003-06-15
2003-06-21,6.4012,0.0,34.17,100,maynas_persiann_cdr_2000_2011.zip,CDR_20030621z.asc,True,1.0,2003-06-15
2003-06-22,4.118600000000001,0.0,18.1,100,maynas_persiann_cdr_2000_2011.zip,CDR_20030622z.asc,True,1.0,2003-06-22
2003-06-23,10.545600000000002,0.95,44.79,100,maynas_persiann_cdr_2000_2011.zip,CDR_20030623z.asc,True,1.0,2003-06-22
2003-06-24,12.912199999999999,1.69,30.1,100,maynas_persiann_cdr_2000_2011.zip,CDR_20030624z.asc,True,1.0,2003-06-22
2003-06-25,2.9947,0.0,17.88,100,maynas_persiann_cdr_2000_2011.zip,CDR_20030625z.asc,True,1.0,2003-06-22
2003-06-26,2.8039,0.0,14.7,100,maynas_persiann_cdr_2000_2011.zip,CDR_20030626z.asc,True,1.0,2003-06-22
2003-06-27,4.3144,0.0,22.62,100,maynas_persiann_cdr_2000_2011.zip,CDR_20030627z.asc,True,1.0,2003-06-22
2003-06-28,2.7774000000000005,0.0,16.9,100,maynas_persiann_cdr_2000_2011.zip,CDR_20030628z.asc,True,1.0,2003-06-22
2003-06-29,18.622,2.24,47.43,100,maynas_persiann_cdr_2000_2011.zip,CDR_20030629z.asc,True,1.0,2003-06-29
2003-06-30,4.0221,0.0,21.67,100,maynas_persiann_cdr_2000_2011.zip,CDR_20030630z.asc,True,1.0,2003-06-29
2003-07-01,5.284400000000001,0.0,18.26,100,maynas_persiann_cdr_2000_2011.zip,CDR_20030701z.asc,True,1.0,2003-06-29
2003-07-02,20.1313,2.16,68.81,100,maynas_persiann_cdr_2000_2011.zip,CDR_20030702z.asc,True,1.0,2003-06-29
2003-07-03,11.866200000000001,0.0,45.32,100,maynas_persiann_cdr_2000_2011.zip,CDR_20030703z.asc,True,1.0,2003-06-29
2003-07-04,4.2440999999999995,0.0,20.07,100,maynas_persiann_cdr_2000_2011.zip,CDR_20030704z.asc,True,1.0,2003-06-29
2003-07-05,4.1899,0.0,22.92,100,maynas_persiann_cdr_2000_2011.zip,CDR_20030705z.asc,True,1.0,2003-06-29
2003-07-06,2.6412000000000004,0.0,23.41,100,maynas_persiann_cdr_2000_2011.zip,CDR_20030706z.asc,True,1.0,2003-07-06
2003-07-07,20.0675,0.0,73.85,100,maynas_persiann_cdr_2000_2011.zip,CDR_20030707z.asc,True,1.0,2003-07-06
2003-07-08,29.303700000000003,7.22,67.85,100,maynas_persiann_cdr_2000_2011.zip,CDR_20030708z.asc,True,1.0,2003-07-06
2003-07-09,9.742299999999998,0.0,37.85,100,maynas_persiann_cdr_2000_2011.zip,CDR_20030709z.asc,True,1.0,2003-07-06
2003-07-10,19.4328,5.7,41.61,100,maynas_persiann_cdr_2000_2011.zip,CDR_20030710z.asc,True,1.0,2003-07-06
2003-07-11,1.3756,0.0,12.63,100,maynas_persiann_cdr_2000_2011.zip,CDR_20030711z.asc,True,1.0,2003-07-06
2003-07-12,7.445799999999998,0.0,48.73,100,maynas_persiann_cdr_2000_2011.zip,CDR_20030712z.asc,True,1.0,2003-07-06
2003-07-13,0.1449,0.0,2.89,100,maynas_persiann_cdr_2000_2011.zip,CDR_20030713z.asc,True,0.0,2003-07-13
2003-07-14,0.0,0.0,0.0,100,maynas_persiann_cdr_2000_2011.zip,CDR_20030714z.asc,True,0.0,2003-07-13
2003-07-15,0.0,0.0,0.0,100,maynas_persiann_cdr_2000_2011.zip,CDR_20030715z.asc,True,0.0,2003-07-13
2003-07-16,0.8772,0.0,6.78,100,maynas_persiann_cdr_2000_2011.zip,CDR_20030716z.asc,True,0.0,2003-07-13
2003-07-17,2.7788,0.0,17.94,100,maynas_persiann_cdr_2000_2011.zip,CDR_20030717z.asc,True,1.0,2003-07-13
2003-07-18,3.2991999999999995,0.0,20.16,100,maynas_persiann_cdr_2000_2011.zip,CDR_20030718z.asc,True,1.0,2003-07-13
2003-07-19,0.0714,0.0,2.0,100,maynas_persiann_cdr_2000_2011.zip,CDR_20030719z.asc,True,0.0,2003-07-13
2003-07-20,0.12890000000000001,0.0,6.14,100,maynas_persiann_cdr_2000_2011.zip,CDR_20030720z.asc,True,0.0,2003-07-20
2003-07-21,0.0857,0.0,3.46,100,maynas_persiann_cdr_2000_2011.zip,CDR_20030721z.asc,True,0.0,2003-07-20
2003-07-22,2.5883,0.0,19.63,100,maynas_persiann_cdr_2000_2011.zip,CDR_20030722z.asc,True,1.0,2003-07-20
2003-07-23,1.7836,0.0,14.37,100,maynas_persiann_cdr_2000_2011.zip,CDR_20030723z.asc,True,1.0,2003-07-20
2003-07-24,1.0056,0.0,7.95,100,maynas_persiann_cdr_2000_2011.zip,CDR_20030724z.asc,True,1.0,2003-07-20
2003-07-25,2.7948000000000004,0.0,24.18,100,maynas_persiann_cdr_2000_2011.zip,CDR_20030725z.asc,True,1.0,2003-07-20
2003-07-26,7.2997000000000005,0.0,32.29,100,maynas_persiann_cdr_2000_2011.zip,CDR_20030726z.asc,True,1.0,2003-07-20
2003-07-27,3.8714999999999997,0.0,24.39,100,maynas_persiann_cdr_2000_2011.zip,CDR_20030727z.asc,True,1.0,2003-07-27
2003-07-28,1.4909999999999999,0.0,7.72,100,maynas_persiann_cdr_2000_2011.zip,CDR_20030728z.asc,True,1.0,2003-07-27
2003-07-29,1.2285,0.0,12.25,100,maynas_persiann_cdr_2000_2011.zip,CDR_20030729z.asc,True,1.0,2003-07-27
2003-07-30,34.6055,9.46,73.4,100,maynas_persiann_cdr_2000_2011.zip,CDR_20030730z.asc,True,1.0,2003-07-27
2003-07-31,2.6409000000000002,0.0,13.3,100,maynas_persiann_cdr_2000_2011.zip,CDR_20030731z.asc,True,1.0,2003-07-27
2003-08-01,0.8345999999999999,0.0,6.89,100,maynas_persiann_cdr_2000_2011.zip,CDR_20030801z.asc,True,0.0,2003-07-27
2003-08-02,0.9656,0.0,13.57,100,maynas_persiann_cdr_2000_2011.zip,CDR_20030802z.asc,True,0.0,2003-07-27
2003-08-03,12.424599999999998,0.0,60.68,100,maynas_persiann_cdr_2000_2011.zip,CDR_20030803z.asc,True,1.0,2003-08-03
2003-08-04,19.643900000000002,2.86,62.51,100,maynas_persiann_cdr_2000_2011.zip,CDR_20030804z.asc,True,1.0,2003-08-03
2003-08-05,8.912400000000002,0.0,42.49,100,maynas_persiann_cdr_2000_2011.zip,CDR_20030805z.asc,True,1.0,2003-08-03
2003-08-06,1.3030000000000002,0.0,15.29,100,maynas_persiann_cdr_2000_2011.zip,CDR_20030806z.asc,True,1.0,2003-08-03
2003-08-07,3.0272,0.0,26.37,100,maynas_persiann_cdr_2000_2011.zip,CDR_20030807z.asc,True,1.0,2003-08-03
2003-08-08,22.6244,2.84,70.06,100,maynas_persiann_cdr_2000_2011.zip,CDR_20030808z.asc,True,1.0,2003-08-03
2003-08-09,4.9661,0.0,30.69,100,maynas_persiann_cdr_2000_2011.zip,CDR_20030809z.asc,True,1.0,2003-08-03
2003-08-10,17.732499999999998,0.0,83.36,100,maynas_persiann_cdr_2000_2011.zip,CDR_20030810z.asc,True,1.0,2003-08-10
2003-08-11,0.0753,0.0,2.6,100,maynas_persiann_cdr_2000_2011.zip,CDR_20030811z.asc,True,0.0,2003-08-10
2003-08-12,0.0,0.0,0.0,100,maynas_persiann_cdr_2000_2011.zip,CDR_20030812z.asc,True,0.0,2003-08-10
2003-08-13,0.21849999999999997,0.0,5.56,100,maynas_persiann_cdr_2000_2011.zip,CDR_20030813z.asc,True,0.0,2003-08-10
2003-08-14,6.501100000000001,0.0,22.35,100,maynas_persiann_cdr_2000_2011.zip,CDR_20030814z.asc,True,1.0,2003-08-10
2003-08-15,21.827800000000003,8.84,59.21,100,maynas_persiann_cdr_2000_2011.zip,CDR_20030815z.asc,True,1.0,2003-08-10
2003-08-16,14.0382,0.0,57.59,100,maynas_persiann_cdr_2000_2011.zip,CDR_20030816z.asc,True,1.0,2003-08-10
2003-08-17,11.254900000000003,1.69,34.52,100,maynas_persiann_cdr_2000_2011.zip,CDR_20030817z.asc,True,1.0,2003-08-17
2003-08-18,15.355699999999999,5.87,52.99,100,maynas_persiann_cdr_2000_2011.zip,CDR_20030818z.asc,True,1.0,2003-08-17
2003-08-19,3.4171000000000005,0.0,21.99,100,maynas_persiann_cdr_2000_2011.zip,CDR_20030819z.asc,True,1.0,2003-08-17
2003-08-20,4.187,0.0,18.93,100,maynas_persiann_cdr_2000_2011.zip,CDR_20030820z.asc,True,1.0,2003-08-17
2003-08-21,7.1474,0.0,27.8,100,maynas_persiann_cdr_2000_2011.zip,CDR_20030821z.asc,True,1.0,2003-08-17
2003-08-22,2.0332000000000003,0.0,13.62,100,maynas_persiann_cdr_2000_2011.zip,CDR_20030822z.asc,True,1.0,2003-08-17
2003-08-23,14.081899999999997,1.89,30.1,100,maynas_persiann_cdr_2000_2011.zip,CDR_20030823z.asc,True,1.0,2003-08-17
2003-08-24,18.199,0.0,54.96,100,maynas_persiann_cdr_2000_2011.zip,CDR_20030824z.asc,True,1.0,2003-08-24
2003-08-25,6.791500000000001,1.2,19.59,100,maynas_persiann_cdr_2000_2011.zip,CDR_20030825z.asc,True,1.0,2003-08-24
2003-08-26,18.930000000000003,1.99,51.47,100,maynas_persiann_cdr_2000_2011.zip,CDR_20030826z.asc,True,1.0,2003-08-24
2003-08-27,1.5541000000000003,0.0,5.95,100,maynas_persiann_cdr_2000_2011.zip,CDR_20030827z.asc,True,1.0,2003-08-24
2003-08-28,0.0,0.0,0.0,100,maynas_persiann_cdr_2000_2011.zip,CDR_20030828z.asc,True,0.0,2003-08-24
2003-08-29,0.0,0.0,0.0,100,maynas_persiann_cdr_2000_2011.zip,CDR_20030829z.asc,True,0.0,2003-08-24
2003-08-30,0.009300000000000001,0.0,0.93,100,maynas_persiann_cdr_2000_2011.zip,CDR_20030830z.asc,True,0.0,2003-08-24
2003-08-31,0.0,0.0,0.0,100,maynas_persiann_cdr_2000_2011.zip,CDR_20030831z.asc,True,0.0,2003-08-31
2003-09-01,0.16299999999999998,0.0,3.59,100,maynas_persiann_cdr_2000_2011.zip,CDR_20030901z.asc,True,0.0,2003-08-31
2003-09-02,3.3123999999999993,0.0,25.9,100,maynas_persiann_cdr_2000_2011.zip,CDR_20030902z.asc,True,1.0,2003-08-31
2003-09-03,11.969700000000003,4.16,25.48,100,maynas_persiann_cdr_2000_2011.zip,CDR_20030903z.asc,True,1.0,2003-08-31
2003-09-04,4.2931,0.0,17.3,100,maynas_persiann_cdr_2000_2011.zip,CDR_20030904z.asc,True,1.0,2003-08-31
2003-09-05,7.169299999999998,0.0,25.47,100,maynas_persiann_cdr_2000_2011.zip,CDR_20030905z.asc,True,1.0,2003-08-31
2003-09-06,10.1519,2.27,24.3,100,maynas_persiann_cdr_2000_2011.zip,CDR_20030906z.asc,True,1.0,2003-08-31
2003-09-07,1.8121,0.0,11.14,100,maynas_persiann_cdr_2000_2011.zip,CDR_20030907z.asc,True,1.0,2003-09-07
2003-09-08,3.406100000000001,0.0,24.79,100,maynas_persiann_cdr_2000_2011.zip,CDR_20030908z.asc,True,1.0,2003-09-07
2003-09-09,31.311699999999995,18.12,53.43,100,maynas_persiann_cdr_2000_2011.zip,CDR_20030909z.asc,True,1.0,2003-09-07
2003-09-10,26.5192,7.05,47.88,100,maynas_persiann_cdr_2000_2011.zip,CDR_20030910z.asc,True,1.0,2003-09-07
2003-09-11,3.1396,0.46,8.15,100,maynas_persiann_cdr_2000_2011.zip,CDR_20030911z.asc,True,1.0,2003-09-07
2003-09-12,0.0088,0.0,0.88,100,maynas_persiann_cdr_2000_2011.zip,CDR_20030912z.asc,True,0.0,2003-09-07
2003-09-13,0.0,0.0,0.0,100,maynas_persiann_cdr_2000_2011.zip,CDR_20030913z.asc,True,0.0,2003-09-07
2003-09-14,0.4792,0.0,8.07,100,maynas_persiann_cdr_2000_2011.zip,CDR_20030914z.asc,True,0.0,2003-09-14
2003-09-15,1.0465000000000002,0.0,8.85,100,maynas_persiann_cdr_2000_2011.zip,CDR_20030915z.asc,True,1.0,2003-09-14
2003-09-16,4.8491,0.0,21.13,100,maynas_persiann_cdr_2000_2011.zip,CDR_20030916z.asc,True,1.0,2003-09-14
2003-09-17,17.1949,1.79,38.03,100,maynas_persiann_cdr_2000_2011.zip,CDR_20030917z.asc,True,1.0,2003-09-14
2003-09-18,15.546100000000001,4.7,30.99,100,maynas_persiann_cdr_2000_2011.zip,CDR_20030918z.asc,True,1.0,2003-09-14
2003-09-19,2.7385999999999995,0.0,17.5,100,maynas_persiann_cdr_2000_2011.zip,CDR_20030919z.asc,True,1.0,2003-09-14
2003-09-20,2.109,0.0,16.29,100,maynas_persiann_cdr_2000_2011.zip,CDR_20030920z.asc,True,1.0,2003-09-14
2003-09-21,7.6081,0.0,24.38,100,maynas_persiann_cdr_2000_2011.zip,CDR_20030921z.asc,True,1.0,2003-09-21
2003-09-22,12.980899999999998,2.64,45.45,100,maynas_persiann_cdr_2000_2011.zip,CDR_20030922z.asc,True,1.0,2003-09-21
2003-09-23,2.1948999999999996,0.0,13.82,100,maynas_persiann_cdr_2000_2011.zip,CDR_20030923z.asc,True,1.0,2003-09-21
2003-09-24,2.5852,0.0,14.46,100,maynas_persiann_cdr_2000_2011.zip,CDR_20030924z.asc,True,1.0,2003-09-21
2003-09-25,3.8281999999999994,0.0,24.11,100,maynas_persiann_cdr_2000_2011.zip,CDR_20030925z.asc,True,1.0,2003-09-21
2003-09-26,14.0534,0.0,37.45,100,maynas_persiann_cdr_2000_2011.zip,CDR_20030926z.asc,True,1.0,2003-09-21
2003-09-27,24.972300000000004,8.72,61.09,100,maynas_persiann_cdr_2000_2011.zip,CDR_20030927z.asc,True,1.0,2003-09-21
2003-09-28,6.553299999999999,0.0,26.03,100,maynas_persiann_cdr_2000_2011.zip,CDR_20030928z.asc,True,1.0,2003-09-28
2003-09-29,7.892799999999999,0.0,30.57,100,maynas_persiann_cdr_2000_2011.zip,CDR_20030929z.asc,True,1.0,2003-09-28
2003-09-30,15.640699999999999,2.29,35.21,100,maynas_persiann_cdr_2000_2011.zip,CDR_20030930z.asc,True,1.0,2003-09-28
2003-10-01,7.275400000000001,0.0,25.09,100,maynas_persiann_cdr_2000_2011.zip,CDR_20031001z.asc,True,1.0,2003-09-28
2003-10-02,1.1767,0.0,6.64,100,maynas_persiann_cdr_2000_2011.zip,CDR_20031002z.asc,True,1.0,2003-09-28
2003-10-03,6.031500000000001,0.0,28.01,100,maynas_persiann_cdr_2000_2011.zip,CDR_20031003z.asc,True,1.0,2003-09-28
2003-10-04,12.6292,2.85,27.7,100,maynas_persiann_cdr_2000_2011.zip,CDR_20031004z.asc,True,1.0,2003-09-28
2003-10-05,11.274000000000001,2.97,25.34,100,maynas_persiann_cdr_2000_2011.zip,CDR_20031005z.asc,True,1.0,2003-10-05
2003-10-06,1.8762999999999999,0.0,7.97,100,maynas_persiann_cdr_2000_2011.zip,CDR_20031006z.asc,True,1.0,2003-10-05
2003-10-07,0.7140000000000001,0.0,8.05,100,maynas_persiann_cdr_2000_2011.zip,CDR_20031007z.asc,True,0.0,2003-10-05
2003-10-08,14.545499999999999,1.66,34.94,100,maynas_persiann_cdr_2000_2011.zip,CDR_20031008z.asc,True,1.0,2003-10-05
2003-10-09,11.415600000000001,3.29,31.02,100,maynas_persiann_cdr_2000_2011.zip,CDR_20031009z.asc,True,1.0,2003-10-05
2003-10-10,9.2042,1.77,26.77,100,maynas_persiann_cdr_2000_2011.zip,CDR_20031010z.asc,True,1.0,2003-10-05
2003-10-11,6.707000000000001,0.28,19.5,100,maynas_persiann_cdr_2000_2011.zip,CDR_20031011z.asc,True,1.0,2003-10-05
2003-10-12,7.0987,2.1,15.17,100,maynas_persiann_cdr_2000_2011.zip,CDR_20031012z.asc,True,1.0,2003-10-12
2003-10-13,5.692,0.63,24.93,100,maynas_persiann_cdr_2000_2011.zip,CDR_20031013z.asc,True,1.0,2003-10-12
2003-10-14,2.456,0.0,12.04,100,maynas_persiann_cdr_2000_2011.zip,CDR_20031014z.asc,True,1.0,2003-10-12
2003-10-15,5.656499999999999,0.0,20.63,100,maynas_persiann_cdr_2000_2011.zip,CDR_20031015z.asc,True,1.0,2003-10-12
2003-10-16,2.1236000000000006,0.0,7.44,100,maynas_persiann_cdr_2000_2011.zip,CDR_20031016z.asc,True,1.0,2003-10-12
2003-10-17,1.2074,0.0,6.72,100,maynas_persiann_cdr_2000_2011.zip,CDR_20031017z.asc,True,1.0,2003-10-12
2003-10-18,1.4168,0.0,12.52,100,maynas_persiann_cdr_2000_2011.zip,CDR_20031018z.asc,True,1.0,2003-10-12
2003-10-19,7.624599999999999,1.02,24.37,100,maynas_persiann_cdr_2000_2011.zip,CDR_20031019z.asc,True,1.0,2003-10-19
2003-10-20,10.683,2.02,29.87,100,maynas_persiann_cdr_2000_2011.zip,CDR_20031020z.asc,True,1.0,2003-10-19
2003-10-21,8.9856,2.62,28.83,100,maynas_persiann_cdr_2000_2011.zip,CDR_20031021z.asc,True,1.0,2003-10-19
2003-10-22,5.1739,0.0,24.08,100,maynas_persiann_cdr_2000_2011.zip,CDR_20031022z.asc,True,1.0,2003-10-19
2003-10-23,5.271800000000001,0.0,23.36,100,maynas_persiann_cdr_2000_2011.zip,CDR_20031023z.asc,True,1.0,2003-10-19
2003-10-24,10.57,0.46,41.94,100,maynas_persiann_cdr_2000_2011.zip,CDR_20031024z.asc,True,1.0,2003-10-19
2003-10-25,10.635000000000002,3.24,28.34,100,maynas_persiann_cdr_2000_2011.zip,CDR_20031025z.asc,True,1.0,2003-10-19
2003-10-26,3.3947999999999996,0.0,22.93,100,maynas_persiann_cdr_2000_2011.zip,CDR_20031026z.asc,True,1.0,2003-10-26
2003-10-27,7.3167,0.0,20.21,100,maynas_persiann_cdr_2000_2011.zip,CDR_20031027z.asc,True,1.0,2003-10-26
2003-10-28,21.5194,4.5,47.48,100,maynas_persiann_cdr_2000_2011.zip,CDR_20031028z.asc,True,1.0,2003-10-26
2003-10-29,9.0682,1.86,20.79,100,maynas_persiann_cdr_2000_2011.zip,CDR_20031029z.asc,True,1.0,2003-10-26
2003-10-30,1.6765999999999999,0.0,11.23,100,maynas_persiann_cdr_2000_2011.zip,CDR_20031030z.asc,True,1.0,2003-10-26
2003-10-31,1.4646000000000001,0.0,10.9,100,maynas_persiann_cdr_2000_2011.zip,CDR_20031031z.asc,True,1.0,2003-10-26
2003-11-01,13.5551,0.45,41.01,100,maynas_persiann_cdr_2000_2011.zip,CDR_20031101z.asc,True,1.0,2003-10-26
2003-11-02,40.9865,11.14,72.09,100,maynas_persiann_cdr_2000_2011.zip,CDR_20031102z.asc,True,1.0,2003-11-02
2003-11-03,3.7365,0.39,19.72,100,maynas_persiann_cdr_2000_2011.zip,CDR_20031103z.asc,True,1.0,2003-11-02
2003-11-04,1.8368,0.0,6.78,100,maynas_persiann_cdr_2000_2011.zip,CDR_20031104z.asc,True,1.0,2003-11-02
2003-11-05,1.8112000000000004,0.0,13.06,100,maynas_persiann_cdr_2000_2011.zip,CDR_20031105z.asc,True,1.0,2003-11-02
2003-11-06,3.0414999999999996,0.0,13.09,100,maynas_persiann_cdr_2000_2011.zip,CDR_20031106z.asc,True,1.0,2003-11-02
2003-11-07,20.2775,5.04,44.27,100,maynas_persiann_cdr_2000_2011.zip,CDR_20031107z.asc,True,1.0,2003-11-02
2003-11-08,0.5162,0.0,5.41,100,maynas_persiann_cdr_2000_2011.zip,CDR_20031108z.asc,True,0.0,2003-11-02
2003-11-09,2.2737,0.0,14.7,100,maynas_persiann_cdr_2000_2011.zip,CDR_20031109z.asc,True,1.0,2003-11-09
2003-11-10,5.004200000000001,0.0,21.28,100,maynas_persiann_cdr_2000_2011.zip,CDR_20031110z.asc,True,1.0,2003-11-09
2003-11-11,41.65039999999999,16.32,66.49,100,maynas_persiann_cdr_2000_2011.zip,CDR_20031111z.asc,True,1.0,2003-11-09
2003-11-12,4.7106,0.0,20.51,100,maynas_persiann_cdr_2000_2011.zip,CDR_20031112z.asc,True,1.0,2003-11-09
2003-11-13,4.5264,0.0,18.28,100,maynas_persiann_cdr_2000_2011.zip,CDR_20031113z.asc,True,1.0,2003-11-09
2003-11-14,15.3521,1.68,36.29,100,maynas_persiann_cdr_2000_2011.zip,CDR_20031114z.asc,True,1.0,2003-11-09
2003-11-15,22.5691,2.07,46.96,100,maynas_persiann_cdr_2000_2011.zip,CDR_20031115z.asc,True,1.0,2003-11-09
2003-11-16,12.9596,0.0,43.25,100,maynas_persiann_cdr_2000_2011.zip,CDR_20031116z.asc,True,1.0,2003-11-16
2003-11-17,5.06,0.0,28.39,100,maynas_persiann_cdr_2000_2011.zip,CDR_20031117z.asc,True,1.0,2003-11-16
2003-11-18,0.5632,0.0,16.74,100,maynas_persiann_cdr_2000_2011.zip,CDR_20031118z.asc,True,0.0,2003-11-16
2003-11-19,14.7487,0.0,30.08,100,maynas_persiann_cdr_2000_2011.zip,CDR_20031119z.asc,True,1.0,2003-11-16
2003-11-20,16.5765,3.99,36.31,100,maynas_persiann_cdr_2000_2011.zip,CDR_20031120z.asc,True,1.0,2003-11-16
2003-11-21,20.8475,8.66,45.75,100,maynas_persiann_cdr_2000_2011.zip,CDR_20031121z.asc,True,1.0,2003-11-16
2003-11-22,1.6041000000000003,0.0,5.33,100,maynas_persiann_cdr_2000_2011.zip,CDR_20031122z.asc,True,1.0,2003-11-16
2003-11-23,6.0554999999999986,0.47,22.15,100,maynas_persiann_cdr_2000_2011.zip,CDR_20031123z.asc,True,1.0,2003-11-23
2003-11-24,2.6196,0.0,8.48,100,maynas_persiann_cdr_2000_2011.zip,CDR_20031124z.asc,True,1.0,2003-11-23
2003-11-25,5.915699999999999,0.0,18.95,100,maynas_persiann_cdr_2000_2011.zip,CDR_20031125z.asc,True,1.0,2003-11-23
2003-11-26,17.126100000000005,6.11,49.02,100,maynas_persiann_cdr_2000_2011.zip,CDR_20031126z.asc,True,1.0,2003-11-23
2003-11-27,5.344499999999999,0.0,28.58,100,maynas_persiann_cdr_2000_2011.zip,CDR_20031127z.asc,True,1.0,2003-11-23
2003-11-28,7.392500000000001,1.39,24.59,100,maynas_persiann_cdr_2000_2011.zip,CDR_20031128z.asc,True,1.0,2003-11-23
2003-11-29,2.0213,0.0,11.07,100,maynas_persiann_cdr_2000_2011.zip,CDR_20031129z.asc,True,1.0,2003-11-23
2003-11-30,5.7326999999999995,0.0,18.85,100,maynas_persiann_cdr_2000_2011.zip,CDR_20031130z.asc,True,1.0,2003-11-30
2003-12-01,29.859199999999998,15.65,58.81,100,maynas_persiann_cdr_2000_2011.zip,CDR_20031201z.asc,True,1.0,2003-11-30
2003-12-02,32.58559999999999,14.38,50.92,100,maynas_persiann_cdr_2000_2011.zip,CDR_20031202z.asc,True,1.0,2003-11-30
2003-12-03,10.121799999999999,2.33,24.14,100,maynas_persiann_cdr_2000_2011.zip,CDR_20031203z.asc,True,1.0,2003-11-30
2003-12-04,9.7018,0.0,33.98,100,maynas_persiann_cdr_2000_2011.zip,CDR_20031204z.asc,True,1.0,2003-11-30
2003-12-05,18.0321,2.73,36.85,100,maynas_persiann_cdr_2000_2011.zip,CDR_20031205z.asc,True,1.0,2003-11-30
2003-12-06,5.721799999999999,0.0,26.25,100,maynas_persiann_cdr_2000_2011.zip,CDR_20031206z.asc,True,1.0,2003-11-30
2003-12-07,12.4099,2.28,36.64,100,maynas_persiann_cdr_2000_2011.zip,CDR_20031207z.asc,True,1.0,2003-12-07
2003-12-08,3.8806,0.0,34.4,100,maynas_persiann_cdr_2000_2011.zip,CDR_20031208z.asc,True,1.0,2003-12-07
2003-12-09,14.874500000000001,1.67,49.26,100,maynas_persiann_cdr_2000_2011.zip,CDR_20031209z.asc,True,1.0,2003-12-07
2003-12-10,12.114199999999999,2.52,28.02,100,maynas_persiann_cdr_2000_2011.zip,CDR_20031210z.asc,True,1.0,2003-12-07
2003-12-11,17.4002,5.87,45.23,100,maynas_persiann_cdr_2000_2011.zip,CDR_20031211z.asc,True,1.0,2003-12-07
2003-12-12,26.462099999999996,4.48,68.07,100,maynas_persiann_cdr_2000_2011.zip,CDR_20031212z.asc,True,1.0,2003-12-07
2003-12-13,12.1875,0.0,35.02,100,maynas_persiann_cdr_2000_2011.zip,CDR_20031213z.asc,True,1.0,2003-12-07
2003-12-14,9.966399999999998,2.27,28.65,100,maynas_persiann_cdr_2000_2011.zip,CDR_20031214z.asc,True,1.0,2003-12-14
2003-12-15,3.7363,0.0,14.94,100,maynas_persiann_cdr_2000_2011.zip,CDR_20031215z.asc,True,1.0,2003-12-14
2003-12-16,3.7394,0.0,14.68,100,maynas_persiann_cdr_2000_2011.zip,CDR_20031216z.asc,True,1.0,2003-12-14
2003-12-17,4.5903,0.0,18.93,100,maynas_persiann_cdr_2000_2011.zip,CDR_20031217z.asc,True,1.0,2003-12-14
2003-12-18,7.302700000000001,0.46,33.48,100,maynas_persiann_cdr_2000_2011.zip,CDR_20031218z.asc,True,1.0,2003-12-14
2003-12-19,1.8014999999999999,0.0,21.94,100,maynas_persiann_cdr_2000_2011.zip,CDR_20031219z.asc,True,1.0,2003-12-14
2003-12-20,7.923299999999999,1.6,20.12,100,maynas_persiann_cdr_2000_2011.zip,CDR_20031220z.asc,True,1.0,2003-12-14
2003-12-21,1.3244999999999998,0.0,9.55,100,maynas_persiann_cdr_2000_2011.zip,CDR_20031221z.asc,True,1.0,2003-12-21
2003-12-22,4.5994,0.52,19.0,100,maynas_persiann_cdr_2000_2011.zip,CDR_20031222z.asc,True,1.0,2003-12-21
2003-12-23,0.9954,0.0,7.66,100,maynas_persiann_cdr_2000_2011.zip,CDR_20031223z.asc,True,0.0,2003-12-21
2003-12-24,2.1061,0.0,10.16,100,maynas_persiann_cdr_2000_2011.zip,CDR_20031224z.asc,True,1.0,2003-12-21
2003-12-25,18.6551,1.08,47.67,100,maynas_persiann_cdr_2000_2011.zip,CDR_20031225z.asc,True,1.0,2003-12-21
2003-12-26,9.2795,0.0,22.8,100,maynas_persiann_cdr_2000_2011.zip,CDR_20031226z.asc,True,1.0,2003-12-21
2003-12-27,3.2058999999999993,0.0,12.46,100,maynas_persiann_cdr_2000_2011.zip,CDR_20031227z.asc,True,1.0,2003-12-21
2003-12-28,0.3882,0.0,5.85,100,maynas_persiann_cdr_2000_2011.zip,CDR_20031228z.asc,True,0.0,2003-12-28
2003-12-29,3.5116,0.0,21.2,100,maynas_persiann_cdr_2000_2011.zip,CDR_20031229z.asc,True,1.0,2003-12-28
2003-12-30,22.433000000000003,2.12,57.54,100,maynas_persiann_cdr_2000_2011.zip,CDR_20031230z.asc,True,1.0,2003-12-28
2003-12-31,9.5697,0.0,32.4,100,maynas_persiann_cdr_2000_2011.zip,CDR_20031231z.asc,True,1.0,2003-12-28
2004-01-01,3.9858,0.0,16.19,100,maynas_persiann_cdr_2000_2011.zip,CDR_20040101z.asc,True,1.0,2003-12-28
2004-01-02,0.41659999999999997,0.0,2.08,100,maynas_persiann_cdr_2000_2011.zip,CDR_20040102z.asc,True,0.0,2003-12-28
2004-01-03,0.31189999999999996,0.0,3.03,100,maynas_persiann_cdr_2000_2011.zip,CDR_20040103z.asc,True,0.0,2003-12-28
2004-01-04,1.155,0.0,7.88,100,maynas_persiann_cdr_2000_2011.zip,CDR_20040104z.asc,True,1.0,2004-01-04
2004-01-05,2.0602,0.0,9.85,100,maynas_persiann_cdr_2000_2011.zip,CDR_20040105z.asc,True,1.0,2004-01-04
2004-01-06,7.1429,0.0,23.38,100,maynas_persiann_cdr_2000_2011.zip,CDR_20040106z.asc,True,1.0,2004-01-04
2004-01-07,8.9623,0.51,22.63,100,maynas_persiann_cdr_2000_2011.zip,CDR_20040107z.asc,True,1.0,2004-01-04
2004-01-08,16.4162,3.98,35.69,100,maynas_persiann_cdr_2000_2011.zip,CDR_20040108z.asc,True,1.0,2004-01-04
2004-01-09,5.6651,0.36,24.22,100,maynas_persiann_cdr_2000_2011.zip,CDR_20040109z.asc,True,1.0,2004-01-04
2004-01-10,2.892,0.0,19.99,100,maynas_persiann_cdr_2000_2011.zip,CDR_20040110z.asc,True,1.0,2004-01-04
2004-01-11,5.218800000000001,0.0,16.84,100,maynas_persiann_cdr_2000_2011.zip,CDR_20040111z.asc,True,1.0,2004-01-11
2004-01-12,18.451,4.89,43.47,100,maynas_persiann_cdr_2000_2011.zip,CDR_20040112z.asc,True,1.0,2004-01-11
2004-01-13,16.512700000000002,3.5,30.13,100,maynas_persiann_cdr_2000_2011.zip,CDR_20040113z.asc,True,1.0,2004-01-11
2004-01-14,0.7813,0.0,4.34,100,maynas_persiann_cdr_2000_2011.zip,CDR_20040114z.asc,True,0.0,2004-01-11
2004-01-15,0.1457,0.0,1.36,100,maynas_persiann_cdr_2000_2011.zip,CDR_20040115z.asc,True,0.0,2004-01-11
2004-01-16,4.9135,0.0,11.16,100,maynas_persiann_cdr_2000_2011.zip,CDR_20040116z.asc,True,1.0,2004-01-11
2004-01-17,6.3076000000000025,1.41,16.49,100,maynas_persiann_cdr_2000_2011.zip,CDR_20040117z.asc,True,1.0,2004-01-11
2004-01-18,4.9311,0.4,19.65,100,maynas_persiann_cdr_2000_2011.zip,CDR_20040118z.asc,True,1.0,2004-01-18
2004-01-19,0.3041,0.0,2.97,100,maynas_persiann_cdr_2000_2011.zip,CDR_20040119z.asc,True,0.0,2004-01-18
2004-01-20,0.317,0.0,4.22,100,maynas_persiann_cdr_2000_2011.zip,CDR_20040120z.asc,True,0.0,2004-01-18
2004-01-21,0.1937,0.0,1.73,100,maynas_persiann_cdr_2000_2011.zip,CDR_20040121z.asc,True,0.0,2004-01-18
2004-01-22,2.2297,0.0,14.93,100,maynas_persiann_cdr_2000_2011.zip,CDR_20040122z.asc,True,1.0,2004-01-18
2004-01-23,1.6241999999999996,0.0,9.95,100,maynas_persiann_cdr_2000_2011.zip,CDR_20040123z.asc,True,1.0,2004-01-18
2004-01-24,0.7892000000000001,0.0,3.45,100,maynas_persiann_cdr_2000_2011.zip,CDR_20040124z.asc,True,0.0,2004-01-18
2004-01-25,0.0304,0.0,0.93,100,maynas_persiann_cdr_2000_2011.zip,CDR_20040125z.asc,True,0.0,2004-01-25
2004-01-26,0.2918,0.0,2.83,100,maynas_persiann_cdr_2000_2011.zip,CDR_20040126z.asc,True,0.0,2004-01-25
2004-01-27,0.16680000000000003,0.0,2.15,100,maynas_persiann_cdr_2000_2011.zip,CDR_20040127z.asc,True,0.0,2004-01-25
2004-01-28,0.02,0.0,0.55,100,maynas_persiann_cdr_2000_2011.zip,CDR_20040128z.asc,True,0.0,2004-01-25
2004-01-29,1.1783,0.0,8.81,100,maynas_persiann_cdr_2000_2011.zip,CDR_20040129z.asc,True,1.0,2004-01-25
2004-01-30,1.6960000000000002,0.0,9.91,100,maynas_persiann_cdr_2000_2011.zip,CDR_20040130z.asc,True,1.0,2004-01-25
2004-01-31,1.6532,0.0,10.23,100,maynas_persiann_cdr_2000_2011.zip,CDR_20040131z.asc,True,1.0,2004-01-25
2004-02-01,2.5476,0.0,13.59,100,maynas_persiann_cdr_2000_2011.zip,CDR_20040201z.asc,True,1.0,2004-02-01
2004-02-02,1.6730999999999998,0.0,17.97,100,maynas_persiann_cdr_2000_2011.zip,CDR_20040202z.asc,True,1.0,2004-02-01
2004-02-03,9.030800000000001,0.0,29.21,100,maynas_persiann_cdr_2000_2011.zip,CDR_20040203z.asc,True,1.0,2004-02-01
2004-02-04,8.495600000000001,0.85,39.16,100,maynas_persiann_cdr_2000_2011.zip,CDR_20040204z.asc,True,1.0,2004-02-01
2004-02-05,1.2064,0.0,9.93,100,maynas_persiann_cdr_2000_2011.zip,CDR_20040205z.asc,True,1.0,2004-02-01
2004-02-06,1.4079,0.0,8.29,100,maynas_persiann_cdr_2000_2011.zip,CDR_20040206z.asc,True,1.0,2004-02-01
2004-02-07,0.9941999999999999,0.0,5.51,100,maynas_persiann_cdr_2000_2011.zip,CDR_20040207z.asc,True,0.0,2004-02-01
2004-02-08,1.6238,0.0,7.44,100,maynas_persiann_cdr_2000_2011.zip,CDR_20040208z.asc,True,1.0,2004-02-08
2004-02-09,1.5191999999999999,0.0,10.15,100,maynas_persiann_cdr_2000_2011.zip,CDR_20040209z.asc,True,1.0,2004-02-08
2004-02-10,0.41370000000000007,0.0,3.42,100,maynas_persiann_cdr_2000_2011.zip,CDR_20040210z.asc,True,0.0,2004-02-08
2004-02-11,0.3639,0.0,4.55,100,maynas_persiann_cdr_2000_2011.zip,CDR_20040211z.asc,True,0.0,2004-02-08
2004-02-12,1.1586,0.0,5.49,100,maynas_persiann_cdr_2000_2011.zip,CDR_20040212z.asc,True,1.0,2004-02-08
2004-02-13,4.0294,0.0,16.1,100,maynas_persiann_cdr_2000_2011.zip,CDR_20040213z.asc,True,1.0,2004-02-08
2004-02-14,9.578199999999999,0.94,43.51,100,maynas_persiann_cdr_2000_2011.zip,CDR_20040214z.asc,True,1.0,2004-02-08
2004-02-15,9.4311,0.0,29.32,100,maynas_persiann_cdr_2000_2011.zip,CDR_20040215z.asc,True,1.0,2004-02-15
2004-02-16,18.8168,0.0,51.78,100,maynas_persiann_cdr_2000_2011.zip,CDR_20040216z.asc,True,1.0,2004-02-15
2004-02-17,9.809899999999999,0.0,36.15,100,maynas_persiann_cdr_2000_2011.zip,CDR_20040217z.asc,True,1.0,2004-02-15
2004-02-18,14.167999999999997,0.76,41.01,100,maynas_persiann_cdr_2000_2011.zip,CDR_20040218z.asc,True,1.0,2004-02-15
2004-02-19,9.655999999999999,0.99,25.61,100,maynas_persiann_cdr_2000_2011.zip,CDR_20040219z.asc,True,1.0,2004-02-15
2004-02-20,39.4161,15.01,57.03,100,maynas_persiann_cdr_2000_2011.zip,CDR_20040220z.asc,True,1.0,2004-02-15
2004-02-21,7.261400000000001,0.67,28.19,100,maynas_persiann_cdr_2000_2011.zip,CDR_20040221z.asc,True,1.0,2004-02-15
2004-02-22,11.8175,0.0,32.3,100,maynas_persiann_cdr_2000_2011.zip,CDR_20040222z.asc,True,1.0,2004-02-22
2004-02-23,2.2048,0.0,13.4,100,maynas_persiann_cdr_2000_2011.zip,CDR_20040223z.asc,True,1.0,2004-02-22
2004-02-24,3.4353000000000002,0.0,19.94,100,maynas_persiann_cdr_2000_2011.zip,CDR_20040224z.asc,True,1.0,2004-02-22
2004-02-25,8.7092,0.0,44.03,100,maynas_persiann_cdr_2000_2011.zip,CDR_20040225z.asc,True,1.0,2004-02-22
2004-02-26,13.421300000000004,0.0,43.96,100,maynas_persiann_cdr_2000_2011.zip,CDR_20040226z.asc,True,1.0,2004-02-22
2004-02-27,6.785900000000001,0.0,17.47,100,maynas_persiann_cdr_2000_2011.zip,CDR_20040227z.asc,True,1.0,2004-02-22
2004-02-28,1.6880000000000002,0.0,21.16,100,maynas_persiann_cdr_2000_2011.zip,CDR_20040228z.asc,True,1.0,2004-02-22
2004-02-29,4.8237,0.0,23.92,100,maynas_persiann_cdr_2000_2011.zip,CDR_20040229z.asc,True,1.0,2004-02-29
2004-03-01,12.9211,0.95,27.17,100,maynas_persiann_cdr_2000_2011.zip,CDR_20040301z.asc,True,1.0,2004-02-29
2004-03-02,26.4421,7.84,55.85,100,maynas_persiann_cdr_2000_2011.zip,CDR_20040302z.asc,True,1.0,2004-02-29
2004-03-03,5.368200000000001,0.0,30.13,100,maynas_persiann_cdr_2000_2011.zip,CDR_20040303z.asc,True,1.0,2004-02-29
2004-03-04,8.8452,4.37,28.19,100,maynas_persiann_cdr_2000_2011.zip,CDR_20040304z.asc,True,1.0,2004-02-29
2004-03-05,15.8264,1.38,57.7,100,maynas_persiann_cdr_2000_2011.zip,CDR_20040305z.asc,True,1.0,2004-02-29
2004-03-06,9.257900000000001,0.0,31.74,100,maynas_persiann_cdr_2000_2011.zip,CDR_20040306z.asc,True,1.0,2004-02-29
2004-03-07,1.3832999999999998,0.0,11.43,100,maynas_persiann_cdr_2000_2011.zip,CDR_20040307z.asc,True,1.0,2004-03-07
2004-03-08,5.413499999999999,0.0,22.45,100,maynas_persiann_cdr_2000_2011.zip,CDR_20040308z.asc,True,1.0,2004-03-07
2004-03-09,15.977500000000003,3.64,36.87,100,maynas_persiann_cdr_2000_2011.zip,CDR_20040309z.asc,True,1.0,2004-03-07
2004-03-10,15.210200000000002,3.77,42.07,100,maynas_persiann_cdr_2000_2011.zip,CDR_20040310z.asc,True,1.0,2004-03-07
2004-03-11,4.9263,0.0,18.36,100,maynas_persiann_cdr_2000_2011.zip,CDR_20040311z.asc,True,1.0,2004-03-07
2004-03-12,11.298899999999998,0.0,32.32,100,maynas_persiann_cdr_2000_2011.zip,CDR_20040312z.asc,True,1.0,2004-03-07
2004-03-13,8.4877,0.64,32.52,100,maynas_persiann_cdr_2000_2011.zip,CDR_20040313z.asc,True,1.0,2004-03-07
2004-03-14,12.578199999999999,1.12,34.01,100,maynas_persiann_cdr_2000_2011.zip,CDR_20040314z.asc,True,1.0,2004-03-14
2004-03-15,31.569000000000006,10.74,74.14,100,maynas_persiann_cdr_2000_2011.zip,CDR_20040315z.asc,True,1.0,2004-03-14
2004-03-16,3.5820000000000003,0.0,10.87,100,maynas_persiann_cdr_2000_2011.zip,CDR_20040316z.asc,True,1.0,2004-03-14
2004-03-17,2.8390999999999997,0.0,12.53,100,maynas_persiann_cdr_2000_2011.zip,CDR_20040317z.asc,True,1.0,2004-03-14
2004-03-18,8.2766,0.0,39.52,100,maynas_persiann_cdr_2000_2011.zip,CDR_20040318z.asc,True,1.0,2004-03-14
2004-03-19,30.555199999999996,11.32,61.87,100,maynas_persiann_cdr_2000_2011.zip,CDR_20040319z.asc,True,1.0,2004-03-14
2004-03-20,13.9241,1.41,30.79,100,maynas_persiann_cdr_2000_2011.zip,CDR_20040320z.asc,True,1.0,2004-03-14
2004-03-21,29.163800000000002,10.41,62.49,100,maynas_persiann_cdr_2000_2011.zip,CDR_20040321z.asc,True,1.0,2004-03-21
2004-03-22,5.9303,0.0,29.85,100,maynas_persiann_cdr_2000_2011.zip,CDR_20040322z.asc,True,1.0,2004-03-21
2004-03-23,16.083000000000002,3.99,40.96,100,maynas_persiann_cdr_2000_2011.zip,CDR_20040323z.asc,True,1.0,2004-03-21
2004-03-24,8.0573,0.0,37.03,100,maynas_persiann_cdr_2000_2011.zip,CDR_20040324z.asc,True,1.0,2004-03-21
2004-03-25,18.880499999999998,3.21,45.61,100,maynas_persiann_cdr_2000_2011.zip,CDR_20040325z.asc,True,1.0,2004-03-21
2004-03-26,15.811100000000001,4.39,55.58,100,maynas_persiann_cdr_2000_2011.zip,CDR_20040326z.asc,True,1.0,2004-03-21
2004-03-27,12.7677,2.07,41.41,100,maynas_persiann_cdr_2000_2011.zip,CDR_20040327z.asc,True,1.0,2004-03-21
2004-03-28,22.6777,6.55,48.77,100,maynas_persiann_cdr_2000_2011.zip,CDR_20040328z.asc,True,1.0,2004-03-28
2004-03-29,25.519500000000004,4.76,40.78,100,maynas_persiann_cdr_2000_2011.zip,CDR_20040329z.asc,True,1.0,2004-03-28
2004-03-30,0.7837000000000001,0.0,10.01,100,maynas_persiann_cdr_2000_2011.zip,CDR_20040330z.asc,True,0.0,2004-03-28
2004-03-31,12.978599999999997,0.76,43.29,100,maynas_persiann_cdr_2000_2011.zip,CDR_20040331z.asc,True,1.0,2004-03-28
2004-04-01,7.675800000000001,0.0,28.62,100,maynas_persiann_cdr_2000_2011.zip,CDR_20040401z.asc,True,1.0,2004-03-28
2004-04-02,7.939399999999998,0.0,22.42,100,maynas_persiann_cdr_2000_2011.zip,CDR_20040402z.asc,True,1.0,2004-03-28
2004-04-03,9.1812,0.62,28.68,100,maynas_persiann_cdr_2000_2011.zip,CDR_20040403z.asc,True,1.0,2004-03-28
2004-04-04,6.8322,0.38,26.14,100,maynas_persiann_cdr_2000_2011.zip,CDR_20040404z.asc,True,1.0,2004-04-04
2004-04-05,1.926,0.0,11.03,100,maynas_persiann_cdr_2000_2011.zip,CDR_20040405z.asc,True,1.0,2004-04-04
2004-04-06,18.3112,1.04,46.31,100,maynas_persiann_cdr_2000_2011.zip,CDR_20040406z.asc,True,1.0,2004-04-04
2004-04-07,4.583,0.0,17.85,100,maynas_persiann_cdr_2000_2011.zip,CDR_20040407z.asc,True,1.0,2004-04-04
2004-04-08,10.614400000000003,0.73,25.13,100,maynas_persiann_cdr_2000_2011.zip,CDR_20040408z.asc,True,1.0,2004-04-04
2004-04-09,26.770200000000003,8.77,48.27,100,maynas_persiann_cdr_2000_2011.zip,CDR_20040409z.asc,True,1.0,2004-04-04
2004-04-10,2.2526,0.0,9.69,100,maynas_persiann_cdr_2000_2011.zip,CDR_20040410z.asc,True,1.0,2004-04-04
2004-04-11,1.6194,0.0,7.35,100,maynas_persiann_cdr_2000_2011.zip,CDR_20040411z.asc,True,1.0,2004-04-11
2004-04-12,3.4040999999999997,0.0,18.17,100,maynas_persiann_cdr_2000_2011.zip,CDR_20040412z.asc,True,1.0,2004-04-11
2004-04-13,17.600900000000003,1.14,36.92,100,maynas_persiann_cdr_2000_2011.zip,CDR_20040413z.asc,True,1.0,2004-04-11
2004-04-14,11.848199999999999,1.96,27.29,100,maynas_persiann_cdr_2000_2011.zip,CDR_20040414z.asc,True,1.0,2004-04-11
2004-04-15,22.8259,5.2,42.65,100,maynas_persiann_cdr_2000_2011.zip,CDR_20040415z.asc,True,1.0,2004-04-11
2004-04-16,22.346200000000003,3.55,64.45,100,maynas_persiann_cdr_2000_2011.zip,CDR_20040416z.asc,True,1.0,2004-04-11
2004-04-17,9.2471,0.38,25.45,100,maynas_persiann_cdr_2000_2011.zip,CDR_20040417z.asc,True,1.0,2004-04-11
2004-04-18,15.786599999999998,1.12,49.77,100,maynas_persiann_cdr_2000_2011.zip,CDR_20040418z.asc,True,1.0,2004-04-18
2004-04-19,18.5882,0.0,37.46,100,maynas_persiann_cdr_2000_2011.zip,CDR_20040419z.asc,True,1.0,2004-04-18
2004-04-20,6.1164,0.0,26.32,100,maynas_persiann_cdr_2000_2011.zip,CDR_20040420z.asc,True,1.0,2004-04-18
2004-04-21,9.576699999999999,0.49,41.12,100,maynas_persiann_cdr_2000_2011.zip,CDR_20040421z.asc,True,1.0,2004-04-18
2004-04-22,9.979499999999998,3.06,23.27,100,maynas_persiann_cdr_2000_2011.zip,CDR_20040422z.asc,True,1.0,2004-04-18
2004-04-23,11.4876,2.22,26.87,100,maynas_persiann_cdr_2000_2011.zip,CDR_20040423z.asc,True,1.0,2004-04-18
2004-04-24,2.4203,0.0,15.75,100,maynas_persiann_cdr_2000_2011.zip,CDR_20040424z.asc,True,1.0,2004-04-18
2004-04-25,3.3891000000000004,0.0,11.01,100,maynas_persiann_cdr_2000_2011.zip,CDR_20040425z.asc,True,1.0,2004-04-25
2004-04-26,7.496,0.55,27.37,100,maynas_persiann_cdr_2000_2011.zip,CDR_20040426z.asc,True,1.0,2004-04-25
2004-04-27,2.6479999999999997,0.0,8.03,100,maynas_persiann_cdr_2000_2011.zip,CDR_20040427z.asc,True,1.0,2004-04-25
2004-04-28,5.290000000000001,0.0,19.22,100,maynas_persiann_cdr_2000_2011.zip,CDR_20040428z.asc,True,1.0,2004-04-25
2004-04-29,2.5257,0.0,15.67,100,maynas_persiann_cdr_2000_2011.zip,CDR_20040429z.asc,True,1.0,2004-04-25
2004-04-30,10.0593,0.0,29.89,100,maynas_persiann_cdr_2000_2011.zip,CDR_20040430z.asc,True,1.0,2004-04-25
2004-05-01,65.3714,7.16,125.18,100,maynas_persiann_cdr_2000_2011.zip,CDR_20040501z.asc,True,1.0,2004-04-25
2004-05-02,17.124900000000004,0.97,55.96,100,maynas_persiann_cdr_2000_2011.zip,CDR_20040502z.asc,True,1.0,2004-05-02
2004-05-03,8.7578,0.0,43.41,100,maynas_persiann_cdr_2000_2011.zip,CDR_20040503z.asc,True,1.0,2004-05-02
2004-05-04,6.966800000000001,0.0,32.93,100,maynas_persiann_cdr_2000_2011.zip,CDR_20040504z.asc,True,1.0,2004-05-02
2004-05-05,29.3233,1.28,82.28,100,maynas_persiann_cdr_2000_2011.zip,CDR_20040505z.asc,True,1.0,2004-05-02
2004-05-06,8.619,0.0,37.73,100,maynas_persiann_cdr_2000_2011.zip,CDR_20040506z.asc,True,1.0,2004-05-02
2004-05-07,0.6112000000000001,0.0,5.9,100,maynas_persiann_cdr_2000_2011.zip,CDR_20040507z.asc,True,0.0,2004-05-02
2004-05-08,0.12780000000000002,0.0,2.89,100,maynas_persiann_cdr_2000_2011.zip,CDR_20040508z.asc,True,0.0,2004-05-02
2004-05-09,0.036699999999999997,0.0,2.72,100,maynas_persiann_cdr_2000_2011.zip,CDR_20040509z.asc,True,0.0,2004-05-09
2004-05-10,0.0,0.0,0.0,100,maynas_persiann_cdr_2000_2011.zip,CDR_20040510z.asc,True,0.0,2004-05-09
2004-05-11,0.0,0.0,0.0,100,maynas_persiann_cdr_2000_2011.zip,CDR_20040511z.asc,True,0.0,2004-05-09
2004-05-12,1.9578,0.0,16.87,100,maynas_persiann_cdr_2000_2011.zip,CDR_20040512z.asc,True,1.0,2004-05-09
2004-05-13,11.2885,0.0,43.19,100,maynas_persiann_cdr_2000_2011.zip,CDR_20040513z.asc,True,1.0,2004-05-09
2004-05-14,5.580900000000001,0.0,27.09,100,maynas_persiann_cdr_2000_2011.zip,CDR_20040514z.asc,True,1.0,2004-05-09
2004-05-15,50.8382,4.92,119.86,100,maynas_persiann_cdr_2000_2011.zip,CDR_20040515z.asc,True,1.0,2004-05-09
2004-05-16,46.20870000000001,18.45,70.47,100,maynas_persiann_cdr_2000_2011.zip,CDR_20040516z.asc,True,1.0,2004-05-16
2004-05-17,1.0726,0.0,7.07,100,maynas_persiann_cdr_2000_2011.zip,CDR_20040517z.asc,True,1.0,2004-05-16
2004-05-18,0.2612,0.0,2.09,100,maynas_persiann_cdr_2000_2011.zip,CDR_20040518z.asc,True,0.0,2004-05-16
2004-05-19,1.1949,0.0,18.47,100,maynas_persiann_cdr_2000_2011.zip,CDR_20040519z.asc,True,1.0,2004-05-16
2004-05-20,10.957199999999998,0.0,34.52,100,maynas_persiann_cdr_2000_2011.zip,CDR_20040520z.asc,True,1.0,2004-05-16
2004-05-21,11.5538,1.75,36.26,100,maynas_persiann_cdr_2000_2011.zip,CDR_20040521z.asc,True,1.0,2004-05-16
2004-05-22,12.054200000000002,0.0,63.7,100,maynas_persiann_cdr_2000_2011.zip,CDR_20040522z.asc,True,1.0,2004-05-16
2004-05-23,10.255699999999997,1.08,48.62,100,maynas_persiann_cdr_2000_2011.zip,CDR_20040523z.asc,True,1.0,2004-05-23
2004-05-24,15.886400000000004,0.0,65.47,100,maynas_persiann_cdr_2000_2011.zip,CDR_20040524z.asc,True,1.0,2004-05-23
2004-05-25,9.824800000000002,1.26,52.13,100,maynas_persiann_cdr_2000_2011.zip,CDR_20040525z.asc,True,1.0,2004-05-23
2004-05-26,36.711000000000006,3.12,81.72,100,maynas_persiann_cdr_2000_2011.zip,CDR_20040526z.asc,True,1.0,2004-05-23
2004-05-27,38.281200000000005,9.39,136.8,100,maynas_persiann_cdr_2000_2011.zip,CDR_20040527z.asc,True,1.0,2004-05-23
2004-05-28,7.648399999999999,0.0,26.18,100,maynas_persiann_cdr_2000_2011.zip,CDR_20040528z.asc,True,1.0,2004-05-23
2004-05-29,0.8534,0.0,14.42,100,maynas_persiann_cdr_2000_2011.zip,CDR_20040529z.asc,True,0.0,2004-05-23
2004-05-30,0.6525,0.0,10.22,100,maynas_persiann_cdr_2000_2011.zip,CDR_20040530z.asc,True,0.0,2004-05-30
2004-05-31,8.9589,0.0,19.37,100,maynas_persiann_cdr_2000_2011.zip,CDR_20040531z.asc,True,1.0,2004-05-30
2004-06-01,6.220700000000002,0.0,22.82,100,maynas_persiann_cdr_2000_2011.zip,CDR_20040601z.asc,True,1.0,2004-05-30
2004-06-02,25.253700000000002,0.0,75.39,100,maynas_persiann_cdr_2000_2011.zip,CDR_20040602z.asc,True,1.0,2004-05-30
2004-06-03,23.504900000000003,0.0,86.09,100,maynas_persiann_cdr_2000_2011.zip,CDR_20040603z.asc,True,1.0,2004-05-30
2004-06-04,1.0581000000000003,0.0,8.38,100,maynas_persiann_cdr_2000_2011.zip,CDR_20040604z.asc,True,1.0,2004-05-30
2004-06-05,0.18469999999999998,0.0,4.3,100,maynas_persiann_cdr_2000_2011.zip,CDR_20040605z.asc,True,0.0,2004-05-30
2004-06-06,15.4756,0.0,51.42,100,maynas_persiann_cdr_2000_2011.zip,CDR_20040606z.asc,True,1.0,2004-06-06
2004-06-07,54.1215,1.43,151.78,100,maynas_persiann_cdr_2000_2011.zip,CDR_20040607z.asc,True,1.0,2004-06-06
2004-06-08,26.554699999999997,4.57,87.95,100,maynas_persiann_cdr_2000_2011.zip,CDR_20040608z.asc,True,1.0,2004-06-06
2004-06-09,11.875699999999997,0.0,38.8,100,maynas_persiann_cdr_2000_2011.zip,CDR_20040609z.asc,True,1.0,2004-06-06
2004-06-10,10.017999999999999,0.0,111.5,100,maynas_persiann_cdr_2000_2011.zip,CDR_20040610z.asc,True,1.0,2004-06-06
2004-06-11,3.3091000000000004,0.0,20.39,100,maynas_persiann_cdr_2000_2011.zip,CDR_20040611z.asc,True,1.0,2004-06-06
2004-06-12,7.4174,0.0,26.62,100,maynas_persiann_cdr_2000_2011.zip,CDR_20040612z.asc,True,1.0,2004-06-06
2004-06-13,8.2412,0.0,37.6,100,maynas_persiann_cdr_2000_2011.zip,CDR_20040613z.asc,True,1.0,2004-06-13
2004-06-14,0.4006,0.0,8.4,100,maynas_persiann_cdr_2000_2011.zip,CDR_20040614z.asc,True,0.0,2004-06-13
2004-06-15,0.0,0.0,0.0,100,maynas_persiann_cdr_2000_2011.zip,CDR_20040615z.asc,True,0.0,2004-06-13
2004-06-16,0.0,0.0,0.0,100,maynas_persiann_cdr_2000_2011.zip,CDR_20040616z.asc,True,0.0,2004-06-13
2004-06-17,0.0,0.0,0.0,100,maynas_persiann_cdr_2000_2011.zip,CDR_20040617z.asc,True,0.0,2004-06-13
2004-06-18,0.0335,0.0,1.77,100,maynas_persiann_cdr_2000_2011.zip,CDR_20040618z.asc,True,0.0,2004-06-13
2004-06-19,1.7111000000000005,0.0,14.54,100,maynas_persiann_cdr_2000_2011.zip,CDR_20040619z.asc,True,1.0,2004-06-13
2004-06-20,5.6513,0.0,25.55,100,maynas_persiann_cdr_2000_2011.zip,CDR_20040620z.asc,True,1.0,2004-06-20
2004-06-21,21.204700000000003,2.95,95.0,100,maynas_persiann_cdr_2000_2011.zip,CDR_20040621z.asc,True,1.0,2004-06-20
2004-06-22,23.8209,2.01,64.36,100,maynas_persiann_cdr_2000_2011.zip,CDR_20040622z.asc,True,1.0,2004-06-20
2004-06-23,5.412500000000001,0.0,37.29,100,maynas_persiann_cdr_2000_2011.zip,CDR_20040623z.asc,True,1.0,2004-06-20
2004-06-24,4.352,0.0,19.6,100,maynas_persiann_cdr_2000_2011.zip,CDR_20040624z.asc,True,1.0,2004-06-20
2004-06-25,4.114599999999999,0.0,35.51,100,maynas_persiann_cdr_2000_2011.zip,CDR_20040625z.asc,True,1.0,2004-06-20
2004-06-26,1.4503000000000004,0.0,15.84,100,maynas_persiann_cdr_2000_2011.zip,CDR_20040626z.asc,True,1.0,2004-06-20
2004-06-27,6.935599999999999,0.0,21.21,100,maynas_persiann_cdr_2000_2011.zip,CDR_20040627z.asc,True,1.0,2004-06-27
2004-06-28,2.0371,0.0,12.82,100,maynas_persiann_cdr_2000_2011.zip,CDR_20040628z.asc,True,1.0,2004-06-27
2004-06-29,0.5755,0.0,6.0,100,maynas_persiann_cdr_2000_2011.zip,CDR_20040629z.asc,True,0.0,2004-06-27
2004-06-30,13.564800000000002,0.0,50.73,100,maynas_persiann_cdr_2000_2011.zip,CDR_20040630z.asc,True,1.0,2004-06-27
2004-07-01,1.7722000000000002,0.0,10.97,100,maynas_persiann_cdr_2000_2011.zip,CDR_20040701z.asc,True,1.0,2004-06-27
2004-07-02,8.049199999999999,0.97,32.06,100,maynas_persiann_cdr_2000_2011.zip,CDR_20040702z.asc,True,1.0,2004-06-27
2004-07-03,3.755299999999999,0.0,52.47,100,maynas_persiann_cdr_2000_2011.zip,CDR_20040703z.asc,True,1.0,2004-06-27
2004-07-04,11.989800000000002,0.0,38.64,100,maynas_persiann_cdr_2000_2011.zip,CDR_20040704z.asc,True,1.0,2004-07-04
2004-07-05,7.782299999999999,0.94,35.34,100,maynas_persiann_cdr_2000_2011.zip,CDR_20040705z.asc,True,1.0,2004-07-04
2004-07-06,11.644199999999998,0.0,35.84,100,maynas_persiann_cdr_2000_2011.zip,CDR_20040706z.asc,True,1.0,2004-07-04
2004-07-07,10.0885,0.0,42.19,100,maynas_persiann_cdr_2000_2011.zip,CDR_20040707z.asc,True,1.0,2004-07-04
2004-07-08,1.3862,0.0,21.55,100,maynas_persiann_cdr_2000_2011.zip,CDR_20040708z.asc,True,1.0,2004-07-04
2004-07-09,9.2795,1.04,25.34,100,maynas_persiann_cdr_2000_2011.zip,CDR_20040709z.asc,True,1.0,2004-07-04
2004-07-10,6.570400000000001,0.89,20.92,100,maynas_persiann_cdr_2000_2011.zip,CDR_20040710z.asc,True,1.0,2004-07-04
2004-07-11,27.363400000000002,3.81,76.76,100,maynas_persiann_cdr_2000_2011.zip,CDR_20040711z.asc,True,1.0,2004-07-11
2004-07-12,10.445799999999998,0.0,44.45,100,maynas_persiann_cdr_2000_2011.zip,CDR_20040712z.asc,True,1.0,2004-07-11
2004-07-13,3.5217,0.0,29.2,100,maynas_persiann_cdr_2000_2011.zip,CDR_20040713z.asc,True,1.0,2004-07-11
2004-07-14,25.211799999999997,1.27,95.85,100,maynas_persiann_cdr_2000_2011.zip,CDR_20040714z.asc,True,1.0,2004-07-11
2004-07-15,6.417200000000001,0.0,20.39,100,maynas_persiann_cdr_2000_2011.zip,CDR_20040715z.asc,True,1.0,2004-07-11
2004-07-16,2.97,0.0,12.63,100,maynas_persiann_cdr_2000_2011.zip,CDR_20040716z.asc,True,1.0,2004-07-11
2004-07-17,20.2946,4.51,59.47,100,maynas_persiann_cdr_2000_2011.zip,CDR_20040717z.asc,True,1.0,2004-07-11
2004-07-18,3.4255,0.0,16.22,100,maynas_persiann_cdr_2000_2011.zip,CDR_20040718z.asc,True,1.0,2004-07-18
2004-07-19,5.1610000000000005,0.0,25.9,100,maynas_persiann_cdr_2000_2011.zip,CDR_20040719z.asc,True,1.0,2004-07-18
2004-07-20,3.7058000000000004,0.0,27.19,100,maynas_persiann_cdr_2000_2011.zip,CDR_20040720z.asc,True,1.0,2004-07-18
2004-07-21,0.0182,0.0,1.82,100,maynas_persiann_cdr_2000_2011.zip,CDR_20040721z.asc,True,0.0,2004-07-18
2004-07-22,0.047400000000000005,0.0,2.45,100,maynas_persiann_cdr_2000_2011.zip,CDR_20040722z.asc,True,0.0,2004-07-18
2004-07-23,4.947399999999999,0.0,17.56,100,maynas_persiann_cdr_2000_2011.zip,CDR_20040723z.asc,True,1.0,2004-07-18
2004-07-24,8.1295,0.0,36.97,100,maynas_persiann_cdr_2000_2011.zip,CDR_20040724z.asc,True,1.0,2004-07-18
2004-07-25,31.518900000000002,1.78,74.21,100,maynas_persiann_cdr_2000_2011.zip,CDR_20040725z.asc,True,1.0,2004-07-25
2004-07-26,8.882000000000001,1.24,24.52,100,maynas_persiann_cdr_2000_2011.zip,CDR_20040726z.asc,True,1.0,2004-07-25
2004-07-27,5.412100000000001,0.0,35.37,100,maynas_persiann_cdr_2000_2011.zip,CDR_20040727z.asc,True,1.0,2004-07-25
2004-07-28,1.8901000000000001,0.0,7.63,100,maynas_persiann_cdr_2000_2011.zip,CDR_20040728z.asc,True,1.0,2004-07-25
2004-07-29,1.5706,0.0,21.51,100,maynas_persiann_cdr_2000_2011.zip,CDR_20040729z.asc,True,1.0,2004-07-25
2004-07-30,12.257699999999998,0.0,39.46,100,maynas_persiann_cdr_2000_2011.zip,CDR_20040730z.asc,True,1.0,2004-07-25
2004-07-31,16.0463,0.0,54.24,100,maynas_persiann_cdr_2000_2011.zip,CDR_20040731z.asc,True,1.0,2004-07-25
2004-08-01,0.0179,0.0,1.79,100,maynas_persiann_cdr_2000_2011.zip,CDR_20040801z.asc,True,0.0,2004-08-01
2004-08-02,0.0,0.0,0.0,100,maynas_persiann_cdr_2000_2011.zip,CDR_20040802z.asc,True,0.0,2004-08-01
2004-08-03,0.0456,0.0,1.21,100,maynas_persiann_cdr_2000_2011.zip,CDR_20040803z.asc,True,0.0,2004-08-01
2004-08-04,0.4335,0.0,5.79,100,maynas_persiann_cdr_2000_2011.zip,CDR_20040804z.asc,True,0.0,2004-08-01
2004-08-05,4.2970999999999995,0.0,26.0,100,maynas_persiann_cdr_2000_2011.zip,CDR_20040805z.asc,True,1.0,2004-08-01
2004-08-06,3.9175,0.0,13.88,100,maynas_persiann_cdr_2000_2011.zip,CDR_20040806z.asc,True,1.0,2004-08-01
2004-08-07,5.5287,0.0,12.81,100,maynas_persiann_cdr_2000_2011.zip,CDR_20040807z.asc,True,1.0,2004-08-01
2004-08-08,1.5051999999999999,0.0,7.79,100,maynas_persiann_cdr_2000_2011.zip,CDR_20040808z.asc,True,1.0,2004-08-08
2004-08-09,0.6768,0.0,3.51,100,maynas_persiann_cdr_2000_2011.zip,CDR_20040809z.asc,True,0.0,2004-08-08
2004-08-10,0.1222,0.0,2.95,100,maynas_persiann_cdr_2000_2011.zip,CDR_20040810z.asc,True,0.0,2004-08-08
2004-08-11,0.0404,0.0,1.12,100,maynas_persiann_cdr_2000_2011.zip,CDR_20040811z.asc,True,0.0,2004-08-08
2004-08-12,0.0,0.0,0.0,100,maynas_persiann_cdr_2000_2011.zip,CDR_20040812z.asc,True,0.0,2004-08-08
2004-08-13,3.0449,0.0,18.83,100,maynas_persiann_cdr_2000_2011.zip,CDR_20040813z.asc,True,1.0,2004-08-08
2004-08-14,2.9299,0.0,18.95,100,maynas_persiann_cdr_2000_2011.zip,CDR_20040814z.asc,True,1.0,2004-08-08
2004-08-15,7.1602,0.0,41.54,100,maynas_persiann_cdr_2000_2011.zip,CDR_20040815z.asc,True,1.0,2004-08-15
2004-08-16,9.8203,0.0,38.79,100,maynas_persiann_cdr_2000_2011.zip,CDR_20040816z.asc,True,1.0,2004-08-15
2004-08-17,24.533900000000003,2.34,100.4,100,maynas_persiann_cdr_2000_2011.zip,CDR_20040817z.asc,True,1.0,2004-08-15
2004-08-18,16.6386,3.31,50.64,100,maynas_persiann_cdr_2000_2011.zip,CDR_20040818z.asc,True,1.0,2004-08-15
2004-08-19,6.7899,0.0,24.95,100,maynas_persiann_cdr_2000_2011.zip,CDR_20040819z.asc,True,1.0,2004-08-15
2004-08-20,9.937700000000001,1.15,39.8,100,maynas_persiann_cdr_2000_2011.zip,CDR_20040820z.asc,True,1.0,2004-08-15
2004-08-21,0.6424,0.0,6.81,100,maynas_persiann_cdr_2000_2011.zip,CDR_20040821z.asc,True,0.0,2004-08-15
2004-08-22,6.5822,0.0,53.14,100,maynas_persiann_cdr_2000_2011.zip,CDR_20040822z.asc,True,1.0,2004-08-22
2004-08-23,11.0127,0.0,28.35,100,maynas_persiann_cdr_2000_2011.zip,CDR_20040823z.asc,True,1.0,2004-08-22
2004-08-24,4.111600000000001,0.0,16.66,100,maynas_persiann_cdr_2000_2011.zip,CDR_20040824z.asc,True,1.0,2004-08-22
2004-08-25,6.585200000000001,0.0,33.62,100,maynas_persiann_cdr_2000_2011.zip,CDR_20040825z.asc,True,1.0,2004-08-22
2004-08-26,40.3917,1.41,95.2,100,maynas_persiann_cdr_2000_2011.zip,CDR_20040826z.asc,True,1.0,2004-08-22
2004-08-27,1.2062,0.0,14.68,100,maynas_persiann_cdr_2000_2011.zip,CDR_20040827z.asc,True,1.0,2004-08-22
2004-08-28,8.0974,0.0,56.93,100,maynas_persiann_cdr_2000_2011.zip,CDR_20040828z.asc,True,1.0,2004-08-22
2004-08-29,61.3548,14.53,110.05,100,maynas_persiann_cdr_2000_2011.zip,CDR_20040829z.asc,True,1.0,2004-08-29
2004-08-30,21.564199999999996,0.0,72.34,100,maynas_persiann_cdr_2000_2011.zip,CDR_20040830z.asc,True,1.0,2004-08-29
2004-08-31,3.338399999999999,0.0,10.42,100,maynas_persiann_cdr_2000_2011.zip,CDR_20040831z.asc,True,1.0,2004-08-29
2004-09-01,1.2947,0.0,6.68,100,maynas_persiann_cdr_2000_2011.zip,CDR_20040901z.asc,True,1.0,2004-08-29
2004-09-02,6.3450000000000015,0.0,19.47,100,maynas_persiann_cdr_2000_2011.zip,CDR_20040902z.asc,True,1.0,2004-08-29
2004-09-03,11.160599999999997,2.35,26.54,100,maynas_persiann_cdr_2000_2011.zip,CDR_20040903z.asc,True,1.0,2004-08-29
2004-09-04,6.054399999999999,1.15,14.37,100,maynas_persiann_cdr_2000_2011.zip,CDR_20040904z.asc,True,1.0,2004-08-29
2004-09-05,9.857300000000002,0.62,37.91,100,maynas_persiann_cdr_2000_2011.zip,CDR_20040905z.asc,True,1.0,2004-09-05
2004-09-06,7.569599999999999,0.0,26.02,100,maynas_persiann_cdr_2000_2011.zip,CDR_20040906z.asc,True,1.0,2004-09-05
2004-09-07,7.7374,0.0,20.68,100,maynas_persiann_cdr_2000_2011.zip,CDR_20040907z.asc,True,1.0,2004-09-05
2004-09-08,5.1887,0.0,23.08,100,maynas_persiann_cdr_2000_2011.zip,CDR_20040908z.asc,True,1.0,2004-09-05
2004-09-09,9.953599999999998,1.47,28.24,100,maynas_persiann_cdr_2000_2011.zip,CDR_20040909z.asc,True,1.0,2004-09-05
2004-09-10,6.6363,1.3,15.15,100,maynas_persiann_cdr_2000_2011.zip,CDR_20040910z.asc,True,1.0,2004-09-05
2004-09-11,2.7391,0.0,11.96,100,maynas_persiann_cdr_2000_2011.zip,CDR_20040911z.asc,True,1.0,2004-09-05
2004-09-12,6.529100000000001,0.47,19.4,100,maynas_persiann_cdr_2000_2011.zip,CDR_20040912z.asc,True,1.0,2004-09-12
2004-09-13,7.2639,0.0,23.71,100,maynas_persiann_cdr_2000_2011.zip,CDR_20040913z.asc,True,1.0,2004-09-12
2004-09-14,0.1005,0.0,1.3,100,maynas_persiann_cdr_2000_2011.zip,CDR_20040914z.asc,True,0.0,2004-09-12
2004-09-15,0.0,0.0,0.0,100,maynas_persiann_cdr_2000_2011.zip,CDR_20040915z.asc,True,0.0,2004-09-12
2004-09-16,0.0528,0.0,1.16,100,maynas_persiann_cdr_2000_2011.zip,CDR_20040916z.asc,True,0.0,2004-09-12
2004-09-17,10.2959,0.0,36.82,100,maynas_persiann_cdr_2000_2011.zip,CDR_20040917z.asc,True,1.0,2004-09-12
2004-09-18,21.998999999999995,1.43,53.14,100,maynas_persiann_cdr_2000_2011.zip,CDR_20040918z.asc,True,1.0,2004-09-12
2004-09-19,7.6274000000000015,0.53,25.45,100,maynas_persiann_cdr_2000_2011.zip,CDR_20040919z.asc,True,1.0,2004-09-19
2004-09-20,13.582199999999998,2.23,35.57,100,maynas_persiann_cdr_2000_2011.zip,CDR_20040920z.asc,True,1.0,2004-09-19
2004-09-21,17.3617,3.27,40.24,100,maynas_persiann_cdr_2000_2011.zip,CDR_20040921z.asc,True,1.0,2004-09-19
2004-09-22,8.6565,0.0,30.13,100,maynas_persiann_cdr_2000_2011.zip,CDR_20040922z.asc,True,1.0,2004-09-19
2004-09-23,11.666400000000001,0.51,36.57,100,maynas_persiann_cdr_2000_2011.zip,CDR_20040923z.asc,True,1.0,2004-09-19
2004-09-24,12.946900000000001,1.27,39.35,100,maynas_persiann_cdr_2000_2011.zip,CDR_20040924z.asc,True,1.0,2004-09-19
2004-09-25,13.465,0.0,39.41,100,maynas_persiann_cdr_2000_2011.zip,CDR_20040925z.asc,True,1.0,2004-09-19
2004-09-26,20.818600000000007,1.76,54.95,100,maynas_persiann_cdr_2000_2011.zip,CDR_20040926z.asc,True,1.0,2004-09-26
2004-09-27,4.9604,0.0,20.6,100,maynas_persiann_cdr_2000_2011.zip,CDR_20040927z.asc,True,1.0,2004-09-26
2004-09-28,14.852200000000003,0.64,45.42,100,maynas_persiann_cdr_2000_2011.zip,CDR_20040928z.asc,True,1.0,2004-09-26
2004-09-29,2.8382,0.0,14.33,100,maynas_persiann_cdr_2000_2011.zip,CDR_20040929z.asc,True,1.0,2004-09-26
2004-09-30,9.599300000000001,0.0,34.84,100,maynas_persiann_cdr_2000_2011.zip,CDR_20040930z.asc,True,1.0,2004-09-26
2004-10-01,2.9257999999999993,0.0,11.81,100,maynas_persiann_cdr_2000_2011.zip,CDR_20041001z.asc,True,1.0,2004-09-26
2004-10-02,8.180900000000001,0.0,30.77,100,maynas_persiann_cdr_2000_2011.zip,CDR_20041002z.asc,True,1.0,2004-09-26
2004-10-03,13.0178,0.44,46.8,100,maynas_persiann_cdr_2000_2011.zip,CDR_20041003z.asc,True,1.0,2004-10-03
2004-10-04,8.0894,0.0,19.67,100,maynas_persiann_cdr_2000_2011.zip,CDR_20041004z.asc,True,1.0,2004-10-03
2004-10-05,8.238299999999999,0.37,25.82,100,maynas_persiann_cdr_2000_2011.zip,CDR_20041005z.asc,True,1.0,2004-10-03
2004-10-06,10.829600000000001,1.32,24.27,100,maynas_persiann_cdr_2000_2011.zip,CDR_20041006z.asc,True,1.0,2004-10-03
2004-10-07,6.2416,0.71,21.97,100,maynas_persiann_cdr_2000_2011.zip,CDR_20041007z.asc,True,1.0,2004-10-03
2004-10-08,2.0133,0.0,9.59,100,maynas_persiann_cdr_2000_2011.zip,CDR_20041008z.asc,True,1.0,2004-10-03
2004-10-09,5.3814,0.0,14.42,100,maynas_persiann_cdr_2000_2011.zip,CDR_20041009z.asc,True,1.0,2004-10-03
2004-10-10,8.1826,0.0,23.63,100,maynas_persiann_cdr_2000_2011.zip,CDR_20041010z.asc,True,1.0,2004-10-10
2004-10-11,9.742500000000001,4.05,21.02,100,maynas_persiann_cdr_2000_2011.zip,CDR_20041011z.asc,True,1.0,2004-10-10
2004-10-12,8.7332,2.83,22.77,100,maynas_persiann_cdr_2000_2011.zip,CDR_20041012z.asc,True,1.0,2004-10-10
2004-10-13,8.2316,0.0,20.1,100,maynas_persiann_cdr_2000_2011.zip,CDR_20041013z.asc,True,1.0,2004-10-10
2004-10-14,9.218,1.56,26.65,100,maynas_persiann_cdr_2000_2011.zip,CDR_20041014z.asc,True,1.0,2004-10-10
2004-10-15,9.818299999999999,2.45,20.03,100,maynas_persiann_cdr_2000_2011.zip,CDR_20041015z.asc,True,1.0,2004-10-10
2004-10-16,5.407399999999999,0.0,21.04,100,maynas_persiann_cdr_2000_2011.zip,CDR_20041016z.asc,True,1.0,2004-10-10
2004-10-17,8.1972,0.35,24.3,100,maynas_persiann_cdr_2000_2011.zip,CDR_20041017z.asc,True,1.0,2004-10-17
2004-10-18,1.5641999999999998,0.0,14.49,100,maynas_persiann_cdr_2000_2011.zip,CDR_20041018z.asc,True,1.0,2004-10-17
2004-10-19,1.4726,0.0,13.86,100,maynas_persiann_cdr_2000_2011.zip,CDR_20041019z.asc,True,1.0,2004-10-17
2004-10-20,21.440000000000005,12.47,30.64,100,maynas_persiann_cdr_2000_2011.zip,CDR_20041020z.asc,True,1.0,2004-10-17
2004-10-21,7.0746,1.24,33.04,100,maynas_persiann_cdr_2000_2011.zip,CDR_20041021z.asc,True,1.0,2004-10-17
2004-10-22,6.3863,1.11,19.7,100,maynas_persiann_cdr_2000_2011.zip,CDR_20041022z.asc,True,1.0,2004-10-17
2004-10-23,15.198,2.66,48.1,100,maynas_persiann_cdr_2000_2011.zip,CDR_20041023z.asc,True,1.0,2004-10-17
2004-10-24,20.4863,6.29,36.66,100,maynas_persiann_cdr_2000_2011.zip,CDR_20041024z.asc,True,1.0,2004-10-24
2004-10-25,4.4607,0.97,17.6,100,maynas_persiann_cdr_2000_2011.zip,CDR_20041025z.asc,True,1.0,2004-10-24
2004-10-26,1.1095,0.0,6.29,100,maynas_persiann_cdr_2000_2011.zip,CDR_20041026z.asc,True,1.0,2004-10-24
2004-10-27,12.241599999999998,0.6,27.23,100,maynas_persiann_cdr_2000_2011.zip,CDR_20041027z.asc,True,1.0,2004-10-24
2004-10-28,11.3948,3.38,24.14,100,maynas_persiann_cdr_2000_2011.zip,CDR_20041028z.asc,True,1.0,2004-10-24
2004-10-29,9.4648,1.98,17.23,100,maynas_persiann_cdr_2000_2011.zip,CDR_20041029z.asc,True,1.0,2004-10-24
2004-10-30,2.1912,0.0,9.31,100,maynas_persiann_cdr_2000_2011.zip,CDR_20041030z.asc,True,1.0,2004-10-24
2004-10-31,3.2727000000000004,0.0,12.21,100,maynas_persiann_cdr_2000_2011.zip,CDR_20041031z.asc,True,1.0,2004-10-31
2004-11-01,23.898400000000006,2.93,58.99,100,maynas_persiann_cdr_2000_2011.zip,CDR_20041101z.asc,True,1.0,2004-10-31
2004-11-02,4.618899999999999,0.0,12.8,100,maynas_persiann_cdr_2000_2011.zip,CDR_20041102z.asc,True,1.0,2004-10-31
2004-11-03,10.5034,0.5,34.41,100,maynas_persiann_cdr_2000_2011.zip,CDR_20041103z.asc,True,1.0,2004-10-31
2004-11-04,6.8404,0.0,19.4,100,maynas_persiann_cdr_2000_2011.zip,CDR_20041104z.asc,True,1.0,2004-10-31
2004-11-05,11.597000000000001,1.76,35.4,100,maynas_persiann_cdr_2000_2011.zip,CDR_20041105z.asc,True,1.0,2004-10-31
2004-11-06,14.466099999999999,2.68,37.18,100,maynas_persiann_cdr_2000_2011.zip,CDR_20041106z.asc,True,1.0,2004-10-31
2004-11-07,6.513199999999999,1.18,20.84,100,maynas_persiann_cdr_2000_2011.zip,CDR_20041107z.asc,True,1.0,2004-11-07
2004-11-08,33.6463,13.94,64.86,100,maynas_persiann_cdr_2000_2011.zip,CDR_20041108z.asc,True,1.0,2004-11-07
2004-11-09,0.47900000000000004,0.0,6.12,100,maynas_persiann_cdr_2000_2011.zip,CDR_20041109z.asc,True,0.0,2004-11-07
2004-11-10,0.6604000000000001,0.0,6.74,100,maynas_persiann_cdr_2000_2011.zip,CDR_20041110z.asc,True,0.0,2004-11-07
2004-11-11,5.334,0.0,18.27,100,maynas_persiann_cdr_2000_2011.zip,CDR_20041111z.asc,True,1.0,2004-11-07
2004-11-12,24.5529,10.28,54.0,100,maynas_persiann_cdr_2000_2011.zip,CDR_20041112z.asc,True,1.0,2004-11-07
2004-11-13,24.5092,5.92,44.04,100,maynas_persiann_cdr_2000_2011.zip,CDR_20041113z.asc,True,1.0,2004-11-07
2004-11-14,3.2267,0.38,12.03,100,maynas_persiann_cdr_2000_2011.zip,CDR_20041114z.asc,True,1.0,2004-11-14
2004-11-15,4.5546999999999995,0.0,24.28,100,maynas_persiann_cdr_2000_2011.zip,CDR_20041115z.asc,True,1.0,2004-11-14
2004-11-16,5.866400000000001,0.0,24.18,100,maynas_persiann_cdr_2000_2011.zip,CDR_20041116z.asc,True,1.0,2004-11-14
2004-11-17,11.517900000000003,0.9,31.99,100,maynas_persiann_cdr_2000_2011.zip,CDR_20041117z.asc,True,1.0,2004-11-14
2004-11-18,23.831699999999998,5.04,49.28,100,maynas_persiann_cdr_2000_2011.zip,CDR_20041118z.asc,True,1.0,2004-11-14
2004-11-19,20.4668,8.96,37.5,100,maynas_persiann_cdr_2000_2011.zip,CDR_20041119z.asc,True,1.0,2004-11-14
2004-11-20,5.724500000000001,0.96,16.11,100,maynas_persiann_cdr_2000_2011.zip,CDR_20041120z.asc,True,1.0,2004-11-14
2004-11-21,2.0127000000000006,0.0,7.89,100,maynas_persiann_cdr_2000_2011.zip,CDR_20041121z.asc,True,1.0,2004-11-21
2004-11-22,10.267100000000001,0.48,32.64,100,maynas_persiann_cdr_2000_2011.zip,CDR_20041122z.asc,True,1.0,2004-11-21
2004-11-23,8.0476,0.41,23.18,100,maynas_persiann_cdr_2000_2011.zip,CDR_20041123z.asc,True,1.0,2004-11-21
2004-11-24,15.275799999999998,2.94,46.3,100,maynas_persiann_cdr_2000_2011.zip,CDR_20041124z.asc,True,1.0,2004-11-21
2004-11-25,14.147600000000002,2.41,41.6,100,maynas_persiann_cdr_2000_2011.zip,CDR_20041125z.asc,True,1.0,2004-11-21
2004-11-26,3.1677000000000004,0.0,22.96,100,maynas_persiann_cdr_2000_2011.zip,CDR_20041126z.asc,True,1.0,2004-11-21
2004-11-27,1.4997000000000003,0.0,11.6,100,maynas_persiann_cdr_2000_2011.zip,CDR_20041127z.asc,True,1.0,2004-11-21
2004-11-28,3.7885999999999997,0.0,14.49,100,maynas_persiann_cdr_2000_2011.zip,CDR_20041128z.asc,True,1.0,2004-11-28
2004-11-29,10.3596,0.0,31.87,100,maynas_persiann_cdr_2000_2011.zip,CDR_20041129z.asc,True,1.0,2004-11-28
2004-11-30,24.773399999999995,8.98,49.9,100,maynas_persiann_cdr_2000_2011.zip,CDR_20041130z.asc,True,1.0,2004-11-28
2004-12-01,10.934399999999997,2.95,24.3,100,maynas_persiann_cdr_2000_2011.zip,CDR_20041201z.asc,True,1.0,2004-11-28
2004-12-02,4.013400000000001,0.0,19.34,100,maynas_persiann_cdr_2000_2011.zip,CDR_20041202z.asc,True,1.0,2004-11-28
2004-12-03,3.7241000000000004,0.0,13.74,100,maynas_persiann_cdr_2000_2011.zip,CDR_20041203z.asc,True,1.0,2004-11-28
2004-12-04,4.0568,0.0,19.89,100,maynas_persiann_cdr_2000_2011.zip,CDR_20041204z.asc,True,1.0,2004-11-28
2004-12-05,18.267999999999997,5.63,35.88,100,maynas_persiann_cdr_2000_2011.zip,CDR_20041205z.asc,True,1.0,2004-12-05
2004-12-06,3.0208000000000004,0.42,8.78,100,maynas_persiann_cdr_2000_2011.zip,CDR_20041206z.asc,True,1.0,2004-12-05
2004-12-07,0.5032,0.0,10.39,100,maynas_persiann_cdr_2000_2011.zip,CDR_20041207z.asc,True,0.0,2004-12-05
2004-12-08,1.5826,0.0,14.14,100,maynas_persiann_cdr_2000_2011.zip,CDR_20041208z.asc,True,1.0,2004-12-05
2004-12-09,8.2503,0.0,31.32,100,maynas_persiann_cdr_2000_2011.zip,CDR_20041209z.asc,True,1.0,2004-12-05
2004-12-10,13.4805,0.0,34.69,100,maynas_persiann_cdr_2000_2011.zip,CDR_20041210z.asc,True,1.0,2004-12-05
2004-12-11,12.206699999999998,1.02,28.12,100,maynas_persiann_cdr_2000_2011.zip,CDR_20041211z.asc,True,1.0,2004-12-05
2004-12-12,4.9193999999999996,0.0,14.05,100,maynas_persiann_cdr_2000_2011.zip,CDR_20041212z.asc,True,1.0,2004-12-12
2004-12-13,5.8767000000000005,0.0,18.26,100,maynas_persiann_cdr_2000_2011.zip,CDR_20041213z.asc,True,1.0,2004-12-12
2004-12-14,16.4255,3.03,39.84,100,maynas_persiann_cdr_2000_2011.zip,CDR_20041214z.asc,True,1.0,2004-12-12
2004-12-15,13.551300000000001,0.0,42.22,100,maynas_persiann_cdr_2000_2011.zip,CDR_20041215z.asc,True,1.0,2004-12-12
2004-12-16,10.5242,3.02,34.18,100,maynas_persiann_cdr_2000_2011.zip,CDR_20041216z.asc,True,1.0,2004-12-12
2004-12-17,10.6547,2.3,22.71,100,maynas_persiann_cdr_2000_2011.zip,CDR_20041217z.asc,True,1.0,2004-12-12
2004-12-18,8.421800000000001,1.26,22.57,100,maynas_persiann_cdr_2000_2011.zip,CDR_20041218z.asc,True,1.0,2004-12-12
2004-12-19,9.534500000000001,0.0,38.71,100,maynas_persiann_cdr_2000_2011.zip,CDR_20041219z.asc,True,1.0,2004-12-19
2004-12-20,16.342100000000002,2.94,36.04,100,maynas_persiann_cdr_2000_2011.zip,CDR_20041220z.asc,True,1.0,2004-12-19
2004-12-21,26.935299999999998,8.35,54.22,100,maynas_persiann_cdr_2000_2011.zip,CDR_20041221z.asc,True,1.0,2004-12-19
2004-12-22,37.2798,17.14,61.28,100,maynas_persiann_cdr_2000_2011.zip,CDR_20041222z.asc,True,1.0,2004-12-19
2004-12-23,4.0092,0.0,21.04,100,maynas_persiann_cdr_2000_2011.zip,CDR_20041223z.asc,True,1.0,2004-12-19
2004-12-24,0.26999999999999996,0.0,2.5,100,maynas_persiann_cdr_2000_2011.zip,CDR_20041224z.asc,True,0.0,2004-12-19
2004-12-25,0.0136,0.0,0.53,100,maynas_persiann_cdr_2000_2011.zip,CDR_20041225z.asc,True,0.0,2004-12-19
2004-12-26,0.7923,0.0,7.69,100,maynas_persiann_cdr_2000_2011.zip,CDR_20041226z.asc,True,0.0,2004-12-26
2004-12-27,2.1210999999999998,0.0,8.58,100,maynas_persiann_cdr_2000_2011.zip,CDR_20041227z.asc,True,1.0,2004-12-26
2004-12-28,0.4843,0.0,12.08,100,maynas_persiann_cdr_2000_2011.zip,CDR_20041228z.asc,True,0.0,2004-12-26
2004-12-29,6.7101,0.0,30.57,100,maynas_persiann_cdr_2000_2011.zip,CDR_20041229z.asc,True,1.0,2004-12-26
2004-12-30,5.349100000000001,0.0,24.32,100,maynas_persiann_cdr_2000_2011.zip,CDR_20041230z.asc,True,1.0,2004-12-26
2004-12-31,14.326199999999998,0.0,40.63,100,maynas_persiann_cdr_2000_2011.zip,CDR_20041231z.asc,True,1.0,2004-12-26
2005-01-01,8.2157,1.16,26.65,100,maynas_persiann_cdr_2000_2011.zip,CDR_20050101z.asc,True,1.0,2004-12-26
2005-01-02,6.8721000000000005,0.57,27.56,100,maynas_persiann_cdr_2000_2011.zip,CDR_20050102z.asc,True,1.0,2005-01-02
2005-01-03,9.246500000000001,0.0,32.1,100,maynas_persiann_cdr_2000_2011.zip,CDR_20050103z.asc,True,1.0,2005-01-02
2005-01-04,15.3676,4.16,34.49,100,maynas_persiann_cdr_2000_2011.zip,CDR_20050104z.asc,True,1.0,2005-01-02
2005-01-05,24.8937,5.9,43.74,100,maynas_persiann_cdr_2000_2011.zip,CDR_20050105z.asc,True,1.0,2005-01-02
2005-01-06,11.2356,1.63,24.83,100,maynas_persiann_cdr_2000_2011.zip,CDR_20050106z.asc,True,1.0,2005-01-02
2005-01-07,13.1273,0.0,33.06,100,maynas_persiann_cdr_2000_2011.zip,CDR_20050107z.asc,True,1.0,2005-01-02
2005-01-08,3.475999999999999,0.0,17.91,100,maynas_persiann_cdr_2000_2011.zip,CDR_20050108z.asc,True,1.0,2005-01-02
2005-01-09,0.31439999999999996,0.0,3.2,100,maynas_persiann_cdr_2000_2011.zip,CDR_20050109z.asc,True,0.0,2005-01-09
2005-01-10,3.7651,0.0,12.32,100,maynas_persiann_cdr_2000_2011.zip,CDR_20050110z.asc,True,1.0,2005-01-09
2005-01-11,2.1812,0.0,9.65,100,maynas_persiann_cdr_2000_2011.zip,CDR_20050111z.asc,True,1.0,2005-01-09
2005-01-12,21.586299999999998,1.8,39.83,100,maynas_persiann_cdr_2000_2011.zip,CDR_20050112z.asc,True,1.0,2005-01-09
2005-01-13,5.1884999999999994,0.54,15.06,100,maynas_persiann_cdr_2000_2011.zip,CDR_20050113z.asc,True,1.0,2005-01-09
2005-01-14,3.1240000000000006,0.0,14.3,100,maynas_persiann_cdr_2000_2011.zip,CDR_20050114z.asc,True,1.0,2005-01-09
2005-01-15,0.9208,0.0,5.01,100,maynas_persiann_cdr_2000_2011.zip,CDR_20050115z.asc,True,0.0,2005-01-09
2005-01-16,0.37349999999999994,0.0,4.77,100,maynas_persiann_cdr_2000_2011.zip,CDR_20050116z.asc,True,0.0,2005-01-16
2005-01-17,13.724099999999998,3.91,35.73,100,maynas_persiann_cdr_2000_2011.zip,CDR_20050117z.asc,True,1.0,2005-01-16
2005-01-18,1.2921,0.0,4.87,100,maynas_persiann_cdr_2000_2011.zip,CDR_20050118z.asc,True,1.0,2005-01-16
2005-01-19,0.051100000000000007,0.0,1.07,100,maynas_persiann_cdr_2000_2011.zip,CDR_20050119z.asc,True,0.0,2005-01-16
2005-01-20,0.0159,0.0,1.05,100,maynas_persiann_cdr_2000_2011.zip,CDR_20050120z.asc,True,0.0,2005-01-16
2005-01-21,2.0288000000000004,0.0,6.71,100,maynas_persiann_cdr_2000_2011.zip,CDR_20050121z.asc,True,1.0,2005-01-16
2005-01-22,2.7335000000000003,0.0,9.11,100,maynas_persiann_cdr_2000_2011.zip,CDR_20050122z.asc,True,1.0,2005-01-16
2005-01-23,3.015200000000001,0.0,14.13,100,maynas_persiann_cdr_2000_2011.zip,CDR_20050123z.asc,True,1.0,2005-01-23
2005-01-24,8.1785,0.0,20.25,100,maynas_persiann_cdr_2000_2011.zip,CDR_20050124z.asc,True,1.0,2005-01-23
2005-01-25,23.0218,2.11,42.39,100,maynas_persiann_cdr_2000_2011.zip,CDR_20050125z.asc,True,1.0,2005-01-23
2005-01-26,4.734700000000001,0.99,15.48,100,maynas_persiann_cdr_2000_2011.zip,CDR_20050126z.asc,True,1.0,2005-01-23
2005-01-27,17.661199999999997,2.34,47.54,100,maynas_persiann_cdr_2000_2011.zip,CDR_20050127z.asc,True,1.0,2005-01-23
2005-01-28,8.7806,0.51,28.35,100,maynas_persiann_cdr_2000_2011.zip,CDR_20050128z.asc,True,1.0,2005-01-23
2005-01-29,8.703000000000001,0.0,27.82,100,maynas_persiann_cdr_2000_2011.zip,CDR_20050129z.asc,True,1.0,2005-01-23
2005-01-30,27.773799999999998,11.84,50.55,100,maynas_persiann_cdr_2000_2011.zip,CDR_20050130z.asc,True,1.0,2005-01-30
2005-01-31,9.501900000000001,0.0,30.03,100,maynas_persiann_cdr_2000_2011.zip,CDR_20050131z.asc,True,1.0,2005-01-30
2005-02-01,13.4072,0.0,36.72,100,maynas_persiann_cdr_2000_2011.zip,CDR_20050201z.asc,True,1.0,2005-01-30
2005-02-02,15.2701,1.97,29.71,100,maynas_persiann_cdr_2000_2011.zip,CDR_20050202z.asc,True,1.0,2005-01-30
2005-02-03,17.6101,0.0,70.39,100,maynas_persiann_cdr_2000_2011.zip,CDR_20050203z.asc,True,1.0,2005-01-30
2005-02-04,0.32519999999999993,0.0,2.84,100,maynas_persiann_cdr_2000_2011.zip,CDR_20050204z.asc,True,0.0,2005-01-30
2005-02-05,0.49810000000000004,0.0,6.33,100,maynas_persiann_cdr_2000_2011.zip,CDR_20050205z.asc,True,0.0,2005-01-30
2005-02-06,7.1913,0.0,28.9,100,maynas_persiann_cdr_2000_2011.zip,CDR_20050206z.asc,True,1.0,2005-02-06
2005-02-07,9.090200000000001,0.0,30.14,100,maynas_persiann_cdr_2000_2011.zip,CDR_20050207z.asc,True,1.0,2005-02-06
2005-02-08,10.288,0.68,37.9,100,maynas_persiann_cdr_2000_2011.zip,CDR_20050208z.asc,True,1.0,2005-02-06
2005-02-09,16.992400000000004,2.96,37.72,100,maynas_persiann_cdr_2000_2011.zip,CDR_20050209z.asc,True,1.0,2005-02-06
2005-02-10,11.209200000000003,0.62,30.57,100,maynas_persiann_cdr_2000_2011.zip,CDR_20050210z.asc,True,1.0,2005-02-06
2005-02-11,23.767200000000003,2.22,67.32,100,maynas_persiann_cdr_2000_2011.zip,CDR_20050211z.asc,True,1.0,2005-02-06
2005-02-12,12.484699999999998,3.7,32.11,100,maynas_persiann_cdr_2000_2011.zip,CDR_20050212z.asc,True,1.0,2005-02-06
2005-02-13,15.2631,0.0,37.61,100,maynas_persiann_cdr_2000_2011.zip,CDR_20050213z.asc,True,1.0,2005-02-13
2005-02-14,15.2807,0.0,35.24,100,maynas_persiann_cdr_2000_2011.zip,CDR_20050214z.asc,True,1.0,2005-02-13
2005-02-15,2.4854000000000003,0.0,12.83,100,maynas_persiann_cdr_2000_2011.zip,CDR_20050215z.asc,True,1.0,2005-02-13
2005-02-16,1.5258999999999998,0.0,19.35,100,maynas_persiann_cdr_2000_2011.zip,CDR_20050216z.asc,True,1.0,2005-02-13
2005-02-17,4.4752,0.0,22.28,100,maynas_persiann_cdr_2000_2011.zip,CDR_20050217z.asc,True,1.0,2005-02-13
2005-02-18,20.656100000000002,3.13,49.31,100,maynas_persiann_cdr_2000_2011.zip,CDR_20050218z.asc,True,1.0,2005-02-13
2005-02-19,2.8753999999999995,0.0,19.97,100,maynas_persiann_cdr_2000_2011.zip,CDR_20050219z.asc,True,1.0,2005-02-13
2005-02-20,0.8367999999999999,0.0,8.12,100,maynas_persiann_cdr_2000_2011.zip,CDR_20050220z.asc,True,0.0,2005-02-20
2005-02-21,17.288500000000003,0.79,41.61,100,maynas_persiann_cdr_2000_2011.zip,CDR_20050221z.asc,True,1.0,2005-02-20
2005-02-22,1.3147,0.0,7.95,100,maynas_persiann_cdr_2000_2011.zip,CDR_20050222z.asc,True,1.0,2005-02-20
2005-02-23,0.28559999999999997,0.0,9.09,100,maynas_persiann_cdr_2000_2011.zip,CDR_20050223z.asc,True,0.0,2005-02-20
2005-02-24,0.07250000000000001,0.0,2.16,100,maynas_persiann_cdr_2000_2011.zip,CDR_20050224z.asc,True,0.0,2005-02-20
2005-02-25,4.229500000000001,0.0,16.66,100,maynas_persiann_cdr_2000_2011.zip,CDR_20050225z.asc,True,1.0,2005-02-20
2005-02-26,20.2508,5.82,48.27,100,maynas_persiann_cdr_2000_2011.zip,CDR_20050226z.asc,True,1.0,2005-02-20
2005-02-27,11.080499999999997,4.82,20.66,100,maynas_persiann_cdr_2000_2011.zip,CDR_20050227z.asc,True,1.0,2005-02-27
2005-02-28,22.753499999999995,0.7,57.96,100,maynas_persiann_cdr_2000_2011.zip,CDR_20050228z.asc,True,1.0,2005-02-27
2005-03-01,16.3269,3.06,62.79,100,maynas_persiann_cdr_2000_2011.zip,CDR_20050301z.asc,True,1.0,2005-02-27
2005-03-02,37.0296,0.86,76.97,100,maynas_persiann_cdr_2000_2011.zip,CDR_20050302z.asc,True,1.0,2005-02-27
2005-03-03,6.614900000000001,0.48,34.23,100,maynas_persiann_cdr_2000_2011.zip,CDR_20050303z.asc,True,1.0,2005-02-27
2005-03-04,10.771400000000002,0.68,21.37,100,maynas_persiann_cdr_2000_2011.zip,CDR_20050304z.asc,True,1.0,2005-02-27
2005-03-05,1.7080000000000002,0.0,5.29,100,maynas_persiann_cdr_2000_2011.zip,CDR_20050305z.asc,True,1.0,2005-02-27
2005-03-06,19.757700000000003,7.53,33.5,100,maynas_persiann_cdr_2000_2011.zip,CDR_20050306z.asc,True,1.0,2005-03-06
2005-03-07,14.650699999999997,2.97,40.03,100,maynas_persiann_cdr_2000_2011.zip,CDR_20050307z.asc,True,1.0,2005-03-06
2005-03-08,3.3531000000000004,0.0,26.7,100,maynas_persiann_cdr_2000_2011.zip,CDR_20050308z.asc,True,1.0,2005-03-06
2005-03-09,18.061899999999998,3.31,50.2,100,maynas_persiann_cdr_2000_2011.zip,CDR_20050309z.asc,True,1.0,2005-03-06
2005-03-10,31.552999999999997,4.87,78.07,100,maynas_persiann_cdr_2000_2011.zip,CDR_20050310z.asc,True,1.0,2005-03-06
2005-03-11,1.5424,0.0,5.97,100,maynas_persiann_cdr_2000_2011.zip,CDR_20050311z.asc,True,1.0,2005-03-06
2005-03-12,22.8814,0.53,50.28,100,maynas_persiann_cdr_2000_2011.zip,CDR_20050312z.asc,True,1.0,2005-03-06
2005-03-13,2.3197999999999994,0.0,28.78,100,maynas_persiann_cdr_2000_2011.zip,CDR_20050313z.asc,True,1.0,2005-03-13
2005-03-14,28.8119,8.98,64.44,100,maynas_persiann_cdr_2000_2011.zip,CDR_20050314z.asc,True,1.0,2005-03-13
2005-03-15,34.594899999999996,9.93,69.99,100,maynas_persiann_cdr_2000_2011.zip,CDR_20050315z.asc,True,1.0,2005-03-13
2005-03-16,2.1512999999999995,0.0,12.81,100,maynas_persiann_cdr_2000_2011.zip,CDR_20050316z.asc,True,1.0,2005-03-13
2005-03-17,13.674799999999998,3.64,31.82,100,maynas_persiann_cdr_2000_2011.zip,CDR_20050317z.asc,True,1.0,2005-03-13
2005-03-18,6.562099999999999,0.0,28.44,100,maynas_persiann_cdr_2000_2011.zip,CDR_20050318z.asc,True,1.0,2005-03-13
2005-03-19,6.639799999999999,0.0,23.32,100,maynas_persiann_cdr_2000_2011.zip,CDR_20050319z.asc,True,1.0,2005-03-13
2005-03-20,22.8624,5.21,43.97,100,maynas_persiann_cdr_2000_2011.zip,CDR_20050320z.asc,True,1.0,2005-03-20
2005-03-21,9.577899999999998,2.07,19.78,100,maynas_persiann_cdr_2000_2011.zip,CDR_20050321z.asc,True,1.0,2005-03-20
2005-03-22,2.7590999999999997,0.0,14.78,100,maynas_persiann_cdr_2000_2011.zip,CDR_20050322z.asc,True,1.0,2005-03-20
2005-03-23,22.4352,7.08,47.63,100,maynas_persiann_cdr_2000_2011.zip,CDR_20050323z.asc,True,1.0,2005-03-20
2005-03-24,10.1015,3.79,23.98,100,maynas_persiann_cdr_2000_2011.zip,CDR_20050324z.asc,True,1.0,2005-03-20
2005-03-25,1.0726000000000002,0.0,7.45,100,maynas_persiann_cdr_2000_2011.zip,CDR_20050325z.asc,True,1.0,2005-03-20
2005-03-26,1.3291,0.0,8.17,100,maynas_persiann_cdr_2000_2011.zip,CDR_20050326z.asc,True,1.0,2005-03-20
2005-03-27,10.207,0.0,34.25,100,maynas_persiann_cdr_2000_2011.zip,CDR_20050327z.asc,True,1.0,2005-03-27
2005-03-28,8.6626,1.31,30.1,100,maynas_persiann_cdr_2000_2011.zip,CDR_20050328z.asc,True,1.0,2005-03-27
2005-03-29,1.0793000000000001,0.0,11.05,100,maynas_persiann_cdr_2000_2011.zip,CDR_20050329z.asc,True,1.0,2005-03-27
2005-03-30,6.7011,0.0,34.51,100,maynas_persiann_cdr_2000_2011.zip,CDR_20050330z.asc,True,1.0,2005-03-27
2005-03-31,8.9266,1.03,33.79,100,maynas_persiann_cdr_2000_2011.zip,CDR_20050331z.asc,True,1.0,2005-03-27
2005-04-01,17.705,1.57,42.28,100,maynas_persiann_cdr_2000_2011.zip,CDR_20050401z.asc,True,1.0,2005-03-27
2005-04-02,12.7524,0.0,44.45,100,maynas_persiann_cdr_2000_2011.zip,CDR_20050402z.asc,True,1.0,2005-03-27
2005-04-03,13.900800000000002,4.1,38.62,100,maynas_persiann_cdr_2000_2011.zip,CDR_20050403z.asc,True,1.0,2005-04-03
2005-04-04,10.0437,1.19,42.2,100,maynas_persiann_cdr_2000_2011.zip,CDR_20050404z.asc,True,1.0,2005-04-03
2005-04-05,5.013999999999999,0.0,19.24,100,maynas_persiann_cdr_2000_2011.zip,CDR_20050405z.asc,True,1.0,2005-04-03
2005-04-06,11.065399999999997,2.16,27.96,100,maynas_persiann_cdr_2000_2011.zip,CDR_20050406z.asc,True,1.0,2005-04-03
2005-04-07,7.003100000000001,1.11,18.14,100,maynas_persiann_cdr_2000_2011.zip,CDR_20050407z.asc,True,1.0,2005-04-03
2005-04-08,2.0307,0.0,10.09,100,maynas_persiann_cdr_2000_2011.zip,CDR_20050408z.asc,True,1.0,2005-04-03
2005-04-09,4.9066,0.0,20.76,100,maynas_persiann_cdr_2000_2011.zip,CDR_20050409z.asc,True,1.0,2005-04-03
2005-04-10,18.2312,2.29,38.49,100,maynas_persiann_cdr_2000_2011.zip,CDR_20050410z.asc,True,1.0,2005-04-10
2005-04-11,1.3999000000000001,0.0,6.9,100,maynas_persiann_cdr_2000_2011.zip,CDR_20050411z.asc,True,1.0,2005-04-10
2005-04-12,2.1653000000000002,0.0,16.68,100,maynas_persiann_cdr_2000_2011.zip,CDR_20050412z.asc,True,1.0,2005-04-10
2005-04-13,27.1362,7.76,58.71,100,maynas_persiann_cdr_2000_2011.zip,CDR_20050413z.asc,True,1.0,2005-04-10
2005-04-14,0.9015000000000001,0.0,6.93,100,maynas_persiann_cdr_2000_2011.zip,CDR_20050414z.asc,True,0.0,2005-04-10
2005-04-15,0.27799999999999997,0.0,2.42,100,maynas_persiann_cdr_2000_2011.zip,CDR_20050415z.asc,True,0.0,2005-04-10
2005-04-16,9.2711,1.16,25.41,100,maynas_persiann_cdr_2000_2011.zip,CDR_20050416z.asc,True,1.0,2005-04-10
2005-04-17,5.971,1.56,19.76,100,maynas_persiann_cdr_2000_2011.zip,CDR_20050417z.asc,True,1.0,2005-04-17
2005-04-18,1.5600999999999998,0.0,9.76,100,maynas_persiann_cdr_2000_2011.zip,CDR_20050418z.asc,True,1.0,2005-04-17
2005-04-19,2.1591,0.0,16.68,100,maynas_persiann_cdr_2000_2011.zip,CDR_20050419z.asc,True,1.0,2005-04-17
2005-04-20,7.4705,0.0,33.96,100,maynas_persiann_cdr_2000_2011.zip,CDR_20050420z.asc,True,1.0,2005-04-17
2005-04-21,32.0085,10.24,72.36,100,maynas_persiann_cdr_2000_2011.zip,CDR_20050421z.asc,True,1.0,2005-04-17
2005-04-22,8.2548,2.03,40.11,100,maynas_persiann_cdr_2000_2011.zip,CDR_20050422z.asc,True,1.0,2005-04-17
2005-04-23,4.3290999999999995,0.0,20.5,100,maynas_persiann_cdr_2000_2011.zip,CDR_20050423z.asc,True,1.0,2005-04-17
2005-04-24,8.663899999999998,0.0,31.94,100,maynas_persiann_cdr_2000_2011.zip,CDR_20050424z.asc,True,1.0,2005-04-24
2005-04-25,32.7765,10.33,74.5,100,maynas_persiann_cdr_2000_2011.zip,CDR_20050425z.asc,True,1.0,2005-04-24
2005-04-26,15.635100000000001,0.72,51.44,100,maynas_persiann_cdr_2000_2011.zip,CDR_20050426z.asc,True,1.0,2005-04-24
2005-04-27,4.8219,0.72,17.13,100,maynas_persiann_cdr_2000_2011.zip,CDR_20050427z.asc,True,1.0,2005-04-24
2005-04-28,0.39870000000000005,0.0,11.23,100,maynas_persiann_cdr_2000_2011.zip,CDR_20050428z.asc,True,0.0,2005-04-24
2005-04-29,0.5844,0.0,6.04,100,maynas_persiann_cdr_2000_2011.zip,CDR_20050429z.asc,True,0.0,2005-04-24
2005-04-30,3.8805999999999994,0.0,37.29,100,maynas_persiann_cdr_2000_2011.zip,CDR_20050430z.asc,True,1.0,2005-04-24
2005-05-01,0.21110000000000004,0.0,6.21,100,maynas_persiann_cdr_2000_2011.zip,CDR_20050501z.asc,True,0.0,2005-05-01
2005-05-02,0.0,0.0,0.0,100,maynas_persiann_cdr_2000_2011.zip,CDR_20050502z.asc,True,0.0,2005-05-01
2005-05-03,0.0092,0.0,0.92,100,maynas_persiann_cdr_2000_2011.zip,CDR_20050503z.asc,True,0.0,2005-05-01
2005-05-04,8.921,0.0,28.58,100,maynas_persiann_cdr_2000_2011.zip,CDR_20050504z.asc,True,1.0,2005-05-01
2005-05-05,12.5699,3.79,27.53,100,maynas_persiann_cdr_2000_2011.zip,CDR_20050505z.asc,True,1.0,2005-05-01
2005-05-06,2.3751,0.0,16.19,100,maynas_persiann_cdr_2000_2011.zip,CDR_20050506z.asc,True,1.0,2005-05-01
2005-05-07,8.885100000000001,0.79,20.46,100,maynas_persiann_cdr_2000_2011.zip,CDR_20050507z.asc,True,1.0,2005-05-01
2005-05-08,10.8321,2.03,37.94,100,maynas_persiann_cdr_2000_2011.zip,CDR_20050508z.asc,True,1.0,2005-05-08
2005-05-09,24.376699999999996,1.62,63.49,100,maynas_persiann_cdr_2000_2011.zip,CDR_20050509z.asc,True,1.0,2005-05-08
2005-05-10,15.729000000000001,0.89,44.43,100,maynas_persiann_cdr_2000_2011.zip,CDR_20050510z.asc,True,1.0,2005-05-08
2005-05-11,4.8976,0.0,26.65,100,maynas_persiann_cdr_2000_2011.zip,CDR_20050511z.asc,True,1.0,2005-05-08
2005-05-12,2.5764,0.0,8.84,100,maynas_persiann_cdr_2000_2011.zip,CDR_20050512z.asc,True,1.0,2005-05-08
2005-05-13,5.2281,0.0,23.25,100,maynas_persiann_cdr_2000_2011.zip,CDR_20050513z.asc,True,1.0,2005-05-08
2005-05-14,6.147500000000001,0.0,22.44,100,maynas_persiann_cdr_2000_2011.zip,CDR_20050514z.asc,True,1.0,2005-05-08
2005-05-15,14.513799999999998,1.72,47.64,100,maynas_persiann_cdr_2000_2011.zip,CDR_20050515z.asc,True,1.0,2005-05-15
2005-05-16,1.5965,0.0,5.51,100,maynas_persiann_cdr_2000_2011.zip,CDR_20050516z.asc,True,1.0,2005-05-15
2005-05-17,16.7029,1.42,29.78,100,maynas_persiann_cdr_2000_2011.zip,CDR_20050517z.asc,True,1.0,2005-05-15
2005-05-18,9.902299999999999,0.71,35.07,100,maynas_persiann_cdr_2000_2011.zip,CDR_20050518z.asc,True,1.0,2005-05-15
2005-05-19,3.2444000000000006,0.0,19.96,100,maynas_persiann_cdr_2000_2011.zip,CDR_20050519z.asc,True,1.0,2005-05-15
2005-05-20,0.9207000000000001,0.0,4.9,100,maynas_persiann_cdr_2000_2011.zip,CDR_20050520z.asc,True,0.0,2005-05-15
2005-05-21,6.244299999999999,0.0,22.98,100,maynas_persiann_cdr_2000_2011.zip,CDR_20050521z.asc,True,1.0,2005-05-15
2005-05-22,27.3918,0.58,59.74,100,maynas_persiann_cdr_2000_2011.zip,CDR_20050522z.asc,True,1.0,2005-05-22
2005-05-23,1.4176999999999997,0.0,8.42,100,maynas_persiann_cdr_2000_2011.zip,CDR_20050523z.asc,True,1.0,2005-05-22
2005-05-24,0.23929999999999998,0.0,8.76,100,maynas_persiann_cdr_2000_2011.zip,CDR_20050524z.asc,True,0.0,2005-05-22
2005-05-25,14.281299999999998,0.0,34.5,100,maynas_persiann_cdr_2000_2011.zip,CDR_20050525z.asc,True,1.0,2005-05-22
2005-05-26,26.532700000000006,7.88,55.3,100,maynas_persiann_cdr_2000_2011.zip,CDR_20050526z.asc,True,1.0,2005-05-22
2005-05-27,16.354799999999997,1.06,42.11,100,maynas_persiann_cdr_2000_2011.zip,CDR_20050527z.asc,True,1.0,2005-05-22
2005-05-28,9.7901,0.0,29.55,100,maynas_persiann_cdr_2000_2011.zip,CDR_20050528z.asc,True,1.0,2005-05-22
2005-05-29,7.893000000000001,0.0,25.58,100,maynas_persiann_cdr_2000_2011.zip,CDR_20050529z.asc,True,1.0,2005-05-29
2005-05-30,1.2242000000000002,0.0,7.77,100,maynas_persiann_cdr_2000_2011.zip,CDR_20050530z.asc,True,1.0,2005-05-29
2005-05-31,6.4417,0.59,27.77,100,maynas_persiann_cdr_2000_2011.zip,CDR_20050531z.asc,True,1.0,2005-05-29
2005-06-01,10.564500000000002,0.0,34.37,100,maynas_persiann_cdr_2000_2011.zip,CDR_20050601z.asc,True,1.0,2005-05-29
2005-06-02,3.8413999999999997,0.0,27.24,100,maynas_persiann_cdr_2000_2011.zip,CDR_20050602z.asc,True,1.0,2005-05-29
2005-06-03,3.1415999999999995,0.0,15.03,100,maynas_persiann_cdr_2000_2011.zip,CDR_20050603z.asc,True,1.0,2005-05-29
2005-06-04,3.8487,0.0,24.33,100,maynas_persiann_cdr_2000_2011.zip,CDR_20050604z.asc,True,1.0,2005-05-29
2005-06-05,8.574099999999998,1.18,23.93,100,maynas_persiann_cdr_2000_2011.zip,CDR_20050605z.asc,True,1.0,2005-06-05
2005-06-06,7.7083,0.0,36.27,100,maynas_persiann_cdr_2000_2011.zip,CDR_20050606z.asc,True,1.0,2005-06-05
2005-06-07,8.5702,0.0,24.57,100,maynas_persiann_cdr_2000_2011.zip,CDR_20050607z.asc,True,1.0,2005-06-05
2005-06-08,4.0347,0.0,18.81,100,maynas_persiann_cdr_2000_2011.zip,CDR_20050608z.asc,True,1.0,2005-06-05
2005-06-09,15.624699999999997,0.0,52.26,100,maynas_persiann_cdr_2000_2011.zip,CDR_20050609z.asc,True,1.0,2005-06-05
2005-06-10,8.511199999999999,0.0,31.22,100,maynas_persiann_cdr_2000_2011.zip,CDR_20050610z.asc,True,1.0,2005-06-05
2005-06-11,21.0933,7.4,58.05,100,maynas_persiann_cdr_2000_2011.zip,CDR_20050611z.asc,True,1.0,2005-06-05
2005-06-12,5.9786,0.0,28.22,100,maynas_persiann_cdr_2000_2011.zip,CDR_20050612z.asc,True,1.0,2005-06-12
2005-06-13,26.8297,0.94,97.05,100,maynas_persiann_cdr_2000_2011.zip,CDR_20050613z.asc,True,1.0,2005-06-12
2005-06-14,22.558799999999998,6.67,51.05,100,maynas_persiann_cdr_2000_2011.zip,CDR_20050614z.asc,True,1.0,2005-06-12
2005-06-15,5.472,0.0,36.47,100,maynas_persiann_cdr_2000_2011.zip,CDR_20050615z.asc,True,1.0,2005-06-12
2005-06-16,9.2419,0.86,35.64,100,maynas_persiann_cdr_2000_2011.zip,CDR_20050616z.asc,True,1.0,2005-06-12
2005-06-17,6.6223,0.0,29.4,100,maynas_persiann_cdr_2000_2011.zip,CDR_20050617z.asc,True,1.0,2005-06-12
2005-06-18,5.936,0.0,19.72,100,maynas_persiann_cdr_2000_2011.zip,CDR_20050618z.asc,True,1.0,2005-06-12
2005-06-19,3.1752,0.0,18.44,100,maynas_persiann_cdr_2000_2011.zip,CDR_20050619z.asc,True,1.0,2005-06-19
2005-06-20,7.0542,0.0,29.9,100,maynas_persiann_cdr_2000_2011.zip,CDR_20050620z.asc,True,1.0,2005-06-19
2005-06-21,10.009799999999998,0.0,33.96,100,maynas_persiann_cdr_2000_2011.zip,CDR_20050621z.asc,True,1.0,2005-06-19
2005-06-22,29.5754,3.04,77.35,100,maynas_persiann_cdr_2000_2011.zip,CDR_20050622z.asc,True,1.0,2005-06-19
2005-06-23,0.752,0.0,6.44,100,maynas_persiann_cdr_2000_2011.zip,CDR_20050623z.asc,True,0.0,2005-06-19
2005-06-24,0.2494,0.0,5.68,100,maynas_persiann_cdr_2000_2011.zip,CDR_20050624z.asc,True,0.0,2005-06-19
2005-06-25,0.0,0.0,0.0,100,maynas_persiann_cdr_2000_2011.zip,CDR_20050625z.asc,True,0.0,2005-06-19
2005-06-26,0.0202,0.0,1.02,100,maynas_persiann_cdr_2000_2011.zip,CDR_20050626z.asc,True,0.0,2005-06-26
2005-06-27,0.5073000000000001,0.0,6.33,100,maynas_persiann_cdr_2000_2011.zip,CDR_20050627z.asc,True,0.0,2005-06-26
2005-06-28,3.9905999999999993,0.0,15.21,100,maynas_persiann_cdr_2000_2011.zip,CDR_20050628z.asc,True,1.0,2005-06-26
2005-06-29,11.934199999999999,0.0,43.19,100,maynas_persiann_cdr_2000_2011.zip,CDR_20050629z.asc,True,1.0,2005-06-26
2005-06-30,2.2611000000000003,0.0,13.72,100,maynas_persiann_cdr_2000_2011.zip,CDR_20050630z.asc,True,1.0,2005-06-26
2005-07-01,17.7027,2.1,43.42,100,maynas_persiann_cdr_2000_2011.zip,CDR_20050701z.asc,True,1.0,2005-06-26
2005-07-02,7.840299999999998,0.0,24.95,100,maynas_persiann_cdr_2000_2011.zip,CDR_20050702z.asc,True,1.0,2005-06-26
2005-07-03,2.5493,0.0,16.57,100,maynas_persiann_cdr_2000_2011.zip,CDR_20050703z.asc,True,1.0,2005-07-03
2005-07-04,5.1362999999999985,0.0,42.47,100,maynas_persiann_cdr_2000_2011.zip,CDR_20050704z.asc,True,1.0,2005-07-03
2005-07-05,19.658699999999996,0.0,79.07,100,maynas_persiann_cdr_2000_2011.zip,CDR_20050705z.asc,True,1.0,2005-07-03
2005-07-06,22.8073,1.74,108.64,100,maynas_persiann_cdr_2000_2011.zip,CDR_20050706z.asc,True,1.0,2005-07-03
2005-07-07,53.31969999999998,9.63,117.73,100,maynas_persiann_cdr_2000_2011.zip,CDR_20050707z.asc,True,1.0,2005-07-03
2005-07-08,0.22050000000000003,0.0,4.4,100,maynas_persiann_cdr_2000_2011.zip,CDR_20050708z.asc,True,0.0,2005-07-03
2005-07-09,0.0,0.0,0.0,100,maynas_persiann_cdr_2000_2011.zip,CDR_20050709z.asc,True,0.0,2005-07-03
2005-07-10,0.0,0.0,0.0,100,maynas_persiann_cdr_2000_2011.zip,CDR_20050710z.asc,True,0.0,2005-07-10
2005-07-11,0.0,0.0,0.0,100,maynas_persiann_cdr_2000_2011.zip,CDR_20050711z.asc,True,0.0,2005-07-10
2005-07-12,0.7156,0.0,2.97,100,maynas_persiann_cdr_2000_2011.zip,CDR_20050712z.asc,True,0.0,2005-07-10
2005-07-13,0.0,0.0,0.0,100,maynas_persiann_cdr_2000_2011.zip,CDR_20050713z.asc,True,0.0,2005-07-10
2005-07-14,0.0,0.0,0.0,100,maynas_persiann_cdr_2000_2011.zip,CDR_20050714z.asc,True,0.0,2005-07-10
2005-07-15,0.0,0.0,0.0,100,maynas_persiann_cdr_2000_2011.zip,CDR_20050715z.asc,True,0.0,2005-07-10
2005-07-16,12.146999999999998,1.59,41.88,100,maynas_persiann_cdr_2000_2011.zip,CDR_20050716z.asc,True,1.0,2005-07-10
2005-07-17,14.897399999999998,0.0,37.49,100,maynas_persiann_cdr_2000_2011.zip,CDR_20050717z.asc,True,1.0,2005-07-17
2005-07-18,18.1071,0.0,86.21,100,maynas_persiann_cdr_2000_2011.zip,CDR_20050718z.asc,True,1.0,2005-07-17
2005-07-19,30.616499999999995,12.47,73.56,100,maynas_persiann_cdr_2000_2011.zip,CDR_20050719z.asc,True,1.0,2005-07-17
2005-07-20,9.937500000000002,0.0,36.44,100,maynas_persiann_cdr_2000_2011.zip,CDR_20050720z.asc,True,1.0,2005-07-17
2005-07-21,0.0,0.0,0.0,100,maynas_persiann_cdr_2000_2011.zip,CDR_20050721z.asc,True,0.0,2005-07-17
2005-07-22,0.0,0.0,0.0,100,maynas_persiann_cdr_2000_2011.zip,CDR_20050722z.asc,True,0.0,2005-07-17
2005-07-23,0.0334,0.0,1.21,100,maynas_persiann_cdr_2000_2011.zip,CDR_20050723z.asc,True,0.0,2005-07-17
2005-07-24,3.1605000000000003,0.0,18.01,100,maynas_persiann_cdr_2000_2011.zip,CDR_20050724z.asc,True,1.0,2005-07-24
2005-07-25,1.9950999999999999,0.0,15.6,100,maynas_persiann_cdr_2000_2011.zip,CDR_20050725z.asc,True,1.0,2005-07-24
2005-07-26,4.7789,0.0,17.91,100,maynas_persiann_cdr_2000_2011.zip,CDR_20050726z.asc,True,1.0,2005-07-24
2005-07-27,0.04189999999999999,0.0,1.25,100,maynas_persiann_cdr_2000_2011.zip,CDR_20050727z.asc,True,0.0,2005-07-24
2005-07-28,0.0,0.0,0.0,100,maynas_persiann_cdr_2000_2011.zip,CDR_20050728z.asc,True,0.0,2005-07-24
2005-07-29,0.0095,0.0,0.95,100,maynas_persiann_cdr_2000_2011.zip,CDR_20050729z.asc,True,0.0,2005-07-24
2005-07-30,1.0347,0.0,8.32,100,maynas_persiann_cdr_2000_2011.zip,CDR_20050730z.asc,True,1.0,2005-07-24
2005-07-31,2.9017,0.0,23.07,100,maynas_persiann_cdr_2000_2011.zip,CDR_20050731z.asc,True,1.0,2005-07-31
2005-08-01,2.6203,0.0,17.47,100,maynas_persiann_cdr_2000_2011.zip,CDR_20050801z.asc,True,1.0,2005-07-31
2005-08-02,7.659300000000001,0.0,26.09,100,maynas_persiann_cdr_2000_2011.zip,CDR_20050802z.asc,True,1.0,2005-07-31
2005-08-03,1.0732000000000002,0.0,14.92,100,maynas_persiann_cdr_2000_2011.zip,CDR_20050803z.asc,True,1.0,2005-07-31
2005-08-04,1.1451000000000002,0.0,12.79,100,maynas_persiann_cdr_2000_2011.zip,CDR_20050804z.asc,True,1.0,2005-07-31
2005-08-05,1.5428,0.0,7.77,100,maynas_persiann_cdr_2000_2011.zip,CDR_20050805z.asc,True,1.0,2005-07-31
2005-08-06,0.2892,0.0,4.19,100,maynas_persiann_cdr_2000_2011.zip,CDR_20050806z.asc,True,0.0,2005-07-31
2005-08-07,8.015600000000001,0.0,30.0,100,maynas_persiann_cdr_2000_2011.zip,CDR_20050807z.asc,True,1.0,2005-08-07
2005-08-08,9.4493,0.84,27.52,100,maynas_persiann_cdr_2000_2011.zip,CDR_20050808z.asc,True,1.0,2005-08-07
2005-08-09,6.7466,0.0,21.8,100,maynas_persiann_cdr_2000_2011.zip,CDR_20050809z.asc,True,1.0,2005-08-07
2005-08-10,0.4468,0.0,2.47,100,maynas_persiann_cdr_2000_2011.zip,CDR_20050810z.asc,True,0.0,2005-08-07
2005-08-11,0.0,0.0,0.0,100,maynas_persiann_cdr_2000_2011.zip,CDR_20050811z.asc,True,0.0,2005-08-07
2005-08-12,0.0,0.0,0.0,100,maynas_persiann_cdr_2000_2011.zip,CDR_20050812z.asc,True,0.0,2005-08-07
2005-08-13,0.0,0.0,0.0,100,maynas_persiann_cdr_2000_2011.zip,CDR_20050813z.asc,True,0.0,2005-08-07
2005-08-14,0.8151,0.0,14.41,100,maynas_persiann_cdr_2000_2011.zip,CDR_20050814z.asc,True,0.0,2005-08-14
2005-08-15,6.7513,0.0,37.34,100,maynas_persiann_cdr_2000_2011.zip,CDR_20050815z.asc,True,1.0,2005-08-14
2005-08-16,25.139,3.67,53.41,100,maynas_persiann_cdr_2000_2011.zip,CDR_20050816z.asc,True,1.0,2005-08-14
2005-08-17,2.8952000000000004,0.0,20.07,100,maynas_persiann_cdr_2000_2011.zip,CDR_20050817z.asc,True,1.0,2005-08-14
2005-08-18,6.7311000000000005,0.0,24.5,100,maynas_persiann_cdr_2000_2011.zip,CDR_20050818z.asc,True,1.0,2005-08-14
2005-08-19,15.951000000000004,2.11,35.71,100,maynas_persiann_cdr_2000_2011.zip,CDR_20050819z.asc,True,1.0,2005-08-14
2005-08-20,4.719999999999999,0.0,22.29,100,maynas_persiann_cdr_2000_2011.zip,CDR_20050820z.asc,True,1.0,2005-08-14
2005-08-21,4.2255,0.0,22.77,100,maynas_persiann_cdr_2000_2011.zip,CDR_20050821z.asc,True,1.0,2005-08-21
2005-08-22,0.215,0.0,3.71,100,maynas_persiann_cdr_2000_2011.zip,CDR_20050822z.asc,True,0.0,2005-08-21
2005-08-23,3.6477999999999997,0.0,22.22,100,maynas_persiann_cdr_2000_2011.zip,CDR_20050823z.asc,True,1.0,2005-08-21
2005-08-24,12.4938,0.0,31.35,100,maynas_persiann_cdr_2000_2011.zip,CDR_20050824z.asc,True,1.0,2005-08-21
2005-08-25,8.8302,0.77,22.42,100,maynas_persiann_cdr_2000_2011.zip,CDR_20050825z.asc,True,1.0,2005-08-21
2005-08-26,6.623100000000001,0.0,36.12,100,maynas_persiann_cdr_2000_2011.zip,CDR_20050826z.asc,True,1.0,2005-08-21
2005-08-27,1.8517,0.0,8.76,100,maynas_persiann_cdr_2000_2011.zip,CDR_20050827z.asc,True,1.0,2005-08-21
2005-08-28,0.6261,0.0,8.16,100,maynas_persiann_cdr_2000_2011.zip,CDR_20050828z.asc,True,0.0,2005-08-28
2005-08-29,3.282,0.0,13.57,100,maynas_persiann_cdr_2000_2011.zip,CDR_20050829z.asc,True,1.0,2005-08-28
2005-08-30,9.1958,0.0,25.59,100,maynas_persiann_cdr_2000_2011.zip,CDR_20050830z.asc,True,1.0,2005-08-28
2005-08-31,8.316,0.0,24.35,100,maynas_persiann_cdr_2000_2011.zip,CDR_20050831z.asc,True,1.0,2005-08-28
2005-09-01,6.053799999999999,0.0,25.73,100,maynas_persiann_cdr_2000_2011.zip,CDR_20050901z.asc,True,1.0,2005-08-28
2005-09-02,22.038299999999996,9.29,60.69,100,maynas_persiann_cdr_2000_2011.zip,CDR_20050902z.asc,True,1.0,2005-08-28
2005-09-03,5.844200000000002,0.0,18.44,100,maynas_persiann_cdr_2000_2011.zip,CDR_20050903z.asc,True,1.0,2005-08-28
2005-09-04,0.0,0.0,0.0,100,maynas_persiann_cdr_2000_2011.zip,CDR_20050904z.asc,True,0.0,2005-09-04
2005-09-05,0.8259000000000001,0.0,9.61,100,maynas_persiann_cdr_2000_2011.zip,CDR_20050905z.asc,True,0.0,2005-09-04
2005-09-06,3.0915,0.0,17.98,100,maynas_persiann_cdr_2000_2011.zip,CDR_20050906z.asc,True,1.0,2005-09-04
2005-09-07,5.5258,0.0,21.64,100,maynas_persiann_cdr_2000_2011.zip,CDR_20050907z.asc,True,1.0,2005-09-04
2005-09-08,6.026500000000001,1.1,22.68,100,maynas_persiann_cdr_2000_2011.zip,CDR_20050908z.asc,True,1.0,2005-09-04
2005-09-09,2.2075000000000005,0.0,9.49,100,maynas_persiann_cdr_2000_2011.zip,CDR_20050909z.asc,True,1.0,2005-09-04
2005-09-10,1.1026,0.0,4.9,100,maynas_persiann_cdr_2000_2011.zip,CDR_20050910z.asc,True,1.0,2005-09-04
2005-09-11,1.7407000000000001,0.0,10.51,100,maynas_persiann_cdr_2000_2011.zip,CDR_20050911z.asc,True,1.0,2005-09-11
2005-09-12,4.3929,0.0,16.17,100,maynas_persiann_cdr_2000_2011.zip,CDR_20050912z.asc,True,1.0,2005-09-11
2005-09-13,3.1332999999999993,0.0,18.06,100,maynas_persiann_cdr_2000_2011.zip,CDR_20050913z.asc,True,1.0,2005-09-11
2005-09-14,0.5945,0.0,11.94,100,maynas_persiann_cdr_2000_2011.zip,CDR_20050914z.asc,True,0.0,2005-09-11
2005-09-15,0.0,0.0,0.0,100,maynas_persiann_cdr_2000_2011.zip,CDR_20050915z.asc,True,0.0,2005-09-11
2005-09-16,0.0,0.0,0.0,100,maynas_persiann_cdr_2000_2011.zip,CDR_20050916z.asc,True,0.0,2005-09-11
2005-09-17,0.1273,0.0,2.33,100,maynas_persiann_cdr_2000_2011.zip,CDR_20050917z.asc,True,0.0,2005-09-11
2005-09-18,1.1994,0.0,17.74,100,maynas_persiann_cdr_2000_2011.zip,CDR_20050918z.asc,True,1.0,2005-09-18
2005-09-19,7.4106,0.0,39.53,100,maynas_persiann_cdr_2000_2011.zip,CDR_20050919z.asc,True,1.0,2005-09-18
2005-09-20,7.448900000000001,0.5,18.8,100,maynas_persiann_cdr_2000_2011.zip,CDR_20050920z.asc,True,1.0,2005-09-18
2005-09-21,7.7341,0.0,29.71,100,maynas_persiann_cdr_2000_2011.zip,CDR_20050921z.asc,True,1.0,2005-09-18
2005-09-22,10.377699999999999,0.0,43.16,100,maynas_persiann_cdr_2000_2011.zip,CDR_20050922z.asc,True,1.0,2005-09-18
2005-09-23,7.200899999999999,0.61,18.11,100,maynas_persiann_cdr_2000_2011.zip,CDR_20050923z.asc,True,1.0,2005-09-18
2005-09-24,5.337,0.0,30.95,100,maynas_persiann_cdr_2000_2011.zip,CDR_20050924z.asc,True,1.0,2005-09-18
2005-09-25,6.2604,1.4,13.98,100,maynas_persiann_cdr_2000_2011.zip,CDR_20050925z.asc,True,1.0,2005-09-25
2005-09-26,0.0965,0.0,2.27,100,maynas_persiann_cdr_2000_2011.zip,CDR_20050926z.asc,True,0.0,2005-09-25
2005-09-27,47.99939999999999,32.84,76.19,100,maynas_persiann_cdr_2000_2011.zip,CDR_20050927z.asc,True,1.0,2005-09-25
2005-09-28,0.9860000000000001,0.0,3.01,100,maynas_persiann_cdr_2000_2011.zip,CDR_20050928z.asc,True,0.0,2005-09-25
2005-09-29,0.6304,0.0,7.02,100,maynas_persiann_cdr_2000_2011.zip,CDR_20050929z.asc,True,0.0,2005-09-25
2005-09-30,0.7556000000000002,0.0,8.25,100,maynas_persiann_cdr_2000_2011.zip,CDR_20050930z.asc,True,0.0,2005-09-25
2005-10-01,0.9876999999999998,0.0,17.54,100,maynas_persiann_cdr_2000_2011.zip,CDR_20051001z.asc,True,0.0,2005-09-25
2005-10-02,9.2058,0.66,37.76,100,maynas_persiann_cdr_2000_2011.zip,CDR_20051002z.asc,True,1.0,2005-10-02
2005-10-03,1.9814,0.0,9.23,100,maynas_persiann_cdr_2000_2011.zip,CDR_20051003z.asc,True,1.0,2005-10-02
2005-10-04,7.0044,0.0,19.06,100,maynas_persiann_cdr_2000_2011.zip,CDR_20051004z.asc,True,1.0,2005-10-02
2005-10-05,15.723300000000004,0.0,39.06,100,maynas_persiann_cdr_2000_2011.zip,CDR_20051005z.asc,True,1.0,2005-10-02
2005-10-06,9.5479,2.56,33.02,100,maynas_persiann_cdr_2000_2011.zip,CDR_20051006z.asc,True,1.0,2005-10-02
2005-10-07,23.491,7.88,45.95,100,maynas_persiann_cdr_2000_2011.zip,CDR_20051007z.asc,True,1.0,2005-10-02
2005-10-08,7.2043,1.5,27.6,100,maynas_persiann_cdr_2000_2011.zip,CDR_20051008z.asc,True,1.0,2005-10-02
2005-10-09,12.053500000000001,3.66,25.48,100,maynas_persiann_cdr_2000_2011.zip,CDR_20051009z.asc,True,1.0,2005-10-09
2005-10-10,5.668000000000001,0.64,18.19,100,maynas_persiann_cdr_2000_2011.zip,CDR_20051010z.asc,True,1.0,2005-10-09
2005-10-11,3.3301,0.0,15.57,100,maynas_persiann_cdr_2000_2011.zip,CDR_20051011z.asc,True,1.0,2005-10-09
2005-10-12,6.944399999999999,0.0,21.57,100,maynas_persiann_cdr_2000_2011.zip,CDR_20051012z.asc,True,1.0,2005-10-09
2005-10-13,5.99,0.0,22.06,100,maynas_persiann_cdr_2000_2011.zip,CDR_20051013z.asc,True,1.0,2005-10-09
2005-10-14,18.4501,4.65,38.82,100,maynas_persiann_cdr_2000_2011.zip,CDR_20051014z.asc,True,1.0,2005-10-09
2005-10-15,26.378899999999994,11.04,49.56,100,maynas_persiann_cdr_2000_2011.zip,CDR_20051015z.asc,True,1.0,2005-10-09
2005-10-16,1.3815,0.0,8.08,100,maynas_persiann_cdr_2000_2011.zip,CDR_20051016z.asc,True,1.0,2005-10-16
2005-10-17,10.3189,0.0,28.13,100,maynas_persiann_cdr_2000_2011.zip,CDR_20051017z.asc,True,1.0,2005-10-16
2005-10-18,5.3837,0.0,24.17,100,maynas_persiann_cdr_2000_2011.zip,CDR_20051018z.asc,True,1.0,2005-10-16
2005-10-19,9.908399999999999,0.49,21.84,100,maynas_persiann_cdr_2000_2011.zip,CDR_20051019z.asc,True,1.0,2005-10-16
2005-10-20,21.046499999999995,6.74,47.84,100,maynas_persiann_cdr_2000_2011.zip,CDR_20051020z.asc,True,1.0,2005-10-16
2005-10-21,1.5180999999999998,0.0,4.76,100,maynas_persiann_cdr_2000_2011.zip,CDR_20051021z.asc,True,1.0,2005-10-16
2005-10-22,2.0607,0.0,27.23,100,maynas_persiann_cdr_2000_2011.zip,CDR_20051022z.asc,True,1.0,2005-10-16
2005-10-23,21.188500000000005,5.82,55.17,100,maynas_persiann_cdr_2000_2011.zip,CDR_20051023z.asc,True,1.0,2005-10-23
2005-10-24,28.528200000000002,8.28,53.75,100,maynas_persiann_cdr_2000_2011.zip,CDR_20051024z.asc,True,1.0,2005-10-23
2005-10-25,7.233,2.52,14.75,100,maynas_persiann_cdr_2000_2011.zip,CDR_20051025z.asc,True,1.0,2005-10-23
2005-10-26,0.4336,0.0,6.25,100,maynas_persiann_cdr_2000_2011.zip,CDR_20051026z.asc,True,0.0,2005-10-23
2005-10-27,9.843300000000001,0.0,33.71,100,maynas_persiann_cdr_2000_2011.zip,CDR_20051027z.asc,True,1.0,2005-10-23
2005-10-28,7.8334,0.0,42.19,100,maynas_persiann_cdr_2000_2011.zip,CDR_20051028z.asc,True,1.0,2005-10-23
2005-10-29,9.8923,3.37,21.9,100,maynas_persiann_cdr_2000_2011.zip,CDR_20051029z.asc,True,1.0,2005-10-23
2005-10-30,14.193500000000002,0.0,47.41,100,maynas_persiann_cdr_2000_2011.zip,CDR_20051030z.asc,True,1.0,2005-10-30
2005-10-31,31.3644,10.94,64.16,100,maynas_persiann_cdr_2000_2011.zip,CDR_20051031z.asc,True,1.0,2005-10-30
2005-11-01,24.1666,8.67,47.67,100,maynas_persiann_cdr_2000_2011.zip,CDR_20051101z.asc,True,1.0,2005-10-30
2005-11-02,5.393,0.0,30.52,100,maynas_persiann_cdr_2000_2011.zip,CDR_20051102z.asc,True,1.0,2005-10-30
2005-11-03,3.4020000000000006,0.0,22.05,100,maynas_persiann_cdr_2000_2011.zip,CDR_20051103z.asc,True,1.0,2005-10-30
2005-11-04,6.7509999999999994,0.57,24.0,100,maynas_persiann_cdr_2000_2011.zip,CDR_20051104z.asc,True,1.0,2005-10-30
2005-11-05,2.5099,0.0,11.92,100,maynas_persiann_cdr_2000_2011.zip,CDR_20051105z.asc,True,1.0,2005-10-30
2005-11-06,5.5341000000000005,0.0,20.97,100,maynas_persiann_cdr_2000_2011.zip,CDR_20051106z.asc,True,1.0,2005-11-06
2005-11-07,14.978399999999999,2.58,45.27,100,maynas_persiann_cdr_2000_2011.zip,CDR_20051107z.asc,True,1.0,2005-11-06
2005-11-08,2.9989,0.0,12.51,100,maynas_persiann_cdr_2000_2011.zip,CDR_20051108z.asc,True,1.0,2005-11-06
2005-11-09,3.539899999999999,0.0,15.2,100,maynas_persiann_cdr_2000_2011.zip,CDR_20051109z.asc,True,1.0,2005-11-06
2005-11-10,4.7406,0.0,14.49,100,maynas_persiann_cdr_2000_2011.zip,CDR_20051110z.asc,True,1.0,2005-11-06
2005-11-11,5.3529,0.0,28.15,100,maynas_persiann_cdr_2000_2011.zip,CDR_20051111z.asc,True,1.0,2005-11-06
2005-11-12,8.046700000000001,0.0,20.36,100,maynas_persiann_cdr_2000_2011.zip,CDR_20051112z.asc,True,1.0,2005-11-06
2005-11-13,13.6725,2.09,35.15,100,maynas_persiann_cdr_2000_2011.zip,CDR_20051113z.asc,True,1.0,2005-11-13
2005-11-14,18.195,0.7,35.42,100,maynas_persiann_cdr_2000_2011.zip,CDR_20051114z.asc,True,1.0,2005-11-13
2005-11-15,0.42349999999999993,0.0,6.04,100,maynas_persiann_cdr_2000_2011.zip,CDR_20051115z.asc,True,0.0,2005-11-13
2005-11-16,4.059900000000001,0.0,18.38,100,maynas_persiann_cdr_2000_2011.zip,CDR_20051116z.asc,True,1.0,2005-11-13
2005-11-17,11.738,2.82,33.51,100,maynas_persiann_cdr_2000_2011.zip,CDR_20051117z.asc,True,1.0,2005-11-13
2005-11-18,18.0173,2.41,35.25,100,maynas_persiann_cdr_2000_2011.zip,CDR_20051118z.asc,True,1.0,2005-11-13
2005-11-19,10.5519,1.32,35.42,100,maynas_persiann_cdr_2000_2011.zip,CDR_20051119z.asc,True,1.0,2005-11-13
2005-11-20,11.893999999999998,2.28,25.75,100,maynas_persiann_cdr_2000_2011.zip,CDR_20051120z.asc,True,1.0,2005-11-20
2005-11-21,23.616500000000002,1.45,46.16,100,maynas_persiann_cdr_2000_2011.zip,CDR_20051121z.asc,True,1.0,2005-11-20
2005-11-22,9.4634,0.92,25.91,100,maynas_persiann_cdr_2000_2011.zip,CDR_20051122z.asc,True,1.0,2005-11-20
2005-11-23,2.9906,0.0,15.51,100,maynas_persiann_cdr_2000_2011.zip,CDR_20051123z.asc,True,1.0,2005-11-20
2005-11-24,3.6734999999999998,0.0,11.84,100,maynas_persiann_cdr_2000_2011.zip,CDR_20051124z.asc,True,1.0,2005-11-20
2005-11-25,11.604800000000003,1.95,26.7,100,maynas_persiann_cdr_2000_2011.zip,CDR_20051125z.asc,True,1.0,2005-11-20
2005-11-26,18.399,1.68,39.38,100,maynas_persiann_cdr_2000_2011.zip,CDR_20051126z.asc,True,1.0,2005-11-20
2005-11-27,3.82,0.0,16.77,100,maynas_persiann_cdr_2000_2011.zip,CDR_20051127z.asc,True,1.0,2005-11-27
2005-11-28,0.052199999999999996,0.0,1.26,100,maynas_persiann_cdr_2000_2011.zip,CDR_20051128z.asc,True,0.0,2005-11-27
2005-11-29,0.12190000000000001,0.0,1.94,100,maynas_persiann_cdr_2000_2011.zip,CDR_20051129z.asc,True,0.0,2005-11-27
2005-11-30,0.7715999999999997,0.0,10.18,100,maynas_persiann_cdr_2000_2011.zip,CDR_20051130z.asc,True,0.0,2005-11-27
2005-12-01,3.603999999999999,0.0,25.15,100,maynas_persiann_cdr_2000_2011.zip,CDR_20051201z.asc,True,1.0,2005-11-27
2005-12-02,4.0221,0.0,21.97,100,maynas_persiann_cdr_2000_2011.zip,CDR_20051202z.asc,True,1.0,2005-11-27
2005-12-03,29.769700000000004,12.32,50.24,100,maynas_persiann_cdr_2000_2011.zip,CDR_20051203z.asc,True,1.0,2005-11-27
2005-12-04,6.0520000000000005,0.0,20.48,100,maynas_persiann_cdr_2000_2011.zip,CDR_20051204z.asc,True,1.0,2005-12-04
2005-12-05,11.054900000000002,0.51,34.67,100,maynas_persiann_cdr_2000_2011.zip,CDR_20051205z.asc,True,1.0,2005-12-04
2005-12-06,4.569000000000001,0.0,17.41,100,maynas_persiann_cdr_2000_2011.zip,CDR_20051206z.asc,True,1.0,2005-12-04
2005-12-07,1.1293,0.0,13.86,100,maynas_persiann_cdr_2000_2011.zip,CDR_20051207z.asc,True,1.0,2005-12-04
2005-12-08,0.3919,0.0,6.27,100,maynas_persiann_cdr_2000_2011.zip,CDR_20051208z.asc,True,0.0,2005-12-04
2005-12-09,4.4768,0.0,28.58,100,maynas_persiann_cdr_2000_2011.zip,CDR_20051209z.asc,True,1.0,2005-12-04
2005-12-10,13.4442,0.0,47.61,100,maynas_persiann_cdr_2000_2011.zip,CDR_20051210z.asc,True,1.0,2005-12-04
2005-12-11,5.122999999999999,0.0,17.92,100,maynas_persiann_cdr_2000_2011.zip,CDR_20051211z.asc,True,1.0,2005-12-11
2005-12-12,5.9117999999999995,0.0,20.24,100,maynas_persiann_cdr_2000_2011.zip,CDR_20051212z.asc,True,1.0,2005-12-11
2005-12-13,28.9394,3.67,55.0,100,maynas_persiann_cdr_2000_2011.zip,CDR_20051213z.asc,True,1.0,2005-12-11
2005-12-14,15.261000000000001,1.82,34.64,100,maynas_persiann_cdr_2000_2011.zip,CDR_20051214z.asc,True,1.0,2005-12-11
2005-12-15,14.942699999999997,0.0,43.2,100,maynas_persiann_cdr_2000_2011.zip,CDR_20051215z.asc,True,1.0,2005-12-11
2005-12-16,21.971699999999995,0.86,59.75,100,maynas_persiann_cdr_2000_2011.zip,CDR_20051216z.asc,True,1.0,2005-12-11
2005-12-17,19.9348,1.45,46.63,100,maynas_persiann_cdr_2000_2011.zip,CDR_20051217z.asc,True,1.0,2005-12-11
2005-12-18,13.260599999999997,2.08,28.11,100,maynas_persiann_cdr_2000_2011.zip,CDR_20051218z.asc,True,1.0,2005-12-18
2005-12-19,6.9357,0.63,22.01,100,maynas_persiann_cdr_2000_2011.zip,CDR_20051219z.asc,True,1.0,2005-12-18
2005-12-20,3.2875,0.46,10.56,100,maynas_persiann_cdr_2000_2011.zip,CDR_20051220z.asc,True,1.0,2005-12-18
2005-12-21,3.9965,0.0,17.84,100,maynas_persiann_cdr_2000_2011.zip,CDR_20051221z.asc,True,1.0,2005-12-18
2005-12-22,10.0223,0.49,29.71,100,maynas_persiann_cdr_2000_2011.zip,CDR_20051222z.asc,True,1.0,2005-12-18
2005-12-23,5.5947000000000005,0.0,19.95,100,maynas_persiann_cdr_2000_2011.zip,CDR_20051223z.asc,True,1.0,2005-12-18
2005-12-24,11.599799999999998,0.45,45.29,100,maynas_persiann_cdr_2000_2011.zip,CDR_20051224z.asc,True,1.0,2005-12-18
2005-12-25,15.225700000000002,1.93,44.36,100,maynas_persiann_cdr_2000_2011.zip,CDR_20051225z.asc,True,1.0,2005-12-25
2005-12-26,4.3333,0.0,16.42,100,maynas_persiann_cdr_2000_2011.zip,CDR_20051226z.asc,True,1.0,2005-12-25
2005-12-27,25.981899999999992,9.78,58.55,100,maynas_persiann_cdr_2000_2011.zip,CDR_20051227z.asc,True,1.0,2005-12-25
2005-12-28,2.0823000000000005,0.0,8.12,100,maynas_persiann_cdr_2000_2011.zip,CDR_20051228z.asc,True,1.0,2005-12-25
2005-12-29,0.0169,0.0,0.75,100,maynas_persiann_cdr_2000_2011.zip,CDR_20051229z.asc,True,0.0,2005-12-25
2005-12-30,0.0,0.0,0.0,100,maynas_persiann_cdr_2000_2011.zip,CDR_20051230z.asc,True,0.0,2005-12-25
2005-12-31,0.098,0.0,1.52,100,maynas_persiann_cdr_2000_2011.zip,CDR_20051231z.asc,True,0.0,2005-12-25
2006-01-01,0.4236,0.0,5.06,100,maynas_persiann_cdr_2000_2011.zip,CDR_20060101z.asc,True,0.0,2006-01-01
2006-01-02,3.0241000000000002,0.0,18.13,100,maynas_persiann_cdr_2000_2011.zip,CDR_20060102z.asc,True,1.0,2006-01-01
2006-01-03,4.570899999999998,0.0,34.92,100,maynas_persiann_cdr_2000_2011.zip,CDR_20060103z.asc,True,1.0,2006-01-01
2006-01-04,6.937799999999999,0.99,23.78,100,maynas_persiann_cdr_2000_2011.zip,CDR_20060104z.asc,True,1.0,2006-01-01
2006-01-05,35.31749999999999,7.44,75.63,100,maynas_persiann_cdr_2000_2011.zip,CDR_20060105z.asc,True,1.0,2006-01-01
2006-01-06,30.097500000000004,13.89,53.86,100,maynas_persiann_cdr_2000_2011.zip,CDR_20060106z.asc,True,1.0,2006-01-01
2006-01-07,6.0362,0.0,31.54,100,maynas_persiann_cdr_2000_2011.zip,CDR_20060107z.asc,True,1.0,2006-01-01
2006-01-08,14.277099999999997,0.0,74.06,100,maynas_persiann_cdr_2000_2011.zip,CDR_20060108z.asc,True,1.0,2006-01-08
2006-01-09,13.9257,0.0,37.1,100,maynas_persiann_cdr_2000_2011.zip,CDR_20060109z.asc,True,1.0,2006-01-08
2006-01-10,4.872299999999999,0.0,18.5,100,maynas_persiann_cdr_2000_2011.zip,CDR_20060110z.asc,True,1.0,2006-01-08
2006-01-11,3.6831,0.0,28.28,100,maynas_persiann_cdr_2000_2011.zip,CDR_20060111z.asc,True,1.0,2006-01-08
2006-01-12,8.9533,0.0,41.89,100,maynas_persiann_cdr_2000_2011.zip,CDR_20060112z.asc,True,1.0,2006-01-08
2006-01-13,12.932599999999997,0.0,41.43,100,maynas_persiann_cdr_2000_2011.zip,CDR_20060113z.asc,True,1.0,2006-01-08
2006-01-14,29.124299999999998,5.82,76.73,100,maynas_persiann_cdr_2000_2011.zip,CDR_20060114z.asc,True,1.0,2006-01-08
2006-01-15,20.071099999999998,2.85,49.99,100,maynas_persiann_cdr_2000_2011.zip,CDR_20060115z.asc,True,1.0,2006-01-15
2006-01-16,15.4401,2.23,80.01,100,maynas_persiann_cdr_2000_2011.zip,CDR_20060116z.asc,True,1.0,2006-01-15
2006-01-17,37.604400000000005,6.54,76.06,100,maynas_persiann_cdr_2000_2011.zip,CDR_20060117z.asc,True,1.0,2006-01-15
2006-01-18,5.3649000000000004,0.0,25.7,100,maynas_persiann_cdr_2000_2011.zip,CDR_20060118z.asc,True,1.0,2006-01-15
2006-01-19,1.9269999999999998,0.0,12.84,100,maynas_persiann_cdr_2000_2011.zip,CDR_20060119z.asc,True,1.0,2006-01-15
2006-01-20,0.7197999999999999,0.0,16.36,100,maynas_persiann_cdr_2000_2011.zip,CDR_20060120z.asc,True,0.0,2006-01-15
2006-01-21,0.0,0.0,0.0,100,maynas_persiann_cdr_2000_2011.zip,CDR_20060121z.asc,True,0.0,2006-01-15
2006-01-22,0.1642,0.0,1.78,100,maynas_persiann_cdr_2000_2011.zip,CDR_20060122z.asc,True,0.0,2006-01-22
2006-01-23,0.7837999999999999,0.0,6.84,100,maynas_persiann_cdr_2000_2011.zip,CDR_20060123z.asc,True,0.0,2006-01-22
2006-01-24,2.434,0.0,21.08,100,maynas_persiann_cdr_2000_2011.zip,CDR_20060124z.asc,True,1.0,2006-01-22
2006-01-25,0.2722,0.0,2.57,100,maynas_persiann_cdr_2000_2011.zip,CDR_20060125z.asc,True,0.0,2006-01-22
2006-01-26,26.4054,3.54,64.84,100,maynas_persiann_cdr_2000_2011.zip,CDR_20060126z.asc,True,1.0,2006-01-22
2006-01-27,6.602499999999999,0.0,40.14,100,maynas_persiann_cdr_2000_2011.zip,CDR_20060127z.asc,True,1.0,2006-01-22
2006-01-28,0.5426,0.0,3.73,100,maynas_persiann_cdr_2000_2011.zip,CDR_20060128z.asc,True,0.0,2006-01-22
2006-01-29,2.653,0.0,8.45,100,maynas_persiann_cdr_2000_2011.zip,CDR_20060129z.asc,True,1.0,2006-01-29
2006-01-30,1.0676999999999999,0.0,3.37,100,maynas_persiann_cdr_2000_2011.zip,CDR_20060130z.asc,True,1.0,2006-01-29
2006-01-31,6.679200000000001,0.0,26.84,100,maynas_persiann_cdr_2000_2011.zip,CDR_20060131z.asc,True,1.0,2006-01-29
2006-02-01,2.5595000000000003,0.0,10.48,100,maynas_persiann_cdr_2000_2011.zip,CDR_20060201z.asc,True,1.0,2006-01-29
2006-02-02,4.3784,0.0,21.34,100,maynas_persiann_cdr_2000_2011.zip,CDR_20060202z.asc,True,1.0,2006-01-29
2006-02-03,12.473000000000003,2.48,37.7,100,maynas_persiann_cdr_2000_2011.zip,CDR_20060203z.asc,True,1.0,2006-01-29
2006-02-04,9.048399999999999,0.0,24.86,100,maynas_persiann_cdr_2000_2011.zip,CDR_20060204z.asc,True,1.0,2006-01-29
2006-02-05,9.512799999999999,0.93,26.54,100,maynas_persiann_cdr_2000_2011.zip,CDR_20060205z.asc,True,1.0,2006-02-05
2006-02-06,8.7566,0.0,31.01,100,maynas_persiann_cdr_2000_2011.zip,CDR_20060206z.asc,True,1.0,2006-02-05
2006-02-07,4.019399999999999,0.0,19.42,100,maynas_persiann_cdr_2000_2011.zip,CDR_20060207z.asc,True,1.0,2006-02-05
2006-02-08,2.6375,0.0,13.23,100,maynas_persiann_cdr_2000_2011.zip,CDR_20060208z.asc,True,1.0,2006-02-05
2006-02-09,4.908600000000001,0.0,23.44,100,maynas_persiann_cdr_2000_2011.zip,CDR_20060209z.asc,True,1.0,2006-02-05
2006-02-10,16.9214,7.6,29.2,100,maynas_persiann_cdr_2000_2011.zip,CDR_20060210z.asc,True,1.0,2006-02-05
2006-02-11,10.0501,1.86,27.49,100,maynas_persiann_cdr_2000_2011.zip,CDR_20060211z.asc,True,1.0,2006-02-05
2006-02-12,0.8103999999999999,0.0,10.02,100,maynas_persiann_cdr_2000_2011.zip,CDR_20060212z.asc,True,0.0,2006-02-12
2006-02-13,3.0076,0.0,14.21,100,maynas_persiann_cdr_2000_2011.zip,CDR_20060213z.asc,True,1.0,2006-02-12
2006-02-14,2.2514999999999996,0.0,12.59,100,maynas_persiann_cdr_2000_2011.zip,CDR_20060214z.asc,True,1.0,2006-02-12
2006-02-15,1.7594,0.0,16.81,100,maynas_persiann_cdr_2000_2011.zip,CDR_20060215z.asc,True,1.0,2006-02-12
2006-02-16,0.3549,0.0,5.86,100,maynas_persiann_cdr_2000_2011.zip,CDR_20060216z.asc,True,0.0,2006-02-12
2006-02-17,0.982,0.0,11.37,100,maynas_persiann_cdr_2000_2011.zip,CDR_20060217z.asc,True,0.0,2006-02-12
2006-02-18,4.9615,0.0,18.36,100,maynas_persiann_cdr_2000_2011.zip,CDR_20060218z.asc,True,1.0,2006-02-12
2006-02-19,13.465700000000002,0.0,35.44,100,maynas_persiann_cdr_2000_2011.zip,CDR_20060219z.asc,True,1.0,2006-02-19
2006-02-20,26.2638,1.91,67.29,100,maynas_persiann_cdr_2000_2011.zip,CDR_20060220z.asc,True,1.0,2006-02-19
2006-02-21,16.7321,3.02,40.35,100,maynas_persiann_cdr_2000_2011.zip,CDR_20060221z.asc,True,1.0,2006-02-19
2006-02-22,0.6435,0.0,6.89,100,maynas_persiann_cdr_2000_2011.zip,CDR_20060222z.asc,True,0.0,2006-02-19
2006-02-23,5.439499999999999,0.0,26.08,100,maynas_persiann_cdr_2000_2011.zip,CDR_20060223z.asc,True,1.0,2006-02-19
2006-02-24,17.464999999999996,4.33,48.49,100,maynas_persiann_cdr_2000_2011.zip,CDR_20060224z.asc,True,1.0,2006-02-19
2006-02-25,27.1756,1.39,48.07,100,maynas_persiann_cdr_2000_2011.zip,CDR_20060225z.asc,True,1.0,2006-02-19
2006-02-26,7.665,0.57,24.76,100,maynas_persiann_cdr_2000_2011.zip,CDR_20060226z.asc,True,1.0,2006-02-26
2006-02-27,16.2241,3.15,39.57,100,maynas_persiann_cdr_2000_2011.zip,CDR_20060227z.asc,True,1.0,2006-02-26
2006-02-28,20.058500000000002,8.4,39.19,100,maynas_persiann_cdr_2000_2011.zip,CDR_20060228z.asc,True,1.0,2006-02-26
2006-03-01,24.5611,3.72,51.86,100,maynas_persiann_cdr_2000_2011.zip,CDR_20060301z.asc,True,1.0,2006-02-26
2006-03-02,13.625100000000002,3.0,34.09,100,maynas_persiann_cdr_2000_2011.zip,CDR_20060302z.asc,True,1.0,2006-02-26
2006-03-03,9.4071,1.4,21.1,100,maynas_persiann_cdr_2000_2011.zip,CDR_20060303z.asc,True,1.0,2006-02-26
2006-03-04,13.8716,1.06,47.22,100,maynas_persiann_cdr_2000_2011.zip,CDR_20060304z.asc,True,1.0,2006-02-26
2006-03-05,21.2253,3.6,61.11,100,maynas_persiann_cdr_2000_2011.zip,CDR_20060305z.asc,True,1.0,2006-03-05
2006-03-06,29.9098,11.63,59.31,100,maynas_persiann_cdr_2000_2011.zip,CDR_20060306z.asc,True,1.0,2006-03-05
2006-03-07,7.506600000000001,0.56,29.07,100,maynas_persiann_cdr_2000_2011.zip,CDR_20060307z.asc,True,1.0,2006-03-05
2006-03-08,14.561399999999999,5.76,36.38,100,maynas_persiann_cdr_2000_2011.zip,CDR_20060308z.asc,True,1.0,2006-03-05
2006-03-09,10.4344,0.86,27.83,100,maynas_persiann_cdr_2000_2011.zip,CDR_20060309z.asc,True,1.0,2006-03-05
2006-03-10,37.1951,8.45,78.27,100,maynas_persiann_cdr_2000_2011.zip,CDR_20060310z.asc,True,1.0,2006-03-05
2006-03-11,24.942200000000003,5.4,48.7,100,maynas_persiann_cdr_2000_2011.zip,CDR_20060311z.asc,True,1.0,2006-03-05
2006-03-12,1.0180999999999998,0.0,6.45,100,maynas_persiann_cdr_2000_2011.zip,CDR_20060312z.asc,True,1.0,2006-03-12
2006-03-13,6.608000000000001,0.0,23.81,100,maynas_persiann_cdr_2000_2011.zip,CDR_20060313z.asc,True,1.0,2006-03-12
2006-03-14,26.424699999999998,2.07,65.94,100,maynas_persiann_cdr_2000_2011.zip,CDR_20060314z.asc,True,1.0,2006-03-12
2006-03-15,22.6297,4.59,40.9,100,maynas_persiann_cdr_2000_2011.zip,CDR_20060315z.asc,True,1.0,2006-03-12
2006-03-16,31.763700000000007,2.01,60.44,100,maynas_persiann_cdr_2000_2011.zip,CDR_20060316z.asc,True,1.0,2006-03-12
2006-03-17,24.7245,0.58,60.26,100,maynas_persiann_cdr_2000_2011.zip,CDR_20060317z.asc,True,1.0,2006-03-12
2006-03-18,14.6304,1.55,41.66,100,maynas_persiann_cdr_2000_2011.zip,CDR_20060318z.asc,True,1.0,2006-03-12
2006-03-19,16.4074,1.9,30.58,100,maynas_persiann_cdr_2000_2011.zip,CDR_20060319z.asc,True,1.0,2006-03-19
2006-03-20,7.467100000000001,1.59,27.08,100,maynas_persiann_cdr_2000_2011.zip,CDR_20060320z.asc,True,1.0,2006-03-19
2006-03-21,14.280500000000002,2.78,51.93,100,maynas_persiann_cdr_2000_2011.zip,CDR_20060321z.asc,True,1.0,2006-03-19
2006-03-22,17.1009,4.33,45.17,100,maynas_persiann_cdr_2000_2011.zip,CDR_20060322z.asc,True,1.0,2006-03-19
2006-03-23,2.3954000000000004,0.0,12.96,100,maynas_persiann_cdr_2000_2011.zip,CDR_20060323z.asc,True,1.0,2006-03-19
2006-03-24,14.768500000000001,0.63,43.56,100,maynas_persiann_cdr_2000_2011.zip,CDR_20060324z.asc,True,1.0,2006-03-19
2006-03-25,14.115800000000002,2.94,30.1,100,maynas_persiann_cdr_2000_2011.zip,CDR_20060325z.asc,True,1.0,2006-03-19
2006-03-26,38.6559,19.5,74.27,100,maynas_persiann_cdr_2000_2011.zip,CDR_20060326z.asc,True,1.0,2006-03-26
2006-03-27,1.1126999999999998,0.0,5.31,100,maynas_persiann_cdr_2000_2011.zip,CDR_20060327z.asc,True,1.0,2006-03-26
2006-03-28,3.1521,0.0,14.98,100,maynas_persiann_cdr_2000_2011.zip,CDR_20060328z.asc,True,1.0,2006-03-26
2006-03-29,1.8042999999999998,0.0,10.83,100,maynas_persiann_cdr_2000_2011.zip,CDR_20060329z.asc,True,1.0,2006-03-26
2006-03-30,16.8276,2.45,43.73,100,maynas_persiann_cdr_2000_2011.zip,CDR_20060330z.asc,True,1.0,2006-03-26
2006-03-31,15.3578,1.96,36.75,100,maynas_persiann_cdr_2000_2011.zip,CDR_20060331z.asc,True,1.0,2006-03-26
2006-04-01,18.393900000000002,7.55,41.93,100,maynas_persiann_cdr_2000_2011.zip,CDR_20060401z.asc,True,1.0,2006-03-26
2006-04-02,3.9149000000000007,0.0,16.49,100,maynas_persiann_cdr_2000_2011.zip,CDR_20060402z.asc,True,1.0,2006-04-02
2006-04-03,3.6801999999999997,0.0,14.66,100,maynas_persiann_cdr_2000_2011.zip,CDR_20060403z.asc,True,1.0,2006-04-02
2006-04-04,15.687199999999997,3.78,50.01,100,maynas_persiann_cdr_2000_2011.zip,CDR_20060404z.asc,True,1.0,2006-04-02
2006-04-05,33.3069,13.74,52.42,100,maynas_persiann_cdr_2000_2011.zip,CDR_20060405z.asc,True,1.0,2006-04-02
2006-04-06,2.0063999999999997,0.0,10.4,100,maynas_persiann_cdr_2000_2011.zip,CDR_20060406z.asc,True,1.0,2006-04-02
2006-04-07,15.0045,1.84,55.78,100,maynas_persiann_cdr_2000_2011.zip,CDR_20060407z.asc,True,1.0,2006-04-02
2006-04-08,15.818299999999997,0.77,41.87,100,maynas_persiann_cdr_2000_2011.zip,CDR_20060408z.asc,True,1.0,2006-04-02
2006-04-09,0.9942,0.0,7.15,100,maynas_persiann_cdr_2000_2011.zip,CDR_20060409z.asc,True,0.0,2006-04-09
2006-04-10,10.105300000000002,0.0,36.99,100,maynas_persiann_cdr_2000_2011.zip,CDR_20060410z.asc,True,1.0,2006-04-09
2006-04-11,15.503800000000002,0.0,41.97,100,maynas_persiann_cdr_2000_2011.zip,CDR_20060411z.asc,True,1.0,2006-04-09
2006-04-12,25.227600000000002,6.64,57.7,100,maynas_persiann_cdr_2000_2011.zip,CDR_20060412z.asc,True,1.0,2006-04-09
2006-04-13,9.890700000000002,0.0,31.01,100,maynas_persiann_cdr_2000_2011.zip,CDR_20060413z.asc,True,1.0,2006-04-09
2006-04-14,6.5760000000000005,0.0,22.65,100,maynas_persiann_cdr_2000_2011.zip,CDR_20060414z.asc,True,1.0,2006-04-09
2006-04-15,5.341099999999999,0.0,20.8,100,maynas_persiann_cdr_2000_2011.zip,CDR_20060415z.asc,True,1.0,2006-04-09
2006-04-16,10.898299999999999,0.0,31.44,100,maynas_persiann_cdr_2000_2011.zip,CDR_20060416z.asc,True,1.0,2006-04-16
2006-04-17,11.135399999999997,3.21,24.03,100,maynas_persiann_cdr_2000_2011.zip,CDR_20060417z.asc,True,1.0,2006-04-16
2006-04-18,4.5846,0.0,17.48,100,maynas_persiann_cdr_2000_2011.zip,CDR_20060418z.asc,True,1.0,2006-04-16
2006-04-19,0.0,0.0,0.0,100,maynas_persiann_cdr_2000_2011.zip,CDR_20060419z.asc,True,0.0,2006-04-16
2006-04-20,0.0,0.0,0.0,100,maynas_persiann_cdr_2000_2011.zip,CDR_20060420z.asc,True,0.0,2006-04-16
2006-04-21,3.7073,0.0,22.81,100,maynas_persiann_cdr_2000_2011.zip,CDR_20060421z.asc,True,1.0,2006-04-16
2006-04-22,14.354000000000001,0.0,39.14,100,maynas_persiann_cdr_2000_2011.zip,CDR_20060422z.asc,True,1.0,2006-04-16
2006-04-23,24.011799999999997,0.62,57.6,100,maynas_persiann_cdr_2000_2011.zip,CDR_20060423z.asc,True,1.0,2006-04-23
2006-04-24,6.628100000000001,0.0,18.21,100,maynas_persiann_cdr_2000_2011.zip,CDR_20060424z.asc,True,1.0,2006-04-23
2006-04-25,12.928300000000002,0.58,54.7,100,maynas_persiann_cdr_2000_2011.zip,CDR_20060425z.asc,True,1.0,2006-04-23
2006-04-26,2.1409000000000002,0.0,11.74,100,maynas_persiann_cdr_2000_2011.zip,CDR_20060426z.asc,True,1.0,2006-04-23
2006-04-27,19.180999999999997,5.35,43.67,100,maynas_persiann_cdr_2000_2011.zip,CDR_20060427z.asc,True,1.0,2006-04-23
2006-04-28,2.7957,0.0,14.78,100,maynas_persiann_cdr_2000_2011.zip,CDR_20060428z.asc,True,1.0,2006-04-23
2006-04-29,0.7453,0.0,8.57,100,maynas_persiann_cdr_2000_2011.zip,CDR_20060429z.asc,True,0.0,2006-04-23
2006-04-30,5.9248,0.0,21.35,100,maynas_persiann_cdr_2000_2011.zip,CDR_20060430z.asc,True,1.0,2006-04-30
2006-05-01,30.5366,0.0,83.6,100,maynas_persiann_cdr_2000_2011.zip,CDR_20060501z.asc,True,1.0,2006-04-30
2006-05-02,45.3414,8.95,104.52,100,maynas_persiann_cdr_2000_2011.zip,CDR_20060502z.asc,True,1.0,2006-04-30
2006-05-03,27.5023,2.15,85.32,100,maynas_persiann_cdr_2000_2011.zip,CDR_20060503z.asc,True,1.0,2006-04-30
2006-05-04,0.1328,0.0,2.37,100,maynas_persiann_cdr_2000_2011.zip,CDR_20060504z.asc,True,0.0,2006-04-30
2006-05-05,0.030600000000000006,0.0,1.09,100,maynas_persiann_cdr_2000_2011.zip,CDR_20060505z.asc,True,0.0,2006-04-30
2006-05-06,0.8424,0.0,11.81,100,maynas_persiann_cdr_2000_2011.zip,CDR_20060506z.asc,True,0.0,2006-04-30
2006-05-07,26.9073,10.24,73.14,100,maynas_persiann_cdr_2000_2011.zip,CDR_20060507z.asc,True,1.0,2006-05-07
2006-05-08,17.7297,4.68,41.97,100,maynas_persiann_cdr_2000_2011.zip,CDR_20060508z.asc,True,1.0,2006-05-07
2006-05-09,2.2451,0.0,8.58,100,maynas_persiann_cdr_2000_2011.zip,CDR_20060509z.asc,True,1.0,2006-05-07
2006-05-10,0.0258,0.0,2.58,100,maynas_persiann_cdr_2000_2011.zip,CDR_20060510z.asc,True,0.0,2006-05-07
2006-05-11,0.0213,0.0,1.24,100,maynas_persiann_cdr_2000_2011.zip,CDR_20060511z.asc,True,0.0,2006-05-07
2006-05-12,0.0404,0.0,1.46,100,maynas_persiann_cdr_2000_2011.zip,CDR_20060512z.asc,True,0.0,2006-05-07
2006-05-13,0.038200000000000005,0.0,2.72,100,maynas_persiann_cdr_2000_2011.zip,CDR_20060513z.asc,True,0.0,2006-05-07
2006-05-14,0.0,0.0,0.0,100,maynas_persiann_cdr_2000_2011.zip,CDR_20060514z.asc,True,0.0,2006-05-14
2006-05-15,0.0,0.0,0.0,100,maynas_persiann_cdr_2000_2011.zip,CDR_20060515z.asc,True,0.0,2006-05-14
2006-05-16,0.0,0.0,0.0,100,maynas_persiann_cdr_2000_2011.zip,CDR_20060516z.asc,True,0.0,2006-05-14
2006-05-17,0.15810000000000002,0.0,2.6,100,maynas_persiann_cdr_2000_2011.zip,CDR_20060517z.asc,True,0.0,2006-05-14
2006-05-18,28.027600000000003,4.88,78.14,100,maynas_persiann_cdr_2000_2011.zip,CDR_20060518z.asc,True,1.0,2006-05-14
2006-05-19,10.2471,0.0,32.44,100,maynas_persiann_cdr_2000_2011.zip,CDR_20060519z.asc,True,1.0,2006-05-14
2006-05-20,9.194799999999999,0.0,22.94,100,maynas_persiann_cdr_2000_2011.zip,CDR_20060520z.asc,True,1.0,2006-05-14
2006-05-21,11.556199999999999,0.0,33.48,100,maynas_persiann_cdr_2000_2011.zip,CDR_20060521z.asc,True,1.0,2006-05-21
2006-05-22,22.026099999999996,0.0,71.8,100,maynas_persiann_cdr_2000_2011.zip,CDR_20060522z.asc,True,1.0,2006-05-21
2006-05-23,37.242599999999996,2.93,88.31,100,maynas_persiann_cdr_2000_2011.zip,CDR_20060523z.asc,True,1.0,2006-05-21
2006-05-24,4.1244,0.0,17.99,100,maynas_persiann_cdr_2000_2011.zip,CDR_20060524z.asc,True,1.0,2006-05-21
2006-05-25,0.0105,0.0,1.05,100,maynas_persiann_cdr_2000_2011.zip,CDR_20060525z.asc,True,0.0,2006-05-21
2006-05-26,0.0,0.0,0.0,100,maynas_persiann_cdr_2000_2011.zip,CDR_20060526z.asc,True,0.0,2006-05-21
2006-05-27,0.0,0.0,0.0,100,maynas_persiann_cdr_2000_2011.zip,CDR_20060527z.asc,True,0.0,2006-05-21
2006-05-28,5.000500000000001,0.0,20.98,100,maynas_persiann_cdr_2000_2011.zip,CDR_20060528z.asc,True,1.0,2006-05-28
2006-05-29,15.348399999999996,1.11,34.3,100,maynas_persiann_cdr_2000_2011.zip,CDR_20060529z.asc,True,1.0,2006-05-28
2006-05-30,15.366100000000003,0.0,43.21,100,maynas_persiann_cdr_2000_2011.zip,CDR_20060530z.asc,True,1.0,2006-05-28
2006-05-31,5.245299999999999,0.0,22.41,100,maynas_persiann_cdr_2000_2011.zip,CDR_20060531z.asc,True,1.0,2006-05-28
2006-06-01,4.0862,0.0,26.14,100,maynas_persiann_cdr_2000_2011.zip,CDR_20060601z.asc,True,1.0,2006-05-28
2006-06-02,21.2202,1.79,64.85,100,maynas_persiann_cdr_2000_2011.zip,CDR_20060602z.asc,True,1.0,2006-05-28
2006-06-03,8.1,0.0,62.35,100,maynas_persiann_cdr_2000_2011.zip,CDR_20060603z.asc,True,1.0,2006-05-28
2006-06-04,6.98,0.0,33.96,100,maynas_persiann_cdr_2000_2011.zip,CDR_20060604z.asc,True,1.0,2006-06-04
2006-06-05,17.4005,1.04,55.8,100,maynas_persiann_cdr_2000_2011.zip,CDR_20060605z.asc,True,1.0,2006-06-04
2006-06-06,4.656299999999999,0.0,28.76,100,maynas_persiann_cdr_2000_2011.zip,CDR_20060606z.asc,True,1.0,2006-06-04
2006-06-07,20.205999999999996,2.05,59.75,100,maynas_persiann_cdr_2000_2011.zip,CDR_20060607z.asc,True,1.0,2006-06-04
2006-06-08,12.229699999999998,0.0,43.37,100,maynas_persiann_cdr_2000_2011.zip,CDR_20060608z.asc,True,1.0,2006-06-04
2006-06-09,10.0168,1.39,28.39,100,maynas_persiann_cdr_2000_2011.zip,CDR_20060609z.asc,True,1.0,2006-06-04
2006-06-10,2.0553,0.0,18.8,100,maynas_persiann_cdr_2000_2011.zip,CDR_20060610z.asc,True,1.0,2006-06-04
2006-06-11,16.485,1.94,49.74,100,maynas_persiann_cdr_2000_2011.zip,CDR_20060611z.asc,True,1.0,2006-06-11
2006-06-12,18.5412,0.0,90.66,100,maynas_persiann_cdr_2000_2011.zip,CDR_20060612z.asc,True,1.0,2006-06-11
2006-06-13,33.124900000000004,8.05,91.58,100,maynas_persiann_cdr_2000_2011.zip,CDR_20060613z.asc,True,1.0,2006-06-11
2006-06-14,0.012,0.0,1.2,100,maynas_persiann_cdr_2000_2011.zip,CDR_20060614z.asc,True,0.0,2006-06-11
2006-06-15,1.2162,0.0,7.68,100,maynas_persiann_cdr_2000_2011.zip,CDR_20060615z.asc,True,1.0,2006-06-11
2006-06-16,1.6201,0.0,8.93,100,maynas_persiann_cdr_2000_2011.zip,CDR_20060616z.asc,True,1.0,2006-06-11
2006-06-17,0.5286000000000001,0.0,6.56,100,maynas_persiann_cdr_2000_2011.zip,CDR_20060617z.asc,True,0.0,2006-06-11
2006-06-18,2.7266000000000004,0.0,18.87,100,maynas_persiann_cdr_2000_2011.zip,CDR_20060618z.asc,True,1.0,2006-06-18
2006-06-19,7.758499999999999,0.0,27.38,100,maynas_persiann_cdr_2000_2011.zip,CDR_20060619z.asc,True,1.0,2006-06-18
2006-06-20,2.8613,0.0,12.91,100,maynas_persiann_cdr_2000_2011.zip,CDR_20060620z.asc,True,1.0,2006-06-18
2006-06-21,4.0389,0.0,19.99,100,maynas_persiann_cdr_2000_2011.zip,CDR_20060621z.asc,True,1.0,2006-06-18
2006-06-22,11.6773,0.0,38.31,100,maynas_persiann_cdr_2000_2011.zip,CDR_20060622z.asc,True,1.0,2006-06-18
2006-06-23,2.6507,0.0,12.51,100,maynas_persiann_cdr_2000_2011.zip,CDR_20060623z.asc,True,1.0,2006-06-18
2006-06-24,0.2683,0.0,2.12,100,maynas_persiann_cdr_2000_2011.zip,CDR_20060624z.asc,True,0.0,2006-06-18
2006-06-25,0.0103,0.0,1.03,100,maynas_persiann_cdr_2000_2011.zip,CDR_20060625z.asc,True,0.0,2006-06-25
2006-06-26,0.3612,0.0,9.12,100,maynas_persiann_cdr_2000_2011.zip,CDR_20060626z.asc,True,0.0,2006-06-25
2006-06-27,12.4572,1.27,45.62,100,maynas_persiann_cdr_2000_2011.zip,CDR_20060627z.asc,True,1.0,2006-06-25
2006-06-28,16.343400000000003,0.0,69.01,100,maynas_persiann_cdr_2000_2011.zip,CDR_20060628z.asc,True,1.0,2006-06-25
2006-06-29,1.8755000000000002,0.0,16.76,100,maynas_persiann_cdr_2000_2011.zip,CDR_20060629z.asc,True,1.0,2006-06-25
2006-06-30,0.33630000000000004,0.0,3.92,100,maynas_persiann_cdr_2000_2011.zip,CDR_20060630z.asc,True,0.0,2006-06-25
2006-07-01,3.4500999999999995,0.0,20.74,100,maynas_persiann_cdr_2000_2011.zip,CDR_20060701z.asc,True,1.0,2006-06-25
2006-07-02,5.723700000000001,0.0,31.1,100,maynas_persiann_cdr_2000_2011.zip,CDR_20060702z.asc,True,1.0,2006-07-02
2006-07-03,4.7145,0.0,30.99,100,maynas_persiann_cdr_2000_2011.zip,CDR_20060703z.asc,True,1.0,2006-07-02
2006-07-04,0.29619999999999996,0.0,2.86,100,maynas_persiann_cdr_2000_2011.zip,CDR_20060704z.asc,True,0.0,2006-07-02
2006-07-05,0.011200000000000002,0.0,1.12,100,maynas_persiann_cdr_2000_2011.zip,CDR_20060705z.asc,True,0.0,2006-07-02
2006-07-06,0.0191,0.0,1.91,100,maynas_persiann_cdr_2000_2011.zip,CDR_20060706z.asc,True,0.0,2006-07-02
2006-07-07,0.0,0.0,0.0,100,maynas_persiann_cdr_2000_2011.zip,CDR_20060707z.asc,True,0.0,2006-07-02
2006-07-08,0.045700000000000005,0.0,2.27,100,maynas_persiann_cdr_2000_2011.zip,CDR_20060708z.asc,True,0.0,2006-07-02
2006-07-09,0.1631,0.0,2.71,100,maynas_persiann_cdr_2000_2011.zip,CDR_20060709z.asc,True,0.0,2006-07-09
2006-07-10,3.2230000000000003,0.0,24.91,100,maynas_persiann_cdr_2000_2011.zip,CDR_20060710z.asc,True,1.0,2006-07-09
2006-07-11,2.6553000000000004,0.0,26.43,100,maynas_persiann_cdr_2000_2011.zip,CDR_20060711z.asc,True,1.0,2006-07-09
2006-07-12,4.8257,0.0,18.61,100,maynas_persiann_cdr_2000_2011.zip,CDR_20060712z.asc,True,1.0,2006-07-09
2006-07-13,17.823299999999996,0.0,62.91,100,maynas_persiann_cdr_2000_2011.zip,CDR_20060713z.asc,True,1.0,2006-07-09
2006-07-14,15.2053,0.0,55.55,100,maynas_persiann_cdr_2000_2011.zip,CDR_20060714z.asc,True,1.0,2006-07-09
2006-07-15,39.725500000000004,14.83,84.81,100,maynas_persiann_cdr_2000_2011.zip,CDR_20060715z.asc,True,1.0,2006-07-09
2006-07-16,2.6979,0.0,19.19,100,maynas_persiann_cdr_2000_2011.zip,CDR_20060716z.asc,True,1.0,2006-07-16
2006-07-17,0.0632,0.0,1.4,100,maynas_persiann_cdr_2000_2011.zip,CDR_20060717z.asc,True,0.0,2006-07-16
2006-07-18,0.057999999999999996,0.0,1.29,100,maynas_persiann_cdr_2000_2011.zip,CDR_20060718z.asc,True,0.0,2006-07-16
2006-07-19,0.3281,0.0,5.32,100,maynas_persiann_cdr_2000_2011.zip,CDR_20060719z.asc,True,0.0,2006-07-16
2006-07-20,0.2513,0.0,5.4,100,maynas_persiann_cdr_2000_2011.zip,CDR_20060720z.asc,True,0.0,2006-07-16
2006-07-21,1.0866,0.0,13.94,100,maynas_persiann_cdr_2000_2011.zip,CDR_20060721z.asc,True,1.0,2006-07-16
2006-07-22,3.5637,0.0,25.29,100,maynas_persiann_cdr_2000_2011.zip,CDR_20060722z.asc,True,1.0,2006-07-16
2006-07-23,8.093300000000001,0.0,39.7,100,maynas_persiann_cdr_2000_2011.zip,CDR_20060723z.asc,True,1.0,2006-07-23
2006-07-24,11.662,0.0,46.43,100,maynas_persiann_cdr_2000_2011.zip,CDR_20060724z.asc,True,1.0,2006-07-23
2006-07-25,7.1145,0.0,30.93,100,maynas_persiann_cdr_2000_2011.zip,CDR_20060725z.asc,True,1.0,2006-07-23
2006-07-26,2.6467999999999994,0.0,38.0,100,maynas_persiann_cdr_2000_2011.zip,CDR_20060726z.asc,True,1.0,2006-07-23
2006-07-27,10.404900000000003,0.0,34.52,100,maynas_persiann_cdr_2000_2011.zip,CDR_20060727z.asc,True,1.0,2006-07-23
2006-07-28,17.2607,0.0,82.0,100,maynas_persiann_cdr_2000_2011.zip,CDR_20060728z.asc,True,1.0,2006-07-23
2006-07-29,14.318900000000001,2.5,31.92,100,maynas_persiann_cdr_2000_2011.zip,CDR_20060729z.asc,True,1.0,2006-07-23
2006-07-30,4.4051,0.0,15.81,100,maynas_persiann_cdr_2000_2011.zip,CDR_20060730z.asc,True,1.0,2006-07-30
2006-07-31,23.1542,3.61,50.93,100,maynas_persiann_cdr_2000_2011.zip,CDR_20060731z.asc,True,1.0,2006-07-30
2006-08-01,3.0625,0.0,35.56,100,maynas_persiann_cdr_2000_2011.zip,CDR_20060801z.asc,True,1.0,2006-07-30
2006-08-02,3.0570000000000004,0.0,11.68,100,maynas_persiann_cdr_2000_2011.zip,CDR_20060802z.asc,True,1.0,2006-07-30
2006-08-03,0.0070999999999999995,0.0,0.71,100,maynas_persiann_cdr_2000_2011.zip,CDR_20060803z.asc,True,0.0,2006-07-30
2006-08-04,2.6243000000000007,0.0,20.27,100,maynas_persiann_cdr_2000_2011.zip,CDR_20060804z.asc,True,1.0,2006-07-30
2006-08-05,7.981,0.0,23.73,100,maynas_persiann_cdr_2000_2011.zip,CDR_20060805z.asc,True,1.0,2006-07-30
2006-08-06,5.788099999999999,0.0,17.9,100,maynas_persiann_cdr_2000_2011.zip,CDR_20060806z.asc,True,1.0,2006-08-06
2006-08-07,1.9504,0.0,6.89,100,maynas_persiann_cdr_2000_2011.zip,CDR_20060807z.asc,True,1.0,2006-08-06
2006-08-08,3.9667000000000003,0.0,22.86,100,maynas_persiann_cdr_2000_2011.zip,CDR_20060808z.asc,True,1.0,2006-08-06
2006-08-09,1.9322000000000004,0.0,15.8,100,maynas_persiann_cdr_2000_2011.zip,CDR_20060809z.asc,True,1.0,2006-08-06
2006-08-10,4.457,0.0,21.85,100,maynas_persiann_cdr_2000_2011.zip,CDR_20060810z.asc,True,1.0,2006-08-06
2006-08-11,23.244200000000006,2.54,45.23,100,maynas_persiann_cdr_2000_2011.zip,CDR_20060811z.asc,True,1.0,2006-08-06
2006-08-12,2.4693,0.0,9.74,100,maynas_persiann_cdr_2000_2011.zip,CDR_20060812z.asc,True,1.0,2006-08-06
2006-08-13,2.0268,0.0,12.6,100,maynas_persiann_cdr_2000_2011.zip,CDR_20060813z.asc,True,1.0,2006-08-13
2006-08-14,4.8831,0.0,19.44,100,maynas_persiann_cdr_2000_2011.zip,CDR_20060814z.asc,True,1.0,2006-08-13
2006-08-15,10.5425,0.6,30.17,100,maynas_persiann_cdr_2000_2011.zip,CDR_20060815z.asc,True,1.0,2006-08-13
2006-08-16,12.7699,1.65,34.38,100,maynas_persiann_cdr_2000_2011.zip,CDR_20060816z.asc,True,1.0,2006-08-13
2006-08-17,10.0757,0.0,29.32,100,maynas_persiann_cdr_2000_2011.zip,CDR_20060817z.asc,True,1.0,2006-08-13
2006-08-18,9.0303,3.0,21.39,100,maynas_persiann_cdr_2000_2011.zip,CDR_20060818z.asc,True,1.0,2006-08-13
2006-08-19,9.8372,0.66,21.13,100,maynas_persiann_cdr_2000_2011.zip,CDR_20060819z.asc,True,1.0,2006-08-13
2006-08-20,5.293000000000001,0.0,21.5,100,maynas_persiann_cdr_2000_2011.zip,CDR_20060820z.asc,True,1.0,2006-08-20
2006-08-21,7.175300000000001,0.0,18.98,100,maynas_persiann_cdr_2000_2011.zip,CDR_20060821z.asc,True,1.0,2006-08-20
2006-08-22,4.9859,0.0,19.85,100,maynas_persiann_cdr_2000_2011.zip,CDR_20060822z.asc,True,1.0,2006-08-20
2006-08-23,0.5332,0.0,4.21,100,maynas_persiann_cdr_2000_2011.zip,CDR_20060823z.asc,True,0.0,2006-08-20
2006-08-24,2.3990000000000005,0.0,16.42,100,maynas_persiann_cdr_2000_2011.zip,CDR_20060824z.asc,True,1.0,2006-08-20
2006-08-25,20.7293,0.91,65.2,100,maynas_persiann_cdr_2000_2011.zip,CDR_20060825z.asc,True,1.0,2006-08-20
2006-08-26,4.5087,0.0,22.94,100,maynas_persiann_cdr_2000_2011.zip,CDR_20060826z.asc,True,1.0,2006-08-20
2006-08-27,26.530499999999996,14.85,51.63,100,maynas_persiann_cdr_2000_2011.zip,CDR_20060827z.asc,True,1.0,2006-08-27
2006-08-28,7.289699999999999,0.94,18.03,100,maynas_persiann_cdr_2000_2011.zip,CDR_20060828z.asc,True,1.0,2006-08-27
2006-08-29,5.729400000000001,0.0,20.39,100,maynas_persiann_cdr_2000_2011.zip,CDR_20060829z.asc,True,1.0,2006-08-27
2006-08-30,9.4135,0.64,31.17,100,maynas_persiann_cdr_2000_2011.zip,CDR_20060830z.asc,True,1.0,2006-08-27
2006-08-31,9.3014,0.83,29.66,100,maynas_persiann_cdr_2000_2011.zip,CDR_20060831z.asc,True,1.0,2006-08-27
2006-09-01,16.4717,1.12,45.44,100,maynas_persiann_cdr_2000_2011.zip,CDR_20060901z.asc,True,1.0,2006-08-27
2006-09-02,6.4297,0.0,50.68,100,maynas_persiann_cdr_2000_2011.zip,CDR_20060902z.asc,True,1.0,2006-08-27
2006-09-03,14.1341,0.0,50.87,100,maynas_persiann_cdr_2000_2011.zip,CDR_20060903z.asc,True,1.0,2006-09-03
2006-09-04,15.4344,0.0,48.13,100,maynas_persiann_cdr_2000_2011.zip,CDR_20060904z.asc,True,1.0,2006-09-03
2006-09-05,11.5087,0.0,33.52,100,maynas_persiann_cdr_2000_2011.zip,CDR_20060905z.asc,True,1.0,2006-09-03
2006-09-06,3.5248999999999997,0.0,14.21,100,maynas_persiann_cdr_2000_2011.zip,CDR_20060906z.asc,True,1.0,2006-09-03
2006-09-07,0.0,0.0,0.0,100,maynas_persiann_cdr_2000_2011.zip,CDR_20060907z.asc,True,0.0,2006-09-03
2006-09-08,0.18969999999999998,0.0,2.3,100,maynas_persiann_cdr_2000_2011.zip,CDR_20060908z.asc,True,0.0,2006-09-03
2006-09-09,11.560899999999998,0.0,46.61,100,maynas_persiann_cdr_2000_2011.zip,CDR_20060909z.asc,True,1.0,2006-09-03
2006-09-10,7.138400000000001,1.3,21.28,100,maynas_persiann_cdr_2000_2011.zip,CDR_20060910z.asc,True,1.0,2006-09-10
2006-09-11,47.205299999999994,5.53,113.04,100,maynas_persiann_cdr_2000_2011.zip,CDR_20060911z.asc,True,1.0,2006-09-10
2006-09-12,17.4652,0.0,45.16,100,maynas_persiann_cdr_2000_2011.zip,CDR_20060912z.asc,True,1.0,2006-09-10
2006-09-13,14.076300000000002,4.14,57.84,100,maynas_persiann_cdr_2000_2011.zip,CDR_20060913z.asc,True,1.0,2006-09-10
2006-09-14,9.4572,0.0,61.15,100,maynas_persiann_cdr_2000_2011.zip,CDR_20060914z.asc,True,1.0,2006-09-10
2006-09-15,2.1625,0.0,18.22,100,maynas_persiann_cdr_2000_2011.zip,CDR_20060915z.asc,True,1.0,2006-09-10
2006-09-16,25.4086,0.0,68.86,100,maynas_persiann_cdr_2000_2011.zip,CDR_20060916z.asc,True,1.0,2006-09-10
2006-09-17,14.945,0.0,51.47,100,maynas_persiann_cdr_2000_2011.zip,CDR_20060917z.asc,True,1.0,2006-09-17
2006-09-18,23.24460000000001,0.0,51.58,100,maynas_persiann_cdr_2000_2011.zip,CDR_20060918z.asc,True,1.0,2006-09-17
2006-09-19,7.117000000000001,0.0,29.75,100,maynas_persiann_cdr_2000_2011.zip,CDR_20060919z.asc,True,1.0,2006-09-17
2006-09-20,1.9456,0.0,15.63,100,maynas_persiann_cdr_2000_2011.zip,CDR_20060920z.asc,True,1.0,2006-09-17
2006-09-21,10.9438,0.0,47.9,100,maynas_persiann_cdr_2000_2011.zip,CDR_20060921z.asc,True,1.0,2006-09-17
2006-09-22,9.3779,0.0,31.55,100,maynas_persiann_cdr_2000_2011.zip,CDR_20060922z.asc,True,1.0,2006-09-17
2006-09-23,25.872699999999995,0.9,71.17,100,maynas_persiann_cdr_2000_2011.zip,CDR_20060923z.asc,True,1.0,2006-09-17
2006-09-24,40.21,18.38,83.84,100,maynas_persiann_cdr_2000_2011.zip,CDR_20060924z.asc,True,1.0,2006-09-24
2006-09-25,13.149699999999998,0.0,39.49,100,maynas_persiann_cdr_2000_2011.zip,CDR_20060925z.asc,True,1.0,2006-09-24
2006-09-26,8.4263,0.0,39.55,100,maynas_persiann_cdr_2000_2011.zip,CDR_20060926z.asc,True,1.0,2006-09-24
2006-09-27,4.221699999999999,0.0,24.93,100,maynas_persiann_cdr_2000_2011.zip,CDR_20060927z.asc,True,1.0,2006-09-24
2006-09-28,0.5845,0.0,9.03,100,maynas_persiann_cdr_2000_2011.zip,CDR_20060928z.asc,True,0.0,2006-09-24
2006-09-29,1.0593000000000001,0.0,18.08,100,maynas_persiann_cdr_2000_2011.zip,CDR_20060929z.asc,True,1.0,2006-09-24
2006-09-30,13.116700000000002,0.0,41.21,100,maynas_persiann_cdr_2000_2011.zip,CDR_20060930z.asc,True,1.0,2006-09-24
2006-10-01,12.4758,0.0,30.67,100,maynas_persiann_cdr_2000_2011.zip,CDR_20061001z.asc,True,1.0,2006-10-01
2006-10-02,1.5392,0.0,12.66,100,maynas_persiann_cdr_2000_2011.zip,CDR_20061002z.asc,True,1.0,2006-10-01
2006-10-03,3.5178000000000007,0.0,18.87,100,maynas_persiann_cdr_2000_2011.zip,CDR_20061003z.asc,True,1.0,2006-10-01
2006-10-04,0.5323,0.0,5.46,100,maynas_persiann_cdr_2000_2011.zip,CDR_20061004z.asc,True,0.0,2006-10-01
2006-10-05,3.3644,0.0,15.19,100,maynas_persiann_cdr_2000_2011.zip,CDR_20061005z.asc,True,1.0,2006-10-01
2006-10-06,18.0984,6.27,41.28,100,maynas_persiann_cdr_2000_2011.zip,CDR_20061006z.asc,True,1.0,2006-10-01
2006-10-07,9.487199999999998,1.19,24.1,100,maynas_persiann_cdr_2000_2011.zip,CDR_20061007z.asc,True,1.0,2006-10-01
2006-10-08,3.5281999999999996,0.0,26.82,100,maynas_persiann_cdr_2000_2011.zip,CDR_20061008z.asc,True,1.0,2006-10-08
2006-10-09,5.151399999999999,0.0,17.38,100,maynas_persiann_cdr_2000_2011.zip,CDR_20061009z.asc,True,1.0,2006-10-08
2006-10-10,15.268600000000001,5.87,35.6,100,maynas_persiann_cdr_2000_2011.zip,CDR_20061010z.asc,True,1.0,2006-10-08
2006-10-11,4.388699999999999,0.0,14.7,100,maynas_persiann_cdr_2000_2011.zip,CDR_20061011z.asc,True,1.0,2006-10-08
2006-10-12,18.406599999999997,4.52,57.87,100,maynas_persiann_cdr_2000_2011.zip,CDR_20061012z.asc,True,1.0,2006-10-08
2006-10-13,14.502599999999997,0.0,40.58,100,maynas_persiann_cdr_2000_2011.zip,CDR_20061013z.asc,True,1.0,2006-10-08
2006-10-14,9.073600000000003,2.97,27.76,100,maynas_persiann_cdr_2000_2011.zip,CDR_20061014z.asc,True,1.0,2006-10-08
2006-10-15,13.9825,0.89,56.09,100,maynas_persiann_cdr_2000_2011.zip,CDR_20061015z.asc,True,1.0,2006-10-15
2006-10-16,5.680799999999998,0.0,21.62,100,maynas_persiann_cdr_2000_2011.zip,CDR_20061016z.asc,True,1.0,2006-10-15
2006-10-17,22.7325,6.68,57.9,100,maynas_persiann_cdr_2000_2011.zip,CDR_20061017z.asc,True,1.0,2006-10-15
2006-10-18,4.326,0.6,9.63,100,maynas_persiann_cdr_2000_2011.zip,CDR_20061018z.asc,True,1.0,2006-10-15
2006-10-19,0.23609999999999995,0.0,4.01,100,maynas_persiann_cdr_2000_2011.zip,CDR_20061019z.asc,True,0.0,2006-10-15
2006-10-20,4.7303999999999995,0.0,24.47,100,maynas_persiann_cdr_2000_2011.zip,CDR_20061020z.asc,True,1.0,2006-10-15
2006-10-21,10.761500000000002,1.46,33.28,100,maynas_persiann_cdr_2000_2011.zip,CDR_20061021z.asc,True,1.0,2006-10-15
2006-10-22,17.2519,6.74,32.01,100,maynas_persiann_cdr_2000_2011.zip,CDR_20061022z.asc,True,1.0,2006-10-22
2006-10-23,4.5757,0.74,10.51,100,maynas_persiann_cdr_2000_2011.zip,CDR_20061023z.asc,True,1.0,2006-10-22
2006-10-24,0.2728,0.0,2.3,100,maynas_persiann_cdr_2000_2011.zip,CDR_20061024z.asc,True,0.0,2006-10-22
2006-10-25,0.7754000000000001,0.0,4.76,100,maynas_persiann_cdr_2000_2011.zip,CDR_20061025z.asc,True,0.0,2006-10-22
2006-10-26,8.1934,1.44,29.91,100,maynas_persiann_cdr_2000_2011.zip,CDR_20061026z.asc,True,1.0,2006-10-22
2006-10-27,12.3959,3.57,23.32,100,maynas_persiann_cdr_2000_2011.zip,CDR_20061027z.asc,True,1.0,2006-10-22
2006-10-28,9.7827,0.0,35.13,100,maynas_persiann_cdr_2000_2011.zip,CDR_20061028z.asc,True,1.0,2006-10-22
2006-10-29,18.2441,4.49,56.26,100,maynas_persiann_cdr_2000_2011.zip,CDR_20061029z.asc,True,1.0,2006-10-29
2006-10-30,16.621499999999997,1.19,38.36,100,maynas_persiann_cdr_2000_2011.zip,CDR_20061030z.asc,True,1.0,2006-10-29
2006-10-31,17.240699999999997,2.03,39.81,100,maynas_persiann_cdr_2000_2011.zip,CDR_20061031z.asc,True,1.0,2006-10-29
2006-11-01,19.7787,9.37,31.34,100,maynas_persiann_cdr_2000_2011.zip,CDR_20061101z.asc,True,1.0,2006-10-29
2006-11-02,2.0061,0.0,20.55,100,maynas_persiann_cdr_2000_2011.zip,CDR_20061102z.asc,True,1.0,2006-10-29
2006-11-03,5.9628000000000005,0.0,27.49,100,maynas_persiann_cdr_2000_2011.zip,CDR_20061103z.asc,True,1.0,2006-10-29
2006-11-04,9.0408,1.42,30.63,100,maynas_persiann_cdr_2000_2011.zip,CDR_20061104z.asc,True,1.0,2006-10-29
2006-11-05,13.9429,1.28,33.94,100,maynas_persiann_cdr_2000_2011.zip,CDR_20061105z.asc,True,1.0,2006-11-05
2006-11-06,4.743300000000001,0.0,20.16,100,maynas_persiann_cdr_2000_2011.zip,CDR_20061106z.asc,True,1.0,2006-11-05
2006-11-07,5.2912,0.41,16.61,100,maynas_persiann_cdr_2000_2011.zip,CDR_20061107z.asc,True,1.0,2006-11-05
2006-11-08,36.7104,23.27,66.41,100,maynas_persiann_cdr_2000_2011.zip,CDR_20061108z.asc,True,1.0,2006-11-05
2006-11-09,6.836799999999999,0.55,24.68,100,maynas_persiann_cdr_2000_2011.zip,CDR_20061109z.asc,True,1.0,2006-11-05
2006-11-10,2.4444000000000004,0.0,11.3,100,maynas_persiann_cdr_2000_2011.zip,CDR_20061110z.asc,True,1.0,2006-11-05
2006-11-11,19.4676,6.68,47.01,100,maynas_persiann_cdr_2000_2011.zip,CDR_20061111z.asc,True,1.0,2006-11-05
2006-11-12,12.2378,0.84,49.9,100,maynas_persiann_cdr_2000_2011.zip,CDR_20061112z.asc,True,1.0,2006-11-12
2006-11-13,2.3990000000000005,0.0,13.63,100,maynas_persiann_cdr_2000_2011.zip,CDR_20061113z.asc,True,1.0,2006-11-12
2006-11-14,11.6455,0.37,25.26,100,maynas_persiann_cdr_2000_2011.zip,CDR_20061114z.asc,True,1.0,2006-11-12
2006-11-15,8.684,0.51,23.52,100,maynas_persiann_cdr_2000_2011.zip,CDR_20061115z.asc,True,1.0,2006-11-12
2006-11-16,4.9929999999999986,0.0,20.55,100,maynas_persiann_cdr_2000_2011.zip,CDR_20061116z.asc,True,1.0,2006-11-12
2006-11-17,8.724700000000002,1.84,16.73,100,maynas_persiann_cdr_2000_2011.zip,CDR_20061117z.asc,True,1.0,2006-11-12
2006-11-18,7.5443,0.86,18.96,100,maynas_persiann_cdr_2000_2011.zip,CDR_20061118z.asc,True,1.0,2006-11-12
2006-11-19,12.6767,0.0,28.32,100,maynas_persiann_cdr_2000_2011.zip,CDR_20061119z.asc,True,1.0,2006-11-19
2006-11-20,9.262099999999998,0.95,56.64,100,maynas_persiann_cdr_2000_2011.zip,CDR_20061120z.asc,True,1.0,2006-11-19
2006-11-21,0.10759999999999997,0.0,1.75,100,maynas_persiann_cdr_2000_2011.zip,CDR_20061121z.asc,True,0.0,2006-11-19
2006-11-22,0.2177,0.0,3.59,100,maynas_persiann_cdr_2000_2011.zip,CDR_20061122z.asc,True,0.0,2006-11-19
2006-11-23,1.197,0.0,8.32,100,maynas_persiann_cdr_2000_2011.zip,CDR_20061123z.asc,True,1.0,2006-11-19
2006-11-24,13.717400000000003,2.05,35.79,100,maynas_persiann_cdr_2000_2011.zip,CDR_20061124z.asc,True,1.0,2006-11-19
2006-11-25,31.974700000000002,7.86,58.76,100,maynas_persiann_cdr_2000_2011.zip,CDR_20061125z.asc,True,1.0,2006-11-19
2006-11-26,10.5463,0.9,26.67,100,maynas_persiann_cdr_2000_2011.zip,CDR_20061126z.asc,True,1.0,2006-11-26
2006-11-27,13.090299999999997,3.17,30.55,100,maynas_persiann_cdr_2000_2011.zip,CDR_20061127z.asc,True,1.0,2006-11-26
2006-11-28,4.749699999999999,0.0,22.56,100,maynas_persiann_cdr_2000_2011.zip,CDR_20061128z.asc,True,1.0,2006-11-26
2006-11-29,9.866399999999999,0.0,29.45,100,maynas_persiann_cdr_2000_2011.zip,CDR_20061129z.asc,True,1.0,2006-11-26
2006-11-30,21.4433,8.8,42.26,100,maynas_persiann_cdr_2000_2011.zip,CDR_20061130z.asc,True,1.0,2006-11-26
2006-12-01,27.002700000000004,5.07,56.42,100,maynas_persiann_cdr_2000_2011.zip,CDR_20061201z.asc,True,1.0,2006-11-26
2006-12-02,14.8354,0.62,47.33,100,maynas_persiann_cdr_2000_2011.zip,CDR_20061202z.asc,True,1.0,2006-11-26
2006-12-03,8.004900000000001,0.0,31.55,100,maynas_persiann_cdr_2000_2011.zip,CDR_20061203z.asc,True,1.0,2006-12-03
2006-12-04,5.409700000000002,0.0,25.39,100,maynas_persiann_cdr_2000_2011.zip,CDR_20061204z.asc,True,1.0,2006-12-03
2006-12-05,19.0598,1.96,89.41,100,maynas_persiann_cdr_2000_2011.zip,CDR_20061205z.asc,True,1.0,2006-12-03
2006-12-06,65.2627,36.11,114.49,100,maynas_persiann_cdr_2000_2011.zip,CDR_20061206z.asc,True,1.0,2006-12-03
2006-12-07,13.4068,1.67,35.41,100,maynas_persiann_cdr_2000_2011.zip,CDR_20061207z.asc,True,1.0,2006-12-03
2006-12-08,2.9515,0.0,12.53,100,maynas_persiann_cdr_2000_2011.zip,CDR_20061208z.asc,True,1.0,2006-12-03
2006-12-09,26.8041,6.76,64.95,100,maynas_persiann_cdr_2000_2011.zip,CDR_20061209z.asc,True,1.0,2006-12-03
2006-12-10,4.6768,0.0,15.33,100,maynas_persiann_cdr_2000_2011.zip,CDR_20061210z.asc,True,1.0,2006-12-10
2006-12-11,40.5248,19.15,76.17,100,maynas_persiann_cdr_2000_2011.zip,CDR_20061211z.asc,True,1.0,2006-12-10
2006-12-12,33.4749,6.35,71.58,100,maynas_persiann_cdr_2000_2011.zip,CDR_20061212z.asc,True,1.0,2006-12-10
2006-12-13,19.3113,3.15,42.11,100,maynas_persiann_cdr_2000_2011.zip,CDR_20061213z.asc,True,1.0,2006-12-10
2006-12-14,10.550500000000001,0.0,26.03,100,maynas_persiann_cdr_2000_2011.zip,CDR_20061214z.asc,True,1.0,2006-12-10
2006-12-15,10.7568,0.0,29.12,100,maynas_persiann_cdr_2000_2011.zip,CDR_20061215z.asc,True,1.0,2006-12-10
2006-12-16,5.143400000000001,0.0,26.82,100,maynas_persiann_cdr_2000_2011.zip,CDR_20061216z.asc,True,1.0,2006-12-10
2006-12-17,6.0668999999999995,0.65,25.47,100,maynas_persiann_cdr_2000_2011.zip,CDR_20061217z.asc,True,1.0,2006-12-17
2006-12-18,15.206900000000001,0.0,52.74,100,maynas_persiann_cdr_2000_2011.zip,CDR_20061218z.asc,True,1.0,2006-12-17
2006-12-19,19.835500000000003,4.58,44.08,100,maynas_persiann_cdr_2000_2011.zip,CDR_20061219z.asc,True,1.0,2006-12-17
2006-12-20,30.0566,13.09,64.79,100,maynas_persiann_cdr_2000_2011.zip,CDR_20061220z.asc,True,1.0,2006-12-17
2006-12-21,30.7863,12.96,62.28,100,maynas_persiann_cdr_2000_2011.zip,CDR_20061221z.asc,True,1.0,2006-12-17
2006-12-22,13.6658,2.95,35.95,100,maynas_persiann_cdr_2000_2011.zip,CDR_20061222z.asc,True,1.0,2006-12-17
2006-12-23,6.2539,0.0,27.06,100,maynas_persiann_cdr_2000_2011.zip,CDR_20061223z.asc,True,1.0,2006-12-17
2006-12-24,3.9353999999999996,0.0,22.34,100,maynas_persiann_cdr_2000_2011.zip,CDR_20061224z.asc,True,1.0,2006-12-24
2006-12-25,20.4165,0.7,46.99,100,maynas_persiann_cdr_2000_2011.zip,CDR_20061225z.asc,True,1.0,2006-12-24
2006-12-26,6.4007000000000005,0.0,30.85,100,maynas_persiann_cdr_2000_2011.zip,CDR_20061226z.asc,True,1.0,2006-12-24
2006-12-27,11.1099,0.86,35.26,100,maynas_persiann_cdr_2000_2011.zip,CDR_20061227z.asc,True,1.0,2006-12-24
2006-12-28,5.8126999999999995,0.0,35.5,100,maynas_persiann_cdr_2000_2011.zip,CDR_20061228z.asc,True,1.0,2006-12-24
2006-12-29,10.639000000000001,1.86,25.56,100,maynas_persiann_cdr_2000_2011.zip,CDR_20061229z.asc,True,1.0,2006-12-24
2006-12-30,10.5845,0.0,25.74,100,maynas_persiann_cdr_2000_2011.zip,CDR_20061230z.asc,True,1.0,2006-12-24
2006-12-31,8.1396,0.0,28.74,100,maynas_persiann_cdr_2000_2011.zip,CDR_20061231z.asc,True,1.0,2006-12-31
2007-01-01,24.863200000000003,0.0,54.52,100,maynas_persiann_cdr_2000_2011.zip,CDR_20070101z.asc,True,1.0,2006-12-31
2007-01-02,1.4073999999999998,0.0,8.76,100,maynas_persiann_cdr_2000_2011.zip,CDR_20070102z.asc,True,1.0,2006-12-31
2007-01-03,4.8128,0.0,22.95,100,maynas_persiann_cdr_2000_2011.zip,CDR_20070103z.asc,True,1.0,2006-12-31
2007-01-04,14.873500000000002,0.0,38.91,100,maynas_persiann_cdr_2000_2011.zip,CDR_20070104z.asc,True,1.0,2006-12-31
2007-01-05,1.3239999999999998,0.0,9.77,100,maynas_persiann_cdr_2000_2011.zip,CDR_20070105z.asc,True,1.0,2006-12-31
2007-01-06,2.3929999999999993,0.0,12.41,100,maynas_persiann_cdr_2000_2011.zip,CDR_20070106z.asc,True,1.0,2006-12-31
2007-01-07,7.6212,0.0,29.12,100,maynas_persiann_cdr_2000_2011.zip,CDR_20070107z.asc,True,1.0,2007-01-07
2007-01-08,0.0687,0.0,2.56,100,maynas_persiann_cdr_2000_2011.zip,CDR_20070108z.asc,True,0.0,2007-01-07
2007-01-09,0.39409999999999995,0.0,3.54,100,maynas_persiann_cdr_2000_2011.zip,CDR_20070109z.asc,True,0.0,2007-01-07
2007-01-10,9.558900000000001,0.0,35.51,100,maynas_persiann_cdr_2000_2011.zip,CDR_20070110z.asc,True,1.0,2007-01-07
2007-01-11,19.605999999999998,0.0,52.29,100,maynas_persiann_cdr_2000_2011.zip,CDR_20070111z.asc,True,1.0,2007-01-07
2007-01-12,29.478399999999997,6.66,63.13,100,maynas_persiann_cdr_2000_2011.zip,CDR_20070112z.asc,True,1.0,2007-01-07
2007-01-13,9.813300000000002,0.0,35.26,100,maynas_persiann_cdr_2000_2011.zip,CDR_20070113z.asc,True,1.0,2007-01-07
2007-01-14,0.8719,0.0,9.87,100,maynas_persiann_cdr_2000_2011.zip,CDR_20070114z.asc,True,0.0,2007-01-14
2007-01-15,3.055,0.0,26.18,100,maynas_persiann_cdr_2000_2011.zip,CDR_20070115z.asc,True,1.0,2007-01-14
2007-01-16,6.0855999999999995,0.0,19.04,100,maynas_persiann_cdr_2000_2011.zip,CDR_20070116z.asc,True,1.0,2007-01-14
2007-01-17,27.956500000000005,7.48,65.72,100,maynas_persiann_cdr_2000_2011.zip,CDR_20070117z.asc,True,1.0,2007-01-14
2007-01-18,5.906000000000001,0.0,23.49,100,maynas_persiann_cdr_2000_2011.zip,CDR_20070118z.asc,True,1.0,2007-01-14
2007-01-19,7.2701,0.0,27.77,100,maynas_persiann_cdr_2000_2011.zip,CDR_20070119z.asc,True,1.0,2007-01-14
2007-01-20,9.0529,1.04,27.41,100,maynas_persiann_cdr_2000_2011.zip,CDR_20070120z.asc,True,1.0,2007-01-14
2007-01-21,8.800499999999998,0.0,22.62,100,maynas_persiann_cdr_2000_2011.zip,CDR_20070121z.asc,True,1.0,2007-01-21
2007-01-22,11.588600000000001,0.69,46.71,100,maynas_persiann_cdr_2000_2011.zip,CDR_20070122z.asc,True,1.0,2007-01-21
2007-01-23,4.951899999999999,0.0,16.96,100,maynas_persiann_cdr_2000_2011.zip,CDR_20070123z.asc,True,1.0,2007-01-21
2007-01-24,6.580500000000001,0.0,22.5,100,maynas_persiann_cdr_2000_2011.zip,CDR_20070124z.asc,True,1.0,2007-01-21
2007-01-25,23.109700000000007,6.14,54.25,100,maynas_persiann_cdr_2000_2011.zip,CDR_20070125z.asc,True,1.0,2007-01-21
2007-01-26,29.340200000000003,1.98,76.2,100,maynas_persiann_cdr_2000_2011.zip,CDR_20070126z.asc,True,1.0,2007-01-21
2007-01-27,22.127799999999997,1.84,46.82,100,maynas_persiann_cdr_2000_2011.zip,CDR_20070127z.asc,True,1.0,2007-01-21
2007-01-28,4.4995,0.0,31.18,100,maynas_persiann_cdr_2000_2011.zip,CDR_20070128z.asc,True,1.0,2007-01-28
2007-01-29,3.0504,0.0,26.88,100,maynas_persiann_cdr_2000_2011.zip,CDR_20070129z.asc,True,1.0,2007-01-28
2007-01-30,4.9750000000000005,0.0,18.48,100,maynas_persiann_cdr_2000_2011.zip,CDR_20070130z.asc,True,1.0,2007-01-28
2007-01-31,11.5809,0.0,33.31,100,maynas_persiann_cdr_2000_2011.zip,CDR_20070131z.asc,True,1.0,2007-01-28
2007-02-01,5.8599999999999985,0.0,24.9,100,maynas_persiann_cdr_2000_2011.zip,CDR_20070201z.asc,True,1.0,2007-01-28
2007-02-02,10.2806,0.0,25.82,100,maynas_persiann_cdr_2000_2011.zip,CDR_20070202z.asc,True,1.0,2007-01-28
2007-02-03,12.547699999999999,0.71,32.68,100,maynas_persiann_cdr_2000_2011.zip,CDR_20070203z.asc,True,1.0,2007-01-28
2007-02-04,1.4449,0.0,11.18,100,maynas_persiann_cdr_2000_2011.zip,CDR_20070204z.asc,True,1.0,2007-02-04
2007-02-05,0.0,0.0,0.0,100,maynas_persiann_cdr_2000_2011.zip,CDR_20070205z.asc,True,0.0,2007-02-04
2007-02-06,0.0,0.0,0.0,100,maynas_persiann_cdr_2000_2011.zip,CDR_20070206z.asc,True,0.0,2007-02-04
2007-02-07,0.0073,0.0,0.41,100,maynas_persiann_cdr_2000_2011.zip,CDR_20070207z.asc,True,0.0,2007-02-04
2007-02-08,0.07339999999999999,0.0,0.98,100,maynas_persiann_cdr_2000_2011.zip,CDR_20070208z.asc,True,0.0,2007-02-04
2007-02-09,0.49169999999999997,0.0,4.63,100,maynas_persiann_cdr_2000_2011.zip,CDR_20070209z.asc,True,0.0,2007-02-04
2007-02-10,2.24,0.0,12.88,100,maynas_persiann_cdr_2000_2011.zip,CDR_20070210z.asc,True,1.0,2007-02-04
2007-02-11,7.6086,0.0,17.26,100,maynas_persiann_cdr_2000_2011.zip,CDR_20070211z.asc,True,1.0,2007-02-11
2007-02-12,21.006700000000002,3.11,47.19,100,maynas_persiann_cdr_2000_2011.zip,CDR_20070212z.asc,True,1.0,2007-02-11
2007-02-13,5.3383,0.88,19.29,100,maynas_persiann_cdr_2000_2011.zip,CDR_20070213z.asc,True,1.0,2007-02-11
2007-02-14,1.0031,0.0,5.79,100,maynas_persiann_cdr_2000_2011.zip,CDR_20070214z.asc,True,1.0,2007-02-11
2007-02-15,0.5585,0.0,5.3,100,maynas_persiann_cdr_2000_2011.zip,CDR_20070215z.asc,True,0.0,2007-02-11
2007-02-16,0.8261999999999999,0.0,11.03,100,maynas_persiann_cdr_2000_2011.zip,CDR_20070216z.asc,True,0.0,2007-02-11
2007-02-17,5.4099,0.0,20.36,100,maynas_persiann_cdr_2000_2011.zip,CDR_20070217z.asc,True,1.0,2007-02-11
2007-02-18,1.2747000000000002,0.0,4.86,100,maynas_persiann_cdr_2000_2011.zip,CDR_20070218z.asc,True,1.0,2007-02-18
2007-02-19,4.840799999999999,0.0,18.27,100,maynas_persiann_cdr_2000_2011.zip,CDR_20070219z.asc,True,1.0,2007-02-18
2007-02-20,11.3707,0.0,25.45,100,maynas_persiann_cdr_2000_2011.zip,CDR_20070220z.asc,True,1.0,2007-02-18
2007-02-21,0.8941,0.0,3.93,100,maynas_persiann_cdr_2000_2011.zip,CDR_20070221z.asc,True,0.0,2007-02-18
2007-02-22,1.3148,0.0,8.81,100,maynas_persiann_cdr_2000_2011.zip,CDR_20070222z.asc,True,1.0,2007-02-18
2007-02-23,1.1035,0.0,11.26,100,maynas_persiann_cdr_2000_2011.zip,CDR_20070223z.asc,True,1.0,2007-02-18
2007-02-24,14.314400000000001,2.1,32.26,100,maynas_persiann_cdr_2000_2011.zip,CDR_20070224z.asc,True,1.0,2007-02-18
2007-02-25,7.355000000000001,0.0,22.85,100,maynas_persiann_cdr_2000_2011.zip,CDR_20070225z.asc,True,1.0,2007-02-25
2007-02-26,3.389100000000001,0.0,12.17,100,maynas_persiann_cdr_2000_2011.zip,CDR_20070226z.asc,True,1.0,2007-02-25
2007-02-27,5.9277999999999995,0.0,17.63,100,maynas_persiann_cdr_2000_2011.zip,CDR_20070227z.asc,True,1.0,2007-02-25
2007-02-28,3.3667000000000002,0.0,13.14,100,maynas_persiann_cdr_2000_2011.zip,CDR_20070228z.asc,True,1.0,2007-02-25
2007-03-01,8.938600000000001,0.0,30.28,100,maynas_persiann_cdr_2000_2011.zip,CDR_20070301z.asc,True,1.0,2007-02-25
2007-03-02,16.9985,0.87,48.87,100,maynas_persiann_cdr_2000_2011.zip,CDR_20070302z.asc,True,1.0,2007-02-25
2007-03-03,20.921099999999992,3.83,52.54,100,maynas_persiann_cdr_2000_2011.zip,CDR_20070303z.asc,True,1.0,2007-02-25
2007-03-04,26.461100000000002,2.15,69.01,100,maynas_persiann_cdr_2000_2011.zip,CDR_20070304z.asc,True,1.0,2007-03-04
2007-03-05,24.0534,2.48,64.09,100,maynas_persiann_cdr_2000_2011.zip,CDR_20070305z.asc,True,1.0,2007-03-04
2007-03-06,0.9619,0.0,7.11,100,maynas_persiann_cdr_2000_2011.zip,CDR_20070306z.asc,True,0.0,2007-03-04
2007-03-07,18.718399999999995,0.0,52.89,100,maynas_persiann_cdr_2000_2011.zip,CDR_20070307z.asc,True,1.0,2007-03-04
2007-03-08,14.697699999999998,2.12,38.05,100,maynas_persiann_cdr_2000_2011.zip,CDR_20070308z.asc,True,1.0,2007-03-04
2007-03-09,3.5263999999999998,0.0,17.34,100,maynas_persiann_cdr_2000_2011.zip,CDR_20070309z.asc,True,1.0,2007-03-04
2007-03-10,11.1161,0.0,31.13,100,maynas_persiann_cdr_2000_2011.zip,CDR_20070310z.asc,True,1.0,2007-03-04
2007-03-11,33.0152,3.19,91.18,100,maynas_persiann_cdr_2000_2011.zip,CDR_20070311z.asc,True,1.0,2007-03-11
2007-03-12,12.371099999999998,0.0,53.18,100,maynas_persiann_cdr_2000_2011.zip,CDR_20070312z.asc,True,1.0,2007-03-11
2007-03-13,13.5322,0.0,38.29,100,maynas_persiann_cdr_2000_2011.zip,CDR_20070313z.asc,True,1.0,2007-03-11
2007-03-14,14.5208,0.96,46.46,100,maynas_persiann_cdr_2000_2011.zip,CDR_20070314z.asc,True,1.0,2007-03-11
2007-03-15,3.9986,0.0,36.54,100,maynas_persiann_cdr_2000_2011.zip,CDR_20070315z.asc,True,1.0,2007-03-11
2007-03-16,35.649899999999995,19.01,66.93,100,maynas_persiann_cdr_2000_2011.zip,CDR_20070316z.asc,True,1.0,2007-03-11
2007-03-17,5.427,0.0,36.07,100,maynas_persiann_cdr_2000_2011.zip,CDR_20070317z.asc,True,1.0,2007-03-11
2007-03-18,9.5486,0.0,38.61,100,maynas_persiann_cdr_2000_2011.zip,CDR_20070318z.asc,True,1.0,2007-03-18
2007-03-19,61.577400000000004,21.3,102.02,100,maynas_persiann_cdr_2000_2011.zip,CDR_20070319z.asc,True,1.0,2007-03-18
2007-03-20,4.2927,0.0,43.18,100,maynas_persiann_cdr_2000_2011.zip,CDR_20070320z.asc,True,1.0,2007-03-18
2007-03-21,5.6606000000000005,0.0,36.3,100,maynas_persiann_cdr_2000_2011.zip,CDR_20070321z.asc,True,1.0,2007-03-18
2007-03-22,13.490199999999998,0.0,38.15,100,maynas_persiann_cdr_2000_2011.zip,CDR_20070322z.asc,True,1.0,2007-03-18
2007-03-23,48.0378,15.11,99.94,100,maynas_persiann_cdr_2000_2011.zip,CDR_20070323z.asc,True,1.0,2007-03-18
2007-03-24,12.355899999999998,2.78,36.47,100,maynas_persiann_cdr_2000_2011.zip,CDR_20070324z.asc,True,1.0,2007-03-18
2007-03-25,11.822799999999999,0.77,37.0,100,maynas_persiann_cdr_2000_2011.zip,CDR_20070325z.asc,True,1.0,2007-03-25
2007-03-26,2.3877,0.0,21.29,100,maynas_persiann_cdr_2000_2011.zip,CDR_20070326z.asc,True,1.0,2007-03-25
2007-03-27,6.302599999999999,0.0,26.32,100,maynas_persiann_cdr_2000_2011.zip,CDR_20070327z.asc,True,1.0,2007-03-25
2007-03-28,4.453399999999999,0.0,16.63,100,maynas_persiann_cdr_2000_2011.zip,CDR_20070328z.asc,True,1.0,2007-03-25
2007-03-29,25.796599999999998,7.96,43.1,100,maynas_persiann_cdr_2000_2011.zip,CDR_20070329z.asc,True,1.0,2007-03-25
2007-03-30,20.9468,1.33,74.03,100,maynas_persiann_cdr_2000_2011.zip,CDR_20070330z.asc,True,1.0,2007-03-25
2007-03-31,7.7386,0.0,22.69,100,maynas_persiann_cdr_2000_2011.zip,CDR_20070331z.asc,True,1.0,2007-03-25
2007-04-01,21.145400000000006,0.72,79.83,100,maynas_persiann_cdr_2000_2011.zip,CDR_20070401z.asc,True,1.0,2007-04-01
2007-04-02,20.7441,4.19,51.18,100,maynas_persiann_cdr_2000_2011.zip,CDR_20070402z.asc,True,1.0,2007-04-01
2007-04-03,2.6546,0.0,22.87,100,maynas_persiann_cdr_2000_2011.zip,CDR_20070403z.asc,True,1.0,2007-04-01
2007-04-04,3.7725999999999997,0.0,22.71,100,maynas_persiann_cdr_2000_2011.zip,CDR_20070404z.asc,True,1.0,2007-04-01
2007-04-05,24.989000000000004,3.2,59.95,100,maynas_persiann_cdr_2000_2011.zip,CDR_20070405z.asc,True,1.0,2007-04-01
2007-04-06,20.669199999999996,5.81,51.68,100,maynas_persiann_cdr_2000_2011.zip,CDR_20070406z.asc,True,1.0,2007-04-01
2007-04-07,23.85879999999999,1.75,66.87,100,maynas_persiann_cdr_2000_2011.zip,CDR_20070407z.asc,True,1.0,2007-04-01
2007-04-08,11.5331,0.87,44.5,100,maynas_persiann_cdr_2000_2011.zip,CDR_20070408z.asc,True,1.0,2007-04-08
2007-04-09,16.0275,0.0,63.38,100,maynas_persiann_cdr_2000_2011.zip,CDR_20070409z.asc,True,1.0,2007-04-08
2007-04-10,28.542600000000004,6.2,55.56,100,maynas_persiann_cdr_2000_2011.zip,CDR_20070410z.asc,True,1.0,2007-04-08
2007-04-11,4.3959,0.0,20.47,100,maynas_persiann_cdr_2000_2011.zip,CDR_20070411z.asc,True,1.0,2007-04-08
2007-04-12,20.7639,1.93,51.81,100,maynas_persiann_cdr_2000_2011.zip,CDR_20070412z.asc,True,1.0,2007-04-08
2007-04-13,17.1459,7.84,40.2,100,maynas_persiann_cdr_2000_2011.zip,CDR_20070413z.asc,True,1.0,2007-04-08
2007-04-14,9.8759,1.52,36.19,100,maynas_persiann_cdr_2000_2011.zip,CDR_20070414z.asc,True,1.0,2007-04-08
2007-04-15,4.8982,0.0,23.09,100,maynas_persiann_cdr_2000_2011.zip,CDR_20070415z.asc,True,1.0,2007-04-15
2007-04-16,4.3993,0.0,26.66,100,maynas_persiann_cdr_2000_2011.zip,CDR_20070416z.asc,True,1.0,2007-04-15
2007-04-17,13.864900000000002,1.83,41.26,100,maynas_persiann_cdr_2000_2011.zip,CDR_20070417z.asc,True,1.0,2007-04-15
2007-04-18,12.291699999999999,0.74,44.34,100,maynas_persiann_cdr_2000_2011.zip,CDR_20070418z.asc,True,1.0,2007-04-15
2007-04-19,36.766000000000005,9.16,76.89,100,maynas_persiann_cdr_2000_2011.zip,CDR_20070419z.asc,True,1.0,2007-04-15
2007-04-20,16.881800000000002,5.36,32.89,100,maynas_persiann_cdr_2000_2011.zip,CDR_20070420z.asc,True,1.0,2007-04-15
2007-04-21,4.366500000000001,0.0,25.03,100,maynas_persiann_cdr_2000_2011.zip,CDR_20070421z.asc,True,1.0,2007-04-15
2007-04-22,2.4852,0.0,12.2,100,maynas_persiann_cdr_2000_2011.zip,CDR_20070422z.asc,True,1.0,2007-04-22
2007-04-23,12.611699999999999,0.9,53.91,100,maynas_persiann_cdr_2000_2011.zip,CDR_20070423z.asc,True,1.0,2007-04-22
2007-04-24,14.8968,0.9,47.56,100,maynas_persiann_cdr_2000_2011.zip,CDR_20070424z.asc,True,1.0,2007-04-22
2007-04-25,18.1578,1.67,49.9,100,maynas_persiann_cdr_2000_2011.zip,CDR_20070425z.asc,True,1.0,2007-04-22
2007-04-26,10.132800000000001,0.68,44.16,100,maynas_persiann_cdr_2000_2011.zip,CDR_20070426z.asc,True,1.0,2007-04-22
2007-04-27,6.2566999999999995,0.0,21.93,100,maynas_persiann_cdr_2000_2011.zip,CDR_20070427z.asc,True,1.0,2007-04-22
2007-04-28,4.1189,0.0,34.36,100,maynas_persiann_cdr_2000_2011.zip,CDR_20070428z.asc,True,1.0,2007-04-22
2007-04-29,19.2274,0.0,66.7,100,maynas_persiann_cdr_2000_2011.zip,CDR_20070429z.asc,True,1.0,2007-04-29
2007-04-30,0.0155,0.0,1.55,100,maynas_persiann_cdr_2000_2011.zip,CDR_20070430z.asc,True,0.0,2007-04-29
2007-05-01,0.38799999999999996,0.0,4.85,100,maynas_persiann_cdr_2000_2011.zip,CDR_20070501z.asc,True,0.0,2007-04-29
2007-05-02,3.9838999999999998,0.0,15.59,100,maynas_persiann_cdr_2000_2011.zip,CDR_20070502z.asc,True,1.0,2007-04-29
2007-05-03,6.052800000000002,0.0,39.67,100,maynas_persiann_cdr_2000_2011.zip,CDR_20070503z.asc,True,1.0,2007-04-29
2007-05-04,5.605,0.0,26.33,100,maynas_persiann_cdr_2000_2011.zip,CDR_20070504z.asc,True,1.0,2007-04-29
2007-05-05,3.2113,0.0,15.22,100,maynas_persiann_cdr_2000_2011.zip,CDR_20070505z.asc,True,1.0,2007-04-29
2007-05-06,12.909899999999999,0.0,46.69,100,maynas_persiann_cdr_2000_2011.zip,CDR_20070506z.asc,True,1.0,2007-05-06
2007-05-07,30.7821,4.5,80.23,100,maynas_persiann_cdr_2000_2011.zip,CDR_20070507z.asc,True,1.0,2007-05-06
2007-05-08,22.077699999999997,1.99,57.55,100,maynas_persiann_cdr_2000_2011.zip,CDR_20070508z.asc,True,1.0,2007-05-06
2007-05-09,17.340400000000002,0.0,62.06,100,maynas_persiann_cdr_2000_2011.zip,CDR_20070509z.asc,True,1.0,2007-05-06
2007-05-10,24.179500000000004,5.85,78.72,100,maynas_persiann_cdr_2000_2011.zip,CDR_20070510z.asc,True,1.0,2007-05-06
2007-05-11,1.6030000000000002,0.0,5.26,100,maynas_persiann_cdr_2000_2011.zip,CDR_20070511z.asc,True,1.0,2007-05-06
2007-05-12,0.0,0.0,0.0,100,maynas_persiann_cdr_2000_2011.zip,CDR_20070512z.asc,True,0.0,2007-05-06
2007-05-13,0.2928,0.0,2.59,100,maynas_persiann_cdr_2000_2011.zip,CDR_20070513z.asc,True,0.0,2007-05-13
2007-05-14,0.9116,0.0,10.11,100,maynas_persiann_cdr_2000_2011.zip,CDR_20070514z.asc,True,0.0,2007-05-13
2007-05-15,2.6871000000000005,0.0,18.11,100,maynas_persiann_cdr_2000_2011.zip,CDR_20070515z.asc,True,1.0,2007-05-13
2007-05-16,4.4461,0.0,20.48,100,maynas_persiann_cdr_2000_2011.zip,CDR_20070516z.asc,True,1.0,2007-05-13
2007-05-17,5.733199999999999,0.0,32.41,100,maynas_persiann_cdr_2000_2011.zip,CDR_20070517z.asc,True,1.0,2007-05-13
2007-05-18,12.8431,0.75,38.22,100,maynas_persiann_cdr_2000_2011.zip,CDR_20070518z.asc,True,1.0,2007-05-13
2007-05-19,26.949900000000003,10.11,61.7,100,maynas_persiann_cdr_2000_2011.zip,CDR_20070519z.asc,True,1.0,2007-05-13
2007-05-20,1.9303,0.0,12.14,100,maynas_persiann_cdr_2000_2011.zip,CDR_20070520z.asc,True,1.0,2007-05-20
2007-05-21,2.3855,0.0,14.67,100,maynas_persiann_cdr_2000_2011.zip,CDR_20070521z.asc,True,1.0,2007-05-20
2007-05-22,21.107100000000006,4.45,59.35,100,maynas_persiann_cdr_2000_2011.zip,CDR_20070522z.asc,True,1.0,2007-05-20
2007-05-23,35.859100000000005,5.54,73.85,100,maynas_persiann_cdr_2000_2011.zip,CDR_20070523z.asc,True,1.0,2007-05-20
2007-05-24,6.6267,0.0,37.36,100,maynas_persiann_cdr_2000_2011.zip,CDR_20070524z.asc,True,1.0,2007-05-20
2007-05-25,24.6169,1.11,71.05,100,maynas_persiann_cdr_2000_2011.zip,CDR_20070525z.asc,True,1.0,2007-05-20
2007-05-26,3.2132,0.0,9.17,100,maynas_persiann_cdr_2000_2011.zip,CDR_20070526z.asc,True,1.0,2007-05-20
2007-05-27,0.0079,0.0,0.79,100,maynas_persiann_cdr_2000_2011.zip,CDR_20070527z.asc,True,0.0,2007-05-27
2007-05-28,1.1997,0.0,12.05,100,maynas_persiann_cdr_2000_2011.zip,CDR_20070528z.asc,True,1.0,2007-05-27
2007-05-29,3.3770000000000007,0.0,19.21,100,maynas_persiann_cdr_2000_2011.zip,CDR_20070529z.asc,True,1.0,2007-05-27
2007-05-30,17.914399999999997,4.95,31.23,100,maynas_persiann_cdr_2000_2011.zip,CDR_20070530z.asc,True,1.0,2007-05-27
2007-05-31,22.112199999999998,0.81,48.31,100,maynas_persiann_cdr_2000_2011.zip,CDR_20070531z.asc,True,1.0,2007-05-27
2007-06-01,12.649499999999998,0.0,51.69,100,maynas_persiann_cdr_2000_2011.zip,CDR_20070601z.asc,True,1.0,2007-05-27
2007-06-02,1.6225,0.0,16.75,100,maynas_persiann_cdr_2000_2011.zip,CDR_20070602z.asc,True,1.0,2007-05-27
2007-06-03,7.3938999999999995,0.0,23.11,100,maynas_persiann_cdr_2000_2011.zip,CDR_20070603z.asc,True,1.0,2007-06-03
2007-06-04,19.9262,0.0,79.95,100,maynas_persiann_cdr_2000_2011.zip,CDR_20070604z.asc,True,1.0,2007-06-03
2007-06-05,11.003200000000001,0.0,32.57,100,maynas_persiann_cdr_2000_2011.zip,CDR_20070605z.asc,True,1.0,2007-06-03
2007-06-06,2.9364999999999997,0.0,22.82,100,maynas_persiann_cdr_2000_2011.zip,CDR_20070606z.asc,True,1.0,2007-06-03
2007-06-07,10.791300000000001,0.0,56.6,100,maynas_persiann_cdr_2000_2011.zip,CDR_20070607z.asc,True,1.0,2007-06-03
2007-06-08,15.0747,0.0,61.3,100,maynas_persiann_cdr_2000_2011.zip,CDR_20070608z.asc,True,1.0,2007-06-03
2007-06-09,2.2336,0.0,13.32,100,maynas_persiann_cdr_2000_2011.zip,CDR_20070609z.asc,True,1.0,2007-06-03
2007-06-10,9.994599999999998,0.0,51.04,100,maynas_persiann_cdr_2000_2011.zip,CDR_20070610z.asc,True,1.0,2007-06-10
2007-06-11,22.552699999999994,0.0,99.06,100,maynas_persiann_cdr_2000_2011.zip,CDR_20070611z.asc,True,1.0,2007-06-10
2007-06-12,23.4004,0.0,68.92,100,maynas_persiann_cdr_2000_2011.zip,CDR_20070612z.asc,True,1.0,2007-06-10
2007-06-13,4.244200000000001,0.0,17.43,100,maynas_persiann_cdr_2000_2011.zip,CDR_20070613z.asc,True,1.0,2007-06-10
2007-06-14,5.350700000000001,0.0,42.39,100,maynas_persiann_cdr_2000_2011.zip,CDR_20070614z.asc,True,1.0,2007-06-10
2007-06-15,1.3562999999999996,0.0,8.1,100,maynas_persiann_cdr_2000_2011.zip,CDR_20070615z.asc,True,1.0,2007-06-10
2007-06-16,31.072099999999995,2.71,82.66,100,maynas_persiann_cdr_2000_2011.zip,CDR_20070616z.asc,True,1.0,2007-06-10
2007-06-17,23.093000000000004,0.0,87.73,100,maynas_persiann_cdr_2000_2011.zip,CDR_20070617z.asc,True,1.0,2007-06-17
2007-06-18,1.2294,0.0,13.94,100,maynas_persiann_cdr_2000_2011.zip,CDR_20070618z.asc,True,1.0,2007-06-17
2007-06-19,4.630499999999999,0.0,28.05,100,maynas_persiann_cdr_2000_2011.zip,CDR_20070619z.asc,True,1.0,2007-06-17
2007-06-20,8.9889,0.0,31.38,100,maynas_persiann_cdr_2000_2011.zip,CDR_20070620z.asc,True,1.0,2007-06-17
2007-06-21,6.050800000000001,0.0,53.61,100,maynas_persiann_cdr_2000_2011.zip,CDR_20070621z.asc,True,1.0,2007-06-17
2007-06-22,3.362200000000001,0.0,14.73,100,maynas_persiann_cdr_2000_2011.zip,CDR_20070622z.asc,True,1.0,2007-06-17
2007-06-23,2.9577,0.0,12.95,100,maynas_persiann_cdr_2000_2011.zip,CDR_20070623z.asc,True,1.0,2007-06-17
2007-06-24,0.20600000000000002,0.0,2.81,100,maynas_persiann_cdr_2000_2011.zip,CDR_20070624z.asc,True,0.0,2007-06-24
2007-06-25,1.0922,0.0,8.46,100,maynas_persiann_cdr_2000_2011.zip,CDR_20070625z.asc,True,1.0,2007-06-24
2007-06-26,1.64,0.0,11.33,100,maynas_persiann_cdr_2000_2011.zip,CDR_20070626z.asc,True,1.0,2007-06-24
2007-06-27,3.1196,0.0,9.73,100,maynas_persiann_cdr_2000_2011.zip,CDR_20070627z.asc,True,1.0,2007-06-24
2007-06-28,0.9812000000000001,0.0,5.7,100,maynas_persiann_cdr_2000_2011.zip,CDR_20070628z.asc,True,0.0,2007-06-24
2007-06-29,0.0,0.0,0.0,100,maynas_persiann_cdr_2000_2011.zip,CDR_20070629z.asc,True,0.0,2007-06-24
2007-06-30,0.0147,0.0,1.47,100,maynas_persiann_cdr_2000_2011.zip,CDR_20070630z.asc,True,0.0,2007-06-24
2007-07-01,0.024399999999999998,0.0,0.92,100,maynas_persiann_cdr_2000_2011.zip,CDR_20070701z.asc,True,0.0,2007-07-01
2007-07-02,0.9816000000000001,0.0,9.0,100,maynas_persiann_cdr_2000_2011.zip,CDR_20070702z.asc,True,0.0,2007-07-01
2007-07-03,1.5236999999999998,0.0,7.75,100,maynas_persiann_cdr_2000_2011.zip,CDR_20070703z.asc,True,1.0,2007-07-01
2007-07-04,0.5796,0.0,9.61,100,maynas_persiann_cdr_2000_2011.zip,CDR_20070704z.asc,True,0.0,2007-07-01
2007-07-05,0.25920000000000004,0.0,2.93,100,maynas_persiann_cdr_2000_2011.zip,CDR_20070705z.asc,True,0.0,2007-07-01
2007-07-06,0.7090000000000001,0.0,3.96,100,maynas_persiann_cdr_2000_2011.zip,CDR_20070706z.asc,True,0.0,2007-07-01
2007-07-07,2.7752,0.0,18.71,100,maynas_persiann_cdr_2000_2011.zip,CDR_20070707z.asc,True,1.0,2007-07-01
2007-07-08,2.5252999999999997,0.0,16.05,100,maynas_persiann_cdr_2000_2011.zip,CDR_20070708z.asc,True,1.0,2007-07-08
2007-07-09,20.530499999999996,2.87,77.96,100,maynas_persiann_cdr_2000_2011.zip,CDR_20070709z.asc,True,1.0,2007-07-08
2007-07-10,0.49870000000000003,0.0,3.2,100,maynas_persiann_cdr_2000_2011.zip,CDR_20070710z.asc,True,0.0,2007-07-08
2007-07-11,0.8288999999999999,0.0,5.9,100,maynas_persiann_cdr_2000_2011.zip,CDR_20070711z.asc,True,0.0,2007-07-08
2007-07-12,1.3448,0.0,18.31,100,maynas_persiann_cdr_2000_2011.zip,CDR_20070712z.asc,True,1.0,2007-07-08
2007-07-13,1.6248000000000002,0.0,16.08,100,maynas_persiann_cdr_2000_2011.zip,CDR_20070713z.asc,True,1.0,2007-07-08
2007-07-14,10.4496,0.0,35.12,100,maynas_persiann_cdr_2000_2011.zip,CDR_20070714z.asc,True,1.0,2007-07-08
2007-07-15,20.0886,2.41,60.39,100,maynas_persiann_cdr_2000_2011.zip,CDR_20070715z.asc,True,1.0,2007-07-15
2007-07-16,4.0269,0.0,14.47,100,maynas_persiann_cdr_2000_2011.zip,CDR_20070716z.asc,True,1.0,2007-07-15
2007-07-17,3.3113000000000006,0.0,21.59,100,maynas_persiann_cdr_2000_2011.zip,CDR_20070717z.asc,True,1.0,2007-07-15
2007-07-18,0.6731999999999999,0.0,4.07,100,maynas_persiann_cdr_2000_2011.zip,CDR_20070718z.asc,True,0.0,2007-07-15
2007-07-19,16.402299999999997,1.39,54.78,100,maynas_persiann_cdr_2000_2011.zip,CDR_20070719z.asc,True,1.0,2007-07-15
2007-07-20,29.1124,5.84,67.03,100,maynas_persiann_cdr_2000_2011.zip,CDR_20070720z.asc,True,1.0,2007-07-15
2007-07-21,1.0719,0.0,11.0,100,maynas_persiann_cdr_2000_2011.zip,CDR_20070721z.asc,True,1.0,2007-07-15
2007-07-22,2.7603000000000004,0.0,23.84,100,maynas_persiann_cdr_2000_2011.zip,CDR_20070722z.asc,True,1.0,2007-07-22
2007-07-23,1.9567,0.0,13.94,100,maynas_persiann_cdr_2000_2011.zip,CDR_20070723z.asc,True,1.0,2007-07-22
2007-07-24,10.024399999999998,0.0,26.86,100,maynas_persiann_cdr_2000_2011.zip,CDR_20070724z.asc,True,1.0,2007-07-22
2007-07-25,29.019299999999998,11.02,73.28,100,maynas_persiann_cdr_2000_2011.zip,CDR_20070725z.asc,True,1.0,2007-07-22
2007-07-26,22.786400000000004,3.47,61.45,100,maynas_persiann_cdr_2000_2011.zip,CDR_20070726z.asc,True,1.0,2007-07-22
2007-07-27,10.092,0.61,56.53,100,maynas_persiann_cdr_2000_2011.zip,CDR_20070727z.asc,True,1.0,2007-07-22
2007-07-28,0.0,0.0,0.0,100,maynas_persiann_cdr_2000_2011.zip,CDR_20070728z.asc,True,0.0,2007-07-22
2007-07-29,0.0631,0.0,1.86,100,maynas_persiann_cdr_2000_2011.zip,CDR_20070729z.asc,True,0.0,2007-07-29
2007-07-30,0.08290000000000002,0.0,1.98,100,maynas_persiann_cdr_2000_2011.zip,CDR_20070730z.asc,True,0.0,2007-07-29
2007-07-31,0.0387,0.0,2.0,100,maynas_persiann_cdr_2000_2011.zip,CDR_20070731z.asc,True,0.0,2007-07-29
2007-08-01,0.058899999999999994,0.0,1.05,100,maynas_persiann_cdr_2000_2011.zip,CDR_20070801z.asc,True,0.0,2007-07-29
2007-08-02,0.41519999999999996,0.0,5.57,100,maynas_persiann_cdr_2000_2011.zip,CDR_20070802z.asc,True,0.0,2007-07-29
2007-08-03,1.9933999999999998,0.0,16.9,100,maynas_persiann_cdr_2000_2011.zip,CDR_20070803z.asc,True,1.0,2007-07-29
2007-08-04,25.186,4.84,53.32,100,maynas_persiann_cdr_2000_2011.zip,CDR_20070804z.asc,True,1.0,2007-07-29
2007-08-05,2.2833,0.0,9.09,100,maynas_persiann_cdr_2000_2011.zip,CDR_20070805z.asc,True,1.0,2007-08-05
2007-08-06,3.4389,0.0,21.7,100,maynas_persiann_cdr_2000_2011.zip,CDR_20070806z.asc,True,1.0,2007-08-05
2007-08-07,6.2437000000000005,0.0,17.73,100,maynas_persiann_cdr_2000_2011.zip,CDR_20070807z.asc,True,1.0,2007-08-05
2007-08-08,8.5513,1.29,27.08,100,maynas_persiann_cdr_2000_2011.zip,CDR_20070808z.asc,True,1.0,2007-08-05
2007-08-09,3.4159,0.0,16.48,100,maynas_persiann_cdr_2000_2011.zip,CDR_20070809z.asc,True,1.0,2007-08-05
2007-08-10,5.4243,0.0,24.36,100,maynas_persiann_cdr_2000_2011.zip,CDR_20070810z.asc,True,1.0,2007-08-05
2007-08-11,2.6633000000000004,0.0,13.08,100,maynas_persiann_cdr_2000_2011.zip,CDR_20070811z.asc,True,1.0,2007-08-05
2007-08-12,17.3718,2.27,42.08,100,maynas_persiann_cdr_2000_2011.zip,CDR_20070812z.asc,True,1.0,2007-08-12
2007-08-13,0.4254,0.0,7.08,100,maynas_persiann_cdr_2000_2011.zip,CDR_20070813z.asc,True,0.0,2007-08-12
2007-08-14,0.7184999999999999,0.0,7.95,100,maynas_persiann_cdr_2000_2011.zip,CDR_20070814z.asc,True,0.0,2007-08-12
2007-08-15,8.551499999999999,0.0,32.48,100,maynas_persiann_cdr_2000_2011.zip,CDR_20070815z.asc,True,1.0,2007-08-12
2007-08-16,4.3946000000000005,0.0,27.36,100,maynas_persiann_cdr_2000_2011.zip,CDR_20070816z.asc,True,1.0,2007-08-12
2007-08-17,4.3018,0.0,14.81,100,maynas_persiann_cdr_2000_2011.zip,CDR_20070817z.asc,True,1.0,2007-08-12
2007-08-18,3.3320999999999996,0.0,42.37,100,maynas_persiann_cdr_2000_2011.zip,CDR_20070818z.asc,True,1.0,2007-08-12
2007-08-19,0.2953,0.0,4.05,100,maynas_persiann_cdr_2000_2011.zip,CDR_20070819z.asc,True,0.0,2007-08-19
2007-08-20,1.7473,0.0,17.0,100,maynas_persiann_cdr_2000_2011.zip,CDR_20070820z.asc,True,1.0,2007-08-19
2007-08-21,4.223299999999999,0.0,27.59,100,maynas_persiann_cdr_2000_2011.zip,CDR_20070821z.asc,True,1.0,2007-08-19
2007-08-22,0.2613,0.0,3.29,100,maynas_persiann_cdr_2000_2011.zip,CDR_20070822z.asc,True,0.0,2007-08-19
2007-08-23,0.5862999999999999,0.0,4.53,100,maynas_persiann_cdr_2000_2011.zip,CDR_20070823z.asc,True,0.0,2007-08-19
2007-08-24,0.17170000000000002,0.0,4.76,100,maynas_persiann_cdr_2000_2011.zip,CDR_20070824z.asc,True,0.0,2007-08-19
2007-08-25,1.5291,0.0,12.43,100,maynas_persiann_cdr_2000_2011.zip,CDR_20070825z.asc,True,1.0,2007-08-19
2007-08-26,12.0177,0.0,36.0,100,maynas_persiann_cdr_2000_2011.zip,CDR_20070826z.asc,True,1.0,2007-08-26
2007-08-27,9.8626,0.0,33.38,100,maynas_persiann_cdr_2000_2011.zip,CDR_20070827z.asc,True,1.0,2007-08-26
2007-08-28,28.197799999999997,7.28,68.45,100,maynas_persiann_cdr_2000_2011.zip,CDR_20070828z.asc,True,1.0,2007-08-26
2007-08-29,37.69859999999999,5.97,62.43,100,maynas_persiann_cdr_2000_2011.zip,CDR_20070829z.asc,True,1.0,2007-08-26
2007-08-30,0.7317,0.0,4.01,100,maynas_persiann_cdr_2000_2011.zip,CDR_20070830z.asc,True,0.0,2007-08-26
2007-08-31,6.1402,0.0,23.81,100,maynas_persiann_cdr_2000_2011.zip,CDR_20070831z.asc,True,1.0,2007-08-26
2007-09-01,3.7166999999999994,0.0,23.1,100,maynas_persiann_cdr_2000_2011.zip,CDR_20070901z.asc,True,1.0,2007-08-26
2007-09-02,6.1211,0.0,24.71,100,maynas_persiann_cdr_2000_2011.zip,CDR_20070902z.asc,True,1.0,2007-09-02
2007-09-03,4.4845,0.0,28.77,100,maynas_persiann_cdr_2000_2011.zip,CDR_20070903z.asc,True,1.0,2007-09-02
2007-09-04,12.491,0.0,33.28,100,maynas_persiann_cdr_2000_2011.zip,CDR_20070904z.asc,True,1.0,2007-09-02
2007-09-05,13.1917,1.73,31.87,100,maynas_persiann_cdr_2000_2011.zip,CDR_20070905z.asc,True,1.0,2007-09-02
2007-09-06,10.420399999999999,0.69,49.03,100,maynas_persiann_cdr_2000_2011.zip,CDR_20070906z.asc,True,1.0,2007-09-02
2007-09-07,4.389399999999999,0.0,22.85,100,maynas_persiann_cdr_2000_2011.zip,CDR_20070907z.asc,True,1.0,2007-09-02
2007-09-08,2.2326,0.0,14.31,100,maynas_persiann_cdr_2000_2011.zip,CDR_20070908z.asc,True,1.0,2007-09-02
2007-09-09,7.8465,0.0,39.51,100,maynas_persiann_cdr_2000_2011.zip,CDR_20070909z.asc,True,1.0,2007-09-09
2007-09-10,13.741700000000002,1.2,47.1,100,maynas_persiann_cdr_2000_2011.zip,CDR_20070910z.asc,True,1.0,2007-09-09
2007-09-11,8.8912,0.0,38.95,100,maynas_persiann_cdr_2000_2011.zip,CDR_20070911z.asc,True,1.0,2007-09-09
2007-09-12,3.7190999999999996,0.0,19.81,100,maynas_persiann_cdr_2000_2011.zip,CDR_20070912z.asc,True,1.0,2007-09-09
2007-09-13,6.0966000000000005,0.96,17.48,100,maynas_persiann_cdr_2000_2011.zip,CDR_20070913z.asc,True,1.0,2007-09-09
2007-09-14,0.9078,0.0,7.41,100,maynas_persiann_cdr_2000_2011.zip,CDR_20070914z.asc,True,0.0,2007-09-09
2007-09-15,13.5942,0.0,39.92,100,maynas_persiann_cdr_2000_2011.zip,CDR_20070915z.asc,True,1.0,2007-09-09
2007-09-16,12.6829,0.0,38.34,100,maynas_persiann_cdr_2000_2011.zip,CDR_20070916z.asc,True,1.0,2007-09-16
2007-09-17,1.6474000000000002,0.0,9.04,100,maynas_persiann_cdr_2000_2011.zip,CDR_20070917z.asc,True,1.0,2007-09-16
2007-09-18,5.379599999999999,0.0,30.15,100,maynas_persiann_cdr_2000_2011.zip,CDR_20070918z.asc,True,1.0,2007-09-16
2007-09-19,5.2363,0.0,33.57,100,maynas_persiann_cdr_2000_2011.zip,CDR_20070919z.asc,True,1.0,2007-09-16
2007-09-20,14.8859,2.28,36.88,100,maynas_persiann_cdr_2000_2011.zip,CDR_20070920z.asc,True,1.0,2007-09-16
2007-09-21,14.419500000000001,1.83,41.26,100,maynas_persiann_cdr_2000_2011.zip,CDR_20070921z.asc,True,1.0,2007-09-16
2007-09-22,4.9606,0.0,41.94,100,maynas_persiann_cdr_2000_2011.zip,CDR_20070922z.asc,True,1.0,2007-09-16
2007-09-23,1.4548,0.0,9.88,100,maynas_persiann_cdr_2000_2011.zip,CDR_20070923z.asc,True,1.0,2007-09-23
2007-09-24,3.8569,0.0,14.63,100,maynas_persiann_cdr_2000_2011.zip,CDR_20070924z.asc,True,1.0,2007-09-23
2007-09-25,31.2102,8.14,63.75,100,maynas_persiann_cdr_2000_2011.zip,CDR_20070925z.asc,True,1.0,2007-09-23
2007-09-26,1.516,0.0,7.95,100,maynas_persiann_cdr_2000_2011.zip,CDR_20070926z.asc,True,1.0,2007-09-23
2007-09-27,1.2977,0.0,7.94,100,maynas_persiann_cdr_2000_2011.zip,CDR_20070927z.asc,True,1.0,2007-09-23
2007-09-28,7.5213,0.0,36.44,100,maynas_persiann_cdr_2000_2011.zip,CDR_20070928z.asc,True,1.0,2007-09-23
2007-09-29,19.7288,4.07,50.97,100,maynas_persiann_cdr_2000_2011.zip,CDR_20070929z.asc,True,1.0,2007-09-23
2007-09-30,5.567900000000001,0.62,23.23,100,maynas_persiann_cdr_2000_2011.zip,CDR_20070930z.asc,True,1.0,2007-09-30
2007-10-01,1.2947,0.0,5.2,100,maynas_persiann_cdr_2000_2011.zip,CDR_20071001z.asc,True,1.0,2007-09-30
2007-10-02,3.1892,0.0,8.02,100,maynas_persiann_cdr_2000_2011.zip,CDR_20071002z.asc,True,1.0,2007-09-30
2007-10-03,2.9813,0.0,16.73,100,maynas_persiann_cdr_2000_2011.zip,CDR_20071003z.asc,True,1.0,2007-09-30
2007-10-04,9.124900000000002,0.0,35.18,100,maynas_persiann_cdr_2000_2011.zip,CDR_20071004z.asc,True,1.0,2007-09-30
2007-10-05,3.3253000000000004,0.0,13.72,100,maynas_persiann_cdr_2000_2011.zip,CDR_20071005z.asc,True,1.0,2007-09-30
2007-10-06,7.8596,0.0,24.41,100,maynas_persiann_cdr_2000_2011.zip,CDR_20071006z.asc,True,1.0,2007-09-30
2007-10-07,15.2721,2.37,37.94,100,maynas_persiann_cdr_2000_2011.zip,CDR_20071007z.asc,True,1.0,2007-10-07
2007-10-08,13.9678,2.97,37.12,100,maynas_persiann_cdr_2000_2011.zip,CDR_20071008z.asc,True,1.0,2007-10-07
2007-10-09,16.050200000000004,5.42,38.99,100,maynas_persiann_cdr_2000_2011.zip,CDR_20071009z.asc,True,1.0,2007-10-07
2007-10-10,0.8561,0.0,9.87,100,maynas_persiann_cdr_2000_2011.zip,CDR_20071010z.asc,True,0.0,2007-10-07
2007-10-11,2.9828,0.0,14.62,100,maynas_persiann_cdr_2000_2011.zip,CDR_20071011z.asc,True,1.0,2007-10-07
2007-10-12,3.603800000000001,0.0,23.78,100,maynas_persiann_cdr_2000_2011.zip,CDR_20071012z.asc,True,1.0,2007-10-07
2007-10-13,22.19430000000001,6.9,55.85,100,maynas_persiann_cdr_2000_2011.zip,CDR_20071013z.asc,True,1.0,2007-10-07
2007-10-14,12.870899999999999,1.69,33.01,100,maynas_persiann_cdr_2000_2011.zip,CDR_20071014z.asc,True,1.0,2007-10-14
2007-10-15,21.658700000000003,5.07,39.74,100,maynas_persiann_cdr_2000_2011.zip,CDR_20071015z.asc,True,1.0,2007-10-14
2007-10-16,20.867200000000004,10.68,33.42,100,maynas_persiann_cdr_2000_2011.zip,CDR_20071016z.asc,True,1.0,2007-10-14
2007-10-17,2.9563,0.0,10.52,100,maynas_persiann_cdr_2000_2011.zip,CDR_20071017z.asc,True,1.0,2007-10-14
2007-10-18,14.9937,2.11,40.46,100,maynas_persiann_cdr_2000_2011.zip,CDR_20071018z.asc,True,1.0,2007-10-14
2007-10-19,16.2704,3.35,31.47,100,maynas_persiann_cdr_2000_2011.zip,CDR_20071019z.asc,True,1.0,2007-10-14
2007-10-20,15.852199999999998,1.61,42.86,100,maynas_persiann_cdr_2000_2011.zip,CDR_20071020z.asc,True,1.0,2007-10-14
2007-10-21,2.7486000000000006,0.0,19.25,100,maynas_persiann_cdr_2000_2011.zip,CDR_20071021z.asc,True,1.0,2007-10-21
2007-10-22,13.5837,3.08,49.57,100,maynas_persiann_cdr_2000_2011.zip,CDR_20071022z.asc,True,1.0,2007-10-21
2007-10-23,2.7251999999999996,0.0,10.74,100,maynas_persiann_cdr_2000_2011.zip,CDR_20071023z.asc,True,1.0,2007-10-21
2007-10-24,10.6511,3.18,20.29,100,maynas_persiann_cdr_2000_2011.zip,CDR_20071024z.asc,True,1.0,2007-10-21
2007-10-25,1.5328,0.0,10.19,100,maynas_persiann_cdr_2000_2011.zip,CDR_20071025z.asc,True,1.0,2007-10-21
2007-10-26,3.1206,0.0,13.8,100,maynas_persiann_cdr_2000_2011.zip,CDR_20071026z.asc,True,1.0,2007-10-21
2007-10-27,3.7914,0.0,15.43,100,maynas_persiann_cdr_2000_2011.zip,CDR_20071027z.asc,True,1.0,2007-10-21
2007-10-28,15.750400000000003,1.02,40.97,100,maynas_persiann_cdr_2000_2011.zip,CDR_20071028z.asc,True,1.0,2007-10-28
2007-10-29,20.933899999999998,6.91,48.76,100,maynas_persiann_cdr_2000_2011.zip,CDR_20071029z.asc,True,1.0,2007-10-28
2007-10-30,2.5473,0.0,19.33,100,maynas_persiann_cdr_2000_2011.zip,CDR_20071030z.asc,True,1.0,2007-10-28
2007-10-31,3.1212,0.0,14.02,100,maynas_persiann_cdr_2000_2011.zip,CDR_20071031z.asc,True,1.0,2007-10-28
2007-11-01,0.1334,0.0,2.28,100,maynas_persiann_cdr_2000_2011.zip,CDR_20071101z.asc,True,0.0,2007-10-28
2007-11-02,0.8972000000000001,0.0,10.61,100,maynas_persiann_cdr_2000_2011.zip,CDR_20071102z.asc,True,0.0,2007-10-28
2007-11-03,14.918300000000002,0.0,46.99,100,maynas_persiann_cdr_2000_2011.zip,CDR_20071103z.asc,True,1.0,2007-10-28
2007-11-04,60.84290000000001,19.05,98.79,100,maynas_persiann_cdr_2000_2011.zip,CDR_20071104z.asc,True,1.0,2007-11-04
2007-11-05,17.2628,0.0,55.77,100,maynas_persiann_cdr_2000_2011.zip,CDR_20071105z.asc,True,1.0,2007-11-04
2007-11-06,11.220899999999999,0.0,31.77,100,maynas_persiann_cdr_2000_2011.zip,CDR_20071106z.asc,True,1.0,2007-11-04
2007-11-07,20.3515,2.79,56.69,100,maynas_persiann_cdr_2000_2011.zip,CDR_20071107z.asc,True,1.0,2007-11-04
2007-11-08,3.2387999999999995,0.55,18.37,100,maynas_persiann_cdr_2000_2011.zip,CDR_20071108z.asc,True,1.0,2007-11-04
2007-11-09,13.024299999999998,0.0,38.14,100,maynas_persiann_cdr_2000_2011.zip,CDR_20071109z.asc,True,1.0,2007-11-04
2007-11-10,16.464199999999998,1.6,31.59,100,maynas_persiann_cdr_2000_2011.zip,CDR_20071110z.asc,True,1.0,2007-11-04
2007-11-11,11.0227,1.94,37.97,100,maynas_persiann_cdr_2000_2011.zip,CDR_20071111z.asc,True,1.0,2007-11-11
2007-11-12,19.765,2.72,40.28,100,maynas_persiann_cdr_2000_2011.zip,CDR_20071112z.asc,True,1.0,2007-11-11
2007-11-13,12.4365,2.83,29.14,100,maynas_persiann_cdr_2000_2011.zip,CDR_20071113z.asc,True,1.0,2007-11-11
2007-11-14,17.288,4.93,38.22,100,maynas_persiann_cdr_2000_2011.zip,CDR_20071114z.asc,True,1.0,2007-11-11
2007-11-15,12.5022,0.97,35.94,100,maynas_persiann_cdr_2000_2011.zip,CDR_20071115z.asc,True,1.0,2007-11-11
2007-11-16,5.3252999999999995,0.0,18.28,100,maynas_persiann_cdr_2000_2011.zip,CDR_20071116z.asc,True,1.0,2007-11-11
2007-11-17,9.0256,0.0,41.92,100,maynas_persiann_cdr_2000_2011.zip,CDR_20071117z.asc,True,1.0,2007-11-11
2007-11-18,1.9526000000000001,0.0,12.14,100,maynas_persiann_cdr_2000_2011.zip,CDR_20071118z.asc,True,1.0,2007-11-18
2007-11-19,1.5552999999999997,0.0,8.76,100,maynas_persiann_cdr_2000_2011.zip,CDR_20071119z.asc,True,1.0,2007-11-18
2007-11-20,12.493999999999998,0.0,42.16,100,maynas_persiann_cdr_2000_2011.zip,CDR_20071120z.asc,True,1.0,2007-11-18
2007-11-21,21.5198,4.54,46.88,100,maynas_persiann_cdr_2000_2011.zip,CDR_20071121z.asc,True,1.0,2007-11-18
2007-11-22,15.185800000000002,0.75,39.16,100,maynas_persiann_cdr_2000_2011.zip,CDR_20071122z.asc,True,1.0,2007-11-18
2007-11-23,2.2806,0.0,21.0,100,maynas_persiann_cdr_2000_2011.zip,CDR_20071123z.asc,True,1.0,2007-11-18
2007-11-24,5.9198,0.0,21.32,100,maynas_persiann_cdr_2000_2011.zip,CDR_20071124z.asc,True,1.0,2007-11-18
2007-11-25,23.406600000000005,1.69,55.68,100,maynas_persiann_cdr_2000_2011.zip,CDR_20071125z.asc,True,1.0,2007-11-25
2007-11-26,28.2287,4.95,69.78,100,maynas_persiann_cdr_2000_2011.zip,CDR_20071126z.asc,True,1.0,2007-11-25
2007-11-27,9.0287,0.0,29.71,100,maynas_persiann_cdr_2000_2011.zip,CDR_20071127z.asc,True,1.0,2007-11-25
2007-11-28,5.687099999999999,0.0,17.73,100,maynas_persiann_cdr_2000_2011.zip,CDR_20071128z.asc,True,1.0,2007-11-25
2007-11-29,2.7196000000000002,0.0,12.42,100,maynas_persiann_cdr_2000_2011.zip,CDR_20071129z.asc,True,1.0,2007-11-25
2007-11-30,6.7676,0.0,44.36,100,maynas_persiann_cdr_2000_2011.zip,CDR_20071130z.asc,True,1.0,2007-11-25
2007-12-01,13.7453,0.0,41.29,100,maynas_persiann_cdr_2000_2011.zip,CDR_20071201z.asc,True,1.0,2007-11-25
2007-12-02,0.8365999999999998,0.0,8.44,100,maynas_persiann_cdr_2000_2011.zip,CDR_20071202z.asc,True,0.0,2007-12-02
2007-12-03,1.107,0.0,15.96,100,maynas_persiann_cdr_2000_2011.zip,CDR_20071203z.asc,True,1.0,2007-12-02
2007-12-04,0.42090000000000005,0.0,7.56,100,maynas_persiann_cdr_2000_2011.zip,CDR_20071204z.asc,True,0.0,2007-12-02
2007-12-05,0.0,0.0,0.0,100,maynas_persiann_cdr_2000_2011.zip,CDR_20071205z.asc,True,0.0,2007-12-02
2007-12-06,1.9512000000000003,0.0,9.68,100,maynas_persiann_cdr_2000_2011.zip,CDR_20071206z.asc,True,1.0,2007-12-02
2007-12-07,10.405899999999999,3.38,21.24,100,maynas_persiann_cdr_2000_2011.zip,CDR_20071207z.asc,True,1.0,2007-12-02
2007-12-08,10.0364,0.0,42.62,100,maynas_persiann_cdr_2000_2011.zip,CDR_20071208z.asc,True,1.0,2007-12-02
2007-12-09,15.406500000000001,0.0,47.05,100,maynas_persiann_cdr_2000_2011.zip,CDR_20071209z.asc,True,1.0,2007-12-09
2007-12-10,1.1188,0.0,5.66,100,maynas_persiann_cdr_2000_2011.zip,CDR_20071210z.asc,True,1.0,2007-12-09
2007-12-11,6.134100000000001,1.4,17.84,100,maynas_persiann_cdr_2000_2011.zip,CDR_20071211z.asc,True,1.0,2007-12-09
2007-12-12,14.591499999999996,0.6,36.06,100,maynas_persiann_cdr_2000_2011.zip,CDR_20071212z.asc,True,1.0,2007-12-09
2007-12-13,4.1471,0.0,19.28,100,maynas_persiann_cdr_2000_2011.zip,CDR_20071213z.asc,True,1.0,2007-12-09
2007-12-14,19.0655,2.33,54.83,100,maynas_persiann_cdr_2000_2011.zip,CDR_20071214z.asc,True,1.0,2007-12-09
2007-12-15,12.056700000000001,0.98,29.29,100,maynas_persiann_cdr_2000_2011.zip,CDR_20071215z.asc,True,1.0,2007-12-09
2007-12-16,9.3587,1.51,30.54,100,maynas_persiann_cdr_2000_2011.zip,CDR_20071216z.asc,True,1.0,2007-12-16
2007-12-17,44.056000000000004,9.4,72.75,100,maynas_persiann_cdr_2000_2011.zip,CDR_20071217z.asc,True,1.0,2007-12-16
2007-12-18,7.6898,0.0,29.39,100,maynas_persiann_cdr_2000_2011.zip,CDR_20071218z.asc,True,1.0,2007-12-16
2007-12-19,0.7210999999999999,0.0,8.51,100,maynas_persiann_cdr_2000_2011.zip,CDR_20071219z.asc,True,0.0,2007-12-16
2007-12-20,15.7606,0.0,46.18,100,maynas_persiann_cdr_2000_2011.zip,CDR_20071220z.asc,True,1.0,2007-12-16
2007-12-21,23.016199999999998,2.19,50.78,100,maynas_persiann_cdr_2000_2011.zip,CDR_20071221z.asc,True,1.0,2007-12-16
2007-12-22,10.009899999999998,2.97,30.03,100,maynas_persiann_cdr_2000_2011.zip,CDR_20071222z.asc,True,1.0,2007-12-16
2007-12-23,4.3215,0.0,20.55,100,maynas_persiann_cdr_2000_2011.zip,CDR_20071223z.asc,True,1.0,2007-12-23
2007-12-24,17.5708,2.4,46.91,100,maynas_persiann_cdr_2000_2011.zip,CDR_20071224z.asc,True,1.0,2007-12-23
2007-12-25,11.9396,1.67,34.81,100,maynas_persiann_cdr_2000_2011.zip,CDR_20071225z.asc,True,1.0,2007-12-23
2007-12-26,17.5467,1.68,41.02,100,maynas_persiann_cdr_2000_2011.zip,CDR_20071226z.asc,True,1.0,2007-12-23
2007-12-27,9.943200000000001,0.0,38.53,100,maynas_persiann_cdr_2000_2011.zip,CDR_20071227z.asc,True,1.0,2007-12-23
2007-12-28,11.8762,0.89,39.42,100,maynas_persiann_cdr_2000_2011.zip,CDR_20071228z.asc,True,1.0,2007-12-23
2007-12-29,19.6278,5.14,48.76,100,maynas_persiann_cdr_2000_2011.zip,CDR_20071229z.asc,True,1.0,2007-12-23
2007-12-30,16.755300000000002,5.71,32.4,100,maynas_persiann_cdr_2000_2011.zip,CDR_20071230z.asc,True,1.0,2007-12-30
2007-12-31,11.536899999999997,0.63,24.94,100,maynas_persiann_cdr_2000_2011.zip,CDR_20071231z.asc,True,1.0,2007-12-30
2008-01-01,1.6232,0.0,15.31,100,maynas_persiann_cdr_2000_2011.zip,CDR_20080101z.asc,True,1.0,2007-12-30
2008-01-02,0.16829999999999998,0.0,3.77,100,maynas_persiann_cdr_2000_2011.zip,CDR_20080102z.asc,True,0.0,2007-12-30
2008-01-03,1.2211999999999998,0.0,6.85,100,maynas_persiann_cdr_2000_2011.zip,CDR_20080103z.asc,True,1.0,2007-12-30
2008-01-04,3.4173999999999993,0.0,16.36,100,maynas_persiann_cdr_2000_2011.zip,CDR_20080104z.asc,True,1.0,2007-12-30
2008-01-05,17.107899999999997,0.0,59.37,100,maynas_persiann_cdr_2000_2011.zip,CDR_20080105z.asc,True,1.0,2007-12-30
2008-01-06,4.1682999999999995,0.0,14.69,100,maynas_persiann_cdr_2000_2011.zip,CDR_20080106z.asc,True,1.0,2008-01-06
2008-01-07,17.0773,6.77,33.54,100,maynas_persiann_cdr_2000_2011.zip,CDR_20080107z.asc,True,1.0,2008-01-06
2008-01-08,3.9011999999999993,0.0,15.63,100,maynas_persiann_cdr_2000_2011.zip,CDR_20080108z.asc,True,1.0,2008-01-06
2008-01-09,2.3870999999999998,0.0,13.72,100,maynas_persiann_cdr_2000_2011.zip,CDR_20080109z.asc,True,1.0,2008-01-06
2008-01-10,3.2400999999999995,0.0,26.54,100,maynas_persiann_cdr_2000_2011.zip,CDR_20080110z.asc,True,1.0,2008-01-06
2008-01-11,0.6165,0.0,7.28,100,maynas_persiann_cdr_2000_2011.zip,CDR_20080111z.asc,True,0.0,2008-01-06
2008-01-12,22.538299999999996,0.0,69.99,100,maynas_persiann_cdr_2000_2011.zip,CDR_20080112z.asc,True,1.0,2008-01-06
2008-01-13,22.262199999999996,2.42,56.08,100,maynas_persiann_cdr_2000_2011.zip,CDR_20080113z.asc,True,1.0,2008-01-13
2008-01-14,19.0684,5.67,39.7,100,maynas_persiann_cdr_2000_2011.zip,CDR_20080114z.asc,True,1.0,2008-01-13
2008-01-15,43.1915,18.8,72.19,100,maynas_persiann_cdr_2000_2011.zip,CDR_20080115z.asc,True,1.0,2008-01-13
2008-01-16,12.455700000000002,2.94,27.8,100,maynas_persiann_cdr_2000_2011.zip,CDR_20080116z.asc,True,1.0,2008-01-13
2008-01-17,4.5871,0.0,22.11,100,maynas_persiann_cdr_2000_2011.zip,CDR_20080117z.asc,True,1.0,2008-01-13
2008-01-18,7.6051,0.0,27.05,100,maynas_persiann_cdr_2000_2011.zip,CDR_20080118z.asc,True,1.0,2008-01-13
2008-01-19,1.8172,0.0,10.1,100,maynas_persiann_cdr_2000_2011.zip,CDR_20080119z.asc,True,1.0,2008-01-13
2008-01-20,19.6246,7.46,47.1,100,maynas_persiann_cdr_2000_2011.zip,CDR_20080120z.asc,True,1.0,2008-01-20
2008-01-21,3.7407999999999997,0.0,18.93,100,maynas_persiann_cdr_2000_2011.zip,CDR_20080121z.asc,True,1.0,2008-01-20
2008-01-22,6.4389,0.0,31.82,100,maynas_persiann_cdr_2000_2011.zip,CDR_20080122z.asc,True,1.0,2008-01-20
2008-01-23,9.680500000000002,0.0,46.22,100,maynas_persiann_cdr_2000_2011.zip,CDR_20080123z.asc,True,1.0,2008-01-20
2008-01-24,15.9851,0.0,62.82,100,maynas_persiann_cdr_2000_2011.zip,CDR_20080124z.asc,True,1.0,2008-01-20
2008-01-25,23.794500000000003,0.91,42.42,100,maynas_persiann_cdr_2000_2011.zip,CDR_20080125z.asc,True,1.0,2008-01-20
2008-01-26,23.64,3.04,58.18,100,maynas_persiann_cdr_2000_2011.zip,CDR_20080126z.asc,True,1.0,2008-01-20
2008-01-27,9.579500000000001,0.0,29.88,100,maynas_persiann_cdr_2000_2011.zip,CDR_20080127z.asc,True,1.0,2008-01-27
2008-01-28,2.2081,0.0,14.19,100,maynas_persiann_cdr_2000_2011.zip,CDR_20080128z.asc,True,1.0,2008-01-27
2008-01-29,1.4841000000000002,0.0,11.83,100,maynas_persiann_cdr_2000_2011.zip,CDR_20080129z.asc,True,1.0,2008-01-27
2008-01-30,8.952300000000001,0.0,32.1,100,maynas_persiann_cdr_2000_2011.zip,CDR_20080130z.asc,True,1.0,2008-01-27
2008-01-31,8.724499999999999,0.0,18.57,100,maynas_persiann_cdr_2000_2011.zip,CDR_20080131z.asc,True,1.0,2008-01-27
2008-02-01,0.9300999999999999,0.0,6.37,100,maynas_persiann_cdr_2000_2011.zip,CDR_20080201z.asc,True,0.0,2008-01-27
2008-02-02,0.025,0.0,1.5,100,maynas_persiann_cdr_2000_2011.zip,CDR_20080202z.asc,True,0.0,2008-01-27
2008-02-03,0.33599999999999997,0.0,8.78,100,maynas_persiann_cdr_2000_2011.zip,CDR_20080203z.asc,True,0.0,2008-02-03
2008-02-04,1.2406,0.0,5.39,100,maynas_persiann_cdr_2000_2011.zip,CDR_20080204z.asc,True,1.0,2008-02-03
2008-02-05,1.1162999999999998,0.0,12.55,100,maynas_persiann_cdr_2000_2011.zip,CDR_20080205z.asc,True,1.0,2008-02-03
2008-02-06,0.3993,0.0,5.13,100,maynas_persiann_cdr_2000_2011.zip,CDR_20080206z.asc,True,0.0,2008-02-03
2008-02-07,7.334200000000001,0.0,41.2,100,maynas_persiann_cdr_2000_2011.zip,CDR_20080207z.asc,True,1.0,2008-02-03
2008-02-08,4.1137,0.0,31.42,100,maynas_persiann_cdr_2000_2011.zip,CDR_20080208z.asc,True,1.0,2008-02-03
2008-02-09,14.434200000000002,2.6,53.21,100,maynas_persiann_cdr_2000_2011.zip,CDR_20080209z.asc,True,1.0,2008-02-03
2008-02-10,9.599400000000001,0.0,45.42,100,maynas_persiann_cdr_2000_2011.zip,CDR_20080210z.asc,True,1.0,2008-02-10
2008-02-11,13.184199999999999,5.2,30.58,100,maynas_persiann_cdr_2000_2011.zip,CDR_20080211z.asc,True,1.0,2008-02-10
2008-02-12,5.9084,0.71,17.63,100,maynas_persiann_cdr_2000_2011.zip,CDR_20080212z.asc,True,1.0,2008-02-10
2008-02-13,6.199900000000001,0.0,21.49,100,maynas_persiann_cdr_2000_2011.zip,CDR_20080213z.asc,True,1.0,2008-02-10
2008-02-14,7.0286,0.0,17.8,100,maynas_persiann_cdr_2000_2011.zip,CDR_20080214z.asc,True,1.0,2008-02-10
2008-02-15,14.385700000000002,0.0,33.56,100,maynas_persiann_cdr_2000_2011.zip,CDR_20080215z.asc,True,1.0,2008-02-10
2008-02-16,10.865699999999999,0.0,37.82,100,maynas_persiann_cdr_2000_2011.zip,CDR_20080216z.asc,True,1.0,2008-02-10
2008-02-17,12.3673,1.7,38.95,100,maynas_persiann_cdr_2000_2011.zip,CDR_20080217z.asc,True,1.0,2008-02-17
2008-02-18,45.40359999999999,12.87,69.53,100,maynas_persiann_cdr_2000_2011.zip,CDR_20080218z.asc,True,1.0,2008-02-17
2008-02-19,9.384400000000001,0.0,34.41,100,maynas_persiann_cdr_2000_2011.zip,CDR_20080219z.asc,True,1.0,2008-02-17
2008-02-20,26.353299999999994,7.28,52.9,100,maynas_persiann_cdr_2000_2011.zip,CDR_20080220z.asc,True,1.0,2008-02-17
2008-02-21,17.3541,0.63,39.31,100,maynas_persiann_cdr_2000_2011.zip,CDR_20080221z.asc,True,1.0,2008-02-17
2008-02-22,14.006699999999997,0.0,47.3,100,maynas_persiann_cdr_2000_2011.zip,CDR_20080222z.asc,True,1.0,2008-02-17
2008-02-23,32.5535,10.45,58.08,100,maynas_persiann_cdr_2000_2011.zip,CDR_20080223z.asc,True,1.0,2008-02-17
2008-02-24,6.4294,0.0,28.71,100,maynas_persiann_cdr_2000_2011.zip,CDR_20080224z.asc,True,1.0,2008-02-24
2008-02-25,5.356699999999998,0.0,21.25,100,maynas_persiann_cdr_2000_2011.zip,CDR_20080225z.asc,True,1.0,2008-02-24
2008-02-26,16.455599999999997,4.17,41.1,100,maynas_persiann_cdr_2000_2011.zip,CDR_20080226z.asc,True,1.0,2008-02-24
2008-02-27,31.998099999999994,12.66,55.26,100,maynas_persiann_cdr_2000_2011.zip,CDR_20080227z.asc,True,1.0,2008-02-24
2008-02-28,45.43119999999999,22.09,71.66,100,maynas_persiann_cdr_2000_2011.zip,CDR_20080228z.asc,True,1.0,2008-02-24
2008-02-29,15.089899999999998,0.95,41.22,100,maynas_persiann_cdr_2000_2011.zip,CDR_20080229z.asc,True,1.0,2008-02-24
2008-03-01,5.1575999999999995,0.0,19.65,100,maynas_persiann_cdr_2000_2011.zip,CDR_20080301z.asc,True,1.0,2008-02-24
2008-03-02,1.4281,0.0,11.12,100,maynas_persiann_cdr_2000_2011.zip,CDR_20080302z.asc,True,1.0,2008-03-02
2008-03-03,18.267,1.26,70.61,100,maynas_persiann_cdr_2000_2011.zip,CDR_20080303z.asc,True,1.0,2008-03-02
2008-03-04,11.6552,1.62,34.11,100,maynas_persiann_cdr_2000_2011.zip,CDR_20080304z.asc,True,1.0,2008-03-02
2008-03-05,2.3486000000000002,0.0,13.7,100,maynas_persiann_cdr_2000_2011.zip,CDR_20080305z.asc,True,1.0,2008-03-02
2008-03-06,9.4939,1.13,21.56,100,maynas_persiann_cdr_2000_2011.zip,CDR_20080306z.asc,True,1.0,2008-03-02
2008-03-07,16.970599999999997,2.21,42.58,100,maynas_persiann_cdr_2000_2011.zip,CDR_20080307z.asc,True,1.0,2008-03-02
2008-03-08,24.4854,1.16,48.19,100,maynas_persiann_cdr_2000_2011.zip,CDR_20080308z.asc,True,1.0,2008-03-02
2008-03-09,31.707000000000004,13.76,60.74,100,maynas_persiann_cdr_2000_2011.zip,CDR_20080309z.asc,True,1.0,2008-03-09
2008-03-10,1.3335,0.0,3.29,100,maynas_persiann_cdr_2000_2011.zip,CDR_20080310z.asc,True,1.0,2008-03-09
2008-03-11,2.0826000000000002,0.0,12.22,100,maynas_persiann_cdr_2000_2011.zip,CDR_20080311z.asc,True,1.0,2008-03-09
2008-03-12,27.109400000000004,4.52,63.86,100,maynas_persiann_cdr_2000_2011.zip,CDR_20080312z.asc,True,1.0,2008-03-09
2008-03-13,2.7832,0.0,13.33,100,maynas_persiann_cdr_2000_2011.zip,CDR_20080313z.asc,True,1.0,2008-03-09
2008-03-14,3.4503000000000004,0.0,12.92,100,maynas_persiann_cdr_2000_2011.zip,CDR_20080314z.asc,True,1.0,2008-03-09
2008-03-15,16.4095,2.9,34.26,100,maynas_persiann_cdr_2000_2011.zip,CDR_20080315z.asc,True,1.0,2008-03-09
2008-03-16,8.332,1.32,24.11,100,maynas_persiann_cdr_2000_2011.zip,CDR_20080316z.asc,True,1.0,2008-03-16
2008-03-17,5.636099999999999,0.48,16.08,100,maynas_persiann_cdr_2000_2011.zip,CDR_20080317z.asc,True,1.0,2008-03-16
2008-03-18,2.7940000000000005,0.0,11.46,100,maynas_persiann_cdr_2000_2011.zip,CDR_20080318z.asc,True,1.0,2008-03-16
2008-03-19,7.192,0.63,20.6,100,maynas_persiann_cdr_2000_2011.zip,CDR_20080319z.asc,True,1.0,2008-03-16
2008-03-20,0.8464,0.0,3.49,100,maynas_persiann_cdr_2000_2011.zip,CDR_20080320z.asc,True,0.0,2008-03-16
2008-03-21,12.004199999999999,2.88,35.06,100,maynas_persiann_cdr_2000_2011.zip,CDR_20080321z.asc,True,1.0,2008-03-16
2008-03-22,7.707800000000001,1.95,23.41,100,maynas_persiann_cdr_2000_2011.zip,CDR_20080322z.asc,True,1.0,2008-03-16
2008-03-23,4.6179,0.0,24.58,100,maynas_persiann_cdr_2000_2011.zip,CDR_20080323z.asc,True,1.0,2008-03-23
2008-03-24,13.6025,2.98,30.38,100,maynas_persiann_cdr_2000_2011.zip,CDR_20080324z.asc,True,1.0,2008-03-23
2008-03-25,0.43079999999999996,0.0,3.35,100,maynas_persiann_cdr_2000_2011.zip,CDR_20080325z.asc,True,0.0,2008-03-23
2008-03-26,6.059,0.0,36.36,100,maynas_persiann_cdr_2000_2011.zip,CDR_20080326z.asc,True,1.0,2008-03-23
2008-03-27,3.0002999999999997,0.0,20.03,100,maynas_persiann_cdr_2000_2011.zip,CDR_20080327z.asc,True,1.0,2008-03-23
2008-03-28,7.4575,0.0,51.82,100,maynas_persiann_cdr_2000_2011.zip,CDR_20080328z.asc,True,1.0,2008-03-23
2008-03-29,50.2747,13.75,95.97,100,maynas_persiann_cdr_2000_2011.zip,CDR_20080329z.asc,True,1.0,2008-03-23
2008-03-30,1.2592,0.0,14.28,100,maynas_persiann_cdr_2000_2011.zip,CDR_20080330z.asc,True,1.0,2008-03-30
2008-03-31,7.892800000000001,0.0,28.91,100,maynas_persiann_cdr_2000_2011.zip,CDR_20080331z.asc,True,1.0,2008-03-30
2008-04-01,3.1562000000000006,0.0,12.02,100,maynas_persiann_cdr_2000_2011.zip,CDR_20080401z.asc,True,1.0,2008-03-30
2008-04-02,19.218200000000003,0.4,64.43,100,maynas_persiann_cdr_2000_2011.zip,CDR_20080402z.asc,True,1.0,2008-03-30
2008-04-03,11.8293,2.79,29.16,100,maynas_persiann_cdr_2000_2011.zip,CDR_20080403z.asc,True,1.0,2008-03-30
2008-04-04,1.9401000000000004,0.0,9.95,100,maynas_persiann_cdr_2000_2011.zip,CDR_20080404z.asc,True,1.0,2008-03-30
2008-04-05,5.158399999999999,0.0,15.38,100,maynas_persiann_cdr_2000_2011.zip,CDR_20080405z.asc,True,1.0,2008-03-30
2008-04-06,6.958000000000001,0.0,21.35,100,maynas_persiann_cdr_2000_2011.zip,CDR_20080406z.asc,True,1.0,2008-04-06
2008-04-07,1.2923,0.0,9.55,100,maynas_persiann_cdr_2000_2011.zip,CDR_20080407z.asc,True,1.0,2008-04-06
2008-04-08,4.9537,0.0,26.12,100,maynas_persiann_cdr_2000_2011.zip,CDR_20080408z.asc,True,1.0,2008-04-06
2008-04-09,14.9834,3.86,34.42,100,maynas_persiann_cdr_2000_2011.zip,CDR_20080409z.asc,True,1.0,2008-04-06
2008-04-10,23.2317,12.0,37.34,100,maynas_persiann_cdr_2000_2011.zip,CDR_20080410z.asc,True,1.0,2008-04-06
2008-04-11,0.47989999999999994,0.0,2.4,100,maynas_persiann_cdr_2000_2011.zip,CDR_20080411z.asc,True,0.0,2008-04-06
2008-04-12,4.061400000000001,0.0,25.06,100,maynas_persiann_cdr_2000_2011.zip,CDR_20080412z.asc,True,1.0,2008-04-06
2008-04-13,13.2036,0.71,47.71,100,maynas_persiann_cdr_2000_2011.zip,CDR_20080413z.asc,True,1.0,2008-04-13
2008-04-14,14.802999999999999,2.79,34.99,100,maynas_persiann_cdr_2000_2011.zip,CDR_20080414z.asc,True,1.0,2008-04-13
2008-04-15,18.366,4.61,33.91,100,maynas_persiann_cdr_2000_2011.zip,CDR_20080415z.asc,True,1.0,2008-04-13
2008-04-16,10.792799999999998,0.57,36.56,100,maynas_persiann_cdr_2000_2011.zip,CDR_20080416z.asc,True,1.0,2008-04-13
2008-04-17,3.7920999999999996,0.0,12.59,100,maynas_persiann_cdr_2000_2011.zip,CDR_20080417z.asc,True,1.0,2008-04-13
2008-04-18,3.2683000000000004,0.0,26.09,100,maynas_persiann_cdr_2000_2011.zip,CDR_20080418z.asc,True,1.0,2008-04-13
2008-04-19,4.7798,0.0,25.51,100,maynas_persiann_cdr_2000_2011.zip,CDR_20080419z.asc,True,1.0,2008-04-13
2008-04-20,5.747499999999999,0.0,19.8,100,maynas_persiann_cdr_2000_2011.zip,CDR_20080420z.asc,True,1.0,2008-04-20
2008-04-21,1.4886000000000001,0.0,11.92,100,maynas_persiann_cdr_2000_2011.zip,CDR_20080421z.asc,True,1.0,2008-04-20
2008-04-22,9.797099999999999,0.0,26.08,100,maynas_persiann_cdr_2000_2011.zip,CDR_20080422z.asc,True,1.0,2008-04-20
2008-04-23,3.1677999999999997,0.38,12.86,100,maynas_persiann_cdr_2000_2011.zip,CDR_20080423z.asc,True,1.0,2008-04-20
2008-04-24,1.4598,0.0,7.63,100,maynas_persiann_cdr_2000_2011.zip,CDR_20080424z.asc,True,1.0,2008-04-20
2008-04-25,21.498800000000006,5.46,44.23,100,maynas_persiann_cdr_2000_2011.zip,CDR_20080425z.asc,True,1.0,2008-04-20
2008-04-26,6.494899999999999,0.0,31.39,100,maynas_persiann_cdr_2000_2011.zip,CDR_20080426z.asc,True,1.0,2008-04-20
2008-04-27,7.384499999999999,0.48,24.45,100,maynas_persiann_cdr_2000_2011.zip,CDR_20080427z.asc,True,1.0,2008-04-27
2008-04-28,12.3248,3.21,26.15,100,maynas_persiann_cdr_2000_2011.zip,CDR_20080428z.asc,True,1.0,2008-04-27
2008-04-29,6.220400000000001,0.0,16.4,100,maynas_persiann_cdr_2000_2011.zip,CDR_20080429z.asc,True,1.0,2008-04-27
2008-04-30,14.581800000000001,0.42,38.1,100,maynas_persiann_cdr_2000_2011.zip,CDR_20080430z.asc,True,1.0,2008-04-27
2008-05-01,26.7561,9.28,58.04,100,maynas_persiann_cdr_2000_2011.zip,CDR_20080501z.asc,True,1.0,2008-04-27
2008-05-02,9.6779,0.63,42.76,100,maynas_persiann_cdr_2000_2011.zip,CDR_20080502z.asc,True,1.0,2008-04-27
2008-05-03,5.598199999999999,0.0,23.81,100,maynas_persiann_cdr_2000_2011.zip,CDR_20080503z.asc,True,1.0,2008-04-27
2008-05-04,0.0,0.0,0.0,100,maynas_persiann_cdr_2000_2011.zip,CDR_20080504z.asc,True,0.0,2008-05-04
2008-05-05,0.0,0.0,0.0,100,maynas_persiann_cdr_2000_2011.zip,CDR_20080505z.asc,True,0.0,2008-05-04
2008-05-06,0.0,0.0,0.0,100,maynas_persiann_cdr_2000_2011.zip,CDR_20080506z.asc,True,0.0,2008-05-04
2008-05-07,0.023,0.0,1.64,100,maynas_persiann_cdr_2000_2011.zip,CDR_20080507z.asc,True,0.0,2008-05-04
2008-05-08,0.026099999999999998,0.0,0.72,100,maynas_persiann_cdr_2000_2011.zip,CDR_20080508z.asc,True,0.0,2008-05-04
2008-05-09,13.2754,0.65,35.99,100,maynas_persiann_cdr_2000_2011.zip,CDR_20080509z.asc,True,1.0,2008-05-04
2008-05-10,15.491399999999997,0.0,49.72,100,maynas_persiann_cdr_2000_2011.zip,CDR_20080510z.asc,True,1.0,2008-05-04
2008-05-11,0.4668999999999999,0.0,7.95,100,maynas_persiann_cdr_2000_2011.zip,CDR_20080511z.asc,True,0.0,2008-05-11
2008-05-12,4.2532000000000005,0.0,16.4,100,maynas_persiann_cdr_2000_2011.zip,CDR_20080512z.asc,True,1.0,2008-05-11
2008-05-13,1.0187,0.0,10.62,100,maynas_persiann_cdr_2000_2011.zip,CDR_20080513z.asc,True,1.0,2008-05-11
2008-05-14,2.5413,0.0,22.76,100,maynas_persiann_cdr_2000_2011.zip,CDR_20080514z.asc,True,1.0,2008-05-11
2008-05-15,0.7794,0.0,9.02,100,maynas_persiann_cdr_2000_2011.zip,CDR_20080515z.asc,True,0.0,2008-05-11
2008-05-16,11.6082,1.25,38.33,100,maynas_persiann_cdr_2000_2011.zip,CDR_20080516z.asc,True,1.0,2008-05-11
2008-05-17,12.667900000000001,4.12,34.54,100,maynas_persiann_cdr_2000_2011.zip,CDR_20080517z.asc,True,1.0,2008-05-11
2008-05-18,3.2103,0.0,31.16,100,maynas_persiann_cdr_2000_2011.zip,CDR_20080518z.asc,True,1.0,2008-05-18
2008-05-19,14.984199999999996,0.0,53.49,100,maynas_persiann_cdr_2000_2011.zip,CDR_20080519z.asc,True,1.0,2008-05-18
2008-05-20,18.519499999999997,0.0,56.37,100,maynas_persiann_cdr_2000_2011.zip,CDR_20080520z.asc,True,1.0,2008-05-18
2008-05-21,7.0162,0.0,32.08,100,maynas_persiann_cdr_2000_2011.zip,CDR_20080521z.asc,True,1.0,2008-05-18
2008-05-22,7.7075,0.0,26.96,100,maynas_persiann_cdr_2000_2011.zip,CDR_20080522z.asc,True,1.0,2008-05-18
2008-05-23,33.363299999999995,4.62,79.89,100,maynas_persiann_cdr_2000_2011.zip,CDR_20080523z.asc,True,1.0,2008-05-18
2008-05-24,9.4297,0.0,35.73,100,maynas_persiann_cdr_2000_2011.zip,CDR_20080524z.asc,True,1.0,2008-05-18
2008-05-25,18.6586,1.34,72.2,100,maynas_persiann_cdr_2000_2011.zip,CDR_20080525z.asc,True,1.0,2008-05-25
2008-05-26,9.0868,0.0,29.92,100,maynas_persiann_cdr_2000_2011.zip,CDR_20080526z.asc,True,1.0,2008-05-25
2008-05-27,20.8779,1.0,61.14,100,maynas_persiann_cdr_2000_2011.zip,CDR_20080527z.asc,True,1.0,2008-05-25
2008-05-28,15.046299999999999,0.0,60.61,100,maynas_persiann_cdr_2000_2011.zip,CDR_20080528z.asc,True,1.0,2008-05-25
2008-05-29,7.205900000000001,0.65,21.93,100,maynas_persiann_cdr_2000_2011.zip,CDR_20080529z.asc,True,1.0,2008-05-25
2008-05-30,16.240599999999997,1.77,49.78,100,maynas_persiann_cdr_2000_2011.zip,CDR_20080530z.asc,True,1.0,2008-05-25
2008-05-31,17.3872,3.22,48.63,100,maynas_persiann_cdr_2000_2011.zip,CDR_20080531z.asc,True,1.0,2008-05-25
2008-06-01,4.463,0.0,24.02,100,maynas_persiann_cdr_2000_2011.zip,CDR_20080601z.asc,True,1.0,2008-06-01
2008-06-02,0.4833999999999999,0.0,8.94,100,maynas_persiann_cdr_2000_2011.zip,CDR_20080602z.asc,True,0.0,2008-06-01
2008-06-03,0.0,0.0,0.0,100,maynas_persiann_cdr_2000_2011.zip,CDR_20080603z.asc,True,0.0,2008-06-01
2008-06-04,0.0,0.0,0.0,100,maynas_persiann_cdr_2000_2011.zip,CDR_20080604z.asc,True,0.0,2008-06-01
2008-06-05,0.0542,0.0,2.01,100,maynas_persiann_cdr_2000_2011.zip,CDR_20080605z.asc,True,0.0,2008-06-01
2008-06-06,0.0521,0.0,2.69,100,maynas_persiann_cdr_2000_2011.zip,CDR_20080606z.asc,True,0.0,2008-06-01
2008-06-07,0.9647000000000001,0.0,10.43,100,maynas_persiann_cdr_2000_2011.zip,CDR_20080607z.asc,True,0.0,2008-06-01
2008-06-08,1.9157000000000002,0.0,5.78,100,maynas_persiann_cdr_2000_2011.zip,CDR_20080608z.asc,True,1.0,2008-06-08
2008-06-09,5.009899999999999,0.0,26.38,100,maynas_persiann_cdr_2000_2011.zip,CDR_20080609z.asc,True,1.0,2008-06-08
2008-06-10,12.272300000000003,1.14,48.23,100,maynas_persiann_cdr_2000_2011.zip,CDR_20080610z.asc,True,1.0,2008-06-08
2008-06-11,25.5171,1.22,82.04,100,maynas_persiann_cdr_2000_2011.zip,CDR_20080611z.asc,True,1.0,2008-06-08
2008-06-12,8.8662,0.0,27.05,100,maynas_persiann_cdr_2000_2011.zip,CDR_20080612z.asc,True,1.0,2008-06-08
2008-06-13,23.081300000000002,0.0,83.81,100,maynas_persiann_cdr_2000_2011.zip,CDR_20080613z.asc,True,1.0,2008-06-08
2008-06-14,17.5052,3.3,62.06,100,maynas_persiann_cdr_2000_2011.zip,CDR_20080614z.asc,True,1.0,2008-06-08
2008-06-15,33.4469,1.19,91.07,100,maynas_persiann_cdr_2000_2011.zip,CDR_20080615z.asc,True,1.0,2008-06-15
2008-06-16,30.936000000000003,9.74,82.52,100,maynas_persiann_cdr_2000_2011.zip,CDR_20080616z.asc,True,1.0,2008-06-15
2008-06-17,8.423800000000002,0.0,39.04,100,maynas_persiann_cdr_2000_2011.zip,CDR_20080617z.asc,True,1.0,2008-06-15
2008-06-18,2.4292000000000002,0.0,14.95,100,maynas_persiann_cdr_2000_2011.zip,CDR_20080618z.asc,True,1.0,2008-06-15
2008-06-19,4.9954,0.0,21.24,100,maynas_persiann_cdr_2000_2011.zip,CDR_20080619z.asc,True,1.0,2008-06-15
2008-06-20,6.5006,0.0,36.86,100,maynas_persiann_cdr_2000_2011.zip,CDR_20080620z.asc,True,1.0,2008-06-15
2008-06-21,26.615700000000007,0.0,90.23,100,maynas_persiann_cdr_2000_2011.zip,CDR_20080621z.asc,True,1.0,2008-06-15
2008-06-22,42.82,3.96,127.78,100,maynas_persiann_cdr_2000_2011.zip,CDR_20080622z.asc,True,1.0,2008-06-22
2008-06-23,28.616900000000005,1.74,64.37,100,maynas_persiann_cdr_2000_2011.zip,CDR_20080623z.asc,True,1.0,2008-06-22
2008-06-24,11.677999999999999,0.0,51.08,100,maynas_persiann_cdr_2000_2011.zip,CDR_20080624z.asc,True,1.0,2008-06-22
2008-06-25,2.6536,0.0,12.69,100,maynas_persiann_cdr_2000_2011.zip,CDR_20080625z.asc,True,1.0,2008-06-22
2008-06-26,0.11699999999999999,0.0,2.38,100,maynas_persiann_cdr_2000_2011.zip,CDR_20080626z.asc,True,0.0,2008-06-22
2008-06-27,0.0,0.0,0.0,100,maynas_persiann_cdr_2000_2011.zip,CDR_20080627z.asc,True,0.0,2008-06-22
2008-06-28,0.10479999999999999,0.0,4.05,100,maynas_persiann_cdr_2000_2011.zip,CDR_20080628z.asc,True,0.0,2008-06-22
2008-06-29,0.17909999999999995,0.0,3.26,100,maynas_persiann_cdr_2000_2011.zip,CDR_20080629z.asc,True,0.0,2008-06-29
2008-06-30,0.7925999999999999,0.0,19.66,100,maynas_persiann_cdr_2000_2011.zip,CDR_20080630z.asc,True,0.0,2008-06-29
2008-07-01,0.2107,0.0,3.67,100,maynas_persiann_cdr_2000_2011.zip,CDR_20080701z.asc,True,0.0,2008-06-29
2008-07-02,1.6873000000000002,0.0,7.73,100,maynas_persiann_cdr_2000_2011.zip,CDR_20080702z.asc,True,1.0,2008-06-29
2008-07-03,1.0494999999999999,0.0,9.59,100,maynas_persiann_cdr_2000_2011.zip,CDR_20080703z.asc,True,1.0,2008-06-29
2008-07-04,3.5582000000000007,0.0,19.59,100,maynas_persiann_cdr_2000_2011.zip,CDR_20080704z.asc,True,1.0,2008-06-29
2008-07-05,0.1452,0.0,2.36,100,maynas_persiann_cdr_2000_2011.zip,CDR_20080705z.asc,True,0.0,2008-06-29
2008-07-06,0.2964,0.0,5.57,100,maynas_persiann_cdr_2000_2011.zip,CDR_20080706z.asc,True,0.0,2008-07-06
2008-07-07,2.3188999999999997,0.0,17.37,100,maynas_persiann_cdr_2000_2011.zip,CDR_20080707z.asc,True,1.0,2008-07-06
2008-07-08,3.8064,0.0,16.33,100,maynas_persiann_cdr_2000_2011.zip,CDR_20080708z.asc,True,1.0,2008-07-06
2008-07-09,35.284600000000005,12.29,68.4,100,maynas_persiann_cdr_2000_2011.zip,CDR_20080709z.asc,True,1.0,2008-07-06
2008-07-10,2.1669,0.0,9.34,100,maynas_persiann_cdr_2000_2011.zip,CDR_20080710z.asc,True,1.0,2008-07-06
2008-07-11,7.404399999999999,0.0,29.8,100,maynas_persiann_cdr_2000_2011.zip,CDR_20080711z.asc,True,1.0,2008-07-06
2008-07-12,7.5051,0.0,44.79,100,maynas_persiann_cdr_2000_2011.zip,CDR_20080712z.asc,True,1.0,2008-07-06
2008-07-13,1.6547999999999998,0.0,17.92,100,maynas_persiann_cdr_2000_2011.zip,CDR_20080713z.asc,True,1.0,2008-07-13
2008-07-14,5.4407,0.0,37.42,100,maynas_persiann_cdr_2000_2011.zip,CDR_20080714z.asc,True,1.0,2008-07-13
2008-07-15,21.8796,4.3,60.84,100,maynas_persiann_cdr_2000_2011.zip,CDR_20080715z.asc,True,1.0,2008-07-13
2008-07-16,23.4669,6.3,73.24,100,maynas_persiann_cdr_2000_2011.zip,CDR_20080716z.asc,True,1.0,2008-07-13
2008-07-17,1.6130000000000002,0.0,23.05,100,maynas_persiann_cdr_2000_2011.zip,CDR_20080717z.asc,True,1.0,2008-07-13
2008-07-18,0.19440000000000002,0.0,4.07,100,maynas_persiann_cdr_2000_2011.zip,CDR_20080718z.asc,True,0.0,2008-07-13
2008-07-19,2.0702999999999996,0.0,14.96,100,maynas_persiann_cdr_2000_2011.zip,CDR_20080719z.asc,True,1.0,2008-07-13
2008-07-20,10.8433,1.22,37.3,100,maynas_persiann_cdr_2000_2011.zip,CDR_20080720z.asc,True,1.0,2008-07-20
2008-07-21,6.1875,0.0,33.42,100,maynas_persiann_cdr_2000_2011.zip,CDR_20080721z.asc,True,1.0,2008-07-20
2008-07-22,13.2575,0.0,40.9,100,maynas_persiann_cdr_2000_2011.zip,CDR_20080722z.asc,True,1.0,2008-07-20
2008-07-23,12.416899999999998,0.0,36.08,100,maynas_persiann_cdr_2000_2011.zip,CDR_20080723z.asc,True,1.0,2008-07-20
2008-07-24,6.2897,0.0,31.4,100,maynas_persiann_cdr_2000_2011.zip,CDR_20080724z.asc,True,1.0,2008-07-20
2008-07-25,3.6530999999999993,0.0,27.11,100,maynas_persiann_cdr_2000_2011.zip,CDR_20080725z.asc,True,1.0,2008-07-20
2008-07-26,15.0351,1.62,46.97,100,maynas_persiann_cdr_2000_2011.zip,CDR_20080726z.asc,True,1.0,2008-07-20
2008-07-27,5.595200000000001,0.0,21.78,100,maynas_persiann_cdr_2000_2011.zip,CDR_20080727z.asc,True,1.0,2008-07-27
2008-07-28,9.889800000000001,0.0,42.57,100,maynas_persiann_cdr_2000_2011.zip,CDR_20080728z.asc,True,1.0,2008-07-27
2008-07-29,14.9591,1.95,45.43,100,maynas_persiann_cdr_2000_2011.zip,CDR_20080729z.asc,True,1.0,2008-07-27
2008-07-30,5.112399999999999,0.0,14.19,100,maynas_persiann_cdr_2000_2011.zip,CDR_20080730z.asc,True,1.0,2008-07-27
2008-07-31,6.383099999999998,0.0,20.55,100,maynas_persiann_cdr_2000_2011.zip,CDR_20080731z.asc,True,1.0,2008-07-27
2008-08-01,1.3847999999999998,0.0,9.36,100,maynas_persiann_cdr_2000_2011.zip,CDR_20080801z.asc,True,1.0,2008-07-27
2008-08-02,13.7901,3.16,34.11,100,maynas_persiann_cdr_2000_2011.zip,CDR_20080802z.asc,True,1.0,2008-07-27
2008-08-03,7.1843,1.28,25.63,100,maynas_persiann_cdr_2000_2011.zip,CDR_20080803z.asc,True,1.0,2008-08-03
2008-08-04,5.130000000000001,0.0,23.28,100,maynas_persiann_cdr_2000_2011.zip,CDR_20080804z.asc,True,1.0,2008-08-03
2008-08-05,6.4818999999999996,0.0,16.47,100,maynas_persiann_cdr_2000_2011.zip,CDR_20080805z.asc,True,1.0,2008-08-03
2008-08-06,6.780199999999999,1.15,14.53,100,maynas_persiann_cdr_2000_2011.zip,CDR_20080806z.asc,True,1.0,2008-08-03
2008-08-07,1.6233000000000002,0.0,6.84,100,maynas_persiann_cdr_2000_2011.zip,CDR_20080807z.asc,True,1.0,2008-08-03
2008-08-08,0.5668,0.0,2.47,100,maynas_persiann_cdr_2000_2011.zip,CDR_20080808z.asc,True,0.0,2008-08-03
2008-08-09,12.566400000000002,1.86,28.79,100,maynas_persiann_cdr_2000_2011.zip,CDR_20080809z.asc,True,1.0,2008-08-03
2008-08-10,5.322099999999999,0.37,14.69,100,maynas_persiann_cdr_2000_2011.zip,CDR_20080810z.asc,True,1.0,2008-08-10
2008-08-11,3.397,0.0,11.44,100,maynas_persiann_cdr_2000_2011.zip,CDR_20080811z.asc,True,1.0,2008-08-10
2008-08-12,0.5743,0.0,4.12,100,maynas_persiann_cdr_2000_2011.zip,CDR_20080812z.asc,True,0.0,2008-08-10
2008-08-13,5.3297,0.0,23.95,100,maynas_persiann_cdr_2000_2011.zip,CDR_20080813z.asc,True,1.0,2008-08-10
2008-08-14,6.0760000000000005,0.36,17.76,100,maynas_persiann_cdr_2000_2011.zip,CDR_20080814z.asc,True,1.0,2008-08-10
2008-08-15,3.2107000000000006,0.0,21.36,100,maynas_persiann_cdr_2000_2011.zip,CDR_20080815z.asc,True,1.0,2008-08-10
2008-08-16,1.6259000000000001,0.0,11.29,100,maynas_persiann_cdr_2000_2011.zip,CDR_20080816z.asc,True,1.0,2008-08-10
2008-08-17,1.8388999999999995,0.0,13.96,100,maynas_persiann_cdr_2000_2011.zip,CDR_20080817z.asc,True,1.0,2008-08-17
2008-08-18,7.5412,0.0,25.36,100,maynas_persiann_cdr_2000_2011.zip,CDR_20080818z.asc,True,1.0,2008-08-17
2008-08-19,5.109299999999999,0.69,14.23,100,maynas_persiann_cdr_2000_2011.zip,CDR_20080819z.asc,True,1.0,2008-08-17
2008-08-20,14.8605,5.63,24.47,100,maynas_persiann_cdr_2000_2011.zip,CDR_20080820z.asc,True,1.0,2008-08-17
2008-08-21,6.039600000000002,0.0,19.64,100,maynas_persiann_cdr_2000_2011.zip,CDR_20080821z.asc,True,1.0,2008-08-17
2008-08-22,9.615499999999999,0.0,24.56,100,maynas_persiann_cdr_2000_2011.zip,CDR_20080822z.asc,True,1.0,2008-08-17
2008-08-23,6.171199999999999,0.0,16.72,100,maynas_persiann_cdr_2000_2011.zip,CDR_20080823z.asc,True,1.0,2008-08-17
2008-08-24,6.679599999999999,0.75,19.48,100,maynas_persiann_cdr_2000_2011.zip,CDR_20080824z.asc,True,1.0,2008-08-24
2008-08-25,5.131600000000001,0.43,18.13,100,maynas_persiann_cdr_2000_2011.zip,CDR_20080825z.asc,True,1.0,2008-08-24
2008-08-26,8.8658,1.5,22.03,100,maynas_persiann_cdr_2000_2011.zip,CDR_20080826z.asc,True,1.0,2008-08-24
2008-08-27,2.9376000000000007,0.0,20.72,100,maynas_persiann_cdr_2000_2011.zip,CDR_20080827z.asc,True,1.0,2008-08-24
2008-08-28,3.1132,0.0,14.04,100,maynas_persiann_cdr_2000_2011.zip,CDR_20080828z.asc,True,1.0,2008-08-24
2008-08-29,6.129200000000001,0.0,22.0,100,maynas_persiann_cdr_2000_2011.zip,CDR_20080829z.asc,True,1.0,2008-08-24
2008-08-30,20.8578,5.37,37.63,100,maynas_persiann_cdr_2000_2011.zip,CDR_20080830z.asc,True,1.0,2008-08-24
2008-08-31,5.435500000000001,0.0,26.73,100,maynas_persiann_cdr_2000_2011.zip,CDR_20080831z.asc,True,1.0,2008-08-31
2008-09-01,1.8157999999999999,0.0,8.81,100,maynas_persiann_cdr_2000_2011.zip,CDR_20080901z.asc,True,1.0,2008-08-31
2008-09-02,4.1002,0.0,14.66,100,maynas_persiann_cdr_2000_2011.zip,CDR_20080902z.asc,True,1.0,2008-08-31
2008-09-03,3.799200000000001,0.0,17.86,100,maynas_persiann_cdr_2000_2011.zip,CDR_20080903z.asc,True,1.0,2008-08-31
2008-09-04,10.360199999999999,0.6,24.39,100,maynas_persiann_cdr_2000_2011.zip,CDR_20080904z.asc,True,1.0,2008-08-31
2008-09-05,9.6933,2.06,32.57,100,maynas_persiann_cdr_2000_2011.zip,CDR_20080905z.asc,True,1.0,2008-08-31
2008-09-06,27.621600000000004,5.57,58.63,100,maynas_persiann_cdr_2000_2011.zip,CDR_20080906z.asc,True,1.0,2008-08-31
2008-09-07,9.694600000000001,0.54,32.19,100,maynas_persiann_cdr_2000_2011.zip,CDR_20080907z.asc,True,1.0,2008-09-07
2008-09-08,9.821200000000001,0.73,31.87,100,maynas_persiann_cdr_2000_2011.zip,CDR_20080908z.asc,True,1.0,2008-09-07
2008-09-09,10.302700000000002,1.11,34.41,100,maynas_persiann_cdr_2000_2011.zip,CDR_20080909z.asc,True,1.0,2008-09-07
2008-09-10,13.108799999999999,0.0,28.81,100,maynas_persiann_cdr_2000_2011.zip,CDR_20080910z.asc,True,1.0,2008-09-07
2008-09-11,0.2122,0.0,4.07,100,maynas_persiann_cdr_2000_2011.zip,CDR_20080911z.asc,True,0.0,2008-09-07
2008-09-12,0.3244,0.0,8.46,100,maynas_persiann_cdr_2000_2011.zip,CDR_20080912z.asc,True,0.0,2008-09-07
2008-09-13,4.7779,0.0,15.93,100,maynas_persiann_cdr_2000_2011.zip,CDR_20080913z.asc,True,1.0,2008-09-07
2008-09-14,22.453000000000003,4.94,51.74,100,maynas_persiann_cdr_2000_2011.zip,CDR_20080914z.asc,True,1.0,2008-09-14
2008-09-15,12.191500000000001,3.19,27.8,100,maynas_persiann_cdr_2000_2011.zip,CDR_20080915z.asc,True,1.0,2008-09-14
2008-09-16,14.0946,0.67,39.07,100,maynas_persiann_cdr_2000_2011.zip,CDR_20080916z.asc,True,1.0,2008-09-14
2008-09-17,4.6023000000000005,0.0,20.75,100,maynas_persiann_cdr_2000_2011.zip,CDR_20080917z.asc,True,1.0,2008-09-14
2008-09-18,2.0357000000000003,0.0,16.43,100,maynas_persiann_cdr_2000_2011.zip,CDR_20080918z.asc,True,1.0,2008-09-14
2008-09-19,0.7083999999999999,0.0,10.52,100,maynas_persiann_cdr_2000_2011.zip,CDR_20080919z.asc,True,0.0,2008-09-14
2008-09-20,7.302900000000002,0.0,17.79,100,maynas_persiann_cdr_2000_2011.zip,CDR_20080920z.asc,True,1.0,2008-09-14
2008-09-21,24.0875,4.73,58.88,100,maynas_persiann_cdr_2000_2011.zip,CDR_20080921z.asc,True,1.0,2008-09-21
2008-09-22,11.811300000000001,0.77,38.11,100,maynas_persiann_cdr_2000_2011.zip,CDR_20080922z.asc,True,1.0,2008-09-21
2008-09-23,1.7095000000000005,0.0,12.38,100,maynas_persiann_cdr_2000_2011.zip,CDR_20080923z.asc,True,1.0,2008-09-21
2008-09-24,0.0232,0.0,1.22,100,maynas_persiann_cdr_2000_2011.zip,CDR_20080924z.asc,True,0.0,2008-09-21
2008-09-25,8.5458,0.9,22.6,100,maynas_persiann_cdr_2000_2011.zip,CDR_20080925z.asc,True,1.0,2008-09-21
2008-09-26,10.9805,3.21,23.69,100,maynas_persiann_cdr_2000_2011.zip,CDR_20080926z.asc,True,1.0,2008-09-21
2008-09-27,1.4957999999999998,0.0,7.65,100,maynas_persiann_cdr_2000_2011.zip,CDR_20080927z.asc,True,1.0,2008-09-21
2008-09-28,3.4271999999999996,0.0,14.79,100,maynas_persiann_cdr_2000_2011.zip,CDR_20080928z.asc,True,1.0,2008-09-28
2008-09-29,4.0168,0.0,29.19,100,maynas_persiann_cdr_2000_2011.zip,CDR_20080929z.asc,True,1.0,2008-09-28
2008-09-30,17.087500000000002,0.0,46.52,100,maynas_persiann_cdr_2000_2011.zip,CDR_20080930z.asc,True,1.0,2008-09-28
2008-10-01,9.754900000000001,2.8,24.24,100,maynas_persiann_cdr_2000_2011.zip,CDR_20081001z.asc,True,1.0,2008-09-28
2008-10-02,0.058100000000000006,0.0,1.49,100,maynas_persiann_cdr_2000_2011.zip,CDR_20081002z.asc,True,0.0,2008-09-28
2008-10-03,1.0169000000000001,0.0,6.95,100,maynas_persiann_cdr_2000_2011.zip,CDR_20081003z.asc,True,1.0,2008-09-28
2008-10-04,0.8292,0.0,4.75,100,maynas_persiann_cdr_2000_2011.zip,CDR_20081004z.asc,True,0.0,2008-09-28
2008-10-05,5.707399999999999,0.0,22.31,100,maynas_persiann_cdr_2000_2011.zip,CDR_20081005z.asc,True,1.0,2008-10-05
2008-10-06,34.733900000000006,12.96,59.84,100,maynas_persiann_cdr_2000_2011.zip,CDR_20081006z.asc,True,1.0,2008-10-05
2008-10-07,8.1778,0.46,24.47,100,maynas_persiann_cdr_2000_2011.zip,CDR_20081007z.asc,True,1.0,2008-10-05
2008-10-08,3.4751000000000003,0.4,16.33,100,maynas_persiann_cdr_2000_2011.zip,CDR_20081008z.asc,True,1.0,2008-10-05
2008-10-09,11.813800000000004,1.0,30.95,100,maynas_persiann_cdr_2000_2011.zip,CDR_20081009z.asc,True,1.0,2008-10-05
2008-10-10,11.401,0.0,39.79,100,maynas_persiann_cdr_2000_2011.zip,CDR_20081010z.asc,True,1.0,2008-10-05
2008-10-11,2.5888999999999993,0.0,16.39,100,maynas_persiann_cdr_2000_2011.zip,CDR_20081011z.asc,True,1.0,2008-10-05
2008-10-12,13.7318,0.0,50.82,100,maynas_persiann_cdr_2000_2011.zip,CDR_20081012z.asc,True,1.0,2008-10-12
2008-10-13,30.4197,4.0,63.56,100,maynas_persiann_cdr_2000_2011.zip,CDR_20081013z.asc,True,1.0,2008-10-12
2008-10-14,7.6334,0.0,31.05,100,maynas_persiann_cdr_2000_2011.zip,CDR_20081014z.asc,True,1.0,2008-10-12
2008-10-15,9.5014,2.23,26.58,100,maynas_persiann_cdr_2000_2011.zip,CDR_20081015z.asc,True,1.0,2008-10-12
2008-10-16,4.3323,0.0,18.2,100,maynas_persiann_cdr_2000_2011.zip,CDR_20081016z.asc,True,1.0,2008-10-12
2008-10-17,4.518400000000001,0.0,17.5,100,maynas_persiann_cdr_2000_2011.zip,CDR_20081017z.asc,True,1.0,2008-10-12
2008-10-18,10.230099999999998,0.0,35.0,100,maynas_persiann_cdr_2000_2011.zip,CDR_20081018z.asc,True,1.0,2008-10-12
2008-10-19,15.294199999999998,3.15,38.65,100,maynas_persiann_cdr_2000_2011.zip,CDR_20081019z.asc,True,1.0,2008-10-19
2008-10-20,16.6109,3.3,28.02,100,maynas_persiann_cdr_2000_2011.zip,CDR_20081020z.asc,True,1.0,2008-10-19
2008-10-21,10.1998,2.18,24.55,100,maynas_persiann_cdr_2000_2011.zip,CDR_20081021z.asc,True,1.0,2008-10-19
2008-10-22,12.3504,1.3,34.61,100,maynas_persiann_cdr_2000_2011.zip,CDR_20081022z.asc,True,1.0,2008-10-19
2008-10-23,7.9575,1.42,17.71,100,maynas_persiann_cdr_2000_2011.zip,CDR_20081023z.asc,True,1.0,2008-10-19
2008-10-24,5.615100000000001,0.48,23.76,100,maynas_persiann_cdr_2000_2011.zip,CDR_20081024z.asc,True,1.0,2008-10-19
2008-10-25,0.8933,0.0,6.13,100,maynas_persiann_cdr_2000_2011.zip,CDR_20081025z.asc,True,0.0,2008-10-19
2008-10-26,4.046099999999999,0.0,12.39,100,maynas_persiann_cdr_2000_2011.zip,CDR_20081026z.asc,True,1.0,2008-10-26
2008-10-27,6.210099999999999,0.0,16.54,100,maynas_persiann_cdr_2000_2011.zip,CDR_20081027z.asc,True,1.0,2008-10-26
2008-10-28,8.0889,0.9,34.38,100,maynas_persiann_cdr_2000_2011.zip,CDR_20081028z.asc,True,1.0,2008-10-26
2008-10-29,5.822099999999999,0.0,16.25,100,maynas_persiann_cdr_2000_2011.zip,CDR_20081029z.asc,True,1.0,2008-10-26
2008-10-30,5.233,0.0,25.86,100,maynas_persiann_cdr_2000_2011.zip,CDR_20081030z.asc,True,1.0,2008-10-26
2008-10-31,1.4717999999999996,0.0,6.12,100,maynas_persiann_cdr_2000_2011.zip,CDR_20081031z.asc,True,1.0,2008-10-26
2008-11-01,9.9314,0.52,28.4,100,maynas_persiann_cdr_2000_2011.zip,CDR_20081101z.asc,True,1.0,2008-10-26
2008-11-02,4.0698,0.0,12.95,100,maynas_persiann_cdr_2000_2011.zip,CDR_20081102z.asc,True,1.0,2008-11-02
2008-11-03,17.1415,2.4,48.66,100,maynas_persiann_cdr_2000_2011.zip,CDR_20081103z.asc,True,1.0,2008-11-02
2008-11-04,12.4437,2.27,32.83,100,maynas_persiann_cdr_2000_2011.zip,CDR_20081104z.asc,True,1.0,2008-11-02
2008-11-05,0.486,0.0,2.54,100,maynas_persiann_cdr_2000_2011.zip,CDR_20081105z.asc,True,0.0,2008-11-02
2008-11-06,0.049,0.0,0.93,100,maynas_persiann_cdr_2000_2011.zip,CDR_20081106z.asc,True,0.0,2008-11-02
2008-11-07,2.279,0.0,9.73,100,maynas_persiann_cdr_2000_2011.zip,CDR_20081107z.asc,True,1.0,2008-11-02
2008-11-08,6.069299999999998,0.0,30.15,100,maynas_persiann_cdr_2000_2011.zip,CDR_20081108z.asc,True,1.0,2008-11-02
2008-11-09,1.8629999999999998,0.0,17.0,100,maynas_persiann_cdr_2000_2011.zip,CDR_20081109z.asc,True,1.0,2008-11-09
2008-11-10,15.820199999999998,1.91,34.39,100,maynas_persiann_cdr_2000_2011.zip,CDR_20081110z.asc,True,1.0,2008-11-09
2008-11-11,12.3017,2.66,29.38,100,maynas_persiann_cdr_2000_2011.zip,CDR_20081111z.asc,True,1.0,2008-11-09
2008-11-12,3.994999999999999,0.0,25.54,100,maynas_persiann_cdr_2000_2011.zip,CDR_20081112z.asc,True,1.0,2008-11-09
2008-11-13,7.4933,0.0,29.56,100,maynas_persiann_cdr_2000_2011.zip,CDR_20081113z.asc,True,1.0,2008-11-09
2008-11-14,17.374900000000004,7.84,41.51,100,maynas_persiann_cdr_2000_2011.zip,CDR_20081114z.asc,True,1.0,2008-11-09
2008-11-15,26.9681,10.73,47.89,100,maynas_persiann_cdr_2000_2011.zip,CDR_20081115z.asc,True,1.0,2008-11-09
2008-11-16,4.574,0.0,20.65,100,maynas_persiann_cdr_2000_2011.zip,CDR_20081116z.asc,True,1.0,2008-11-16
2008-11-17,2.3392,0.0,9.97,100,maynas_persiann_cdr_2000_2011.zip,CDR_20081117z.asc,True,1.0,2008-11-16
2008-11-18,10.898400000000002,2.65,30.11,100,maynas_persiann_cdr_2000_2011.zip,CDR_20081118z.asc,True,1.0,2008-11-16
2008-11-19,6.6427,0.0,23.97,100,maynas_persiann_cdr_2000_2011.zip,CDR_20081119z.asc,True,1.0,2008-11-16
2008-11-20,0.8844999999999998,0.0,6.02,100,maynas_persiann_cdr_2000_2011.zip,CDR_20081120z.asc,True,0.0,2008-11-16
2008-11-21,14.740500000000003,2.62,39.49,100,maynas_persiann_cdr_2000_2011.zip,CDR_20081121z.asc,True,1.0,2008-11-16
2008-11-22,14.001700000000001,1.69,38.05,100,maynas_persiann_cdr_2000_2011.zip,CDR_20081122z.asc,True,1.0,2008-11-16
2008-11-23,31.7677,16.22,51.11,100,maynas_persiann_cdr_2000_2011.zip,CDR_20081123z.asc,True,1.0,2008-11-23
2008-11-24,21.2098,4.06,41.61,100,maynas_persiann_cdr_2000_2011.zip,CDR_20081124z.asc,True,1.0,2008-11-23
2008-11-25,17.2444,5.29,42.36,100,maynas_persiann_cdr_2000_2011.zip,CDR_20081125z.asc,True,1.0,2008-11-23
2008-11-26,8.411900000000001,0.0,28.97,100,maynas_persiann_cdr_2000_2011.zip,CDR_20081126z.asc,True,1.0,2008-11-23
2008-11-27,4.6591,0.0,15.18,100,maynas_persiann_cdr_2000_2011.zip,CDR_20081127z.asc,True,1.0,2008-11-23
2008-11-28,5.059,0.0,24.76,100,maynas_persiann_cdr_2000_2011.zip,CDR_20081128z.asc,True,1.0,2008-11-23
2008-11-29,1.4474,0.0,13.85,100,maynas_persiann_cdr_2000_2011.zip,CDR_20081129z.asc,True,1.0,2008-11-23
2008-11-30,17.835,0.0,39.39,100,maynas_persiann_cdr_2000_2011.zip,CDR_20081130z.asc,True,1.0,2008-11-30
2008-12-01,25.267099999999992,7.09,53.27,100,maynas_persiann_cdr_2000_2011.zip,CDR_20081201z.asc,True,1.0,2008-11-30
2008-12-02,14.6238,4.57,29.22,100,maynas_persiann_cdr_2000_2011.zip,CDR_20081202z.asc,True,1.0,2008-11-30
2008-12-03,1.3773,0.0,8.2,100,maynas_persiann_cdr_2000_2011.zip,CDR_20081203z.asc,True,1.0,2008-11-30
2008-12-04,5.0459000000000005,0.0,35.15,100,maynas_persiann_cdr_2000_2011.zip,CDR_20081204z.asc,True,1.0,2008-11-30
2008-12-05,11.7762,0.0,31.5,100,maynas_persiann_cdr_2000_2011.zip,CDR_20081205z.asc,True,1.0,2008-11-30
2008-12-06,5.426700000000002,1.92,16.65,100,maynas_persiann_cdr_2000_2011.zip,CDR_20081206z.asc,True,1.0,2008-11-30
2008-12-07,8.736,3.13,20.88,100,maynas_persiann_cdr_2000_2011.zip,CDR_20081207z.asc,True,1.0,2008-12-07
2008-12-08,11.441600000000001,3.25,24.87,100,maynas_persiann_cdr_2000_2011.zip,CDR_20081208z.asc,True,1.0,2008-12-07
2008-12-09,2.2563999999999997,0.0,16.99,100,maynas_persiann_cdr_2000_2011.zip,CDR_20081209z.asc,True,1.0,2008-12-07
2008-12-10,3.6477000000000004,0.0,14.45,100,maynas_persiann_cdr_2000_2011.zip,CDR_20081210z.asc,True,1.0,2008-12-07
2008-12-11,5.225399999999999,0.0,29.65,100,maynas_persiann_cdr_2000_2011.zip,CDR_20081211z.asc,True,1.0,2008-12-07
2008-12-12,7.9029,0.0,39.05,100,maynas_persiann_cdr_2000_2011.zip,CDR_20081212z.asc,True,1.0,2008-12-07
2008-12-13,35.3752,18.56,56.01,100,maynas_persiann_cdr_2000_2011.zip,CDR_20081213z.asc,True,1.0,2008-12-07
2008-12-14,0.5760000000000001,0.0,2.81,100,maynas_persiann_cdr_2000_2011.zip,CDR_20081214z.asc,True,0.0,2008-12-14
2008-12-15,0.09849999999999999,0.0,1.68,100,maynas_persiann_cdr_2000_2011.zip,CDR_20081215z.asc,True,0.0,2008-12-14
2008-12-16,0.0040999999999999995,0.0,0.41,100,maynas_persiann_cdr_2000_2011.zip,CDR_20081216z.asc,True,0.0,2008-12-14
2008-12-17,0.0125,0.0,0.8,100,maynas_persiann_cdr_2000_2011.zip,CDR_20081217z.asc,True,0.0,2008-12-14
2008-12-18,6.0191,0.0,18.73,100,maynas_persiann_cdr_2000_2011.zip,CDR_20081218z.asc,True,1.0,2008-12-14
2008-12-19,14.407199999999998,2.11,32.16,100,maynas_persiann_cdr_2000_2011.zip,CDR_20081219z.asc,True,1.0,2008-12-14
2008-12-20,1.6217999999999997,0.0,8.73,100,maynas_persiann_cdr_2000_2011.zip,CDR_20081220z.asc,True,1.0,2008-12-14
2008-12-21,1.3264000000000002,0.0,8.47,100,maynas_persiann_cdr_2000_2011.zip,CDR_20081221z.asc,True,1.0,2008-12-21
2008-12-22,0.25120000000000003,0.0,2.73,100,maynas_persiann_cdr_2000_2011.zip,CDR_20081222z.asc,True,0.0,2008-12-21
2008-12-23,5.3559,0.0,34.54,100,maynas_persiann_cdr_2000_2011.zip,CDR_20081223z.asc,True,1.0,2008-12-21
2008-12-24,2.3523,0.0,12.24,100,maynas_persiann_cdr_2000_2011.zip,CDR_20081224z.asc,True,1.0,2008-12-21
2008-12-25,0.5207999999999999,0.0,2.79,100,maynas_persiann_cdr_2000_2011.zip,CDR_20081225z.asc,True,0.0,2008-12-21
2008-12-26,0.08109999999999999,0.0,1.89,100,maynas_persiann_cdr_2000_2011.zip,CDR_20081226z.asc,True,0.0,2008-12-21
2008-12-27,0.16879999999999998,0.0,3.33,100,maynas_persiann_cdr_2000_2011.zip,CDR_20081227z.asc,True,0.0,2008-12-21
2008-12-28,0.1267,0.0,2.22,100,maynas_persiann_cdr_2000_2011.zip,CDR_20081228z.asc,True,0.0,2008-12-28
2008-12-29,1.8969999999999998,0.0,29.07,100,maynas_persiann_cdr_2000_2011.zip,CDR_20081229z.asc,True,1.0,2008-12-28
2008-12-30,2.9959000000000002,0.0,14.64,100,maynas_persiann_cdr_2000_2011.zip,CDR_20081230z.asc,True,1.0,2008-12-28
2008-12-31,2.0409,0.0,6.52,100,maynas_persiann_cdr_2000_2011.zip,CDR_20081231z.asc,True,1.0,2008-12-28
2009-01-01,2.0135,0.0,5.69,100,maynas_persiann_cdr_2000_2011.zip,CDR_20090101z.asc,True,1.0,2008-12-28
2009-01-02,3.0931,0.0,11.5,100,maynas_persiann_cdr_2000_2011.zip,CDR_20090102z.asc,True,1.0,2008-12-28
2009-01-03,15.763000000000002,0.84,36.54,100,maynas_persiann_cdr_2000_2011.zip,CDR_20090103z.asc,True,1.0,2008-12-28
2009-01-04,9.3943,0.0,23.57,100,maynas_persiann_cdr_2000_2011.zip,CDR_20090104z.asc,True,1.0,2009-01-04
2009-01-05,18.6126,6.74,31.82,100,maynas_persiann_cdr_2000_2011.zip,CDR_20090105z.asc,True,1.0,2009-01-04
2009-01-06,10.435900000000002,0.0,47.61,100,maynas_persiann_cdr_2000_2011.zip,CDR_20090106z.asc,True,1.0,2009-01-04
2009-01-07,16.0292,2.8,41.16,100,maynas_persiann_cdr_2000_2011.zip,CDR_20090107z.asc,True,1.0,2009-01-04
2009-01-08,12.031100000000004,3.3,50.42,100,maynas_persiann_cdr_2000_2011.zip,CDR_20090108z.asc,True,1.0,2009-01-04
2009-01-09,25.284700000000008,4.86,53.62,100,maynas_persiann_cdr_2000_2011.zip,CDR_20090109z.asc,True,1.0,2009-01-04
2009-01-10,1.8745000000000003,0.0,9.51,100,maynas_persiann_cdr_2000_2011.zip,CDR_20090110z.asc,True,1.0,2009-01-04
2009-01-11,2.1464000000000003,0.0,21.01,100,maynas_persiann_cdr_2000_2011.zip,CDR_20090111z.asc,True,1.0,2009-01-11
2009-01-12,4.0697,0.0,15.36,100,maynas_persiann_cdr_2000_2011.zip,CDR_20090112z.asc,True,1.0,2009-01-11
2009-01-13,6.2661,0.0,15.23,100,maynas_persiann_cdr_2000_2011.zip,CDR_20090113z.asc,True,1.0,2009-01-11
2009-01-14,5.9524,0.0,26.36,100,maynas_persiann_cdr_2000_2011.zip,CDR_20090114z.asc,True,1.0,2009-01-11
2009-01-15,9.9794,0.0,35.09,100,maynas_persiann_cdr_2000_2011.zip,CDR_20090115z.asc,True,1.0,2009-01-11
2009-01-16,0.5529,0.0,5.98,100,maynas_persiann_cdr_2000_2011.zip,CDR_20090116z.asc,True,0.0,2009-01-11
2009-01-17,3.0887000000000002,0.0,23.71,100,maynas_persiann_cdr_2000_2011.zip,CDR_20090117z.asc,True,1.0,2009-01-11
2009-01-18,11.905899999999997,0.0,37.05,100,maynas_persiann_cdr_2000_2011.zip,CDR_20090118z.asc,True,1.0,2009-01-18
2009-01-19,50.0625,31.05,80.19,100,maynas_persiann_cdr_2000_2011.zip,CDR_20090119z.asc,True,1.0,2009-01-18
2009-01-20,10.7028,0.53,25.43,100,maynas_persiann_cdr_2000_2011.zip,CDR_20090120z.asc,True,1.0,2009-01-18
2009-01-21,5.393799999999999,0.0,22.11,100,maynas_persiann_cdr_2000_2011.zip,CDR_20090121z.asc,True,1.0,2009-01-18
2009-01-22,22.874799999999997,4.6,58.71,100,maynas_persiann_cdr_2000_2011.zip,CDR_20090122z.asc,True,1.0,2009-01-18
2009-01-23,15.149899999999997,2.27,54.31,100,maynas_persiann_cdr_2000_2011.zip,CDR_20090123z.asc,True,1.0,2009-01-18
2009-01-24,41.46880000000001,26.61,70.27,100,maynas_persiann_cdr_2000_2011.zip,CDR_20090124z.asc,True,1.0,2009-01-18
2009-01-25,3.9898,0.0,22.68,100,maynas_persiann_cdr_2000_2011.zip,CDR_20090125z.asc,True,1.0,2009-01-25
2009-01-26,12.852900000000002,0.0,43.79,100,maynas_persiann_cdr_2000_2011.zip,CDR_20090126z.asc,True,1.0,2009-01-25
2009-01-27,24.343400000000003,1.47,61.85,100,maynas_persiann_cdr_2000_2011.zip,CDR_20090127z.asc,True,1.0,2009-01-25
2009-01-28,4.6307,0.0,22.59,100,maynas_persiann_cdr_2000_2011.zip,CDR_20090128z.asc,True,1.0,2009-01-25
2009-01-29,17.9919,1.97,56.01,100,maynas_persiann_cdr_2000_2011.zip,CDR_20090129z.asc,True,1.0,2009-01-25
2009-01-30,34.098099999999995,16.14,57.98,100,maynas_persiann_cdr_2000_2011.zip,CDR_20090130z.asc,True,1.0,2009-01-25
2009-01-31,4.6149000000000004,0.56,26.3,100,maynas_persiann_cdr_2000_2011.zip,CDR_20090131z.asc,True,1.0,2009-01-25
2009-02-01,28.284999999999997,13.66,53.46,100,maynas_persiann_cdr_2000_2011.zip,CDR_20090201z.asc,True,1.0,2009-02-01
2009-02-02,4.0355,0.0,26.0,100,maynas_persiann_cdr_2000_2011.zip,CDR_20090202z.asc,True,1.0,2009-02-01
2009-02-03,11.2468,1.99,30.62,100,maynas_persiann_cdr_2000_2011.zip,CDR_20090203z.asc,True,1.0,2009-02-01
2009-02-04,12.116599999999998,0.85,39.43,100,maynas_persiann_cdr_2000_2011.zip,CDR_20090204z.asc,True,1.0,2009-02-01
2009-02-05,22.174,10.04,42.08,100,maynas_persiann_cdr_2000_2011.zip,CDR_20090205z.asc,True,1.0,2009-02-01
2009-02-06,4.4002,0.0,18.66,100,maynas_persiann_cdr_2000_2011.zip,CDR_20090206z.asc,True,1.0,2009-02-01
2009-02-07,8.449099999999998,1.99,19.49,100,maynas_persiann_cdr_2000_2011.zip,CDR_20090207z.asc,True,1.0,2009-02-01
2009-02-08,2.1507,0.0,10.38,100,maynas_persiann_cdr_2000_2011.zip,CDR_20090208z.asc,True,1.0,2009-02-08
2009-02-09,5.0514,0.55,19.54,100,maynas_persiann_cdr_2000_2011.zip,CDR_20090209z.asc,True,1.0,2009-02-08
2009-02-10,14.871200000000002,4.34,31.5,100,maynas_persiann_cdr_2000_2011.zip,CDR_20090210z.asc,True,1.0,2009-02-08
2009-02-11,26.3078,7.66,41.09,100,maynas_persiann_cdr_2000_2011.zip,CDR_20090211z.asc,True,1.0,2009-02-08
2009-02-12,29.922200000000007,10.96,55.64,100,maynas_persiann_cdr_2000_2011.zip,CDR_20090212z.asc,True,1.0,2009-02-08
2009-02-13,8.1588,1.12,20.94,100,maynas_persiann_cdr_2000_2011.zip,CDR_20090213z.asc,True,1.0,2009-02-08
2009-02-14,3.0766000000000004,0.47,10.75,100,maynas_persiann_cdr_2000_2011.zip,CDR_20090214z.asc,True,1.0,2009-02-08
2009-02-15,4.799799999999999,0.0,25.7,100,maynas_persiann_cdr_2000_2011.zip,CDR_20090215z.asc,True,1.0,2009-02-15
2009-02-16,19.252799999999997,1.52,52.18,100,maynas_persiann_cdr_2000_2011.zip,CDR_20090216z.asc,True,1.0,2009-02-15
2009-02-17,11.3447,0.0,26.96,100,maynas_persiann_cdr_2000_2011.zip,CDR_20090217z.asc,True,1.0,2009-02-15
2009-02-18,25.053400000000007,10.39,47.73,100,maynas_persiann_cdr_2000_2011.zip,CDR_20090218z.asc,True,1.0,2009-02-15
2009-02-19,26.981800000000003,8.83,44.98,100,maynas_persiann_cdr_2000_2011.zip,CDR_20090219z.asc,True,1.0,2009-02-15
2009-02-20,1.5983,0.0,10.4,100,maynas_persiann_cdr_2000_2011.zip,CDR_20090220z.asc,True,1.0,2009-02-15
2009-02-21,5.0764,0.45,23.86,100,maynas_persiann_cdr_2000_2011.zip,CDR_20090221z.asc,True,1.0,2009-02-15
2009-02-22,19.936,0.96,51.66,100,maynas_persiann_cdr_2000_2011.zip,CDR_20090222z.asc,True,1.0,2009-02-22
2009-02-23,35.2425,5.55,77.68,100,maynas_persiann_cdr_2000_2011.zip,CDR_20090223z.asc,True,1.0,2009-02-22
2009-02-24,9.1867,2.86,17.4,100,maynas_persiann_cdr_2000_2011.zip,CDR_20090224z.asc,True,1.0,2009-02-22
2009-02-25,2.6513999999999993,0.0,7.35,100,maynas_persiann_cdr_2000_2011.zip,CDR_20090225z.asc,True,1.0,2009-02-22
2009-02-26,1.8258,0.0,10.56,100,maynas_persiann_cdr_2000_2011.zip,CDR_20090226z.asc,True,1.0,2009-02-22
2009-02-27,27.188,6.32,55.53,100,maynas_persiann_cdr_2000_2011.zip,CDR_20090227z.asc,True,1.0,2009-02-22
2009-02-28,2.1407000000000003,0.0,7.59,100,maynas_persiann_cdr_2000_2011.zip,CDR_20090228z.asc,True,1.0,2009-02-22
2009-03-01,8.6183,0.53,28.86,100,maynas_persiann_cdr_2000_2011.zip,CDR_20090301z.asc,True,1.0,2009-03-01
2009-03-02,22.2649,6.07,44.91,100,maynas_persiann_cdr_2000_2011.zip,CDR_20090302z.asc,True,1.0,2009-03-01
2009-03-03,22.3272,2.48,48.8,100,maynas_persiann_cdr_2000_2011.zip,CDR_20090303z.asc,True,1.0,2009-03-01
2009-03-04,21.6259,7.17,52.92,100,maynas_persiann_cdr_2000_2011.zip,CDR_20090304z.asc,True,1.0,2009-03-01
2009-03-05,3.3216999999999994,0.0,16.81,100,maynas_persiann_cdr_2000_2011.zip,CDR_20090305z.asc,True,1.0,2009-03-01
2009-03-06,11.411499999999998,0.0,30.62,100,maynas_persiann_cdr_2000_2011.zip,CDR_20090306z.asc,True,1.0,2009-03-01
2009-03-07,20.307000000000002,4.04,45.91,100,maynas_persiann_cdr_2000_2011.zip,CDR_20090307z.asc,True,1.0,2009-03-01
2009-03-08,7.080299999999999,0.53,23.38,100,maynas_persiann_cdr_2000_2011.zip,CDR_20090308z.asc,True,1.0,2009-03-08
2009-03-09,2.3660000000000005,0.0,12.82,100,maynas_persiann_cdr_2000_2011.zip,CDR_20090309z.asc,True,1.0,2009-03-08
2009-03-10,7.3947,0.0,26.83,100,maynas_persiann_cdr_2000_2011.zip,CDR_20090310z.asc,True,1.0,2009-03-08
2009-03-11,23.668000000000003,0.0,56.7,100,maynas_persiann_cdr_2000_2011.zip,CDR_20090311z.asc,True,1.0,2009-03-08
2009-03-12,2.1414,0.0,19.7,100,maynas_persiann_cdr_2000_2011.zip,CDR_20090312z.asc,True,1.0,2009-03-08
2009-03-13,14.1118,0.55,47.43,100,maynas_persiann_cdr_2000_2011.zip,CDR_20090313z.asc,True,1.0,2009-03-08
2009-03-14,17.740799999999997,3.78,44.79,100,maynas_persiann_cdr_2000_2011.zip,CDR_20090314z.asc,True,1.0,2009-03-08
2009-03-15,3.2573000000000003,0.0,16.37,100,maynas_persiann_cdr_2000_2011.zip,CDR_20090315z.asc,True,1.0,2009-03-15
2009-03-16,7.1838999999999995,0.69,22.04,100,maynas_persiann_cdr_2000_2011.zip,CDR_20090316z.asc,True,1.0,2009-03-15
2009-03-17,2.6927999999999996,0.0,14.59,100,maynas_persiann_cdr_2000_2011.zip,CDR_20090317z.asc,True,1.0,2009-03-15
2009-03-18,15.578699999999996,3.85,50.69,100,maynas_persiann_cdr_2000_2011.zip,CDR_20090318z.asc,True,1.0,2009-03-15
2009-03-19,14.963800000000003,1.75,43.44,100,maynas_persiann_cdr_2000_2011.zip,CDR_20090319z.asc,True,1.0,2009-03-15
2009-03-20,13.3726,1.1,60.14,100,maynas_persiann_cdr_2000_2011.zip,CDR_20090320z.asc,True,1.0,2009-03-15
2009-03-21,16.069200000000002,5.92,30.48,100,maynas_persiann_cdr_2000_2011.zip,CDR_20090321z.asc,True,1.0,2009-03-15
2009-03-22,3.7203999999999997,0.0,18.76,100,maynas_persiann_cdr_2000_2011.zip,CDR_20090322z.asc,True,1.0,2009-03-22
2009-03-23,18.776,3.37,64.04,100,maynas_persiann_cdr_2000_2011.zip,CDR_20090323z.asc,True,1.0,2009-03-22
2009-03-24,14.502900000000002,3.75,28.45,100,maynas_persiann_cdr_2000_2011.zip,CDR_20090324z.asc,True,1.0,2009-03-22
2009-03-25,14.679099999999998,1.94,46.06,100,maynas_persiann_cdr_2000_2011.zip,CDR_20090325z.asc,True,1.0,2009-03-22
2009-03-26,14.583800000000002,1.01,38.55,100,maynas_persiann_cdr_2000_2011.zip,CDR_20090326z.asc,True,1.0,2009-03-22
2009-03-27,17.621600000000004,2.82,36.62,100,maynas_persiann_cdr_2000_2011.zip,CDR_20090327z.asc,True,1.0,2009-03-22
2009-03-28,34.177899999999994,8.79,69.49,100,maynas_persiann_cdr_2000_2011.zip,CDR_20090328z.asc,True,1.0,2009-03-22
2009-03-29,8.5238,0.58,29.46,100,maynas_persiann_cdr_2000_2011.zip,CDR_20090329z.asc,True,1.0,2009-03-29
2009-03-30,9.1233,2.02,25.42,100,maynas_persiann_cdr_2000_2011.zip,CDR_20090330z.asc,True,1.0,2009-03-29
2009-03-31,8.0904,0.61,25.7,100,maynas_persiann_cdr_2000_2011.zip,CDR_20090331z.asc,True,1.0,2009-03-29
2009-04-01,14.858400000000001,2.41,39.3,100,maynas_persiann_cdr_2000_2011.zip,CDR_20090401z.asc,True,1.0,2009-03-29
2009-04-02,6.923900000000001,0.7,26.53,100,maynas_persiann_cdr_2000_2011.zip,CDR_20090402z.asc,True,1.0,2009-03-29
2009-04-03,14.688700000000004,2.02,35.32,100,maynas_persiann_cdr_2000_2011.zip,CDR_20090403z.asc,True,1.0,2009-03-29
2009-04-04,5.1871,0.0,20.56,100,maynas_persiann_cdr_2000_2011.zip,CDR_20090404z.asc,True,1.0,2009-03-29
2009-04-05,32.9473,9.83,70.02,100,maynas_persiann_cdr_2000_2011.zip,CDR_20090405z.asc,True,1.0,2009-04-05
2009-04-06,31.312300000000004,8.15,59.21,100,maynas_persiann_cdr_2000_2011.zip,CDR_20090406z.asc,True,1.0,2009-04-05
2009-04-07,6.544700000000001,0.0,22.51,100,maynas_persiann_cdr_2000_2011.zip,CDR_20090407z.asc,True,1.0,2009-04-05
2009-04-08,6.084099999999999,0.0,29.15,100,maynas_persiann_cdr_2000_2011.zip,CDR_20090408z.asc,True,1.0,2009-04-05
2009-04-09,35.890899999999995,7.66,63.48,100,maynas_persiann_cdr_2000_2011.zip,CDR_20090409z.asc,True,1.0,2009-04-05
2009-04-10,7.026999999999999,0.61,13.34,100,maynas_persiann_cdr_2000_2011.zip,CDR_20090410z.asc,True,1.0,2009-04-05
2009-04-11,8.908500000000002,0.0,32.69,100,maynas_persiann_cdr_2000_2011.zip,CDR_20090411z.asc,True,1.0,2009-04-05
2009-04-12,16.5522,2.53,32.75,100,maynas_persiann_cdr_2000_2011.zip,CDR_20090412z.asc,True,1.0,2009-04-12
2009-04-13,2.9032999999999998,0.0,18.11,100,maynas_persiann_cdr_2000_2011.zip,CDR_20090413z.asc,True,1.0,2009-04-12
2009-04-14,12.265200000000002,2.83,39.22,100,maynas_persiann_cdr_2000_2011.zip,CDR_20090414z.asc,True,1.0,2009-04-12
2009-04-15,17.7198,0.57,68.0,100,maynas_persiann_cdr_2000_2011.zip,CDR_20090415z.asc,True,1.0,2009-04-12
2009-04-16,5.3382000000000005,0.0,32.78,100,maynas_persiann_cdr_2000_2011.zip,CDR_20090416z.asc,True,1.0,2009-04-12
2009-04-17,0.9276000000000002,0.0,4.4,100,maynas_persiann_cdr_2000_2011.zip,CDR_20090417z.asc,True,0.0,2009-04-12
2009-04-18,11.488300000000002,0.0,45.11,100,maynas_persiann_cdr_2000_2011.zip,CDR_20090418z.asc,True,1.0,2009-04-12
2009-04-19,7.5863,0.47,26.61,100,maynas_persiann_cdr_2000_2011.zip,CDR_20090419z.asc,True,1.0,2009-04-19
2009-04-20,12.4598,3.21,22.07,100,maynas_persiann_cdr_2000_2011.zip,CDR_20090420z.asc,True,1.0,2009-04-19
2009-04-21,21.2316,3.42,64.1,100,maynas_persiann_cdr_2000_2011.zip,CDR_20090421z.asc,True,1.0,2009-04-19
2009-04-22,11.906199999999997,1.56,21.98,100,maynas_persiann_cdr_2000_2011.zip,CDR_20090422z.asc,True,1.0,2009-04-19
2009-04-23,3.0532,0.0,13.84,100,maynas_persiann_cdr_2000_2011.zip,CDR_20090423z.asc,True,1.0,2009-04-19
2009-04-24,4.588,0.0,17.01,100,maynas_persiann_cdr_2000_2011.zip,CDR_20090424z.asc,True,1.0,2009-04-19
2009-04-25,10.8168,0.59,29.74,100,maynas_persiann_cdr_2000_2011.zip,CDR_20090425z.asc,True,1.0,2009-04-19
2009-04-26,22.217,3.8,48.06,100,maynas_persiann_cdr_2000_2011.zip,CDR_20090426z.asc,True,1.0,2009-04-26
2009-04-27,21.024500000000003,5.07,57.09,100,maynas_persiann_cdr_2000_2011.zip,CDR_20090427z.asc,True,1.0,2009-04-26
2009-04-28,0.3997,0.0,2.93,100,maynas_persiann_cdr_2000_2011.zip,CDR_20090428z.asc,True,0.0,2009-04-26
2009-04-29,3.8586,0.0,23.23,100,maynas_persiann_cdr_2000_2011.zip,CDR_20090429z.asc,True,1.0,2009-04-26
2009-04-30,4.8662,0.0,16.25,100,maynas_persiann_cdr_2000_2011.zip,CDR_20090430z.asc,True,1.0,2009-04-26
2009-05-01,16.7558,5.08,36.37,100,maynas_persiann_cdr_2000_2011.zip,CDR_20090501z.asc,True,1.0,2009-04-26
2009-05-02,3.0191,0.0,12.68,100,maynas_persiann_cdr_2000_2011.zip,CDR_20090502z.asc,True,1.0,2009-04-26
2009-05-03,2.8283,0.0,23.9,100,maynas_persiann_cdr_2000_2011.zip,CDR_20090503z.asc,True,1.0,2009-05-03
2009-05-04,7.9957,0.0,25.37,100,maynas_persiann_cdr_2000_2011.zip,CDR_20090504z.asc,True,1.0,2009-05-03
2009-05-05,5.142900000000001,0.0,27.25,100,maynas_persiann_cdr_2000_2011.zip,CDR_20090505z.asc,True,1.0,2009-05-03
2009-05-06,12.852,0.0,33.29,100,maynas_persiann_cdr_2000_2011.zip,CDR_20090506z.asc,True,1.0,2009-05-03
2009-05-07,13.918700000000001,4.05,38.86,100,maynas_persiann_cdr_2000_2011.zip,CDR_20090507z.asc,True,1.0,2009-05-03
2009-05-08,2.9775,0.0,20.85,100,maynas_persiann_cdr_2000_2011.zip,CDR_20090508z.asc,True,1.0,2009-05-03
2009-05-09,15.9273,0.0,43.33,100,maynas_persiann_cdr_2000_2011.zip,CDR_20090509z.asc,True,1.0,2009-05-03
2009-05-10,5.0518,0.52,19.61,100,maynas_persiann_cdr_2000_2011.zip,CDR_20090510z.asc,True,1.0,2009-05-10
2009-05-11,6.3635,0.0,33.67,100,maynas_persiann_cdr_2000_2011.zip,CDR_20090511z.asc,True,1.0,2009-05-10
2009-05-12,9.7375,0.52,35.71,100,maynas_persiann_cdr_2000_2011.zip,CDR_20090512z.asc,True,1.0,2009-05-10
2009-05-13,18.7283,0.0,56.37,100,maynas_persiann_cdr_2000_2011.zip,CDR_20090513z.asc,True,1.0,2009-05-10
2009-05-14,4.2354,0.0,22.03,100,maynas_persiann_cdr_2000_2011.zip,CDR_20090514z.asc,True,1.0,2009-05-10
2009-05-15,6.155399999999999,0.0,21.48,100,maynas_persiann_cdr_2000_2011.zip,CDR_20090515z.asc,True,1.0,2009-05-10
2009-05-16,5.5299999999999985,0.0,19.64,100,maynas_persiann_cdr_2000_2011.zip,CDR_20090516z.asc,True,1.0,2009-05-10
2009-05-17,44.152399999999986,7.0,97.53,100,maynas_persiann_cdr_2000_2011.zip,CDR_20090517z.asc,True,1.0,2009-05-17
2009-05-18,5.747199999999998,0.0,22.7,100,maynas_persiann_cdr_2000_2011.zip,CDR_20090518z.asc,True,1.0,2009-05-17
2009-05-19,17.3181,5.95,31.44,100,maynas_persiann_cdr_2000_2011.zip,CDR_20090519z.asc,True,1.0,2009-05-17
2009-05-20,7.422300000000002,0.94,22.73,100,maynas_persiann_cdr_2000_2011.zip,CDR_20090520z.asc,True,1.0,2009-05-17
2009-05-21,0.6073999999999999,0.0,4.56,100,maynas_persiann_cdr_2000_2011.zip,CDR_20090521z.asc,True,0.0,2009-05-17
2009-05-22,6.221900000000001,0.0,22.84,100,maynas_persiann_cdr_2000_2011.zip,CDR_20090522z.asc,True,1.0,2009-05-17
2009-05-23,3.9805999999999995,0.0,16.78,100,maynas_persiann_cdr_2000_2011.zip,CDR_20090523z.asc,True,1.0,2009-05-17
2009-05-24,3.3982,0.0,29.14,100,maynas_persiann_cdr_2000_2011.zip,CDR_20090524z.asc,True,1.0,2009-05-24
2009-05-25,5.1422,0.0,26.37,100,maynas_persiann_cdr_2000_2011.zip,CDR_20090525z.asc,True,1.0,2009-05-24
2009-05-26,1.2783000000000002,0.0,13.1,100,maynas_persiann_cdr_2000_2011.zip,CDR_20090526z.asc,True,1.0,2009-05-24
2009-05-27,17.679899999999996,0.0,51.61,100,maynas_persiann_cdr_2000_2011.zip,CDR_20090527z.asc,True,1.0,2009-05-24
2009-05-28,4.438000000000001,0.0,21.85,100,maynas_persiann_cdr_2000_2011.zip,CDR_20090528z.asc,True,1.0,2009-05-24
2009-05-29,4.7886999999999995,0.0,23.22,100,maynas_persiann_cdr_2000_2011.zip,CDR_20090529z.asc,True,1.0,2009-05-24
2009-05-30,2.3936,0.0,15.62,100,maynas_persiann_cdr_2000_2011.zip,CDR_20090530z.asc,True,1.0,2009-05-24
2009-05-31,15.8671,1.68,50.49,100,maynas_persiann_cdr_2000_2011.zip,CDR_20090531z.asc,True,1.0,2009-05-31
2009-06-01,28.812499999999996,6.23,62.52,100,maynas_persiann_cdr_2000_2011.zip,CDR_20090601z.asc,True,1.0,2009-05-31
2009-06-02,20.658700000000003,0.0,95.27,100,maynas_persiann_cdr_2000_2011.zip,CDR_20090602z.asc,True,1.0,2009-05-31
2009-06-03,22.622,0.0,81.04,100,maynas_persiann_cdr_2000_2011.zip,CDR_20090603z.asc,True,1.0,2009-05-31
2009-06-04,0.0,0.0,0.0,100,maynas_persiann_cdr_2000_2011.zip,CDR_20090604z.asc,True,0.0,2009-05-31
2009-06-05,0.0378,0.0,1.56,100,maynas_persiann_cdr_2000_2011.zip,CDR_20090605z.asc,True,0.0,2009-05-31
2009-06-06,0.2637,0.0,1.61,100,maynas_persiann_cdr_2000_2011.zip,CDR_20090606z.asc,True,0.0,2009-05-31
2009-06-07,0.9998999999999999,0.0,4.76,100,maynas_persiann_cdr_2000_2011.zip,CDR_20090607z.asc,True,0.0,2009-06-07
2009-06-08,3.5744,0.0,17.32,100,maynas_persiann_cdr_2000_2011.zip,CDR_20090608z.asc,True,1.0,2009-06-07
2009-06-09,6.449400000000001,0.0,24.84,100,maynas_persiann_cdr_2000_2011.zip,CDR_20090609z.asc,True,1.0,2009-06-07
2009-06-10,3.4238000000000004,0.0,22.01,100,maynas_persiann_cdr_2000_2011.zip,CDR_20090610z.asc,True,1.0,2009-06-07
2009-06-11,23.007599999999996,4.79,72.04,100,maynas_persiann_cdr_2000_2011.zip,CDR_20090611z.asc,True,1.0,2009-06-07
2009-06-12,2.6360999999999994,0.0,13.46,100,maynas_persiann_cdr_2000_2011.zip,CDR_20090612z.asc,True,1.0,2009-06-07
2009-06-13,6.0927999999999995,0.0,16.72,100,maynas_persiann_cdr_2000_2011.zip,CDR_20090613z.asc,True,1.0,2009-06-07
2009-06-14,0.46380000000000005,0.0,5.41,100,maynas_persiann_cdr_2000_2011.zip,CDR_20090614z.asc,True,0.0,2009-06-14
2009-06-15,0.16689999999999997,0.0,3.32,100,maynas_persiann_cdr_2000_2011.zip,CDR_20090615z.asc,True,0.0,2009-06-14
2009-06-16,26.295299999999997,0.0,77.02,100,maynas_persiann_cdr_2000_2011.zip,CDR_20090616z.asc,True,1.0,2009-06-14
2009-06-17,18.7512,3.91,57.7,100,maynas_persiann_cdr_2000_2011.zip,CDR_20090617z.asc,True,1.0,2009-06-14
2009-06-18,9.093300000000001,0.0,28.04,100,maynas_persiann_cdr_2000_2011.zip,CDR_20090618z.asc,True,1.0,2009-06-14
2009-06-19,5.8288,0.0,24.33,100,maynas_persiann_cdr_2000_2011.zip,CDR_20090619z.asc,True,1.0,2009-06-14
2009-06-20,25.023900000000005,5.11,80.72,100,maynas_persiann_cdr_2000_2011.zip,CDR_20090620z.asc,True,1.0,2009-06-14
2009-06-21,23.1122,0.0,72.63,100,maynas_persiann_cdr_2000_2011.zip,CDR_20090621z.asc,True,1.0,2009-06-21
2009-06-22,4.2172,0.0,38.84,100,maynas_persiann_cdr_2000_2011.zip,CDR_20090622z.asc,True,1.0,2009-06-21
2009-06-23,6.460199999999999,0.0,25.25,100,maynas_persiann_cdr_2000_2011.zip,CDR_20090623z.asc,True,1.0,2009-06-21
2009-06-24,2.7003000000000004,0.0,17.38,100,maynas_persiann_cdr_2000_2011.zip,CDR_20090624z.asc,True,1.0,2009-06-21
2009-06-25,27.156100000000006,6.67,68.42,100,maynas_persiann_cdr_2000_2011.zip,CDR_20090625z.asc,True,1.0,2009-06-21
2009-06-26,10.7193,0.0,34.2,100,maynas_persiann_cdr_2000_2011.zip,CDR_20090626z.asc,True,1.0,2009-06-21
2009-06-27,15.695999999999996,0.0,52.35,100,maynas_persiann_cdr_2000_2011.zip,CDR_20090627z.asc,True,1.0,2009-06-21
2009-06-28,2.0044999999999997,0.0,10.98,100,maynas_persiann_cdr_2000_2011.zip,CDR_20090628z.asc,True,1.0,2009-06-28
2009-06-29,0.3084,0.0,3.95,100,maynas_persiann_cdr_2000_2011.zip,CDR_20090629z.asc,True,0.0,2009-06-28
2009-06-30,12.874799999999999,0.76,45.28,100,maynas_persiann_cdr_2000_2011.zip,CDR_20090630z.asc,True,1.0,2009-06-28
2009-07-01,1.4141,0.0,8.57,100,maynas_persiann_cdr_2000_2011.zip,CDR_20090701z.asc,True,1.0,2009-06-28
2009-07-02,11.190199999999997,0.0,55.06,100,maynas_persiann_cdr_2000_2011.zip,CDR_20090702z.asc,True,1.0,2009-06-28
2009-07-03,15.150400000000001,0.0,54.0,100,maynas_persiann_cdr_2000_2011.zip,CDR_20090703z.asc,True,1.0,2009-06-28
2009-07-04,11.568100000000001,0.0,53.7,100,maynas_persiann_cdr_2000_2011.zip,CDR_20090704z.asc,True,1.0,2009-06-28
2009-07-05,2.9166000000000003,0.0,20.75,100,maynas_persiann_cdr_2000_2011.zip,CDR_20090705z.asc,True,1.0,2009-07-05
2009-07-06,15.446999999999997,3.01,51.9,100,maynas_persiann_cdr_2000_2011.zip,CDR_20090706z.asc,True,1.0,2009-07-05
2009-07-07,12.409099999999999,0.0,62.2,100,maynas_persiann_cdr_2000_2011.zip,CDR_20090707z.asc,True,1.0,2009-07-05
2009-07-08,19.060200000000002,1.51,60.07,100,maynas_persiann_cdr_2000_2011.zip,CDR_20090708z.asc,True,1.0,2009-07-05
2009-07-09,12.883400000000002,2.62,35.8,100,maynas_persiann_cdr_2000_2011.zip,CDR_20090709z.asc,True,1.0,2009-07-05
2009-07-10,4.1833,0.0,12.99,100,maynas_persiann_cdr_2000_2011.zip,CDR_20090710z.asc,True,1.0,2009-07-05
2009-07-11,1.175,0.0,7.61,100,maynas_persiann_cdr_2000_2011.zip,CDR_20090711z.asc,True,1.0,2009-07-05
2009-07-12,6.896499999999999,0.0,31.3,100,maynas_persiann_cdr_2000_2011.zip,CDR_20090712z.asc,True,1.0,2009-07-12
2009-07-13,9.947199999999999,0.0,45.72,100,maynas_persiann_cdr_2000_2011.zip,CDR_20090713z.asc,True,1.0,2009-07-12
2009-07-14,4.6639,0.0,21.27,100,maynas_persiann_cdr_2000_2011.zip,CDR_20090714z.asc,True,1.0,2009-07-12
2009-07-15,2.7584999999999997,0.0,30.03,100,maynas_persiann_cdr_2000_2011.zip,CDR_20090715z.asc,True,1.0,2009-07-12
2009-07-16,2.9284,0.0,14.69,100,maynas_persiann_cdr_2000_2011.zip,CDR_20090716z.asc,True,1.0,2009-07-12
2009-07-17,3.375,0.0,15.24,100,maynas_persiann_cdr_2000_2011.zip,CDR_20090717z.asc,True,1.0,2009-07-12
2009-07-18,3.8393,0.0,22.46,100,maynas_persiann_cdr_2000_2011.zip,CDR_20090718z.asc,True,1.0,2009-07-12
2009-07-19,9.1738,0.0,34.85,100,maynas_persiann_cdr_2000_2011.zip,CDR_20090719z.asc,True,1.0,2009-07-19
2009-07-20,0.4226,0.0,6.17,100,maynas_persiann_cdr_2000_2011.zip,CDR_20090720z.asc,True,0.0,2009-07-19
2009-07-21,1.3876000000000002,0.0,9.04,100,maynas_persiann_cdr_2000_2011.zip,CDR_20090721z.asc,True,1.0,2009-07-19
2009-07-22,6.2532,0.0,31.85,100,maynas_persiann_cdr_2000_2011.zip,CDR_20090722z.asc,True,1.0,2009-07-19
2009-07-23,27.569200000000002,3.22,72.01,100,maynas_persiann_cdr_2000_2011.zip,CDR_20090723z.asc,True,1.0,2009-07-19
2009-07-24,10.9317,0.95,43.3,100,maynas_persiann_cdr_2000_2011.zip,CDR_20090724z.asc,True,1.0,2009-07-19
2009-07-25,12.0956,1.33,32.51,100,maynas_persiann_cdr_2000_2011.zip,CDR_20090725z.asc,True,1.0,2009-07-19
2009-07-26,4.416200000000001,0.0,27.73,100,maynas_persiann_cdr_2000_2011.zip,CDR_20090726z.asc,True,1.0,2009-07-26
2009-07-27,0.0646,0.0,2.49,100,maynas_persiann_cdr_2000_2011.zip,CDR_20090727z.asc,True,0.0,2009-07-26
2009-07-28,0.024,0.0,1.24,100,maynas_persiann_cdr_2000_2011.zip,CDR_20090728z.asc,True,0.0,2009-07-26
2009-07-29,0.0663,0.0,2.05,100,maynas_persiann_cdr_2000_2011.zip,CDR_20090729z.asc,True,0.0,2009-07-26
2009-07-30,3.9950999999999994,0.0,32.53,100,maynas_persiann_cdr_2000_2011.zip,CDR_20090730z.asc,True,1.0,2009-07-26
2009-07-31,3.0087,0.0,32.79,100,maynas_persiann_cdr_2000_2011.zip,CDR_20090731z.asc,True,1.0,2009-07-26
2009-08-01,4.032299999999999,0.0,8.9,100,maynas_persiann_cdr_2000_2011.zip,CDR_20090801z.asc,True,1.0,2009-07-26
2009-08-02,0.6800999999999999,0.0,6.54,100,maynas_persiann_cdr_2000_2011.zip,CDR_20090802z.asc,True,0.0,2009-08-02
2009-08-03,6.560999999999999,0.0,24.8,100,maynas_persiann_cdr_2000_2011.zip,CDR_20090803z.asc,True,1.0,2009-08-02
2009-08-04,2.7563000000000004,0.0,11.88,100,maynas_persiann_cdr_2000_2011.zip,CDR_20090804z.asc,True,1.0,2009-08-02
2009-08-05,1.9044000000000003,0.0,11.47,100,maynas_persiann_cdr_2000_2011.zip,CDR_20090805z.asc,True,1.0,2009-08-02
2009-08-06,4.5489999999999995,0.0,18.38,100,maynas_persiann_cdr_2000_2011.zip,CDR_20090806z.asc,True,1.0,2009-08-02
2009-08-07,14.600500000000002,2.32,36.66,100,maynas_persiann_cdr_2000_2011.zip,CDR_20090807z.asc,True,1.0,2009-08-02
2009-08-08,8.8315,0.0,32.49,100,maynas_persiann_cdr_2000_2011.zip,CDR_20090808z.asc,True,1.0,2009-08-02
2009-08-09,4.1121,0.0,12.07,100,maynas_persiann_cdr_2000_2011.zip,CDR_20090809z.asc,True,1.0,2009-08-09
2009-08-10,9.008000000000001,0.64,25.13,100,maynas_persiann_cdr_2000_2011.zip,CDR_20090810z.asc,True,1.0,2009-08-09
2009-08-11,13.089099999999998,2.18,39.64,100,maynas_persiann_cdr_2000_2011.zip,CDR_20090811z.asc,True,1.0,2009-08-09
2009-08-12,0.5359,0.0,2.86,100,maynas_persiann_cdr_2000_2011.zip,CDR_20090812z.asc,True,0.0,2009-08-09
2009-08-13,0.08879999999999999,0.0,3.73,100,maynas_persiann_cdr_2000_2011.zip,CDR_20090813z.asc,True,0.0,2009-08-09
2009-08-14,0.6204,0.0,5.94,100,maynas_persiann_cdr_2000_2011.zip,CDR_20090814z.asc,True,0.0,2009-08-09
2009-08-15,4.1663,0.0,18.13,100,maynas_persiann_cdr_2000_2011.zip,CDR_20090815z.asc,True,1.0,2009-08-09
2009-08-16,0.7525999999999999,0.0,15.29,100,maynas_persiann_cdr_2000_2011.zip,CDR_20090816z.asc,True,0.0,2009-08-16
2009-08-17,10.1379,0.0,37.72,100,maynas_persiann_cdr_2000_2011.zip,CDR_20090817z.asc,True,1.0,2009-08-16
2009-08-18,15.173,0.58,40.4,100,maynas_persiann_cdr_2000_2011.zip,CDR_20090818z.asc,True,1.0,2009-08-16
2009-08-19,13.2602,0.0,35.56,100,maynas_persiann_cdr_2000_2011.zip,CDR_20090819z.asc,True,1.0,2009-08-16
2009-08-20,3.132599999999999,0.0,17.75,100,maynas_persiann_cdr_2000_2011.zip,CDR_20090820z.asc,True,1.0,2009-08-16
2009-08-21,17.4942,1.19,54.24,100,maynas_persiann_cdr_2000_2011.zip,CDR_20090821z.asc,True,1.0,2009-08-16
2009-08-22,24.901000000000003,6.36,53.33,100,maynas_persiann_cdr_2000_2011.zip,CDR_20090822z.asc,True,1.0,2009-08-16
2009-08-23,9.7097,0.0,26.72,100,maynas_persiann_cdr_2000_2011.zip,CDR_20090823z.asc,True,1.0,2009-08-23
2009-08-24,21.5207,1.65,51.29,100,maynas_persiann_cdr_2000_2011.zip,CDR_20090824z.asc,True,1.0,2009-08-23
2009-08-25,27.7684,4.19,62.83,100,maynas_persiann_cdr_2000_2011.zip,CDR_20090825z.asc,True,1.0,2009-08-23
2009-08-26,19.186700000000002,2.53,35.95,100,maynas_persiann_cdr_2000_2011.zip,CDR_20090826z.asc,True,1.0,2009-08-23
2009-08-27,1.8847999999999998,0.0,16.05,100,maynas_persiann_cdr_2000_2011.zip,CDR_20090827z.asc,True,1.0,2009-08-23
2009-08-28,6.398700000000002,0.0,26.86,100,maynas_persiann_cdr_2000_2011.zip,CDR_20090828z.asc,True,1.0,2009-08-23
2009-08-29,4.3565,0.0,20.19,100,maynas_persiann_cdr_2000_2011.zip,CDR_20090829z.asc,True,1.0,2009-08-23
2009-08-30,6.5214000000000025,0.52,28.64,100,maynas_persiann_cdr_2000_2011.zip,CDR_20090830z.asc,True,1.0,2009-08-30
2009-08-31,1.8743999999999996,0.0,10.7,100,maynas_persiann_cdr_2000_2011.zip,CDR_20090831z.asc,True,1.0,2009-08-30
2009-09-01,6.175699999999999,0.0,22.68,100,maynas_persiann_cdr_2000_2011.zip,CDR_20090901z.asc,True,1.0,2009-08-30
2009-09-02,1.7309999999999999,0.0,13.04,100,maynas_persiann_cdr_2000_2011.zip,CDR_20090902z.asc,True,1.0,2009-08-30
2009-09-03,5.217400000000001,0.0,39.95,100,maynas_persiann_cdr_2000_2011.zip,CDR_20090903z.asc,True,1.0,2009-08-30
2009-09-04,3.185900000000001,0.0,13.02,100,maynas_persiann_cdr_2000_2011.zip,CDR_20090904z.asc,True,1.0,2009-08-30
2009-09-05,3.0082,0.0,16.95,100,maynas_persiann_cdr_2000_2011.zip,CDR_20090905z.asc,True,1.0,2009-08-30
2009-09-06,1.1458,0.0,15.89,100,maynas_persiann_cdr_2000_2011.zip,CDR_20090906z.asc,True,1.0,2009-09-06
2009-09-07,0.025,0.0,0.64,100,maynas_persiann_cdr_2000_2011.zip,CDR_20090907z.asc,True,0.0,2009-09-06
2009-09-08,1.2729000000000001,0.0,13.46,100,maynas_persiann_cdr_2000_2011.zip,CDR_20090908z.asc,True,1.0,2009-09-06
2009-09-09,5.4140999999999995,0.0,27.07,100,maynas_persiann_cdr_2000_2011.zip,CDR_20090909z.asc,True,1.0,2009-09-06
2009-09-10,13.2426,0.0,37.18,100,maynas_persiann_cdr_2000_2011.zip,CDR_20090910z.asc,True,1.0,2009-09-06
2009-09-11,7.5996999999999995,0.0,22.62,100,maynas_persiann_cdr_2000_2011.zip,CDR_20090911z.asc,True,1.0,2009-09-06
2009-09-12,0.7239,0.0,4.89,100,maynas_persiann_cdr_2000_2011.zip,CDR_20090912z.asc,True,0.0,2009-09-06
2009-09-13,0.005600000000000001,0.0,0.56,100,maynas_persiann_cdr_2000_2011.zip,CDR_20090913z.asc,True,0.0,2009-09-13
2009-09-14,0.0157,0.0,0.61,100,maynas_persiann_cdr_2000_2011.zip,CDR_20090914z.asc,True,0.0,2009-09-13
2009-09-15,6.143500000000001,0.0,18.73,100,maynas_persiann_cdr_2000_2011.zip,CDR_20090915z.asc,True,1.0,2009-09-13
2009-09-16,13.344500000000004,3.48,24.27,100,maynas_persiann_cdr_2000_2011.zip,CDR_20090916z.asc,True,1.0,2009-09-13
2009-09-17,6.7056,0.0,30.64,100,maynas_persiann_cdr_2000_2011.zip,CDR_20090917z.asc,True,1.0,2009-09-13
2009-09-18,4.5964,0.0,35.9,100,maynas_persiann_cdr_2000_2011.zip,CDR_20090918z.asc,True,1.0,2009-09-13
2009-09-19,16.3108,1.93,38.65,100,maynas_persiann_cdr_2000_2011.zip,CDR_20090919z.asc,True,1.0,2009-09-13
2009-09-20,5.284299999999999,0.0,23.64,100,maynas_persiann_cdr_2000_2011.zip,CDR_20090920z.asc,True,1.0,2009-09-20
2009-09-21,13.982200000000002,1.92,37.99,100,maynas_persiann_cdr_2000_2011.zip,CDR_20090921z.asc,True,1.0,2009-09-20
2009-09-22,16.334399999999995,3.44,33.64,100,maynas_persiann_cdr_2000_2011.zip,CDR_20090922z.asc,True,1.0,2009-09-20
2009-09-23,2.3153,0.0,11.0,100,maynas_persiann_cdr_2000_2011.zip,CDR_20090923z.asc,True,1.0,2009-09-20
2009-09-24,5.6711,0.0,20.99,100,maynas_persiann_cdr_2000_2011.zip,CDR_20090924z.asc,True,1.0,2009-09-20
2009-09-25,9.400200000000002,1.07,25.97,100,maynas_persiann_cdr_2000_2011.zip,CDR_20090925z.asc,True,1.0,2009-09-20
2009-09-26,7.577999999999999,1.25,16.09,100,maynas_persiann_cdr_2000_2011.zip,CDR_20090926z.asc,True,1.0,2009-09-20
2009-09-27,3.4044,0.0,18.22,100,maynas_persiann_cdr_2000_2011.zip,CDR_20090927z.asc,True,1.0,2009-09-27
2009-09-28,3.7583,0.0,14.44,100,maynas_persiann_cdr_2000_2011.zip,CDR_20090928z.asc,True,1.0,2009-09-27
2009-09-29,5.419,0.0,22.65,100,maynas_persiann_cdr_2000_2011.zip,CDR_20090929z.asc,True,1.0,2009-09-27
2009-09-30,5.58,0.61,13.11,100,maynas_persiann_cdr_2000_2011.zip,CDR_20090930z.asc,True,1.0,2009-09-27
2009-10-01,1.4445999999999999,0.0,8.12,100,maynas_persiann_cdr_2000_2011.zip,CDR_20091001z.asc,True,1.0,2009-09-27
2009-10-02,1.4088,0.0,9.33,100,maynas_persiann_cdr_2000_2011.zip,CDR_20091002z.asc,True,1.0,2009-09-27
2009-10-03,5.6868,0.0,22.06,100,maynas_persiann_cdr_2000_2011.zip,CDR_20091003z.asc,True,1.0,2009-09-27
2009-10-04,3.4298,0.0,15.95,100,maynas_persiann_cdr_2000_2011.zip,CDR_20091004z.asc,True,1.0,2009-10-04
2009-10-05,1.2943,0.0,5.78,100,maynas_persiann_cdr_2000_2011.zip,CDR_20091005z.asc,True,1.0,2009-10-04
2009-10-06,2.7213000000000007,0.0,16.28,100,maynas_persiann_cdr_2000_2011.zip,CDR_20091006z.asc,True,1.0,2009-10-04
2009-10-07,8.3703,0.0,24.02,100,maynas_persiann_cdr_2000_2011.zip,CDR_20091007z.asc,True,1.0,2009-10-04
2009-10-08,9.9923,3.2,26.11,100,maynas_persiann_cdr_2000_2011.zip,CDR_20091008z.asc,True,1.0,2009-10-04
2009-10-09,3.7300999999999997,0.0,16.68,100,maynas_persiann_cdr_2000_2011.zip,CDR_20091009z.asc,True,1.0,2009-10-04
2009-10-10,0.8505000000000001,0.0,5.44,100,maynas_persiann_cdr_2000_2011.zip,CDR_20091010z.asc,True,0.0,2009-10-04
2009-10-11,2.6041000000000003,0.0,20.1,100,maynas_persiann_cdr_2000_2011.zip,CDR_20091011z.asc,True,1.0,2009-10-11
2009-10-12,0.8736999999999998,0.0,5.8,100,maynas_persiann_cdr_2000_2011.zip,CDR_20091012z.asc,True,0.0,2009-10-11
2009-10-13,1.6334000000000004,0.0,16.62,100,maynas_persiann_cdr_2000_2011.zip,CDR_20091013z.asc,True,1.0,2009-10-11
2009-10-14,32.70440000000001,3.16,65.78,100,maynas_persiann_cdr_2000_2011.zip,CDR_20091014z.asc,True,1.0,2009-10-11
2009-10-15,3.415,0.0,12.38,100,maynas_persiann_cdr_2000_2011.zip,CDR_20091015z.asc,True,1.0,2009-10-11
2009-10-16,9.697700000000001,0.0,21.04,100,maynas_persiann_cdr_2000_2011.zip,CDR_20091016z.asc,True,1.0,2009-10-11
2009-10-17,13.509899999999998,3.47,35.1,100,maynas_persiann_cdr_2000_2011.zip,CDR_20091017z.asc,True,1.0,2009-10-11
2009-10-18,11.970899999999999,5.17,26.59,100,maynas_persiann_cdr_2000_2011.zip,CDR_20091018z.asc,True,1.0,2009-10-18
2009-10-19,4.4487,0.0,20.95,100,maynas_persiann_cdr_2000_2011.zip,CDR_20091019z.asc,True,1.0,2009-10-18
2009-10-20,2.0376999999999996,0.0,17.17,100,maynas_persiann_cdr_2000_2011.zip,CDR_20091020z.asc,True,1.0,2009-10-18
2009-10-21,20.8013,1.58,46.22,100,maynas_persiann_cdr_2000_2011.zip,CDR_20091021z.asc,True,1.0,2009-10-18
2009-10-22,27.474999999999994,0.87,64.98,100,maynas_persiann_cdr_2000_2011.zip,CDR_20091022z.asc,True,1.0,2009-10-18
2009-10-23,8.6674,1.54,23.93,100,maynas_persiann_cdr_2000_2011.zip,CDR_20091023z.asc,True,1.0,2009-10-18
2009-10-24,13.325000000000003,4.81,41.73,100,maynas_persiann_cdr_2000_2011.zip,CDR_20091024z.asc,True,1.0,2009-10-18
2009-10-25,11.0316,2.6,26.29,100,maynas_persiann_cdr_2000_2011.zip,CDR_20091025z.asc,True,1.0,2009-10-25
2009-10-26,10.271600000000001,1.96,30.73,100,maynas_persiann_cdr_2000_2011.zip,CDR_20091026z.asc,True,1.0,2009-10-25
2009-10-27,5.344000000000001,0.0,19.26,100,maynas_persiann_cdr_2000_2011.zip,CDR_20091027z.asc,True,1.0,2009-10-25
2009-10-28,3.8299999999999996,0.0,19.7,100,maynas_persiann_cdr_2000_2011.zip,CDR_20091028z.asc,True,1.0,2009-10-25
2009-10-29,7.7545,0.0,20.23,100,maynas_persiann_cdr_2000_2011.zip,CDR_20091029z.asc,True,1.0,2009-10-25
2009-10-30,13.510400000000002,4.07,33.42,100,maynas_persiann_cdr_2000_2011.zip,CDR_20091030z.asc,True,1.0,2009-10-25
2009-10-31,3.292,0.0,15.18,100,maynas_persiann_cdr_2000_2011.zip,CDR_20091031z.asc,True,1.0,2009-10-25
2009-11-01,2.9942,0.0,18.37,100,maynas_persiann_cdr_2000_2011.zip,CDR_20091101z.asc,True,1.0,2009-11-01
2009-11-02,5.8924,0.29,20.59,100,maynas_persiann_cdr_2000_2011.zip,CDR_20091102z.asc,True,1.0,2009-11-01
2009-11-03,22.4783,5.68,36.24,100,maynas_persiann_cdr_2000_2011.zip,CDR_20091103z.asc,True,1.0,2009-11-01
2009-11-04,8.956199999999999,1.35,22.4,100,maynas_persiann_cdr_2000_2011.zip,CDR_20091104z.asc,True,1.0,2009-11-01
2009-11-05,2.5953,0.0,14.18,100,maynas_persiann_cdr_2000_2011.zip,CDR_20091105z.asc,True,1.0,2009-11-01
2009-11-06,3.3381000000000007,0.0,12.68,100,maynas_persiann_cdr_2000_2011.zip,CDR_20091106z.asc,True,1.0,2009-11-01
2009-11-07,4.9073,0.0,19.86,100,maynas_persiann_cdr_2000_2011.zip,CDR_20091107z.asc,True,1.0,2009-11-01
2009-11-08,23.0496,13.44,37.04,100,maynas_persiann_cdr_2000_2011.zip,CDR_20091108z.asc,True,1.0,2009-11-08
2009-11-09,9.8556,1.7,27.25,100,maynas_persiann_cdr_2000_2011.zip,CDR_20091109z.asc,True,1.0,2009-11-08
2009-11-10,3.2878999999999996,0.0,18.64,100,maynas_persiann_cdr_2000_2011.zip,CDR_20091110z.asc,True,1.0,2009-11-08
2009-11-11,9.1881,2.15,22.22,100,maynas_persiann_cdr_2000_2011.zip,CDR_20091111z.asc,True,1.0,2009-11-08
2009-11-12,11.808500000000002,2.19,22.44,100,maynas_persiann_cdr_2000_2011.zip,CDR_20091112z.asc,True,1.0,2009-11-08
2009-11-13,6.0519,0.0,19.62,100,maynas_persiann_cdr_2000_2011.zip,CDR_20091113z.asc,True,1.0,2009-11-08
2009-11-14,0.22480000000000003,0.0,2.21,100,maynas_persiann_cdr_2000_2011.zip,CDR_20091114z.asc,True,0.0,2009-11-08
2009-11-15,0.08770000000000001,0.0,2.22,100,maynas_persiann_cdr_2000_2011.zip,CDR_20091115z.asc,True,0.0,2009-11-15
2009-11-16,3.5033999999999996,0.0,12.83,100,maynas_persiann_cdr_2000_2011.zip,CDR_20091116z.asc,True,1.0,2009-11-15
2009-11-17,8.2818,0.86,22.71,100,maynas_persiann_cdr_2000_2011.zip,CDR_20091117z.asc,True,1.0,2009-11-15
2009-11-18,14.808900000000001,4.23,23.87,100,maynas_persiann_cdr_2000_2011.zip,CDR_20091118z.asc,True,1.0,2009-11-15
2009-11-19,2.9070000000000005,0.0,13.51,100,maynas_persiann_cdr_2000_2011.zip,CDR_20091119z.asc,True,1.0,2009-11-15
2009-11-20,3.3832,0.0,12.89,100,maynas_persiann_cdr_2000_2011.zip,CDR_20091120z.asc,True,1.0,2009-11-15
2009-11-21,5.4002,1.43,16.01,100,maynas_persiann_cdr_2000_2011.zip,CDR_20091121z.asc,True,1.0,2009-11-15
2009-11-22,8.495699999999998,1.27,16.16,100,maynas_persiann_cdr_2000_2011.zip,CDR_20091122z.asc,True,1.0,2009-11-22
2009-11-23,5.2263,0.0,18.7,100,maynas_persiann_cdr_2000_2011.zip,CDR_20091123z.asc,True,1.0,2009-11-22
2009-11-24,13.6085,2.24,34.24,100,maynas_persiann_cdr_2000_2011.zip,CDR_20091124z.asc,True,1.0,2009-11-22
2009-11-25,3.6704000000000003,0.0,13.9,100,maynas_persiann_cdr_2000_2011.zip,CDR_20091125z.asc,True,1.0,2009-11-22
2009-11-26,4.8675,0.32,13.69,100,maynas_persiann_cdr_2000_2011.zip,CDR_20091126z.asc,True,1.0,2009-11-22
2009-11-27,12.626700000000001,2.88,27.01,100,maynas_persiann_cdr_2000_2011.zip,CDR_20091127z.asc,True,1.0,2009-11-22
2009-11-28,16.862099999999998,4.25,27.89,100,maynas_persiann_cdr_2000_2011.zip,CDR_20091128z.asc,True,1.0,2009-11-22
2009-11-29,3.9798999999999993,0.0,18.81,100,maynas_persiann_cdr_2000_2011.zip,CDR_20091129z.asc,True,1.0,2009-11-29
2009-11-30,19.177900000000005,2.46,36.9,100,maynas_persiann_cdr_2000_2011.zip,CDR_20091130z.asc,True,1.0,2009-11-29
2009-12-01,10.2398,1.94,28.94,100,maynas_persiann_cdr_2000_2011.zip,CDR_20091201z.asc,True,1.0,2009-11-29
2009-12-02,13.900699999999999,1.43,30.67,100,maynas_persiann_cdr_2000_2011.zip,CDR_20091202z.asc,True,1.0,2009-11-29
2009-12-03,21.126199999999997,3.03,45.43,100,maynas_persiann_cdr_2000_2011.zip,CDR_20091203z.asc,True,1.0,2009-11-29
2009-12-04,21.492899999999995,2.14,63.94,100,maynas_persiann_cdr_2000_2011.zip,CDR_20091204z.asc,True,1.0,2009-11-29
2009-12-05,12.5098,0.0,35.04,100,maynas_persiann_cdr_2000_2011.zip,CDR_20091205z.asc,True,1.0,2009-11-29
2009-12-06,1.7775999999999998,0.0,14.05,100,maynas_persiann_cdr_2000_2011.zip,CDR_20091206z.asc,True,1.0,2009-12-06
2009-12-07,0.4251,0.0,8.56,100,maynas_persiann_cdr_2000_2011.zip,CDR_20091207z.asc,True,0.0,2009-12-06
2009-12-08,2.3758999999999997,0.0,15.19,100,maynas_persiann_cdr_2000_2011.zip,CDR_20091208z.asc,True,1.0,2009-12-06
2009-12-09,13.697299999999995,0.54,44.15,100,maynas_persiann_cdr_2000_2011.zip,CDR_20091209z.asc,True,1.0,2009-12-06
2009-12-10,7.9346000000000005,1.69,21.16,100,maynas_persiann_cdr_2000_2011.zip,CDR_20091210z.asc,True,1.0,2009-12-06
2009-12-11,11.259099999999998,1.16,30.61,100,maynas_persiann_cdr_2000_2011.zip,CDR_20091211z.asc,True,1.0,2009-12-06
2009-12-12,24.149700000000003,5.92,44.41,100,maynas_persiann_cdr_2000_2011.zip,CDR_20091212z.asc,True,1.0,2009-12-06
2009-12-13,3.6707000000000005,0.0,20.34,100,maynas_persiann_cdr_2000_2011.zip,CDR_20091213z.asc,True,1.0,2009-12-13
2009-12-14,8.0911,0.0,29.86,100,maynas_persiann_cdr_2000_2011.zip,CDR_20091214z.asc,True,1.0,2009-12-13
2009-12-15,5.001799999999999,0.0,31.88,100,maynas_persiann_cdr_2000_2011.zip,CDR_20091215z.asc,True,1.0,2009-12-13
2009-12-16,14.847499999999998,0.0,46.94,100,maynas_persiann_cdr_2000_2011.zip,CDR_20091216z.asc,True,1.0,2009-12-13
2009-12-17,0.6110000000000001,0.0,7.06,100,maynas_persiann_cdr_2000_2011.zip,CDR_20091217z.asc,True,0.0,2009-12-13
2009-12-18,6.944699999999999,0.0,28.96,100,maynas_persiann_cdr_2000_2011.zip,CDR_20091218z.asc,True,1.0,2009-12-13
2009-12-19,31.442400000000003,8.51,66.51,100,maynas_persiann_cdr_2000_2011.zip,CDR_20091219z.asc,True,1.0,2009-12-13
2009-12-20,13.680300000000003,1.79,40.69,100,maynas_persiann_cdr_2000_2011.zip,CDR_20091220z.asc,True,1.0,2009-12-20
2009-12-21,5.914099999999999,0.0,17.99,100,maynas_persiann_cdr_2000_2011.zip,CDR_20091221z.asc,True,1.0,2009-12-20
2009-12-22,21.358399999999996,3.58,41.83,100,maynas_persiann_cdr_2000_2011.zip,CDR_20091222z.asc,True,1.0,2009-12-20
2009-12-23,14.9276,1.4,43.92,100,maynas_persiann_cdr_2000_2011.zip,CDR_20091223z.asc,True,1.0,2009-12-20
2009-12-24,5.021299999999999,0.0,13.91,100,maynas_persiann_cdr_2000_2011.zip,CDR_20091224z.asc,True,1.0,2009-12-20
2009-12-25,12.1385,2.35,39.16,100,maynas_persiann_cdr_2000_2011.zip,CDR_20091225z.asc,True,1.0,2009-12-20
2009-12-26,24.455599999999993,12.22,53.56,100,maynas_persiann_cdr_2000_2011.zip,CDR_20091226z.asc,True,1.0,2009-12-20
2009-12-27,13.7226,0.48,30.9,100,maynas_persiann_cdr_2000_2011.zip,CDR_20091227z.asc,True,1.0,2009-12-27
2009-12-28,1.8381999999999998,0.0,12.31,100,maynas_persiann_cdr_2000_2011.zip,CDR_20091228z.asc,True,1.0,2009-12-27
2009-12-29,0.8473,0.0,6.0,100,maynas_persiann_cdr_2000_2011.zip,CDR_20091229z.asc,True,0.0,2009-12-27
2009-12-30,1.9013999999999998,0.0,14.83,100,maynas_persiann_cdr_2000_2011.zip,CDR_20091230z.asc,True,1.0,2009-12-27
2009-12-31,6.8849,0.0,30.25,100,maynas_persiann_cdr_2000_2011.zip,CDR_20091231z.asc,True,1.0,2009-12-27
2010-01-01,0.17590000000000003,0.0,2.62,100,maynas_persiann_cdr_2000_2011.zip,CDR_20100101z.asc,True,0.0,2009-12-27
2010-01-02,0.2148,0.0,5.41,100,maynas_persiann_cdr_2000_2011.zip,CDR_20100102z.asc,True,0.0,2009-12-27
2010-01-03,0.13379999999999997,0.0,1.95,100,maynas_persiann_cdr_2000_2011.zip,CDR_20100103z.asc,True,0.0,2010-01-03
2010-01-04,0.5791,0.0,6.4,100,maynas_persiann_cdr_2000_2011.zip,CDR_20100104z.asc,True,0.0,2010-01-03
2010-01-05,0.618,0.0,6.72,100,maynas_persiann_cdr_2000_2011.zip,CDR_20100105z.asc,True,0.0,2010-01-03
2010-01-06,2.429900000000001,0.0,22.63,100,maynas_persiann_cdr_2000_2011.zip,CDR_20100106z.asc,True,1.0,2010-01-03
2010-01-07,11.401399999999999,0.61,32.26,100,maynas_persiann_cdr_2000_2011.zip,CDR_20100107z.asc,True,1.0,2010-01-03
2010-01-08,4.855299999999999,0.0,16.74,100,maynas_persiann_cdr_2000_2011.zip,CDR_20100108z.asc,True,1.0,2010-01-03
2010-01-09,5.091000000000001,0.0,28.64,100,maynas_persiann_cdr_2000_2011.zip,CDR_20100109z.asc,True,1.0,2010-01-03
2010-01-10,12.848800000000004,0.0,39.7,100,maynas_persiann_cdr_2000_2011.zip,CDR_20100110z.asc,True,1.0,2010-01-10
2010-01-11,11.1897,0.85,30.35,100,maynas_persiann_cdr_2000_2011.zip,CDR_20100111z.asc,True,1.0,2010-01-10
2010-01-12,2.938,0.0,10.35,100,maynas_persiann_cdr_2000_2011.zip,CDR_20100112z.asc,True,1.0,2010-01-10
2010-01-13,5.229299999999999,0.0,33.79,100,maynas_persiann_cdr_2000_2011.zip,CDR_20100113z.asc,True,1.0,2010-01-10
2010-01-14,2.9282999999999997,0.0,16.82,100,maynas_persiann_cdr_2000_2011.zip,CDR_20100114z.asc,True,1.0,2010-01-10
2010-01-15,3.3610999999999995,0.0,19.97,100,maynas_persiann_cdr_2000_2011.zip,CDR_20100115z.asc,True,1.0,2010-01-10
2010-01-16,2.1856999999999998,0.0,10.93,100,maynas_persiann_cdr_2000_2011.zip,CDR_20100116z.asc,True,1.0,2010-01-10
2010-01-17,0.9736000000000001,0.0,9.13,100,maynas_persiann_cdr_2000_2011.zip,CDR_20100117z.asc,True,0.0,2010-01-17
2010-01-18,2.7820000000000005,0.0,18.57,100,maynas_persiann_cdr_2000_2011.zip,CDR_20100118z.asc,True,1.0,2010-01-17
2010-01-19,9.309699999999998,0.0,29.59,100,maynas_persiann_cdr_2000_2011.zip,CDR_20100119z.asc,True,1.0,2010-01-17
2010-01-20,15.525099999999995,0.0,51.55,100,maynas_persiann_cdr_2000_2011.zip,CDR_20100120z.asc,True,1.0,2010-01-17
2010-01-21,22.231200000000005,0.0,59.45,100,maynas_persiann_cdr_2000_2011.zip,CDR_20100121z.asc,True,1.0,2010-01-17
2010-01-22,12.9149,1.41,36.52,100,maynas_persiann_cdr_2000_2011.zip,CDR_20100122z.asc,True,1.0,2010-01-17
2010-01-23,8.4173,0.0,30.47,100,maynas_persiann_cdr_2000_2011.zip,CDR_20100123z.asc,True,1.0,2010-01-17
2010-01-24,16.1779,2.87,45.03,100,maynas_persiann_cdr_2000_2011.zip,CDR_20100124z.asc,True,1.0,2010-01-24
2010-01-25,34.1319,8.45,67.9,100,maynas_persiann_cdr_2000_2011.zip,CDR_20100125z.asc,True,1.0,2010-01-24
2010-01-26,24.5023,1.96,50.29,100,maynas_persiann_cdr_2000_2011.zip,CDR_20100126z.asc,True,1.0,2010-01-24
2010-01-27,2.8928000000000003,0.0,14.8,100,maynas_persiann_cdr_2000_2011.zip,CDR_20100127z.asc,True,1.0,2010-01-24
2010-01-28,3.001500000000001,0.0,18.08,100,maynas_persiann_cdr_2000_2011.zip,CDR_20100128z.asc,True,1.0,2010-01-24
2010-01-29,8.161900000000001,0.0,34.67,100,maynas_persiann_cdr_2000_2011.zip,CDR_20100129z.asc,True,1.0,2010-01-24
2010-01-30,0.6911999999999999,0.0,7.44,100,maynas_persiann_cdr_2000_2011.zip,CDR_20100130z.asc,True,0.0,2010-01-24
2010-01-31,1.4572,0.0,9.71,100,maynas_persiann_cdr_2000_2011.zip,CDR_20100131z.asc,True,1.0,2010-01-31
2010-02-01,3.0027,0.0,14.27,100,maynas_persiann_cdr_2000_2011.zip,CDR_20100201z.asc,True,1.0,2010-01-31
2010-02-02,0.13760000000000003,0.0,2.52,100,maynas_persiann_cdr_2000_2011.zip,CDR_20100202z.asc,True,0.0,2010-01-31
2010-02-03,0.32620000000000005,0.0,8.22,100,maynas_persiann_cdr_2000_2011.zip,CDR_20100203z.asc,True,0.0,2010-01-31
2010-02-04,26.053000000000008,4.32,49.98,100,maynas_persiann_cdr_2000_2011.zip,CDR_20100204z.asc,True,1.0,2010-01-31
2010-02-05,4.4055,0.75,10.05,100,maynas_persiann_cdr_2000_2011.zip,CDR_20100205z.asc,True,1.0,2010-01-31
2010-02-06,15.293200000000002,2.65,40.74,100,maynas_persiann_cdr_2000_2011.zip,CDR_20100206z.asc,True,1.0,2010-01-31
2010-02-07,9.0151,0.0,32.72,100,maynas_persiann_cdr_2000_2011.zip,CDR_20100207z.asc,True,1.0,2010-02-07
2010-02-08,6.899500000000001,0.0,27.77,100,maynas_persiann_cdr_2000_2011.zip,CDR_20100208z.asc,True,1.0,2010-02-07
2010-02-09,6.4139,0.0,27.98,100,maynas_persiann_cdr_2000_2011.zip,CDR_20100209z.asc,True,1.0,2010-02-07
2010-02-10,1.2309,0.0,13.41,100,maynas_persiann_cdr_2000_2011.zip,CDR_20100210z.asc,True,1.0,2010-02-07
2010-02-11,0.6567000000000001,0.0,5.96,100,maynas_persiann_cdr_2000_2011.zip,CDR_20100211z.asc,True,0.0,2010-02-07
2010-02-12,1.5804999999999998,0.0,14.7,100,maynas_persiann_cdr_2000_2011.zip,CDR_20100212z.asc,True,1.0,2010-02-07
2010-02-13,1.8311000000000002,0.0,14.2,100,maynas_persiann_cdr_2000_2011.zip,CDR_20100213z.asc,True,1.0,2010-02-07
2010-02-14,1.5822999999999998,0.0,15.0,100,maynas_persiann_cdr_2000_2011.zip,CDR_20100214z.asc,True,1.0,2010-02-14
2010-02-15,4.9732,0.0,28.33,100,maynas_persiann_cdr_2000_2011.zip,CDR_20100215z.asc,True,1.0,2010-02-14
2010-02-16,14.2351,0.0,52.56,100,maynas_persiann_cdr_2000_2011.zip,CDR_20100216z.asc,True,1.0,2010-02-14
2010-02-17,17.4105,0.0,47.67,100,maynas_persiann_cdr_2000_2011.zip,CDR_20100217z.asc,True,1.0,2010-02-14
2010-02-18,6.8290999999999995,0.0,27.85,100,maynas_persiann_cdr_2000_2011.zip,CDR_20100218z.asc,True,1.0,2010-02-14
2010-02-19,2.4506000000000006,0.0,15.97,100,maynas_persiann_cdr_2000_2011.zip,CDR_20100219z.asc,True,1.0,2010-02-14
2010-02-20,6.515699999999999,0.0,19.92,100,maynas_persiann_cdr_2000_2011.zip,CDR_20100220z.asc,True,1.0,2010-02-14
2010-02-21,18.378899999999998,3.39,39.67,100,maynas_persiann_cdr_2000_2011.zip,CDR_20100221z.asc,True,1.0,2010-02-21
2010-02-22,19.7207,2.25,51.99,100,maynas_persiann_cdr_2000_2011.zip,CDR_20100222z.asc,True,1.0,2010-02-21
2010-02-23,10.318700000000002,0.0,33.14,100,maynas_persiann_cdr_2000_2011.zip,CDR_20100223z.asc,True,1.0,2010-02-21
2010-02-24,21.3139,6.93,38.99,100,maynas_persiann_cdr_2000_2011.zip,CDR_20100224z.asc,True,1.0,2010-02-21
2010-02-25,10.509699999999999,1.13,30.37,100,maynas_persiann_cdr_2000_2011.zip,CDR_20100225z.asc,True,1.0,2010-02-21
2010-02-26,18.083399999999997,6.15,35.63,100,maynas_persiann_cdr_2000_2011.zip,CDR_20100226z.asc,True,1.0,2010-02-21
2010-02-27,5.404100000000001,0.81,24.75,100,maynas_persiann_cdr_2000_2011.zip,CDR_20100227z.asc,True,1.0,2010-02-21
2010-02-28,7.0712,0.0,18.99,100,maynas_persiann_cdr_2000_2011.zip,CDR_20100228z.asc,True,1.0,2010-02-28
2010-03-01,9.295300000000003,1.88,20.21,100,maynas_persiann_cdr_2000_2011.zip,CDR_20100301z.asc,True,1.0,2010-02-28
2010-03-02,15.559599999999998,6.39,42.38,100,maynas_persiann_cdr_2000_2011.zip,CDR_20100302z.asc,True,1.0,2010-02-28
2010-03-03,7.917599999999998,1.24,26.88,100,maynas_persiann_cdr_2000_2011.zip,CDR_20100303z.asc,True,1.0,2010-02-28
2010-03-04,2.4667,0.36,12.9,100,maynas_persiann_cdr_2000_2011.zip,CDR_20100304z.asc,True,1.0,2010-02-28
2010-03-05,6.7292000000000005,0.42,24.59,100,maynas_persiann_cdr_2000_2011.zip,CDR_20100305z.asc,True,1.0,2010-02-28
2010-03-06,8.865099999999998,0.61,28.17,100,maynas_persiann_cdr_2000_2011.zip,CDR_20100306z.asc,True,1.0,2010-02-28
2010-03-07,4.949,0.0,19.12,100,maynas_persiann_cdr_2000_2011.zip,CDR_20100307z.asc,True,1.0,2010-03-07
2010-03-08,17.6704,4.6,40.25,100,maynas_persiann_cdr_2000_2011.zip,CDR_20100308z.asc,True,1.0,2010-03-07
2010-03-09,15.716700000000001,4.21,36.93,100,maynas_persiann_cdr_2000_2011.zip,CDR_20100309z.asc,True,1.0,2010-03-07
2010-03-10,42.190099999999994,17.09,69.35,100,maynas_persiann_cdr_2000_2011.zip,CDR_20100310z.asc,True,1.0,2010-03-07
2010-03-11,5.648700000000002,0.0,19.4,100,maynas_persiann_cdr_2000_2011.zip,CDR_20100311z.asc,True,1.0,2010-03-07
2010-03-12,5.4029,0.0,23.16,100,maynas_persiann_cdr_2000_2011.zip,CDR_20100312z.asc,True,1.0,2010-03-07
2010-03-13,9.3826,0.36,30.22,100,maynas_persiann_cdr_2000_2011.zip,CDR_20100313z.asc,True,1.0,2010-03-07
2010-03-14,33.57,12.17,60.39,100,maynas_persiann_cdr_2000_2011.zip,CDR_20100314z.asc,True,1.0,2010-03-14
2010-03-15,4.485399999999999,0.83,23.9,100,maynas_persiann_cdr_2000_2011.zip,CDR_20100315z.asc,True,1.0,2010-03-14
2010-03-16,18.3223,3.17,49.48,100,maynas_persiann_cdr_2000_2011.zip,CDR_20100316z.asc,True,1.0,2010-03-14
2010-03-17,14.373800000000001,4.46,28.46,100,maynas_persiann_cdr_2000_2011.zip,CDR_20100317z.asc,True,1.0,2010-03-14
2010-03-18,8.8202,1.81,20.77,100,maynas_persiann_cdr_2000_2011.zip,CDR_20100318z.asc,True,1.0,2010-03-14
2010-03-19,1.1234,0.0,3.47,100,maynas_persiann_cdr_2000_2011.zip,CDR_20100319z.asc,True,1.0,2010-03-14
2010-03-20,11.084499999999998,1.79,23.15,100,maynas_persiann_cdr_2000_2011.zip,CDR_20100320z.asc,True,1.0,2010-03-14
2010-03-21,6.0482,0.37,21.96,100,maynas_persiann_cdr_2000_2011.zip,CDR_20100321z.asc,True,1.0,2010-03-21
2010-03-22,6.8048,0.0,23.89,100,maynas_persiann_cdr_2000_2011.zip,CDR_20100322z.asc,True,1.0,2010-03-21
2010-03-23,6.5964,0.0,22.84,100,maynas_persiann_cdr_2000_2011.zip,CDR_20100323z.asc,True,1.0,2010-03-21
2010-03-24,10.049100000000003,0.0,36.38,100,maynas_persiann_cdr_2000_2011.zip,CDR_20100324z.asc,True,1.0,2010-03-21
2010-03-25,5.731300000000001,0.51,18.94,100,maynas_persiann_cdr_2000_2011.zip,CDR_20100325z.asc,True,1.0,2010-03-21
2010-03-26,8.4895,0.0,34.56,100,maynas_persiann_cdr_2000_2011.zip,CDR_20100326z.asc,True,1.0,2010-03-21
2010-03-27,0.4378,0.0,1.82,100,maynas_persiann_cdr_2000_2011.zip,CDR_20100327z.asc,True,0.0,2010-03-21
2010-03-28,0.15839999999999999,0.0,3.26,100,maynas_persiann_cdr_2000_2011.zip,CDR_20100328z.asc,True,0.0,2010-03-28
2010-03-29,14.058500000000004,1.34,52.05,100,maynas_persiann_cdr_2000_2011.zip,CDR_20100329z.asc,True,1.0,2010-03-28
2010-03-30,10.6118,0.46,28.07,100,maynas_persiann_cdr_2000_2011.zip,CDR_20100330z.asc,True,1.0,2010-03-28
2010-03-31,40.38999999999999,20.75,62.62,100,maynas_persiann_cdr_2000_2011.zip,CDR_20100331z.asc,True,1.0,2010-03-28
2010-04-01,2.05,0.0,6.77,100,maynas_persiann_cdr_2000_2011.zip,CDR_20100401z.asc,True,1.0,2010-03-28
2010-04-02,2.2406999999999995,0.0,12.29,100,maynas_persiann_cdr_2000_2011.zip,CDR_20100402z.asc,True,1.0,2010-03-28
2010-04-03,6.929500000000002,0.0,29.63,100,maynas_persiann_cdr_2000_2011.zip,CDR_20100403z.asc,True,1.0,2010-03-28
2010-04-04,19.1891,4.5,61.87,100,maynas_persiann_cdr_2000_2011.zip,CDR_20100404z.asc,True,1.0,2010-04-04
2010-04-05,19.756,5.34,39.57,100,maynas_persiann_cdr_2000_2011.zip,CDR_20100405z.asc,True,1.0,2010-04-04
2010-04-06,7.510699999999999,2.31,23.11,100,maynas_persiann_cdr_2000_2011.zip,CDR_20100406z.asc,True,1.0,2010-04-04
2010-04-07,11.869199999999996,0.0,44.93,100,maynas_persiann_cdr_2000_2011.zip,CDR_20100407z.asc,True,1.0,2010-04-04
2010-04-08,5.325300000000001,0.0,19.88,100,maynas_persiann_cdr_2000_2011.zip,CDR_20100408z.asc,True,1.0,2010-04-04
2010-04-09,0.5945,0.0,5.35,100,maynas_persiann_cdr_2000_2011.zip,CDR_20100409z.asc,True,0.0,2010-04-04
2010-04-10,1.9142000000000001,0.0,10.46,100,maynas_persiann_cdr_2000_2011.zip,CDR_20100410z.asc,True,1.0,2010-04-04
2010-04-11,1.5599,0.0,13.46,100,maynas_persiann_cdr_2000_2011.zip,CDR_20100411z.asc,True,1.0,2010-04-11
2010-04-12,3.3665999999999996,0.0,32.51,100,maynas_persiann_cdr_2000_2011.zip,CDR_20100412z.asc,True,1.0,2010-04-11
2010-04-13,11.194799999999997,0.0,48.03,100,maynas_persiann_cdr_2000_2011.zip,CDR_20100413z.asc,True,1.0,2010-04-11
2010-04-14,32.605999999999995,12.13,62.76,100,maynas_persiann_cdr_2000_2011.zip,CDR_20100414z.asc,True,1.0,2010-04-11
2010-04-15,5.263,1.45,13.11,100,maynas_persiann_cdr_2000_2011.zip,CDR_20100415z.asc,True,1.0,2010-04-11
2010-04-16,5.2048000000000005,0.0,24.54,100,maynas_persiann_cdr_2000_2011.zip,CDR_20100416z.asc,True,1.0,2010-04-11
2010-04-17,20.2987,9.3,41.34,100,maynas_persiann_cdr_2000_2011.zip,CDR_20100417z.asc,True,1.0,2010-04-11
2010-04-18,0.7595000000000001,0.0,2.59,100,maynas_persiann_cdr_2000_2011.zip,CDR_20100418z.asc,True,0.0,2010-04-18
2010-04-19,14.960099999999997,4.19,34.96,100,maynas_persiann_cdr_2000_2011.zip,CDR_20100419z.asc,True,1.0,2010-04-18
2010-04-20,2.6419,0.0,19.33,100,maynas_persiann_cdr_2000_2011.zip,CDR_20100420z.asc,True,1.0,2010-04-18
2010-04-21,0.46989999999999993,0.0,4.4,100,maynas_persiann_cdr_2000_2011.zip,CDR_20100421z.asc,True,0.0,2010-04-18
2010-04-22,12.8202,3.26,21.38,100,maynas_persiann_cdr_2000_2011.zip,CDR_20100422z.asc,True,1.0,2010-04-18
2010-04-23,2.4377,0.0,15.85,100,maynas_persiann_cdr_2000_2011.zip,CDR_20100423z.asc,True,1.0,2010-04-18
2010-04-24,2.9040000000000004,0.0,13.48,100,maynas_persiann_cdr_2000_2011.zip,CDR_20100424z.asc,True,1.0,2010-04-18
2010-04-25,17.6225,6.29,36.72,100,maynas_persiann_cdr_2000_2011.zip,CDR_20100425z.asc,True,1.0,2010-04-25
2010-04-26,3.4795999999999987,0.0,10.29,100,maynas_persiann_cdr_2000_2011.zip,CDR_20100426z.asc,True,1.0,2010-04-25
2010-04-27,6.708500000000002,0.51,18.38,100,maynas_persiann_cdr_2000_2011.zip,CDR_20100427z.asc,True,1.0,2010-04-25
2010-04-28,6.4359,0.89,22.14,100,maynas_persiann_cdr_2000_2011.zip,CDR_20100428z.asc,True,1.0,2010-04-25
2010-04-29,5.924099999999999,0.66,29.43,100,maynas_persiann_cdr_2000_2011.zip,CDR_20100429z.asc,True,1.0,2010-04-25
2010-04-30,7.425,0.0,30.26,100,maynas_persiann_cdr_2000_2011.zip,CDR_20100430z.asc,True,1.0,2010-04-25
2010-05-01,35.7692,13.95,70.54,100,maynas_persiann_cdr_2000_2011.zip,CDR_20100501z.asc,True,1.0,2010-04-25
2010-05-02,0.9621,0.0,4.47,100,maynas_persiann_cdr_2000_2011.zip,CDR_20100502z.asc,True,0.0,2010-05-02
2010-05-03,5.701300000000001,0.0,21.04,100,maynas_persiann_cdr_2000_2011.zip,CDR_20100503z.asc,True,1.0,2010-05-02
2010-05-04,44.6829,11.34,87.27,100,maynas_persiann_cdr_2000_2011.zip,CDR_20100504z.asc,True,1.0,2010-05-02
2010-05-05,14.9551,0.0,54.72,100,maynas_persiann_cdr_2000_2011.zip,CDR_20100505z.asc,True,1.0,2010-05-02
2010-05-06,11.9488,0.9,31.42,100,maynas_persiann_cdr_2000_2011.zip,CDR_20100506z.asc,True,1.0,2010-05-02
2010-05-07,10.6368,0.0,36.27,100,maynas_persiann_cdr_2000_2011.zip,CDR_20100507z.asc,True,1.0,2010-05-02
2010-05-08,16.570200000000003,1.75,43.52,100,maynas_persiann_cdr_2000_2011.zip,CDR_20100508z.asc,True,1.0,2010-05-02
2010-05-09,7.0965,0.0,39.7,100,maynas_persiann_cdr_2000_2011.zip,CDR_20100509z.asc,True,1.0,2010-05-09
2010-05-10,3.4891,0.0,20.23,100,maynas_persiann_cdr_2000_2011.zip,CDR_20100510z.asc,True,1.0,2010-05-09
2010-05-11,0.2088,0.0,1.86,100,maynas_persiann_cdr_2000_2011.zip,CDR_20100511z.asc,True,0.0,2010-05-09
2010-05-12,0.0066,0.0,0.66,100,maynas_persiann_cdr_2000_2011.zip,CDR_20100512z.asc,True,0.0,2010-05-09
2010-05-13,0.0,0.0,0.0,100,maynas_persiann_cdr_2000_2011.zip,CDR_20100513z.asc,True,0.0,2010-05-09
2010-05-14,0.0054,0.0,0.54,100,maynas_persiann_cdr_2000_2011.zip,CDR_20100514z.asc,True,0.0,2010-05-09
2010-05-15,0.0,0.0,0.0,100,maynas_persiann_cdr_2000_2011.zip,CDR_20100515z.asc,True,0.0,2010-05-09
2010-05-16,2.2320999999999995,0.0,14.01,100,maynas_persiann_cdr_2000_2011.zip,CDR_20100516z.asc,True,1.0,2010-05-16
2010-05-17,3.4496,0.0,15.44,100,maynas_persiann_cdr_2000_2011.zip,CDR_20100517z.asc,True,1.0,2010-05-16
2010-05-18,3.5255,0.0,17.56,100,maynas_persiann_cdr_2000_2011.zip,CDR_20100518z.asc,True,1.0,2010-05-16
2010-05-19,14.492100000000002,0.69,43.19,100,maynas_persiann_cdr_2000_2011.zip,CDR_20100519z.asc,True,1.0,2010-05-16
2010-05-20,16.215,3.82,38.94,100,maynas_persiann_cdr_2000_2011.zip,CDR_20100520z.asc,True,1.0,2010-05-16
2010-05-21,16.3112,2.07,41.41,100,maynas_persiann_cdr_2000_2011.zip,CDR_20100521z.asc,True,1.0,2010-05-16
2010-05-22,3.5317000000000003,0.0,9.98,100,maynas_persiann_cdr_2000_2011.zip,CDR_20100522z.asc,True,1.0,2010-05-16
2010-05-23,2.7215,0.0,12.95,100,maynas_persiann_cdr_2000_2011.zip,CDR_20100523z.asc,True,1.0,2010-05-23
2010-05-24,9.331900000000001,0.0,31.08,100,maynas_persiann_cdr_2000_2011.zip,CDR_20100524z.asc,True,1.0,2010-05-23
2010-05-25,16.1899,0.63,46.67,100,maynas_persiann_cdr_2000_2011.zip,CDR_20100525z.asc,True,1.0,2010-05-23
2010-05-26,41.21920000000001,21.6,65.23,100,maynas_persiann_cdr_2000_2011.zip,CDR_20100526z.asc,True,1.0,2010-05-23
2010-05-27,14.484100000000002,0.72,37.25,100,maynas_persiann_cdr_2000_2011.zip,CDR_20100527z.asc,True,1.0,2010-05-23
2010-05-28,6.555999999999999,0.68,13.97,100,maynas_persiann_cdr_2000_2011.zip,CDR_20100528z.asc,True,1.0,2010-05-23
2010-05-29,3.014999999999999,0.0,8.6,100,maynas_persiann_cdr_2000_2011.zip,CDR_20100529z.asc,True,1.0,2010-05-23
2010-05-30,2.6631999999999993,0.0,10.4,100,maynas_persiann_cdr_2000_2011.zip,CDR_20100530z.asc,True,1.0,2010-05-30
2010-05-31,13.5239,1.44,34.67,100,maynas_persiann_cdr_2000_2011.zip,CDR_20100531z.asc,True,1.0,2010-05-30
2010-06-01,32.0835,1.14,90.3,100,maynas_persiann_cdr_2000_2011.zip,CDR_20100601z.asc,True,1.0,2010-05-30
2010-06-02,3.4560000000000004,0.0,16.12,100,maynas_persiann_cdr_2000_2011.zip,CDR_20100602z.asc,True,1.0,2010-05-30
2010-06-03,1.6699000000000002,0.0,7.78,100,maynas_persiann_cdr_2000_2011.zip,CDR_20100603z.asc,True,1.0,2010-05-30
2010-06-04,0.050199999999999995,0.0,2.28,100,maynas_persiann_cdr_2000_2011.zip,CDR_20100604z.asc,True,0.0,2010-05-30
2010-06-05,2.7787,0.0,11.92,100,maynas_persiann_cdr_2000_2011.zip,CDR_20100605z.asc,True,1.0,2010-05-30
2010-06-06,11.527499999999998,0.0,38.9,100,maynas_persiann_cdr_2000_2011.zip,CDR_20100606z.asc,True,1.0,2010-06-06
2010-06-07,1.2238000000000002,0.0,7.74,100,maynas_persiann_cdr_2000_2011.zip,CDR_20100607z.asc,True,1.0,2010-06-06
2010-06-08,5.761300000000001,0.0,22.67,100,maynas_persiann_cdr_2000_2011.zip,CDR_20100608z.asc,True,1.0,2010-06-06
2010-06-09,19.3763,0.0,58.88,100,maynas_persiann_cdr_2000_2011.zip,CDR_20100609z.asc,True,1.0,2010-06-06
2010-06-10,15.859100000000003,2.44,42.76,100,maynas_persiann_cdr_2000_2011.zip,CDR_20100610z.asc,True,1.0,2010-06-06
2010-06-11,6.1159,0.0,22.73,100,maynas_persiann_cdr_2000_2011.zip,CDR_20100611z.asc,True,1.0,2010-06-06
2010-06-12,5.660299999999999,0.0,22.27,100,maynas_persiann_cdr_2000_2011.zip,CDR_20100612z.asc,True,1.0,2010-06-06
2010-06-13,4.0025,0.0,25.04,100,maynas_persiann_cdr_2000_2011.zip,CDR_20100613z.asc,True,1.0,2010-06-13
2010-06-14,1.1603,0.0,15.32,100,maynas_persiann_cdr_2000_2011.zip,CDR_20100614z.asc,True,1.0,2010-06-13
2010-06-15,2.7134000000000005,0.0,52.69,100,maynas_persiann_cdr_2000_2011.zip,CDR_20100615z.asc,True,1.0,2010-06-13
2010-06-16,8.4288,0.0,38.05,100,maynas_persiann_cdr_2000_2011.zip,CDR_20100616z.asc,True,1.0,2010-06-13
2010-06-17,29.1048,0.0,76.65,100,maynas_persiann_cdr_2000_2011.zip,CDR_20100617z.asc,True,1.0,2010-06-13
2010-06-18,14.673900000000001,0.0,46.73,100,maynas_persiann_cdr_2000_2011.zip,CDR_20100618z.asc,True,1.0,2010-06-13
2010-06-19,11.813999999999998,0.0,43.68,100,maynas_persiann_cdr_2000_2011.zip,CDR_20100619z.asc,True,1.0,2010-06-13
2010-06-20,5.719799999999999,0.0,16.82,100,maynas_persiann_cdr_2000_2011.zip,CDR_20100620z.asc,True,1.0,2010-06-20
2010-06-21,4.9582999999999995,0.0,24.79,100,maynas_persiann_cdr_2000_2011.zip,CDR_20100621z.asc,True,1.0,2010-06-20
2010-06-22,2.7144999999999997,0.0,15.86,100,maynas_persiann_cdr_2000_2011.zip,CDR_20100622z.asc,True,1.0,2010-06-20
2010-06-23,11.543,0.0,28.17,100,maynas_persiann_cdr_2000_2011.zip,CDR_20100623z.asc,True,1.0,2010-06-20
2010-06-24,10.707799999999999,0.0,40.7,100,maynas_persiann_cdr_2000_2011.zip,CDR_20100624z.asc,True,1.0,2010-06-20
2010-06-25,10.278599999999999,0.0,45.52,100,maynas_persiann_cdr_2000_2011.zip,CDR_20100625z.asc,True,1.0,2010-06-20
2010-06-26,27.338500000000003,5.88,71.43,100,maynas_persiann_cdr_2000_2011.zip,CDR_20100626z.asc,True,1.0,2010-06-20
2010-06-27,8.4048,0.0,35.91,100,maynas_persiann_cdr_2000_2011.zip,CDR_20100627z.asc,True,1.0,2010-06-27
2010-06-28,10.9552,0.0,40.12,100,maynas_persiann_cdr_2000_2011.zip,CDR_20100628z.asc,True,1.0,2010-06-27
2010-06-29,7.773000000000001,1.31,31.48,100,maynas_persiann_cdr_2000_2011.zip,CDR_20100629z.asc,True,1.0,2010-06-27
2010-06-30,1.1919000000000002,0.0,8.73,100,maynas_persiann_cdr_2000_2011.zip,CDR_20100630z.asc,True,1.0,2010-06-27
2010-07-01,4.746099999999999,0.0,27.3,100,maynas_persiann_cdr_2000_2011.zip,CDR_20100701z.asc,True,1.0,2010-06-27
2010-07-02,0.9741999999999998,0.0,9.86,100,maynas_persiann_cdr_2000_2011.zip,CDR_20100702z.asc,True,0.0,2010-06-27
2010-07-03,6.0397,0.0,20.01,100,maynas_persiann_cdr_2000_2011.zip,CDR_20100703z.asc,True,1.0,2010-06-27
2010-07-04,6.7799000000000005,0.0,26.48,100,maynas_persiann_cdr_2000_2011.zip,CDR_20100704z.asc,True,1.0,2010-07-04
2010-07-05,1.9652999999999998,0.0,11.71,100,maynas_persiann_cdr_2000_2011.zip,CDR_20100705z.asc,True,1.0,2010-07-04
2010-07-06,6.970700000000001,0.0,25.67,100,maynas_persiann_cdr_2000_2011.zip,CDR_20100706z.asc,True,1.0,2010-07-04
2010-07-07,9.263,0.0,36.58,100,maynas_persiann_cdr_2000_2011.zip,CDR_20100707z.asc,True,1.0,2010-07-04
2010-07-08,4.5470999999999995,0.0,36.61,100,maynas_persiann_cdr_2000_2011.zip,CDR_20100708z.asc,True,1.0,2010-07-04
2010-07-09,27.9307,5.04,74.96,100,maynas_persiann_cdr_2000_2011.zip,CDR_20100709z.asc,True,1.0,2010-07-04
2010-07-10,19.233,1.41,46.58,100,maynas_persiann_cdr_2000_2011.zip,CDR_20100710z.asc,True,1.0,2010-07-04
2010-07-11,14.125299999999998,2.47,44.38,100,maynas_persiann_cdr_2000_2011.zip,CDR_20100711z.asc,True,1.0,2010-07-11
2010-07-12,0.037200000000000004,0.0,2.37,100,maynas_persiann_cdr_2000_2011.zip,CDR_20100712z.asc,True,0.0,2010-07-11
2010-07-13,10.947100000000002,0.76,35.64,100,maynas_persiann_cdr_2000_2011.zip,CDR_20100713z.asc,True,1.0,2010-07-11
2010-07-14,13.838099999999999,2.69,40.72,100,maynas_persiann_cdr_2000_2011.zip,CDR_20100714z.asc,True,1.0,2010-07-11
2010-07-15,20.907899999999994,4.75,54.38,100,maynas_persiann_cdr_2000_2011.zip,CDR_20100715z.asc,True,1.0,2010-07-11
2010-07-16,10.9888,0.0,39.23,100,maynas_persiann_cdr_2000_2011.zip,CDR_20100716z.asc,True,1.0,2010-07-11
2010-07-17,2.884,0.0,11.59,100,maynas_persiann_cdr_2000_2011.zip,CDR_20100717z.asc,True,1.0,2010-07-11
2010-07-18,0.006999999999999999,0.0,0.7,100,maynas_persiann_cdr_2000_2011.zip,CDR_20100718z.asc,True,0.0,2010-07-18
2010-07-19,0.0,0.0,0.0,100,maynas_persiann_cdr_2000_2011.zip,CDR_20100719z.asc,True,0.0,2010-07-18
2010-07-20,0.0,0.0,0.0,100,maynas_persiann_cdr_2000_2011.zip,CDR_20100720z.asc,True,0.0,2010-07-18
2010-07-21,0.0,0.0,0.0,100,maynas_persiann_cdr_2000_2011.zip,CDR_20100721z.asc,True,0.0,2010-07-18
2010-07-22,0.0,0.0,0.0,100,maynas_persiann_cdr_2000_2011.zip,CDR_20100722z.asc,True,0.0,2010-07-18
2010-07-23,0.34990000000000004,0.0,3.56,100,maynas_persiann_cdr_2000_2011.zip,CDR_20100723z.asc,True,0.0,2010-07-18
2010-07-24,4.4066,0.0,24.01,100,maynas_persiann_cdr_2000_2011.zip,CDR_20100724z.asc,True,1.0,2010-07-18
2010-07-25,5.9649,0.0,30.76,100,maynas_persiann_cdr_2000_2011.zip,CDR_20100725z.asc,True,1.0,2010-07-25
2010-07-26,13.335500000000001,4.62,31.62,100,maynas_persiann_cdr_2000_2011.zip,CDR_20100726z.asc,True,1.0,2010-07-25
2010-07-27,2.1556,0.0,8.49,100,maynas_persiann_cdr_2000_2011.zip,CDR_20100727z.asc,True,1.0,2010-07-25
2010-07-28,1.743,0.0,7.36,100,maynas_persiann_cdr_2000_2011.zip,CDR_20100728z.asc,True,1.0,2010-07-25
2010-07-29,0.9685000000000001,0.0,12.72,100,maynas_persiann_cdr_2000_2011.zip,CDR_20100729z.asc,True,0.0,2010-07-25
2010-07-30,1.4718,0.0,5.51,100,maynas_persiann_cdr_2000_2011.zip,CDR_20100730z.asc,True,1.0,2010-07-25
2010-07-31,0.4755,0.0,9.15,100,maynas_persiann_cdr_2000_2011.zip,CDR_20100731z.asc,True,0.0,2010-07-25
2010-08-01,2.694,0.0,16.72,100,maynas_persiann_cdr_2000_2011.zip,CDR_20100801z.asc,True,1.0,2010-08-01
2010-08-02,7.553000000000001,0.44,44.21,100,maynas_persiann_cdr_2000_2011.zip,CDR_20100802z.asc,True,1.0,2010-08-01
2010-08-03,8.898299999999999,1.12,23.93,100,maynas_persiann_cdr_2000_2011.zip,CDR_20100803z.asc,True,1.0,2010-08-01
2010-08-04,3.6391000000000004,0.42,10.83,100,maynas_persiann_cdr_2000_2011.zip,CDR_20100804z.asc,True,1.0,2010-08-01
2010-08-05,0.3832000000000001,0.0,5.31,100,maynas_persiann_cdr_2000_2011.zip,CDR_20100805z.asc,True,0.0,2010-08-01
2010-08-06,0.0102,0.0,0.52,100,maynas_persiann_cdr_2000_2011.zip,CDR_20100806z.asc,True,0.0,2010-08-01
2010-08-07,0.005,0.0,0.5,100,maynas_persiann_cdr_2000_2011.zip,CDR_20100807z.asc,True,0.0,2010-08-01
2010-08-08,0.0372,0.0,1.45,100,maynas_persiann_cdr_2000_2011.zip,CDR_20100808z.asc,True,0.0,2010-08-08
2010-08-09,0.29069999999999996,0.0,1.79,100,maynas_persiann_cdr_2000_2011.zip,CDR_20100809z.asc,True,0.0,2010-08-08
2010-08-10,0.18140000000000003,0.0,2.21,100,maynas_persiann_cdr_2000_2011.zip,CDR_20100810z.asc,True,0.0,2010-08-08
2010-08-11,2.5332,0.0,12.83,100,maynas_persiann_cdr_2000_2011.zip,CDR_20100811z.asc,True,1.0,2010-08-08
2010-08-12,6.6714,0.51,22.85,100,maynas_persiann_cdr_2000_2011.zip,CDR_20100812z.asc,True,1.0,2010-08-08
2010-08-13,1.3255000000000001,0.0,10.21,100,maynas_persiann_cdr_2000_2011.zip,CDR_20100813z.asc,True,1.0,2010-08-08
2010-08-14,7.6777999999999995,1.08,33.55,100,maynas_persiann_cdr_2000_2011.zip,CDR_20100814z.asc,True,1.0,2010-08-08
2010-08-15,0.3243,0.0,2.5,100,maynas_persiann_cdr_2000_2011.zip,CDR_20100815z.asc,True,0.0,2010-08-15
2010-08-16,0.549,0.0,3.21,100,maynas_persiann_cdr_2000_2011.zip,CDR_20100816z.asc,True,0.0,2010-08-15
2010-08-17,0.0379,0.0,0.77,100,maynas_persiann_cdr_2000_2011.zip,CDR_20100817z.asc,True,0.0,2010-08-15
2010-08-18,0.10739999999999998,0.0,4.1,100,maynas_persiann_cdr_2000_2011.zip,CDR_20100818z.asc,True,0.0,2010-08-15
2010-08-19,0.04850000000000001,0.0,1.86,100,maynas_persiann_cdr_2000_2011.zip,CDR_20100819z.asc,True,0.0,2010-08-15
2010-08-20,1.9152,0.0,22.3,100,maynas_persiann_cdr_2000_2011.zip,CDR_20100820z.asc,True,1.0,2010-08-15
2010-08-21,5.8269,1.34,15.4,100,maynas_persiann_cdr_2000_2011.zip,CDR_20100821z.asc,True,1.0,2010-08-15
2010-08-22,0.3165,0.0,5.85,100,maynas_persiann_cdr_2000_2011.zip,CDR_20100822z.asc,True,0.0,2010-08-22
2010-08-23,0.026000000000000002,0.0,0.6,100,maynas_persiann_cdr_2000_2011.zip,CDR_20100823z.asc,True,0.0,2010-08-22
2010-08-24,2.411,0.0,14.35,100,maynas_persiann_cdr_2000_2011.zip,CDR_20100824z.asc,True,1.0,2010-08-22
2010-08-25,3.8456,0.0,23.49,100,maynas_persiann_cdr_2000_2011.zip,CDR_20100825z.asc,True,1.0,2010-08-22
2010-08-26,14.4796,0.0,36.14,100,maynas_persiann_cdr_2000_2011.zip,CDR_20100826z.asc,True,1.0,2010-08-22
2010-08-27,6.304399999999999,0.49,29.59,100,maynas_persiann_cdr_2000_2011.zip,CDR_20100827z.asc,True,1.0,2010-08-22
2010-08-28,1.1628,0.0,7.35,100,maynas_persiann_cdr_2000_2011.zip,CDR_20100828z.asc,True,1.0,2010-08-22
2010-08-29,4.9856,0.0,17.49,100,maynas_persiann_cdr_2000_2011.zip,CDR_20100829z.asc,True,1.0,2010-08-29
2010-08-30,11.6237,0.0,30.59,100,maynas_persiann_cdr_2000_2011.zip,CDR_20100830z.asc,True,1.0,2010-08-29
2010-08-31,3.7782000000000004,0.52,11.3,100,maynas_persiann_cdr_2000_2011.zip,CDR_20100831z.asc,True,1.0,2010-08-29
2010-09-01,3.7426000000000004,0.0,16.5,100,maynas_persiann_cdr_2000_2011.zip,CDR_20100901z.asc,True,1.0,2010-08-29
2010-09-02,12.9859,0.6,28.35,100,maynas_persiann_cdr_2000_2011.zip,CDR_20100902z.asc,True,1.0,2010-08-29
2010-09-03,14.511000000000001,8.9,25.85,100,maynas_persiann_cdr_2000_2011.zip,CDR_20100903z.asc,True,1.0,2010-08-29
2010-09-04,2.8394999999999997,0.36,8.65,100,maynas_persiann_cdr_2000_2011.zip,CDR_20100904z.asc,True,1.0,2010-08-29
2010-09-05,6.571100000000001,0.0,21.37,100,maynas_persiann_cdr_2000_2011.zip,CDR_20100905z.asc,True,1.0,2010-09-05
2010-09-06,1.5926,0.0,7.75,100,maynas_persiann_cdr_2000_2011.zip,CDR_20100906z.asc,True,1.0,2010-09-05
2010-09-07,5.641699999999999,0.0,28.13,100,maynas_persiann_cdr_2000_2011.zip,CDR_20100907z.asc,True,1.0,2010-09-05
2010-09-08,2.1853,0.0,10.11,100,maynas_persiann_cdr_2000_2011.zip,CDR_20100908z.asc,True,1.0,2010-09-05
2010-09-09,0.23850000000000002,0.0,1.47,100,maynas_persiann_cdr_2000_2011.zip,CDR_20100909z.asc,True,0.0,2010-09-05
2010-09-10,0.0696,0.0,1.2,100,maynas_persiann_cdr_2000_2011.zip,CDR_20100910z.asc,True,0.0,2010-09-05
2010-09-11,8.149600000000001,2.49,21.71,100,maynas_persiann_cdr_2000_2011.zip,CDR_20100911z.asc,True,1.0,2010-09-05
2010-09-12,4.0544,1.18,11.19,100,maynas_persiann_cdr_2000_2011.zip,CDR_20100912z.asc,True,1.0,2010-09-12
2010-09-13,3.9718999999999998,0.0,14.63,100,maynas_persiann_cdr_2000_2011.zip,CDR_20100913z.asc,True,1.0,2010-09-12
2010-09-14,9.0759,2.44,24.35,100,maynas_persiann_cdr_2000_2011.zip,CDR_20100914z.asc,True,1.0,2010-09-12
2010-09-15,27.635900000000003,9.95,41.75,100,maynas_persiann_cdr_2000_2011.zip,CDR_20100915z.asc,True,1.0,2010-09-12
2010-09-16,1.2488,0.0,8.72,100,maynas_persiann_cdr_2000_2011.zip,CDR_20100916z.asc,True,1.0,2010-09-12
2010-09-17,0.20110000000000003,0.0,1.41,100,maynas_persiann_cdr_2000_2011.zip,CDR_20100917z.asc,True,0.0,2010-09-12
2010-09-18,5.628899999999999,0.0,22.43,100,maynas_persiann_cdr_2000_2011.zip,CDR_20100918z.asc,True,1.0,2010-09-12
2010-09-19,7.847900000000001,1.13,18.28,100,maynas_persiann_cdr_2000_2011.zip,CDR_20100919z.asc,True,1.0,2010-09-19
2010-09-20,0.2243,0.0,1.97,100,maynas_persiann_cdr_2000_2011.zip,CDR_20100920z.asc,True,0.0,2010-09-19
2010-09-21,1.3930999999999998,0.0,10.04,100,maynas_persiann_cdr_2000_2011.zip,CDR_20100921z.asc,True,1.0,2010-09-19
2010-09-22,6.762200000000002,1.59,15.66,100,maynas_persiann_cdr_2000_2011.zip,CDR_20100922z.asc,True,1.0,2010-09-19
2010-09-23,13.3545,5.74,25.8,100,maynas_persiann_cdr_2000_2011.zip,CDR_20100923z.asc,True,1.0,2010-09-19
2010-09-24,0.3215,0.0,2.35,100,maynas_persiann_cdr_2000_2011.zip,CDR_20100924z.asc,True,0.0,2010-09-19
2010-09-25,5.5358,0.0,13.76,100,maynas_persiann_cdr_2000_2011.zip,CDR_20100925z.asc,True,1.0,2010-09-19
2010-09-26,2.7329999999999997,0.0,9.86,100,maynas_persiann_cdr_2000_2011.zip,CDR_20100926z.asc,True,1.0,2010-09-26
2010-09-27,1.6295,0.0,12.31,100,maynas_persiann_cdr_2000_2011.zip,CDR_20100927z.asc,True,1.0,2010-09-26
2010-09-28,2.1076,0.31,7.04,100,maynas_persiann_cdr_2000_2011.zip,CDR_20100928z.asc,True,1.0,2010-09-26
2010-09-29,0.6287,0.0,5.85,100,maynas_persiann_cdr_2000_2011.zip,CDR_20100929z.asc,True,0.0,2010-09-26
2010-09-30,3.9528,0.0,13.13,100,maynas_persiann_cdr_2000_2011.zip,CDR_20100930z.asc,True,1.0,2010-09-26
2010-10-01,7.5197,0.47,23.75,100,maynas_persiann_cdr_2000_2011.zip,CDR_20101001z.asc,True,1.0,2010-09-26
2010-10-02,4.041200000000001,0.0,14.52,100,maynas_persiann_cdr_2000_2011.zip,CDR_20101002z.asc,True,1.0,2010-09-26
2010-10-03,17.3926,8.25,29.0,100,maynas_persiann_cdr_2000_2011.zip,CDR_20101003z.asc,True,1.0,2010-10-03
2010-10-04,9.353299999999999,1.28,29.78,100,maynas_persiann_cdr_2000_2011.zip,CDR_20101004z.asc,True,1.0,2010-10-03
2010-10-05,1.8748000000000002,0.0,5.94,100,maynas_persiann_cdr_2000_2011.zip,CDR_20101005z.asc,True,1.0,2010-10-03
2010-10-06,0.27630000000000005,0.0,2.78,100,maynas_persiann_cdr_2000_2011.zip,CDR_20101006z.asc,True,0.0,2010-10-03
2010-10-07,1.3048999999999995,0.0,9.04,100,maynas_persiann_cdr_2000_2011.zip,CDR_20101007z.asc,True,1.0,2010-10-03
2010-10-08,8.6997,2.05,23.34,100,maynas_persiann_cdr_2000_2011.zip,CDR_20101008z.asc,True,1.0,2010-10-03
2010-10-09,8.0257,0.55,17.93,100,maynas_persiann_cdr_2000_2011.zip,CDR_20101009z.asc,True,1.0,2010-10-03
2010-10-10,2.0029000000000003,0.0,10.48,100,maynas_persiann_cdr_2000_2011.zip,CDR_20101010z.asc,True,1.0,2010-10-10
2010-10-11,6.698599999999999,0.31,17.63,100,maynas_persiann_cdr_2000_2011.zip,CDR_20101011z.asc,True,1.0,2010-10-10
2010-10-12,0.8391000000000001,0.0,8.65,100,maynas_persiann_cdr_2000_2011.zip,CDR_20101012z.asc,True,0.0,2010-10-10
2010-10-13,2.1879999999999997,0.0,9.55,100,maynas_persiann_cdr_2000_2011.zip,CDR_20101013z.asc,True,1.0,2010-10-10
2010-10-14,4.812600000000001,0.4,15.7,100,maynas_persiann_cdr_2000_2011.zip,CDR_20101014z.asc,True,1.0,2010-10-10
2010-10-15,10.672600000000003,4.32,21.63,100,maynas_persiann_cdr_2000_2011.zip,CDR_20101015z.asc,True,1.0,2010-10-10
2010-10-16,10.039399999999999,1.55,23.47,100,maynas_persiann_cdr_2000_2011.zip,CDR_20101016z.asc,True,1.0,2010-10-10
2010-10-17,5.6499,0.92,15.21,100,maynas_persiann_cdr_2000_2011.zip,CDR_20101017z.asc,True,1.0,2010-10-17
2010-10-18,7.2605,2.7,16.46,100,maynas_persiann_cdr_2000_2011.zip,CDR_20101018z.asc,True,1.0,2010-10-17
2010-10-19,11.3151,2.09,35.04,100,maynas_persiann_cdr_2000_2011.zip,CDR_20101019z.asc,True,1.0,2010-10-17
2010-10-20,4.0917,0.4,14.66,100,maynas_persiann_cdr_2000_2011.zip,CDR_20101020z.asc,True,1.0,2010-10-17
2010-10-21,1.8018999999999996,0.0,5.37,100,maynas_persiann_cdr_2000_2011.zip,CDR_20101021z.asc,True,1.0,2010-10-17
2010-10-22,0.0272,0.0,0.5,100,maynas_persiann_cdr_2000_2011.zip,CDR_20101022z.asc,True,0.0,2010-10-17
2010-10-23,0.0359,0.0,1.59,100,maynas_persiann_cdr_2000_2011.zip,CDR_20101023z.asc,True,0.0,2010-10-17
2010-10-24,8.798799999999998,0.38,22.02,100,maynas_persiann_cdr_2000_2011.zip,CDR_20101024z.asc,True,1.0,2010-10-24
2010-10-25,22.393700000000003,10.34,40.35,100,maynas_persiann_cdr_2000_2011.zip,CDR_20101025z.asc,True,1.0,2010-10-24
2010-10-26,7.622000000000001,0.44,16.63,100,maynas_persiann_cdr_2000_2011.zip,CDR_20101026z.asc,True,1.0,2010-10-24
2010-10-27,4.9102,0.0,15.91,100,maynas_persiann_cdr_2000_2011.zip,CDR_20101027z.asc,True,1.0,2010-10-24
2010-10-28,2.4436,0.27,10.5,100,maynas_persiann_cdr_2000_2011.zip,CDR_20101028z.asc,True,1.0,2010-10-24
2010-10-29,0.8018,0.0,9.78,100,maynas_persiann_cdr_2000_2011.zip,CDR_20101029z.asc,True,0.0,2010-10-24
2010-10-30,8.048399999999999,0.55,26.87,100,maynas_persiann_cdr_2000_2011.zip,CDR_20101030z.asc,True,1.0,2010-10-24
2010-10-31,15.0458,2.26,41.84,100,maynas_persiann_cdr_2000_2011.zip,CDR_20101031z.asc,True,1.0,2010-10-31
2010-11-01,29.3695,7.16,59.74,100,maynas_persiann_cdr_2000_2011.zip,CDR_20101101z.asc,True,1.0,2010-10-31
2010-11-02,17.280800000000003,4.14,31.87,100,maynas_persiann_cdr_2000_2011.zip,CDR_20101102z.asc,True,1.0,2010-10-31
2010-11-03,0.8763,0.0,3.82,100,maynas_persiann_cdr_2000_2011.zip,CDR_20101103z.asc,True,0.0,2010-10-31
2010-11-04,0.0349,0.0,1.0,100,maynas_persiann_cdr_2000_2011.zip,CDR_20101104z.asc,True,0.0,2010-10-31
2010-11-05,0.7652000000000001,0.0,10.46,100,maynas_persiann_cdr_2000_2011.zip,CDR_20101105z.asc,True,0.0,2010-10-31
2010-11-06,14.098099999999999,3.77,36.28,100,maynas_persiann_cdr_2000_2011.zip,CDR_20101106z.asc,True,1.0,2010-10-31
2010-11-07,17.378899999999998,0.9,55.51,100,maynas_persiann_cdr_2000_2011.zip,CDR_20101107z.asc,True,1.0,2010-11-07
2010-11-08,11.800400000000002,0.4,33.46,100,maynas_persiann_cdr_2000_2011.zip,CDR_20101108z.asc,True,1.0,2010-11-07
2010-11-09,5.306199999999999,0.0,24.47,100,maynas_persiann_cdr_2000_2011.zip,CDR_20101109z.asc,True,1.0,2010-11-07
2010-11-10,22.3172,5.17,45.05,100,maynas_persiann_cdr_2000_2011.zip,CDR_20101110z.asc,True,1.0,2010-11-07
2010-11-11,12.7788,2.46,28.25,100,maynas_persiann_cdr_2000_2011.zip,CDR_20101111z.asc,True,1.0,2010-11-07
2010-11-12,4.3726,0.0,15.7,100,maynas_persiann_cdr_2000_2011.zip,CDR_20101112z.asc,True,1.0,2010-11-07
2010-11-13,2.6220999999999997,0.0,16.48,100,maynas_persiann_cdr_2000_2011.zip,CDR_20101113z.asc,True,1.0,2010-11-07
2010-11-14,4.3254,0.0,19.16,100,maynas_persiann_cdr_2000_2011.zip,CDR_20101114z.asc,True,1.0,2010-11-14
2010-11-15,8.4404,0.6,26.7,100,maynas_persiann_cdr_2000_2011.zip,CDR_20101115z.asc,True,1.0,2010-11-14
2010-11-16,21.8966,6.89,49.53,100,maynas_persiann_cdr_2000_2011.zip,CDR_20101116z.asc,True,1.0,2010-11-14
2010-11-17,1.8969000000000003,0.0,8.4,100,maynas_persiann_cdr_2000_2011.zip,CDR_20101117z.asc,True,1.0,2010-11-14
2010-11-18,4.5219,0.44,16.19,100,maynas_persiann_cdr_2000_2011.zip,CDR_20101118z.asc,True,1.0,2010-11-14
2010-11-19,2.4303,0.4,9.93,100,maynas_persiann_cdr_2000_2011.zip,CDR_20101119z.asc,True,1.0,2010-11-14
2010-11-20,2.7114,0.0,19.03,100,maynas_persiann_cdr_2000_2011.zip,CDR_20101120z.asc,True,1.0,2010-11-14
2010-11-21,20.029,7.19,42.75,100,maynas_persiann_cdr_2000_2011.zip,CDR_20101121z.asc,True,1.0,2010-11-21
2010-11-22,1.4958999999999998,0.0,5.46,100,maynas_persiann_cdr_2000_2011.zip,CDR_20101122z.asc,True,1.0,2010-11-21
2010-11-23,3.1344,0.0,23.4,100,maynas_persiann_cdr_2000_2011.zip,CDR_20101123z.asc,True,1.0,2010-11-21
2010-11-24,0.9323,0.0,6.14,100,maynas_persiann_cdr_2000_2011.zip,CDR_20101124z.asc,True,0.0,2010-11-21
2010-11-25,10.241900000000001,0.0,32.97,100,maynas_persiann_cdr_2000_2011.zip,CDR_20101125z.asc,True,1.0,2010-11-21
2010-11-26,8.845,0.0,32.77,100,maynas_persiann_cdr_2000_2011.zip,CDR_20101126z.asc,True,1.0,2010-11-21
2010-11-27,2.0383,0.0,9.13,100,maynas_persiann_cdr_2000_2011.zip,CDR_20101127z.asc,True,1.0,2010-11-21
2010-11-28,6.313199999999999,0.0,29.24,100,maynas_persiann_cdr_2000_2011.zip,CDR_20101128z.asc,True,1.0,2010-11-28
2010-11-29,6.424000000000001,0.0,29.6,100,maynas_persiann_cdr_2000_2011.zip,CDR_20101129z.asc,True,1.0,2010-11-28
2010-11-30,19.0103,0.49,40.76,100,maynas_persiann_cdr_2000_2011.zip,CDR_20101130z.asc,True,1.0,2010-11-28
2010-12-01,5.3702000000000005,0.0,19.55,100,maynas_persiann_cdr_2000_2011.zip,CDR_20101201z.asc,True,1.0,2010-11-28
2010-12-02,29.215099999999996,11.87,51.94,100,maynas_persiann_cdr_2000_2011.zip,CDR_20101202z.asc,True,1.0,2010-11-28
2010-12-03,20.531899999999997,10.07,39.3,100,maynas_persiann_cdr_2000_2011.zip,CDR_20101203z.asc,True,1.0,2010-11-28
2010-12-04,14.019699999999995,1.34,35.51,100,maynas_persiann_cdr_2000_2011.zip,CDR_20101204z.asc,True,1.0,2010-11-28
2010-12-05,8.6829,2.04,26.59,100,maynas_persiann_cdr_2000_2011.zip,CDR_20101205z.asc,True,1.0,2010-12-05
2010-12-06,6.7063,0.0,28.39,100,maynas_persiann_cdr_2000_2011.zip,CDR_20101206z.asc,True,1.0,2010-12-05
2010-12-07,1.5881,0.0,8.05,100,maynas_persiann_cdr_2000_2011.zip,CDR_20101207z.asc,True,1.0,2010-12-05
2010-12-08,4.423799999999999,0.0,16.83,100,maynas_persiann_cdr_2000_2011.zip,CDR_20101208z.asc,True,1.0,2010-12-05
2010-12-09,4.436,0.0,11.28,100,maynas_persiann_cdr_2000_2011.zip,CDR_20101209z.asc,True,1.0,2010-12-05
2010-12-10,3.6629,0.39,9.4,100,maynas_persiann_cdr_2000_2011.zip,CDR_20101210z.asc,True,1.0,2010-12-05
2010-12-11,2.8457999999999997,0.0,11.94,100,maynas_persiann_cdr_2000_2011.zip,CDR_20101211z.asc,True,1.0,2010-12-05
2010-12-12,14.080300000000001,3.92,27.5,100,maynas_persiann_cdr_2000_2011.zip,CDR_20101212z.asc,True,1.0,2010-12-12
2010-12-13,6.2165,0.95,16.35,100,maynas_persiann_cdr_2000_2011.zip,CDR_20101213z.asc,True,1.0,2010-12-12
2010-12-14,12.3402,0.73,25.58,100,maynas_persiann_cdr_2000_2011.zip,CDR_20101214z.asc,True,1.0,2010-12-12
2010-12-15,17.0259,2.82,41.73,100,maynas_persiann_cdr_2000_2011.zip,CDR_20101215z.asc,True,1.0,2010-12-12
2010-12-16,7.633400000000002,2.09,16.45,100,maynas_persiann_cdr_2000_2011.zip,CDR_20101216z.asc,True,1.0,2010-12-12
2010-12-17,4.566,0.0,22.37,100,maynas_persiann_cdr_2000_2011.zip,CDR_20101217z.asc,True,1.0,2010-12-12
2010-12-18,5.0465,0.37,16.66,100,maynas_persiann_cdr_2000_2011.zip,CDR_20101218z.asc,True,1.0,2010-12-12
2010-12-19,6.3778,0.0,21.78,100,maynas_persiann_cdr_2000_2011.zip,CDR_20101219z.asc,True,1.0,2010-12-19
2010-12-20,1.8494,0.0,10.17,100,maynas_persiann_cdr_2000_2011.zip,CDR_20101220z.asc,True,1.0,2010-12-19
2010-12-21,8.1916,1.24,34.07,100,maynas_persiann_cdr_2000_2011.zip,CDR_20101221z.asc,True,1.0,2010-12-19
2010-12-22,2.9467000000000003,0.0,19.8,100,maynas_persiann_cdr_2000_2011.zip,CDR_20101222z.asc,True,1.0,2010-12-19
2010-12-23,6.2162,0.44,19.08,100,maynas_persiann_cdr_2000_2011.zip,CDR_20101223z.asc,True,1.0,2010-12-19
2010-12-24,5.459700000000001,1.29,17.32,100,maynas_persiann_cdr_2000_2011.zip,CDR_20101224z.asc,True,1.0,2010-12-19
2010-12-25,3.3817999999999997,0.0,12.34,100,maynas_persiann_cdr_2000_2011.zip,CDR_20101225z.asc,True,1.0,2010-12-19
2010-12-26,12.2099,0.34,27.47,100,maynas_persiann_cdr_2000_2011.zip,CDR_20101226z.asc,True,1.0,2010-12-26
2010-12-27,1.8951000000000002,0.0,11.83,100,maynas_persiann_cdr_2000_2011.zip,CDR_20101227z.asc,True,1.0,2010-12-26
2010-12-28,0.6405,0.0,5.08,100,maynas_persiann_cdr_2000_2011.zip,CDR_20101228z.asc,True,0.0,2010-12-26
2010-12-29,5.500200000000001,0.0,20.57,100,maynas_persiann_cdr_2000_2011.zip,CDR_20101229z.asc,True,1.0,2010-12-26
2010-12-30,5.683499999999999,1.07,18.33,100,maynas_persiann_cdr_2000_2011.zip,CDR_20101230z.asc,True,1.0,2010-12-26
2010-12-31,0.9144000000000001,0.0,5.73,100,maynas_persiann_cdr_2000_2011.zip,CDR_20101231z.asc,True,0.0,2010-12-26
2011-01-01,0.0,0.0,0.0,100,maynas_persiann_cdr_2000_2011.zip,CDR_20110101z.asc,True,0.0,2010-12-26
2011-01-02,0.24850000000000005,0.0,4.56,100,maynas_persiann_cdr_2000_2011.zip,CDR_20110102z.asc,True,0.0,2011-01-02
2011-01-03,0.6465999999999998,0.0,7.4,100,maynas_persiann_cdr_2000_2011.zip,CDR_20110103z.asc,True,0.0,2011-01-02
2011-01-04,5.1568,0.0,30.36,100,maynas_persiann_cdr_2000_2011.zip,CDR_20110104z.asc,True,1.0,2011-01-02
2011-01-05,5.5083,0.0,18.38,100,maynas_persiann_cdr_2000_2011.zip,CDR_20110105z.asc,True,1.0,2011-01-02
2011-01-06,6.884600000000001,1.69,29.21,100,maynas_persiann_cdr_2000_2011.zip,CDR_20110106z.asc,True,1.0,2011-01-02
2011-01-07,1.3860999999999999,0.0,6.17,100,maynas_persiann_cdr_2000_2011.zip,CDR_20110107z.asc,True,1.0,2011-01-02
2011-01-08,8.61,0.67,20.86,100,maynas_persiann_cdr_2000_2011.zip,CDR_20110108z.asc,True,1.0,2011-01-02
2011-01-09,6.326299999999999,0.8,17.45,100,maynas_persiann_cdr_2000_2011.zip,CDR_20110109z.asc,True,1.0,2011-01-09
2011-01-10,6.387900000000001,0.0,19.92,100,maynas_persiann_cdr_2000_2011.zip,CDR_20110110z.asc,True,1.0,2011-01-09
2011-01-11,7.0263,0.0,21.59,100,maynas_persiann_cdr_2000_2011.zip,CDR_20110111z.asc,True,1.0,2011-01-09
2011-01-12,3.2432999999999996,0.0,18.04,100,maynas_persiann_cdr_2000_2011.zip,CDR_20110112z.asc,True,1.0,2011-01-09
2011-01-13,2.5862,0.0,20.14,100,maynas_persiann_cdr_2000_2011.zip,CDR_20110113z.asc,True,1.0,2011-01-09
2011-01-14,8.9844,0.0,44.91,100,maynas_persiann_cdr_2000_2011.zip,CDR_20110114z.asc,True,1.0,2011-01-09
2011-01-15,18.2496,2.56,47.08,100,maynas_persiann_cdr_2000_2011.zip,CDR_20110115z.asc,True,1.0,2011-01-09
2011-01-16,7.210300000000001,0.85,21.54,100,maynas_persiann_cdr_2000_2011.zip,CDR_20110116z.asc,True,1.0,2011-01-16
2011-01-17,2.7091000000000003,0.0,14.45,100,maynas_persiann_cdr_2000_2011.zip,CDR_20110117z.asc,True,1.0,2011-01-16
2011-01-18,2.7951000000000006,0.0,10.49,100,maynas_persiann_cdr_2000_2011.zip,CDR_20110118z.asc,True,1.0,2011-01-16
2011-01-19,8.083,0.0,24.1,100,maynas_persiann_cdr_2000_2011.zip,CDR_20110119z.asc,True,1.0,2011-01-16
2011-01-20,7.7155,0.0,24.77,100,maynas_persiann_cdr_2000_2011.zip,CDR_20110120z.asc,True,1.0,2011-01-16
2011-01-21,7.149799999999999,0.0,21.3,100,maynas_persiann_cdr_2000_2011.zip,CDR_20110121z.asc,True,1.0,2011-01-16
2011-01-22,6.7105999999999995,2.73,21.71,100,maynas_persiann_cdr_2000_2011.zip,CDR_20110122z.asc,True,1.0,2011-01-16
2011-01-23,2.9433,0.0,12.33,100,maynas_persiann_cdr_2000_2011.zip,CDR_20110123z.asc,True,1.0,2011-01-23
2011-01-24,3.6116999999999995,1.49,10.41,100,maynas_persiann_cdr_2000_2011.zip,CDR_20110124z.asc,True,1.0,2011-01-23
2011-01-25,3.6969,0.0,14.41,100,maynas_persiann_cdr_2000_2011.zip,CDR_20110125z.asc,True,1.0,2011-01-23
2011-01-26,2.0183,0.0,10.82,100,maynas_persiann_cdr_2000_2011.zip,CDR_20110126z.asc,True,1.0,2011-01-23
2011-01-27,1.5200000000000002,0.0,7.8,100,maynas_persiann_cdr_2000_2011.zip,CDR_20110127z.asc,True,1.0,2011-01-23
2011-01-28,4.193199999999999,0.0,18.78,100,maynas_persiann_cdr_2000_2011.zip,CDR_20110128z.asc,True,1.0,2011-01-23
2011-01-29,23.735100000000006,9.28,42.04,100,maynas_persiann_cdr_2000_2011.zip,CDR_20110129z.asc,True,1.0,2011-01-23
2011-01-30,2.5058000000000002,0.0,8.24,100,maynas_persiann_cdr_2000_2011.zip,CDR_20110130z.asc,True,1.0,2011-01-30
2011-01-31,2.6852,0.41,15.42,100,maynas_persiann_cdr_2000_2011.zip,CDR_20110131z.asc,True,1.0,2011-01-30
2011-02-01,1.2743,0.0,6.56,100,maynas_persiann_cdr_2000_2011.zip,CDR_20110201z.asc,True,1.0,2011-01-30
2011-02-02,12.0906,2.33,26.89,100,maynas_persiann_cdr_2000_2011.zip,CDR_20110202z.asc,True,1.0,2011-01-30
2011-02-03,8.6499,1.75,17.31,100,maynas_persiann_cdr_2000_2011.zip,CDR_20110203z.asc,True,1.0,2011-01-30
2011-02-04,7.3214,0.89,17.08,100,maynas_persiann_cdr_2000_2011.zip,CDR_20110204z.asc,True,1.0,2011-01-30
2011-02-05,0.9515,0.0,8.33,100,maynas_persiann_cdr_2000_2011.zip,CDR_20110205z.asc,True,0.0,2011-01-30
2011-02-06,1.3217,0.0,10.83,100,maynas_persiann_cdr_2000_2011.zip,CDR_20110206z.asc,True,1.0,2011-02-06
2011-02-07,5.588999999999999,0.3,14.9,100,maynas_persiann_cdr_2000_2011.zip,CDR_20110207z.asc,True,1.0,2011-02-06
2011-02-08,4.615100000000001,0.99,12.9,100,maynas_persiann_cdr_2000_2011.zip,CDR_20110208z.asc,True,1.0,2011-02-06
2011-02-09,4.2203,0.0,10.91,100,maynas_persiann_cdr_2000_2011.zip,CDR_20110209z.asc,True,1.0,2011-02-06
2011-02-10,7.9757,0.99,22.96,100,maynas_persiann_cdr_2000_2011.zip,CDR_20110210z.asc,True,1.0,2011-02-06
2011-02-11,4.741199999999999,0.0,12.73,100,maynas_persiann_cdr_2000_2011.zip,CDR_20110211z.asc,True,1.0,2011-02-06
2011-02-12,18.678800000000003,8.0,30.2,100,maynas_persiann_cdr_2000_2011.zip,CDR_20110212z.asc,True,1.0,2011-02-06
2011-02-13,13.857400000000002,4.58,21.89,100,maynas_persiann_cdr_2000_2011.zip,CDR_20110213z.asc,True,1.0,2011-02-13
2011-02-14,19.118100000000002,9.17,26.46,100,maynas_persiann_cdr_2000_2011.zip,CDR_20110214z.asc,True,1.0,2011-02-13
2011-02-15,5.8424000000000005,0.28,17.1,100,maynas_persiann_cdr_2000_2011.zip,CDR_20110215z.asc,True,1.0,2011-02-13
2011-02-16,14.6097,3.97,28.9,100,maynas_persiann_cdr_2000_2011.zip,CDR_20110216z.asc,True,1.0,2011-02-13
2011-02-17,6.1704,0.89,13.63,100,maynas_persiann_cdr_2000_2011.zip,CDR_20110217z.asc,True,1.0,2011-02-13
2011-02-18,5.924000000000001,0.64,14.18,100,maynas_persiann_cdr_2000_2011.zip,CDR_20110218z.asc,True,1.0,2011-02-13
2011-02-19,5.769,1.31,14.35,100,maynas_persiann_cdr_2000_2011.zip,CDR_20110219z.asc,True,1.0,2011-02-13
2011-02-20,7.965699999999999,0.29,17.64,100,maynas_persiann_cdr_2000_2011.zip,CDR_20110220z.asc,True,1.0,2011-02-20
2011-02-21,7.1652999999999984,0.99,18.58,100,maynas_persiann_cdr_2000_2011.zip,CDR_20110221z.asc,True,1.0,2011-02-20
2011-02-22,8.8429,3.11,16.24,100,maynas_persiann_cdr_2000_2011.zip,CDR_20110222z.asc,True,1.0,2011-02-20
2011-02-23,6.068,0.68,11.91,100,maynas_persiann_cdr_2000_2011.zip,CDR_20110223z.asc,True,1.0,2011-02-20
2011-02-24,6.2862,0.96,16.53,100,maynas_persiann_cdr_2000_2011.zip,CDR_20110224z.asc,True,1.0,2011-02-20
2011-02-25,7.935599999999998,1.71,24.81,100,maynas_persiann_cdr_2000_2011.zip,CDR_20110225z.asc,True,1.0,2011-02-20
2011-02-26,10.1729,2.8,23.92,100,maynas_persiann_cdr_2000_2011.zip,CDR_20110226z.asc,True,1.0,2011-02-20
2011-02-27,0.7424000000000001,0.0,3.42,100,maynas_persiann_cdr_2000_2011.zip,CDR_20110227z.asc,True,0.0,2011-02-27
2011-02-28,2.7501000000000007,0.0,12.95,100,maynas_persiann_cdr_2000_2011.zip,CDR_20110228z.asc,True,1.0,2011-02-27
2011-03-01,8.3918,1.41,24.98,100,maynas_persiann_cdr_2000_2011.zip,CDR_20110301z.asc,True,1.0,2011-02-27
2011-03-02,6.431799999999999,0.0,25.34,100,maynas_persiann_cdr_2000_2011.zip,CDR_20110302z.asc,True,1.0,2011-02-27
2011-03-03,9.6351,0.0,25.82,100,maynas_persiann_cdr_2000_2011.zip,CDR_20110303z.asc,True,1.0,2011-02-27
2011-03-04,21.0523,4.22,43.87,100,maynas_persiann_cdr_2000_2011.zip,CDR_20110304z.asc,True,1.0,2011-02-27
2011-03-05,6.343699999999999,1.56,17.5,100,maynas_persiann_cdr_2000_2011.zip,CDR_20110305z.asc,True,1.0,2011-02-27
2011-03-06,2.6055,0.0,13.96,100,maynas_persiann_cdr_2000_2011.zip,CDR_20110306z.asc,True,1.0,2011-03-06
2011-03-07,20.738099999999996,11.0,37.08,100,maynas_persiann_cdr_2000_2011.zip,CDR_20110307z.asc,True,1.0,2011-03-06
2011-03-08,8.4499,1.09,20.55,100,maynas_persiann_cdr_2000_2011.zip,CDR_20110308z.asc,True,1.0,2011-03-06
2011-03-09,42.746900000000004,23.77,59.17,100,maynas_persiann_cdr_2000_2011.zip,CDR_20110309z.asc,True,1.0,2011-03-06
2011-03-10,7.590200000000001,1.1,27.32,100,maynas_persiann_cdr_2000_2011.zip,CDR_20110310z.asc,True,1.0,2011-03-06
2011-03-11,1.6024999999999998,0.0,5.32,100,maynas_persiann_cdr_2000_2011.zip,CDR_20110311z.asc,True,1.0,2011-03-06
2011-03-12,0.5712,0.0,7.11,100,maynas_persiann_cdr_2000_2011.zip,CDR_20110312z.asc,True,0.0,2011-03-06
2011-03-13,1.2497,0.0,5.87,100,maynas_persiann_cdr_2000_2011.zip,CDR_20110313z.asc,True,1.0,2011-03-13
2011-03-14,2.0876,0.0,15.88,100,maynas_persiann_cdr_2000_2011.zip,CDR_20110314z.asc,True,1.0,2011-03-13
2011-03-15,0.9838,0.0,5.93,100,maynas_persiann_cdr_2000_2011.zip,CDR_20110315z.asc,True,0.0,2011-03-13
2011-03-16,1.3445999999999998,0.0,6.22,100,maynas_persiann_cdr_2000_2011.zip,CDR_20110316z.asc,True,1.0,2011-03-13
2011-03-17,15.5952,3.69,38.38,100,maynas_persiann_cdr_2000_2011.zip,CDR_20110317z.asc,True,1.0,2011-03-13
2011-03-18,7.925799999999999,0.0,20.29,100,maynas_persiann_cdr_2000_2011.zip,CDR_20110318z.asc,True,1.0,2011-03-13
2011-03-19,16.527,1.47,37.69,100,maynas_persiann_cdr_2000_2011.zip,CDR_20110319z.asc,True,1.0,2011-03-13
2011-03-20,26.000900000000005,10.6,48.05,100,maynas_persiann_cdr_2000_2011.zip,CDR_20110320z.asc,True,1.0,2011-03-20
2011-03-21,14.309599999999998,3.92,44.51,100,maynas_persiann_cdr_2000_2011.zip,CDR_20110321z.asc,True,1.0,2011-03-20
2011-03-22,4.849,0.46,22.91,100,maynas_persiann_cdr_2000_2011.zip,CDR_20110322z.asc,True,1.0,2011-03-20
2011-03-23,8.0387,0.0,28.05,100,maynas_persiann_cdr_2000_2011.zip,CDR_20110323z.asc,True,1.0,2011-03-20
2011-03-24,26.041000000000004,4.72,52.53,100,maynas_persiann_cdr_2000_2011.zip,CDR_20110324z.asc,True,1.0,2011-03-20
2011-03-25,3.3119999999999994,0.0,19.27,100,maynas_persiann_cdr_2000_2011.zip,CDR_20110325z.asc,True,1.0,2011-03-20
2011-03-26,7.504,0.0,30.16,100,maynas_persiann_cdr_2000_2011.zip,CDR_20110326z.asc,True,1.0,2011-03-20
2011-03-27,3.7628999999999997,0.0,13.41,100,maynas_persiann_cdr_2000_2011.zip,CDR_20110327z.asc,True,1.0,2011-03-27
2011-03-28,9.9557,2.25,28.5,100,maynas_persiann_cdr_2000_2011.zip,CDR_20110328z.asc,True,1.0,2011-03-27
2011-03-29,24.492600000000003,7.43,52.3,100,maynas_persiann_cdr_2000_2011.zip,CDR_20110329z.asc,True,1.0,2011-03-27
2011-03-30,3.0648999999999997,0.0,17.06,100,maynas_persiann_cdr_2000_2011.zip,CDR_20110330z.asc,True,1.0,2011-03-27
2011-03-31,14.739299999999998,4.26,27.67,100,maynas_persiann_cdr_2000_2011.zip,CDR_20110331z.asc,True,1.0,2011-03-27
2011-04-01,9.279200000000001,1.32,23.5,100,maynas_persiann_cdr_2000_2011.zip,CDR_20110401z.asc,True,1.0,2011-03-27
2011-04-02,11.928500000000001,1.94,27.2,100,maynas_persiann_cdr_2000_2011.zip,CDR_20110402z.asc,True,1.0,2011-03-27
2011-04-03,10.3005,1.11,25.65,100,maynas_persiann_cdr_2000_2011.zip,CDR_20110403z.asc,True,1.0,2011-04-03
2011-04-04,13.805200000000003,0.87,40.83,100,maynas_persiann_cdr_2000_2011.zip,CDR_20110404z.asc,True,1.0,2011-04-03
2011-04-05,26.7085,5.03,50.79,100,maynas_persiann_cdr_2000_2011.zip,CDR_20110405z.asc,True,1.0,2011-04-03
2011-04-06,15.159000000000002,1.15,37.08,100,maynas_persiann_cdr_2000_2011.zip,CDR_20110406z.asc,True,1.0,2011-04-03
2011-04-07,22.1213,3.24,45.55,100,maynas_persiann_cdr_2000_2011.zip,CDR_20110407z.asc,True,1.0,2011-04-03
2011-04-08,1.6610000000000003,0.0,4.81,100,maynas_persiann_cdr_2000_2011.zip,CDR_20110408z.asc,True,1.0,2011-04-03
2011-04-09,10.2489,0.0,49.61,100,maynas_persiann_cdr_2000_2011.zip,CDR_20110409z.asc,True,1.0,2011-04-03
2011-04-10,26.9402,3.54,53.56,100,maynas_persiann_cdr_2000_2011.zip,CDR_20110410z.asc,True,1.0,2011-04-10
2011-04-11,0.4816,0.0,4.66,100,maynas_persiann_cdr_2000_2011.zip,CDR_20110411z.asc,True,0.0,2011-04-10
2011-04-12,9.5382,0.63,31.02,100,maynas_persiann_cdr_2000_2011.zip,CDR_20110412z.asc,True,1.0,2011-04-10
2011-04-13,18.515600000000003,1.75,59.71,100,maynas_persiann_cdr_2000_2011.zip,CDR_20110413z.asc,True,1.0,2011-04-10
2011-04-14,6.352499999999997,0.0,32.15,100,maynas_persiann_cdr_2000_2011.zip,CDR_20110414z.asc,True,1.0,2011-04-10
2011-04-15,36.141000000000005,7.4,65.08,100,maynas_persiann_cdr_2000_2011.zip,CDR_20110415z.asc,True,1.0,2011-04-10
2011-04-16,7.9068,0.0,33.42,100,maynas_persiann_cdr_2000_2011.zip,CDR_20110416z.asc,True,1.0,2011-04-10
2011-04-17,1.1008,0.0,5.86,100,maynas_persiann_cdr_2000_2011.zip,CDR_20110417z.asc,True,1.0,2011-04-17
2011-04-18,11.3599,1.55,24.57,100,maynas_persiann_cdr_2000_2011.zip,CDR_20110418z.asc,True,1.0,2011-04-17
2011-04-19,31.4646,5.75,54.0,100,maynas_persiann_cdr_2000_2011.zip,CDR_20110419z.asc,True,1.0,2011-04-17
2011-04-20,1.4475,0.0,8.86,100,maynas_persiann_cdr_2000_2011.zip,CDR_20110420z.asc,True,1.0,2011-04-17
2011-04-21,11.6821,0.77,33.56,100,maynas_persiann_cdr_2000_2011.zip,CDR_20110421z.asc,True,1.0,2011-04-17
2011-04-22,17.65,2.53,41.98,100,maynas_persiann_cdr_2000_2011.zip,CDR_20110422z.asc,True,1.0,2011-04-17
2011-04-23,11.445199999999998,0.0,31.22,100,maynas_persiann_cdr_2000_2011.zip,CDR_20110423z.asc,True,1.0,2011-04-17
2011-04-24,0.3393,0.0,3.58,100,maynas_persiann_cdr_2000_2011.zip,CDR_20110424z.asc,True,0.0,2011-04-24
2011-04-25,9.7369,0.0,29.19,100,maynas_persiann_cdr_2000_2011.zip,CDR_20110425z.asc,True,1.0,2011-04-24
2011-04-26,31.1066,10.61,67.3,100,maynas_persiann_cdr_2000_2011.zip,CDR_20110426z.asc,True,1.0,2011-04-24
2011-04-27,9.005400000000002,0.0,36.78,100,maynas_persiann_cdr_2000_2011.zip,CDR_20110427z.asc,True,1.0,2011-04-24
2011-04-28,4.455799999999999,0.0,26.02,100,maynas_persiann_cdr_2000_2011.zip,CDR_20110428z.asc,True,1.0,2011-04-24
2011-04-29,3.9162,0.0,16.62,100,maynas_persiann_cdr_2000_2011.zip,CDR_20110429z.asc,True,1.0,2011-04-24
2011-04-30,15.472800000000001,0.74,42.46,100,maynas_persiann_cdr_2000_2011.zip,CDR_20110430z.asc,True,1.0,2011-04-24
2011-05-01,15.6725,0.0,73.45,100,maynas_persiann_cdr_2000_2011.zip,CDR_20110501z.asc,True,1.0,2011-05-01
2011-05-02,1.7005,0.0,14.04,100,maynas_persiann_cdr_2000_2011.zip,CDR_20110502z.asc,True,1.0,2011-05-01
2011-05-03,0.6686,0.0,4.72,100,maynas_persiann_cdr_2000_2011.zip,CDR_20110503z.asc,True,0.0,2011-05-01
2011-05-04,0.0,0.0,0.0,100,maynas_persiann_cdr_2000_2011.zip,CDR_20110504z.asc,True,0.0,2011-05-01
2011-05-05,0.0,0.0,0.0,100,maynas_persiann_cdr_2000_2011.zip,CDR_20110505z.asc,True,0.0,2011-05-01
2011-05-06,0.31139999999999995,0.0,3.94,100,maynas_persiann_cdr_2000_2011.zip,CDR_20110506z.asc,True,0.0,2011-05-01
2011-05-07,1.1063,0.0,5.84,100,maynas_persiann_cdr_2000_2011.zip,CDR_20110507z.asc,True,1.0,2011-05-01
2011-05-08,6.9719999999999995,0.0,31.14,100,maynas_persiann_cdr_2000_2011.zip,CDR_20110508z.asc,True,1.0,2011-05-08
2011-05-09,19.4037,0.75,48.27,100,maynas_persiann_cdr_2000_2011.zip,CDR_20110509z.asc,True,1.0,2011-05-08
2011-05-10,23.83560000000001,4.63,65.01,100,maynas_persiann_cdr_2000_2011.zip,CDR_20110510z.asc,True,1.0,2011-05-08
2011-05-11,1.8547000000000002,0.0,6.36,100,maynas_persiann_cdr_2000_2011.zip,CDR_20110511z.asc,True,1.0,2011-05-08
2011-05-12,5.8782,0.0,18.21,100,maynas_persiann_cdr_2000_2011.zip,CDR_20110512z.asc,True,1.0,2011-05-08
2011-05-13,11.153599999999999,1.24,32.35,100,maynas_persiann_cdr_2000_2011.zip,CDR_20110513z.asc,True,1.0,2011-05-08
2011-05-14,42.8331,5.63,89.9,100,maynas_persiann_cdr_2000_2011.zip,CDR_20110514z.asc,True,1.0,2011-05-08
2011-05-15,1.8547,0.0,10.81,100,maynas_persiann_cdr_2000_2011.zip,CDR_20110515z.asc,True,1.0,2011-05-15
2011-05-16,14.223400000000002,2.8,52.31,100,maynas_persiann_cdr_2000_2011.zip,CDR_20110516z.asc,True,1.0,2011-05-15
2011-05-17,12.467399999999998,1.81,36.04,100,maynas_persiann_cdr_2000_2011.zip,CDR_20110517z.asc,True,1.0,2011-05-15
2011-05-18,3.0071000000000003,0.0,20.54,100,maynas_persiann_cdr_2000_2011.zip,CDR_20110518z.asc,True,1.0,2011-05-15
2011-05-19,16.2273,0.0,69.51,100,maynas_persiann_cdr_2000_2011.zip,CDR_20110519z.asc,True,1.0,2011-05-15
2011-05-20,27.993000000000002,0.0,73.42,100,maynas_persiann_cdr_2000_2011.zip,CDR_20110520z.asc,True,1.0,2011-05-15
2011-05-21,1.811,0.0,13.57,100,maynas_persiann_cdr_2000_2011.zip,CDR_20110521z.asc,True,1.0,2011-05-15
2011-05-22,6.645700000000001,0.0,19.37,100,maynas_persiann_cdr_2000_2011.zip,CDR_20110522z.asc,True,1.0,2011-05-22
2011-05-23,7.626899999999999,0.0,36.52,100,maynas_persiann_cdr_2000_2011.zip,CDR_20110523z.asc,True,1.0,2011-05-22
2011-05-24,1.7043000000000001,0.0,13.21,100,maynas_persiann_cdr_2000_2011.zip,CDR_20110524z.asc,True,1.0,2011-05-22
2011-05-25,1.9831999999999999,0.0,15.59,100,maynas_persiann_cdr_2000_2011.zip,CDR_20110525z.asc,True,1.0,2011-05-22
2011-05-26,3.7218,0.0,15.57,100,maynas_persiann_cdr_2000_2011.zip,CDR_20110526z.asc,True,1.0,2011-05-22
2011-05-27,10.318200000000001,0.0,30.96,100,maynas_persiann_cdr_2000_2011.zip,CDR_20110527z.asc,True,1.0,2011-05-22
2011-05-28,12.952399999999997,1.7,33.01,100,maynas_persiann_cdr_2000_2011.zip,CDR_20110528z.asc,True,1.0,2011-05-22
2011-05-29,0.006500000000000001,0.0,0.65,100,maynas_persiann_cdr_2000_2011.zip,CDR_20110529z.asc,True,0.0,2011-05-29
2011-05-30,0.019799999999999998,0.0,0.68,100,maynas_persiann_cdr_2000_2011.zip,CDR_20110530z.asc,True,0.0,2011-05-29
2011-05-31,2.1182000000000003,0.0,22.08,100,maynas_persiann_cdr_2000_2011.zip,CDR_20110531z.asc,True,1.0,2011-05-29
2011-06-01,5.172700000000001,0.0,26.21,100,maynas_persiann_cdr_2000_2011.zip,CDR_20110601z.asc,True,1.0,2011-05-29
2011-06-02,50.439899999999994,4.36,86.49,100,maynas_persiann_cdr_2000_2011.zip,CDR_20110602z.asc,True,1.0,2011-05-29
2011-06-03,3.6530000000000005,0.0,9.11,100,maynas_persiann_cdr_2000_2011.zip,CDR_20110603z.asc,True,1.0,2011-05-29
2011-06-04,18.697100000000002,5.49,36.28,100,maynas_persiann_cdr_2000_2011.zip,CDR_20110604z.asc,True,1.0,2011-05-29
2011-06-05,35.188199999999995,14.19,70.19,100,maynas_persiann_cdr_2000_2011.zip,CDR_20110605z.asc,True,1.0,2011-06-05
2011-06-06,0.3899000000000001,0.0,2.24,100,maynas_persiann_cdr_2000_2011.zip,CDR_20110606z.asc,True,0.0,2011-06-05
2011-06-07,0.23829999999999998,0.0,6.89,100,maynas_persiann_cdr_2000_2011.zip,CDR_20110607z.asc,True,0.0,2011-06-05
2011-06-08,4.272,0.0,32.93,100,maynas_persiann_cdr_2000_2011.zip,CDR_20110608z.asc,True,1.0,2011-06-05
2011-06-09,13.791000000000002,0.0,48.79,100,maynas_persiann_cdr_2000_2011.zip,CDR_20110609z.asc,True,1.0,2011-06-05
2011-06-10,11.515200000000002,1.15,39.15,100,maynas_persiann_cdr_2000_2011.zip,CDR_20110610z.asc,True,1.0,2011-06-05
2011-06-11,24.866,1.54,61.78,100,maynas_persiann_cdr_2000_2011.zip,CDR_20110611z.asc,True,1.0,2011-06-05
2011-06-12,2.6053,0.0,17.75,100,maynas_persiann_cdr_2000_2011.zip,CDR_20110612z.asc,True,1.0,2011-06-12
2011-06-13,3.6343000000000005,0.0,20.23,100,maynas_persiann_cdr_2000_2011.zip,CDR_20110613z.asc,True,1.0,2011-06-12
2011-06-14,9.176899999999998,0.84,36.97,100,maynas_persiann_cdr_2000_2011.zip,CDR_20110614z.asc,True,1.0,2011-06-12
2011-06-15,2.9120999999999997,0.0,15.89,100,maynas_persiann_cdr_2000_2011.zip,CDR_20110615z.asc,True,1.0,2011-06-12
2011-06-16,4.914599999999999,0.0,29.69,100,maynas_persiann_cdr_2000_2011.zip,CDR_20110616z.asc,True,1.0,2011-06-12
2011-06-17,7.3092,0.0,33.91,100,maynas_persiann_cdr_2000_2011.zip,CDR_20110617z.asc,True,1.0,2011-06-12
2011-06-18,26.3764,6.19,57.14,100,maynas_persiann_cdr_2000_2011.zip,CDR_20110618z.asc,True,1.0,2011-06-12
2011-06-19,2.0586,0.0,7.85,100,maynas_persiann_cdr_2000_2011.zip,CDR_20110619z.asc,True,1.0,2011-06-19
2011-06-20,0.6279,0.0,6.62,100,maynas_persiann_cdr_2000_2011.zip,CDR_20110620z.asc,True,0.0,2011-06-19
2011-06-21,0.8397,0.0,7.77,100,maynas_persiann_cdr_2000_2011.zip,CDR_20110621z.asc,True,0.0,2011-06-19
2011-06-22,3.1293999999999995,0.0,15.13,100,maynas_persiann_cdr_2000_2011.zip,CDR_20110622z.asc,True,1.0,2011-06-19
2011-06-23,16.167999999999996,0.0,60.24,100,maynas_persiann_cdr_2000_2011.zip,CDR_20110623z.asc,True,1.0,2011-06-19
2011-06-24,5.7841,0.0,24.69,100,maynas_persiann_cdr_2000_2011.zip,CDR_20110624z.asc,True,1.0,2011-06-19
2011-06-25,8.796100000000001,0.0,21.79,100,maynas_persiann_cdr_2000_2011.zip,CDR_20110625z.asc,True,1.0,2011-06-19
2011-06-26,7.963599999999999,0.0,21.6,100,maynas_persiann_cdr_2000_2011.zip,CDR_20110626z.asc,True,1.0,2011-06-26
2011-06-27,3.0754,0.0,30.03,100,maynas_persiann_cdr_2000_2011.zip,CDR_20110627z.asc,True,1.0,2011-06-26
2011-06-28,2.0644,0.0,18.19,100,maynas_persiann_cdr_2000_2011.zip,CDR_20110628z.asc,True,1.0,2011-06-26
2011-06-29,0.0,0.0,0.0,100,maynas_persiann_cdr_2000_2011.zip,CDR_20110629z.asc,True,0.0,2011-06-26
2011-06-30,0.304,0.0,5.28,100,maynas_persiann_cdr_2000_2011.zip,CDR_20110630z.asc,True,0.0,2011-06-26
2011-07-01,4.109299999999999,0.0,21.13,100,maynas_persiann_cdr_2000_2011.zip,CDR_20110701z.asc,True,1.0,2011-06-26
2011-07-02,18.023699999999998,3.81,64.85,100,maynas_persiann_cdr_2000_2011.zip,CDR_20110702z.asc,True,1.0,2011-06-26
2011-07-03,14.0364,4.07,39.5,100,maynas_persiann_cdr_2000_2011.zip,CDR_20110703z.asc,True,1.0,2011-07-03
2011-07-04,5.249,0.0,15.2,100,maynas_persiann_cdr_2000_2011.zip,CDR_20110704z.asc,True,1.0,2011-07-03
2011-07-05,0.3732,0.0,5.74,100,maynas_persiann_cdr_2000_2011.zip,CDR_20110705z.asc,True,0.0,2011-07-03
2011-07-06,0.3696,0.0,3.2,100,maynas_persiann_cdr_2000_2011.zip,CDR_20110706z.asc,True,0.0,2011-07-03
2011-07-07,0.16740000000000002,0.0,3.81,100,maynas_persiann_cdr_2000_2011.zip,CDR_20110707z.asc,True,0.0,2011-07-03
2011-07-08,0.38949999999999996,0.0,2.73,100,maynas_persiann_cdr_2000_2011.zip,CDR_20110708z.asc,True,0.0,2011-07-03
2011-07-09,1.5873999999999997,0.0,21.81,100,maynas_persiann_cdr_2000_2011.zip,CDR_20110709z.asc,True,1.0,2011-07-03
2011-07-10,5.4286,0.0,28.84,100,maynas_persiann_cdr_2000_2011.zip,CDR_20110710z.asc,True,1.0,2011-07-10
2011-07-11,5.243099999999999,0.0,21.87,100,maynas_persiann_cdr_2000_2011.zip,CDR_20110711z.asc,True,1.0,2011-07-10
2011-07-12,1.8020999999999998,0.0,12.5,100,maynas_persiann_cdr_2000_2011.zip,CDR_20110712z.asc,True,1.0,2011-07-10
2011-07-13,5.174899999999999,0.0,18.83,100,maynas_persiann_cdr_2000_2011.zip,CDR_20110713z.asc,True,1.0,2011-07-10
2011-07-14,2.234,0.0,20.74,100,maynas_persiann_cdr_2000_2011.zip,CDR_20110714z.asc,True,1.0,2011-07-10
2011-07-15,6.2142,0.0,47.34,100,maynas_persiann_cdr_2000_2011.zip,CDR_20110715z.asc,True,1.0,2011-07-10
2011-07-16,21.057299999999994,0.0,66.41,100,maynas_persiann_cdr_2000_2011.zip,CDR_20110716z.asc,True,1.0,2011-07-10
2011-07-17,23.952399999999994,0.0,68.94,100,maynas_persiann_cdr_2000_2011.zip,CDR_20110717z.asc,True,1.0,2011-07-17
2011-07-18,23.075300000000002,0.0,109.14,100,maynas_persiann_cdr_2000_2011.zip,CDR_20110718z.asc,True,1.0,2011-07-17
2011-07-19,39.168899999999994,12.58,87.26,100,maynas_persiann_cdr_2000_2011.zip,CDR_20110719z.asc,True,1.0,2011-07-17
2011-07-20,0.27449999999999997,0.0,3.95,100,maynas_persiann_cdr_2000_2011.zip,CDR_20110720z.asc,True,0.0,2011-07-17
2011-07-21,14.0297,0.0,52.36,100,maynas_persiann_cdr_2000_2011.zip,CDR_20110721z.asc,True,1.0,2011-07-17
2011-07-22,4.5257,0.0,20.47,100,maynas_persiann_cdr_2000_2011.zip,CDR_20110722z.asc,True,1.0,2011-07-17
2011-07-23,13.240699999999997,0.0,54.38,100,maynas_persiann_cdr_2000_2011.zip,CDR_20110723z.asc,True,1.0,2011-07-17
2011-07-24,0.5039,0.0,8.1,100,maynas_persiann_cdr_2000_2011.zip,CDR_20110724z.asc,True,0.0,2011-07-24
2011-07-25,2.1835999999999998,0.0,14.04,100,maynas_persiann_cdr_2000_2011.zip,CDR_20110725z.asc,True,1.0,2011-07-24
2011-07-26,3.1848999999999994,0.0,28.77,100,maynas_persiann_cdr_2000_2011.zip,CDR_20110726z.asc,True,1.0,2011-07-24
2011-07-27,2.562,0.0,14.2,100,maynas_persiann_cdr_2000_2011.zip,CDR_20110727z.asc,True,1.0,2011-07-24
2011-07-28,0.4948,0.0,6.49,100,maynas_persiann_cdr_2000_2011.zip,CDR_20110728z.asc,True,0.0,2011-07-24
2011-07-29,0.3468,0.0,7.31,100,maynas_persiann_cdr_2000_2011.zip,CDR_20110729z.asc,True,0.0,2011-07-24
2011-07-30,13.708400000000001,2.04,41.09,100,maynas_persiann_cdr_2000_2011.zip,CDR_20110730z.asc,True,1.0,2011-07-24
2011-07-31,6.841799999999999,0.0,28.25,100,maynas_persiann_cdr_2000_2011.zip,CDR_20110731z.asc,True,1.0,2011-07-31
2011-08-01,3.1726,0.0,10.22,100,maynas_persiann_cdr_2000_2011.zip,CDR_20110801z.asc,True,1.0,2011-07-31
2011-08-02,11.621799999999999,0.0,35.53,100,maynas_persiann_cdr_2000_2011.zip,CDR_20110802z.asc,True,1.0,2011-07-31
2011-08-03,4.1245,0.0,23.71,100,maynas_persiann_cdr_2000_2011.zip,CDR_20110803z.asc,True,1.0,2011-07-31
2011-08-04,7.593399999999999,0.58,26.84,100,maynas_persiann_cdr_2000_2011.zip,CDR_20110804z.asc,True,1.0,2011-07-31
2011-08-05,9.3038,0.0,30.1,100,maynas_persiann_cdr_2000_2011.zip,CDR_20110805z.asc,True,1.0,2011-07-31
2011-08-06,0.0,0.0,0.0,100,maynas_persiann_cdr_2000_2011.zip,CDR_20110806z.asc,True,0.0,2011-07-31
2011-08-07,0.0548,0.0,1.99,100,maynas_persiann_cdr_2000_2011.zip,CDR_20110807z.asc,True,0.0,2011-08-07
2011-08-08,0.49839999999999995,0.0,6.72,100,maynas_persiann_cdr_2000_2011.zip,CDR_20110808z.asc,True,0.0,2011-08-07
2011-08-09,0.0642,0.0,1.38,100,maynas_persiann_cdr_2000_2011.zip,CDR_20110809z.asc,True,0.0,2011-08-07
2011-08-10,2.3335000000000004,0.0,13.5,100,maynas_persiann_cdr_2000_2011.zip,CDR_20110810z.asc,True,1.0,2011-08-07
2011-08-11,0.40900000000000003,0.0,4.78,100,maynas_persiann_cdr_2000_2011.zip,CDR_20110811z.asc,True,0.0,2011-08-07
2011-08-12,0.7986999999999999,0.0,6.28,100,maynas_persiann_cdr_2000_2011.zip,CDR_20110812z.asc,True,0.0,2011-08-07
2011-08-13,1.5623000000000002,0.0,10.62,100,maynas_persiann_cdr_2000_2011.zip,CDR_20110813z.asc,True,1.0,2011-08-07
2011-08-14,7.8111,0.0,21.93,100,maynas_persiann_cdr_2000_2011.zip,CDR_20110814z.asc,True,1.0,2011-08-14
2011-08-15,6.2334000000000005,0.0,16.8,100,maynas_persiann_cdr_2000_2011.zip,CDR_20110815z.asc,True,1.0,2011-08-14
2011-08-16,3.3836,0.0,15.29,100,maynas_persiann_cdr_2000_2011.zip,CDR_20110816z.asc,True,1.0,2011-08-14
2011-08-17,4.7129,0.0,25.37,100,maynas_persiann_cdr_2000_2011.zip,CDR_20110817z.asc,True,1.0,2011-08-14
2011-08-18,11.4659,0.0,32.63,100,maynas_persiann_cdr_2000_2011.zip,CDR_20110818z.asc,True,1.0,2011-08-14
2011-08-19,0.5492,0.0,5.48,100,maynas_persiann_cdr_2000_2011.zip,CDR_20110819z.asc,True,0.0,2011-08-14
2011-08-20,5.421300000000001,0.0,31.19,100,maynas_persiann_cdr_2000_2011.zip,CDR_20110820z.asc,True,1.0,2011-08-14
2011-08-21,15.8027,5.1,37.69,100,maynas_persiann_cdr_2000_2011.zip,CDR_20110821z.asc,True,1.0,2011-08-21
2011-08-22,6.561600000000001,0.0,27.38,100,maynas_persiann_cdr_2000_2011.zip,CDR_20110822z.asc,True,1.0,2011-08-21
2011-08-23,0.0,0.0,0.0,100,maynas_persiann_cdr_2000_2011.zip,CDR_20110823z.asc,True,0.0,2011-08-21
2011-08-24,0.0,0.0,0.0,100,maynas_persiann_cdr_2000_2011.zip,CDR_20110824z.asc,True,0.0,2011-08-21
2011-08-25,0.3845,0.0,2.44,100,maynas_persiann_cdr_2000_2011.zip,CDR_20110825z.asc,True,0.0,2011-08-21
2011-08-26,0.9712000000000001,0.0,5.76,100,maynas_persiann_cdr_2000_2011.zip,CDR_20110826z.asc,True,0.0,2011-08-21
2011-08-27,8.651200000000001,0.0,29.17,100,maynas_persiann_cdr_2000_2011.zip,CDR_20110827z.asc,True,1.0,2011-08-21
2011-08-28,4.127800000000001,0.0,20.05,100,maynas_persiann_cdr_2000_2011.zip,CDR_20110828z.asc,True,1.0,2011-08-28
2011-08-29,2.3337000000000003,0.0,12.4,100,maynas_persiann_cdr_2000_2011.zip,CDR_20110829z.asc,True,1.0,2011-08-28
2011-08-30,4.4305,0.0,20.24,100,maynas_persiann_cdr_2000_2011.zip,CDR_20110830z.asc,True,1.0,2011-08-28
2011-08-31,8.625599999999999,0.0,35.5,100,maynas_persiann_cdr_2000_2011.zip,CDR_20110831z.asc,True,1.0,2011-08-28
2011-09-01,9.5463,1.54,29.55,100,maynas_persiann_cdr_2000_2011.zip,CDR_20110901z.asc,True,1.0,2011-08-28
2011-09-02,0.6773999999999998,0.0,10.56,100,maynas_persiann_cdr_2000_2011.zip,CDR_20110902z.asc,True,0.0,2011-08-28
2011-09-03,2.8342,0.0,18.31,100,maynas_persiann_cdr_2000_2011.zip,CDR_20110903z.asc,True,1.0,2011-08-28
2011-09-04,3.7799,0.0,16.23,100,maynas_persiann_cdr_2000_2011.zip,CDR_20110904z.asc,True,1.0,2011-09-04
2011-09-05,1.2409000000000001,0.0,5.56,100,maynas_persiann_cdr_2000_2011.zip,CDR_20110905z.asc,True,1.0,2011-09-04
2011-09-06,6.3958,1.1,16.81,100,maynas_persiann_cdr_2000_2011.zip,CDR_20110906z.asc,True,1.0,2011-09-04
2011-09-07,2.9732,0.0,10.64,100,maynas_persiann_cdr_2000_2011.zip,CDR_20110907z.asc,True,1.0,2011-09-04
2011-09-08,5.064800000000001,0.45,13.07,100,maynas_persiann_cdr_2000_2011.zip,CDR_20110908z.asc,True,1.0,2011-09-04
2011-09-09,9.2545,0.71,30.29,100,maynas_persiann_cdr_2000_2011.zip,CDR_20110909z.asc,True,1.0,2011-09-04
2011-09-10,15.1478,0.9,27.52,100,maynas_persiann_cdr_2000_2011.zip,CDR_20110910z.asc,True,1.0,2011-09-04
2011-09-11,12.101599999999998,3.0,21.81,100,maynas_persiann_cdr_2000_2011.zip,CDR_20110911z.asc,True,1.0,2011-09-11
2011-09-12,4.320399999999999,0.5,16.32,100,maynas_persiann_cdr_2000_2011.zip,CDR_20110912z.asc,True,1.0,2011-09-11
2011-09-13,5.1882,0.0,18.14,100,maynas_persiann_cdr_2000_2011.zip,CDR_20110913z.asc,True,1.0,2011-09-11
2011-09-14,2.758300000000001,0.0,15.89,100,maynas_persiann_cdr_2000_2011.zip,CDR_20110914z.asc,True,1.0,2011-09-11
2011-09-15,8.2988,0.0,38.01,100,maynas_persiann_cdr_2000_2011.zip,CDR_20110915z.asc,True,1.0,2011-09-11
2011-09-16,7.976200000000001,0.0,17.7,100,maynas_persiann_cdr_2000_2011.zip,CDR_20110916z.asc,True,1.0,2011-09-11
2011-09-17,3.7311000000000005,0.0,18.48,100,maynas_persiann_cdr_2000_2011.zip,CDR_20110917z.asc,True,1.0,2011-09-11
2011-09-18,4.7767,0.97,16.94,100,maynas_persiann_cdr_2000_2011.zip,CDR_20110918z.asc,True,1.0,2011-09-18
2011-09-19,19.9182,3.39,35.21,100,maynas_persiann_cdr_2000_2011.zip,CDR_20110919z.asc,True,1.0,2011-09-18
2011-09-20,2.7646,0.0,16.1,100,maynas_persiann_cdr_2000_2011.zip,CDR_20110920z.asc,True,1.0,2011-09-18
2011-09-21,5.771100000000001,0.0,20.21,100,maynas_persiann_cdr_2000_2011.zip,CDR_20110921z.asc,True,1.0,2011-09-18
2011-09-22,6.591899999999999,0.0,27.9,100,maynas_persiann_cdr_2000_2011.zip,CDR_20110922z.asc,True,1.0,2011-09-18
2011-09-23,2.7811999999999997,0.0,16.16,100,maynas_persiann_cdr_2000_2011.zip,CDR_20110923z.asc,True,1.0,2011-09-18
2011-09-24,21.005499999999998,6.66,46.37,100,maynas_persiann_cdr_2000_2011.zip,CDR_20110924z.asc,True,1.0,2011-09-18
2011-09-25,12.123299999999999,0.51,26.92,100,maynas_persiann_cdr_2000_2011.zip,CDR_20110925z.asc,True,1.0,2011-09-25
2011-09-26,7.5751,0.51,23.31,100,maynas_persiann_cdr_2000_2011.zip,CDR_20110926z.asc,True,1.0,2011-09-25
2011-09-27,7.52,0.86,26.11,100,maynas_persiann_cdr_2000_2011.zip,CDR_20110927z.asc,True,1.0,2011-09-25
2011-09-28,15.273199999999996,5.72,29.63,100,maynas_persiann_cdr_2000_2011.zip,CDR_20110928z.asc,True,1.0,2011-09-25
2011-09-29,7.766500000000001,0.0,24.02,100,maynas_persiann_cdr_2000_2011.zip,CDR_20110929z.asc,True,1.0,2011-09-25
2011-09-30,3.4206,0.0,19.7,100,maynas_persiann_cdr_2000_2011.zip,CDR_20110930z.asc,True,1.0,2011-09-25
2011-10-01,3.0054,0.33,10.49,100,maynas_persiann_cdr_2000_2011.zip,CDR_20111001z.asc,True,1.0,2011-09-25
2011-10-02,10.356499999999999,2.18,24.91,100,maynas_persiann_cdr_2000_2011.zip,CDR_20111002z.asc,True,1.0,2011-10-02
2011-10-03,6.171,1.45,17.59,100,maynas_persiann_cdr_2000_2011.zip,CDR_20111003z.asc,True,1.0,2011-10-02
2011-10-04,3.3562,0.0,12.85,100,maynas_persiann_cdr_2000_2011.zip,CDR_20111004z.asc,True,1.0,2011-10-02
2011-10-05,4.6002,0.0,18.29,100,maynas_persiann_cdr_2000_2011.zip,CDR_20111005z.asc,True,1.0,2011-10-02
2011-10-06,5.449199999999999,0.0,19.02,100,maynas_persiann_cdr_2000_2011.zip,CDR_20111006z.asc,True,1.0,2011-10-02
2011-10-07,9.505099999999999,0.97,28.84,100,maynas_persiann_cdr_2000_2011.zip,CDR_20111007z.asc,True,1.0,2011-10-02
2011-10-08,12.205100000000002,2.07,22.18,100,maynas_persiann_cdr_2000_2011.zip,CDR_20111008z.asc,True,1.0,2011-10-02
2011-10-09,7.9927,2.51,22.56,100,maynas_persiann_cdr_2000_2011.zip,CDR_20111009z.asc,True,1.0,2011-10-09
2011-10-10,6.310599999999999,1.36,15.7,100,maynas_persiann_cdr_2000_2011.zip,CDR_20111010z.asc,True,1.0,2011-10-09
2011-10-11,4.6621,0.59,17.54,100,maynas_persiann_cdr_2000_2011.zip,CDR_20111011z.asc,True,1.0,2011-10-09
2011-10-12,7.155899999999999,0.32,22.8,100,maynas_persiann_cdr_2000_2011.zip,CDR_20111012z.asc,True,1.0,2011-10-09
2011-10-13,3.0155999999999996,0.0,20.21,100,maynas_persiann_cdr_2000_2011.zip,CDR_20111013z.asc,True,1.0,2011-10-09
2011-10-14,5.6326,0.0,19.18,100,maynas_persiann_cdr_2000_2011.zip,CDR_20111014z.asc,True,1.0,2011-10-09
2011-10-15,5.1915,0.65,11.11,100,maynas_persiann_cdr_2000_2011.zip,CDR_20111015z.asc,True,1.0,2011-10-09
2011-10-16,5.7181999999999995,1.18,11.65,100,maynas_persiann_cdr_2000_2011.zip,CDR_20111016z.asc,True,1.0,2011-10-16
2011-10-17,4.566,0.0,12.53,100,maynas_persiann_cdr_2000_2011.zip,CDR_20111017z.asc,True,1.0,2011-10-16
2011-10-18,9.6062,1.03,27.1,100,maynas_persiann_cdr_2000_2011.zip,CDR_20111018z.asc,True,1.0,2011-10-16
2011-10-19,4.954400000000001,0.94,10.31,100,maynas_persiann_cdr_2000_2011.zip,CDR_20111019z.asc,True,1.0,2011-10-16
2011-10-20,8.4985,1.44,30.76,100,maynas_persiann_cdr_2000_2011.zip,CDR_20111020z.asc,True,1.0,2011-10-16
2011-10-21,2.5411,0.0,7.05,100,maynas_persiann_cdr_2000_2011.zip,CDR_20111021z.asc,True,1.0,2011-10-16
2011-10-22,1.8546,0.0,13.08,100,maynas_persiann_cdr_2000_2011.zip,CDR_20111022z.asc,True,1.0,2011-10-16
2011-10-23,9.7568,3.27,18.58,100,maynas_persiann_cdr_2000_2011.zip,CDR_20111023z.asc,True,1.0,2011-10-23
2011-10-24,3.1789,0.46,8.77,100,maynas_persiann_cdr_2000_2011.zip,CDR_20111024z.asc,True,1.0,2011-10-23
2011-10-25,0.0079,0.0,0.3,100,maynas_persiann_cdr_2000_2011.zip,CDR_20111025z.asc,True,0.0,2011-10-23
2011-10-26,1.8632,0.0,10.22,100,maynas_persiann_cdr_2000_2011.zip,CDR_20111026z.asc,True,1.0,2011-10-23
2011-10-27,13.5653,3.28,30.34,100,maynas_persiann_cdr_2000_2011.zip,CDR_20111027z.asc,True,1.0,2011-10-23
2011-10-28,2.3206999999999995,0.0,8.57,100,maynas_persiann_cdr_2000_2011.zip,CDR_20111028z.asc,True,1.0,2011-10-23
2011-10-29,2.7302,0.0,13.15,100,maynas_persiann_cdr_2000_2011.zip,CDR_20111029z.asc,True,1.0,2011-10-23
2011-10-30,4.625500000000001,0.0,15.87,100,maynas_persiann_cdr_2000_2011.zip,CDR_20111030z.asc,True,1.0,2011-10-30
2011-10-31,1.6456,0.0,10.85,100,maynas_persiann_cdr_2000_2011.zip,CDR_20111031z.asc,True,1.0,2011-10-30
2011-11-01,12.4563,0.93,36.61,100,maynas_persiann_cdr_2000_2011.zip,CDR_20111101z.asc,True,1.0,2011-10-30
2011-11-02,9.979400000000002,0.0,24.45,100,maynas_persiann_cdr_2000_2011.zip,CDR_20111102z.asc,True,1.0,2011-10-30
2011-11-03,7.108700000000002,0.0,29.88,100,maynas_persiann_cdr_2000_2011.zip,CDR_20111103z.asc,True,1.0,2011-10-30
2011-11-04,8.7022,0.0,25.76,100,maynas_persiann_cdr_2000_2011.zip,CDR_20111104z.asc,True,1.0,2011-10-30
2011-11-05,15.3329,2.55,34.33,100,maynas_persiann_cdr_2000_2011.zip,CDR_20111105z.asc,True,1.0,2011-10-30
2011-11-06,13.192600000000004,0.0,46.95,100,maynas_persiann_cdr_2000_2011.zip,CDR_20111106z.asc,True,1.0,2011-11-06
2011-11-07,9.3392,1.61,31.21,100,maynas_persiann_cdr_2000_2011.zip,CDR_20111107z.asc,True,1.0,2011-11-06
2011-11-08,32.5288,16.93,55.4,100,maynas_persiann_cdr_2000_2011.zip,CDR_20111108z.asc,True,1.0,2011-11-06
2011-11-09,0.8100000000000002,0.0,3.91,100,maynas_persiann_cdr_2000_2011.zip,CDR_20111109z.asc,True,0.0,2011-11-06
2011-11-10,2.6975000000000007,0.0,15.07,100,maynas_persiann_cdr_2000_2011.zip,CDR_20111110z.asc,True,1.0,2011-11-06
2011-11-11,11.029699999999998,1.41,29.64,100,maynas_persiann_cdr_2000_2011.zip,CDR_20111111z.asc,True,1.0,2011-11-06
2011-11-12,28.673299999999994,8.32,60.04,100,maynas_persiann_cdr_2000_2011.zip,CDR_20111112z.asc,True,1.0,2011-11-06
2011-11-13,0.6780000000000002,0.0,3.0,100,maynas_persiann_cdr_2000_2011.zip,CDR_20111113z.asc,True,0.0,2011-11-13
2011-11-14,0.31679999999999997,0.0,4.44,100,maynas_persiann_cdr_2000_2011.zip,CDR_20111114z.asc,True,0.0,2011-11-13
2011-11-15,2.8471,0.0,19.86,100,maynas_persiann_cdr_2000_2011.zip,CDR_20111115z.asc,True,1.0,2011-11-13
2011-11-16,25.637199999999996,3.54,50.11,100,maynas_persiann_cdr_2000_2011.zip,CDR_20111116z.asc,True,1.0,2011-11-13
2011-11-17,10.643899999999999,0.0,44.89,100,maynas_persiann_cdr_2000_2011.zip,CDR_20111117z.asc,True,1.0,2011-11-13
2011-11-18,10.411699999999998,1.84,26.32,100,maynas_persiann_cdr_2000_2011.zip,CDR_20111118z.asc,True,1.0,2011-11-13
2011-11-19,13.398499999999999,0.57,26.81,100,maynas_persiann_cdr_2000_2011.zip,CDR_20111119z.asc,True,1.0,2011-11-13
2011-11-20,14.327500000000004,2.45,33.03,100,maynas_persiann_cdr_2000_2011.zip,CDR_20111120z.asc,True,1.0,2011-11-20
2011-11-21,0.8362999999999999,0.0,8.33,100,maynas_persiann_cdr_2000_2011.zip,CDR_20111121z.asc,True,0.0,2011-11-20
2011-11-22,2.9688999999999997,0.0,14.61,100,maynas_persiann_cdr_2000_2011.zip,CDR_20111122z.asc,True,1.0,2011-11-20
2011-11-23,11.268400000000002,3.02,25.24,100,maynas_persiann_cdr_2000_2011.zip,CDR_20111123z.asc,True,1.0,2011-11-20
2011-11-24,2.9410000000000003,0.86,6.93,100,maynas_persiann_cdr_2000_2011.zip,CDR_20111124z.asc,True,1.0,2011-11-20
2011-11-25,0.2759,0.0,2.79,100,maynas_persiann_cdr_2000_2011.zip,CDR_20111125z.asc,True,0.0,2011-11-20
2011-11-26,4.4778,0.0,19.75,100,maynas_persiann_cdr_2000_2011.zip,CDR_20111126z.asc,True,1.0,2011-11-20
2011-11-27,9.759,0.48,26.4,100,maynas_persiann_cdr_2000_2011.zip,CDR_20111127z.asc,True,1.0,2011-11-27
2011-11-28,21.329,6.14,36.62,100,maynas_persiann_cdr_2000_2011.zip,CDR_20111128z.asc,True,1.0,2011-11-27
2011-11-29,12.571999999999997,0.89,31.89,100,maynas_persiann_cdr_2000_2011.zip,CDR_20111129z.asc,True,1.0,2011-11-27
2011-11-30,11.3447,1.0,24.26,100,maynas_persiann_cdr_2000_2011.zip,CDR_20111130z.asc,True,1.0,2011-11-27
2011-12-01,9.1535,0.0,25.55,100,maynas_persiann_cdr_2000_2011.zip,CDR_20111201z.asc,True,1.0,2011-11-27
2011-12-02,14.701200000000002,7.63,33.29,100,maynas_persiann_cdr_2000_2011.zip,CDR_20111202z.asc,True,1.0,2011-11-27
2011-12-03,1.0428,0.0,4.48,100,maynas_persiann_cdr_2000_2011.zip,CDR_20111203z.asc,True,1.0,2011-11-27
2011-12-04,5.1977,0.0,27.3,100,maynas_persiann_cdr_2000_2011.zip,CDR_20111204z.asc,True,1.0,2011-12-04
2011-12-05,13.966800000000001,0.0,40.19,100,maynas_persiann_cdr_2000_2011.zip,CDR_20111205z.asc,True,1.0,2011-12-04
2011-12-06,24.9063,5.95,62.84,100,maynas_persiann_cdr_2000_2011.zip,CDR_20111206z.asc,True,1.0,2011-12-04
2011-12-07,3.9473000000000003,0.47,11.18,100,maynas_persiann_cdr_2000_2011.zip,CDR_20111207z.asc,True,1.0,2011-12-04
2011-12-08,4.966599999999999,0.0,14.27,100,maynas_persiann_cdr_2000_2011.zip,CDR_20111208z.asc,True,1.0,2011-12-04
2011-12-09,4.5863,0.0,25.02,100,maynas_persiann_cdr_2000_2011.zip,CDR_20111209z.asc,True,1.0,2011-12-04
2011-12-10,17.2888,4.42,39.15,100,maynas_persiann_cdr_2000_2011.zip,CDR_20111210z.asc,True,1.0,2011-12-04
2011-12-11,5.934499999999999,0.53,42.22,100,maynas_persiann_cdr_2000_2011.zip,CDR_20111211z.asc,True,1.0,2011-12-11
2011-12-12,11.0899,0.0,26.13,100,maynas_persiann_cdr_2000_2011.zip,CDR_20111212z.asc,True,1.0,2011-12-11
2011-12-13,,,,0,maynas_persiann_cdr_2000_2011.zip,CDR_20111213z.asc,False,,2011-12-11
2011-12-14,15.804299999999998,0.0,43.97,100,maynas_persiann_cdr_2000_2011.zip,CDR_20111214z.asc,True,1.0,2011-12-11
2011-12-15,14.976300000000002,3.61,30.63,100,maynas_persiann_cdr_2000_2011.zip,CDR_20111215z.asc,True,1.0,2011-12-11
2011-12-16,23.071299999999997,5.42,39.91,100,maynas_persiann_cdr_2000_2011.zip,CDR_20111216z.asc,True,1.0,2011-12-11
2011-12-17,16.1327,0.0,33.1,100,maynas_persiann_cdr_2000_2011.zip,CDR_20111217z.asc,True,1.0,2011-12-11
2011-12-18,12.642100000000001,4.87,35.19,100,maynas_persiann_cdr_2000_2011.zip,CDR_20111218z.asc,True,1.0,2011-12-18
2011-12-19,24.765799999999995,1.2,53.8,100,maynas_persiann_cdr_2000_2011.zip,CDR_20111219z.asc,True,1.0,2011-12-18
2011-12-20,7.853000000000001,1.36,17.09,100,maynas_persiann_cdr_2000_2011.zip,CDR_20111220z.asc,True,1.0,2011-12-18
2011-12-21,7.459699999999999,0.0,28.42,100,maynas_persiann_cdr_2000_2011.zip,CDR_20111221z.asc,True,1.0,2011-12-18
2011-12-22,3.9122999999999997,0.0,17.56,100,maynas_persiann_cdr_2000_2011.zip,CDR_20111222z.asc,True,1.0,2011-12-18
2011-12-23,1.2104,0.0,5.86,100,maynas_persiann_cdr_2000_2011.zip,CDR_20111223z.asc,True,1.0,2011-12-18
2011-12-24,1.0038,0.0,4.85,100,maynas_persiann_cdr_2000_2011.zip,CDR_20111224z.asc,True,1.0,2011-12-18
2011-12-25,0.6860999999999998,0.0,10.14,100,maynas_persiann_cdr_2000_2011.zip,CDR_20111225z.asc,True,0.0,2011-12-25
2011-12-26,9.230899999999998,0.0,20.71,100,maynas_persiann_cdr_2000_2011.zip,CDR_20111226z.asc,True,1.0,2011-12-25
2011-12-27,2.1486,0.0,14.44,100,maynas_persiann_cdr_2000_2011.zip,CDR_20111227z.asc,True,1.0,2011-12-25
2011-12-28,0.44880000000000003,0.0,7.2,100,maynas_persiann_cdr_2000_2011.zip,CDR_20111228z.asc,True,0.0,2011-12-25
2011-12-29,3.0208000000000004,0.0,12.78,100,maynas_persiann_cdr_2000_2011.zip,CDR_20111229z.asc,True,1.0,2011-12-25
2011-12-30,8.3569,1.45,19.25,100,maynas_persiann_cdr_2000_2011.zip,CDR_20111230z.asc,True,1.0,2011-12-25
2011-12-31,9.6457,0.98,34.45,100,maynas_persiann_cdr_2000_2011.zip,CDR_20111231z.asc,True,1.0,2011-12-25
2012-01-01,5.5029,0.0,25.16,100,maynas_persiann_cdr_2012_2023.zip,CDR_20120101z.asc,True,1.0,2012-01-01
2012-01-02,6.783700000000001,0.0,17.54,100,maynas_persiann_cdr_2012_2023.zip,CDR_20120102z.asc,True,1.0,2012-01-01
2012-01-03,10.8526,0.0,27.7,100,maynas_persiann_cdr_2012_2023.zip,CDR_20120103z.asc,True,1.0,2012-01-01
2012-01-04,18.2233,3.74,44.78,100,maynas_persiann_cdr_2012_2023.zip,CDR_20120104z.asc,True,1.0,2012-01-01
2012-01-05,13.995500000000002,4.35,35.03,100,maynas_persiann_cdr_2012_2023.zip,CDR_20120105z.asc,True,1.0,2012-01-01
2012-01-06,6.6652,0.0,22.14,100,maynas_persiann_cdr_2012_2023.zip,CDR_20120106z.asc,True,1.0,2012-01-01
2012-01-07,6.956,0.0,29.13,100,maynas_persiann_cdr_2012_2023.zip,CDR_20120107z.asc,True,1.0,2012-01-01
2012-01-08,15.598100000000002,5.88,31.35,100,maynas_persiann_cdr_2012_2023.zip,CDR_20120108z.asc,True,1.0,2012-01-08
2012-01-09,4.1915000000000004,0.41,20.61,100,maynas_persiann_cdr_2012_2023.zip,CDR_20120109z.asc,True,1.0,2012-01-08
2012-01-10,2.6792000000000002,0.0,18.66,100,maynas_persiann_cdr_2012_2023.zip,CDR_20120110z.asc,True,1.0,2012-01-08
2012-01-11,5.605300000000001,0.0,15.72,100,maynas_persiann_cdr_2012_2023.zip,CDR_20120111z.asc,True,1.0,2012-01-08
2012-01-12,26.0471,12.65,53.36,100,maynas_persiann_cdr_2012_2023.zip,CDR_20120112z.asc,True,1.0,2012-01-08
2012-01-13,27.339700000000004,12.17,40.98,100,maynas_persiann_cdr_2012_2023.zip,CDR_20120113z.asc,True,1.0,2012-01-08
2012-01-14,29.642900000000004,5.26,52.66,100,maynas_persiann_cdr_2012_2023.zip,CDR_20120114z.asc,True,1.0,2012-01-08
2012-01-15,9.452799999999998,1.75,22.21,100,maynas_persiann_cdr_2012_2023.zip,CDR_20120115z.asc,True,1.0,2012-01-15
2012-01-16,6.695600000000001,0.0,16.85,100,maynas_persiann_cdr_2012_2023.zip,CDR_20120116z.asc,True,1.0,2012-01-15
2012-01-17,2.5816000000000003,0.0,15.81,100,maynas_persiann_cdr_2012_2023.zip,CDR_20120117z.asc,True,1.0,2012-01-15
2012-01-18,10.522099999999998,0.0,34.67,100,maynas_persiann_cdr_2012_2023.zip,CDR_20120118z.asc,True,1.0,2012-01-15
2012-01-19,9.1029,0.0,22.09,100,maynas_persiann_cdr_2012_2023.zip,CDR_20120119z.asc,True,1.0,2012-01-15
2012-01-20,6.906699999999998,0.0,23.21,100,maynas_persiann_cdr_2012_2023.zip,CDR_20120120z.asc,True,1.0,2012-01-15
2012-01-21,12.4197,5.36,23.03,100,maynas_persiann_cdr_2012_2023.zip,CDR_20120121z.asc,True,1.0,2012-01-15
2012-01-22,0.1454,0.0,3.23,100,maynas_persiann_cdr_2012_2023.zip,CDR_20120122z.asc,True,0.0,2012-01-22
2012-01-23,4.143,0.0,18.53,100,maynas_persiann_cdr_2012_2023.zip,CDR_20120123z.asc,True,1.0,2012-01-22
2012-01-24,8.9443,0.0,32.15,100,maynas_persiann_cdr_2012_2023.zip,CDR_20120124z.asc,True,1.0,2012-01-22
2012-01-25,5.9441999999999995,0.0,31.29,100,maynas_persiann_cdr_2012_2023.zip,CDR_20120125z.asc,True,1.0,2012-01-22
2012-01-26,6.712700000000001,0.0,32.97,100,maynas_persiann_cdr_2012_2023.zip,CDR_20120126z.asc,True,1.0,2012-01-22
2012-01-27,8.654,2.16,33.79,100,maynas_persiann_cdr_2012_2023.zip,CDR_20120127z.asc,True,1.0,2012-01-22
2012-01-28,4.6806,0.0,17.68,100,maynas_persiann_cdr_2012_2023.zip,CDR_20120128z.asc,True,1.0,2012-01-22
2012-01-29,8.2838,0.51,22.7,100,maynas_persiann_cdr_2012_2023.zip,CDR_20120129z.asc,True,1.0,2012-01-29
2012-01-30,8.340000000000002,0.0,22.4,100,maynas_persiann_cdr_2012_2023.zip,CDR_20120130z.asc,True,1.0,2012-01-29
2012-01-31,7.843800000000001,0.0,31.23,100,maynas_persiann_cdr_2012_2023.zip,CDR_20120131z.asc,True,1.0,2012-01-29
2012-02-01,2.2962000000000002,0.0,14.37,100,maynas_persiann_cdr_2012_2023.zip,CDR_20120201z.asc,True,1.0,2012-01-29
2012-02-02,2.1609,0.0,16.27,100,maynas_persiann_cdr_2012_2023.zip,CDR_20120202z.asc,True,1.0,2012-01-29
2012-02-03,0.10709999999999999,0.0,1.46,100,maynas_persiann_cdr_2012_2023.zip,CDR_20120203z.asc,True,0.0,2012-01-29
2012-02-04,0.97,0.0,9.49,100,maynas_persiann_cdr_2012_2023.zip,CDR_20120204z.asc,True,0.0,2012-01-29
2012-02-05,8.608600000000001,0.63,30.21,100,maynas_persiann_cdr_2012_2023.zip,CDR_20120205z.asc,True,1.0,2012-02-05
2012-02-06,13.360199999999999,0.0,34.02,100,maynas_persiann_cdr_2012_2023.zip,CDR_20120206z.asc,True,1.0,2012-02-05
2012-02-07,23.542800000000003,2.84,53.19,100,maynas_persiann_cdr_2012_2023.zip,CDR_20120207z.asc,True,1.0,2012-02-05
2012-02-08,8.4634,3.05,18.17,100,maynas_persiann_cdr_2012_2023.zip,CDR_20120208z.asc,True,1.0,2012-02-05
2012-02-09,2.8309999999999995,0.0,16.14,100,maynas_persiann_cdr_2012_2023.zip,CDR_20120209z.asc,True,1.0,2012-02-05
2012-02-10,16.4732,0.0,44.62,100,maynas_persiann_cdr_2012_2023.zip,CDR_20120210z.asc,True,1.0,2012-02-05
2012-02-11,16.0707,4.98,44.8,100,maynas_persiann_cdr_2012_2023.zip,CDR_20120211z.asc,True,1.0,2012-02-05
2012-02-12,38.1322,4.83,75.9,100,maynas_persiann_cdr_2012_2023.zip,CDR_20120212z.asc,True,1.0,2012-02-12
2012-02-13,1.7674,0.0,13.41,100,maynas_persiann_cdr_2012_2023.zip,CDR_20120213z.asc,True,1.0,2012-02-12
2012-02-14,0.006500000000000001,0.0,0.65,100,maynas_persiann_cdr_2012_2023.zip,CDR_20120214z.asc,True,0.0,2012-02-12
2012-02-15,2.822,0.0,7.64,100,maynas_persiann_cdr_2012_2023.zip,CDR_20120215z.asc,True,1.0,2012-02-12
2012-02-16,5.309700000000001,0.0,18.08,100,maynas_persiann_cdr_2012_2023.zip,CDR_20120216z.asc,True,1.0,2012-02-12
2012-02-17,3.5732999999999997,0.0,17.56,100,maynas_persiann_cdr_2012_2023.zip,CDR_20120217z.asc,True,1.0,2012-02-12
2012-02-18,10.373400000000002,0.0,45.63,100,maynas_persiann_cdr_2012_2023.zip,CDR_20120218z.asc,True,1.0,2012-02-12
2012-02-19,20.5352,2.53,48.05,100,maynas_persiann_cdr_2012_2023.zip,CDR_20120219z.asc,True,1.0,2012-02-19
2012-02-20,32.5654,6.94,63.6,100,maynas_persiann_cdr_2012_2023.zip,CDR_20120220z.asc,True,1.0,2012-02-19
2012-02-21,2.6633,0.0,20.82,100,maynas_persiann_cdr_2012_2023.zip,CDR_20120221z.asc,True,1.0,2012-02-19
2012-02-22,23.7505,5.5,53.71,100,maynas_persiann_cdr_2012_2023.zip,CDR_20120222z.asc,True,1.0,2012-02-19
2012-02-23,18.3361,2.28,51.89,100,maynas_persiann_cdr_2012_2023.zip,CDR_20120223z.asc,True,1.0,2012-02-19
2012-02-24,9.167900000000001,0.0,20.18,100,maynas_persiann_cdr_2012_2023.zip,CDR_20120224z.asc,True,1.0,2012-02-19
2012-02-25,6.087,0.0,22.73,100,maynas_persiann_cdr_2012_2023.zip,CDR_20120225z.asc,True,1.0,2012-02-19
2012-02-26,9.937500000000002,0.71,29.39,100,maynas_persiann_cdr_2012_2023.zip,CDR_20120226z.asc,True,1.0,2012-02-26
2012-02-27,12.1378,0.0,31.53,100,maynas_persiann_cdr_2012_2023.zip,CDR_20120227z.asc,True,1.0,2012-02-26
2012-02-28,34.1742,8.92,73.52,100,maynas_persiann_cdr_2012_2023.zip,CDR_20120228z.asc,True,1.0,2012-02-26
2012-02-29,7.509600000000002,0.0,35.2,100,maynas_persiann_cdr_2012_2023.zip,CDR_20120229z.asc,True,1.0,2012-02-26
2012-03-01,11.654699999999998,0.81,29.55,100,maynas_persiann_cdr_2012_2023.zip,CDR_20120301z.asc,True,1.0,2012-02-26
2012-03-02,12.106799999999998,0.59,40.87,100,maynas_persiann_cdr_2012_2023.zip,CDR_20120302z.asc,True,1.0,2012-02-26
2012-03-03,18.9668,3.96,39.9,100,maynas_persiann_cdr_2012_2023.zip,CDR_20120303z.asc,True,1.0,2012-02-26
2012-03-04,20.9357,7.35,41.4,100,maynas_persiann_cdr_2012_2023.zip,CDR_20120304z.asc,True,1.0,2012-03-04
2012-03-05,4.790800000000001,0.0,24.02,100,maynas_persiann_cdr_2012_2023.zip,CDR_20120305z.asc,True,1.0,2012-03-04
2012-03-06,6.130200000000001,0.0,47.27,100,maynas_persiann_cdr_2012_2023.zip,CDR_20120306z.asc,True,1.0,2012-03-04
2012-03-07,13.765199999999998,0.68,43.19,100,maynas_persiann_cdr_2012_2023.zip,CDR_20120307z.asc,True,1.0,2012-03-04
2012-03-08,10.276700000000003,0.0,52.64,100,maynas_persiann_cdr_2012_2023.zip,CDR_20120308z.asc,True,1.0,2012-03-04
2012-03-09,17.1116,0.7,41.9,100,maynas_persiann_cdr_2012_2023.zip,CDR_20120309z.asc,True,1.0,2012-03-04
2012-03-10,1.9348999999999998,0.0,7.28,100,maynas_persiann_cdr_2012_2023.zip,CDR_20120310z.asc,True,1.0,2012-03-04
2012-03-11,7.5043,0.0,38.76,100,maynas_persiann_cdr_2012_2023.zip,CDR_20120311z.asc,True,1.0,2012-03-11
2012-03-12,24.475700000000007,6.52,53.59,100,maynas_persiann_cdr_2012_2023.zip,CDR_20120312z.asc,True,1.0,2012-03-11
2012-03-13,4.775200000000001,0.0,26.26,100,maynas_persiann_cdr_2012_2023.zip,CDR_20120313z.asc,True,1.0,2012-03-11
2012-03-14,8.8497,0.59,33.26,100,maynas_persiann_cdr_2012_2023.zip,CDR_20120314z.asc,True,1.0,2012-03-11
2012-03-15,18.3138,4.37,48.62,100,maynas_persiann_cdr_2012_2023.zip,CDR_20120315z.asc,True,1.0,2012-03-11
2012-03-16,43.8956,14.36,83.74,100,maynas_persiann_cdr_2012_2023.zip,CDR_20120316z.asc,True,1.0,2012-03-11
2012-03-17,2.2721999999999998,0.0,12.57,100,maynas_persiann_cdr_2012_2023.zip,CDR_20120317z.asc,True,1.0,2012-03-11
2012-03-18,5.964599999999999,0.0,21.94,100,maynas_persiann_cdr_2012_2023.zip,CDR_20120318z.asc,True,1.0,2012-03-18
2012-03-19,6.063700000000001,0.55,22.65,100,maynas_persiann_cdr_2012_2023.zip,CDR_20120319z.asc,True,1.0,2012-03-18
2012-03-20,33.4888,6.9,56.77,100,maynas_persiann_cdr_2012_2023.zip,CDR_20120320z.asc,True,1.0,2012-03-18
2012-03-21,22.1202,5.89,53.5,100,maynas_persiann_cdr_2012_2023.zip,CDR_20120321z.asc,True,1.0,2012-03-18
2012-03-22,18.913300000000003,3.56,46.92,100,maynas_persiann_cdr_2012_2023.zip,CDR_20120322z.asc,True,1.0,2012-03-18
2012-03-23,5.369,0.0,21.08,100,maynas_persiann_cdr_2012_2023.zip,CDR_20120323z.asc,True,1.0,2012-03-18
2012-03-24,16.4591,0.0,49.88,100,maynas_persiann_cdr_2012_2023.zip,CDR_20120324z.asc,True,1.0,2012-03-18
2012-03-25,25.127100000000006,4.23,65.05,100,maynas_persiann_cdr_2012_2023.zip,CDR_20120325z.asc,True,1.0,2012-03-25
2012-03-26,2.2462,0.0,9.59,100,maynas_persiann_cdr_2012_2023.zip,CDR_20120326z.asc,True,1.0,2012-03-25
2012-03-27,5.553999999999999,0.0,21.36,100,maynas_persiann_cdr_2012_2023.zip,CDR_20120327z.asc,True,1.0,2012-03-25
2012-03-28,23.976300000000002,4.2,59.15,100,maynas_persiann_cdr_2012_2023.zip,CDR_20120328z.asc,True,1.0,2012-03-25
2012-03-29,47.3174,7.89,85.16,100,maynas_persiann_cdr_2012_2023.zip,CDR_20120329z.asc,True,1.0,2012-03-25
2012-03-30,6.4858,0.0,21.66,100,maynas_persiann_cdr_2012_2023.zip,CDR_20120330z.asc,True,1.0,2012-03-25
2012-03-31,8.5347,0.92,23.08,100,maynas_persiann_cdr_2012_2023.zip,CDR_20120331z.asc,True,1.0,2012-03-25
2012-04-01,3.347400000000001,0.0,19.1,100,maynas_persiann_cdr_2012_2023.zip,CDR_20120401z.asc,True,1.0,2012-04-01
2012-04-02,0.2771,0.0,4.36,100,maynas_persiann_cdr_2012_2023.zip,CDR_20120402z.asc,True,0.0,2012-04-01
2012-04-03,15.3539,0.89,35.21,100,maynas_persiann_cdr_2012_2023.zip,CDR_20120403z.asc,True,1.0,2012-04-01
2012-04-04,15.926200000000003,1.29,29.57,100,maynas_persiann_cdr_2012_2023.zip,CDR_20120404z.asc,True,1.0,2012-04-01
2012-04-05,4.3288,0.0,15.85,100,maynas_persiann_cdr_2012_2023.zip,CDR_20120405z.asc,True,1.0,2012-04-01
2012-04-06,1.1231,0.0,3.75,100,maynas_persiann_cdr_2012_2023.zip,CDR_20120406z.asc,True,1.0,2012-04-01
2012-04-07,5.913900000000001,0.88,18.09,100,maynas_persiann_cdr_2012_2023.zip,CDR_20120407z.asc,True,1.0,2012-04-01
2012-04-08,17.86,1.47,48.18,100,maynas_persiann_cdr_2012_2023.zip,CDR_20120408z.asc,True,1.0,2012-04-08
2012-04-09,12.1656,3.11,23.2,100,maynas_persiann_cdr_2012_2023.zip,CDR_20120409z.asc,True,1.0,2012-04-08
2012-04-10,30.0011,8.82,61.97,100,maynas_persiann_cdr_2012_2023.zip,CDR_20120410z.asc,True,1.0,2012-04-08
2012-04-11,15.517400000000002,2.73,44.75,100,maynas_persiann_cdr_2012_2023.zip,CDR_20120411z.asc,True,1.0,2012-04-08
2012-04-12,24.3191,3.82,40.84,100,maynas_persiann_cdr_2012_2023.zip,CDR_20120412z.asc,True,1.0,2012-04-08
2012-04-13,19.7069,8.82,43.92,100,maynas_persiann_cdr_2012_2023.zip,CDR_20120413z.asc,True,1.0,2012-04-08
2012-04-14,3.5039,0.48,13.6,100,maynas_persiann_cdr_2012_2023.zip,CDR_20120414z.asc,True,1.0,2012-04-08
2012-04-15,5.288599999999999,0.0,20.56,100,maynas_persiann_cdr_2012_2023.zip,CDR_20120415z.asc,True,1.0,2012-04-15
2012-04-16,14.844699999999998,4.36,28.24,100,maynas_persiann_cdr_2012_2023.zip,CDR_20120416z.asc,True,1.0,2012-04-15
2012-04-17,16.4362,0.0,44.7,100,maynas_persiann_cdr_2012_2023.zip,CDR_20120417z.asc,True,1.0,2012-04-15
2012-04-18,7.171599999999999,0.0,22.15,100,maynas_persiann_cdr_2012_2023.zip,CDR_20120418z.asc,True,1.0,2012-04-15
2012-04-19,15.693099999999998,4.21,31.09,100,maynas_persiann_cdr_2012_2023.zip,CDR_20120419z.asc,True,1.0,2012-04-15
2012-04-20,1.7475,0.0,9.58,100,maynas_persiann_cdr_2012_2023.zip,CDR_20120420z.asc,True,1.0,2012-04-15
2012-04-21,10.2337,1.62,28.82,100,maynas_persiann_cdr_2012_2023.zip,CDR_20120421z.asc,True,1.0,2012-04-15
2012-04-22,10.5248,1.56,47.73,100,maynas_persiann_cdr_2012_2023.zip,CDR_20120422z.asc,True,1.0,2012-04-22
2012-04-23,8.740699999999999,1.89,19.44,100,maynas_persiann_cdr_2012_2023.zip,CDR_20120423z.asc,True,1.0,2012-04-22
2012-04-24,1.3226000000000002,0.0,4.9,100,maynas_persiann_cdr_2012_2023.zip,CDR_20120424z.asc,True,1.0,2012-04-22
2012-04-25,0.2623,0.0,2.63,100,maynas_persiann_cdr_2012_2023.zip,CDR_20120425z.asc,True,0.0,2012-04-22
2012-04-26,4.990600000000001,0.0,17.16,100,maynas_persiann_cdr_2012_2023.zip,CDR_20120426z.asc,True,1.0,2012-04-22
2012-04-27,14.073999999999998,0.41,40.75,100,maynas_persiann_cdr_2012_2023.zip,CDR_20120427z.asc,True,1.0,2012-04-22
2012-04-28,3.3284999999999996,0.0,10.91,100,maynas_persiann_cdr_2012_2023.zip,CDR_20120428z.asc,True,1.0,2012-04-22
2012-04-29,24.815900000000003,3.86,55.4,100,maynas_persiann_cdr_2012_2023.zip,CDR_20120429z.asc,True,1.0,2012-04-29
2012-04-30,4.4308,0.0,14.28,100,maynas_persiann_cdr_2012_2023.zip,CDR_20120430z.asc,True,1.0,2012-04-29
2012-05-01,30.7419,5.33,87.92,100,maynas_persiann_cdr_2012_2023.zip,CDR_20120501z.asc,True,1.0,2012-04-29
2012-05-02,1.7889,0.0,8.5,100,maynas_persiann_cdr_2012_2023.zip,CDR_20120502z.asc,True,1.0,2012-04-29
2012-05-03,0.1893,0.0,2.49,100,maynas_persiann_cdr_2012_2023.zip,CDR_20120503z.asc,True,0.0,2012-04-29
2012-05-04,0.5343,0.0,5.59,100,maynas_persiann_cdr_2012_2023.zip,CDR_20120504z.asc,True,0.0,2012-04-29
2012-05-05,5.5188999999999995,0.0,19.71,100,maynas_persiann_cdr_2012_2023.zip,CDR_20120505z.asc,True,1.0,2012-04-29
2012-05-06,5.6825,0.0,29.95,100,maynas_persiann_cdr_2012_2023.zip,CDR_20120506z.asc,True,1.0,2012-05-06
2012-05-07,28.368399999999998,5.15,53.06,100,maynas_persiann_cdr_2012_2023.zip,CDR_20120507z.asc,True,1.0,2012-05-06
2012-05-08,5.6081,0.0,27.9,100,maynas_persiann_cdr_2012_2023.zip,CDR_20120508z.asc,True,1.0,2012-05-06
2012-05-09,5.178999999999999,0.0,20.9,100,maynas_persiann_cdr_2012_2023.zip,CDR_20120509z.asc,True,1.0,2012-05-06
2012-05-10,3.4894000000000007,0.0,18.3,100,maynas_persiann_cdr_2012_2023.zip,CDR_20120510z.asc,True,1.0,2012-05-06
2012-05-11,2.1533999999999995,0.0,20.98,100,maynas_persiann_cdr_2012_2023.zip,CDR_20120511z.asc,True,1.0,2012-05-06
2012-05-12,9.0127,0.0,45.38,100,maynas_persiann_cdr_2012_2023.zip,CDR_20120512z.asc,True,1.0,2012-05-06
2012-05-13,25.4688,3.05,68.75,100,maynas_persiann_cdr_2012_2023.zip,CDR_20120513z.asc,True,1.0,2012-05-13
2012-05-14,10.629400000000002,0.0,51.91,100,maynas_persiann_cdr_2012_2023.zip,CDR_20120514z.asc,True,1.0,2012-05-13
2012-05-15,9.430399999999999,0.74,41.11,100,maynas_persiann_cdr_2012_2023.zip,CDR_20120515z.asc,True,1.0,2012-05-13
2012-05-16,13.112599999999997,0.0,47.89,100,maynas_persiann_cdr_2012_2023.zip,CDR_20120516z.asc,True,1.0,2012-05-13
2012-05-17,4.091300000000001,0.0,23.44,100,maynas_persiann_cdr_2012_2023.zip,CDR_20120517z.asc,True,1.0,2012-05-13
2012-05-18,1.7215,0.0,11.05,100,maynas_persiann_cdr_2012_2023.zip,CDR_20120518z.asc,True,1.0,2012-05-13
2012-05-19,14.962500000000002,3.29,35.22,100,maynas_persiann_cdr_2012_2023.zip,CDR_20120519z.asc,True,1.0,2012-05-13
2012-05-20,7.045000000000001,0.66,32.49,100,maynas_persiann_cdr_2012_2023.zip,CDR_20120520z.asc,True,1.0,2012-05-20
2012-05-21,7.202700000000001,0.0,32.86,100,maynas_persiann_cdr_2012_2023.zip,CDR_20120521z.asc,True,1.0,2012-05-20
2012-05-22,12.9903,1.37,38.43,100,maynas_persiann_cdr_2012_2023.zip,CDR_20120522z.asc,True,1.0,2012-05-20
2012-05-23,2.4172999999999996,0.0,14.45,100,maynas_persiann_cdr_2012_2023.zip,CDR_20120523z.asc,True,1.0,2012-05-20
2012-05-24,2.8373000000000004,0.0,23.42,100,maynas_persiann_cdr_2012_2023.zip,CDR_20120524z.asc,True,1.0,2012-05-20
2012-05-25,10.738,0.9,27.42,100,maynas_persiann_cdr_2012_2023.zip,CDR_20120525z.asc,True,1.0,2012-05-20
2012-05-26,3.4188,0.0,13.95,100,maynas_persiann_cdr_2012_2023.zip,CDR_20120526z.asc,True,1.0,2012-05-20
2012-05-27,3.8240000000000003,0.0,24.95,100,maynas_persiann_cdr_2012_2023.zip,CDR_20120527z.asc,True,1.0,2012-05-27
2012-05-28,5.396700000000001,0.0,26.98,100,maynas_persiann_cdr_2012_2023.zip,CDR_20120528z.asc,True,1.0,2012-05-27
2012-05-29,8.1789,1.74,25.19,100,maynas_persiann_cdr_2012_2023.zip,CDR_20120529z.asc,True,1.0,2012-05-27
2012-05-30,0.5774,0.0,3.22,100,maynas_persiann_cdr_2012_2023.zip,CDR_20120530z.asc,True,0.0,2012-05-27
2012-05-31,1.6125999999999996,0.0,16.13,100,maynas_persiann_cdr_2012_2023.zip,CDR_20120531z.asc,True,1.0,2012-05-27
2012-06-01,3.8345,0.0,16.92,100,maynas_persiann_cdr_2012_2023.zip,CDR_20120601z.asc,True,1.0,2012-05-27
2012-06-02,7.9213,0.0,23.56,100,maynas_persiann_cdr_2012_2023.zip,CDR_20120602z.asc,True,1.0,2012-05-27
2012-06-03,0.8684000000000001,0.0,5.75,100,maynas_persiann_cdr_2012_2023.zip,CDR_20120603z.asc,True,0.0,2012-06-03
2012-06-04,0.8272999999999999,0.0,9.18,100,maynas_persiann_cdr_2012_2023.zip,CDR_20120604z.asc,True,0.0,2012-06-03
2012-06-05,0.5454000000000001,0.0,5.78,100,maynas_persiann_cdr_2012_2023.zip,CDR_20120605z.asc,True,0.0,2012-06-03
2012-06-06,16.9673,0.0,43.0,100,maynas_persiann_cdr_2012_2023.zip,CDR_20120606z.asc,True,1.0,2012-06-03
2012-06-07,13.381800000000004,0.0,57.68,100,maynas_persiann_cdr_2012_2023.zip,CDR_20120607z.asc,True,1.0,2012-06-03
2012-06-08,1.6229000000000002,0.0,14.88,100,maynas_persiann_cdr_2012_2023.zip,CDR_20120608z.asc,True,1.0,2012-06-03
2012-06-09,0.1025,0.0,2.37,100,maynas_persiann_cdr_2012_2023.zip,CDR_20120609z.asc,True,0.0,2012-06-03
2012-06-10,0.0,0.0,0.0,100,maynas_persiann_cdr_2012_2023.zip,CDR_20120610z.asc,True,0.0,2012-06-10
2012-06-11,0.020099999999999996,0.0,2.01,100,maynas_persiann_cdr_2012_2023.zip,CDR_20120611z.asc,True,0.0,2012-06-10
2012-06-12,0.0202,0.0,1.07,100,maynas_persiann_cdr_2012_2023.zip,CDR_20120612z.asc,True,0.0,2012-06-10
2012-06-13,8.3851,0.0,24.9,100,maynas_persiann_cdr_2012_2023.zip,CDR_20120613z.asc,True,1.0,2012-06-10
2012-06-14,3.4707999999999997,0.0,18.82,100,maynas_persiann_cdr_2012_2023.zip,CDR_20120614z.asc,True,1.0,2012-06-10
2012-06-15,11.224700000000002,0.97,35.11,100,maynas_persiann_cdr_2012_2023.zip,CDR_20120615z.asc,True,1.0,2012-06-10
2012-06-16,5.089000000000001,0.0,30.6,100,maynas_persiann_cdr_2012_2023.zip,CDR_20120616z.asc,True,1.0,2012-06-10
2012-06-17,6.9298,0.0,22.61,100,maynas_persiann_cdr_2012_2023.zip,CDR_20120617z.asc,True,1.0,2012-06-17
2012-06-18,6.162000000000001,0.0,22.72,100,maynas_persiann_cdr_2012_2023.zip,CDR_20120618z.asc,True,1.0,2012-06-17
2012-06-19,9.265,0.0,26.64,100,maynas_persiann_cdr_2012_2023.zip,CDR_20120619z.asc,True,1.0,2012-06-17
2012-06-20,8.850799999999998,1.15,36.36,100,maynas_persiann_cdr_2012_2023.zip,CDR_20120620z.asc,True,1.0,2012-06-17
2012-06-21,7.4775,0.0,54.46,100,maynas_persiann_cdr_2012_2023.zip,CDR_20120621z.asc,True,1.0,2012-06-17
2012-06-22,12.595999999999998,0.0,42.26,100,maynas_persiann_cdr_2012_2023.zip,CDR_20120622z.asc,True,1.0,2012-06-17
2012-06-23,13.956900000000001,0.0,46.45,100,maynas_persiann_cdr_2012_2023.zip,CDR_20120623z.asc,True,1.0,2012-06-17
2012-06-24,22.4093,3.53,79.6,100,maynas_persiann_cdr_2012_2023.zip,CDR_20120624z.asc,True,1.0,2012-06-24
2012-06-25,21.071900000000007,2.49,58.08,100,maynas_persiann_cdr_2012_2023.zip,CDR_20120625z.asc,True,1.0,2012-06-24
2012-06-26,4.0237,0.0,35.56,100,maynas_persiann_cdr_2012_2023.zip,CDR_20120626z.asc,True,1.0,2012-06-24
2012-06-27,3.3886000000000003,0.0,18.69,100,maynas_persiann_cdr_2012_2023.zip,CDR_20120627z.asc,True,1.0,2012-06-24
2012-06-28,5.61,0.0,20.03,100,maynas_persiann_cdr_2012_2023.zip,CDR_20120628z.asc,True,1.0,2012-06-24
2012-06-29,9.1356,0.0,45.32,100,maynas_persiann_cdr_2012_2023.zip,CDR_20120629z.asc,True,1.0,2012-06-24
2012-06-30,6.325000000000001,0.0,17.43,100,maynas_persiann_cdr_2012_2023.zip,CDR_20120630z.asc,True,1.0,2012-06-24
2012-07-01,4.6339999999999995,0.0,22.47,100,maynas_persiann_cdr_2012_2023.zip,CDR_20120701z.asc,True,1.0,2012-07-01
2012-07-02,4.5355,0.0,32.94,100,maynas_persiann_cdr_2012_2023.zip,CDR_20120702z.asc,True,1.0,2012-07-01
2012-07-03,11.348199999999999,0.0,42.84,100,maynas_persiann_cdr_2012_2023.zip,CDR_20120703z.asc,True,1.0,2012-07-01
2012-07-04,9.2861,0.0,36.56,100,maynas_persiann_cdr_2012_2023.zip,CDR_20120704z.asc,True,1.0,2012-07-01
2012-07-05,1.2801999999999998,0.0,11.63,100,maynas_persiann_cdr_2012_2023.zip,CDR_20120705z.asc,True,1.0,2012-07-01
2012-07-06,8.429200000000002,0.0,30.75,100,maynas_persiann_cdr_2012_2023.zip,CDR_20120706z.asc,True,1.0,2012-07-01
2012-07-07,21.331000000000003,0.0,47.91,100,maynas_persiann_cdr_2012_2023.zip,CDR_20120707z.asc,True,1.0,2012-07-01
2012-07-08,12.5987,0.0,63.9,100,maynas_persiann_cdr_2012_2023.zip,CDR_20120708z.asc,True,1.0,2012-07-08
2012-07-09,6.9159999999999995,0.0,26.18,100,maynas_persiann_cdr_2012_2023.zip,CDR_20120709z.asc,True,1.0,2012-07-08
2012-07-10,0.3382,0.0,11.03,100,maynas_persiann_cdr_2012_2023.zip,CDR_20120710z.asc,True,0.0,2012-07-08
2012-07-11,0.0385,0.0,1.31,100,maynas_persiann_cdr_2012_2023.zip,CDR_20120711z.asc,True,0.0,2012-07-08
2012-07-12,0.3777,0.0,2.95,100,maynas_persiann_cdr_2012_2023.zip,CDR_20120712z.asc,True,0.0,2012-07-08
2012-07-13,12.100200000000003,0.0,34.73,100,maynas_persiann_cdr_2012_2023.zip,CDR_20120713z.asc,True,1.0,2012-07-08
2012-07-14,10.784600000000001,0.0,35.15,100,maynas_persiann_cdr_2012_2023.zip,CDR_20120714z.asc,True,1.0,2012-07-08
2012-07-15,15.982899999999999,5.48,48.52,100,maynas_persiann_cdr_2012_2023.zip,CDR_20120715z.asc,True,1.0,2012-07-15
2012-07-16,11.429300000000001,0.0,43.09,100,maynas_persiann_cdr_2012_2023.zip,CDR_20120716z.asc,True,1.0,2012-07-15
2012-07-17,28.046400000000002,5.99,68.44,100,maynas_persiann_cdr_2012_2023.zip,CDR_20120717z.asc,True,1.0,2012-07-15
2012-07-18,12.986,0.0,43.18,100,maynas_persiann_cdr_2012_2023.zip,CDR_20120718z.asc,True,1.0,2012-07-15
2012-07-19,0.0,0.0,0.0,100,maynas_persiann_cdr_2012_2023.zip,CDR_20120719z.asc,True,0.0,2012-07-15
2012-07-20,0.2494,0.0,3.14,100,maynas_persiann_cdr_2012_2023.zip,CDR_20120720z.asc,True,0.0,2012-07-15
2012-07-21,1.2603,0.0,7.23,100,maynas_persiann_cdr_2012_2023.zip,CDR_20120721z.asc,True,1.0,2012-07-15
2012-07-22,0.3782999999999999,0.0,8.12,100,maynas_persiann_cdr_2012_2023.zip,CDR_20120722z.asc,True,0.0,2012-07-22
2012-07-23,4.412999999999999,0.0,22.22,100,maynas_persiann_cdr_2012_2023.zip,CDR_20120723z.asc,True,1.0,2012-07-22
2012-07-24,1.1441,0.0,11.74,100,maynas_persiann_cdr_2012_2023.zip,CDR_20120724z.asc,True,1.0,2012-07-22
2012-07-25,10.253499999999999,0.0,51.02,100,maynas_persiann_cdr_2012_2023.zip,CDR_20120725z.asc,True,1.0,2012-07-22
2012-07-26,1.019,0.0,7.89,100,maynas_persiann_cdr_2012_2023.zip,CDR_20120726z.asc,True,1.0,2012-07-22
2012-07-27,1.6041999999999998,0.0,13.26,100,maynas_persiann_cdr_2012_2023.zip,CDR_20120727z.asc,True,1.0,2012-07-22
2012-07-28,11.681700000000001,0.0,72.09,100,maynas_persiann_cdr_2012_2023.zip,CDR_20120728z.asc,True,1.0,2012-07-22
2012-07-29,11.208899999999998,0.0,77.56,100,maynas_persiann_cdr_2012_2023.zip,CDR_20120729z.asc,True,1.0,2012-07-29
2012-07-30,11.4593,0.0,45.91,100,maynas_persiann_cdr_2012_2023.zip,CDR_20120730z.asc,True,1.0,2012-07-29
2012-07-31,28.074099999999998,1.03,67.17,100,maynas_persiann_cdr_2012_2023.zip,CDR_20120731z.asc,True,1.0,2012-07-29
2012-08-01,0.6298,0.0,4.33,100,maynas_persiann_cdr_2012_2023.zip,CDR_20120801z.asc,True,0.0,2012-07-29
2012-08-02,0.4618,0.0,5.21,100,maynas_persiann_cdr_2012_2023.zip,CDR_20120802z.asc,True,0.0,2012-07-29
2012-08-03,0.0395,0.0,1.72,100,maynas_persiann_cdr_2012_2023.zip,CDR_20120803z.asc,True,0.0,2012-07-29
2012-08-04,1.8463999999999998,0.0,44.24,100,maynas_persiann_cdr_2012_2023.zip,CDR_20120804z.asc,True,1.0,2012-07-29
2012-08-05,0.5355,0.0,6.19,100,maynas_persiann_cdr_2012_2023.zip,CDR_20120805z.asc,True,0.0,2012-08-05
2012-08-06,0.14450000000000002,0.0,2.37,100,maynas_persiann_cdr_2012_2023.zip,CDR_20120806z.asc,True,0.0,2012-08-05
2012-08-07,0.0,0.0,0.0,100,maynas_persiann_cdr_2012_2023.zip,CDR_20120807z.asc,True,0.0,2012-08-05
2012-08-08,0.0,0.0,0.0,100,maynas_persiann_cdr_2012_2023.zip,CDR_20120808z.asc,True,0.0,2012-08-05
2012-08-09,0.9411,0.0,23.82,100,maynas_persiann_cdr_2012_2023.zip,CDR_20120809z.asc,True,0.0,2012-08-05
2012-08-10,2.6971999999999996,0.0,14.14,100,maynas_persiann_cdr_2012_2023.zip,CDR_20120810z.asc,True,1.0,2012-08-05
2012-08-11,4.2558,0.0,21.57,100,maynas_persiann_cdr_2012_2023.zip,CDR_20120811z.asc,True,1.0,2012-08-05
2012-08-12,1.5447,0.0,14.38,100,maynas_persiann_cdr_2012_2023.zip,CDR_20120812z.asc,True,1.0,2012-08-12
2012-08-13,5.0566,0.0,21.14,100,maynas_persiann_cdr_2012_2023.zip,CDR_20120813z.asc,True,1.0,2012-08-12
2012-08-14,5.8767,0.0,19.68,100,maynas_persiann_cdr_2012_2023.zip,CDR_20120814z.asc,True,1.0,2012-08-12
2012-08-15,4.5055000000000005,0.0,38.51,100,maynas_persiann_cdr_2012_2023.zip,CDR_20120815z.asc,True,1.0,2012-08-12
2012-08-16,19.8404,2.85,57.47,100,maynas_persiann_cdr_2012_2023.zip,CDR_20120816z.asc,True,1.0,2012-08-12
2012-08-17,15.525699999999997,3.46,40.49,100,maynas_persiann_cdr_2012_2023.zip,CDR_20120817z.asc,True,1.0,2012-08-12
2012-08-18,0.8462999999999999,0.0,5.19,100,maynas_persiann_cdr_2012_2023.zip,CDR_20120818z.asc,True,0.0,2012-08-12
2012-08-19,3.2579,0.0,34.5,100,maynas_persiann_cdr_2012_2023.zip,CDR_20120819z.asc,True,1.0,2012-08-19
2012-08-20,0.41609999999999997,0.0,3.72,100,maynas_persiann_cdr_2012_2023.zip,CDR_20120820z.asc,True,0.0,2012-08-19
2012-08-21,1.2631000000000001,0.0,7.86,100,maynas_persiann_cdr_2012_2023.zip,CDR_20120821z.asc,True,1.0,2012-08-19
2012-08-22,5.2555,0.0,35.25,100,maynas_persiann_cdr_2012_2023.zip,CDR_20120822z.asc,True,1.0,2012-08-19
2012-08-23,3.0833999999999997,0.0,33.45,100,maynas_persiann_cdr_2012_2023.zip,CDR_20120823z.asc,True,1.0,2012-08-19
2012-08-24,0.8536,0.0,12.28,100,maynas_persiann_cdr_2012_2023.zip,CDR_20120824z.asc,True,0.0,2012-08-19
2012-08-25,2.812,0.0,20.64,100,maynas_persiann_cdr_2012_2023.zip,CDR_20120825z.asc,True,1.0,2012-08-19
2012-08-26,21.7489,6.91,45.06,100,maynas_persiann_cdr_2012_2023.zip,CDR_20120826z.asc,True,1.0,2012-08-26
2012-08-27,0.29279999999999995,0.0,5.59,100,maynas_persiann_cdr_2012_2023.zip,CDR_20120827z.asc,True,0.0,2012-08-26
2012-08-28,3.6848,0.0,21.49,100,maynas_persiann_cdr_2012_2023.zip,CDR_20120828z.asc,True,1.0,2012-08-26
2012-08-29,2.5109000000000004,0.0,15.83,100,maynas_persiann_cdr_2012_2023.zip,CDR_20120829z.asc,True,1.0,2012-08-26
2012-08-30,0.0235,0.0,0.92,100,maynas_persiann_cdr_2012_2023.zip,CDR_20120830z.asc,True,0.0,2012-08-26
2012-08-31,0.0897,0.0,1.97,100,maynas_persiann_cdr_2012_2023.zip,CDR_20120831z.asc,True,0.0,2012-08-26
2012-09-01,4.7795,0.0,35.26,100,maynas_persiann_cdr_2012_2023.zip,CDR_20120901z.asc,True,1.0,2012-08-26
2012-09-02,3.4073,0.0,19.72,100,maynas_persiann_cdr_2012_2023.zip,CDR_20120902z.asc,True,1.0,2012-09-02
2012-09-03,4.763800000000001,0.0,26.3,100,maynas_persiann_cdr_2012_2023.zip,CDR_20120903z.asc,True,1.0,2012-09-02
2012-09-04,18.1155,0.86,41.67,100,maynas_persiann_cdr_2012_2023.zip,CDR_20120904z.asc,True,1.0,2012-09-02
2012-09-05,2.5515,0.0,9.41,100,maynas_persiann_cdr_2012_2023.zip,CDR_20120905z.asc,True,1.0,2012-09-02
2012-09-06,3.2758000000000003,0.0,17.59,100,maynas_persiann_cdr_2012_2023.zip,CDR_20120906z.asc,True,1.0,2012-09-02
2012-09-07,3.5106,0.0,44.99,100,maynas_persiann_cdr_2012_2023.zip,CDR_20120907z.asc,True,1.0,2012-09-02
2012-09-08,1.7767,0.0,11.86,100,maynas_persiann_cdr_2012_2023.zip,CDR_20120908z.asc,True,1.0,2012-09-02
2012-09-09,8.3847,0.0,33.01,100,maynas_persiann_cdr_2012_2023.zip,CDR_20120909z.asc,True,1.0,2012-09-09
2012-09-10,7.878499999999999,0.65,22.6,100,maynas_persiann_cdr_2012_2023.zip,CDR_20120910z.asc,True,1.0,2012-09-09
2012-09-11,3.0422000000000002,0.0,21.02,100,maynas_persiann_cdr_2012_2023.zip,CDR_20120911z.asc,True,1.0,2012-09-09
2012-09-12,2.4575,0.0,15.31,100,maynas_persiann_cdr_2012_2023.zip,CDR_20120912z.asc,True,1.0,2012-09-09
2012-09-13,3.646099999999999,0.0,21.89,100,maynas_persiann_cdr_2012_2023.zip,CDR_20120913z.asc,True,1.0,2012-09-09
2012-09-14,2.8315,0.0,14.88,100,maynas_persiann_cdr_2012_2023.zip,CDR_20120914z.asc,True,1.0,2012-09-09
2012-09-15,0.1527,0.0,1.5,100,maynas_persiann_cdr_2012_2023.zip,CDR_20120915z.asc,True,0.0,2012-09-09
2012-09-16,0.006,0.0,0.6,100,maynas_persiann_cdr_2012_2023.zip,CDR_20120916z.asc,True,0.0,2012-09-16
2012-09-17,6.6783,0.0,37.92,100,maynas_persiann_cdr_2012_2023.zip,CDR_20120917z.asc,True,1.0,2012-09-16
2012-09-18,2.4130999999999996,0.0,12.77,100,maynas_persiann_cdr_2012_2023.zip,CDR_20120918z.asc,True,1.0,2012-09-16
2012-09-19,0.503,0.0,6.21,100,maynas_persiann_cdr_2012_2023.zip,CDR_20120919z.asc,True,0.0,2012-09-16
2012-09-20,13.348200000000002,1.28,43.32,100,maynas_persiann_cdr_2012_2023.zip,CDR_20120920z.asc,True,1.0,2012-09-16
2012-09-21,6.0163,0.0,28.21,100,maynas_persiann_cdr_2012_2023.zip,CDR_20120921z.asc,True,1.0,2012-09-16
2012-09-22,10.932200000000002,0.79,43.42,100,maynas_persiann_cdr_2012_2023.zip,CDR_20120922z.asc,True,1.0,2012-09-16
2012-09-23,38.5462,12.05,71.22,100,maynas_persiann_cdr_2012_2023.zip,CDR_20120923z.asc,True,1.0,2012-09-23
2012-09-24,1.2125,0.0,6.36,100,maynas_persiann_cdr_2012_2023.zip,CDR_20120924z.asc,True,1.0,2012-09-23
2012-09-25,0.6766,0.0,6.7,100,maynas_persiann_cdr_2012_2023.zip,CDR_20120925z.asc,True,0.0,2012-09-23
2012-09-26,25.7931,5.11,50.46,100,maynas_persiann_cdr_2012_2023.zip,CDR_20120926z.asc,True,1.0,2012-09-23
2012-09-27,5.649899999999999,0.0,19.05,100,maynas_persiann_cdr_2012_2023.zip,CDR_20120927z.asc,True,1.0,2012-09-23
2012-09-28,0.13440000000000002,0.0,1.22,100,maynas_persiann_cdr_2012_2023.zip,CDR_20120928z.asc,True,0.0,2012-09-23
2012-09-29,10.3924,0.0,24.66,100,maynas_persiann_cdr_2012_2023.zip,CDR_20120929z.asc,True,1.0,2012-09-23
2012-09-30,8.4656,0.0,24.32,100,maynas_persiann_cdr_2012_2023.zip,CDR_20120930z.asc,True,1.0,2012-09-30
2012-10-01,2.2802000000000002,0.0,12.8,100,maynas_persiann_cdr_2012_2023.zip,CDR_20121001z.asc,True,1.0,2012-09-30
2012-10-02,2.0532000000000004,0.0,10.85,100,maynas_persiann_cdr_2012_2023.zip,CDR_20121002z.asc,True,1.0,2012-09-30
2012-10-03,7.910899999999999,1.07,23.17,100,maynas_persiann_cdr_2012_2023.zip,CDR_20121003z.asc,True,1.0,2012-09-30
2012-10-04,2.8687,0.0,12.45,100,maynas_persiann_cdr_2012_2023.zip,CDR_20121004z.asc,True,1.0,2012-09-30
2012-10-05,5.5788,0.28,18.23,100,maynas_persiann_cdr_2012_2023.zip,CDR_20121005z.asc,True,1.0,2012-09-30
2012-10-06,9.7075,0.62,25.8,100,maynas_persiann_cdr_2012_2023.zip,CDR_20121006z.asc,True,1.0,2012-09-30
2012-10-07,25.138300000000005,13.93,36.06,100,maynas_persiann_cdr_2012_2023.zip,CDR_20121007z.asc,True,1.0,2012-10-07
2012-10-08,2.6098999999999997,0.6,8.37,100,maynas_persiann_cdr_2012_2023.zip,CDR_20121008z.asc,True,1.0,2012-10-07
2012-10-09,7.142299999999999,0.79,15.58,100,maynas_persiann_cdr_2012_2023.zip,CDR_20121009z.asc,True,1.0,2012-10-07
2012-10-10,2.4233000000000002,0.0,9.94,100,maynas_persiann_cdr_2012_2023.zip,CDR_20121010z.asc,True,1.0,2012-10-07
2012-10-11,4.3359,0.0,14.99,100,maynas_persiann_cdr_2012_2023.zip,CDR_20121011z.asc,True,1.0,2012-10-07
2012-10-12,23.098699999999997,12.83,39.64,100,maynas_persiann_cdr_2012_2023.zip,CDR_20121012z.asc,True,1.0,2012-10-07
2012-10-13,2.1336,0.0,12.8,100,maynas_persiann_cdr_2012_2023.zip,CDR_20121013z.asc,True,1.0,2012-10-07
2012-10-14,1.3086999999999998,0.0,6.69,100,maynas_persiann_cdr_2012_2023.zip,CDR_20121014z.asc,True,1.0,2012-10-14
2012-10-15,7.1594,0.0,25.7,100,maynas_persiann_cdr_2012_2023.zip,CDR_20121015z.asc,True,1.0,2012-10-14
2012-10-16,10.1889,2.2,20.37,100,maynas_persiann_cdr_2012_2023.zip,CDR_20121016z.asc,True,1.0,2012-10-14
2012-10-17,24.115600000000004,12.66,35.69,100,maynas_persiann_cdr_2012_2023.zip,CDR_20121017z.asc,True,1.0,2012-10-14
2012-10-18,7.829400000000001,2.33,17.6,100,maynas_persiann_cdr_2012_2023.zip,CDR_20121018z.asc,True,1.0,2012-10-14
2012-10-19,10.769200000000001,2.23,26.34,100,maynas_persiann_cdr_2012_2023.zip,CDR_20121019z.asc,True,1.0,2012-10-14
2012-10-20,6.558299999999999,1.33,21.68,100,maynas_persiann_cdr_2012_2023.zip,CDR_20121020z.asc,True,1.0,2012-10-14
2012-10-21,5.592900000000001,0.58,20.13,100,maynas_persiann_cdr_2012_2023.zip,CDR_20121021z.asc,True,1.0,2012-10-21
2012-10-22,3.2415999999999996,0.0,16.1,100,maynas_persiann_cdr_2012_2023.zip,CDR_20121022z.asc,True,1.0,2012-10-21
2012-10-23,3.3059000000000003,0.0,11.97,100,maynas_persiann_cdr_2012_2023.zip,CDR_20121023z.asc,True,1.0,2012-10-21
2012-10-24,14.623300000000002,3.23,29.62,100,maynas_persiann_cdr_2012_2023.zip,CDR_20121024z.asc,True,1.0,2012-10-21
2012-10-25,20.3217,4.76,36.92,100,maynas_persiann_cdr_2012_2023.zip,CDR_20121025z.asc,True,1.0,2012-10-21
2012-10-26,6.888199999999999,0.33,21.89,100,maynas_persiann_cdr_2012_2023.zip,CDR_20121026z.asc,True,1.0,2012-10-21
2012-10-27,1.2596,0.0,8.94,100,maynas_persiann_cdr_2012_2023.zip,CDR_20121027z.asc,True,1.0,2012-10-21
2012-10-28,1.5231000000000001,0.0,8.19,100,maynas_persiann_cdr_2012_2023.zip,CDR_20121028z.asc,True,1.0,2012-10-28
2012-10-29,7.883299999999998,1.24,19.23,100,maynas_persiann_cdr_2012_2023.zip,CDR_20121029z.asc,True,1.0,2012-10-28
2012-10-30,9.635,2.16,26.15,100,maynas_persiann_cdr_2012_2023.zip,CDR_20121030z.asc,True,1.0,2012-10-28
2012-10-31,5.629099999999998,0.66,15.25,100,maynas_persiann_cdr_2012_2023.zip,CDR_20121031z.asc,True,1.0,2012-10-28
2012-11-01,3.6058,0.0,15.01,100,maynas_persiann_cdr_2012_2023.zip,CDR_20121101z.asc,True,1.0,2012-10-28
2012-11-02,3.1839,0.36,11.87,100,maynas_persiann_cdr_2012_2023.zip,CDR_20121102z.asc,True,1.0,2012-10-28
2012-11-03,1.5267,0.0,10.39,100,maynas_persiann_cdr_2012_2023.zip,CDR_20121103z.asc,True,1.0,2012-10-28
2012-11-04,10.5726,2.15,27.06,100,maynas_persiann_cdr_2012_2023.zip,CDR_20121104z.asc,True,1.0,2012-11-04
2012-11-05,6.090400000000001,1.22,20.06,100,maynas_persiann_cdr_2012_2023.zip,CDR_20121105z.asc,True,1.0,2012-11-04
2012-11-06,4.5132,0.8,18.15,100,maynas_persiann_cdr_2012_2023.zip,CDR_20121106z.asc,True,1.0,2012-11-04
2012-11-07,7.885,2.32,26.63,100,maynas_persiann_cdr_2012_2023.zip,CDR_20121107z.asc,True,1.0,2012-11-04
2012-11-08,5.938000000000001,1.14,13.79,100,maynas_persiann_cdr_2012_2023.zip,CDR_20121108z.asc,True,1.0,2012-11-04
2012-11-09,0.6825999999999999,0.0,5.21,100,maynas_persiann_cdr_2012_2023.zip,CDR_20121109z.asc,True,0.0,2012-11-04
2012-11-10,1.0408000000000002,0.0,5.81,100,maynas_persiann_cdr_2012_2023.zip,CDR_20121110z.asc,True,1.0,2012-11-04
2012-11-11,9.1642,1.16,19.52,100,maynas_persiann_cdr_2012_2023.zip,CDR_20121111z.asc,True,1.0,2012-11-11
2012-11-12,11.265900000000002,2.75,22.46,100,maynas_persiann_cdr_2012_2023.zip,CDR_20121112z.asc,True,1.0,2012-11-11
2012-11-13,0.054299999999999994,0.0,0.57,100,maynas_persiann_cdr_2012_2023.zip,CDR_20121113z.asc,True,0.0,2012-11-11
2012-11-14,1.1353,0.0,4.0,100,maynas_persiann_cdr_2012_2023.zip,CDR_20121114z.asc,True,1.0,2012-11-11
2012-11-15,4.8398,0.33,18.37,100,maynas_persiann_cdr_2012_2023.zip,CDR_20121115z.asc,True,1.0,2012-11-11
2012-11-16,9.6668,0.56,26.09,100,maynas_persiann_cdr_2012_2023.zip,CDR_20121116z.asc,True,1.0,2012-11-11
2012-11-17,19.3492,8.25,29.67,100,maynas_persiann_cdr_2012_2023.zip,CDR_20121117z.asc,True,1.0,2012-11-11
2012-11-18,5.0463000000000005,0.82,14.13,100,maynas_persiann_cdr_2012_2023.zip,CDR_20121118z.asc,True,1.0,2012-11-18
2012-11-19,5.816700000000001,0.94,15.49,100,maynas_persiann_cdr_2012_2023.zip,CDR_20121119z.asc,True,1.0,2012-11-18
2012-11-20,10.5731,1.96,24.23,100,maynas_persiann_cdr_2012_2023.zip,CDR_20121120z.asc,True,1.0,2012-11-18
2012-11-21,15.355899999999998,3.28,36.09,100,maynas_persiann_cdr_2012_2023.zip,CDR_20121121z.asc,True,1.0,2012-11-18
2012-11-22,9.589699999999999,1.9,26.13,100,maynas_persiann_cdr_2012_2023.zip,CDR_20121122z.asc,True,1.0,2012-11-18
2012-11-23,7.8469999999999995,0.0,26.86,100,maynas_persiann_cdr_2012_2023.zip,CDR_20121123z.asc,True,1.0,2012-11-18
2012-11-24,7.648300000000001,2.13,22.53,100,maynas_persiann_cdr_2012_2023.zip,CDR_20121124z.asc,True,1.0,2012-11-18
2012-11-25,6.7197,1.48,15.55,100,maynas_persiann_cdr_2012_2023.zip,CDR_20121125z.asc,True,1.0,2012-11-25
2012-11-26,9.1026,1.05,25.16,100,maynas_persiann_cdr_2012_2023.zip,CDR_20121126z.asc,True,1.0,2012-11-25
2012-11-27,,,,0,maynas_persiann_cdr_2012_2023.zip,CDR_20121127z.asc,False,,2012-11-25
2012-11-28,,,,0,maynas_persiann_cdr_2012_2023.zip,CDR_20121128z.asc,False,,2012-11-25
2012-11-29,,,,0,maynas_persiann_cdr_2012_2023.zip,CDR_20121129z.asc,False,,2012-11-25
2012-11-30,4.2004,0.0,18.76,100,maynas_persiann_cdr_2012_2023.zip,CDR_20121130z.asc,True,1.0,2012-11-25
2012-12-01,7.9423,0.49,23.04,100,maynas_persiann_cdr_2012_2023.zip,CDR_20121201z.asc,True,1.0,2012-11-25
2012-12-02,4.077100000000001,0.0,19.3,100,maynas_persiann_cdr_2012_2023.zip,CDR_20121202z.asc,True,1.0,2012-12-02
2012-12-03,9.254100000000001,1.55,22.06,100,maynas_persiann_cdr_2012_2023.zip,CDR_20121203z.asc,True,1.0,2012-12-02
2012-12-04,5.723600000000001,0.42,20.48,100,maynas_persiann_cdr_2012_2023.zip,CDR_20121204z.asc,True,1.0,2012-12-02
2012-12-05,20.4904,0.57,45.02,100,maynas_persiann_cdr_2012_2023.zip,CDR_20121205z.asc,True,1.0,2012-12-02
2012-12-06,11.3326,0.48,25.23,100,maynas_persiann_cdr_2012_2023.zip,CDR_20121206z.asc,True,1.0,2012-12-02
2012-12-07,5.317700000000001,0.0,19.1,100,maynas_persiann_cdr_2012_2023.zip,CDR_20121207z.asc,True,1.0,2012-12-02
2012-12-08,8.8599,0.0,28.61,100,maynas_persiann_cdr_2012_2023.zip,CDR_20121208z.asc,True,1.0,2012-12-02
2012-12-09,19.9618,3.72,48.45,100,maynas_persiann_cdr_2012_2023.zip,CDR_20121209z.asc,True,1.0,2012-12-09
2012-12-10,11.277899999999999,1.99,30.07,100,maynas_persiann_cdr_2012_2023.zip,CDR_20121210z.asc,True,1.0,2012-12-09
2012-12-11,12.2705,1.7,32.44,100,maynas_persiann_cdr_2012_2023.zip,CDR_20121211z.asc,True,1.0,2012-12-09
2012-12-12,9.3527,1.66,34.59,100,maynas_persiann_cdr_2012_2023.zip,CDR_20121212z.asc,True,1.0,2012-12-09
2012-12-13,24.035100000000003,4.99,53.95,100,maynas_persiann_cdr_2012_2023.zip,CDR_20121213z.asc,True,1.0,2012-12-09
2012-12-14,9.702,1.9,20.82,100,maynas_persiann_cdr_2012_2023.zip,CDR_20121214z.asc,True,1.0,2012-12-09
2012-12-15,5.578800000000001,0.97,22.07,100,maynas_persiann_cdr_2012_2023.zip,CDR_20121215z.asc,True,1.0,2012-12-09
2012-12-16,0.38909999999999995,0.0,5.47,100,maynas_persiann_cdr_2012_2023.zip,CDR_20121216z.asc,True,0.0,2012-12-16
2012-12-17,1.7222,0.0,6.72,100,maynas_persiann_cdr_2012_2023.zip,CDR_20121217z.asc,True,1.0,2012-12-16
2012-12-18,9.3204,0.0,22.63,100,maynas_persiann_cdr_2012_2023.zip,CDR_20121218z.asc,True,1.0,2012-12-16
2012-12-19,8.6322,1.09,21.26,100,maynas_persiann_cdr_2012_2023.zip,CDR_20121219z.asc,True,1.0,2012-12-16
2012-12-20,7.036100000000001,1.75,18.77,100,maynas_persiann_cdr_2012_2023.zip,CDR_20121220z.asc,True,1.0,2012-12-16
2012-12-21,5.567,0.57,16.64,100,maynas_persiann_cdr_2012_2023.zip,CDR_20121221z.asc,True,1.0,2012-12-16
2012-12-22,4.9379,0.63,15.49,100,maynas_persiann_cdr_2012_2023.zip,CDR_20121222z.asc,True,1.0,2012-12-16
2012-12-23,21.877099999999995,8.1,37.28,100,maynas_persiann_cdr_2012_2023.zip,CDR_20121223z.asc,True,1.0,2012-12-23
2012-12-24,1.6491,0.0,7.76,100,maynas_persiann_cdr_2012_2023.zip,CDR_20121224z.asc,True,1.0,2012-12-23
2012-12-25,2.1649,0.0,11.92,100,maynas_persiann_cdr_2012_2023.zip,CDR_20121225z.asc,True,1.0,2012-12-23
2012-12-26,9.168800000000003,0.95,34.39,100,maynas_persiann_cdr_2012_2023.zip,CDR_20121226z.asc,True,1.0,2012-12-23
2012-12-27,13.998299999999999,0.0,34.4,100,maynas_persiann_cdr_2012_2023.zip,CDR_20121227z.asc,True,1.0,2012-12-23
2012-12-28,3.926599999999999,0.0,10.14,100,maynas_persiann_cdr_2012_2023.zip,CDR_20121228z.asc,True,1.0,2012-12-23
2012-12-29,6.909200000000001,0.38,27.35,100,maynas_persiann_cdr_2012_2023.zip,CDR_20121229z.asc,True,1.0,2012-12-23
2012-12-30,12.045000000000002,0.37,32.2,100,maynas_persiann_cdr_2012_2023.zip,CDR_20121230z.asc,True,1.0,2012-12-30
2012-12-31,5.0527999999999995,2.48,10.5,100,maynas_persiann_cdr_2012_2023.zip,CDR_20121231z.asc,True,1.0,2012-12-30
2013-01-01,2.3979000000000004,0.0,11.68,100,maynas_persiann_cdr_2012_2023.zip,CDR_20130101z.asc,True,1.0,2012-12-30
2013-01-02,3.3642000000000003,0.0,18.72,100,maynas_persiann_cdr_2012_2023.zip,CDR_20130102z.asc,True,1.0,2012-12-30
2013-01-03,9.088100000000003,0.0,45.8,100,maynas_persiann_cdr_2012_2023.zip,CDR_20130103z.asc,True,1.0,2012-12-30
2013-01-04,0.11530000000000001,0.0,2.06,100,maynas_persiann_cdr_2012_2023.zip,CDR_20130104z.asc,True,0.0,2012-12-30
2013-01-05,0.0456,0.0,1.04,100,maynas_persiann_cdr_2012_2023.zip,CDR_20130105z.asc,True,0.0,2012-12-30
2013-01-06,0.2147,0.0,5.7,100,maynas_persiann_cdr_2012_2023.zip,CDR_20130106z.asc,True,0.0,2013-01-06
2013-01-07,0.2581,0.0,8.27,100,maynas_persiann_cdr_2012_2023.zip,CDR_20130107z.asc,True,0.0,2013-01-06
2013-01-08,6.754499999999999,0.0,26.11,100,maynas_persiann_cdr_2012_2023.zip,CDR_20130108z.asc,True,1.0,2013-01-06
2013-01-09,4.5143,0.0,18.47,100,maynas_persiann_cdr_2012_2023.zip,CDR_20130109z.asc,True,1.0,2013-01-06
2013-01-10,2.1869,0.0,30.13,100,maynas_persiann_cdr_2012_2023.zip,CDR_20130110z.asc,True,1.0,2013-01-06
2013-01-11,0.0489,0.0,0.89,100,maynas_persiann_cdr_2012_2023.zip,CDR_20130111z.asc,True,0.0,2013-01-06
2013-01-12,3.8783,0.0,27.08,100,maynas_persiann_cdr_2012_2023.zip,CDR_20130112z.asc,True,1.0,2013-01-06
2013-01-13,2.0879,0.0,29.57,100,maynas_persiann_cdr_2012_2023.zip,CDR_20130113z.asc,True,1.0,2013-01-13
2013-01-14,0.5875,0.0,8.49,100,maynas_persiann_cdr_2012_2023.zip,CDR_20130114z.asc,True,0.0,2013-01-13
2013-01-15,4.1218,0.0,16.11,100,maynas_persiann_cdr_2012_2023.zip,CDR_20130115z.asc,True,1.0,2013-01-13
2013-01-16,7.357600000000002,0.0,47.8,100,maynas_persiann_cdr_2012_2023.zip,CDR_20130116z.asc,True,1.0,2013-01-13
2013-01-17,4.651600000000001,0.0,38.23,100,maynas_persiann_cdr_2012_2023.zip,CDR_20130117z.asc,True,1.0,2013-01-13
2013-01-18,25.844,0.0,102.68,100,maynas_persiann_cdr_2012_2023.zip,CDR_20130118z.asc,True,1.0,2013-01-13
2013-01-19,3.3712000000000004,0.0,14.21,100,maynas_persiann_cdr_2012_2023.zip,CDR_20130119z.asc,True,1.0,2013-01-13
2013-01-20,3.9703000000000004,0.0,26.98,100,maynas_persiann_cdr_2012_2023.zip,CDR_20130120z.asc,True,1.0,2013-01-20
2013-01-21,0.272,0.0,6.55,100,maynas_persiann_cdr_2012_2023.zip,CDR_20130121z.asc,True,0.0,2013-01-20
2013-01-22,8.6155,1.02,25.11,100,maynas_persiann_cdr_2012_2023.zip,CDR_20130122z.asc,True,1.0,2013-01-20
2013-01-23,12.708400000000001,0.0,70.17,100,maynas_persiann_cdr_2012_2023.zip,CDR_20130123z.asc,True,1.0,2013-01-20
2013-01-24,3.8849999999999993,0.0,29.32,100,maynas_persiann_cdr_2012_2023.zip,CDR_20130124z.asc,True,1.0,2013-01-20
2013-01-25,0.5118,0.0,11.75,100,maynas_persiann_cdr_2012_2023.zip,CDR_20130125z.asc,True,0.0,2013-01-20
2013-01-26,0.3225,0.0,5.49,100,maynas_persiann_cdr_2012_2023.zip,CDR_20130126z.asc,True,0.0,2013-01-20
2013-01-27,5.0005,0.0,28.6,100,maynas_persiann_cdr_2012_2023.zip,CDR_20130127z.asc,True,1.0,2013-01-27
2013-01-28,54.17069999999999,2.72,104.99,100,maynas_persiann_cdr_2012_2023.zip,CDR_20130128z.asc,True,1.0,2013-01-27
2013-01-29,13.093099999999998,0.0,41.95,100,maynas_persiann_cdr_2012_2023.zip,CDR_20130129z.asc,True,1.0,2013-01-27
2013-01-30,20.027199999999997,1.21,59.45,100,maynas_persiann_cdr_2012_2023.zip,CDR_20130130z.asc,True,1.0,2013-01-27
2013-01-31,5.0442,0.0,39.87,100,maynas_persiann_cdr_2012_2023.zip,CDR_20130131z.asc,True,1.0,2013-01-27
2013-02-01,10.421700000000001,0.0,52.17,100,maynas_persiann_cdr_2012_2023.zip,CDR_20130201z.asc,True,1.0,2013-01-27
2013-02-02,2.4467000000000003,0.0,11.2,100,maynas_persiann_cdr_2012_2023.zip,CDR_20130202z.asc,True,1.0,2013-01-27
2013-02-03,4.9700999999999995,0.0,29.24,100,maynas_persiann_cdr_2012_2023.zip,CDR_20130203z.asc,True,1.0,2013-02-03
2013-02-04,32.3699,4.6,65.7,100,maynas_persiann_cdr_2012_2023.zip,CDR_20130204z.asc,True,1.0,2013-02-03
2013-02-05,7.385999999999999,3.27,14.94,100,maynas_persiann_cdr_2012_2023.zip,CDR_20130205z.asc,True,1.0,2013-02-03
2013-02-06,14.581699999999996,4.98,27.96,100,maynas_persiann_cdr_2012_2023.zip,CDR_20130206z.asc,True,1.0,2013-02-03
2013-02-07,10.6278,0.95,37.51,100,maynas_persiann_cdr_2012_2023.zip,CDR_20130207z.asc,True,1.0,2013-02-03
2013-02-08,10.2534,0.55,25.57,100,maynas_persiann_cdr_2012_2023.zip,CDR_20130208z.asc,True,1.0,2013-02-03
2013-02-09,32.61000000000001,8.93,64.88,100,maynas_persiann_cdr_2012_2023.zip,CDR_20130209z.asc,True,1.0,2013-02-03
2013-02-10,46.5859,19.82,81.55,100,maynas_persiann_cdr_2012_2023.zip,CDR_20130210z.asc,True,1.0,2013-02-10
2013-02-11,2.890399999999999,0.0,12.41,100,maynas_persiann_cdr_2012_2023.zip,CDR_20130211z.asc,True,1.0,2013-02-10
2013-02-12,6.7963,0.0,22.12,100,maynas_persiann_cdr_2012_2023.zip,CDR_20130212z.asc,True,1.0,2013-02-10
2013-02-13,18.220299999999998,2.42,42.68,100,maynas_persiann_cdr_2012_2023.zip,CDR_20130213z.asc,True,1.0,2013-02-10
2013-02-14,7.534999999999999,0.0,24.55,100,maynas_persiann_cdr_2012_2023.zip,CDR_20130214z.asc,True,1.0,2013-02-10
2013-02-15,12.051099999999996,1.12,29.89,100,maynas_persiann_cdr_2012_2023.zip,CDR_20130215z.asc,True,1.0,2013-02-10
2013-02-16,10.341099999999999,4.65,20.82,100,maynas_persiann_cdr_2012_2023.zip,CDR_20130216z.asc,True,1.0,2013-02-10
2013-02-17,1.7867000000000002,0.0,11.0,100,maynas_persiann_cdr_2012_2023.zip,CDR_20130217z.asc,True,1.0,2013-02-17
2013-02-18,5.3885000000000005,0.0,20.99,100,maynas_persiann_cdr_2012_2023.zip,CDR_20130218z.asc,True,1.0,2013-02-17
2013-02-19,6.231600000000002,0.0,21.57,100,maynas_persiann_cdr_2012_2023.zip,CDR_20130219z.asc,True,1.0,2013-02-17
2013-02-20,12.880699999999997,1.42,32.16,100,maynas_persiann_cdr_2012_2023.zip,CDR_20130220z.asc,True,1.0,2013-02-17
2013-02-21,7.1125,0.88,25.61,100,maynas_persiann_cdr_2012_2023.zip,CDR_20130221z.asc,True,1.0,2013-02-17
2013-02-22,3.33,0.53,16.09,100,maynas_persiann_cdr_2012_2023.zip,CDR_20130222z.asc,True,1.0,2013-02-17
2013-02-23,1.1759,0.0,5.55,100,maynas_persiann_cdr_2012_2023.zip,CDR_20130223z.asc,True,1.0,2013-02-17
2013-02-24,3.6078,0.0,29.37,100,maynas_persiann_cdr_2012_2023.zip,CDR_20130224z.asc,True,1.0,2013-02-24
2013-02-25,2.8928000000000003,0.0,12.08,100,maynas_persiann_cdr_2012_2023.zip,CDR_20130225z.asc,True,1.0,2013-02-24
2013-02-26,10.2894,1.31,33.38,100,maynas_persiann_cdr_2012_2023.zip,CDR_20130226z.asc,True,1.0,2013-02-24
2013-02-27,13.6117,2.59,38.08,100,maynas_persiann_cdr_2012_2023.zip,CDR_20130227z.asc,True,1.0,2013-02-24
2013-02-28,5.6816,0.46,20.11,100,maynas_persiann_cdr_2012_2023.zip,CDR_20130228z.asc,True,1.0,2013-02-24
2013-03-01,9.9868,1.11,30.49,100,maynas_persiann_cdr_2012_2023.zip,CDR_20130301z.asc,True,1.0,2013-02-24
2013-03-02,11.216099999999997,0.83,28.67,100,maynas_persiann_cdr_2012_2023.zip,CDR_20130302z.asc,True,1.0,2013-02-24
2013-03-03,24.6716,5.27,55.04,100,maynas_persiann_cdr_2012_2023.zip,CDR_20130303z.asc,True,1.0,2013-03-03
2013-03-04,8.729,4.0,19.26,100,maynas_persiann_cdr_2012_2023.zip,CDR_20130304z.asc,True,1.0,2013-03-03
2013-03-05,5.214100000000001,0.0,15.19,100,maynas_persiann_cdr_2012_2023.zip,CDR_20130305z.asc,True,1.0,2013-03-03
2013-03-06,6.6137,0.96,25.7,100,maynas_persiann_cdr_2012_2023.zip,CDR_20130306z.asc,True,1.0,2013-03-03
2013-03-07,4.2703,0.0,22.51,100,maynas_persiann_cdr_2012_2023.zip,CDR_20130307z.asc,True,1.0,2013-03-03
2013-03-08,4.972700000000001,0.0,29.43,100,maynas_persiann_cdr_2012_2023.zip,CDR_20130308z.asc,True,1.0,2013-03-03
2013-03-09,4.0591,0.0,22.08,100,maynas_persiann_cdr_2012_2023.zip,CDR_20130309z.asc,True,1.0,2013-03-03
2013-03-10,6.6934000000000005,0.45,19.6,100,maynas_persiann_cdr_2012_2023.zip,CDR_20130310z.asc,True,1.0,2013-03-10
2013-03-11,8.2727,0.38,24.47,100,maynas_persiann_cdr_2012_2023.zip,CDR_20130311z.asc,True,1.0,2013-03-10
2013-03-12,2.3423,0.0,11.5,100,maynas_persiann_cdr_2012_2023.zip,CDR_20130312z.asc,True,1.0,2013-03-10
2013-03-13,10.467299999999998,0.0,56.62,100,maynas_persiann_cdr_2012_2023.zip,CDR_20130313z.asc,True,1.0,2013-03-10
2013-03-14,8.1548,0.74,27.01,100,maynas_persiann_cdr_2012_2023.zip,CDR_20130314z.asc,True,1.0,2013-03-10
2013-03-15,19.207499999999996,4.84,36.48,100,maynas_persiann_cdr_2012_2023.zip,CDR_20130315z.asc,True,1.0,2013-03-10
2013-03-16,23.727000000000004,7.61,57.29,100,maynas_persiann_cdr_2012_2023.zip,CDR_20130316z.asc,True,1.0,2013-03-10
2013-03-17,5.155399999999999,0.5,18.42,100,maynas_persiann_cdr_2012_2023.zip,CDR_20130317z.asc,True,1.0,2013-03-17
2013-03-18,8.447999999999999,0.55,22.77,100,maynas_persiann_cdr_2012_2023.zip,CDR_20130318z.asc,True,1.0,2013-03-17
2013-03-19,9.533299999999999,2.06,34.39,100,maynas_persiann_cdr_2012_2023.zip,CDR_20130319z.asc,True,1.0,2013-03-17
2013-03-20,5.597499999999999,0.47,16.17,100,maynas_persiann_cdr_2012_2023.zip,CDR_20130320z.asc,True,1.0,2013-03-17
2013-03-21,15.6103,2.79,36.81,100,maynas_persiann_cdr_2012_2023.zip,CDR_20130321z.asc,True,1.0,2013-03-17
2013-03-22,63.012100000000004,35.54,86.65,100,maynas_persiann_cdr_2012_2023.zip,CDR_20130322z.asc,True,1.0,2013-03-17
2013-03-23,5.824199999999999,2.32,18.37,100,maynas_persiann_cdr_2012_2023.zip,CDR_20130323z.asc,True,1.0,2013-03-17
2013-03-24,2.7619000000000007,0.0,25.6,100,maynas_persiann_cdr_2012_2023.zip,CDR_20130324z.asc,True,1.0,2013-03-24
2013-03-25,0.7229000000000002,0.0,8.92,100,maynas_persiann_cdr_2012_2023.zip,CDR_20130325z.asc,True,0.0,2013-03-24
2013-03-26,6.3159,0.0,19.83,100,maynas_persiann_cdr_2012_2023.zip,CDR_20130326z.asc,True,1.0,2013-03-24
2013-03-27,38.89220000000001,10.05,78.37,100,maynas_persiann_cdr_2012_2023.zip,CDR_20130327z.asc,True,1.0,2013-03-24
2013-03-28,10.684199999999999,0.47,25.79,100,maynas_persiann_cdr_2012_2023.zip,CDR_20130328z.asc,True,1.0,2013-03-24
2013-03-29,1.5474,0.0,6.25,100,maynas_persiann_cdr_2012_2023.zip,CDR_20130329z.asc,True,1.0,2013-03-24
2013-03-30,24.134900000000002,3.87,49.06,100,maynas_persiann_cdr_2012_2023.zip,CDR_20130330z.asc,True,1.0,2013-03-24
2013-03-31,0.4783,0.0,3.22,100,maynas_persiann_cdr_2012_2023.zip,CDR_20130331z.asc,True,0.0,2013-03-31
2013-04-01,6.7055,0.0,18.28,100,maynas_persiann_cdr_2012_2023.zip,CDR_20130401z.asc,True,1.0,2013-03-31
2013-04-02,9.5342,0.52,31.21,100,maynas_persiann_cdr_2012_2023.zip,CDR_20130402z.asc,True,1.0,2013-03-31
2013-04-03,3.3694,0.0,15.09,100,maynas_persiann_cdr_2012_2023.zip,CDR_20130403z.asc,True,1.0,2013-03-31
2013-04-04,10.781500000000001,0.47,36.21,100,maynas_persiann_cdr_2012_2023.zip,CDR_20130404z.asc,True,1.0,2013-03-31
2013-04-05,13.7663,1.14,42.31,100,maynas_persiann_cdr_2012_2023.zip,CDR_20130405z.asc,True,1.0,2013-03-31
2013-04-06,11.3609,0.51,32.3,100,maynas_persiann_cdr_2012_2023.zip,CDR_20130406z.asc,True,1.0,2013-03-31
2013-04-07,16.821099999999998,2.12,40.45,100,maynas_persiann_cdr_2012_2023.zip,CDR_20130407z.asc,True,1.0,2013-04-07
2013-04-08,25.303800000000003,9.42,52.44,100,maynas_persiann_cdr_2012_2023.zip,CDR_20130408z.asc,True,1.0,2013-04-07
2013-04-09,5.4661,0.0,22.56,100,maynas_persiann_cdr_2012_2023.zip,CDR_20130409z.asc,True,1.0,2013-04-07
2013-04-10,3.1675999999999997,0.0,12.15,100,maynas_persiann_cdr_2012_2023.zip,CDR_20130410z.asc,True,1.0,2013-04-07
2013-04-11,4.6871,0.0,20.38,100,maynas_persiann_cdr_2012_2023.zip,CDR_20130411z.asc,True,1.0,2013-04-07
2013-04-12,11.1383,1.08,33.14,100,maynas_persiann_cdr_2012_2023.zip,CDR_20130412z.asc,True,1.0,2013-04-07
2013-04-13,15.106599999999998,2.16,42.58,100,maynas_persiann_cdr_2012_2023.zip,CDR_20130413z.asc,True,1.0,2013-04-07
2013-04-14,20.404600000000002,7.56,50.35,100,maynas_persiann_cdr_2012_2023.zip,CDR_20130414z.asc,True,1.0,2013-04-14
2013-04-15,5.7457,1.18,15.88,100,maynas_persiann_cdr_2012_2023.zip,CDR_20130415z.asc,True,1.0,2013-04-14
2013-04-16,6.9836,0.0,26.39,100,maynas_persiann_cdr_2012_2023.zip,CDR_20130416z.asc,True,1.0,2013-04-14
2013-04-17,2.1895,0.0,17.78,100,maynas_persiann_cdr_2012_2023.zip,CDR_20130417z.asc,True,1.0,2013-04-14
2013-04-18,20.740099999999995,1.29,44.97,100,maynas_persiann_cdr_2012_2023.zip,CDR_20130418z.asc,True,1.0,2013-04-14
2013-04-19,18.0544,1.03,39.08,100,maynas_persiann_cdr_2012_2023.zip,CDR_20130419z.asc,True,1.0,2013-04-14
2013-04-20,5.4095,0.51,22.04,100,maynas_persiann_cdr_2012_2023.zip,CDR_20130420z.asc,True,1.0,2013-04-14
2013-04-21,4.6687,0.5,14.2,100,maynas_persiann_cdr_2012_2023.zip,CDR_20130421z.asc,True,1.0,2013-04-21
2013-04-22,15.895199999999999,0.81,34.77,100,maynas_persiann_cdr_2012_2023.zip,CDR_20130422z.asc,True,1.0,2013-04-21
2013-04-23,6.5074999999999985,0.0,25.78,100,maynas_persiann_cdr_2012_2023.zip,CDR_20130423z.asc,True,1.0,2013-04-21
2013-04-24,0.11810000000000001,0.0,2.59,100,maynas_persiann_cdr_2012_2023.zip,CDR_20130424z.asc,True,0.0,2013-04-21
2013-04-25,0.0,0.0,0.0,100,maynas_persiann_cdr_2012_2023.zip,CDR_20130425z.asc,True,0.0,2013-04-21
2013-04-26,0.0,0.0,0.0,100,maynas_persiann_cdr_2012_2023.zip,CDR_20130426z.asc,True,0.0,2013-04-21
2013-04-27,0.0,0.0,0.0,100,maynas_persiann_cdr_2012_2023.zip,CDR_20130427z.asc,True,0.0,2013-04-21
2013-04-28,0.3791999999999999,0.0,8.3,100,maynas_persiann_cdr_2012_2023.zip,CDR_20130428z.asc,True,0.0,2013-04-28
2013-04-29,8.0533,0.0,29.56,100,maynas_persiann_cdr_2012_2023.zip,CDR_20130429z.asc,True,1.0,2013-04-28
2013-04-30,3.3474,0.0,12.95,100,maynas_persiann_cdr_2012_2023.zip,CDR_20130430z.asc,True,1.0,2013-04-28
2013-05-01,6.2728,0.61,21.06,100,maynas_persiann_cdr_2012_2023.zip,CDR_20130501z.asc,True,1.0,2013-04-28
2013-05-02,6.218799999999999,0.51,32.2,100,maynas_persiann_cdr_2012_2023.zip,CDR_20130502z.asc,True,1.0,2013-04-28
2013-05-03,2.9857,0.0,9.14,100,maynas_persiann_cdr_2012_2023.zip,CDR_20130503z.asc,True,1.0,2013-04-28
2013-05-04,5.6223,0.0,28.11,100,maynas_persiann_cdr_2012_2023.zip,CDR_20130504z.asc,True,1.0,2013-04-28
2013-05-05,15.871300000000002,0.81,51.02,100,maynas_persiann_cdr_2012_2023.zip,CDR_20130505z.asc,True,1.0,2013-05-05
2013-05-06,29.686699999999995,6.86,67.6,100,maynas_persiann_cdr_2012_2023.zip,CDR_20130506z.asc,True,1.0,2013-05-05
2013-05-07,2.7561999999999993,0.0,11.03,100,maynas_persiann_cdr_2012_2023.zip,CDR_20130507z.asc,True,1.0,2013-05-05
2013-05-08,15.221499999999999,4.2,31.63,100,maynas_persiann_cdr_2012_2023.zip,CDR_20130508z.asc,True,1.0,2013-05-05
2013-05-09,1.5696000000000003,0.0,12.93,100,maynas_persiann_cdr_2012_2023.zip,CDR_20130509z.asc,True,1.0,2013-05-05
2013-05-10,7.9478,0.0,32.95,100,maynas_persiann_cdr_2012_2023.zip,CDR_20130510z.asc,True,1.0,2013-05-05
2013-05-11,5.6737,0.0,20.62,100,maynas_persiann_cdr_2012_2023.zip,CDR_20130511z.asc,True,1.0,2013-05-05
2013-05-12,6.4792,1.19,16.37,100,maynas_persiann_cdr_2012_2023.zip,CDR_20130512z.asc,True,1.0,2013-05-12
2013-05-13,7.336100000000001,0.0,35.76,100,maynas_persiann_cdr_2012_2023.zip,CDR_20130513z.asc,True,1.0,2013-05-12
2013-05-14,15.5225,0.0,66.32,100,maynas_persiann_cdr_2012_2023.zip,CDR_20130514z.asc,True,1.0,2013-05-12
2013-05-15,19.6187,0.0,63.83,100,maynas_persiann_cdr_2012_2023.zip,CDR_20130515z.asc,True,1.0,2013-05-12
2013-05-16,7.170099999999999,0.0,31.28,100,maynas_persiann_cdr_2012_2023.zip,CDR_20130516z.asc,True,1.0,2013-05-12
2013-05-17,3.0413000000000006,0.0,17.41,100,maynas_persiann_cdr_2012_2023.zip,CDR_20130517z.asc,True,1.0,2013-05-12
2013-05-18,11.646700000000001,0.55,38.98,100,maynas_persiann_cdr_2012_2023.zip,CDR_20130518z.asc,True,1.0,2013-05-12
2013-05-19,2.0805000000000002,0.0,13.76,100,maynas_persiann_cdr_2012_2023.zip,CDR_20130519z.asc,True,1.0,2013-05-19
2013-05-20,14.9754,0.0,63.24,100,maynas_persiann_cdr_2012_2023.zip,CDR_20130520z.asc,True,1.0,2013-05-19
2013-05-21,3.2698,0.0,16.67,100,maynas_persiann_cdr_2012_2023.zip,CDR_20130521z.asc,True,1.0,2013-05-19
2013-05-22,4.2353000000000005,0.0,19.23,100,maynas_persiann_cdr_2012_2023.zip,CDR_20130522z.asc,True,1.0,2013-05-19
2013-05-23,9.962899999999998,0.66,24.19,100,maynas_persiann_cdr_2012_2023.zip,CDR_20130523z.asc,True,1.0,2013-05-19
2013-05-24,0.5035,0.0,2.52,100,maynas_persiann_cdr_2012_2023.zip,CDR_20130524z.asc,True,0.0,2013-05-19
2013-05-25,14.069700000000001,3.84,31.81,100,maynas_persiann_cdr_2012_2023.zip,CDR_20130525z.asc,True,1.0,2013-05-19
2013-05-26,9.312599999999998,0.0,34.46,100,maynas_persiann_cdr_2012_2023.zip,CDR_20130526z.asc,True,1.0,2013-05-26
2013-05-27,1.9926,0.0,6.58,100,maynas_persiann_cdr_2012_2023.zip,CDR_20130527z.asc,True,1.0,2013-05-26
2013-05-28,8.8607,0.75,35.68,100,maynas_persiann_cdr_2012_2023.zip,CDR_20130528z.asc,True,1.0,2013-05-26
2013-05-29,13.528300000000002,0.6,38.08,100,maynas_persiann_cdr_2012_2023.zip,CDR_20130529z.asc,True,1.0,2013-05-26
2013-05-30,5.4941,0.78,18.37,100,maynas_persiann_cdr_2012_2023.zip,CDR_20130530z.asc,True,1.0,2013-05-26
2013-05-31,16.2811,3.86,34.0,100,maynas_persiann_cdr_2012_2023.zip,CDR_20130531z.asc,True,1.0,2013-05-26
2013-06-01,22.190900000000003,1.91,54.17,100,maynas_persiann_cdr_2012_2023.zip,CDR_20130601z.asc,True,1.0,2013-05-26
2013-06-02,10.331000000000001,1.36,37.81,100,maynas_persiann_cdr_2012_2023.zip,CDR_20130602z.asc,True,1.0,2013-06-02
2013-06-03,5.8823,0.78,18.14,100,maynas_persiann_cdr_2012_2023.zip,CDR_20130603z.asc,True,1.0,2013-06-02
2013-06-04,13.891700000000004,1.7,38.39,100,maynas_persiann_cdr_2012_2023.zip,CDR_20130604z.asc,True,1.0,2013-06-02
2013-06-05,10.253300000000001,0.93,32.67,100,maynas_persiann_cdr_2012_2023.zip,CDR_20130605z.asc,True,1.0,2013-06-02
2013-06-06,0.33990000000000004,0.0,13.42,100,maynas_persiann_cdr_2012_2023.zip,CDR_20130606z.asc,True,0.0,2013-06-02
2013-06-07,2.2677,0.0,23.73,100,maynas_persiann_cdr_2012_2023.zip,CDR_20130607z.asc,True,1.0,2013-06-02
2013-06-08,34.5038,2.8,69.18,100,maynas_persiann_cdr_2012_2023.zip,CDR_20130608z.asc,True,1.0,2013-06-02
2013-06-09,4.964599999999999,0.0,21.22,100,maynas_persiann_cdr_2012_2023.zip,CDR_20130609z.asc,True,1.0,2013-06-09
2013-06-10,13.596400000000001,0.91,38.97,100,maynas_persiann_cdr_2012_2023.zip,CDR_20130610z.asc,True,1.0,2013-06-09
2013-06-11,6.2444,0.0,20.69,100,maynas_persiann_cdr_2012_2023.zip,CDR_20130611z.asc,True,1.0,2013-06-09
2013-06-12,13.248199999999999,0.0,34.8,100,maynas_persiann_cdr_2012_2023.zip,CDR_20130612z.asc,True,1.0,2013-06-09
2013-06-13,6.3126999999999995,0.0,29.81,100,maynas_persiann_cdr_2012_2023.zip,CDR_20130613z.asc,True,1.0,2013-06-09
2013-06-14,3.8314,0.0,15.7,100,maynas_persiann_cdr_2012_2023.zip,CDR_20130614z.asc,True,1.0,2013-06-09
2013-06-15,4.9429,0.0,21.18,100,maynas_persiann_cdr_2012_2023.zip,CDR_20130615z.asc,True,1.0,2013-06-09
2013-06-16,5.1575999999999995,0.0,19.07,100,maynas_persiann_cdr_2012_2023.zip,CDR_20130616z.asc,True,1.0,2013-06-16
2013-06-17,2.725,0.0,23.48,100,maynas_persiann_cdr_2012_2023.zip,CDR_20130617z.asc,True,1.0,2013-06-16
2013-06-18,8.0774,0.0,32.77,100,maynas_persiann_cdr_2012_2023.zip,CDR_20130618z.asc,True,1.0,2013-06-16
2013-06-19,5.016800000000001,0.0,20.87,100,maynas_persiann_cdr_2012_2023.zip,CDR_20130619z.asc,True,1.0,2013-06-16
2013-06-20,4.7274,0.0,18.21,100,maynas_persiann_cdr_2012_2023.zip,CDR_20130620z.asc,True,1.0,2013-06-16
2013-06-21,8.327599999999999,0.0,26.65,100,maynas_persiann_cdr_2012_2023.zip,CDR_20130621z.asc,True,1.0,2013-06-16
2013-06-22,7.2171,0.0,25.85,100,maynas_persiann_cdr_2012_2023.zip,CDR_20130622z.asc,True,1.0,2013-06-16
2013-06-23,18.8135,4.27,45.86,100,maynas_persiann_cdr_2012_2023.zip,CDR_20130623z.asc,True,1.0,2013-06-23
2013-06-24,12.875600000000002,3.06,33.68,100,maynas_persiann_cdr_2012_2023.zip,CDR_20130624z.asc,True,1.0,2013-06-23
2013-06-25,12.078700000000001,1.72,41.81,100,maynas_persiann_cdr_2012_2023.zip,CDR_20130625z.asc,True,1.0,2013-06-23
2013-06-26,9.4563,0.0,32.63,100,maynas_persiann_cdr_2012_2023.zip,CDR_20130626z.asc,True,1.0,2013-06-23
2013-06-27,24.33309999999999,2.65,67.33,100,maynas_persiann_cdr_2012_2023.zip,CDR_20130627z.asc,True,1.0,2013-06-23
2013-06-28,14.792,0.0,65.11,100,maynas_persiann_cdr_2012_2023.zip,CDR_20130628z.asc,True,1.0,2013-06-23
2013-06-29,11.0546,0.0,45.3,100,maynas_persiann_cdr_2012_2023.zip,CDR_20130629z.asc,True,1.0,2013-06-23
2013-06-30,31.6073,4.04,67.63,100,maynas_persiann_cdr_2012_2023.zip,CDR_20130630z.asc,True,1.0,2013-06-30
2013-07-01,21.4905,0.92,79.65,100,maynas_persiann_cdr_2012_2023.zip,CDR_20130701z.asc,True,1.0,2013-06-30
2013-07-02,18.2917,0.0,60.61,100,maynas_persiann_cdr_2012_2023.zip,CDR_20130702z.asc,True,1.0,2013-06-30
2013-07-03,20.204800000000002,0.0,45.26,100,maynas_persiann_cdr_2012_2023.zip,CDR_20130703z.asc,True,1.0,2013-06-30
2013-07-04,13.0775,2.89,32.95,100,maynas_persiann_cdr_2012_2023.zip,CDR_20130704z.asc,True,1.0,2013-06-30
2013-07-05,9.5025,0.0,55.71,100,maynas_persiann_cdr_2012_2023.zip,CDR_20130705z.asc,True,1.0,2013-06-30
2013-07-06,7.3487,0.0,41.57,100,maynas_persiann_cdr_2012_2023.zip,CDR_20130706z.asc,True,1.0,2013-06-30
2013-07-07,3.1327999999999996,0.0,23.68,100,maynas_persiann_cdr_2012_2023.zip,CDR_20130707z.asc,True,1.0,2013-07-07
2013-07-08,17.444200000000002,1.7,57.97,100,maynas_persiann_cdr_2012_2023.zip,CDR_20130708z.asc,True,1.0,2013-07-07
2013-07-09,13.629899999999997,0.0,41.96,100,maynas_persiann_cdr_2012_2023.zip,CDR_20130709z.asc,True,1.0,2013-07-07
2013-07-10,18.2057,1.07,51.64,100,maynas_persiann_cdr_2012_2023.zip,CDR_20130710z.asc,True,1.0,2013-07-07
2013-07-11,6.5844000000000005,0.0,33.09,100,maynas_persiann_cdr_2012_2023.zip,CDR_20130711z.asc,True,1.0,2013-07-07
2013-07-12,4.2115,0.0,31.24,100,maynas_persiann_cdr_2012_2023.zip,CDR_20130712z.asc,True,1.0,2013-07-07
2013-07-13,7.2114,0.0,40.95,100,maynas_persiann_cdr_2012_2023.zip,CDR_20130713z.asc,True,1.0,2013-07-07
2013-07-14,21.7481,0.0,64.88,100,maynas_persiann_cdr_2012_2023.zip,CDR_20130714z.asc,True,1.0,2013-07-14
2013-07-15,15.6744,2.92,35.32,100,maynas_persiann_cdr_2012_2023.zip,CDR_20130715z.asc,True,1.0,2013-07-14
2013-07-16,8.8554,0.0,26.27,100,maynas_persiann_cdr_2012_2023.zip,CDR_20130716z.asc,True,1.0,2013-07-14
2013-07-17,3.5833000000000004,0.0,21.05,100,maynas_persiann_cdr_2012_2023.zip,CDR_20130717z.asc,True,1.0,2013-07-14
2013-07-18,0.5089999999999999,0.0,5.81,100,maynas_persiann_cdr_2012_2023.zip,CDR_20130718z.asc,True,0.0,2013-07-14
2013-07-19,0.7938000000000001,0.0,6.14,100,maynas_persiann_cdr_2012_2023.zip,CDR_20130719z.asc,True,0.0,2013-07-14
2013-07-20,7.8325,0.0,35.05,100,maynas_persiann_cdr_2012_2023.zip,CDR_20130720z.asc,True,1.0,2013-07-14
2013-07-21,7.640899999999999,0.0,33.18,100,maynas_persiann_cdr_2012_2023.zip,CDR_20130721z.asc,True,1.0,2013-07-21
2013-07-22,12.729899999999997,0.0,36.19,100,maynas_persiann_cdr_2012_2023.zip,CDR_20130722z.asc,True,1.0,2013-07-21
2013-07-23,12.660499999999999,0.0,41.36,100,maynas_persiann_cdr_2012_2023.zip,CDR_20130723z.asc,True,1.0,2013-07-21
2013-07-24,5.4891000000000005,0.0,27.29,100,maynas_persiann_cdr_2012_2023.zip,CDR_20130724z.asc,True,1.0,2013-07-21
2013-07-25,8.8093,0.0,46.92,100,maynas_persiann_cdr_2012_2023.zip,CDR_20130725z.asc,True,1.0,2013-07-21
2013-07-26,0.043199999999999995,0.0,2.61,100,maynas_persiann_cdr_2012_2023.zip,CDR_20130726z.asc,True,0.0,2013-07-21
2013-07-27,0.2666,0.0,2.48,100,maynas_persiann_cdr_2012_2023.zip,CDR_20130727z.asc,True,0.0,2013-07-21
2013-07-28,0.079,0.0,2.75,100,maynas_persiann_cdr_2012_2023.zip,CDR_20130728z.asc,True,0.0,2013-07-28
2013-07-29,1.3480999999999996,0.0,13.4,100,maynas_persiann_cdr_2012_2023.zip,CDR_20130729z.asc,True,1.0,2013-07-28
2013-07-30,5.287700000000001,0.0,28.67,100,maynas_persiann_cdr_2012_2023.zip,CDR_20130730z.asc,True,1.0,2013-07-28
2013-07-31,16.4316,2.7,40.88,100,maynas_persiann_cdr_2012_2023.zip,CDR_20130731z.asc,True,1.0,2013-07-28
2013-08-01,6.587,0.0,33.57,100,maynas_persiann_cdr_2012_2023.zip,CDR_20130801z.asc,True,1.0,2013-07-28
2013-08-02,8.8587,0.0,35.48,100,maynas_persiann_cdr_2012_2023.zip,CDR_20130802z.asc,True,1.0,2013-07-28
2013-08-03,22.511599999999998,5.14,62.29,100,maynas_persiann_cdr_2012_2023.zip,CDR_20130803z.asc,True,1.0,2013-07-28
2013-08-04,5.0193,0.0,17.04,100,maynas_persiann_cdr_2012_2023.zip,CDR_20130804z.asc,True,1.0,2013-08-04
2013-08-05,6.171300000000001,0.0,19.13,100,maynas_persiann_cdr_2012_2023.zip,CDR_20130805z.asc,True,1.0,2013-08-04
2013-08-06,3.0771999999999995,0.0,20.45,100,maynas_persiann_cdr_2012_2023.zip,CDR_20130806z.asc,True,1.0,2013-08-04
2013-08-07,3.9254999999999995,0.0,15.43,100,maynas_persiann_cdr_2012_2023.zip,CDR_20130807z.asc,True,1.0,2013-08-04
2013-08-08,2.7889,0.0,20.46,100,maynas_persiann_cdr_2012_2023.zip,CDR_20130808z.asc,True,1.0,2013-08-04
2013-08-09,9.9214,0.0,27.79,100,maynas_persiann_cdr_2012_2023.zip,CDR_20130809z.asc,True,1.0,2013-08-04
2013-08-10,15.6966,2.31,35.0,100,maynas_persiann_cdr_2012_2023.zip,CDR_20130810z.asc,True,1.0,2013-08-04
2013-08-11,45.467,20.39,81.72,100,maynas_persiann_cdr_2012_2023.zip,CDR_20130811z.asc,True,1.0,2013-08-11
2013-08-12,0.5652,0.0,6.47,100,maynas_persiann_cdr_2012_2023.zip,CDR_20130812z.asc,True,0.0,2013-08-11
2013-08-13,0.8885,0.0,6.47,100,maynas_persiann_cdr_2012_2023.zip,CDR_20130813z.asc,True,0.0,2013-08-11
2013-08-14,15.240499999999999,3.45,38.32,100,maynas_persiann_cdr_2012_2023.zip,CDR_20130814z.asc,True,1.0,2013-08-11
2013-08-15,18.235699999999998,0.52,49.34,100,maynas_persiann_cdr_2012_2023.zip,CDR_20130815z.asc,True,1.0,2013-08-11
2013-08-16,1.2803,0.0,6.9,100,maynas_persiann_cdr_2012_2023.zip,CDR_20130816z.asc,True,1.0,2013-08-11
2013-08-17,0.0,0.0,0.0,100,maynas_persiann_cdr_2012_2023.zip,CDR_20130817z.asc,True,0.0,2013-08-11
2013-08-18,0.2494,0.0,3.57,100,maynas_persiann_cdr_2012_2023.zip,CDR_20130818z.asc,True,0.0,2013-08-18
2013-08-19,0.9736,0.0,10.67,100,maynas_persiann_cdr_2012_2023.zip,CDR_20130819z.asc,True,0.0,2013-08-18
2013-08-20,8.0664,0.0,37.09,100,maynas_persiann_cdr_2012_2023.zip,CDR_20130820z.asc,True,1.0,2013-08-18
2013-08-21,8.672,1.3,40.87,100,maynas_persiann_cdr_2012_2023.zip,CDR_20130821z.asc,True,1.0,2013-08-18
2013-08-22,8.7373,0.0,36.01,100,maynas_persiann_cdr_2012_2023.zip,CDR_20130822z.asc,True,1.0,2013-08-18
2013-08-23,3.9307999999999996,0.0,19.82,100,maynas_persiann_cdr_2012_2023.zip,CDR_20130823z.asc,True,1.0,2013-08-18
2013-08-24,6.7822,0.0,27.0,100,maynas_persiann_cdr_2012_2023.zip,CDR_20130824z.asc,True,1.0,2013-08-18
2013-08-25,25.483399999999996,5.67,61.65,100,maynas_persiann_cdr_2012_2023.zip,CDR_20130825z.asc,True,1.0,2013-08-25
2013-08-26,40.7461,21.04,66.54,100,maynas_persiann_cdr_2012_2023.zip,CDR_20130826z.asc,True,1.0,2013-08-25
2013-08-27,1.8480999999999996,0.0,6.18,100,maynas_persiann_cdr_2012_2023.zip,CDR_20130827z.asc,True,1.0,2013-08-25
2013-08-28,0.0079,0.0,0.79,100,maynas_persiann_cdr_2012_2023.zip,CDR_20130828z.asc,True,0.0,2013-08-25
2013-08-29,0.011899999999999999,0.0,0.63,100,maynas_persiann_cdr_2012_2023.zip,CDR_20130829z.asc,True,0.0,2013-08-25
2013-08-30,0.037000000000000005,0.0,0.92,100,maynas_persiann_cdr_2012_2023.zip,CDR_20130830z.asc,True,0.0,2013-08-25
2013-08-31,0.4307,0.0,3.35,100,maynas_persiann_cdr_2012_2023.zip,CDR_20130831z.asc,True,0.0,2013-08-25
2013-09-01,1.4153000000000002,0.0,16.35,100,maynas_persiann_cdr_2012_2023.zip,CDR_20130901z.asc,True,1.0,2013-09-01
2013-09-02,2.4931,0.0,23.57,100,maynas_persiann_cdr_2012_2023.zip,CDR_20130902z.asc,True,1.0,2013-09-01
2013-09-03,4.0481,0.0,17.5,100,maynas_persiann_cdr_2012_2023.zip,CDR_20130903z.asc,True,1.0,2013-09-01
2013-09-04,6.1001,0.0,27.89,100,maynas_persiann_cdr_2012_2023.zip,CDR_20130904z.asc,True,1.0,2013-09-01
2013-09-05,29.495400000000004,12.03,52.29,100,maynas_persiann_cdr_2012_2023.zip,CDR_20130905z.asc,True,1.0,2013-09-01
2013-09-06,2.7088,0.0,10.68,100,maynas_persiann_cdr_2012_2023.zip,CDR_20130906z.asc,True,1.0,2013-09-01
2013-09-07,4.2335,0.0,21.24,100,maynas_persiann_cdr_2012_2023.zip,CDR_20130907z.asc,True,1.0,2013-09-01
2013-09-08,6.6162,0.0,25.11,100,maynas_persiann_cdr_2012_2023.zip,CDR_20130908z.asc,True,1.0,2013-09-08
2013-09-09,23.005900000000008,7.75,48.81,100,maynas_persiann_cdr_2012_2023.zip,CDR_20130909z.asc,True,1.0,2013-09-08
2013-09-10,8.377099999999999,1.47,27.68,100,maynas_persiann_cdr_2012_2023.zip,CDR_20130910z.asc,True,1.0,2013-09-08
2013-09-11,2.0810999999999997,0.0,8.22,100,maynas_persiann_cdr_2012_2023.zip,CDR_20130911z.asc,True,1.0,2013-09-08
2013-09-12,0.40369999999999995,0.0,3.2,100,maynas_persiann_cdr_2012_2023.zip,CDR_20130912z.asc,True,0.0,2013-09-08
2013-09-13,2.799200000000001,0.0,14.76,100,maynas_persiann_cdr_2012_2023.zip,CDR_20130913z.asc,True,1.0,2013-09-08
2013-09-14,12.5953,0.0,40.83,100,maynas_persiann_cdr_2012_2023.zip,CDR_20130914z.asc,True,1.0,2013-09-08
2013-09-15,17.851100000000002,2.45,43.63,100,maynas_persiann_cdr_2012_2023.zip,CDR_20130915z.asc,True,1.0,2013-09-15
2013-09-16,4.8062,0.0,19.5,100,maynas_persiann_cdr_2012_2023.zip,CDR_20130916z.asc,True,1.0,2013-09-15
2013-09-17,1.4414000000000002,0.0,11.55,100,maynas_persiann_cdr_2012_2023.zip,CDR_20130917z.asc,True,1.0,2013-09-15
2013-09-18,3.2053,0.0,14.01,100,maynas_persiann_cdr_2012_2023.zip,CDR_20130918z.asc,True,1.0,2013-09-15
2013-09-19,21.105099999999997,4.34,37.33,100,maynas_persiann_cdr_2012_2023.zip,CDR_20130919z.asc,True,1.0,2013-09-15
2013-09-20,0.3046,0.0,8.67,100,maynas_persiann_cdr_2012_2023.zip,CDR_20130920z.asc,True,0.0,2013-09-15
2013-09-21,0.0,0.0,0.0,100,maynas_persiann_cdr_2012_2023.zip,CDR_20130921z.asc,True,0.0,2013-09-15
2013-09-22,1.7617000000000003,0.0,30.35,100,maynas_persiann_cdr_2012_2023.zip,CDR_20130922z.asc,True,1.0,2013-09-22
2013-09-23,5.363199999999999,0.0,25.15,100,maynas_persiann_cdr_2012_2023.zip,CDR_20130923z.asc,True,1.0,2013-09-22
2013-09-24,21.322799999999997,4.61,46.37,100,maynas_persiann_cdr_2012_2023.zip,CDR_20130924z.asc,True,1.0,2013-09-22
2013-09-25,2.5907999999999998,0.0,12.65,100,maynas_persiann_cdr_2012_2023.zip,CDR_20130925z.asc,True,1.0,2013-09-22
2013-09-26,0.2491,0.0,6.04,100,maynas_persiann_cdr_2012_2023.zip,CDR_20130926z.asc,True,0.0,2013-09-22
2013-09-27,3.2135000000000002,0.0,20.47,100,maynas_persiann_cdr_2012_2023.zip,CDR_20130927z.asc,True,1.0,2013-09-22
2013-09-28,5.0572,0.0,19.46,100,maynas_persiann_cdr_2012_2023.zip,CDR_20130928z.asc,True,1.0,2013-09-22
2013-09-29,19.9281,5.72,48.03,100,maynas_persiann_cdr_2012_2023.zip,CDR_20130929z.asc,True,1.0,2013-09-29
2013-09-30,8.900699999999999,2.05,28.98,100,maynas_persiann_cdr_2012_2023.zip,CDR_20130930z.asc,True,1.0,2013-09-29
2013-10-01,2.1762,0.0,12.28,100,maynas_persiann_cdr_2012_2023.zip,CDR_20131001z.asc,True,1.0,2013-09-29
2013-10-02,4.989999999999998,0.0,13.1,100,maynas_persiann_cdr_2012_2023.zip,CDR_20131002z.asc,True,1.0,2013-09-29
2013-10-03,16.6618,3.26,37.21,100,maynas_persiann_cdr_2012_2023.zip,CDR_20131003z.asc,True,1.0,2013-09-29
2013-10-04,2.908,0.0,12.12,100,maynas_persiann_cdr_2012_2023.zip,CDR_20131004z.asc,True,1.0,2013-09-29
2013-10-05,12.3883,0.0,26.13,100,maynas_persiann_cdr_2012_2023.zip,CDR_20131005z.asc,True,1.0,2013-09-29
2013-10-06,7.766099999999999,1.5,16.18,100,maynas_persiann_cdr_2012_2023.zip,CDR_20131006z.asc,True,1.0,2013-10-06
2013-10-07,3.1517999999999997,0.0,14.4,100,maynas_persiann_cdr_2012_2023.zip,CDR_20131007z.asc,True,1.0,2013-10-06
2013-10-08,2.7869,0.0,16.04,100,maynas_persiann_cdr_2012_2023.zip,CDR_20131008z.asc,True,1.0,2013-10-06
2013-10-09,4.840199999999999,0.0,18.78,100,maynas_persiann_cdr_2012_2023.zip,CDR_20131009z.asc,True,1.0,2013-10-06
2013-10-10,5.2034,0.0,23.91,100,maynas_persiann_cdr_2012_2023.zip,CDR_20131010z.asc,True,1.0,2013-10-06
2013-10-11,10.763900000000001,1.69,36.02,100,maynas_persiann_cdr_2012_2023.zip,CDR_20131011z.asc,True,1.0,2013-10-06
2013-10-12,8.8868,0.0,28.78,100,maynas_persiann_cdr_2012_2023.zip,CDR_20131012z.asc,True,1.0,2013-10-06
2013-10-13,5.485499999999999,0.35,16.01,100,maynas_persiann_cdr_2012_2023.zip,CDR_20131013z.asc,True,1.0,2013-10-13
2013-10-14,12.365700000000002,1.48,29.1,100,maynas_persiann_cdr_2012_2023.zip,CDR_20131014z.asc,True,1.0,2013-10-13
2013-10-15,2.4857,0.0,9.45,100,maynas_persiann_cdr_2012_2023.zip,CDR_20131015z.asc,True,1.0,2013-10-13
2013-10-16,16.9371,4.48,28.91,100,maynas_persiann_cdr_2012_2023.zip,CDR_20131016z.asc,True,1.0,2013-10-13
2013-10-17,0.8835000000000001,0.0,2.97,100,maynas_persiann_cdr_2012_2023.zip,CDR_20131017z.asc,True,0.0,2013-10-13
2013-10-18,0.0769,0.0,1.78,100,maynas_persiann_cdr_2012_2023.zip,CDR_20131018z.asc,True,0.0,2013-10-13
2013-10-19,6.766099999999999,0.0,21.59,100,maynas_persiann_cdr_2012_2023.zip,CDR_20131019z.asc,True,1.0,2013-10-13
2013-10-20,9.263,1.4,23.65,100,maynas_persiann_cdr_2012_2023.zip,CDR_20131020z.asc,True,1.0,2013-10-20
2013-10-21,6.557299999999999,0.0,21.74,100,maynas_persiann_cdr_2012_2023.zip,CDR_20131021z.asc,True,1.0,2013-10-20
2013-10-22,16.4344,5.5,31.13,100,maynas_persiann_cdr_2012_2023.zip,CDR_20131022z.asc,True,1.0,2013-10-20
2013-10-23,4.0446,0.83,10.85,100,maynas_persiann_cdr_2012_2023.zip,CDR_20131023z.asc,True,1.0,2013-10-20
2013-10-24,5.671400000000001,0.0,20.73,100,maynas_persiann_cdr_2012_2023.zip,CDR_20131024z.asc,True,1.0,2013-10-20
2013-10-25,3.9837999999999996,0.0,17.11,100,maynas_persiann_cdr_2012_2023.zip,CDR_20131025z.asc,True,1.0,2013-10-20
2013-10-26,4.1153,0.0,15.38,100,maynas_persiann_cdr_2012_2023.zip,CDR_20131026z.asc,True,1.0,2013-10-20
2013-10-27,3.443400000000001,0.0,15.04,100,maynas_persiann_cdr_2012_2023.zip,CDR_20131027z.asc,True,1.0,2013-10-27
2013-10-28,10.277800000000003,1.34,27.4,100,maynas_persiann_cdr_2012_2023.zip,CDR_20131028z.asc,True,1.0,2013-10-27
2013-10-29,7.3974,0.0,26.37,100,maynas_persiann_cdr_2012_2023.zip,CDR_20131029z.asc,True,1.0,2013-10-27
2013-10-30,2.8648999999999996,0.0,10.65,100,maynas_persiann_cdr_2012_2023.zip,CDR_20131030z.asc,True,1.0,2013-10-27
2013-10-31,15.9002,0.0,47.07,100,maynas_persiann_cdr_2012_2023.zip,CDR_20131031z.asc,True,1.0,2013-10-27
2013-11-01,16.4027,2.97,29.16,100,maynas_persiann_cdr_2012_2023.zip,CDR_20131101z.asc,True,1.0,2013-10-27
2013-11-02,12.671600000000002,1.11,27.92,100,maynas_persiann_cdr_2012_2023.zip,CDR_20131102z.asc,True,1.0,2013-10-27
2013-11-03,24.676500000000004,8.28,45.07,100,maynas_persiann_cdr_2012_2023.zip,CDR_20131103z.asc,True,1.0,2013-11-03
2013-11-04,12.6072,4.89,22.64,100,maynas_persiann_cdr_2012_2023.zip,CDR_20131104z.asc,True,1.0,2013-11-03
2013-11-05,1.9787000000000003,0.37,14.16,100,maynas_persiann_cdr_2012_2023.zip,CDR_20131105z.asc,True,1.0,2013-11-03
2013-11-06,7.684499999999999,0.0,21.03,100,maynas_persiann_cdr_2012_2023.zip,CDR_20131106z.asc,True,1.0,2013-11-03
2013-11-07,5.344600000000001,0.0,22.56,100,maynas_persiann_cdr_2012_2023.zip,CDR_20131107z.asc,True,1.0,2013-11-03
2013-11-08,11.7304,0.44,32.0,100,maynas_persiann_cdr_2012_2023.zip,CDR_20131108z.asc,True,1.0,2013-11-03
2013-11-09,5.4534,0.79,16.19,100,maynas_persiann_cdr_2012_2023.zip,CDR_20131109z.asc,True,1.0,2013-11-03
2013-11-10,5.816400000000001,0.0,21.63,100,maynas_persiann_cdr_2012_2023.zip,CDR_20131110z.asc,True,1.0,2013-11-10
2013-11-11,8.4819,1.58,31.72,100,maynas_persiann_cdr_2012_2023.zip,CDR_20131111z.asc,True,1.0,2013-11-10
2013-11-12,4.2323,0.0,15.44,100,maynas_persiann_cdr_2012_2023.zip,CDR_20131112z.asc,True,1.0,2013-11-10
2013-11-13,14.927299999999997,7.09,27.41,100,maynas_persiann_cdr_2012_2023.zip,CDR_20131113z.asc,True,1.0,2013-11-10
2013-11-14,13.4076,2.81,25.86,100,maynas_persiann_cdr_2012_2023.zip,CDR_20131114z.asc,True,1.0,2013-11-10
2013-11-15,0.9268,0.0,4.77,100,maynas_persiann_cdr_2012_2023.zip,CDR_20131115z.asc,True,0.0,2013-11-10
2013-11-16,3.7598000000000003,0.0,19.36,100,maynas_persiann_cdr_2012_2023.zip,CDR_20131116z.asc,True,1.0,2013-11-10
2013-11-17,8.6435,0.34,27.75,100,maynas_persiann_cdr_2012_2023.zip,CDR_20131117z.asc,True,1.0,2013-11-17
2013-11-18,35.7424,21.58,56.94,100,maynas_persiann_cdr_2012_2023.zip,CDR_20131118z.asc,True,1.0,2013-11-17
2013-11-19,2.2508,0.0,12.73,100,maynas_persiann_cdr_2012_2023.zip,CDR_20131119z.asc,True,1.0,2013-11-17
2013-11-20,11.1429,1.28,31.58,100,maynas_persiann_cdr_2012_2023.zip,CDR_20131120z.asc,True,1.0,2013-11-17
2013-11-21,17.4768,8.17,36.14,100,maynas_persiann_cdr_2012_2023.zip,CDR_20131121z.asc,True,1.0,2013-11-17
2013-11-22,4.1308,0.0,10.76,100,maynas_persiann_cdr_2012_2023.zip,CDR_20131122z.asc,True,1.0,2013-11-17
2013-11-23,9.202,0.67,27.37,100,maynas_persiann_cdr_2012_2023.zip,CDR_20131123z.asc,True,1.0,2013-11-17
2013-11-24,4.181,0.0,28.74,100,maynas_persiann_cdr_2012_2023.zip,CDR_20131124z.asc,True,1.0,2013-11-24
2013-11-25,6.8668,0.0,16.8,100,maynas_persiann_cdr_2012_2023.zip,CDR_20131125z.asc,True,1.0,2013-11-24
2013-11-26,20.592999999999996,1.2,41.72,100,maynas_persiann_cdr_2012_2023.zip,CDR_20131126z.asc,True,1.0,2013-11-24
2013-11-27,7.099100000000001,0.0,25.37,100,maynas_persiann_cdr_2012_2023.zip,CDR_20131127z.asc,True,1.0,2013-11-24
2013-11-28,2.9315999999999995,0.0,13.93,100,maynas_persiann_cdr_2012_2023.zip,CDR_20131128z.asc,True,1.0,2013-11-24
2013-11-29,5.7824,0.0,34.85,100,maynas_persiann_cdr_2012_2023.zip,CDR_20131129z.asc,True,1.0,2013-11-24
2013-11-30,7.946299999999999,0.0,27.08,100,maynas_persiann_cdr_2012_2023.zip,CDR_20131130z.asc,True,1.0,2013-11-24
2013-12-01,19.880300000000002,2.28,35.21,100,maynas_persiann_cdr_2012_2023.zip,CDR_20131201z.asc,True,1.0,2013-12-01
2013-12-02,17.727899999999998,2.79,31.56,100,maynas_persiann_cdr_2012_2023.zip,CDR_20131202z.asc,True,1.0,2013-12-01
2013-12-03,11.029100000000001,1.6,37.07,100,maynas_persiann_cdr_2012_2023.zip,CDR_20131203z.asc,True,1.0,2013-12-01
2013-12-04,30.9677,10.64,63.87,100,maynas_persiann_cdr_2012_2023.zip,CDR_20131204z.asc,True,1.0,2013-12-01
2013-12-05,3.1836999999999995,0.0,17.23,100,maynas_persiann_cdr_2012_2023.zip,CDR_20131205z.asc,True,1.0,2013-12-01
2013-12-06,2.0519,0.0,12.43,100,maynas_persiann_cdr_2012_2023.zip,CDR_20131206z.asc,True,1.0,2013-12-01
2013-12-07,6.0601,0.0,25.11,100,maynas_persiann_cdr_2012_2023.zip,CDR_20131207z.asc,True,1.0,2013-12-01
2013-12-08,15.991200000000001,3.8,41.81,100,maynas_persiann_cdr_2012_2023.zip,CDR_20131208z.asc,True,1.0,2013-12-08
2013-12-09,3.1565000000000003,0.0,19.13,100,maynas_persiann_cdr_2012_2023.zip,CDR_20131209z.asc,True,1.0,2013-12-08
2013-12-10,15.1612,3.91,28.42,100,maynas_persiann_cdr_2012_2023.zip,CDR_20131210z.asc,True,1.0,2013-12-08
2013-12-11,1.3006,0.0,15.61,100,maynas_persiann_cdr_2012_2023.zip,CDR_20131211z.asc,True,1.0,2013-12-08
2013-12-12,3.2328,0.0,21.53,100,maynas_persiann_cdr_2012_2023.zip,CDR_20131212z.asc,True,1.0,2013-12-08
2013-12-13,1.3048000000000002,0.0,10.37,100,maynas_persiann_cdr_2012_2023.zip,CDR_20131213z.asc,True,1.0,2013-12-08
2013-12-14,4.7598,0.0,15.5,100,maynas_persiann_cdr_2012_2023.zip,CDR_20131214z.asc,True,1.0,2013-12-08
2013-12-15,21.893399999999996,0.66,52.21,100,maynas_persiann_cdr_2012_2023.zip,CDR_20131215z.asc,True,1.0,2013-12-15
2013-12-16,28.21589999999999,3.95,81.04,100,maynas_persiann_cdr_2012_2023.zip,CDR_20131216z.asc,True,1.0,2013-12-15
2013-12-17,6.903799999999999,0.74,19.02,100,maynas_persiann_cdr_2012_2023.zip,CDR_20131217z.asc,True,1.0,2013-12-15
2013-12-18,7.179100000000001,0.0,28.31,100,maynas_persiann_cdr_2012_2023.zip,CDR_20131218z.asc,True,1.0,2013-12-15
2013-12-19,2.6689,0.0,21.63,100,maynas_persiann_cdr_2012_2023.zip,CDR_20131219z.asc,True,1.0,2013-12-15
2013-12-20,0.1259,0.0,2.22,100,maynas_persiann_cdr_2012_2023.zip,CDR_20131220z.asc,True,0.0,2013-12-15
2013-12-21,0.1204,0.0,1.52,100,maynas_persiann_cdr_2012_2023.zip,CDR_20131221z.asc,True,0.0,2013-12-15
2013-12-22,0.021500000000000005,0.0,0.73,100,maynas_persiann_cdr_2012_2023.zip,CDR_20131222z.asc,True,0.0,2013-12-22
2013-12-23,0.0,0.0,0.0,100,maynas_persiann_cdr_2012_2023.zip,CDR_20131223z.asc,True,0.0,2013-12-22
2013-12-24,0.039099999999999996,0.0,0.73,100,maynas_persiann_cdr_2012_2023.zip,CDR_20131224z.asc,True,0.0,2013-12-22
2013-12-25,3.0285,0.0,22.54,100,maynas_persiann_cdr_2012_2023.zip,CDR_20131225z.asc,True,1.0,2013-12-22
2013-12-26,8.388300000000001,0.0,25.09,100,maynas_persiann_cdr_2012_2023.zip,CDR_20131226z.asc,True,1.0,2013-12-22
2013-12-27,12.742200000000002,2.85,26.3,100,maynas_persiann_cdr_2012_2023.zip,CDR_20131227z.asc,True,1.0,2013-12-22
2013-12-28,2.1561999999999997,0.0,24.7,100,maynas_persiann_cdr_2012_2023.zip,CDR_20131228z.asc,True,1.0,2013-12-22
2013-12-29,4.0349,0.0,23.27,100,maynas_persiann_cdr_2012_2023.zip,CDR_20131229z.asc,True,1.0,2013-12-29
2013-12-30,11.656400000000001,0.0,31.29,100,maynas_persiann_cdr_2012_2023.zip,CDR_20131230z.asc,True,1.0,2013-12-29
2013-12-31,11.288000000000002,0.0,58.04,100,maynas_persiann_cdr_2012_2023.zip,CDR_20131231z.asc,True,1.0,2013-12-29
2014-01-01,16.999900000000004,2.54,46.09,100,maynas_persiann_cdr_2012_2023.zip,CDR_20140101z.asc,True,1.0,2013-12-29
2014-01-02,16.789,5.17,40.06,100,maynas_persiann_cdr_2012_2023.zip,CDR_20140102z.asc,True,1.0,2013-12-29
2014-01-03,5.8629999999999995,0.0,18.15,100,maynas_persiann_cdr_2012_2023.zip,CDR_20140103z.asc,True,1.0,2013-12-29
2014-01-04,20.140800000000002,5.69,52.47,100,maynas_persiann_cdr_2012_2023.zip,CDR_20140104z.asc,True,1.0,2013-12-29
2014-01-05,24.7308,2.95,81.25,100,maynas_persiann_cdr_2012_2023.zip,CDR_20140105z.asc,True,1.0,2014-01-05
2014-01-06,20.1677,7.97,52.1,100,maynas_persiann_cdr_2012_2023.zip,CDR_20140106z.asc,True,1.0,2014-01-05
2014-01-07,0.8927,0.0,7.46,100,maynas_persiann_cdr_2012_2023.zip,CDR_20140107z.asc,True,0.0,2014-01-05
2014-01-08,6.861099999999999,0.0,22.19,100,maynas_persiann_cdr_2012_2023.zip,CDR_20140108z.asc,True,1.0,2014-01-05
2014-01-09,11.2627,0.5,33.62,100,maynas_persiann_cdr_2012_2023.zip,CDR_20140109z.asc,True,1.0,2014-01-05
2014-01-10,3.7006,0.0,19.17,100,maynas_persiann_cdr_2012_2023.zip,CDR_20140110z.asc,True,1.0,2014-01-05
2014-01-11,2.6421000000000006,0.0,24.85,100,maynas_persiann_cdr_2012_2023.zip,CDR_20140111z.asc,True,1.0,2014-01-05
2014-01-12,1.3857,0.0,7.4,100,maynas_persiann_cdr_2012_2023.zip,CDR_20140112z.asc,True,1.0,2014-01-12
2014-01-13,5.9292,0.0,35.65,100,maynas_persiann_cdr_2012_2023.zip,CDR_20140113z.asc,True,1.0,2014-01-12
2014-01-14,0.020300000000000002,0.0,1.09,100,maynas_persiann_cdr_2012_2023.zip,CDR_20140114z.asc,True,0.0,2014-01-12
2014-01-15,0.0252,0.0,0.96,100,maynas_persiann_cdr_2012_2023.zip,CDR_20140115z.asc,True,0.0,2014-01-12
2014-01-16,0.9728999999999999,0.0,23.04,100,maynas_persiann_cdr_2012_2023.zip,CDR_20140116z.asc,True,0.0,2014-01-12
2014-01-17,18.639100000000003,2.37,40.12,100,maynas_persiann_cdr_2012_2023.zip,CDR_20140117z.asc,True,1.0,2014-01-12
2014-01-18,10.460300000000002,0.0,38.38,100,maynas_persiann_cdr_2012_2023.zip,CDR_20140118z.asc,True,1.0,2014-01-12
2014-01-19,20.7136,2.17,54.38,100,maynas_persiann_cdr_2012_2023.zip,CDR_20140119z.asc,True,1.0,2014-01-19
2014-01-20,15.4186,0.45,43.8,100,maynas_persiann_cdr_2012_2023.zip,CDR_20140120z.asc,True,1.0,2014-01-19
2014-01-21,4.0134,0.0,14.27,100,maynas_persiann_cdr_2012_2023.zip,CDR_20140121z.asc,True,1.0,2014-01-19
2014-01-22,2.3271999999999995,0.0,16.66,100,maynas_persiann_cdr_2012_2023.zip,CDR_20140122z.asc,True,1.0,2014-01-19
2014-01-23,13.126,0.0,47.0,100,maynas_persiann_cdr_2012_2023.zip,CDR_20140123z.asc,True,1.0,2014-01-19
2014-01-24,11.901100000000001,0.0,37.4,100,maynas_persiann_cdr_2012_2023.zip,CDR_20140124z.asc,True,1.0,2014-01-19
2014-01-25,4.244999999999999,0.0,18.24,100,maynas_persiann_cdr_2012_2023.zip,CDR_20140125z.asc,True,1.0,2014-01-19
2014-01-26,3.7066000000000003,0.0,23.02,100,maynas_persiann_cdr_2012_2023.zip,CDR_20140126z.asc,True,1.0,2014-01-26
2014-01-27,1.7752,0.0,15.68,100,maynas_persiann_cdr_2012_2023.zip,CDR_20140127z.asc,True,1.0,2014-01-26
2014-01-28,8.972999999999999,0.0,33.76,100,maynas_persiann_cdr_2012_2023.zip,CDR_20140128z.asc,True,1.0,2014-01-26
2014-01-29,5.0621,0.0,26.17,100,maynas_persiann_cdr_2012_2023.zip,CDR_20140129z.asc,True,1.0,2014-01-26
2014-01-30,0.5789,0.0,5.13,100,maynas_persiann_cdr_2012_2023.zip,CDR_20140130z.asc,True,0.0,2014-01-26
2014-01-31,6.1996,0.0,29.57,100,maynas_persiann_cdr_2012_2023.zip,CDR_20140131z.asc,True,1.0,2014-01-26
2014-02-01,1.7306,0.0,12.44,100,maynas_persiann_cdr_2012_2023.zip,CDR_20140201z.asc,True,1.0,2014-01-26
2014-02-02,0.3664,0.0,4.61,100,maynas_persiann_cdr_2012_2023.zip,CDR_20140202z.asc,True,0.0,2014-02-02
2014-02-03,0.2789,0.0,5.22,100,maynas_persiann_cdr_2012_2023.zip,CDR_20140203z.asc,True,0.0,2014-02-02
2014-02-04,3.3494000000000006,0.0,19.36,100,maynas_persiann_cdr_2012_2023.zip,CDR_20140204z.asc,True,1.0,2014-02-02
2014-02-05,37.6299,6.33,83.17,100,maynas_persiann_cdr_2012_2023.zip,CDR_20140205z.asc,True,1.0,2014-02-02
2014-02-06,29.649799999999995,6.47,51.43,100,maynas_persiann_cdr_2012_2023.zip,CDR_20140206z.asc,True,1.0,2014-02-02
2014-02-07,0.9292,0.0,4.81,100,maynas_persiann_cdr_2012_2023.zip,CDR_20140207z.asc,True,0.0,2014-02-02
2014-02-08,4.8007,0.0,15.81,100,maynas_persiann_cdr_2012_2023.zip,CDR_20140208z.asc,True,1.0,2014-02-02
2014-02-09,19.446399999999997,0.41,49.29,100,maynas_persiann_cdr_2012_2023.zip,CDR_20140209z.asc,True,1.0,2014-02-09
2014-02-10,14.0133,0.43,36.27,100,maynas_persiann_cdr_2012_2023.zip,CDR_20140210z.asc,True,1.0,2014-02-09
2014-02-11,6.021400000000001,0.44,39.7,100,maynas_persiann_cdr_2012_2023.zip,CDR_20140211z.asc,True,1.0,2014-02-09
2014-02-12,26.371599999999997,4.54,59.25,100,maynas_persiann_cdr_2012_2023.zip,CDR_20140212z.asc,True,1.0,2014-02-09
2014-02-13,8.2306,1.16,28.25,100,maynas_persiann_cdr_2012_2023.zip,CDR_20140213z.asc,True,1.0,2014-02-09
2014-02-14,5.497299999999999,0.0,24.94,100,maynas_persiann_cdr_2012_2023.zip,CDR_20140214z.asc,True,1.0,2014-02-09
2014-02-15,16.8771,3.88,38.83,100,maynas_persiann_cdr_2012_2023.zip,CDR_20140215z.asc,True,1.0,2014-02-09
2014-02-16,7.7112,1.15,18.33,100,maynas_persiann_cdr_2012_2023.zip,CDR_20140216z.asc,True,1.0,2014-02-16
2014-02-17,1.9709,0.0,11.32,100,maynas_persiann_cdr_2012_2023.zip,CDR_20140217z.asc,True,1.0,2014-02-16
2014-02-18,2.6638,0.0,15.48,100,maynas_persiann_cdr_2012_2023.zip,CDR_20140218z.asc,True,1.0,2014-02-16
2014-02-19,8.4269,0.0,35.05,100,maynas_persiann_cdr_2012_2023.zip,CDR_20140219z.asc,True,1.0,2014-02-16
2014-02-20,2.039,0.0,12.72,100,maynas_persiann_cdr_2012_2023.zip,CDR_20140220z.asc,True,1.0,2014-02-16
2014-02-21,12.062899999999997,2.71,40.38,100,maynas_persiann_cdr_2012_2023.zip,CDR_20140221z.asc,True,1.0,2014-02-16
2014-02-22,5.4754,0.0,21.65,100,maynas_persiann_cdr_2012_2023.zip,CDR_20140222z.asc,True,1.0,2014-02-16
2014-02-23,8.033999999999999,0.45,29.83,100,maynas_persiann_cdr_2012_2023.zip,CDR_20140223z.asc,True,1.0,2014-02-23
2014-02-24,17.968300000000003,6.28,39.82,100,maynas_persiann_cdr_2012_2023.zip,CDR_20140224z.asc,True,1.0,2014-02-23
2014-02-25,8.9889,0.0,35.01,100,maynas_persiann_cdr_2012_2023.zip,CDR_20140225z.asc,True,1.0,2014-02-23
2014-02-26,13.503200000000003,2.41,43.1,100,maynas_persiann_cdr_2012_2023.zip,CDR_20140226z.asc,True,1.0,2014-02-23
2014-02-27,12.061100000000001,0.0,46.58,100,maynas_persiann_cdr_2012_2023.zip,CDR_20140227z.asc,True,1.0,2014-02-23
2014-02-28,5.8645000000000005,0.0,28.12,100,maynas_persiann_cdr_2012_2023.zip,CDR_20140228z.asc,True,1.0,2014-02-23
2014-03-01,1.3694999999999995,0.0,8.91,100,maynas_persiann_cdr_2012_2023.zip,CDR_20140301z.asc,True,1.0,2014-02-23
2014-03-02,7.6912,0.61,15.35,100,maynas_persiann_cdr_2012_2023.zip,CDR_20140302z.asc,True,1.0,2014-03-02
2014-03-03,17.0876,2.52,37.89,100,maynas_persiann_cdr_2012_2023.zip,CDR_20140303z.asc,True,1.0,2014-03-02
2014-03-04,3.5936000000000003,0.0,11.47,100,maynas_persiann_cdr_2012_2023.zip,CDR_20140304z.asc,True,1.0,2014-03-02
2014-03-05,24.367399999999996,7.37,52.03,100,maynas_persiann_cdr_2012_2023.zip,CDR_20140305z.asc,True,1.0,2014-03-02
2014-03-06,6.313000000000001,1.08,16.03,100,maynas_persiann_cdr_2012_2023.zip,CDR_20140306z.asc,True,1.0,2014-03-02
2014-03-07,3.194,0.0,7.08,100,maynas_persiann_cdr_2012_2023.zip,CDR_20140307z.asc,True,1.0,2014-03-02
2014-03-08,2.99,0.0,11.41,100,maynas_persiann_cdr_2012_2023.zip,CDR_20140308z.asc,True,1.0,2014-03-02
2014-03-09,22.3862,4.73,42.59,100,maynas_persiann_cdr_2012_2023.zip,CDR_20140309z.asc,True,1.0,2014-03-09
2014-03-10,18.8901,3.83,43.51,100,maynas_persiann_cdr_2012_2023.zip,CDR_20140310z.asc,True,1.0,2014-03-09
2014-03-11,0.7729,0.0,5.09,100,maynas_persiann_cdr_2012_2023.zip,CDR_20140311z.asc,True,0.0,2014-03-09
2014-03-12,4.5212,0.0,16.34,100,maynas_persiann_cdr_2012_2023.zip,CDR_20140312z.asc,True,1.0,2014-03-09
2014-03-13,27.416899999999995,14.86,46.63,100,maynas_persiann_cdr_2012_2023.zip,CDR_20140313z.asc,True,1.0,2014-03-09
2014-03-14,1.8923,0.37,6.56,100,maynas_persiann_cdr_2012_2023.zip,CDR_20140314z.asc,True,1.0,2014-03-09
2014-03-15,3.021299999999999,0.0,19.07,100,maynas_persiann_cdr_2012_2023.zip,CDR_20140315z.asc,True,1.0,2014-03-09
2014-03-16,19.133499999999998,6.7,49.21,100,maynas_persiann_cdr_2012_2023.zip,CDR_20140316z.asc,True,1.0,2014-03-16
2014-03-17,6.565,1.39,26.16,100,maynas_persiann_cdr_2012_2023.zip,CDR_20140317z.asc,True,1.0,2014-03-16
2014-03-18,18.2704,5.15,40.37,100,maynas_persiann_cdr_2012_2023.zip,CDR_20140318z.asc,True,1.0,2014-03-16
2014-03-19,7.971199999999999,0.0,32.42,100,maynas_persiann_cdr_2012_2023.zip,CDR_20140319z.asc,True,1.0,2014-03-16
2014-03-20,3.6353999999999997,0.0,14.73,100,maynas_persiann_cdr_2012_2023.zip,CDR_20140320z.asc,True,1.0,2014-03-16
2014-03-21,11.162500000000001,4.06,25.83,100,maynas_persiann_cdr_2012_2023.zip,CDR_20140321z.asc,True,1.0,2014-03-16
2014-03-22,9.900900000000002,3.48,21.13,100,maynas_persiann_cdr_2012_2023.zip,CDR_20140322z.asc,True,1.0,2014-03-16
2014-03-23,2.2888,0.0,7.44,100,maynas_persiann_cdr_2012_2023.zip,CDR_20140323z.asc,True,1.0,2014-03-23
2014-03-24,3.5860000000000003,0.34,8.68,100,maynas_persiann_cdr_2012_2023.zip,CDR_20140324z.asc,True,1.0,2014-03-23
2014-03-25,20.05,6.11,37.42,100,maynas_persiann_cdr_2012_2023.zip,CDR_20140325z.asc,True,1.0,2014-03-23
2014-03-26,4.050699999999999,0.32,18.39,100,maynas_persiann_cdr_2012_2023.zip,CDR_20140326z.asc,True,1.0,2014-03-23
2014-03-27,18.3724,2.57,42.43,100,maynas_persiann_cdr_2012_2023.zip,CDR_20140327z.asc,True,1.0,2014-03-23
2014-03-28,19.5613,5.21,41.03,100,maynas_persiann_cdr_2012_2023.zip,CDR_20140328z.asc,True,1.0,2014-03-23
2014-03-29,1.7367000000000001,0.0,11.56,100,maynas_persiann_cdr_2012_2023.zip,CDR_20140329z.asc,True,1.0,2014-03-23
2014-03-30,0.0,0.0,0.0,100,maynas_persiann_cdr_2012_2023.zip,CDR_20140330z.asc,True,0.0,2014-03-30
2014-03-31,0.4545,0.0,10.88,100,maynas_persiann_cdr_2012_2023.zip,CDR_20140331z.asc,True,0.0,2014-03-30
2014-04-01,5.5684,0.0,29.58,100,maynas_persiann_cdr_2012_2023.zip,CDR_20140401z.asc,True,1.0,2014-03-30
2014-04-02,10.693299999999999,0.0,40.51,100,maynas_persiann_cdr_2012_2023.zip,CDR_20140402z.asc,True,1.0,2014-03-30
2014-04-03,32.029500000000006,8.72,76.7,100,maynas_persiann_cdr_2012_2023.zip,CDR_20140403z.asc,True,1.0,2014-03-30
2014-04-04,4.2921,0.0,22.52,100,maynas_persiann_cdr_2012_2023.zip,CDR_20140404z.asc,True,1.0,2014-03-30
2014-04-05,24.068700000000003,4.97,53.89,100,maynas_persiann_cdr_2012_2023.zip,CDR_20140405z.asc,True,1.0,2014-03-30
2014-04-06,9.9025,0.0,48.17,100,maynas_persiann_cdr_2012_2023.zip,CDR_20140406z.asc,True,1.0,2014-04-06
2014-04-07,8.838899999999999,0.96,26.4,100,maynas_persiann_cdr_2012_2023.zip,CDR_20140407z.asc,True,1.0,2014-04-06
2014-04-08,14.409199999999997,1.16,32.01,100,maynas_persiann_cdr_2012_2023.zip,CDR_20140408z.asc,True,1.0,2014-04-06
2014-04-09,11.933500000000002,0.0,47.55,100,maynas_persiann_cdr_2012_2023.zip,CDR_20140409z.asc,True,1.0,2014-04-06
2014-04-10,8.8697,0.0,42.18,100,maynas_persiann_cdr_2012_2023.zip,CDR_20140410z.asc,True,1.0,2014-04-06
2014-04-11,12.7996,0.0,52.26,100,maynas_persiann_cdr_2012_2023.zip,CDR_20140411z.asc,True,1.0,2014-04-06
2014-04-12,15.285599999999997,0.0,41.0,100,maynas_persiann_cdr_2012_2023.zip,CDR_20140412z.asc,True,1.0,2014-04-06
2014-04-13,9.0261,0.0,29.06,100,maynas_persiann_cdr_2012_2023.zip,CDR_20140413z.asc,True,1.0,2014-04-13
2014-04-14,5.526700000000001,0.0,35.85,100,maynas_persiann_cdr_2012_2023.zip,CDR_20140414z.asc,True,1.0,2014-04-13
2014-04-15,4.1724,0.0,18.68,100,maynas_persiann_cdr_2012_2023.zip,CDR_20140415z.asc,True,1.0,2014-04-13
2014-04-16,1.9555,0.0,7.94,100,maynas_persiann_cdr_2012_2023.zip,CDR_20140416z.asc,True,1.0,2014-04-13
2014-04-17,12.094700000000003,0.77,29.96,100,maynas_persiann_cdr_2012_2023.zip,CDR_20140417z.asc,True,1.0,2014-04-13
2014-04-18,21.612099999999995,4.09,51.97,100,maynas_persiann_cdr_2012_2023.zip,CDR_20140418z.asc,True,1.0,2014-04-13
2014-04-19,16.492800000000003,2.56,40.92,100,maynas_persiann_cdr_2012_2023.zip,CDR_20140419z.asc,True,1.0,2014-04-13
2014-04-20,10.825200000000002,0.0,36.27,100,maynas_persiann_cdr_2012_2023.zip,CDR_20140420z.asc,True,1.0,2014-04-20
2014-04-21,16.2238,0.79,52.37,100,maynas_persiann_cdr_2012_2023.zip,CDR_20140421z.asc,True,1.0,2014-04-20
2014-04-22,7.779499999999998,1.02,34.7,100,maynas_persiann_cdr_2012_2023.zip,CDR_20140422z.asc,True,1.0,2014-04-20
2014-04-23,13.713299999999997,1.45,50.62,100,maynas_persiann_cdr_2012_2023.zip,CDR_20140423z.asc,True,1.0,2014-04-20
2014-04-24,13.323400000000001,3.14,42.62,100,maynas_persiann_cdr_2012_2023.zip,CDR_20140424z.asc,True,1.0,2014-04-20
2014-04-25,11.2123,0.62,35.57,100,maynas_persiann_cdr_2012_2023.zip,CDR_20140425z.asc,True,1.0,2014-04-20
2014-04-26,9.6972,0.0,33.61,100,maynas_persiann_cdr_2012_2023.zip,CDR_20140426z.asc,True,1.0,2014-04-20
2014-04-27,15.828500000000002,1.71,60.25,100,maynas_persiann_cdr_2012_2023.zip,CDR_20140427z.asc,True,1.0,2014-04-27
2014-04-28,13.206900000000001,0.77,50.6,100,maynas_persiann_cdr_2012_2023.zip,CDR_20140428z.asc,True,1.0,2014-04-27
2014-04-29,4.1555,0.0,20.64,100,maynas_persiann_cdr_2012_2023.zip,CDR_20140429z.asc,True,1.0,2014-04-27
2014-04-30,16.2425,0.68,47.64,100,maynas_persiann_cdr_2012_2023.zip,CDR_20140430z.asc,True,1.0,2014-04-27
2014-05-01,0.8309000000000001,0.0,2.88,100,maynas_persiann_cdr_2012_2023.zip,CDR_20140501z.asc,True,0.0,2014-04-27
2014-05-02,7.720400000000001,0.0,49.38,100,maynas_persiann_cdr_2012_2023.zip,CDR_20140502z.asc,True,1.0,2014-04-27
2014-05-03,13.3902,3.14,34.05,100,maynas_persiann_cdr_2012_2023.zip,CDR_20140503z.asc,True,1.0,2014-04-27
2014-05-04,5.608700000000002,0.0,12.64,100,maynas_persiann_cdr_2012_2023.zip,CDR_20140504z.asc,True,1.0,2014-05-04
2014-05-05,2.1408,0.0,9.19,100,maynas_persiann_cdr_2012_2023.zip,CDR_20140505z.asc,True,1.0,2014-05-04
2014-05-06,3.7169000000000008,0.0,33.87,100,maynas_persiann_cdr_2012_2023.zip,CDR_20140506z.asc,True,1.0,2014-05-04
2014-05-07,8.2142,0.0,40.73,100,maynas_persiann_cdr_2012_2023.zip,CDR_20140507z.asc,True,1.0,2014-05-04
2014-05-08,44.803900000000006,14.59,81.31,100,maynas_persiann_cdr_2012_2023.zip,CDR_20140508z.asc,True,1.0,2014-05-04
2014-05-09,7.4253,0.0,36.36,100,maynas_persiann_cdr_2012_2023.zip,CDR_20140509z.asc,True,1.0,2014-05-04
2014-05-10,9.8409,2.07,28.14,100,maynas_persiann_cdr_2012_2023.zip,CDR_20140510z.asc,True,1.0,2014-05-04
2014-05-11,18.3725,8.62,43.07,100,maynas_persiann_cdr_2012_2023.zip,CDR_20140511z.asc,True,1.0,2014-05-11
2014-05-12,7.5695,1.05,30.42,100,maynas_persiann_cdr_2012_2023.zip,CDR_20140512z.asc,True,1.0,2014-05-11
2014-05-13,5.6812000000000005,0.0,22.67,100,maynas_persiann_cdr_2012_2023.zip,CDR_20140513z.asc,True,1.0,2014-05-11
2014-05-14,19.2145,1.01,52.77,100,maynas_persiann_cdr_2012_2023.zip,CDR_20140514z.asc,True,1.0,2014-05-11
2014-05-15,7.488099999999999,0.0,33.91,100,maynas_persiann_cdr_2012_2023.zip,CDR_20140515z.asc,True,1.0,2014-05-11
2014-05-16,13.1081,2.54,36.28,100,maynas_persiann_cdr_2012_2023.zip,CDR_20140516z.asc,True,1.0,2014-05-11
2014-05-17,12.991100000000001,2.21,30.42,100,maynas_persiann_cdr_2012_2023.zip,CDR_20140517z.asc,True,1.0,2014-05-11
2014-05-18,0.9678,0.0,8.67,100,maynas_persiann_cdr_2012_2023.zip,CDR_20140518z.asc,True,0.0,2014-05-18
2014-05-19,5.420499999999999,0.57,18.44,100,maynas_persiann_cdr_2012_2023.zip,CDR_20140519z.asc,True,1.0,2014-05-18
2014-05-20,0.4433,0.0,4.02,100,maynas_persiann_cdr_2012_2023.zip,CDR_20140520z.asc,True,0.0,2014-05-18
2014-05-21,4.7028,0.0,22.85,100,maynas_persiann_cdr_2012_2023.zip,CDR_20140521z.asc,True,1.0,2014-05-18
2014-05-22,3.059300000000001,0.0,12.76,100,maynas_persiann_cdr_2012_2023.zip,CDR_20140522z.asc,True,1.0,2014-05-18
2014-05-23,23.179199999999994,3.68,72.75,100,maynas_persiann_cdr_2012_2023.zip,CDR_20140523z.asc,True,1.0,2014-05-18
2014-05-24,22.3754,2.92,53.93,100,maynas_persiann_cdr_2012_2023.zip,CDR_20140524z.asc,True,1.0,2014-05-18
2014-05-25,12.400600000000003,0.0,45.47,100,maynas_persiann_cdr_2012_2023.zip,CDR_20140525z.asc,True,1.0,2014-05-25
2014-05-26,5.545799999999999,0.0,38.67,100,maynas_persiann_cdr_2012_2023.zip,CDR_20140526z.asc,True,1.0,2014-05-25
2014-05-27,3.6296000000000004,0.0,19.51,100,maynas_persiann_cdr_2012_2023.zip,CDR_20140527z.asc,True,1.0,2014-05-25
2014-05-28,0.3593,0.0,3.61,100,maynas_persiann_cdr_2012_2023.zip,CDR_20140528z.asc,True,0.0,2014-05-25
2014-05-29,0.4,0.0,5.03,100,maynas_persiann_cdr_2012_2023.zip,CDR_20140529z.asc,True,0.0,2014-05-25
2014-05-30,0.36580000000000007,0.0,7.89,100,maynas_persiann_cdr_2012_2023.zip,CDR_20140530z.asc,True,0.0,2014-05-25
2014-05-31,5.9879999999999995,0.0,29.02,100,maynas_persiann_cdr_2012_2023.zip,CDR_20140531z.asc,True,1.0,2014-05-25
2014-06-01,19.300599999999996,0.0,58.22,100,maynas_persiann_cdr_2012_2023.zip,CDR_20140601z.asc,True,1.0,2014-06-01
2014-06-02,18.190699999999996,0.0,70.07,100,maynas_persiann_cdr_2012_2023.zip,CDR_20140602z.asc,True,1.0,2014-06-01
2014-06-03,25.0629,0.0,96.11,100,maynas_persiann_cdr_2012_2023.zip,CDR_20140603z.asc,True,1.0,2014-06-01
2014-06-04,3.2672,0.0,12.88,100,maynas_persiann_cdr_2012_2023.zip,CDR_20140604z.asc,True,1.0,2014-06-01
2014-06-05,7.245,0.0,44.17,100,maynas_persiann_cdr_2012_2023.zip,CDR_20140605z.asc,True,1.0,2014-06-01
2014-06-06,7.3372,0.0,23.96,100,maynas_persiann_cdr_2012_2023.zip,CDR_20140606z.asc,True,1.0,2014-06-01
2014-06-07,0.29410000000000003,0.0,5.59,100,maynas_persiann_cdr_2012_2023.zip,CDR_20140607z.asc,True,0.0,2014-06-01
2014-06-08,1.3756,0.0,27.3,100,maynas_persiann_cdr_2012_2023.zip,CDR_20140608z.asc,True,1.0,2014-06-08
2014-06-09,11.098500000000001,0.0,49.83,100,maynas_persiann_cdr_2012_2023.zip,CDR_20140609z.asc,True,1.0,2014-06-08
2014-06-10,28.237800000000007,5.62,114.73,100,maynas_persiann_cdr_2012_2023.zip,CDR_20140610z.asc,True,1.0,2014-06-08
2014-06-11,14.335900000000002,0.0,56.66,100,maynas_persiann_cdr_2012_2023.zip,CDR_20140611z.asc,True,1.0,2014-06-08
2014-06-12,5.584300000000001,0.0,28.26,100,maynas_persiann_cdr_2012_2023.zip,CDR_20140612z.asc,True,1.0,2014-06-08
2014-06-13,13.227299999999998,0.0,40.53,100,maynas_persiann_cdr_2012_2023.zip,CDR_20140613z.asc,True,1.0,2014-06-08
2014-06-14,22.588100000000004,1.12,63.61,100,maynas_persiann_cdr_2012_2023.zip,CDR_20140614z.asc,True,1.0,2014-06-08
2014-06-15,10.2986,0.0,32.76,100,maynas_persiann_cdr_2012_2023.zip,CDR_20140615z.asc,True,1.0,2014-06-15
2014-06-16,0.0104,0.0,1.04,100,maynas_persiann_cdr_2012_2023.zip,CDR_20140616z.asc,True,0.0,2014-06-15
2014-06-17,0.03900000000000001,0.0,1.62,100,maynas_persiann_cdr_2012_2023.zip,CDR_20140617z.asc,True,0.0,2014-06-15
2014-06-18,0.13790000000000002,0.0,2.99,100,maynas_persiann_cdr_2012_2023.zip,CDR_20140618z.asc,True,0.0,2014-06-15
2014-06-19,0.7402000000000001,0.0,3.45,100,maynas_persiann_cdr_2012_2023.zip,CDR_20140619z.asc,True,0.0,2014-06-15
2014-06-20,0.14090000000000003,0.0,2.09,100,maynas_persiann_cdr_2012_2023.zip,CDR_20140620z.asc,True,0.0,2014-06-15
2014-06-21,0.0535,0.0,2.6,100,maynas_persiann_cdr_2012_2023.zip,CDR_20140621z.asc,True,0.0,2014-06-15
2014-06-22,0.8636999999999999,0.0,8.08,100,maynas_persiann_cdr_2012_2023.zip,CDR_20140622z.asc,True,0.0,2014-06-22
2014-06-23,1.4756,0.0,9.05,100,maynas_persiann_cdr_2012_2023.zip,CDR_20140623z.asc,True,1.0,2014-06-22
2014-06-24,2.7656000000000005,0.0,16.44,100,maynas_persiann_cdr_2012_2023.zip,CDR_20140624z.asc,True,1.0,2014-06-22
2014-06-25,12.746599999999999,0.0,56.88,100,maynas_persiann_cdr_2012_2023.zip,CDR_20140625z.asc,True,1.0,2014-06-22
2014-06-26,1.2418,0.0,14.7,100,maynas_persiann_cdr_2012_2023.zip,CDR_20140626z.asc,True,1.0,2014-06-22
2014-06-27,1.3691,0.0,32.08,100,maynas_persiann_cdr_2012_2023.zip,CDR_20140627z.asc,True,1.0,2014-06-22
2014-06-28,8.470999999999998,0.0,39.15,100,maynas_persiann_cdr_2012_2023.zip,CDR_20140628z.asc,True,1.0,2014-06-22
2014-06-29,19.645799999999998,2.77,69.81,100,maynas_persiann_cdr_2012_2023.zip,CDR_20140629z.asc,True,1.0,2014-06-29
2014-06-30,13.535999999999996,0.0,36.66,100,maynas_persiann_cdr_2012_2023.zip,CDR_20140630z.asc,True,1.0,2014-06-29
2014-07-01,0.9540000000000001,0.0,6.76,100,maynas_persiann_cdr_2012_2023.zip,CDR_20140701z.asc,True,0.0,2014-06-29
2014-07-02,0.32909999999999995,0.0,4.15,100,maynas_persiann_cdr_2012_2023.zip,CDR_20140702z.asc,True,0.0,2014-06-29
2014-07-03,0.47279999999999994,0.0,8.48,100,maynas_persiann_cdr_2012_2023.zip,CDR_20140703z.asc,True,0.0,2014-06-29
2014-07-04,20.9338,0.0,76.61,100,maynas_persiann_cdr_2012_2023.zip,CDR_20140704z.asc,True,1.0,2014-06-29
2014-07-05,13.128100000000002,0.0,61.31,100,maynas_persiann_cdr_2012_2023.zip,CDR_20140705z.asc,True,1.0,2014-06-29
2014-07-06,8.401900000000001,0.0,34.97,100,maynas_persiann_cdr_2012_2023.zip,CDR_20140706z.asc,True,1.0,2014-07-06
2014-07-07,29.541700000000006,4.15,95.89,100,maynas_persiann_cdr_2012_2023.zip,CDR_20140707z.asc,True,1.0,2014-07-06
2014-07-08,7.998699999999999,0.0,46.31,100,maynas_persiann_cdr_2012_2023.zip,CDR_20140708z.asc,True,1.0,2014-07-06
2014-07-09,25.655800000000003,0.0,89.7,100,maynas_persiann_cdr_2012_2023.zip,CDR_20140709z.asc,True,1.0,2014-07-06
2014-07-10,0.0537,0.0,1.9,100,maynas_persiann_cdr_2012_2023.zip,CDR_20140710z.asc,True,0.0,2014-07-06
2014-07-11,0.15189999999999998,0.0,2.28,100,maynas_persiann_cdr_2012_2023.zip,CDR_20140711z.asc,True,0.0,2014-07-06
2014-07-12,0.1264,0.0,3.17,100,maynas_persiann_cdr_2012_2023.zip,CDR_20140712z.asc,True,0.0,2014-07-06
2014-07-13,0.4685,0.0,7.58,100,maynas_persiann_cdr_2012_2023.zip,CDR_20140713z.asc,True,0.0,2014-07-13
2014-07-14,1.1172,0.0,10.99,100,maynas_persiann_cdr_2012_2023.zip,CDR_20140714z.asc,True,1.0,2014-07-13
2014-07-15,1.8210000000000002,0.0,14.57,100,maynas_persiann_cdr_2012_2023.zip,CDR_20140715z.asc,True,1.0,2014-07-13
2014-07-16,5.5646,0.0,52.24,100,maynas_persiann_cdr_2012_2023.zip,CDR_20140716z.asc,True,1.0,2014-07-13
2014-07-17,28.129200000000004,1.82,120.8,100,maynas_persiann_cdr_2012_2023.zip,CDR_20140717z.asc,True,1.0,2014-07-13
2014-07-18,20.5062,0.0,81.69,100,maynas_persiann_cdr_2012_2023.zip,CDR_20140718z.asc,True,1.0,2014-07-13
2014-07-19,7.382999999999998,0.0,39.76,100,maynas_persiann_cdr_2012_2023.zip,CDR_20140719z.asc,True,1.0,2014-07-13
2014-07-20,1.1299000000000001,0.0,17.93,100,maynas_persiann_cdr_2012_2023.zip,CDR_20140720z.asc,True,1.0,2014-07-20
2014-07-21,0.045,0.0,4.5,100,maynas_persiann_cdr_2012_2023.zip,CDR_20140721z.asc,True,0.0,2014-07-20
2014-07-22,0.2466,0.0,3.7,100,maynas_persiann_cdr_2012_2023.zip,CDR_20140722z.asc,True,0.0,2014-07-20
2014-07-23,1.7688,0.0,26.28,100,maynas_persiann_cdr_2012_2023.zip,CDR_20140723z.asc,True,1.0,2014-07-20
2014-07-24,8.8483,0.0,30.73,100,maynas_persiann_cdr_2012_2023.zip,CDR_20140724z.asc,True,1.0,2014-07-20
2014-07-25,6.3252,0.0,52.04,100,maynas_persiann_cdr_2012_2023.zip,CDR_20140725z.asc,True,1.0,2014-07-20
2014-07-26,27.7323,4.1,66.74,100,maynas_persiann_cdr_2012_2023.zip,CDR_20140726z.asc,True,1.0,2014-07-20
2014-07-27,9.013900000000001,0.0,53.37,100,maynas_persiann_cdr_2012_2023.zip,CDR_20140727z.asc,True,1.0,2014-07-27
2014-07-28,2.8262,0.0,30.86,100,maynas_persiann_cdr_2012_2023.zip,CDR_20140728z.asc,True,1.0,2014-07-27
2014-07-29,1.8358999999999996,0.0,13.89,100,maynas_persiann_cdr_2012_2023.zip,CDR_20140729z.asc,True,1.0,2014-07-27
2014-07-30,6.5751,0.0,50.25,100,maynas_persiann_cdr_2012_2023.zip,CDR_20140730z.asc,True,1.0,2014-07-27
2014-07-31,16.0113,0.0,47.31,100,maynas_persiann_cdr_2012_2023.zip,CDR_20140731z.asc,True,1.0,2014-07-27
2014-08-01,2.792700000000001,0.0,14.53,100,maynas_persiann_cdr_2012_2023.zip,CDR_20140801z.asc,True,1.0,2014-07-27
2014-08-02,2.3881999999999994,0.0,9.41,100,maynas_persiann_cdr_2012_2023.zip,CDR_20140802z.asc,True,1.0,2014-07-27
2014-08-03,4.834899999999999,0.0,18.01,100,maynas_persiann_cdr_2012_2023.zip,CDR_20140803z.asc,True,1.0,2014-08-03
2014-08-04,1.5857,0.0,19.92,100,maynas_persiann_cdr_2012_2023.zip,CDR_20140804z.asc,True,1.0,2014-08-03
2014-08-05,14.930299999999997,5.04,33.07,100,maynas_persiann_cdr_2012_2023.zip,CDR_20140805z.asc,True,1.0,2014-08-03
2014-08-06,4.5794,0.0,16.83,100,maynas_persiann_cdr_2012_2023.zip,CDR_20140806z.asc,True,1.0,2014-08-03
2014-08-07,7.664200000000001,0.0,30.11,100,maynas_persiann_cdr_2012_2023.zip,CDR_20140807z.asc,True,1.0,2014-08-03
2014-08-08,6.957299999999999,0.0,26.64,100,maynas_persiann_cdr_2012_2023.zip,CDR_20140808z.asc,True,1.0,2014-08-03
2014-08-09,3.1733999999999996,0.0,21.43,100,maynas_persiann_cdr_2012_2023.zip,CDR_20140809z.asc,True,1.0,2014-08-03
2014-08-10,1.9524999999999997,0.0,9.96,100,maynas_persiann_cdr_2012_2023.zip,CDR_20140810z.asc,True,1.0,2014-08-10
2014-08-11,2.5963,0.0,14.86,100,maynas_persiann_cdr_2012_2023.zip,CDR_20140811z.asc,True,1.0,2014-08-10
2014-08-12,18.6948,1.57,43.02,100,maynas_persiann_cdr_2012_2023.zip,CDR_20140812z.asc,True,1.0,2014-08-10
2014-08-13,6.337999999999998,0.0,36.85,100,maynas_persiann_cdr_2012_2023.zip,CDR_20140813z.asc,True,1.0,2014-08-10
2014-08-14,16.156000000000002,2.46,36.63,100,maynas_persiann_cdr_2012_2023.zip,CDR_20140814z.asc,True,1.0,2014-08-10
2014-08-15,9.103399999999999,1.38,29.67,100,maynas_persiann_cdr_2012_2023.zip,CDR_20140815z.asc,True,1.0,2014-08-10
2014-08-16,0.21239999999999998,0.0,4.25,100,maynas_persiann_cdr_2012_2023.zip,CDR_20140816z.asc,True,0.0,2014-08-10
2014-08-17,1.2856,0.0,14.1,100,maynas_persiann_cdr_2012_2023.zip,CDR_20140817z.asc,True,1.0,2014-08-17
2014-08-18,8.382100000000001,0.0,38.5,100,maynas_persiann_cdr_2012_2023.zip,CDR_20140818z.asc,True,1.0,2014-08-17
2014-08-19,1.2054000000000002,0.0,9.89,100,maynas_persiann_cdr_2012_2023.zip,CDR_20140819z.asc,True,1.0,2014-08-17
2014-08-20,1.5568,0.0,14.4,100,maynas_persiann_cdr_2012_2023.zip,CDR_20140820z.asc,True,1.0,2014-08-17
2014-08-21,0.9710999999999999,0.0,4.93,100,maynas_persiann_cdr_2012_2023.zip,CDR_20140821z.asc,True,0.0,2014-08-17
2014-08-22,0.5427,0.0,13.75,100,maynas_persiann_cdr_2012_2023.zip,CDR_20140822z.asc,True,0.0,2014-08-17
2014-08-23,0.4939,0.0,7.17,100,maynas_persiann_cdr_2012_2023.zip,CDR_20140823z.asc,True,0.0,2014-08-17
2014-08-24,4.9535,0.0,26.72,100,maynas_persiann_cdr_2012_2023.zip,CDR_20140824z.asc,True,1.0,2014-08-24
2014-08-25,1.8844999999999998,0.0,24.65,100,maynas_persiann_cdr_2012_2023.zip,CDR_20140825z.asc,True,1.0,2014-08-24
2014-08-26,14.6777,1.2,44.54,100,maynas_persiann_cdr_2012_2023.zip,CDR_20140826z.asc,True,1.0,2014-08-24
2014-08-27,7.402700000000001,0.0,28.97,100,maynas_persiann_cdr_2012_2023.zip,CDR_20140827z.asc,True,1.0,2014-08-24
2014-08-28,11.071,3.62,24.17,100,maynas_persiann_cdr_2012_2023.zip,CDR_20140828z.asc,True,1.0,2014-08-24
2014-08-29,13.976,1.55,38.76,100,maynas_persiann_cdr_2012_2023.zip,CDR_20140829z.asc,True,1.0,2014-08-24
2014-08-30,9.7003,0.0,57.94,100,maynas_persiann_cdr_2012_2023.zip,CDR_20140830z.asc,True,1.0,2014-08-24
2014-08-31,0.5028,0.0,10.66,100,maynas_persiann_cdr_2012_2023.zip,CDR_20140831z.asc,True,0.0,2014-08-31
2014-09-01,0.4064,0.0,3.36,100,maynas_persiann_cdr_2012_2023.zip,CDR_20140901z.asc,True,0.0,2014-08-31
2014-09-02,6.9165,0.0,28.82,100,maynas_persiann_cdr_2012_2023.zip,CDR_20140902z.asc,True,1.0,2014-08-31
2014-09-03,11.046999999999999,2.43,40.52,100,maynas_persiann_cdr_2012_2023.zip,CDR_20140903z.asc,True,1.0,2014-08-31
2014-09-04,10.515899999999998,0.49,35.67,100,maynas_persiann_cdr_2012_2023.zip,CDR_20140904z.asc,True,1.0,2014-08-31
2014-09-05,16.196,0.0,40.09,100,maynas_persiann_cdr_2012_2023.zip,CDR_20140905z.asc,True,1.0,2014-08-31
2014-09-06,0.3995,0.0,4.41,100,maynas_persiann_cdr_2012_2023.zip,CDR_20140906z.asc,True,0.0,2014-08-31
2014-09-07,5.233299999999999,0.0,36.74,100,maynas_persiann_cdr_2012_2023.zip,CDR_20140907z.asc,True,1.0,2014-09-07
2014-09-08,11.984300000000001,0.54,36.5,100,maynas_persiann_cdr_2012_2023.zip,CDR_20140908z.asc,True,1.0,2014-09-07
2014-09-09,2.5286999999999993,0.0,20.6,100,maynas_persiann_cdr_2012_2023.zip,CDR_20140909z.asc,True,1.0,2014-09-07
2014-09-10,8.6979,0.0,24.39,100,maynas_persiann_cdr_2012_2023.zip,CDR_20140910z.asc,True,1.0,2014-09-07
2014-09-11,6.6295,0.0,27.13,100,maynas_persiann_cdr_2012_2023.zip,CDR_20140911z.asc,True,1.0,2014-09-07
2014-09-12,9.667900000000001,0.87,56.74,100,maynas_persiann_cdr_2012_2023.zip,CDR_20140912z.asc,True,1.0,2014-09-07
2014-09-13,15.6775,4.93,32.35,100,maynas_persiann_cdr_2012_2023.zip,CDR_20140913z.asc,True,1.0,2014-09-07
2014-09-14,3.6135,0.0,15.3,100,maynas_persiann_cdr_2012_2023.zip,CDR_20140914z.asc,True,1.0,2014-09-14
2014-09-15,21.383399999999998,9.18,55.36,100,maynas_persiann_cdr_2012_2023.zip,CDR_20140915z.asc,True,1.0,2014-09-14
2014-09-16,5.2367,0.0,25.94,100,maynas_persiann_cdr_2012_2023.zip,CDR_20140916z.asc,True,1.0,2014-09-14
2014-09-17,2.1571,0.0,14.1,100,maynas_persiann_cdr_2012_2023.zip,CDR_20140917z.asc,True,1.0,2014-09-14
2014-09-18,3.7685000000000004,0.0,15.79,100,maynas_persiann_cdr_2012_2023.zip,CDR_20140918z.asc,True,1.0,2014-09-14
2014-09-19,6.613499999999999,0.0,28.5,100,maynas_persiann_cdr_2012_2023.zip,CDR_20140919z.asc,True,1.0,2014-09-14
2014-09-20,9.897200000000002,0.0,23.62,100,maynas_persiann_cdr_2012_2023.zip,CDR_20140920z.asc,True,1.0,2014-09-14
2014-09-21,14.066500000000001,3.42,31.33,100,maynas_persiann_cdr_2012_2023.zip,CDR_20140921z.asc,True,1.0,2014-09-21
2014-09-22,15.8189,1.99,41.56,100,maynas_persiann_cdr_2012_2023.zip,CDR_20140922z.asc,True,1.0,2014-09-21
2014-09-23,10.2193,0.76,31.77,100,maynas_persiann_cdr_2012_2023.zip,CDR_20140923z.asc,True,1.0,2014-09-21
2014-09-24,0.6495000000000001,0.0,9.06,100,maynas_persiann_cdr_2012_2023.zip,CDR_20140924z.asc,True,0.0,2014-09-21
2014-09-25,2.4092,0.0,19.09,100,maynas_persiann_cdr_2012_2023.zip,CDR_20140925z.asc,True,1.0,2014-09-21
2014-09-26,10.1988,1.16,37.55,100,maynas_persiann_cdr_2012_2023.zip,CDR_20140926z.asc,True,1.0,2014-09-21
2014-09-27,7.3865,0.0,24.46,100,maynas_persiann_cdr_2012_2023.zip,CDR_20140927z.asc,True,1.0,2014-09-21
2014-09-28,10.706599999999996,0.41,36.94,100,maynas_persiann_cdr_2012_2023.zip,CDR_20140928z.asc,True,1.0,2014-09-28
2014-09-29,12.195599999999999,0.0,41.53,100,maynas_persiann_cdr_2012_2023.zip,CDR_20140929z.asc,True,1.0,2014-09-28
2014-09-30,4.9386,0.0,16.51,100,maynas_persiann_cdr_2012_2023.zip,CDR_20140930z.asc,True,1.0,2014-09-28
2014-10-01,3.920699999999999,0.0,15.82,100,maynas_persiann_cdr_2012_2023.zip,CDR_20141001z.asc,True,1.0,2014-09-28
2014-10-02,11.8609,1.19,24.35,100,maynas_persiann_cdr_2012_2023.zip,CDR_20141002z.asc,True,1.0,2014-09-28
2014-10-03,19.939,7.86,37.52,100,maynas_persiann_cdr_2012_2023.zip,CDR_20141003z.asc,True,1.0,2014-09-28
2014-10-04,0.1877,0.0,4.47,100,maynas_persiann_cdr_2012_2023.zip,CDR_20141004z.asc,True,0.0,2014-09-28
2014-10-05,4.408600000000001,0.0,17.17,100,maynas_persiann_cdr_2012_2023.zip,CDR_20141005z.asc,True,1.0,2014-10-05
2014-10-06,3.8769,0.0,22.15,100,maynas_persiann_cdr_2012_2023.zip,CDR_20141006z.asc,True,1.0,2014-10-05
2014-10-07,23.48,6.51,55.73,100,maynas_persiann_cdr_2012_2023.zip,CDR_20141007z.asc,True,1.0,2014-10-05
2014-10-08,12.033399999999999,1.69,33.79,100,maynas_persiann_cdr_2012_2023.zip,CDR_20141008z.asc,True,1.0,2014-10-05
2014-10-09,4.7895,0.0,21.05,100,maynas_persiann_cdr_2012_2023.zip,CDR_20141009z.asc,True,1.0,2014-10-05
2014-10-10,18.7033,3.23,38.72,100,maynas_persiann_cdr_2012_2023.zip,CDR_20141010z.asc,True,1.0,2014-10-05
2014-10-11,14.1063,2.28,33.3,100,maynas_persiann_cdr_2012_2023.zip,CDR_20141011z.asc,True,1.0,2014-10-05
2014-10-12,7.459999999999999,0.0,28.88,100,maynas_persiann_cdr_2012_2023.zip,CDR_20141012z.asc,True,1.0,2014-10-12
2014-10-13,5.7324,0.0,19.92,100,maynas_persiann_cdr_2012_2023.zip,CDR_20141013z.asc,True,1.0,2014-10-12
2014-10-14,1.3425,0.0,16.62,100,maynas_persiann_cdr_2012_2023.zip,CDR_20141014z.asc,True,1.0,2014-10-12
2014-10-15,6.175,0.0,29.98,100,maynas_persiann_cdr_2012_2023.zip,CDR_20141015z.asc,True,1.0,2014-10-12
2014-10-16,5.1984,0.64,15.76,100,maynas_persiann_cdr_2012_2023.zip,CDR_20141016z.asc,True,1.0,2014-10-12
2014-10-17,2.4921,0.0,10.81,100,maynas_persiann_cdr_2012_2023.zip,CDR_20141017z.asc,True,1.0,2014-10-12
2014-10-18,4.3627,0.0,20.99,100,maynas_persiann_cdr_2012_2023.zip,CDR_20141018z.asc,True,1.0,2014-10-12
2014-10-19,11.546899999999999,0.0,27.98,100,maynas_persiann_cdr_2012_2023.zip,CDR_20141019z.asc,True,1.0,2014-10-19
2014-10-20,12.9123,4.79,35.32,100,maynas_persiann_cdr_2012_2023.zip,CDR_20141020z.asc,True,1.0,2014-10-19
2014-10-21,5.0122,0.0,12.78,100,maynas_persiann_cdr_2012_2023.zip,CDR_20141021z.asc,True,1.0,2014-10-19
2014-10-22,3.1069999999999998,0.0,23.83,100,maynas_persiann_cdr_2012_2023.zip,CDR_20141022z.asc,True,1.0,2014-10-19
2014-10-23,10.275,0.0,34.56,100,maynas_persiann_cdr_2012_2023.zip,CDR_20141023z.asc,True,1.0,2014-10-19
2014-10-24,0.7689,0.0,8.44,100,maynas_persiann_cdr_2012_2023.zip,CDR_20141024z.asc,True,0.0,2014-10-19
2014-10-25,9.2361,0.56,35.99,100,maynas_persiann_cdr_2012_2023.zip,CDR_20141025z.asc,True,1.0,2014-10-19
2014-10-26,23.114099999999997,11.95,82.37,100,maynas_persiann_cdr_2012_2023.zip,CDR_20141026z.asc,True,1.0,2014-10-26
2014-10-27,1.7894999999999999,0.0,11.29,100,maynas_persiann_cdr_2012_2023.zip,CDR_20141027z.asc,True,1.0,2014-10-26
2014-10-28,3.8173999999999997,0.4,17.56,100,maynas_persiann_cdr_2012_2023.zip,CDR_20141028z.asc,True,1.0,2014-10-26
2014-10-29,9.611399999999998,1.35,27.39,100,maynas_persiann_cdr_2012_2023.zip,CDR_20141029z.asc,True,1.0,2014-10-26
2014-10-30,8.991800000000001,0.38,30.87,100,maynas_persiann_cdr_2012_2023.zip,CDR_20141030z.asc,True,1.0,2014-10-26
2014-10-31,16.434700000000003,1.16,43.5,100,maynas_persiann_cdr_2012_2023.zip,CDR_20141031z.asc,True,1.0,2014-10-26
2014-11-01,16.952699999999997,5.53,29.61,100,maynas_persiann_cdr_2012_2023.zip,CDR_20141101z.asc,True,1.0,2014-10-26
2014-11-02,3.1340000000000003,0.0,19.29,100,maynas_persiann_cdr_2012_2023.zip,CDR_20141102z.asc,True,1.0,2014-11-02
2014-11-03,3.9507,0.0,18.45,100,maynas_persiann_cdr_2012_2023.zip,CDR_20141103z.asc,True,1.0,2014-11-02
2014-11-04,4.887,0.0,22.1,100,maynas_persiann_cdr_2012_2023.zip,CDR_20141104z.asc,True,1.0,2014-11-02
2014-11-05,8.1433,1.29,21.6,100,maynas_persiann_cdr_2012_2023.zip,CDR_20141105z.asc,True,1.0,2014-11-02
2014-11-06,14.396099999999999,4.23,53.89,100,maynas_persiann_cdr_2012_2023.zip,CDR_20141106z.asc,True,1.0,2014-11-02
2014-11-07,15.904100000000001,7.31,29.6,100,maynas_persiann_cdr_2012_2023.zip,CDR_20141107z.asc,True,1.0,2014-11-02
2014-11-08,0.6572,0.0,2.57,100,maynas_persiann_cdr_2012_2023.zip,CDR_20141108z.asc,True,0.0,2014-11-02
2014-11-09,3.5361000000000002,0.0,14.08,100,maynas_persiann_cdr_2012_2023.zip,CDR_20141109z.asc,True,1.0,2014-11-09
2014-11-10,12.747399999999997,2.07,26.73,100,maynas_persiann_cdr_2012_2023.zip,CDR_20141110z.asc,True,1.0,2014-11-09
2014-11-11,14.2151,2.31,30.45,100,maynas_persiann_cdr_2012_2023.zip,CDR_20141111z.asc,True,1.0,2014-11-09
2014-11-12,12.6965,1.42,27.93,100,maynas_persiann_cdr_2012_2023.zip,CDR_20141112z.asc,True,1.0,2014-11-09
2014-11-13,3.0616,0.0,18.36,100,maynas_persiann_cdr_2012_2023.zip,CDR_20141113z.asc,True,1.0,2014-11-09
2014-11-14,18.7682,8.91,36.73,100,maynas_persiann_cdr_2012_2023.zip,CDR_20141114z.asc,True,1.0,2014-11-09
2014-11-15,8.939,4.85,19.08,100,maynas_persiann_cdr_2012_2023.zip,CDR_20141115z.asc,True,1.0,2014-11-09
2014-11-16,2.0876,0.0,13.39,100,maynas_persiann_cdr_2012_2023.zip,CDR_20141116z.asc,True,1.0,2014-11-16
2014-11-17,5.629099999999999,0.37,17.74,100,maynas_persiann_cdr_2012_2023.zip,CDR_20141117z.asc,True,1.0,2014-11-16
2014-11-18,1.1332,0.0,5.33,100,maynas_persiann_cdr_2012_2023.zip,CDR_20141118z.asc,True,1.0,2014-11-16
2014-11-19,0.6560000000000001,0.0,5.24,100,maynas_persiann_cdr_2012_2023.zip,CDR_20141119z.asc,True,0.0,2014-11-16
2014-11-20,0.3648,0.0,5.2,100,maynas_persiann_cdr_2012_2023.zip,CDR_20141120z.asc,True,0.0,2014-11-16
2014-11-21,5.9384999999999994,0.0,20.67,100,maynas_persiann_cdr_2012_2023.zip,CDR_20141121z.asc,True,1.0,2014-11-16
2014-11-22,11.172999999999996,1.32,28.76,100,maynas_persiann_cdr_2012_2023.zip,CDR_20141122z.asc,True,1.0,2014-11-16
2014-11-23,12.695600000000002,1.37,29.07,100,maynas_persiann_cdr_2012_2023.zip,CDR_20141123z.asc,True,1.0,2014-11-23
2014-11-24,8.748099999999999,0.39,28.21,100,maynas_persiann_cdr_2012_2023.zip,CDR_20141124z.asc,True,1.0,2014-11-23
2014-11-25,11.030300000000002,2.56,23.82,100,maynas_persiann_cdr_2012_2023.zip,CDR_20141125z.asc,True,1.0,2014-11-23
2014-11-26,13.3928,3.35,34.09,100,maynas_persiann_cdr_2012_2023.zip,CDR_20141126z.asc,True,1.0,2014-11-23
2014-11-27,10.0634,2.32,28.23,100,maynas_persiann_cdr_2012_2023.zip,CDR_20141127z.asc,True,1.0,2014-11-23
2014-11-28,16.816799999999997,2.02,36.81,100,maynas_persiann_cdr_2012_2023.zip,CDR_20141128z.asc,True,1.0,2014-11-23
2014-11-29,13.4015,5.5,24.84,100,maynas_persiann_cdr_2012_2023.zip,CDR_20141129z.asc,True,1.0,2014-11-23
2014-11-30,2.6442000000000005,0.0,9.1,100,maynas_persiann_cdr_2012_2023.zip,CDR_20141130z.asc,True,1.0,2014-11-30
2014-12-01,7.886800000000001,1.28,28.3,100,maynas_persiann_cdr_2012_2023.zip,CDR_20141201z.asc,True,1.0,2014-11-30
2014-12-02,2.0912,0.0,11.83,100,maynas_persiann_cdr_2012_2023.zip,CDR_20141202z.asc,True,1.0,2014-11-30
2014-12-03,5.305400000000001,0.0,34.45,100,maynas_persiann_cdr_2012_2023.zip,CDR_20141203z.asc,True,1.0,2014-11-30
2014-12-04,23.6534,0.66,48.54,100,maynas_persiann_cdr_2012_2023.zip,CDR_20141204z.asc,True,1.0,2014-11-30
2014-12-05,5.9875,0.0,18.96,100,maynas_persiann_cdr_2012_2023.zip,CDR_20141205z.asc,True,1.0,2014-11-30
2014-12-06,1.9447999999999999,0.0,11.32,100,maynas_persiann_cdr_2012_2023.zip,CDR_20141206z.asc,True,1.0,2014-11-30
2014-12-07,0.36590000000000006,0.0,9.63,100,maynas_persiann_cdr_2012_2023.zip,CDR_20141207z.asc,True,0.0,2014-12-07
2014-12-08,5.9155,0.0,23.5,100,maynas_persiann_cdr_2012_2023.zip,CDR_20141208z.asc,True,1.0,2014-12-07
2014-12-09,48.6109,19.29,72.15,100,maynas_persiann_cdr_2012_2023.zip,CDR_20141209z.asc,True,1.0,2014-12-07
2014-12-10,33.0822,17.64,52.34,100,maynas_persiann_cdr_2012_2023.zip,CDR_20141210z.asc,True,1.0,2014-12-07
2014-12-11,13.111400000000001,2.23,31.62,100,maynas_persiann_cdr_2012_2023.zip,CDR_20141211z.asc,True,1.0,2014-12-07
2014-12-12,4.5121,0.0,28.02,100,maynas_persiann_cdr_2012_2023.zip,CDR_20141212z.asc,True,1.0,2014-12-07
2014-12-13,11.447499999999998,0.59,34.43,100,maynas_persiann_cdr_2012_2023.zip,CDR_20141213z.asc,True,1.0,2014-12-07
2014-12-14,1.6386,0.0,6.96,100,maynas_persiann_cdr_2012_2023.zip,CDR_20141214z.asc,True,1.0,2014-12-14
2014-12-15,6.785399999999999,0.0,30.24,100,maynas_persiann_cdr_2012_2023.zip,CDR_20141215z.asc,True,1.0,2014-12-14
2014-12-16,29.268400000000007,4.54,64.98,100,maynas_persiann_cdr_2012_2023.zip,CDR_20141216z.asc,True,1.0,2014-12-14
2014-12-17,19.0835,5.81,50.65,100,maynas_persiann_cdr_2012_2023.zip,CDR_20141217z.asc,True,1.0,2014-12-14
2014-12-18,11.5272,2.68,30.67,100,maynas_persiann_cdr_2012_2023.zip,CDR_20141218z.asc,True,1.0,2014-12-14
2014-12-19,7.8527,0.0,23.3,100,maynas_persiann_cdr_2012_2023.zip,CDR_20141219z.asc,True,1.0,2014-12-14
2014-12-20,7.406999999999999,0.0,38.67,100,maynas_persiann_cdr_2012_2023.zip,CDR_20141220z.asc,True,1.0,2014-12-14
2014-12-21,13.177499999999998,0.0,57.73,100,maynas_persiann_cdr_2012_2023.zip,CDR_20141221z.asc,True,1.0,2014-12-21
2014-12-22,19.4676,0.0,53.78,100,maynas_persiann_cdr_2012_2023.zip,CDR_20141222z.asc,True,1.0,2014-12-21
2014-12-23,19.229499999999998,1.56,51.42,100,maynas_persiann_cdr_2012_2023.zip,CDR_20141223z.asc,True,1.0,2014-12-21
2014-12-24,6.0975,1.2,19.38,100,maynas_persiann_cdr_2012_2023.zip,CDR_20141224z.asc,True,1.0,2014-12-21
2014-12-25,8.406699999999999,0.48,33.25,100,maynas_persiann_cdr_2012_2023.zip,CDR_20141225z.asc,True,1.0,2014-12-21
2014-12-26,6.4313,0.0,32.2,100,maynas_persiann_cdr_2012_2023.zip,CDR_20141226z.asc,True,1.0,2014-12-21
2014-12-27,8.867300000000002,0.0,32.03,100,maynas_persiann_cdr_2012_2023.zip,CDR_20141227z.asc,True,1.0,2014-12-21
2014-12-28,7.046899999999999,0.0,23.25,100,maynas_persiann_cdr_2012_2023.zip,CDR_20141228z.asc,True,1.0,2014-12-28
2014-12-29,2.8101,0.0,17.01,100,maynas_persiann_cdr_2012_2023.zip,CDR_20141229z.asc,True,1.0,2014-12-28
2014-12-30,12.5142,1.57,30.98,100,maynas_persiann_cdr_2012_2023.zip,CDR_20141230z.asc,True,1.0,2014-12-28
2014-12-31,6.016900000000001,0.0,20.1,100,maynas_persiann_cdr_2012_2023.zip,CDR_20141231z.asc,True,1.0,2014-12-28
2015-01-01,4.3171,0.0,19.81,100,maynas_persiann_cdr_2012_2023.zip,CDR_20150101z.asc,True,1.0,2014-12-28
2015-01-02,2.2398000000000002,0.0,14.07,100,maynas_persiann_cdr_2012_2023.zip,CDR_20150102z.asc,True,1.0,2014-12-28
2015-01-03,6.6164,0.0,27.32,100,maynas_persiann_cdr_2012_2023.zip,CDR_20150103z.asc,True,1.0,2014-12-28
2015-01-04,1.3192000000000002,0.0,6.71,100,maynas_persiann_cdr_2012_2023.zip,CDR_20150104z.asc,True,1.0,2015-01-04
2015-01-05,0.6114999999999999,0.0,4.65,100,maynas_persiann_cdr_2012_2023.zip,CDR_20150105z.asc,True,0.0,2015-01-04
2015-01-06,1.0104,0.0,20.29,100,maynas_persiann_cdr_2012_2023.zip,CDR_20150106z.asc,True,1.0,2015-01-04
2015-01-07,0.0339,0.0,0.71,100,maynas_persiann_cdr_2012_2023.zip,CDR_20150107z.asc,True,0.0,2015-01-04
2015-01-08,0.0362,0.0,1.34,100,maynas_persiann_cdr_2012_2023.zip,CDR_20150108z.asc,True,0.0,2015-01-04
2015-01-09,0.035,0.0,1.34,100,maynas_persiann_cdr_2012_2023.zip,CDR_20150109z.asc,True,0.0,2015-01-04
2015-01-10,0.39160000000000006,0.0,6.35,100,maynas_persiann_cdr_2012_2023.zip,CDR_20150110z.asc,True,0.0,2015-01-04
2015-01-11,1.4835,0.0,11.23,100,maynas_persiann_cdr_2012_2023.zip,CDR_20150111z.asc,True,1.0,2015-01-11
2015-01-12,6.938699999999999,0.0,29.49,100,maynas_persiann_cdr_2012_2023.zip,CDR_20150112z.asc,True,1.0,2015-01-11
2015-01-13,4.164899999999999,0.0,13.63,100,maynas_persiann_cdr_2012_2023.zip,CDR_20150113z.asc,True,1.0,2015-01-11
2015-01-14,12.716700000000001,0.0,40.44,100,maynas_persiann_cdr_2012_2023.zip,CDR_20150114z.asc,True,1.0,2015-01-11
2015-01-15,18.155,0.74,55.72,100,maynas_persiann_cdr_2012_2023.zip,CDR_20150115z.asc,True,1.0,2015-01-11
2015-01-16,16.6173,0.0,60.3,100,maynas_persiann_cdr_2012_2023.zip,CDR_20150116z.asc,True,1.0,2015-01-11
2015-01-17,18.625200000000003,2.23,69.43,100,maynas_persiann_cdr_2012_2023.zip,CDR_20150117z.asc,True,1.0,2015-01-11
2015-01-18,18.863899999999997,3.26,53.01,100,maynas_persiann_cdr_2012_2023.zip,CDR_20150118z.asc,True,1.0,2015-01-18
2015-01-19,10.289000000000001,0.0,35.73,100,maynas_persiann_cdr_2012_2023.zip,CDR_20150119z.asc,True,1.0,2015-01-18
2015-01-20,10.931099999999999,1.28,32.04,100,maynas_persiann_cdr_2012_2023.zip,CDR_20150120z.asc,True,1.0,2015-01-18
2015-01-21,33.84920000000001,6.31,84.41,100,maynas_persiann_cdr_2012_2023.zip,CDR_20150121z.asc,True,1.0,2015-01-18
2015-01-22,14.250599999999999,1.37,39.02,100,maynas_persiann_cdr_2012_2023.zip,CDR_20150122z.asc,True,1.0,2015-01-18
2015-01-23,15.525800000000002,2.03,38.56,100,maynas_persiann_cdr_2012_2023.zip,CDR_20150123z.asc,True,1.0,2015-01-18
2015-01-24,18.9498,4.02,41.85,100,maynas_persiann_cdr_2012_2023.zip,CDR_20150124z.asc,True,1.0,2015-01-18
2015-01-25,4.0062999999999995,0.0,12.45,100,maynas_persiann_cdr_2012_2023.zip,CDR_20150125z.asc,True,1.0,2015-01-25
2015-01-26,6.164499999999999,0.0,28.32,100,maynas_persiann_cdr_2012_2023.zip,CDR_20150126z.asc,True,1.0,2015-01-25
2015-01-27,19.0426,3.07,54.19,100,maynas_persiann_cdr_2012_2023.zip,CDR_20150127z.asc,True,1.0,2015-01-25
2015-01-28,18.0203,2.51,54.06,100,maynas_persiann_cdr_2012_2023.zip,CDR_20150128z.asc,True,1.0,2015-01-25
2015-01-29,20.546300000000002,5.18,52.18,100,maynas_persiann_cdr_2012_2023.zip,CDR_20150129z.asc,True,1.0,2015-01-25
2015-01-30,32.8106,16.5,77.71,100,maynas_persiann_cdr_2012_2023.zip,CDR_20150130z.asc,True,1.0,2015-01-25
2015-01-31,15.4191,1.55,48.11,100,maynas_persiann_cdr_2012_2023.zip,CDR_20150131z.asc,True,1.0,2015-01-25
2015-02-01,7.172700000000001,0.4,25.69,100,maynas_persiann_cdr_2012_2023.zip,CDR_20150201z.asc,True,1.0,2015-02-01
2015-02-02,7.47,1.28,21.07,100,maynas_persiann_cdr_2012_2023.zip,CDR_20150202z.asc,True,1.0,2015-02-01
2015-02-03,2.7771000000000003,0.0,8.41,100,maynas_persiann_cdr_2012_2023.zip,CDR_20150203z.asc,True,1.0,2015-02-01
2015-02-04,3.4067000000000007,0.0,14.17,100,maynas_persiann_cdr_2012_2023.zip,CDR_20150204z.asc,True,1.0,2015-02-01
2015-02-05,5.2044,0.0,13.95,100,maynas_persiann_cdr_2012_2023.zip,CDR_20150205z.asc,True,1.0,2015-02-01
2015-02-06,6.210199999999999,0.0,20.04,100,maynas_persiann_cdr_2012_2023.zip,CDR_20150206z.asc,True,1.0,2015-02-01
2015-02-07,5.2161,0.0,21.29,100,maynas_persiann_cdr_2012_2023.zip,CDR_20150207z.asc,True,1.0,2015-02-01
2015-02-08,12.104800000000001,0.0,46.97,100,maynas_persiann_cdr_2012_2023.zip,CDR_20150208z.asc,True,1.0,2015-02-08
2015-02-09,22.721599999999995,9.64,35.75,100,maynas_persiann_cdr_2012_2023.zip,CDR_20150209z.asc,True,1.0,2015-02-08
2015-02-10,3.7673999999999994,0.0,14.27,100,maynas_persiann_cdr_2012_2023.zip,CDR_20150210z.asc,True,1.0,2015-02-08
2015-02-11,12.835900000000002,1.81,32.01,100,maynas_persiann_cdr_2012_2023.zip,CDR_20150211z.asc,True,1.0,2015-02-08
2015-02-12,24.83,1.23,57.9,100,maynas_persiann_cdr_2012_2023.zip,CDR_20150212z.asc,True,1.0,2015-02-08
2015-02-13,14.316199999999998,4.81,25.87,100,maynas_persiann_cdr_2012_2023.zip,CDR_20150213z.asc,True,1.0,2015-02-08
2015-02-14,21.416299999999996,4.69,39.87,100,maynas_persiann_cdr_2012_2023.zip,CDR_20150214z.asc,True,1.0,2015-02-08
2015-02-15,11.5382,2.56,22.57,100,maynas_persiann_cdr_2012_2023.zip,CDR_20150215z.asc,True,1.0,2015-02-15
2015-02-16,21.0433,4.69,37.6,100,maynas_persiann_cdr_2012_2023.zip,CDR_20150216z.asc,True,1.0,2015-02-15
2015-02-17,12.791199999999996,1.55,31.08,100,maynas_persiann_cdr_2012_2023.zip,CDR_20150217z.asc,True,1.0,2015-02-15
2015-02-18,8.164299999999999,1.75,36.82,100,maynas_persiann_cdr_2012_2023.zip,CDR_20150218z.asc,True,1.0,2015-02-15
2015-02-19,1.5148,0.0,9.95,100,maynas_persiann_cdr_2012_2023.zip,CDR_20150219z.asc,True,1.0,2015-02-15
2015-02-20,2.5058000000000002,0.0,9.53,100,maynas_persiann_cdr_2012_2023.zip,CDR_20150220z.asc,True,1.0,2015-02-15
2015-02-21,1.6867,0.0,7.04,100,maynas_persiann_cdr_2012_2023.zip,CDR_20150221z.asc,True,1.0,2015-02-15
2015-02-22,3.0028999999999995,0.0,19.13,100,maynas_persiann_cdr_2012_2023.zip,CDR_20150222z.asc,True,1.0,2015-02-22
2015-02-23,0.7935999999999999,0.0,6.92,100,maynas_persiann_cdr_2012_2023.zip,CDR_20150223z.asc,True,0.0,2015-02-22
2015-02-24,8.0146,0.92,23.37,100,maynas_persiann_cdr_2012_2023.zip,CDR_20150224z.asc,True,1.0,2015-02-22
2015-02-25,8.8779,0.76,22.19,100,maynas_persiann_cdr_2012_2023.zip,CDR_20150225z.asc,True,1.0,2015-02-22
2015-02-26,2.5686,0.0,19.55,100,maynas_persiann_cdr_2012_2023.zip,CDR_20150226z.asc,True,1.0,2015-02-22
2015-02-27,9.7672,0.62,30.34,100,maynas_persiann_cdr_2012_2023.zip,CDR_20150227z.asc,True,1.0,2015-02-22
2015-02-28,14.302400000000002,4.9,34.91,100,maynas_persiann_cdr_2012_2023.zip,CDR_20150228z.asc,True,1.0,2015-02-22
2015-03-01,17.9682,3.7,40.98,100,maynas_persiann_cdr_2012_2023.zip,CDR_20150301z.asc,True,1.0,2015-03-01
2015-03-02,5.832999999999999,0.0,26.98,100,maynas_persiann_cdr_2012_2023.zip,CDR_20150302z.asc,True,1.0,2015-03-01
2015-03-03,9.7277,0.0,32.41,100,maynas_persiann_cdr_2012_2023.zip,CDR_20150303z.asc,True,1.0,2015-03-01
2015-03-04,8.573999999999998,0.0,37.21,100,maynas_persiann_cdr_2012_2023.zip,CDR_20150304z.asc,True,1.0,2015-03-01
2015-03-05,17.222,0.0,43.71,100,maynas_persiann_cdr_2012_2023.zip,CDR_20150305z.asc,True,1.0,2015-03-01
2015-03-06,9.302600000000002,0.54,36.4,100,maynas_persiann_cdr_2012_2023.zip,CDR_20150306z.asc,True,1.0,2015-03-01
2015-03-07,9.316299999999998,0.0,24.4,100,maynas_persiann_cdr_2012_2023.zip,CDR_20150307z.asc,True,1.0,2015-03-01
2015-03-08,2.2678,0.0,17.22,100,maynas_persiann_cdr_2012_2023.zip,CDR_20150308z.asc,True,1.0,2015-03-08
2015-03-09,4.0365,0.0,16.33,100,maynas_persiann_cdr_2012_2023.zip,CDR_20150309z.asc,True,1.0,2015-03-08
2015-03-10,16.4446,0.58,36.06,100,maynas_persiann_cdr_2012_2023.zip,CDR_20150310z.asc,True,1.0,2015-03-08
2015-03-11,25.104800000000004,0.0,57.08,100,maynas_persiann_cdr_2012_2023.zip,CDR_20150311z.asc,True,1.0,2015-03-08
2015-03-12,18.6464,1.24,61.71,100,maynas_persiann_cdr_2012_2023.zip,CDR_20150312z.asc,True,1.0,2015-03-08
2015-03-13,0.7290000000000001,0.0,8.43,100,maynas_persiann_cdr_2012_2023.zip,CDR_20150313z.asc,True,0.0,2015-03-08
2015-03-14,7.983499999999999,0.59,37.22,100,maynas_persiann_cdr_2012_2023.zip,CDR_20150314z.asc,True,1.0,2015-03-08
2015-03-15,25.922299999999996,1.63,53.89,100,maynas_persiann_cdr_2012_2023.zip,CDR_20150315z.asc,True,1.0,2015-03-15
2015-03-16,16.8073,2.9,35.17,100,maynas_persiann_cdr_2012_2023.zip,CDR_20150316z.asc,True,1.0,2015-03-15
2015-03-17,3.6249000000000002,0.0,23.22,100,maynas_persiann_cdr_2012_2023.zip,CDR_20150317z.asc,True,1.0,2015-03-15
2015-03-18,22.610599999999994,4.8,52.87,100,maynas_persiann_cdr_2012_2023.zip,CDR_20150318z.asc,True,1.0,2015-03-15
2015-03-19,7.7101,1.35,29.38,100,maynas_persiann_cdr_2012_2023.zip,CDR_20150319z.asc,True,1.0,2015-03-15
2015-03-20,29.739599999999996,6.98,64.6,100,maynas_persiann_cdr_2012_2023.zip,CDR_20150320z.asc,True,1.0,2015-03-15
2015-03-21,6.943200000000001,0.0,25.28,100,maynas_persiann_cdr_2012_2023.zip,CDR_20150321z.asc,True,1.0,2015-03-15
2015-03-22,25.061600000000002,10.78,53.39,100,maynas_persiann_cdr_2012_2023.zip,CDR_20150322z.asc,True,1.0,2015-03-22
2015-03-23,4.0984,0.0,19.96,100,maynas_persiann_cdr_2012_2023.zip,CDR_20150323z.asc,True,1.0,2015-03-22
2015-03-24,9.702300000000001,0.0,36.66,100,maynas_persiann_cdr_2012_2023.zip,CDR_20150324z.asc,True,1.0,2015-03-22
2015-03-25,22.224300000000003,2.46,47.99,100,maynas_persiann_cdr_2012_2023.zip,CDR_20150325z.asc,True,1.0,2015-03-22
2015-03-26,18.9494,3.18,52.72,100,maynas_persiann_cdr_2012_2023.zip,CDR_20150326z.asc,True,1.0,2015-03-22
2015-03-27,9.0937,0.0,46.31,100,maynas_persiann_cdr_2012_2023.zip,CDR_20150327z.asc,True,1.0,2015-03-22
2015-03-28,33.9867,7.93,69.48,100,maynas_persiann_cdr_2012_2023.zip,CDR_20150328z.asc,True,1.0,2015-03-22
2015-03-29,27.5632,5.26,58.62,100,maynas_persiann_cdr_2012_2023.zip,CDR_20150329z.asc,True,1.0,2015-03-29
2015-03-30,6.1276,0.67,42.68,100,maynas_persiann_cdr_2012_2023.zip,CDR_20150330z.asc,True,1.0,2015-03-29
2015-03-31,7.8092999999999995,0.0,17.18,100,maynas_persiann_cdr_2012_2023.zip,CDR_20150331z.asc,True,1.0,2015-03-29
2015-04-01,3.7645999999999997,0.0,17.47,100,maynas_persiann_cdr_2012_2023.zip,CDR_20150401z.asc,True,1.0,2015-03-29
2015-04-02,38.3934,18.79,65.24,100,maynas_persiann_cdr_2012_2023.zip,CDR_20150402z.asc,True,1.0,2015-03-29
2015-04-03,2.9667999999999997,0.0,19.49,100,maynas_persiann_cdr_2012_2023.zip,CDR_20150403z.asc,True,1.0,2015-03-29
2015-04-04,4.0360000000000005,0.0,30.17,100,maynas_persiann_cdr_2012_2023.zip,CDR_20150404z.asc,True,1.0,2015-03-29
2015-04-05,15.366699999999998,0.87,31.21,100,maynas_persiann_cdr_2012_2023.zip,CDR_20150405z.asc,True,1.0,2015-04-05
2015-04-06,22.159100000000002,6.16,50.13,100,maynas_persiann_cdr_2012_2023.zip,CDR_20150406z.asc,True,1.0,2015-04-05
2015-04-07,17.4238,1.95,39.44,100,maynas_persiann_cdr_2012_2023.zip,CDR_20150407z.asc,True,1.0,2015-04-05
2015-04-08,0.5316000000000001,0.0,9.75,100,maynas_persiann_cdr_2012_2023.zip,CDR_20150408z.asc,True,0.0,2015-04-05
2015-04-09,6.1636,0.0,26.34,100,maynas_persiann_cdr_2012_2023.zip,CDR_20150409z.asc,True,1.0,2015-04-05
2015-04-10,14.1825,2.31,81.07,100,maynas_persiann_cdr_2012_2023.zip,CDR_20150410z.asc,True,1.0,2015-04-05
2015-04-11,23.742399999999996,1.36,53.69,100,maynas_persiann_cdr_2012_2023.zip,CDR_20150411z.asc,True,1.0,2015-04-05
2015-04-12,0.5550999999999999,0.0,5.55,100,maynas_persiann_cdr_2012_2023.zip,CDR_20150412z.asc,True,0.0,2015-04-12
2015-04-13,5.527400000000001,0.0,24.5,100,maynas_persiann_cdr_2012_2023.zip,CDR_20150413z.asc,True,1.0,2015-04-12
2015-04-14,11.091700000000001,0.74,35.02,100,maynas_persiann_cdr_2012_2023.zip,CDR_20150414z.asc,True,1.0,2015-04-12
2015-04-15,21.308000000000003,2.04,47.27,100,maynas_persiann_cdr_2012_2023.zip,CDR_20150415z.asc,True,1.0,2015-04-12
2015-04-16,7.499300000000001,0.0,30.39,100,maynas_persiann_cdr_2012_2023.zip,CDR_20150416z.asc,True,1.0,2015-04-12
2015-04-17,12.9899,1.98,31.26,100,maynas_persiann_cdr_2012_2023.zip,CDR_20150417z.asc,True,1.0,2015-04-12
2015-04-18,22.9885,4.51,57.33,100,maynas_persiann_cdr_2012_2023.zip,CDR_20150418z.asc,True,1.0,2015-04-12
2015-04-19,17.946199999999997,1.23,49.61,100,maynas_persiann_cdr_2012_2023.zip,CDR_20150419z.asc,True,1.0,2015-04-19
2015-04-20,11.1594,0.49,46.05,100,maynas_persiann_cdr_2012_2023.zip,CDR_20150420z.asc,True,1.0,2015-04-19
2015-04-21,28.976799999999997,7.91,44.98,100,maynas_persiann_cdr_2012_2023.zip,CDR_20150421z.asc,True,1.0,2015-04-19
2015-04-22,17.744699999999998,3.48,47.13,100,maynas_persiann_cdr_2012_2023.zip,CDR_20150422z.asc,True,1.0,2015-04-19
2015-04-23,2.9823000000000004,0.0,10.96,100,maynas_persiann_cdr_2012_2023.zip,CDR_20150423z.asc,True,1.0,2015-04-19
2015-04-24,5.6842999999999995,0.0,25.1,100,maynas_persiann_cdr_2012_2023.zip,CDR_20150424z.asc,True,1.0,2015-04-19
2015-04-25,15.351599999999996,0.82,62.44,100,maynas_persiann_cdr_2012_2023.zip,CDR_20150425z.asc,True,1.0,2015-04-19
2015-04-26,6.1837,0.0,17.49,100,maynas_persiann_cdr_2012_2023.zip,CDR_20150426z.asc,True,1.0,2015-04-26
2015-04-27,5.635200000000001,0.0,28.95,100,maynas_persiann_cdr_2012_2023.zip,CDR_20150427z.asc,True,1.0,2015-04-26
2015-04-28,12.0556,0.0,25.36,100,maynas_persiann_cdr_2012_2023.zip,CDR_20150428z.asc,True,1.0,2015-04-26
2015-04-29,18.4571,0.0,41.6,100,maynas_persiann_cdr_2012_2023.zip,CDR_20150429z.asc,True,1.0,2015-04-26
2015-04-30,12.262799999999997,2.18,51.63,100,maynas_persiann_cdr_2012_2023.zip,CDR_20150430z.asc,True,1.0,2015-04-26
2015-05-01,3.3514999999999997,0.0,22.12,100,maynas_persiann_cdr_2012_2023.zip,CDR_20150501z.asc,True,1.0,2015-04-26
2015-05-02,3.7333000000000003,0.0,32.9,100,maynas_persiann_cdr_2012_2023.zip,CDR_20150502z.asc,True,1.0,2015-04-26
2015-05-03,29.615499999999997,3.65,82.85,100,maynas_persiann_cdr_2012_2023.zip,CDR_20150503z.asc,True,1.0,2015-05-03
2015-05-04,21.300700000000006,2.58,84.87,100,maynas_persiann_cdr_2012_2023.zip,CDR_20150504z.asc,True,1.0,2015-05-03
2015-05-05,9.2605,0.0,44.53,100,maynas_persiann_cdr_2012_2023.zip,CDR_20150505z.asc,True,1.0,2015-05-03
2015-05-06,23.729100000000003,0.94,56.56,100,maynas_persiann_cdr_2012_2023.zip,CDR_20150506z.asc,True,1.0,2015-05-03
2015-05-07,12.2947,2.63,29.9,100,maynas_persiann_cdr_2012_2023.zip,CDR_20150507z.asc,True,1.0,2015-05-03
2015-05-08,1.6787999999999996,0.0,19.23,100,maynas_persiann_cdr_2012_2023.zip,CDR_20150508z.asc,True,1.0,2015-05-03
2015-05-09,6.2381,0.74,19.37,100,maynas_persiann_cdr_2012_2023.zip,CDR_20150509z.asc,True,1.0,2015-05-03
2015-05-10,1.8274,0.0,18.21,100,maynas_persiann_cdr_2012_2023.zip,CDR_20150510z.asc,True,1.0,2015-05-10
2015-05-11,0.41609999999999997,0.0,2.69,100,maynas_persiann_cdr_2012_2023.zip,CDR_20150511z.asc,True,0.0,2015-05-10
2015-05-12,10.0736,0.0,36.98,100,maynas_persiann_cdr_2012_2023.zip,CDR_20150512z.asc,True,1.0,2015-05-10
2015-05-13,9.3019,0.0,35.07,100,maynas_persiann_cdr_2012_2023.zip,CDR_20150513z.asc,True,1.0,2015-05-10
2015-05-14,3.910799999999999,0.0,16.32,100,maynas_persiann_cdr_2012_2023.zip,CDR_20150514z.asc,True,1.0,2015-05-10
2015-05-15,0.5812,0.0,5.98,100,maynas_persiann_cdr_2012_2023.zip,CDR_20150515z.asc,True,0.0,2015-05-10
2015-05-16,4.181,0.0,25.54,100,maynas_persiann_cdr_2012_2023.zip,CDR_20150516z.asc,True,1.0,2015-05-10
2015-05-17,2.74,0.0,40.34,100,maynas_persiann_cdr_2012_2023.zip,CDR_20150517z.asc,True,1.0,2015-05-17
2015-05-18,0.31010000000000004,0.0,5.83,100,maynas_persiann_cdr_2012_2023.zip,CDR_20150518z.asc,True,0.0,2015-05-17
2015-05-19,0.3268000000000001,0.0,8.64,100,maynas_persiann_cdr_2012_2023.zip,CDR_20150519z.asc,True,0.0,2015-05-17
2015-05-20,6.5473,0.0,38.75,100,maynas_persiann_cdr_2012_2023.zip,CDR_20150520z.asc,True,1.0,2015-05-17
2015-05-21,5.696900000000002,0.0,24.42,100,maynas_persiann_cdr_2012_2023.zip,CDR_20150521z.asc,True,1.0,2015-05-17
2015-05-22,0.9008000000000002,0.0,13.43,100,maynas_persiann_cdr_2012_2023.zip,CDR_20150522z.asc,True,0.0,2015-05-17
2015-05-23,8.2524,1.0,26.5,100,maynas_persiann_cdr_2012_2023.zip,CDR_20150523z.asc,True,1.0,2015-05-17
2015-05-24,16.7335,0.97,51.48,100,maynas_persiann_cdr_2012_2023.zip,CDR_20150524z.asc,True,1.0,2015-05-24
2015-05-25,3.5841,0.0,17.58,100,maynas_persiann_cdr_2012_2023.zip,CDR_20150525z.asc,True,1.0,2015-05-24
2015-05-26,25.197899999999994,1.57,58.77,100,maynas_persiann_cdr_2012_2023.zip,CDR_20150526z.asc,True,1.0,2015-05-24
2015-05-27,1.1081,0.0,8.33,100,maynas_persiann_cdr_2012_2023.zip,CDR_20150527z.asc,True,1.0,2015-05-24
2015-05-28,13.7438,1.74,46.96,100,maynas_persiann_cdr_2012_2023.zip,CDR_20150528z.asc,True,1.0,2015-05-24
2015-05-29,23.792500000000008,3.7,48.3,100,maynas_persiann_cdr_2012_2023.zip,CDR_20150529z.asc,True,1.0,2015-05-24
2015-05-30,11.3674,2.11,32.99,100,maynas_persiann_cdr_2012_2023.zip,CDR_20150530z.asc,True,1.0,2015-05-24
2015-05-31,8.060400000000001,1.16,26.59,100,maynas_persiann_cdr_2012_2023.zip,CDR_20150531z.asc,True,1.0,2015-05-31
2015-06-01,10.370099999999997,0.0,54.17,100,maynas_persiann_cdr_2012_2023.zip,CDR_20150601z.asc,True,1.0,2015-05-31
2015-06-02,6.3722,0.0,47.16,100,maynas_persiann_cdr_2012_2023.zip,CDR_20150602z.asc,True,1.0,2015-05-31
2015-06-03,21.826099999999997,0.0,73.33,100,maynas_persiann_cdr_2012_2023.zip,CDR_20150603z.asc,True,1.0,2015-05-31
2015-06-04,13.334400000000002,0.0,69.6,100,maynas_persiann_cdr_2012_2023.zip,CDR_20150604z.asc,True,1.0,2015-05-31
2015-06-05,22.06759999999999,7.18,61.09,100,maynas_persiann_cdr_2012_2023.zip,CDR_20150605z.asc,True,1.0,2015-05-31
2015-06-06,5.638400000000001,0.0,25.05,100,maynas_persiann_cdr_2012_2023.zip,CDR_20150606z.asc,True,1.0,2015-05-31
2015-06-07,0.7933999999999999,0.0,7.73,100,maynas_persiann_cdr_2012_2023.zip,CDR_20150607z.asc,True,0.0,2015-06-07
2015-06-08,10.5447,0.0,87.77,100,maynas_persiann_cdr_2012_2023.zip,CDR_20150608z.asc,True,1.0,2015-06-07
2015-06-09,9.8275,0.0,51.83,100,maynas_persiann_cdr_2012_2023.zip,CDR_20150609z.asc,True,1.0,2015-06-07
2015-06-10,9.2379,0.0,57.74,100,maynas_persiann_cdr_2012_2023.zip,CDR_20150610z.asc,True,1.0,2015-06-07
2015-06-11,5.7542,0.0,29.72,100,maynas_persiann_cdr_2012_2023.zip,CDR_20150611z.asc,True,1.0,2015-06-07
2015-06-12,31.389699999999998,1.52,97.76,100,maynas_persiann_cdr_2012_2023.zip,CDR_20150612z.asc,True,1.0,2015-06-07
2015-06-13,20.8404,0.0,60.81,100,maynas_persiann_cdr_2012_2023.zip,CDR_20150613z.asc,True,1.0,2015-06-07
2015-06-14,1.9453000000000003,0.0,16.56,100,maynas_persiann_cdr_2012_2023.zip,CDR_20150614z.asc,True,1.0,2015-06-14
2015-06-15,8.190199999999999,0.0,36.86,100,maynas_persiann_cdr_2012_2023.zip,CDR_20150615z.asc,True,1.0,2015-06-14
2015-06-16,38.1596,2.61,101.72,100,maynas_persiann_cdr_2012_2023.zip,CDR_20150616z.asc,True,1.0,2015-06-14
2015-06-17,15.7755,1.1,54.24,100,maynas_persiann_cdr_2012_2023.zip,CDR_20150617z.asc,True,1.0,2015-06-14
2015-06-18,7.064299999999999,0.0,44.06,100,maynas_persiann_cdr_2012_2023.zip,CDR_20150618z.asc,True,1.0,2015-06-14
2015-06-19,4.0059000000000005,0.0,22.14,100,maynas_persiann_cdr_2012_2023.zip,CDR_20150619z.asc,True,1.0,2015-06-14
2015-06-20,5.7928999999999995,0.0,26.79,100,maynas_persiann_cdr_2012_2023.zip,CDR_20150620z.asc,True,1.0,2015-06-14
2015-06-21,0.0,0.0,0.0,100,maynas_persiann_cdr_2012_2023.zip,CDR_20150621z.asc,True,0.0,2015-06-21
2015-06-22,0.9865999999999999,0.0,8.81,100,maynas_persiann_cdr_2012_2023.zip,CDR_20150622z.asc,True,0.0,2015-06-21
2015-06-23,4.9171000000000005,0.0,23.24,100,maynas_persiann_cdr_2012_2023.zip,CDR_20150623z.asc,True,1.0,2015-06-21
2015-06-24,4.0095,0.0,20.75,100,maynas_persiann_cdr_2012_2023.zip,CDR_20150624z.asc,True,1.0,2015-06-21
2015-06-25,0.6012999999999998,0.0,5.47,100,maynas_persiann_cdr_2012_2023.zip,CDR_20150625z.asc,True,0.0,2015-06-21
2015-06-26,0.2852,0.0,4.95,100,maynas_persiann_cdr_2012_2023.zip,CDR_20150626z.asc,True,0.0,2015-06-21
2015-06-27,0.1026,0.0,1.83,100,maynas_persiann_cdr_2012_2023.zip,CDR_20150627z.asc,True,0.0,2015-06-21
2015-06-28,0.07860000000000002,0.0,4.04,100,maynas_persiann_cdr_2012_2023.zip,CDR_20150628z.asc,True,0.0,2015-06-28
2015-06-29,0.0111,0.0,1.11,100,maynas_persiann_cdr_2012_2023.zip,CDR_20150629z.asc,True,0.0,2015-06-28
2015-06-30,0.9253,0.0,5.9,100,maynas_persiann_cdr_2012_2023.zip,CDR_20150630z.asc,True,0.0,2015-06-28
2015-07-01,5.3322,0.0,52.52,100,maynas_persiann_cdr_2012_2023.zip,CDR_20150701z.asc,True,1.0,2015-06-28
2015-07-02,4.9434,0.0,35.26,100,maynas_persiann_cdr_2012_2023.zip,CDR_20150702z.asc,True,1.0,2015-06-28
2015-07-03,13.556500000000002,0.0,43.53,100,maynas_persiann_cdr_2012_2023.zip,CDR_20150703z.asc,True,1.0,2015-06-28
2015-07-04,3.7516,0.0,40.88,100,maynas_persiann_cdr_2012_2023.zip,CDR_20150704z.asc,True,1.0,2015-06-28
2015-07-05,5.7236,0.0,41.85,100,maynas_persiann_cdr_2012_2023.zip,CDR_20150705z.asc,True,1.0,2015-07-05
2015-07-06,4.1634,0.0,14.73,100,maynas_persiann_cdr_2012_2023.zip,CDR_20150706z.asc,True,1.0,2015-07-05
2015-07-07,0.6095,0.0,11.28,100,maynas_persiann_cdr_2012_2023.zip,CDR_20150707z.asc,True,0.0,2015-07-05
2015-07-08,4.1514,0.0,35.45,100,maynas_persiann_cdr_2012_2023.zip,CDR_20150708z.asc,True,1.0,2015-07-05
2015-07-09,17.1774,0.0,88.06,100,maynas_persiann_cdr_2012_2023.zip,CDR_20150709z.asc,True,1.0,2015-07-05
2015-07-10,6.5588,0.0,32.5,100,maynas_persiann_cdr_2012_2023.zip,CDR_20150710z.asc,True,1.0,2015-07-05
2015-07-11,16.108900000000002,0.0,71.19,100,maynas_persiann_cdr_2012_2023.zip,CDR_20150711z.asc,True,1.0,2015-07-05
2015-07-12,11.3212,0.0,75.58,100,maynas_persiann_cdr_2012_2023.zip,CDR_20150712z.asc,True,1.0,2015-07-12
2015-07-13,0.2144,0.0,9.74,100,maynas_persiann_cdr_2012_2023.zip,CDR_20150713z.asc,True,0.0,2015-07-12
2015-07-14,1.7894999999999999,0.0,26.24,100,maynas_persiann_cdr_2012_2023.zip,CDR_20150714z.asc,True,1.0,2015-07-12
2015-07-15,5.170300000000001,0.0,39.41,100,maynas_persiann_cdr_2012_2023.zip,CDR_20150715z.asc,True,1.0,2015-07-12
2015-07-16,6.0585,0.0,41.1,100,maynas_persiann_cdr_2012_2023.zip,CDR_20150716z.asc,True,1.0,2015-07-12
2015-07-17,6.449399999999998,0.0,27.54,100,maynas_persiann_cdr_2012_2023.zip,CDR_20150717z.asc,True,1.0,2015-07-12
2015-07-18,21.7157,1.56,73.04,100,maynas_persiann_cdr_2012_2023.zip,CDR_20150718z.asc,True,1.0,2015-07-12
2015-07-19,1.2225,0.0,17.03,100,maynas_persiann_cdr_2012_2023.zip,CDR_20150719z.asc,True,1.0,2015-07-19
2015-07-20,2.331,0.0,9.67,100,maynas_persiann_cdr_2012_2023.zip,CDR_20150720z.asc,True,1.0,2015-07-19
2015-07-21,10.027800000000001,0.0,46.22,100,maynas_persiann_cdr_2012_2023.zip,CDR_20150721z.asc,True,1.0,2015-07-19
2015-07-22,14.071200000000001,0.0,71.52,100,maynas_persiann_cdr_2012_2023.zip,CDR_20150722z.asc,True,1.0,2015-07-19
2015-07-23,17.837500000000002,0.0,75.57,100,maynas_persiann_cdr_2012_2023.zip,CDR_20150723z.asc,True,1.0,2015-07-19
2015-07-24,5.7318999999999996,0.0,29.77,100,maynas_persiann_cdr_2012_2023.zip,CDR_20150724z.asc,True,1.0,2015-07-19
2015-07-25,4.5198,0.0,19.9,100,maynas_persiann_cdr_2012_2023.zip,CDR_20150725z.asc,True,1.0,2015-07-19
2015-07-26,5.7021999999999995,0.0,38.11,100,maynas_persiann_cdr_2012_2023.zip,CDR_20150726z.asc,True,1.0,2015-07-26
2015-07-27,7.5062999999999995,0.0,23.09,100,maynas_persiann_cdr_2012_2023.zip,CDR_20150727z.asc,True,1.0,2015-07-26
2015-07-28,9.3892,0.0,40.91,100,maynas_persiann_cdr_2012_2023.zip,CDR_20150728z.asc,True,1.0,2015-07-26
2015-07-29,4.2991,0.0,22.85,100,maynas_persiann_cdr_2012_2023.zip,CDR_20150729z.asc,True,1.0,2015-07-26
2015-07-30,6.784400000000001,0.0,47.74,100,maynas_persiann_cdr_2012_2023.zip,CDR_20150730z.asc,True,1.0,2015-07-26
2015-07-31,2.8744,0.0,15.86,100,maynas_persiann_cdr_2012_2023.zip,CDR_20150731z.asc,True,1.0,2015-07-26
2015-08-01,7.8038,0.0,41.4,100,maynas_persiann_cdr_2012_2023.zip,CDR_20150801z.asc,True,1.0,2015-07-26
2015-08-02,17.139599999999998,0.99,44.74,100,maynas_persiann_cdr_2012_2023.zip,CDR_20150802z.asc,True,1.0,2015-08-02
2015-08-03,2.8590000000000004,0.0,23.45,100,maynas_persiann_cdr_2012_2023.zip,CDR_20150803z.asc,True,1.0,2015-08-02
2015-08-04,21.2909,6.29,51.47,100,maynas_persiann_cdr_2012_2023.zip,CDR_20150804z.asc,True,1.0,2015-08-02
2015-08-05,16.6545,6.36,34.19,100,maynas_persiann_cdr_2012_2023.zip,CDR_20150805z.asc,True,1.0,2015-08-02
2015-08-06,0.2623,0.0,2.45,100,maynas_persiann_cdr_2012_2023.zip,CDR_20150806z.asc,True,0.0,2015-08-02
2015-08-07,3.5431,0.0,16.15,100,maynas_persiann_cdr_2012_2023.zip,CDR_20150807z.asc,True,1.0,2015-08-02
2015-08-08,10.2371,0.0,31.51,100,maynas_persiann_cdr_2012_2023.zip,CDR_20150808z.asc,True,1.0,2015-08-02
2015-08-09,3.4075000000000006,0.0,17.05,100,maynas_persiann_cdr_2012_2023.zip,CDR_20150809z.asc,True,1.0,2015-08-09
2015-08-10,2.9901,0.0,21.24,100,maynas_persiann_cdr_2012_2023.zip,CDR_20150810z.asc,True,1.0,2015-08-09
2015-08-11,4.4156,0.0,27.98,100,maynas_persiann_cdr_2012_2023.zip,CDR_20150811z.asc,True,1.0,2015-08-09
2015-08-12,1.8155000000000001,0.0,20.77,100,maynas_persiann_cdr_2012_2023.zip,CDR_20150812z.asc,True,1.0,2015-08-09
2015-08-13,0.3698,0.0,3.77,100,maynas_persiann_cdr_2012_2023.zip,CDR_20150813z.asc,True,0.0,2015-08-09
2015-08-14,0.5379,0.0,7.22,100,maynas_persiann_cdr_2012_2023.zip,CDR_20150814z.asc,True,0.0,2015-08-09
2015-08-15,3.3213999999999997,0.0,24.9,100,maynas_persiann_cdr_2012_2023.zip,CDR_20150815z.asc,True,1.0,2015-08-09
2015-08-16,1.0445,0.0,14.79,100,maynas_persiann_cdr_2012_2023.zip,CDR_20150816z.asc,True,1.0,2015-08-16
2015-08-17,1.7023000000000001,0.0,10.2,100,maynas_persiann_cdr_2012_2023.zip,CDR_20150817z.asc,True,1.0,2015-08-16
2015-08-18,9.6187,0.0,38.12,100,maynas_persiann_cdr_2012_2023.zip,CDR_20150818z.asc,True,1.0,2015-08-16
2015-08-19,10.4823,0.0,51.9,100,maynas_persiann_cdr_2012_2023.zip,CDR_20150819z.asc,True,1.0,2015-08-16
2015-08-20,1.5441999999999998,0.0,7.93,100,maynas_persiann_cdr_2012_2023.zip,CDR_20150820z.asc,True,1.0,2015-08-16
2015-08-21,1.3653,0.0,18.86,100,maynas_persiann_cdr_2012_2023.zip,CDR_20150821z.asc,True,1.0,2015-08-16
2015-08-22,2.7842000000000002,0.0,21.94,100,maynas_persiann_cdr_2012_2023.zip,CDR_20150822z.asc,True,1.0,2015-08-16
2015-08-23,8.3644,0.0,32.11,100,maynas_persiann_cdr_2012_2023.zip,CDR_20150823z.asc,True,1.0,2015-08-23
2015-08-24,6.3852,0.0,36.2,100,maynas_persiann_cdr_2012_2023.zip,CDR_20150824z.asc,True,1.0,2015-08-23
2015-08-25,19.474500000000003,0.83,60.35,100,maynas_persiann_cdr_2012_2023.zip,CDR_20150825z.asc,True,1.0,2015-08-23
2015-08-26,6.156500000000001,0.0,55.0,100,maynas_persiann_cdr_2012_2023.zip,CDR_20150826z.asc,True,1.0,2015-08-23
2015-08-27,5.388299999999999,0.0,24.63,100,maynas_persiann_cdr_2012_2023.zip,CDR_20150827z.asc,True,1.0,2015-08-23
2015-08-28,14.084600000000002,2.55,60.37,100,maynas_persiann_cdr_2012_2023.zip,CDR_20150828z.asc,True,1.0,2015-08-23
2015-08-29,14.8852,1.87,48.54,100,maynas_persiann_cdr_2012_2023.zip,CDR_20150829z.asc,True,1.0,2015-08-23
2015-08-30,1.0581,0.0,7.55,100,maynas_persiann_cdr_2012_2023.zip,CDR_20150830z.asc,True,1.0,2015-08-30
2015-08-31,3.7156999999999996,0.0,19.31,100,maynas_persiann_cdr_2012_2023.zip,CDR_20150831z.asc,True,1.0,2015-08-30
2015-09-01,0.7248,0.0,4.01,100,maynas_persiann_cdr_2012_2023.zip,CDR_20150901z.asc,True,0.0,2015-08-30
2015-09-02,0.4999,0.0,3.69,100,maynas_persiann_cdr_2012_2023.zip,CDR_20150902z.asc,True,0.0,2015-08-30
2015-09-03,1.3082,0.0,6.34,100,maynas_persiann_cdr_2012_2023.zip,CDR_20150903z.asc,True,1.0,2015-08-30
2015-09-04,2.0789,0.0,14.87,100,maynas_persiann_cdr_2012_2023.zip,CDR_20150904z.asc,True,1.0,2015-08-30
2015-09-05,9.1243,0.38,29.88,100,maynas_persiann_cdr_2012_2023.zip,CDR_20150905z.asc,True,1.0,2015-08-30
2015-09-06,14.0933,0.37,34.47,100,maynas_persiann_cdr_2012_2023.zip,CDR_20150906z.asc,True,1.0,2015-09-06
2015-09-07,9.8542,0.0,38.68,100,maynas_persiann_cdr_2012_2023.zip,CDR_20150907z.asc,True,1.0,2015-09-06
2015-09-08,2.8646,0.0,14.77,100,maynas_persiann_cdr_2012_2023.zip,CDR_20150908z.asc,True,1.0,2015-09-06
2015-09-09,0.6816,0.0,8.2,100,maynas_persiann_cdr_2012_2023.zip,CDR_20150909z.asc,True,0.0,2015-09-06
2015-09-10,4.7695,0.0,31.25,100,maynas_persiann_cdr_2012_2023.zip,CDR_20150910z.asc,True,1.0,2015-09-06
2015-09-11,0.9138000000000001,0.0,3.47,100,maynas_persiann_cdr_2012_2023.zip,CDR_20150911z.asc,True,0.0,2015-09-06
2015-09-12,0.027999999999999997,0.0,0.82,100,maynas_persiann_cdr_2012_2023.zip,CDR_20150912z.asc,True,0.0,2015-09-06
2015-09-13,0.0046,0.0,0.46,100,maynas_persiann_cdr_2012_2023.zip,CDR_20150913z.asc,True,0.0,2015-09-13
2015-09-14,0.0,0.0,0.0,100,maynas_persiann_cdr_2012_2023.zip,CDR_20150914z.asc,True,0.0,2015-09-13
2015-09-15,4.4999,0.0,14.99,100,maynas_persiann_cdr_2012_2023.zip,CDR_20150915z.asc,True,1.0,2015-09-13
2015-09-16,6.109899999999999,0.0,26.74,100,maynas_persiann_cdr_2012_2023.zip,CDR_20150916z.asc,True,1.0,2015-09-13
2015-09-17,2.3857000000000004,0.0,15.22,100,maynas_persiann_cdr_2012_2023.zip,CDR_20150917z.asc,True,1.0,2015-09-13
2015-09-18,11.177399999999999,1.0,28.76,100,maynas_persiann_cdr_2012_2023.zip,CDR_20150918z.asc,True,1.0,2015-09-13
2015-09-19,23.2881,10.72,38.35,100,maynas_persiann_cdr_2012_2023.zip,CDR_20150919z.asc,True,1.0,2015-09-13
2015-09-20,7.447899999999999,2.06,16.19,100,maynas_persiann_cdr_2012_2023.zip,CDR_20150920z.asc,True,1.0,2015-09-20
2015-09-21,0.31499999999999995,0.0,3.25,100,maynas_persiann_cdr_2012_2023.zip,CDR_20150921z.asc,True,0.0,2015-09-20
2015-09-22,2.5373,0.0,17.64,100,maynas_persiann_cdr_2012_2023.zip,CDR_20150922z.asc,True,1.0,2015-09-20
2015-09-23,7.6763,0.36,23.01,100,maynas_persiann_cdr_2012_2023.zip,CDR_20150923z.asc,True,1.0,2015-09-20
2015-09-24,10.140699999999999,0.59,35.85,100,maynas_persiann_cdr_2012_2023.zip,CDR_20150924z.asc,True,1.0,2015-09-20
2015-09-25,13.8878,0.47,31.82,100,maynas_persiann_cdr_2012_2023.zip,CDR_20150925z.asc,True,1.0,2015-09-20
2015-09-26,9.6636,0.52,27.77,100,maynas_persiann_cdr_2012_2023.zip,CDR_20150926z.asc,True,1.0,2015-09-20
2015-09-27,7.993499999999999,1.37,29.93,100,maynas_persiann_cdr_2012_2023.zip,CDR_20150927z.asc,True,1.0,2015-09-27
2015-09-28,6.8984000000000005,0.46,21.49,100,maynas_persiann_cdr_2012_2023.zip,CDR_20150928z.asc,True,1.0,2015-09-27
2015-09-29,5.3641999999999985,0.0,21.53,100,maynas_persiann_cdr_2012_2023.zip,CDR_20150929z.asc,True,1.0,2015-09-27
2015-09-30,10.0325,0.0,28.04,100,maynas_persiann_cdr_2012_2023.zip,CDR_20150930z.asc,True,1.0,2015-09-27
2015-10-01,10.877899999999997,1.59,24.67,100,maynas_persiann_cdr_2012_2023.zip,CDR_20151001z.asc,True,1.0,2015-09-27
2015-10-02,6.126999999999999,0.45,15.29,100,maynas_persiann_cdr_2012_2023.zip,CDR_20151002z.asc,True,1.0,2015-09-27
2015-10-03,5.3546000000000005,0.0,18.68,100,maynas_persiann_cdr_2012_2023.zip,CDR_20151003z.asc,True,1.0,2015-09-27
2015-10-04,16.7822,4.95,32.74,100,maynas_persiann_cdr_2012_2023.zip,CDR_20151004z.asc,True,1.0,2015-10-04
2015-10-05,7.687800000000001,1.34,25.78,100,maynas_persiann_cdr_2012_2023.zip,CDR_20151005z.asc,True,1.0,2015-10-04
2015-10-06,3.9939999999999998,0.0,17.58,100,maynas_persiann_cdr_2012_2023.zip,CDR_20151006z.asc,True,1.0,2015-10-04
2015-10-07,2.6792999999999996,0.0,11.24,100,maynas_persiann_cdr_2012_2023.zip,CDR_20151007z.asc,True,1.0,2015-10-04
2015-10-08,1.5165,0.0,9.55,100,maynas_persiann_cdr_2012_2023.zip,CDR_20151008z.asc,True,1.0,2015-10-04
2015-10-09,8.297,0.27,27.09,100,maynas_persiann_cdr_2012_2023.zip,CDR_20151009z.asc,True,1.0,2015-10-04
2015-10-10,7.712700000000001,0.83,22.41,100,maynas_persiann_cdr_2012_2023.zip,CDR_20151010z.asc,True,1.0,2015-10-04
2015-10-11,5.8125,0.0,17.3,100,maynas_persiann_cdr_2012_2023.zip,CDR_20151011z.asc,True,1.0,2015-10-11
2015-10-12,3.7388000000000003,0.0,15.82,100,maynas_persiann_cdr_2012_2023.zip,CDR_20151012z.asc,True,1.0,2015-10-11
2015-10-13,16.468999999999998,0.0,51.41,100,maynas_persiann_cdr_2012_2023.zip,CDR_20151013z.asc,True,1.0,2015-10-11
2015-10-14,8.556999999999999,0.36,28.81,100,maynas_persiann_cdr_2012_2023.zip,CDR_20151014z.asc,True,1.0,2015-10-11
2015-10-15,5.046600000000001,0.0,14.2,100,maynas_persiann_cdr_2012_2023.zip,CDR_20151015z.asc,True,1.0,2015-10-11
2015-10-16,11.002100000000002,1.73,30.24,100,maynas_persiann_cdr_2012_2023.zip,CDR_20151016z.asc,True,1.0,2015-10-11
2015-10-17,1.3792999999999997,0.0,8.65,100,maynas_persiann_cdr_2012_2023.zip,CDR_20151017z.asc,True,1.0,2015-10-11
2015-10-18,9.2963,0.94,20.15,100,maynas_persiann_cdr_2012_2023.zip,CDR_20151018z.asc,True,1.0,2015-10-18
2015-10-19,0.36840000000000006,0.0,2.69,100,maynas_persiann_cdr_2012_2023.zip,CDR_20151019z.asc,True,0.0,2015-10-18
2015-10-20,0.7572999999999999,0.0,6.98,100,maynas_persiann_cdr_2012_2023.zip,CDR_20151020z.asc,True,0.0,2015-10-18
2015-10-21,2.4829000000000003,0.0,12.9,100,maynas_persiann_cdr_2012_2023.zip,CDR_20151021z.asc,True,1.0,2015-10-18
2015-10-22,3.7344999999999997,0.0,15.38,100,maynas_persiann_cdr_2012_2023.zip,CDR_20151022z.asc,True,1.0,2015-10-18
2015-10-23,6.964600000000001,1.22,19.91,100,maynas_persiann_cdr_2012_2023.zip,CDR_20151023z.asc,True,1.0,2015-10-18
2015-10-24,8.816,0.59,19.03,100,maynas_persiann_cdr_2012_2023.zip,CDR_20151024z.asc,True,1.0,2015-10-18
2015-10-25,9.1368,1.7,22.11,100,maynas_persiann_cdr_2012_2023.zip,CDR_20151025z.asc,True,1.0,2015-10-25
2015-10-26,9.6532,2.0,20.57,100,maynas_persiann_cdr_2012_2023.zip,CDR_20151026z.asc,True,1.0,2015-10-25
2015-10-27,2.5479,0.0,12.59,100,maynas_persiann_cdr_2012_2023.zip,CDR_20151027z.asc,True,1.0,2015-10-25
2015-10-28,5.6320000000000014,0.0,18.38,100,maynas_persiann_cdr_2012_2023.zip,CDR_20151028z.asc,True,1.0,2015-10-25
2015-10-29,1.1051,0.0,5.46,100,maynas_persiann_cdr_2012_2023.zip,CDR_20151029z.asc,True,1.0,2015-10-25
2015-10-30,3.7988,0.0,13.29,100,maynas_persiann_cdr_2012_2023.zip,CDR_20151030z.asc,True,1.0,2015-10-25
2015-10-31,8.105300000000002,1.05,28.53,100,maynas_persiann_cdr_2012_2023.zip,CDR_20151031z.asc,True,1.0,2015-10-25
2015-11-01,13.371099999999998,2.09,33.83,100,maynas_persiann_cdr_2012_2023.zip,CDR_20151101z.asc,True,1.0,2015-11-01
2015-11-02,9.1018,0.0,32.87,100,maynas_persiann_cdr_2012_2023.zip,CDR_20151102z.asc,True,1.0,2015-11-01
2015-11-03,6.5022,0.0,22.61,100,maynas_persiann_cdr_2012_2023.zip,CDR_20151103z.asc,True,1.0,2015-11-01
2015-11-04,10.546599999999998,0.0,30.36,100,maynas_persiann_cdr_2012_2023.zip,CDR_20151104z.asc,True,1.0,2015-11-01
2015-11-05,18.3573,7.74,40.86,100,maynas_persiann_cdr_2012_2023.zip,CDR_20151105z.asc,True,1.0,2015-11-01
2015-11-06,4.147199999999999,0.0,23.62,100,maynas_persiann_cdr_2012_2023.zip,CDR_20151106z.asc,True,1.0,2015-11-01
2015-11-07,10.3992,0.0,34.01,100,maynas_persiann_cdr_2012_2023.zip,CDR_20151107z.asc,True,1.0,2015-11-01
2015-11-08,17.8886,3.67,42.39,100,maynas_persiann_cdr_2012_2023.zip,CDR_20151108z.asc,True,1.0,2015-11-08
2015-11-09,3.1656,0.0,13.76,100,maynas_persiann_cdr_2012_2023.zip,CDR_20151109z.asc,True,1.0,2015-11-08
2015-11-10,10.731700000000004,2.73,34.23,100,maynas_persiann_cdr_2012_2023.zip,CDR_20151110z.asc,True,1.0,2015-11-08
2015-11-11,12.400600000000003,4.08,30.79,100,maynas_persiann_cdr_2012_2023.zip,CDR_20151111z.asc,True,1.0,2015-11-08
2015-11-12,4.404299999999999,0.0,21.08,100,maynas_persiann_cdr_2012_2023.zip,CDR_20151112z.asc,True,1.0,2015-11-08
2015-11-13,5.776199999999999,0.0,23.12,100,maynas_persiann_cdr_2012_2023.zip,CDR_20151113z.asc,True,1.0,2015-11-08
2015-11-14,8.6377,0.0,37.32,100,maynas_persiann_cdr_2012_2023.zip,CDR_20151114z.asc,True,1.0,2015-11-08
2015-11-15,11.0403,1.82,31.9,100,maynas_persiann_cdr_2012_2023.zip,CDR_20151115z.asc,True,1.0,2015-11-15
2015-11-16,7.243699999999999,0.0,31.95,100,maynas_persiann_cdr_2012_2023.zip,CDR_20151116z.asc,True,1.0,2015-11-15
2015-11-17,7.97,1.69,22.21,100,maynas_persiann_cdr_2012_2023.zip,CDR_20151117z.asc,True,1.0,2015-11-15
2015-11-18,0.5518,0.0,3.27,100,maynas_persiann_cdr_2012_2023.zip,CDR_20151118z.asc,True,0.0,2015-11-15
2015-11-19,0.0040999999999999995,0.0,0.41,100,maynas_persiann_cdr_2012_2023.zip,CDR_20151119z.asc,True,0.0,2015-11-15
2015-11-20,0.0,0.0,0.0,100,maynas_persiann_cdr_2012_2023.zip,CDR_20151120z.asc,True,0.0,2015-11-15
2015-11-21,10.255999999999998,0.0,28.66,100,maynas_persiann_cdr_2012_2023.zip,CDR_20151121z.asc,True,1.0,2015-11-15
2015-11-22,14.933799999999996,4.46,42.12,100,maynas_persiann_cdr_2012_2023.zip,CDR_20151122z.asc,True,1.0,2015-11-22
2015-11-23,6.691599999999999,0.98,18.69,100,maynas_persiann_cdr_2012_2023.zip,CDR_20151123z.asc,True,1.0,2015-11-22
2015-11-24,1.101,0.0,5.17,100,maynas_persiann_cdr_2012_2023.zip,CDR_20151124z.asc,True,1.0,2015-11-22
2015-11-25,3.738000000000001,0.0,11.59,100,maynas_persiann_cdr_2012_2023.zip,CDR_20151125z.asc,True,1.0,2015-11-22
2015-11-26,2.5438,0.0,14.26,100,maynas_persiann_cdr_2012_2023.zip,CDR_20151126z.asc,True,1.0,2015-11-22
2015-11-27,13.369000000000002,5.01,40.58,100,maynas_persiann_cdr_2012_2023.zip,CDR_20151127z.asc,True,1.0,2015-11-22
2015-11-28,1.1801,0.0,9.07,100,maynas_persiann_cdr_2012_2023.zip,CDR_20151128z.asc,True,1.0,2015-11-22
2015-11-29,8.077900000000001,1.09,25.87,100,maynas_persiann_cdr_2012_2023.zip,CDR_20151129z.asc,True,1.0,2015-11-29
2015-11-30,16.1274,3.09,39.89,100,maynas_persiann_cdr_2012_2023.zip,CDR_20151130z.asc,True,1.0,2015-11-29
2015-12-01,82.25320000000002,24.59,146.86,100,maynas_persiann_cdr_2012_2023.zip,CDR_20151201z.asc,True,1.0,2015-11-29
2015-12-02,0.9555,0.0,3.6,100,maynas_persiann_cdr_2012_2023.zip,CDR_20151202z.asc,True,0.0,2015-11-29
2015-12-03,0.0124,0.0,1.24,100,maynas_persiann_cdr_2012_2023.zip,CDR_20151203z.asc,True,0.0,2015-11-29
2015-12-04,3.5479000000000003,0.0,32.7,100,maynas_persiann_cdr_2012_2023.zip,CDR_20151204z.asc,True,1.0,2015-11-29
2015-12-05,2.3430999999999997,0.0,12.35,100,maynas_persiann_cdr_2012_2023.zip,CDR_20151205z.asc,True,1.0,2015-11-29
2015-12-06,8.702800000000002,0.0,35.35,100,maynas_persiann_cdr_2012_2023.zip,CDR_20151206z.asc,True,1.0,2015-12-06
2015-12-07,8.8747,0.0,46.89,100,maynas_persiann_cdr_2012_2023.zip,CDR_20151207z.asc,True,1.0,2015-12-06
2015-12-08,5.2703999999999995,0.0,20.63,100,maynas_persiann_cdr_2012_2023.zip,CDR_20151208z.asc,True,1.0,2015-12-06
2015-12-09,16.016400000000004,0.0,40.17,100,maynas_persiann_cdr_2012_2023.zip,CDR_20151209z.asc,True,1.0,2015-12-06
2015-12-10,14.2337,0.0,63.93,100,maynas_persiann_cdr_2012_2023.zip,CDR_20151210z.asc,True,1.0,2015-12-06
2015-12-11,1.5063000000000002,0.0,11.22,100,maynas_persiann_cdr_2012_2023.zip,CDR_20151211z.asc,True,1.0,2015-12-06
2015-12-12,1.8215000000000001,0.0,21.12,100,maynas_persiann_cdr_2012_2023.zip,CDR_20151212z.asc,True,1.0,2015-12-06
2015-12-13,2.0503,0.0,28.47,100,maynas_persiann_cdr_2012_2023.zip,CDR_20151213z.asc,True,1.0,2015-12-13
2015-12-14,12.8603,0.0,52.61,100,maynas_persiann_cdr_2012_2023.zip,CDR_20151214z.asc,True,1.0,2015-12-13
2015-12-15,51.91199999999999,18.42,162.47,100,maynas_persiann_cdr_2012_2023.zip,CDR_20151215z.asc,True,1.0,2015-12-13
2015-12-16,9.547400000000001,0.0,43.01,100,maynas_persiann_cdr_2012_2023.zip,CDR_20151216z.asc,True,1.0,2015-12-13
2015-12-17,7.937,0.0,26.81,100,maynas_persiann_cdr_2012_2023.zip,CDR_20151217z.asc,True,1.0,2015-12-13
2015-12-18,2.9516999999999998,0.0,12.96,100,maynas_persiann_cdr_2012_2023.zip,CDR_20151218z.asc,True,1.0,2015-12-13
2015-12-19,1.5145,0.0,14.85,100,maynas_persiann_cdr_2012_2023.zip,CDR_20151219z.asc,True,1.0,2015-12-13
2015-12-20,12.2399,0.0,45.3,100,maynas_persiann_cdr_2012_2023.zip,CDR_20151220z.asc,True,1.0,2015-12-20
2015-12-21,2.7457000000000007,0.0,18.76,100,maynas_persiann_cdr_2012_2023.zip,CDR_20151221z.asc,True,1.0,2015-12-20
2015-12-22,5.806,0.0,40.92,100,maynas_persiann_cdr_2012_2023.zip,CDR_20151222z.asc,True,1.0,2015-12-20
2015-12-23,4.6577,0.0,17.46,100,maynas_persiann_cdr_2012_2023.zip,CDR_20151223z.asc,True,1.0,2015-12-20
2015-12-24,0.6575,0.0,5.74,100,maynas_persiann_cdr_2012_2023.zip,CDR_20151224z.asc,True,0.0,2015-12-20
2015-12-25,3.4267000000000003,0.0,16.14,100,maynas_persiann_cdr_2012_2023.zip,CDR_20151225z.asc,True,1.0,2015-12-20
2015-12-26,0.0458,0.0,1.32,100,maynas_persiann_cdr_2012_2023.zip,CDR_20151226z.asc,True,0.0,2015-12-20
2015-12-27,0.0331,0.0,1.16,100,maynas_persiann_cdr_2012_2023.zip,CDR_20151227z.asc,True,0.0,2015-12-27
2015-12-28,0.0225,0.0,2.25,100,maynas_persiann_cdr_2012_2023.zip,CDR_20151228z.asc,True,0.0,2015-12-27
2015-12-29,0.1072,0.0,2.68,100,maynas_persiann_cdr_2012_2023.zip,CDR_20151229z.asc,True,0.0,2015-12-27
2015-12-30,2.9999999999999996,0.0,17.64,100,maynas_persiann_cdr_2012_2023.zip,CDR_20151230z.asc,True,1.0,2015-12-27
2015-12-31,6.824699999999999,0.0,29.55,100,maynas_persiann_cdr_2012_2023.zip,CDR_20151231z.asc,True,1.0,2015-12-27
2016-01-01,1.2789000000000001,0.0,7.09,100,maynas_persiann_cdr_2012_2023.zip,CDR_20160101z.asc,True,1.0,2015-12-27
2016-01-02,0.3949,0.0,2.86,100,maynas_persiann_cdr_2012_2023.zip,CDR_20160102z.asc,True,0.0,2015-12-27
2016-01-03,0.07419999999999999,0.0,1.09,100,maynas_persiann_cdr_2012_2023.zip,CDR_20160103z.asc,True,0.0,2016-01-03
2016-01-04,0.4535,0.0,6.09,100,maynas_persiann_cdr_2012_2023.zip,CDR_20160104z.asc,True,0.0,2016-01-03
2016-01-05,4.681900000000001,0.0,17.71,100,maynas_persiann_cdr_2012_2023.zip,CDR_20160105z.asc,True,1.0,2016-01-03
2016-01-06,11.906800000000002,0.0,39.81,100,maynas_persiann_cdr_2012_2023.zip,CDR_20160106z.asc,True,1.0,2016-01-03
2016-01-07,2.8371999999999997,0.0,13.67,100,maynas_persiann_cdr_2012_2023.zip,CDR_20160107z.asc,True,1.0,2016-01-03
2016-01-08,2.9939999999999998,0.0,10.1,100,maynas_persiann_cdr_2012_2023.zip,CDR_20160108z.asc,True,1.0,2016-01-03
2016-01-09,2.0742000000000003,0.0,12.35,100,maynas_persiann_cdr_2012_2023.zip,CDR_20160109z.asc,True,1.0,2016-01-03
2016-01-10,0.7291,0.0,14.2,100,maynas_persiann_cdr_2012_2023.zip,CDR_20160110z.asc,True,0.0,2016-01-10
2016-01-11,1.5949000000000004,0.0,8.06,100,maynas_persiann_cdr_2012_2023.zip,CDR_20160111z.asc,True,1.0,2016-01-10
2016-01-12,4.2062,1.3,14.56,100,maynas_persiann_cdr_2012_2023.zip,CDR_20160112z.asc,True,1.0,2016-01-10
2016-01-13,9.216199999999999,0.0,32.92,100,maynas_persiann_cdr_2012_2023.zip,CDR_20160113z.asc,True,1.0,2016-01-10
2016-01-14,3.1645000000000003,0.0,17.17,100,maynas_persiann_cdr_2012_2023.zip,CDR_20160114z.asc,True,1.0,2016-01-10
2016-01-15,0.4709,0.0,7.59,100,maynas_persiann_cdr_2012_2023.zip,CDR_20160115z.asc,True,0.0,2016-01-10
2016-01-16,4.0388,0.0,18.75,100,maynas_persiann_cdr_2012_2023.zip,CDR_20160116z.asc,True,1.0,2016-01-10
2016-01-17,6.066,0.0,20.31,100,maynas_persiann_cdr_2012_2023.zip,CDR_20160117z.asc,True,1.0,2016-01-17
2016-01-18,8.030800000000001,0.0,27.28,100,maynas_persiann_cdr_2012_2023.zip,CDR_20160118z.asc,True,1.0,2016-01-17
2016-01-19,12.8466,1.0,39.14,100,maynas_persiann_cdr_2012_2023.zip,CDR_20160119z.asc,True,1.0,2016-01-17
2016-01-20,3.7977999999999996,0.29,16.46,100,maynas_persiann_cdr_2012_2023.zip,CDR_20160120z.asc,True,1.0,2016-01-17
2016-01-21,2.821499999999999,0.0,14.08,100,maynas_persiann_cdr_2012_2023.zip,CDR_20160121z.asc,True,1.0,2016-01-17
2016-01-22,2.9396000000000004,0.0,11.82,100,maynas_persiann_cdr_2012_2023.zip,CDR_20160122z.asc,True,1.0,2016-01-17
2016-01-23,6.074300000000001,0.0,17.71,100,maynas_persiann_cdr_2012_2023.zip,CDR_20160123z.asc,True,1.0,2016-01-17
2016-01-24,1.8186000000000002,0.0,10.89,100,maynas_persiann_cdr_2012_2023.zip,CDR_20160124z.asc,True,1.0,2016-01-24
2016-01-25,3.1184000000000003,0.0,22.77,100,maynas_persiann_cdr_2012_2023.zip,CDR_20160125z.asc,True,1.0,2016-01-24
2016-01-26,1.7369000000000003,0.0,13.37,100,maynas_persiann_cdr_2012_2023.zip,CDR_20160126z.asc,True,1.0,2016-01-24
2016-01-27,0.8219999999999998,0.0,8.53,100,maynas_persiann_cdr_2012_2023.zip,CDR_20160127z.asc,True,0.0,2016-01-24
2016-01-28,1.2558,0.0,7.35,100,maynas_persiann_cdr_2012_2023.zip,CDR_20160128z.asc,True,1.0,2016-01-24
2016-01-29,4.7421999999999995,0.42,13.17,100,maynas_persiann_cdr_2012_2023.zip,CDR_20160129z.asc,True,1.0,2016-01-24
2016-01-30,7.873500000000002,0.0,21.27,100,maynas_persiann_cdr_2012_2023.zip,CDR_20160130z.asc,True,1.0,2016-01-24
2016-01-31,5.8656999999999995,0.0,16.01,100,maynas_persiann_cdr_2012_2023.zip,CDR_20160131z.asc,True,1.0,2016-01-31
2016-02-01,8.6729,0.0,32.12,100,maynas_persiann_cdr_2012_2023.zip,CDR_20160201z.asc,True,1.0,2016-01-31
2016-02-02,12.881799999999998,1.08,31.07,100,maynas_persiann_cdr_2012_2023.zip,CDR_20160202z.asc,True,1.0,2016-01-31
2016-02-03,1.0273999999999999,0.0,9.96,100,maynas_persiann_cdr_2012_2023.zip,CDR_20160203z.asc,True,1.0,2016-01-31
2016-02-04,5.495,0.0,23.33,100,maynas_persiann_cdr_2012_2023.zip,CDR_20160204z.asc,True,1.0,2016-01-31
2016-02-05,17.960500000000003,2.58,46.32,100,maynas_persiann_cdr_2012_2023.zip,CDR_20160205z.asc,True,1.0,2016-01-31
2016-02-06,27.3818,1.36,62.74,100,maynas_persiann_cdr_2012_2023.zip,CDR_20160206z.asc,True,1.0,2016-01-31
2016-02-07,17.037,0.0,45.26,100,maynas_persiann_cdr_2012_2023.zip,CDR_20160207z.asc,True,1.0,2016-02-07
2016-02-08,3.177799999999999,0.0,17.74,100,maynas_persiann_cdr_2012_2023.zip,CDR_20160208z.asc,True,1.0,2016-02-07
2016-02-09,19.2787,0.7,41.0,100,maynas_persiann_cdr_2012_2023.zip,CDR_20160209z.asc,True,1.0,2016-02-07
2016-02-10,10.565900000000001,1.5,30.35,100,maynas_persiann_cdr_2012_2023.zip,CDR_20160210z.asc,True,1.0,2016-02-07
2016-02-11,22.675599999999996,4.06,47.73,100,maynas_persiann_cdr_2012_2023.zip,CDR_20160211z.asc,True,1.0,2016-02-07
2016-02-12,17.998,0.0,36.44,100,maynas_persiann_cdr_2012_2023.zip,CDR_20160212z.asc,True,1.0,2016-02-07
2016-02-13,2.5891,0.0,14.03,100,maynas_persiann_cdr_2012_2023.zip,CDR_20160213z.asc,True,1.0,2016-02-07
2016-02-14,0.5771000000000001,0.0,3.37,100,maynas_persiann_cdr_2012_2023.zip,CDR_20160214z.asc,True,0.0,2016-02-14
2016-02-15,0.9653,0.0,9.99,100,maynas_persiann_cdr_2012_2023.zip,CDR_20160215z.asc,True,0.0,2016-02-14
2016-02-16,13.758299999999998,2.01,47.91,100,maynas_persiann_cdr_2012_2023.zip,CDR_20160216z.asc,True,1.0,2016-02-14
2016-02-17,7.614700000000002,0.94,26.5,100,maynas_persiann_cdr_2012_2023.zip,CDR_20160217z.asc,True,1.0,2016-02-14
2016-02-18,15.774699999999998,0.95,32.78,100,maynas_persiann_cdr_2012_2023.zip,CDR_20160218z.asc,True,1.0,2016-02-14
2016-02-19,18.4866,2.31,44.11,100,maynas_persiann_cdr_2012_2023.zip,CDR_20160219z.asc,True,1.0,2016-02-14
2016-02-20,6.1327,0.0,28.83,100,maynas_persiann_cdr_2012_2023.zip,CDR_20160220z.asc,True,1.0,2016-02-14
2016-02-21,2.6701000000000006,0.0,12.45,100,maynas_persiann_cdr_2012_2023.zip,CDR_20160221z.asc,True,1.0,2016-02-21
2016-02-22,5.530999999999999,0.0,18.8,100,maynas_persiann_cdr_2012_2023.zip,CDR_20160222z.asc,True,1.0,2016-02-21
2016-02-23,12.218299999999997,2.54,32.96,100,maynas_persiann_cdr_2012_2023.zip,CDR_20160223z.asc,True,1.0,2016-02-21
2016-02-24,43.907399999999996,15.08,67.17,100,maynas_persiann_cdr_2012_2023.zip,CDR_20160224z.asc,True,1.0,2016-02-21
2016-02-25,7.1433,1.11,20.07,100,maynas_persiann_cdr_2012_2023.zip,CDR_20160225z.asc,True,1.0,2016-02-21
2016-02-26,5.3968,0.0,24.84,100,maynas_persiann_cdr_2012_2023.zip,CDR_20160226z.asc,True,1.0,2016-02-21
2016-02-27,1.9407999999999999,0.0,16.3,100,maynas_persiann_cdr_2012_2023.zip,CDR_20160227z.asc,True,1.0,2016-02-21
2016-02-28,27.005100000000002,5.32,51.88,100,maynas_persiann_cdr_2012_2023.zip,CDR_20160228z.asc,True,1.0,2016-02-28
2016-02-29,40.8694,5.63,71.65,100,maynas_persiann_cdr_2012_2023.zip,CDR_20160229z.asc,True,1.0,2016-02-28
2016-03-01,8.517500000000002,2.01,17.69,100,maynas_persiann_cdr_2012_2023.zip,CDR_20160301z.asc,True,1.0,2016-02-28
2016-03-02,12.487800000000002,1.09,38.04,100,maynas_persiann_cdr_2012_2023.zip,CDR_20160302z.asc,True,1.0,2016-02-28
2016-03-03,14.960400000000002,1.11,44.57,100,maynas_persiann_cdr_2012_2023.zip,CDR_20160303z.asc,True,1.0,2016-02-28
2016-03-04,8.953,0.43,35.46,100,maynas_persiann_cdr_2012_2023.zip,CDR_20160304z.asc,True,1.0,2016-02-28
2016-03-05,1.8465,0.0,6.82,100,maynas_persiann_cdr_2012_2023.zip,CDR_20160305z.asc,True,1.0,2016-02-28
2016-03-06,8.5316,1.68,22.57,100,maynas_persiann_cdr_2012_2023.zip,CDR_20160306z.asc,True,1.0,2016-03-06
2016-03-07,36.352199999999996,18.15,60.68,100,maynas_persiann_cdr_2012_2023.zip,CDR_20160307z.asc,True,1.0,2016-03-06
2016-03-08,22.9087,1.32,53.51,100,maynas_persiann_cdr_2012_2023.zip,CDR_20160308z.asc,True,1.0,2016-03-06
2016-03-09,3.8022000000000005,0.0,19.75,100,maynas_persiann_cdr_2012_2023.zip,CDR_20160309z.asc,True,1.0,2016-03-06
2016-03-10,7.678200000000001,2.33,25.91,100,maynas_persiann_cdr_2012_2023.zip,CDR_20160310z.asc,True,1.0,2016-03-06
2016-03-11,7.300599999999999,0.57,21.47,100,maynas_persiann_cdr_2012_2023.zip,CDR_20160311z.asc,True,1.0,2016-03-06
2016-03-12,9.865099999999998,0.0,20.57,100,maynas_persiann_cdr_2012_2023.zip,CDR_20160312z.asc,True,1.0,2016-03-06
2016-03-13,10.513399999999999,0.0,64.65,100,maynas_persiann_cdr_2012_2023.zip,CDR_20160313z.asc,True,1.0,2016-03-13
2016-03-14,33.2242,13.92,57.08,100,maynas_persiann_cdr_2012_2023.zip,CDR_20160314z.asc,True,1.0,2016-03-13
2016-03-15,1.8389999999999997,0.0,8.91,100,maynas_persiann_cdr_2012_2023.zip,CDR_20160315z.asc,True,1.0,2016-03-13
2016-03-16,3.5122000000000004,0.0,19.01,100,maynas_persiann_cdr_2012_2023.zip,CDR_20160316z.asc,True,1.0,2016-03-13
2016-03-17,11.439,0.58,29.77,100,maynas_persiann_cdr_2012_2023.zip,CDR_20160317z.asc,True,1.0,2016-03-13
2016-03-18,23.772899999999996,12.37,48.43,100,maynas_persiann_cdr_2012_2023.zip,CDR_20160318z.asc,True,1.0,2016-03-13
2016-03-19,21.968700000000002,5.77,55.94,100,maynas_persiann_cdr_2012_2023.zip,CDR_20160319z.asc,True,1.0,2016-03-13
2016-03-20,11.983399999999996,0.95,33.95,100,maynas_persiann_cdr_2012_2023.zip,CDR_20160320z.asc,True,1.0,2016-03-20
2016-03-21,8.556299999999998,1.94,22.67,100,maynas_persiann_cdr_2012_2023.zip,CDR_20160321z.asc,True,1.0,2016-03-20
2016-03-22,6.555600000000001,0.0,30.4,100,maynas_persiann_cdr_2012_2023.zip,CDR_20160322z.asc,True,1.0,2016-03-20
2016-03-23,0.3016,0.0,2.59,100,maynas_persiann_cdr_2012_2023.zip,CDR_20160323z.asc,True,0.0,2016-03-20
2016-03-24,0.7662,0.0,11.01,100,maynas_persiann_cdr_2012_2023.zip,CDR_20160324z.asc,True,0.0,2016-03-20
2016-03-25,2.8882999999999996,0.0,22.77,100,maynas_persiann_cdr_2012_2023.zip,CDR_20160325z.asc,True,1.0,2016-03-20
2016-03-26,3.2786999999999993,0.0,24.76,100,maynas_persiann_cdr_2012_2023.zip,CDR_20160326z.asc,True,1.0,2016-03-20
2016-03-27,29.8172,3.93,50.34,100,maynas_persiann_cdr_2012_2023.zip,CDR_20160327z.asc,True,1.0,2016-03-27
2016-03-28,1.8599,0.0,7.32,100,maynas_persiann_cdr_2012_2023.zip,CDR_20160328z.asc,True,1.0,2016-03-27
2016-03-29,4.1599,0.0,20.8,100,maynas_persiann_cdr_2012_2023.zip,CDR_20160329z.asc,True,1.0,2016-03-27
2016-03-30,16.143900000000002,3.37,39.23,100,maynas_persiann_cdr_2012_2023.zip,CDR_20160330z.asc,True,1.0,2016-03-27
2016-03-31,16.902699999999996,3.77,47.46,100,maynas_persiann_cdr_2012_2023.zip,CDR_20160331z.asc,True,1.0,2016-03-27
2016-04-01,23.879499999999993,6.22,56.92,100,maynas_persiann_cdr_2012_2023.zip,CDR_20160401z.asc,True,1.0,2016-03-27
2016-04-02,7.9708000000000006,1.38,23.95,100,maynas_persiann_cdr_2012_2023.zip,CDR_20160402z.asc,True,1.0,2016-03-27
2016-04-03,3.6245999999999996,0.0,26.47,100,maynas_persiann_cdr_2012_2023.zip,CDR_20160403z.asc,True,1.0,2016-04-03
2016-04-04,8.690599999999998,0.8,20.34,100,maynas_persiann_cdr_2012_2023.zip,CDR_20160404z.asc,True,1.0,2016-04-03
2016-04-05,6.642899999999998,1.64,15.91,100,maynas_persiann_cdr_2012_2023.zip,CDR_20160405z.asc,True,1.0,2016-04-03
2016-04-06,5.1323,0.0,20.69,100,maynas_persiann_cdr_2012_2023.zip,CDR_20160406z.asc,True,1.0,2016-04-03
2016-04-07,17.202800000000003,4.25,37.31,100,maynas_persiann_cdr_2012_2023.zip,CDR_20160407z.asc,True,1.0,2016-04-03
2016-04-08,9.775400000000001,1.02,36.42,100,maynas_persiann_cdr_2012_2023.zip,CDR_20160408z.asc,True,1.0,2016-04-03
2016-04-09,24.068300000000004,1.45,56.95,100,maynas_persiann_cdr_2012_2023.zip,CDR_20160409z.asc,True,1.0,2016-04-03
2016-04-10,1.2911,0.0,10.86,100,maynas_persiann_cdr_2012_2023.zip,CDR_20160410z.asc,True,1.0,2016-04-10
2016-04-11,2.7194,0.0,11.78,100,maynas_persiann_cdr_2012_2023.zip,CDR_20160411z.asc,True,1.0,2016-04-10
2016-04-12,9.5467,0.0,27.91,100,maynas_persiann_cdr_2012_2023.zip,CDR_20160412z.asc,True,1.0,2016-04-10
2016-04-13,18.9754,7.15,38.08,100,maynas_persiann_cdr_2012_2023.zip,CDR_20160413z.asc,True,1.0,2016-04-10
2016-04-14,7.719499999999999,0.0,22.59,100,maynas_persiann_cdr_2012_2023.zip,CDR_20160414z.asc,True,1.0,2016-04-10
2016-04-15,16.9334,2.05,40.2,100,maynas_persiann_cdr_2012_2023.zip,CDR_20160415z.asc,True,1.0,2016-04-10
2016-04-16,17.6648,3.34,53.4,100,maynas_persiann_cdr_2012_2023.zip,CDR_20160416z.asc,True,1.0,2016-04-10
2016-04-17,26.198300000000003,4.89,52.9,100,maynas_persiann_cdr_2012_2023.zip,CDR_20160417z.asc,True,1.0,2016-04-17
2016-04-18,3.389,0.0,9.75,100,maynas_persiann_cdr_2012_2023.zip,CDR_20160418z.asc,True,1.0,2016-04-17
2016-04-19,4.121199999999999,0.0,20.24,100,maynas_persiann_cdr_2012_2023.zip,CDR_20160419z.asc,True,1.0,2016-04-17
2016-04-20,5.506300000000001,0.0,24.28,100,maynas_persiann_cdr_2012_2023.zip,CDR_20160420z.asc,True,1.0,2016-04-17
2016-04-21,17.830599999999997,3.6,33.18,100,maynas_persiann_cdr_2012_2023.zip,CDR_20160421z.asc,True,1.0,2016-04-17
2016-04-22,5.6677,0.0,23.63,100,maynas_persiann_cdr_2012_2023.zip,CDR_20160422z.asc,True,1.0,2016-04-17
2016-04-23,10.325200000000002,0.0,34.96,100,maynas_persiann_cdr_2012_2023.zip,CDR_20160423z.asc,True,1.0,2016-04-17
2016-04-24,1.7379,0.0,5.55,100,maynas_persiann_cdr_2012_2023.zip,CDR_20160424z.asc,True,1.0,2016-04-24
2016-04-25,0.32300000000000006,0.0,2.2,100,maynas_persiann_cdr_2012_2023.zip,CDR_20160425z.asc,True,0.0,2016-04-24
2016-04-26,2.0092,0.0,11.75,100,maynas_persiann_cdr_2012_2023.zip,CDR_20160426z.asc,True,1.0,2016-04-24
2016-04-27,14.653699999999999,1.63,50.47,100,maynas_persiann_cdr_2012_2023.zip,CDR_20160427z.asc,True,1.0,2016-04-24
2016-04-28,25.718300000000003,11.57,43.84,100,maynas_persiann_cdr_2012_2023.zip,CDR_20160428z.asc,True,1.0,2016-04-24
2016-04-29,0.349,0.0,1.7,100,maynas_persiann_cdr_2012_2023.zip,CDR_20160429z.asc,True,0.0,2016-04-24
2016-04-30,0.03359999999999999,0.0,0.79,100,maynas_persiann_cdr_2012_2023.zip,CDR_20160430z.asc,True,0.0,2016-04-24
2016-05-01,0.0,0.0,0.0,100,maynas_persiann_cdr_2012_2023.zip,CDR_20160501z.asc,True,0.0,2016-05-01
2016-05-02,0.0727,0.0,4.21,100,maynas_persiann_cdr_2012_2023.zip,CDR_20160502z.asc,True,0.0,2016-05-01
2016-05-03,0.7687,0.0,7.21,100,maynas_persiann_cdr_2012_2023.zip,CDR_20160503z.asc,True,0.0,2016-05-01
2016-05-04,6.0311,0.0,32.7,100,maynas_persiann_cdr_2012_2023.zip,CDR_20160504z.asc,True,1.0,2016-05-01
2016-05-05,1.8284,0.0,26.47,100,maynas_persiann_cdr_2012_2023.zip,CDR_20160505z.asc,True,1.0,2016-05-01
2016-05-06,4.7577,0.0,29.21,100,maynas_persiann_cdr_2012_2023.zip,CDR_20160506z.asc,True,1.0,2016-05-01
2016-05-07,8.357099999999997,0.0,27.88,100,maynas_persiann_cdr_2012_2023.zip,CDR_20160507z.asc,True,1.0,2016-05-01
2016-05-08,13.7296,0.0,64.04,100,maynas_persiann_cdr_2012_2023.zip,CDR_20160508z.asc,True,1.0,2016-05-08
2016-05-09,24.726300000000002,3.0,69.15,100,maynas_persiann_cdr_2012_2023.zip,CDR_20160509z.asc,True,1.0,2016-05-08
2016-05-10,30.803,3.7,94.66,100,maynas_persiann_cdr_2012_2023.zip,CDR_20160510z.asc,True,1.0,2016-05-08
2016-05-11,3.4763,0.0,23.48,100,maynas_persiann_cdr_2012_2023.zip,CDR_20160511z.asc,True,1.0,2016-05-08
2016-05-12,6.762699999999999,0.0,35.65,100,maynas_persiann_cdr_2012_2023.zip,CDR_20160512z.asc,True,1.0,2016-05-08
2016-05-13,1.5695,0.0,11.67,100,maynas_persiann_cdr_2012_2023.zip,CDR_20160513z.asc,True,1.0,2016-05-08
2016-05-14,33.57160000000001,11.27,73.47,100,maynas_persiann_cdr_2012_2023.zip,CDR_20160514z.asc,True,1.0,2016-05-08
2016-05-15,4.2472,0.0,14.5,100,maynas_persiann_cdr_2012_2023.zip,CDR_20160515z.asc,True,1.0,2016-05-15
2016-05-16,3.5848,0.0,16.55,100,maynas_persiann_cdr_2012_2023.zip,CDR_20160516z.asc,True,1.0,2016-05-15
2016-05-17,1.7141,0.0,18.52,100,maynas_persiann_cdr_2012_2023.zip,CDR_20160517z.asc,True,1.0,2016-05-15
2016-05-18,8.2443,0.0,30.61,100,maynas_persiann_cdr_2012_2023.zip,CDR_20160518z.asc,True,1.0,2016-05-15
2016-05-19,12.587400000000002,0.0,39.29,100,maynas_persiann_cdr_2012_2023.zip,CDR_20160519z.asc,True,1.0,2016-05-15
2016-05-20,2.2851000000000004,0.0,14.58,100,maynas_persiann_cdr_2012_2023.zip,CDR_20160520z.asc,True,1.0,2016-05-15
2016-05-21,4.402200000000001,0.0,22.03,100,maynas_persiann_cdr_2012_2023.zip,CDR_20160521z.asc,True,1.0,2016-05-15
2016-05-22,18.8617,1.99,51.8,100,maynas_persiann_cdr_2012_2023.zip,CDR_20160522z.asc,True,1.0,2016-05-22
2016-05-23,10.0662,0.0,44.31,100,maynas_persiann_cdr_2012_2023.zip,CDR_20160523z.asc,True,1.0,2016-05-22
2016-05-24,20.757399999999993,1.4,51.82,100,maynas_persiann_cdr_2012_2023.zip,CDR_20160524z.asc,True,1.0,2016-05-22
2016-05-25,4.6822,0.0,29.34,100,maynas_persiann_cdr_2012_2023.zip,CDR_20160525z.asc,True,1.0,2016-05-22
2016-05-26,0.12240000000000001,0.0,3.38,100,maynas_persiann_cdr_2012_2023.zip,CDR_20160526z.asc,True,0.0,2016-05-22
2016-05-27,0.8134999999999999,0.0,9.76,100,maynas_persiann_cdr_2012_2023.zip,CDR_20160527z.asc,True,0.0,2016-05-22
2016-05-28,2.0609,0.0,17.26,100,maynas_persiann_cdr_2012_2023.zip,CDR_20160528z.asc,True,1.0,2016-05-22
2016-05-29,21.7156,3.01,68.0,100,maynas_persiann_cdr_2012_2023.zip,CDR_20160529z.asc,True,1.0,2016-05-29
2016-05-30,3.1182000000000003,0.0,22.49,100,maynas_persiann_cdr_2012_2023.zip,CDR_20160530z.asc,True,1.0,2016-05-29
2016-05-31,9.695,0.0,39.55,100,maynas_persiann_cdr_2012_2023.zip,CDR_20160531z.asc,True,1.0,2016-05-29
2016-06-01,27.414299999999997,3.98,84.05,100,maynas_persiann_cdr_2012_2023.zip,CDR_20160601z.asc,True,1.0,2016-05-29
2016-06-02,6.5192999999999985,0.0,49.64,100,maynas_persiann_cdr_2012_2023.zip,CDR_20160602z.asc,True,1.0,2016-05-29
2016-06-03,25.295099999999998,4.28,109.99,100,maynas_persiann_cdr_2012_2023.zip,CDR_20160603z.asc,True,1.0,2016-05-29
2016-06-04,19.994,0.0,57.15,100,maynas_persiann_cdr_2012_2023.zip,CDR_20160604z.asc,True,1.0,2016-05-29
2016-06-05,6.369299999999999,0.0,29.48,100,maynas_persiann_cdr_2012_2023.zip,CDR_20160605z.asc,True,1.0,2016-06-05
2016-06-06,15.7858,0.0,62.08,100,maynas_persiann_cdr_2012_2023.zip,CDR_20160606z.asc,True,1.0,2016-06-05
2016-06-07,7.2611,0.0,46.34,100,maynas_persiann_cdr_2012_2023.zip,CDR_20160607z.asc,True,1.0,2016-06-05
2016-06-08,15.8878,3.4,66.87,100,maynas_persiann_cdr_2012_2023.zip,CDR_20160608z.asc,True,1.0,2016-06-05
2016-06-09,13.9131,0.0,47.78,100,maynas_persiann_cdr_2012_2023.zip,CDR_20160609z.asc,True,1.0,2016-06-05
2016-06-10,4.0651,0.0,31.88,100,maynas_persiann_cdr_2012_2023.zip,CDR_20160610z.asc,True,1.0,2016-06-05
2016-06-11,10.1569,0.0,41.63,100,maynas_persiann_cdr_2012_2023.zip,CDR_20160611z.asc,True,1.0,2016-06-05
2016-06-12,0.23479999999999998,0.0,4.79,100,maynas_persiann_cdr_2012_2023.zip,CDR_20160612z.asc,True,0.0,2016-06-12
2016-06-13,0.05979999999999999,0.0,2.98,100,maynas_persiann_cdr_2012_2023.zip,CDR_20160613z.asc,True,0.0,2016-06-12
2016-06-14,0.0258,0.0,1.31,100,maynas_persiann_cdr_2012_2023.zip,CDR_20160614z.asc,True,0.0,2016-06-12
2016-06-15,0.14429999999999998,0.0,3.54,100,maynas_persiann_cdr_2012_2023.zip,CDR_20160615z.asc,True,0.0,2016-06-12
2016-06-16,2.4455,0.0,20.4,100,maynas_persiann_cdr_2012_2023.zip,CDR_20160616z.asc,True,1.0,2016-06-12
2016-06-17,11.751000000000001,0.0,39.17,100,maynas_persiann_cdr_2012_2023.zip,CDR_20160617z.asc,True,1.0,2016-06-12
2016-06-18,8.183100000000001,0.0,40.73,100,maynas_persiann_cdr_2012_2023.zip,CDR_20160618z.asc,True,1.0,2016-06-12
2016-06-19,7.024299999999999,0.0,29.89,100,maynas_persiann_cdr_2012_2023.zip,CDR_20160619z.asc,True,1.0,2016-06-19
2016-06-20,7.5911,0.0,33.19,100,maynas_persiann_cdr_2012_2023.zip,CDR_20160620z.asc,True,1.0,2016-06-19
2016-06-21,5.1262,0.0,23.49,100,maynas_persiann_cdr_2012_2023.zip,CDR_20160621z.asc,True,1.0,2016-06-19
2016-06-22,6.863499999999999,0.0,21.92,100,maynas_persiann_cdr_2012_2023.zip,CDR_20160622z.asc,True,1.0,2016-06-19
2016-06-23,0.7587999999999999,0.0,5.19,100,maynas_persiann_cdr_2012_2023.zip,CDR_20160623z.asc,True,0.0,2016-06-19
2016-06-24,0.9804999999999999,0.0,8.52,100,maynas_persiann_cdr_2012_2023.zip,CDR_20160624z.asc,True,0.0,2016-06-19
2016-06-25,1.1437,0.0,7.91,100,maynas_persiann_cdr_2012_2023.zip,CDR_20160625z.asc,True,1.0,2016-06-19
2016-06-26,11.366800000000001,1.29,26.54,100,maynas_persiann_cdr_2012_2023.zip,CDR_20160626z.asc,True,1.0,2016-06-26
2016-06-27,8.101999999999999,0.0,35.76,100,maynas_persiann_cdr_2012_2023.zip,CDR_20160627z.asc,True,1.0,2016-06-26
2016-06-28,7.072499999999999,0.0,34.12,100,maynas_persiann_cdr_2012_2023.zip,CDR_20160628z.asc,True,1.0,2016-06-26
2016-06-29,0.1076,0.0,3.58,100,maynas_persiann_cdr_2012_2023.zip,CDR_20160629z.asc,True,0.0,2016-06-26
2016-06-30,0.15349999999999997,0.0,2.09,100,maynas_persiann_cdr_2012_2023.zip,CDR_20160630z.asc,True,0.0,2016-06-26
2016-07-01,0.49340000000000006,0.0,7.08,100,maynas_persiann_cdr_2012_2023.zip,CDR_20160701z.asc,True,0.0,2016-06-26
2016-07-02,4.3343,0.0,24.73,100,maynas_persiann_cdr_2012_2023.zip,CDR_20160702z.asc,True,1.0,2016-06-26
2016-07-03,1.2118,0.0,9.93,100,maynas_persiann_cdr_2012_2023.zip,CDR_20160703z.asc,True,1.0,2016-07-03
2016-07-04,0.2732,0.0,5.18,100,maynas_persiann_cdr_2012_2023.zip,CDR_20160704z.asc,True,0.0,2016-07-03
2016-07-05,1.9895000000000003,0.0,10.41,100,maynas_persiann_cdr_2012_2023.zip,CDR_20160705z.asc,True,1.0,2016-07-03
2016-07-06,6.658399999999998,1.23,17.44,100,maynas_persiann_cdr_2012_2023.zip,CDR_20160706z.asc,True,1.0,2016-07-03
2016-07-07,6.858199999999999,1.21,21.62,100,maynas_persiann_cdr_2012_2023.zip,CDR_20160707z.asc,True,1.0,2016-07-03
2016-07-08,4.083099999999999,0.0,18.1,100,maynas_persiann_cdr_2012_2023.zip,CDR_20160708z.asc,True,1.0,2016-07-03
2016-07-09,5.4605999999999995,0.0,16.62,100,maynas_persiann_cdr_2012_2023.zip,CDR_20160709z.asc,True,1.0,2016-07-03
2016-07-10,2.5317,0.0,19.91,100,maynas_persiann_cdr_2012_2023.zip,CDR_20160710z.asc,True,1.0,2016-07-10
2016-07-11,10.3298,0.0,49.32,100,maynas_persiann_cdr_2012_2023.zip,CDR_20160711z.asc,True,1.0,2016-07-10
2016-07-12,1.71,0.0,16.72,100,maynas_persiann_cdr_2012_2023.zip,CDR_20160712z.asc,True,1.0,2016-07-10
2016-07-13,13.873700000000001,0.0,50.12,100,maynas_persiann_cdr_2012_2023.zip,CDR_20160713z.asc,True,1.0,2016-07-10
2016-07-14,18.382399999999997,0.0,78.89,100,maynas_persiann_cdr_2012_2023.zip,CDR_20160714z.asc,True,1.0,2016-07-10
2016-07-15,2.5368000000000004,0.0,17.02,100,maynas_persiann_cdr_2012_2023.zip,CDR_20160715z.asc,True,1.0,2016-07-10
2016-07-16,1.6159000000000001,0.0,14.99,100,maynas_persiann_cdr_2012_2023.zip,CDR_20160716z.asc,True,1.0,2016-07-10
2016-07-17,14.063300000000002,0.0,34.25,100,maynas_persiann_cdr_2012_2023.zip,CDR_20160717z.asc,True,1.0,2016-07-17
2016-07-18,16.250200000000003,3.62,44.13,100,maynas_persiann_cdr_2012_2023.zip,CDR_20160718z.asc,True,1.0,2016-07-17
2016-07-19,4.531,0.0,20.42,100,maynas_persiann_cdr_2012_2023.zip,CDR_20160719z.asc,True,1.0,2016-07-17
2016-07-20,5.2683,0.0,25.35,100,maynas_persiann_cdr_2012_2023.zip,CDR_20160720z.asc,True,1.0,2016-07-17
2016-07-21,4.249199999999999,0.0,18.82,100,maynas_persiann_cdr_2012_2023.zip,CDR_20160721z.asc,True,1.0,2016-07-17
2016-07-22,2.3463,0.0,8.45,100,maynas_persiann_cdr_2012_2023.zip,CDR_20160722z.asc,True,1.0,2016-07-17
2016-07-23,2.0229,0.0,8.27,100,maynas_persiann_cdr_2012_2023.zip,CDR_20160723z.asc,True,1.0,2016-07-17
2016-07-24,2.0616,0.0,16.76,100,maynas_persiann_cdr_2012_2023.zip,CDR_20160724z.asc,True,1.0,2016-07-24
2016-07-25,8.271399999999998,0.0,34.16,100,maynas_persiann_cdr_2012_2023.zip,CDR_20160725z.asc,True,1.0,2016-07-24
2016-07-26,9.222999999999999,0.0,28.37,100,maynas_persiann_cdr_2012_2023.zip,CDR_20160726z.asc,True,1.0,2016-07-24
2016-07-27,33.6627,12.73,79.29,100,maynas_persiann_cdr_2012_2023.zip,CDR_20160727z.asc,True,1.0,2016-07-24
2016-07-28,7.813199999999999,0.98,35.26,100,maynas_persiann_cdr_2012_2023.zip,CDR_20160728z.asc,True,1.0,2016-07-24
2016-07-29,5.1548,0.0,22.86,100,maynas_persiann_cdr_2012_2023.zip,CDR_20160729z.asc,True,1.0,2016-07-24
2016-07-30,7.186700000000001,0.0,30.58,100,maynas_persiann_cdr_2012_2023.zip,CDR_20160730z.asc,True,1.0,2016-07-24
2016-07-31,6.1503000000000005,0.0,28.2,100,maynas_persiann_cdr_2012_2023.zip,CDR_20160731z.asc,True,1.0,2016-07-31
2016-08-01,0.327,0.0,4.52,100,maynas_persiann_cdr_2012_2023.zip,CDR_20160801z.asc,True,0.0,2016-07-31
2016-08-02,9.147899999999998,0.0,32.59,100,maynas_persiann_cdr_2012_2023.zip,CDR_20160802z.asc,True,1.0,2016-07-31
2016-08-03,6.0744,0.0,23.5,100,maynas_persiann_cdr_2012_2023.zip,CDR_20160803z.asc,True,1.0,2016-07-31
2016-08-04,0.5657,0.0,5.17,100,maynas_persiann_cdr_2012_2023.zip,CDR_20160804z.asc,True,0.0,2016-07-31
2016-08-05,3.566700000000001,0.0,16.48,100,maynas_persiann_cdr_2012_2023.zip,CDR_20160805z.asc,True,1.0,2016-07-31
2016-08-06,5.4705,0.0,13.88,100,maynas_persiann_cdr_2012_2023.zip,CDR_20160806z.asc,True,1.0,2016-07-31
2016-08-07,3.1053,0.0,8.86,100,maynas_persiann_cdr_2012_2023.zip,CDR_20160807z.asc,True,1.0,2016-08-07
2016-08-08,5.781099999999999,0.0,37.37,100,maynas_persiann_cdr_2012_2023.zip,CDR_20160808z.asc,True,1.0,2016-08-07
2016-08-09,13.6962,0.75,46.43,100,maynas_persiann_cdr_2012_2023.zip,CDR_20160809z.asc,True,1.0,2016-08-07
2016-08-10,14.397900000000003,3.93,34.56,100,maynas_persiann_cdr_2012_2023.zip,CDR_20160810z.asc,True,1.0,2016-08-07
2016-08-11,3.8553,0.0,10.71,100,maynas_persiann_cdr_2012_2023.zip,CDR_20160811z.asc,True,1.0,2016-08-07
2016-08-12,0.059800000000000006,0.0,2.24,100,maynas_persiann_cdr_2012_2023.zip,CDR_20160812z.asc,True,0.0,2016-08-07
2016-08-13,0.008,0.0,0.8,100,maynas_persiann_cdr_2012_2023.zip,CDR_20160813z.asc,True,0.0,2016-08-07
2016-08-14,0.7751999999999998,0.0,10.41,100,maynas_persiann_cdr_2012_2023.zip,CDR_20160814z.asc,True,0.0,2016-08-14
2016-08-15,8.8261,0.0,32.27,100,maynas_persiann_cdr_2012_2023.zip,CDR_20160815z.asc,True,1.0,2016-08-14
2016-08-16,11.9712,0.69,41.71,100,maynas_persiann_cdr_2012_2023.zip,CDR_20160816z.asc,True,1.0,2016-08-14
2016-08-17,15.586400000000001,0.0,55.79,100,maynas_persiann_cdr_2012_2023.zip,CDR_20160817z.asc,True,1.0,2016-08-14
2016-08-18,15.275299999999998,2.62,39.87,100,maynas_persiann_cdr_2012_2023.zip,CDR_20160818z.asc,True,1.0,2016-08-14
2016-08-19,4.0132,0.0,21.0,100,maynas_persiann_cdr_2012_2023.zip,CDR_20160819z.asc,True,1.0,2016-08-14
2016-08-20,2.6870999999999996,0.0,20.43,100,maynas_persiann_cdr_2012_2023.zip,CDR_20160820z.asc,True,1.0,2016-08-14
2016-08-21,8.466399999999998,1.02,23.96,100,maynas_persiann_cdr_2012_2023.zip,CDR_20160821z.asc,True,1.0,2016-08-21
2016-08-22,4.154599999999999,0.0,14.48,100,maynas_persiann_cdr_2012_2023.zip,CDR_20160822z.asc,True,1.0,2016-08-21
2016-08-23,0.049100000000000005,0.0,1.65,100,maynas_persiann_cdr_2012_2023.zip,CDR_20160823z.asc,True,0.0,2016-08-21
2016-08-24,0.0,0.0,0.0,100,maynas_persiann_cdr_2012_2023.zip,CDR_20160824z.asc,True,0.0,2016-08-21
2016-08-25,0.31309999999999993,0.0,3.84,100,maynas_persiann_cdr_2012_2023.zip,CDR_20160825z.asc,True,0.0,2016-08-21
2016-08-26,1.6939,0.0,12.14,100,maynas_persiann_cdr_2012_2023.zip,CDR_20160826z.asc,True,1.0,2016-08-21
2016-08-27,1.2267000000000001,0.0,9.11,100,maynas_persiann_cdr_2012_2023.zip,CDR_20160827z.asc,True,1.0,2016-08-21
2016-08-28,3.0433000000000003,0.0,12.09,100,maynas_persiann_cdr_2012_2023.zip,CDR_20160828z.asc,True,1.0,2016-08-28
2016-08-29,1.7931999999999997,0.0,15.14,100,maynas_persiann_cdr_2012_2023.zip,CDR_20160829z.asc,True,1.0,2016-08-28
2016-08-30,15.437800000000005,0.95,51.74,100,maynas_persiann_cdr_2012_2023.zip,CDR_20160830z.asc,True,1.0,2016-08-28
2016-08-31,41.0211,17.6,73.72,100,maynas_persiann_cdr_2012_2023.zip,CDR_20160831z.asc,True,1.0,2016-08-28
2016-09-01,6.57,1.0,18.0,100,maynas_persiann_cdr_2012_2023.zip,CDR_20160901z.asc,True,1.0,2016-08-28
2016-09-02,0.82,0.0,11.0,100,maynas_persiann_cdr_2012_2023.zip,CDR_20160902z.asc,True,0.0,2016-08-28
2016-09-03,1.73,0.0,18.0,100,maynas_persiann_cdr_2012_2023.zip,CDR_20160903z.asc,True,1.0,2016-08-28
2016-09-04,6.41,0.0,24.0,100,maynas_persiann_cdr_2012_2023.zip,CDR_20160904z.asc,True,1.0,2016-09-04
2016-09-05,19.24,3.0,39.0,100,maynas_persiann_cdr_2012_2023.zip,CDR_20160905z.asc,True,1.0,2016-09-04
2016-09-06,0.33,0.0,5.0,100,maynas_persiann_cdr_2012_2023.zip,CDR_20160906z.asc,True,0.0,2016-09-04
2016-09-07,0.05,0.0,1.0,100,maynas_persiann_cdr_2012_2023.zip,CDR_20160907z.asc,True,0.0,2016-09-04
2016-09-08,0.35,0.0,4.0,100,maynas_persiann_cdr_2012_2023.zip,CDR_20160908z.asc,True,0.0,2016-09-04
2016-09-09,1.22,0.0,19.0,100,maynas_persiann_cdr_2012_2023.zip,CDR_20160909z.asc,True,1.0,2016-09-04
2016-09-10,11.6,1.0,29.0,100,maynas_persiann_cdr_2012_2023.zip,CDR_20160910z.asc,True,1.0,2016-09-04
2016-09-11,12.13,1.0,26.0,100,maynas_persiann_cdr_2012_2023.zip,CDR_20160911z.asc,True,1.0,2016-09-11
2016-09-12,1.01,0.0,5.0,100,maynas_persiann_cdr_2012_2023.zip,CDR_20160912z.asc,True,1.0,2016-09-11
2016-09-13,0.73,0.0,7.0,100,maynas_persiann_cdr_2012_2023.zip,CDR_20160913z.asc,True,0.0,2016-09-11
2016-09-14,22.79,1.0,60.0,100,maynas_persiann_cdr_2012_2023.zip,CDR_20160914z.asc,True,1.0,2016-09-11
2016-09-15,5.93,1.0,18.0,100,maynas_persiann_cdr_2012_2023.zip,CDR_20160915z.asc,True,1.0,2016-09-11
2016-09-16,0.87,0.0,9.0,100,maynas_persiann_cdr_2012_2023.zip,CDR_20160916z.asc,True,0.0,2016-09-11
2016-09-17,13.3,1.0,34.0,100,maynas_persiann_cdr_2012_2023.zip,CDR_20160917z.asc,True,1.0,2016-09-11
2016-09-18,9.52,1.0,18.0,100,maynas_persiann_cdr_2012_2023.zip,CDR_20160918z.asc,True,1.0,2016-09-18
2016-09-19,16.42,2.0,39.0,100,maynas_persiann_cdr_2012_2023.zip,CDR_20160919z.asc,True,1.0,2016-09-18
2016-09-20,2.16,0.0,11.0,100,maynas_persiann_cdr_2012_2023.zip,CDR_20160920z.asc,True,1.0,2016-09-18
2016-09-21,1.83,0.0,10.0,100,maynas_persiann_cdr_2012_2023.zip,CDR_20160921z.asc,True,1.0,2016-09-18
2016-09-22,1.57,0.0,8.0,100,maynas_persiann_cdr_2012_2023.zip,CDR_20160922z.asc,True,1.0,2016-09-18
2016-09-23,9.85,1.0,31.0,100,maynas_persiann_cdr_2012_2023.zip,CDR_20160923z.asc,True,1.0,2016-09-18
2016-09-24,2.72,0.0,13.0,100,maynas_persiann_cdr_2012_2023.zip,CDR_20160924z.asc,True,1.0,2016-09-18
2016-09-25,9.05,1.0,30.0,100,maynas_persiann_cdr_2012_2023.zip,CDR_20160925z.asc,True,1.0,2016-09-25
2016-09-26,4.22,0.0,20.0,100,maynas_persiann_cdr_2012_2023.zip,CDR_20160926z.asc,True,1.0,2016-09-25
2016-09-27,5.07,0.0,21.0,100,maynas_persiann_cdr_2012_2023.zip,CDR_20160927z.asc,True,1.0,2016-09-25
2016-09-28,10.1,1.0,31.0,100,maynas_persiann_cdr_2012_2023.zip,CDR_20160928z.asc,True,1.0,2016-09-25
2016-09-29,6.7,1.0,20.0,100,maynas_persiann_cdr_2012_2023.zip,CDR_20160929z.asc,True,1.0,2016-09-25
2016-09-30,3.81,0.0,27.0,100,maynas_persiann_cdr_2012_2023.zip,CDR_20160930z.asc,True,1.0,2016-09-25
2016-10-01,3.83,0.0,19.0,100,maynas_persiann_cdr_2012_2023.zip,CDR_20161001z.asc,True,1.0,2016-09-25
2016-10-02,20.22,6.0,43.0,100,maynas_persiann_cdr_2012_2023.zip,CDR_20161002z.asc,True,1.0,2016-10-02
2016-10-03,5.96,1.0,18.0,100,maynas_persiann_cdr_2012_2023.zip,CDR_20161003z.asc,True,1.0,2016-10-02
2016-10-04,0.96,0.0,4.0,100,maynas_persiann_cdr_2012_2023.zip,CDR_20161004z.asc,True,0.0,2016-10-02
2016-10-05,2.6,0.0,12.0,100,maynas_persiann_cdr_2012_2023.zip,CDR_20161005z.asc,True,1.0,2016-10-02
2016-10-06,8.56,1.0,23.0,100,maynas_persiann_cdr_2012_2023.zip,CDR_20161006z.asc,True,1.0,2016-10-02
2016-10-07,7.38,1.0,30.0,100,maynas_persiann_cdr_2012_2023.zip,CDR_20161007z.asc,True,1.0,2016-10-02
2016-10-08,8.74,1.0,29.0,100,maynas_persiann_cdr_2012_2023.zip,CDR_20161008z.asc,True,1.0,2016-10-02
2016-10-09,16.53,1.0,40.0,100,maynas_persiann_cdr_2012_2023.zip,CDR_20161009z.asc,True,1.0,2016-10-09
2016-10-10,19.16,1.0,48.0,100,maynas_persiann_cdr_2012_2023.zip,CDR_20161010z.asc,True,1.0,2016-10-09
2016-10-11,3.31,1.0,10.0,100,maynas_persiann_cdr_2012_2023.zip,CDR_20161011z.asc,True,1.0,2016-10-09
2016-10-12,5.49,0.0,20.0,100,maynas_persiann_cdr_2012_2023.zip,CDR_20161012z.asc,True,1.0,2016-10-09
2016-10-13,12.14,2.0,33.0,100,maynas_persiann_cdr_2012_2023.zip,CDR_20161013z.asc,True,1.0,2016-10-09
2016-10-14,15.15,4.0,30.0,100,maynas_persiann_cdr_2012_2023.zip,CDR_20161014z.asc,True,1.0,2016-10-09
2016-10-15,6.86,1.0,30.0,100,maynas_persiann_cdr_2012_2023.zip,CDR_20161015z.asc,True,1.0,2016-10-09
2016-10-16,1.88,0.0,12.0,100,maynas_persiann_cdr_2012_2023.zip,CDR_20161016z.asc,True,1.0,2016-10-16
2016-10-17,2.8,0.0,11.0,100,maynas_persiann_cdr_2012_2023.zip,CDR_20161017z.asc,True,1.0,2016-10-16
2016-10-18,5.34,0.0,19.0,100,maynas_persiann_cdr_2012_2023.zip,CDR_20161018z.asc,True,1.0,2016-10-16
2016-10-19,4.95,1.0,21.0,100,maynas_persiann_cdr_2012_2023.zip,CDR_20161019z.asc,True,1.0,2016-10-16
2016-10-20,7.15,0.0,24.0,100,maynas_persiann_cdr_2012_2023.zip,CDR_20161020z.asc,True,1.0,2016-10-16
2016-10-21,15.61,2.0,29.0,100,maynas_persiann_cdr_2012_2023.zip,CDR_20161021z.asc,True,1.0,2016-10-16
2016-10-22,8.18,1.0,25.0,100,maynas_persiann_cdr_2012_2023.zip,CDR_20161022z.asc,True,1.0,2016-10-16
2016-10-23,13.65,1.0,30.0,100,maynas_persiann_cdr_2012_2023.zip,CDR_20161023z.asc,True,1.0,2016-10-23
2016-10-24,6.85,2.0,18.0,100,maynas_persiann_cdr_2012_2023.zip,CDR_20161024z.asc,True,1.0,2016-10-23
2016-10-25,13.29,2.0,31.0,100,maynas_persiann_cdr_2012_2023.zip,CDR_20161025z.asc,True,1.0,2016-10-23
2016-10-26,7.48,0.0,27.0,100,maynas_persiann_cdr_2012_2023.zip,CDR_20161026z.asc,True,1.0,2016-10-23
2016-10-27,4.11,0.0,17.0,100,maynas_persiann_cdr_2012_2023.zip,CDR_20161027z.asc,True,1.0,2016-10-23
2016-10-28,13.66,5.0,33.0,100,maynas_persiann_cdr_2012_2023.zip,CDR_20161028z.asc,True,1.0,2016-10-23
2016-10-29,1.04,0.0,3.0,100,maynas_persiann_cdr_2012_2023.zip,CDR_20161029z.asc,True,1.0,2016-10-23
2016-10-30,0.0,0.0,0.0,100,maynas_persiann_cdr_2012_2023.zip,CDR_20161030z.asc,True,0.0,2016-10-30
2016-10-31,0.37,0.0,11.0,100,maynas_persiann_cdr_2012_2023.zip,CDR_20161031z.asc,True,0.0,2016-10-30
2016-11-01,0.73,0.0,6.0,100,maynas_persiann_cdr_2012_2023.zip,CDR_20161101z.asc,True,0.0,2016-10-30
2016-11-02,2.96,0.0,18.0,100,maynas_persiann_cdr_2012_2023.zip,CDR_20161102z.asc,True,1.0,2016-10-30
2016-11-03,5.31,0.0,15.0,100,maynas_persiann_cdr_2012_2023.zip,CDR_20161103z.asc,True,1.0,2016-10-30
2016-11-04,24.23,14.0,39.0,100,maynas_persiann_cdr_2012_2023.zip,CDR_20161104z.asc,True,1.0,2016-10-30
2016-11-05,0.65,0.0,2.0,100,maynas_persiann_cdr_2012_2023.zip,CDR_20161105z.asc,True,0.0,2016-10-30
2016-11-06,0.61,0.0,5.0,100,maynas_persiann_cdr_2012_2023.zip,CDR_20161106z.asc,True,0.0,2016-11-06
2016-11-07,3.7,0.0,16.0,100,maynas_persiann_cdr_2012_2023.zip,CDR_20161107z.asc,True,1.0,2016-11-06
2016-11-08,2.78,0.0,11.0,100,maynas_persiann_cdr_2012_2023.zip,CDR_20161108z.asc,True,1.0,2016-11-06
2016-11-09,9.32,1.0,25.0,100,maynas_persiann_cdr_2012_2023.zip,CDR_20161109z.asc,True,1.0,2016-11-06
2016-11-10,13.68,2.0,30.0,100,maynas_persiann_cdr_2012_2023.zip,CDR_20161110z.asc,True,1.0,2016-11-06
2016-11-11,9.39,3.0,24.0,100,maynas_persiann_cdr_2012_2023.zip,CDR_20161111z.asc,True,1.0,2016-11-06
2016-11-12,1.54,0.0,5.0,100,maynas_persiann_cdr_2012_2023.zip,CDR_20161112z.asc,True,1.0,2016-11-06
2016-11-13,0.61,0.0,7.0,100,maynas_persiann_cdr_2012_2023.zip,CDR_20161113z.asc,True,0.0,2016-11-13
2016-11-14,6.23,2.0,28.0,100,maynas_persiann_cdr_2012_2023.zip,CDR_20161114z.asc,True,1.0,2016-11-13
2016-11-15,9.34,1.0,24.0,100,maynas_persiann_cdr_2012_2023.zip,CDR_20161115z.asc,True,1.0,2016-11-13
2016-11-16,0.1,0.0,1.0,100,maynas_persiann_cdr_2012_2023.zip,CDR_20161116z.asc,True,0.0,2016-11-13
2016-11-17,0.37,0.0,4.0,100,maynas_persiann_cdr_2012_2023.zip,CDR_20161117z.asc,True,0.0,2016-11-13
2016-11-18,15.99,5.0,28.0,100,maynas_persiann_cdr_2012_2023.zip,CDR_20161118z.asc,True,1.0,2016-11-13
2016-11-19,17.56,4.0,39.0,100,maynas_persiann_cdr_2012_2023.zip,CDR_20161119z.asc,True,1.0,2016-11-13
2016-11-20,0.68,0.0,2.0,100,maynas_persiann_cdr_2012_2023.zip,CDR_20161120z.asc,True,0.0,2016-11-20
2016-11-21,0.09,0.0,3.0,100,maynas_persiann_cdr_2012_2023.zip,CDR_20161121z.asc,True,0.0,2016-11-20
2016-11-22,3.9,0.0,16.0,100,maynas_persiann_cdr_2012_2023.zip,CDR_20161122z.asc,True,1.0,2016-11-20
2016-11-23,14.71,2.0,44.0,100,maynas_persiann_cdr_2012_2023.zip,CDR_20161123z.asc,True,1.0,2016-11-20
2016-11-24,4.51,0.0,14.0,100,maynas_persiann_cdr_2012_2023.zip,CDR_20161124z.asc,True,1.0,2016-11-20
2016-11-25,15.24,3.0,34.0,100,maynas_persiann_cdr_2012_2023.zip,CDR_20161125z.asc,True,1.0,2016-11-20
2016-11-26,21.98,4.0,37.0,100,maynas_persiann_cdr_2012_2023.zip,CDR_20161126z.asc,True,1.0,2016-11-20
2016-11-27,3.52,0.0,28.0,100,maynas_persiann_cdr_2012_2023.zip,CDR_20161127z.asc,True,1.0,2016-11-27
2016-11-28,12.42,4.0,28.0,100,maynas_persiann_cdr_2012_2023.zip,CDR_20161128z.asc,True,1.0,2016-11-27
2016-11-29,6.2,1.0,23.0,100,maynas_persiann_cdr_2012_2023.zip,CDR_20161129z.asc,True,1.0,2016-11-27
2016-11-30,9.89,2.0,25.0,100,maynas_persiann_cdr_2012_2023.zip,CDR_20161130z.asc,True,1.0,2016-11-27
2016-12-01,5.77,1.0,16.0,100,maynas_persiann_cdr_2012_2023.zip,CDR_20161201z.asc,True,1.0,2016-11-27
2016-12-02,2.76,0.0,14.0,100,maynas_persiann_cdr_2012_2023.zip,CDR_20161202z.asc,True,1.0,2016-11-27
2016-12-03,13.74,2.0,36.0,100,maynas_persiann_cdr_2012_2023.zip,CDR_20161203z.asc,True,1.0,2016-11-27
2016-12-04,4.98,0.0,18.0,100,maynas_persiann_cdr_2012_2023.zip,CDR_20161204z.asc,True,1.0,2016-12-04
2016-12-05,4.59,0.0,19.0,100,maynas_persiann_cdr_2012_2023.zip,CDR_20161205z.asc,True,1.0,2016-12-04
2016-12-06,2.6,0.0,15.0,100,maynas_persiann_cdr_2012_2023.zip,CDR_20161206z.asc,True,1.0,2016-12-04
2016-12-07,7.89,0.0,30.0,100,maynas_persiann_cdr_2012_2023.zip,CDR_20161207z.asc,True,1.0,2016-12-04
2016-12-08,23.55,3.0,52.0,100,maynas_persiann_cdr_2012_2023.zip,CDR_20161208z.asc,True,1.0,2016-12-04
2016-12-09,27.31,9.0,53.0,100,maynas_persiann_cdr_2012_2023.zip,CDR_20161209z.asc,True,1.0,2016-12-04
2016-12-10,15.65,5.0,45.0,100,maynas_persiann_cdr_2012_2023.zip,CDR_20161210z.asc,True,1.0,2016-12-04
2016-12-11,13.78,2.0,36.0,100,maynas_persiann_cdr_2012_2023.zip,CDR_20161211z.asc,True,1.0,2016-12-11
2016-12-12,6.34,1.0,23.0,100,maynas_persiann_cdr_2012_2023.zip,CDR_20161212z.asc,True,1.0,2016-12-11
2016-12-13,8.73,0.0,33.0,100,maynas_persiann_cdr_2012_2023.zip,CDR_20161213z.asc,True,1.0,2016-12-11
2016-12-14,11.51,0.0,31.0,100,maynas_persiann_cdr_2012_2023.zip,CDR_20161214z.asc,True,1.0,2016-12-11
2016-12-15,20.42,4.0,48.0,100,maynas_persiann_cdr_2012_2023.zip,CDR_20161215z.asc,True,1.0,2016-12-11
2016-12-16,23.33,9.0,55.0,100,maynas_persiann_cdr_2012_2023.zip,CDR_20161216z.asc,True,1.0,2016-12-11
2016-12-17,1.41,0.0,4.0,100,maynas_persiann_cdr_2012_2023.zip,CDR_20161217z.asc,True,1.0,2016-12-11
2016-12-18,1.66,0.0,8.0,100,maynas_persiann_cdr_2012_2023.zip,CDR_20161218z.asc,True,1.0,2016-12-18
2016-12-19,2.53,0.0,29.0,100,maynas_persiann_cdr_2012_2023.zip,CDR_20161219z.asc,True,1.0,2016-12-18
2016-12-20,0.48,0.0,4.0,100,maynas_persiann_cdr_2012_2023.zip,CDR_20161220z.asc,True,0.0,2016-12-18
2016-12-21,0.55,0.0,16.0,100,maynas_persiann_cdr_2012_2023.zip,CDR_20161221z.asc,True,0.0,2016-12-18
2016-12-22,4.3,0.0,17.0,100,maynas_persiann_cdr_2012_2023.zip,CDR_20161222z.asc,True,1.0,2016-12-18
2016-12-23,15.23,2.0,43.0,100,maynas_persiann_cdr_2012_2023.zip,CDR_20161223z.asc,True,1.0,2016-12-18
2016-12-24,13.04,0.0,41.0,100,maynas_persiann_cdr_2012_2023.zip,CDR_20161224z.asc,True,1.0,2016-12-18
2016-12-25,11.16,2.0,36.0,100,maynas_persiann_cdr_2012_2023.zip,CDR_20161225z.asc,True,1.0,2016-12-25
2016-12-26,12.42,3.0,32.0,100,maynas_persiann_cdr_2012_2023.zip,CDR_20161226z.asc,True,1.0,2016-12-25
2016-12-27,5.66,0.0,19.0,100,maynas_persiann_cdr_2012_2023.zip,CDR_20161227z.asc,True,1.0,2016-12-25
2016-12-28,15.23,1.0,54.0,100,maynas_persiann_cdr_2012_2023.zip,CDR_20161228z.asc,True,1.0,2016-12-25
2016-12-29,47.6,6.0,86.0,100,maynas_persiann_cdr_2012_2023.zip,CDR_20161229z.asc,True,1.0,2016-12-25
2016-12-30,5.9,1.0,14.0,100,maynas_persiann_cdr_2012_2023.zip,CDR_20161230z.asc,True,1.0,2016-12-25
2016-12-31,3.14,0.0,10.0,100,maynas_persiann_cdr_2012_2023.zip,CDR_20161231z.asc,True,1.0,2016-12-25
2017-01-01,12.82,1.0,38.0,100,maynas_persiann_cdr_2012_2023.zip,CDR_20170101z.asc,True,1.0,2017-01-01
2017-01-02,15.78,0.0,58.0,100,maynas_persiann_cdr_2012_2023.zip,CDR_20170102z.asc,True,1.0,2017-01-01
2017-01-03,8.67,0.0,20.0,100,maynas_persiann_cdr_2012_2023.zip,CDR_20170103z.asc,True,1.0,2017-01-01
2017-01-04,11.91,0.0,43.0,100,maynas_persiann_cdr_2012_2023.zip,CDR_20170104z.asc,True,1.0,2017-01-01
2017-01-05,16.91,1.0,44.0,100,maynas_persiann_cdr_2012_2023.zip,CDR_20170105z.asc,True,1.0,2017-01-01
2017-01-06,14.74,5.0,42.0,100,maynas_persiann_cdr_2012_2023.zip,CDR_20170106z.asc,True,1.0,2017-01-01
2017-01-07,2.67,0.0,13.0,100,maynas_persiann_cdr_2012_2023.zip,CDR_20170107z.asc,True,1.0,2017-01-01
2017-01-08,2.4,0.0,15.0,100,maynas_persiann_cdr_2012_2023.zip,CDR_20170108z.asc,True,1.0,2017-01-08
2017-01-09,3.68,0.0,26.0,100,maynas_persiann_cdr_2012_2023.zip,CDR_20170109z.asc,True,1.0,2017-01-08
2017-01-10,23.94,7.0,60.0,100,maynas_persiann_cdr_2012_2023.zip,CDR_20170110z.asc,True,1.0,2017-01-08
2017-01-11,43.75,3.0,76.0,100,maynas_persiann_cdr_2012_2023.zip,CDR_20170111z.asc,True,1.0,2017-01-08
2017-01-12,5.39,0.0,19.0,100,maynas_persiann_cdr_2012_2023.zip,CDR_20170112z.asc,True,1.0,2017-01-08
2017-01-13,6.78,2.0,15.0,100,maynas_persiann_cdr_2012_2023.zip,CDR_20170113z.asc,True,1.0,2017-01-08
2017-01-14,11.51,1.0,29.0,100,maynas_persiann_cdr_2012_2023.zip,CDR_20170114z.asc,True,1.0,2017-01-08
2017-01-15,19.35,1.0,41.0,100,maynas_persiann_cdr_2012_2023.zip,CDR_20170115z.asc,True,1.0,2017-01-15
2017-01-16,22.94,5.0,55.0,100,maynas_persiann_cdr_2012_2023.zip,CDR_20170116z.asc,True,1.0,2017-01-15
2017-01-17,5.97,0.0,14.0,100,maynas_persiann_cdr_2012_2023.zip,CDR_20170117z.asc,True,1.0,2017-01-15
2017-01-18,0.96,0.0,9.0,100,maynas_persiann_cdr_2012_2023.zip,CDR_20170118z.asc,True,0.0,2017-01-15
2017-01-19,1.69,0.0,18.0,100,maynas_persiann_cdr_2012_2023.zip,CDR_20170119z.asc,True,1.0,2017-01-15
2017-01-20,9.28,0.0,25.0,100,maynas_persiann_cdr_2012_2023.zip,CDR_20170120z.asc,True,1.0,2017-01-15
2017-01-21,17.61,3.0,44.0,100,maynas_persiann_cdr_2012_2023.zip,CDR_20170121z.asc,True,1.0,2017-01-15
2017-01-22,1.87,0.0,12.0,100,maynas_persiann_cdr_2012_2023.zip,CDR_20170122z.asc,True,1.0,2017-01-22
2017-01-23,1.35,0.0,13.0,100,maynas_persiann_cdr_2012_2023.zip,CDR_20170123z.asc,True,1.0,2017-01-22
2017-01-24,1.91,0.0,15.0,100,maynas_persiann_cdr_2012_2023.zip,CDR_20170124z.asc,True,1.0,2017-01-22
2017-01-25,11.96,0.0,43.0,100,maynas_persiann_cdr_2012_2023.zip,CDR_20170125z.asc,True,1.0,2017-01-22
2017-01-26,37.49,12.0,79.0,100,maynas_persiann_cdr_2012_2023.zip,CDR_20170126z.asc,True,1.0,2017-01-22
2017-01-27,20.93,2.0,45.0,100,maynas_persiann_cdr_2012_2023.zip,CDR_20170127z.asc,True,1.0,2017-01-22
2017-01-28,18.16,0.0,63.0,100,maynas_persiann_cdr_2012_2023.zip,CDR_20170128z.asc,True,1.0,2017-01-22
2017-01-29,3.67,0.0,16.0,100,maynas_persiann_cdr_2012_2023.zip,CDR_20170129z.asc,True,1.0,2017-01-29
2017-01-30,10.01,2.0,33.0,100,maynas_persiann_cdr_2012_2023.zip,CDR_20170130z.asc,True,1.0,2017-01-29
2017-01-31,5.64,0.0,26.0,100,maynas_persiann_cdr_2012_2023.zip,CDR_20170131z.asc,True,1.0,2017-01-29
2017-02-01,3.73,1.0,18.0,100,maynas_persiann_cdr_2012_2023.zip,CDR_20170201z.asc,True,1.0,2017-01-29
2017-02-02,8.55,0.0,32.0,100,maynas_persiann_cdr_2012_2023.zip,CDR_20170202z.asc,True,1.0,2017-01-29
2017-02-03,2.61,0.0,14.0,100,maynas_persiann_cdr_2012_2023.zip,CDR_20170203z.asc,True,1.0,2017-01-29
2017-02-04,11.3,0.0,23.0,100,maynas_persiann_cdr_2012_2023.zip,CDR_20170204z.asc,True,1.0,2017-01-29
2017-02-05,13.53,7.0,28.0,100,maynas_persiann_cdr_2012_2023.zip,CDR_20170205z.asc,True,1.0,2017-02-05
2017-02-06,27.77,8.0,53.0,100,maynas_persiann_cdr_2012_2023.zip,CDR_20170206z.asc,True,1.0,2017-02-05
2017-02-07,9.24,1.0,25.0,100,maynas_persiann_cdr_2012_2023.zip,CDR_20170207z.asc,True,1.0,2017-02-05
2017-02-08,5.99,1.0,21.0,100,maynas_persiann_cdr_2012_2023.zip,CDR_20170208z.asc,True,1.0,2017-02-05
2017-02-09,21.46,5.0,40.0,100,maynas_persiann_cdr_2012_2023.zip,CDR_20170209z.asc,True,1.0,2017-02-05
2017-02-10,7.48,1.0,14.0,100,maynas_persiann_cdr_2012_2023.zip,CDR_20170210z.asc,True,1.0,2017-02-05
2017-02-11,1.63,0.0,10.0,100,maynas_persiann_cdr_2012_2023.zip,CDR_20170211z.asc,True,1.0,2017-02-05
2017-02-12,0.79,0.0,5.0,100,maynas_persiann_cdr_2012_2023.zip,CDR_20170212z.asc,True,0.0,2017-02-12
2017-02-13,0.13,0.0,2.0,100,maynas_persiann_cdr_2012_2023.zip,CDR_20170213z.asc,True,0.0,2017-02-12
2017-02-14,10.55,0.0,32.0,100,maynas_persiann_cdr_2012_2023.zip,CDR_20170214z.asc,True,1.0,2017-02-12
2017-02-15,9.5,3.0,24.0,100,maynas_persiann_cdr_2012_2023.zip,CDR_20170215z.asc,True,1.0,2017-02-12
2017-02-16,3.82,0.0,17.0,100,maynas_persiann_cdr_2012_2023.zip,CDR_20170216z.asc,True,1.0,2017-02-12
2017-02-17,8.7,2.0,38.0,100,maynas_persiann_cdr_2012_2023.zip,CDR_20170217z.asc,True,1.0,2017-02-12
2017-02-18,18.22,3.0,37.0,100,maynas_persiann_cdr_2012_2023.zip,CDR_20170218z.asc,True,1.0,2017-02-12
2017-02-19,2.5,0.0,12.0,100,maynas_persiann_cdr_2012_2023.zip,CDR_20170219z.asc,True,1.0,2017-02-19
2017-02-20,8.66,0.0,25.0,100,maynas_persiann_cdr_2012_2023.zip,CDR_20170220z.asc,True,1.0,2017-02-19
2017-02-21,6.23,0.0,24.0,100,maynas_persiann_cdr_2012_2023.zip,CDR_20170221z.asc,True,1.0,2017-02-19
2017-02-22,11.7,0.0,50.0,100,maynas_persiann_cdr_2012_2023.zip,CDR_20170222z.asc,True,1.0,2017-02-19
2017-02-23,11.89,4.0,25.0,100,maynas_persiann_cdr_2012_2023.zip,CDR_20170223z.asc,True,1.0,2017-02-19
2017-02-24,17.07,1.0,44.0,100,maynas_persiann_cdr_2012_2023.zip,CDR_20170224z.asc,True,1.0,2017-02-19
2017-02-25,18.14,5.0,41.0,100,maynas_persiann_cdr_2012_2023.zip,CDR_20170225z.asc,True,1.0,2017-02-19
2017-02-26,27.31,7.0,59.0,100,maynas_persiann_cdr_2012_2023.zip,CDR_20170226z.asc,True,1.0,2017-02-26
2017-02-27,2.07,0.0,12.0,100,maynas_persiann_cdr_2012_2023.zip,CDR_20170227z.asc,True,1.0,2017-02-26
2017-02-28,3.32,0.0,18.0,100,maynas_persiann_cdr_2012_2023.zip,CDR_20170228z.asc,True,1.0,2017-02-26
2017-03-01,0.95,0.0,7.0,100,maynas_persiann_cdr_2012_2023.zip,CDR_20170301z.asc,True,0.0,2017-02-26
2017-03-02,4.28,0.0,24.0,100,maynas_persiann_cdr_2012_2023.zip,CDR_20170302z.asc,True,1.0,2017-02-26
2017-03-03,12.54,1.0,38.0,100,maynas_persiann_cdr_2012_2023.zip,CDR_20170303z.asc,True,1.0,2017-02-26
2017-03-04,26.97,10.0,50.0,100,maynas_persiann_cdr_2012_2023.zip,CDR_20170304z.asc,True,1.0,2017-02-26
2017-03-05,7.27,0.0,29.0,100,maynas_persiann_cdr_2012_2023.zip,CDR_20170305z.asc,True,1.0,2017-03-05
2017-03-06,20.21,10.0,41.0,100,maynas_persiann_cdr_2012_2023.zip,CDR_20170306z.asc,True,1.0,2017-03-05
2017-03-07,16.09,5.0,31.0,100,maynas_persiann_cdr_2012_2023.zip,CDR_20170307z.asc,True,1.0,2017-03-05
2017-03-08,2.02,0.0,13.0,100,maynas_persiann_cdr_2012_2023.zip,CDR_20170308z.asc,True,1.0,2017-03-05
2017-03-09,3.34,0.0,13.0,100,maynas_persiann_cdr_2012_2023.zip,CDR_20170309z.asc,True,1.0,2017-03-05
2017-03-10,7.7,0.0,40.0,100,maynas_persiann_cdr_2012_2023.zip,CDR_20170310z.asc,True,1.0,2017-03-05
2017-03-11,22.82,10.0,39.0,100,maynas_persiann_cdr_2012_2023.zip,CDR_20170311z.asc,True,1.0,2017-03-05
2017-03-12,16.37,3.0,44.0,100,maynas_persiann_cdr_2012_2023.zip,CDR_20170312z.asc,True,1.0,2017-03-12
2017-03-13,6.81,1.0,21.0,100,maynas_persiann_cdr_2012_2023.zip,CDR_20170313z.asc,True,1.0,2017-03-12
2017-03-14,7.74,1.0,17.0,100,maynas_persiann_cdr_2012_2023.zip,CDR_20170314z.asc,True,1.0,2017-03-12
2017-03-15,9.28,0.0,31.0,100,maynas_persiann_cdr_2012_2023.zip,CDR_20170315z.asc,True,1.0,2017-03-12
2017-03-16,5.29,0.0,24.0,100,maynas_persiann_cdr_2012_2023.zip,CDR_20170316z.asc,True,1.0,2017-03-12
2017-03-17,0.53,0.0,5.0,100,maynas_persiann_cdr_2012_2023.zip,CDR_20170317z.asc,True,0.0,2017-03-12
2017-03-18,23.53,6.0,39.0,100,maynas_persiann_cdr_2012_2023.zip,CDR_20170318z.asc,True,1.0,2017-03-12
2017-03-19,0.93,0.0,4.0,100,maynas_persiann_cdr_2012_2023.zip,CDR_20170319z.asc,True,0.0,2017-03-19
2017-03-20,7.69,2.0,20.0,100,maynas_persiann_cdr_2012_2023.zip,CDR_20170320z.asc,True,1.0,2017-03-19
2017-03-21,11.21,1.0,37.0,100,maynas_persiann_cdr_2012_2023.zip,CDR_20170321z.asc,True,1.0,2017-03-19
2017-03-22,15.87,5.0,36.0,100,maynas_persiann_cdr_2012_2023.zip,CDR_20170322z.asc,True,1.0,2017-03-19
2017-03-23,2.32,0.0,15.0,100,maynas_persiann_cdr_2012_2023.zip,CDR_20170323z.asc,True,1.0,2017-03-19
2017-03-24,15.49,3.0,45.0,100,maynas_persiann_cdr_2012_2023.zip,CDR_20170324z.asc,True,1.0,2017-03-19
2017-03-25,17.34,9.0,33.0,100,maynas_persiann_cdr_2012_2023.zip,CDR_20170325z.asc,True,1.0,2017-03-19
2017-03-26,12.49,1.0,35.0,100,maynas_persiann_cdr_2012_2023.zip,CDR_20170326z.asc,True,1.0,2017-03-26
2017-03-27,34.86,15.0,66.0,100,maynas_persiann_cdr_2012_2023.zip,CDR_20170327z.asc,True,1.0,2017-03-26
2017-03-28,6.88,0.0,22.0,100,maynas_persiann_cdr_2012_2023.zip,CDR_20170328z.asc,True,1.0,2017-03-26
2017-03-29,12.84,2.0,34.0,100,maynas_persiann_cdr_2012_2023.zip,CDR_20170329z.asc,True,1.0,2017-03-26
2017-03-30,6.93,0.0,25.0,100,maynas_persiann_cdr_2012_2023.zip,CDR_20170330z.asc,True,1.0,2017-03-26
2017-03-31,16.53,2.0,50.0,100,maynas_persiann_cdr_2012_2023.zip,CDR_20170331z.asc,True,1.0,2017-03-26
2017-04-01,16.62,1.0,40.0,100,maynas_persiann_cdr_2012_2023.zip,CDR_20170401z.asc,True,1.0,2017-03-26
2017-04-02,16.09,4.0,35.0,100,maynas_persiann_cdr_2012_2023.zip,CDR_20170402z.asc,True,1.0,2017-04-02
2017-04-03,3.61,0.0,25.0,100,maynas_persiann_cdr_2012_2023.zip,CDR_20170403z.asc,True,1.0,2017-04-02
2017-04-04,7.97,1.0,25.0,100,maynas_persiann_cdr_2012_2023.zip,CDR_20170404z.asc,True,1.0,2017-04-02
2017-04-05,18.12,5.0,38.0,100,maynas_persiann_cdr_2012_2023.zip,CDR_20170405z.asc,True,1.0,2017-04-02
2017-04-06,10.18,0.0,30.0,100,maynas_persiann_cdr_2012_2023.zip,CDR_20170406z.asc,True,1.0,2017-04-02
2017-04-07,10.14,2.0,21.0,100,maynas_persiann_cdr_2012_2023.zip,CDR_20170407z.asc,True,1.0,2017-04-02
2017-04-08,0.49,0.0,1.0,100,maynas_persiann_cdr_2012_2023.zip,CDR_20170408z.asc,True,0.0,2017-04-02
2017-04-09,4.25,0.0,24.0,100,maynas_persiann_cdr_2012_2023.zip,CDR_20170409z.asc,True,1.0,2017-04-09
2017-04-10,11.63,1.0,31.0,100,maynas_persiann_cdr_2012_2023.zip,CDR_20170410z.asc,True,1.0,2017-04-09
2017-04-11,1.29,0.0,9.0,100,maynas_persiann_cdr_2012_2023.zip,CDR_20170411z.asc,True,1.0,2017-04-09
2017-04-12,8.09,1.0,19.0,100,maynas_persiann_cdr_2012_2023.zip,CDR_20170412z.asc,True,1.0,2017-04-09
2017-04-13,10.53,2.0,26.0,100,maynas_persiann_cdr_2012_2023.zip,CDR_20170413z.asc,True,1.0,2017-04-09
2017-04-14,3.66,0.0,14.0,100,maynas_persiann_cdr_2012_2023.zip,CDR_20170414z.asc,True,1.0,2017-04-09
2017-04-15,21.85,6.0,46.0,100,maynas_persiann_cdr_2012_2023.zip,CDR_20170415z.asc,True,1.0,2017-04-09
2017-04-16,2.37,0.0,11.0,100,maynas_persiann_cdr_2012_2023.zip,CDR_20170416z.asc,True,1.0,2017-04-16
2017-04-17,5.98,0.0,26.0,100,maynas_persiann_cdr_2012_2023.zip,CDR_20170417z.asc,True,1.0,2017-04-16
2017-04-18,23.56,3.0,50.0,100,maynas_persiann_cdr_2012_2023.zip,CDR_20170418z.asc,True,1.0,2017-04-16
2017-04-19,16.77,3.0,43.0,100,maynas_persiann_cdr_2012_2023.zip,CDR_20170419z.asc,True,1.0,2017-04-16
2017-04-20,9.53,1.0,28.0,100,maynas_persiann_cdr_2012_2023.zip,CDR_20170420z.asc,True,1.0,2017-04-16
2017-04-21,14.21,1.0,36.0,100,maynas_persiann_cdr_2012_2023.zip,CDR_20170421z.asc,True,1.0,2017-04-16
2017-04-22,11.42,0.0,43.0,100,maynas_persiann_cdr_2012_2023.zip,CDR_20170422z.asc,True,1.0,2017-04-16
2017-04-23,8.53,2.0,28.0,100,maynas_persiann_cdr_2012_2023.zip,CDR_20170423z.asc,True,1.0,2017-04-23
2017-04-24,9.04,0.0,31.0,100,maynas_persiann_cdr_2012_2023.zip,CDR_20170424z.asc,True,1.0,2017-04-23
2017-04-25,11.45,1.0,35.0,100,maynas_persiann_cdr_2012_2023.zip,CDR_20170425z.asc,True,1.0,2017-04-23
2017-04-26,15.19,2.0,38.0,100,maynas_persiann_cdr_2012_2023.zip,CDR_20170426z.asc,True,1.0,2017-04-23
2017-04-27,25.2,2.0,54.0,100,maynas_persiann_cdr_2012_2023.zip,CDR_20170427z.asc,True,1.0,2017-04-23
2017-04-28,6.36,0.0,39.0,100,maynas_persiann_cdr_2012_2023.zip,CDR_20170428z.asc,True,1.0,2017-04-23
2017-04-29,10.84,0.0,23.0,100,maynas_persiann_cdr_2012_2023.zip,CDR_20170429z.asc,True,1.0,2017-04-23
2017-04-30,0.14,0.0,1.0,100,maynas_persiann_cdr_2012_2023.zip,CDR_20170430z.asc,True,0.0,2017-04-30
2017-05-01,6.938300000000001,0.47,17.8,100,maynas_persiann_cdr_2012_2023.zip,CDR_20170501z.asc,True,1.0,2017-04-30
2017-05-02,2.8861000000000003,0.0,19.41,100,maynas_persiann_cdr_2012_2023.zip,CDR_20170502z.asc,True,1.0,2017-04-30
2017-05-03,10.929899999999998,3.01,37.62,100,maynas_persiann_cdr_2012_2023.zip,CDR_20170503z.asc,True,1.0,2017-04-30
2017-05-04,8.958099999999998,0.0,32.25,100,maynas_persiann_cdr_2012_2023.zip,CDR_20170504z.asc,True,1.0,2017-04-30
2017-05-05,6.036600000000001,0.0,25.97,100,maynas_persiann_cdr_2012_2023.zip,CDR_20170505z.asc,True,1.0,2017-04-30
2017-05-06,15.491700000000002,2.67,34.94,100,maynas_persiann_cdr_2012_2023.zip,CDR_20170506z.asc,True,1.0,2017-04-30
2017-05-07,7.739299999999999,0.0,46.44,100,maynas_persiann_cdr_2012_2023.zip,CDR_20170507z.asc,True,1.0,2017-05-07
2017-05-08,9.135200000000001,0.0,48.74,100,maynas_persiann_cdr_2012_2023.zip,CDR_20170508z.asc,True,1.0,2017-05-07
2017-05-09,8.3674,0.0,33.0,100,maynas_persiann_cdr_2012_2023.zip,CDR_20170509z.asc,True,1.0,2017-05-07
2017-05-10,7.6596,0.48,26.13,100,maynas_persiann_cdr_2012_2023.zip,CDR_20170510z.asc,True,1.0,2017-05-07
2017-05-11,29.706700000000005,9.33,59.71,100,maynas_persiann_cdr_2012_2023.zip,CDR_20170511z.asc,True,1.0,2017-05-07
2017-05-12,3.9805,0.0,13.48,100,maynas_persiann_cdr_2012_2023.zip,CDR_20170512z.asc,True,1.0,2017-05-07
2017-05-13,11.378800000000004,0.72,35.29,100,maynas_persiann_cdr_2012_2023.zip,CDR_20170513z.asc,True,1.0,2017-05-07
2017-05-14,28.508699999999997,8.69,60.02,100,maynas_persiann_cdr_2012_2023.zip,CDR_20170514z.asc,True,1.0,2017-05-14
2017-05-15,5.1331999999999995,0.74,13.79,100,maynas_persiann_cdr_2012_2023.zip,CDR_20170515z.asc,True,1.0,2017-05-14
2017-05-16,2.0806999999999998,0.0,8.59,100,maynas_persiann_cdr_2012_2023.zip,CDR_20170516z.asc,True,1.0,2017-05-14
2017-05-17,3.8349000000000006,0.0,26.34,100,maynas_persiann_cdr_2012_2023.zip,CDR_20170517z.asc,True,1.0,2017-05-14
2017-05-18,6.8168,0.0,16.97,100,maynas_persiann_cdr_2012_2023.zip,CDR_20170518z.asc,True,1.0,2017-05-14
2017-05-19,5.8339,0.0,32.35,100,maynas_persiann_cdr_2012_2023.zip,CDR_20170519z.asc,True,1.0,2017-05-14
2017-05-20,15.2591,0.87,46.6,100,maynas_persiann_cdr_2012_2023.zip,CDR_20170520z.asc,True,1.0,2017-05-14
2017-05-21,15.087800000000001,1.91,36.59,100,maynas_persiann_cdr_2012_2023.zip,CDR_20170521z.asc,True,1.0,2017-05-21
2017-05-22,10.688400000000001,0.45,29.42,100,maynas_persiann_cdr_2012_2023.zip,CDR_20170522z.asc,True,1.0,2017-05-21
2017-05-23,1.0415999999999999,0.0,6.18,100,maynas_persiann_cdr_2012_2023.zip,CDR_20170523z.asc,True,1.0,2017-05-21
2017-05-24,1.4934,0.0,10.07,100,maynas_persiann_cdr_2012_2023.zip,CDR_20170524z.asc,True,1.0,2017-05-21
2017-05-25,3.4495000000000005,0.0,13.11,100,maynas_persiann_cdr_2012_2023.zip,CDR_20170525z.asc,True,1.0,2017-05-21
2017-05-26,1.8972,0.0,9.45,100,maynas_persiann_cdr_2012_2023.zip,CDR_20170526z.asc,True,1.0,2017-05-21
2017-05-27,1.6539000000000001,0.0,9.6,100,maynas_persiann_cdr_2012_2023.zip,CDR_20170527z.asc,True,1.0,2017-05-21
2017-05-28,0.4351,0.0,7.77,100,maynas_persiann_cdr_2012_2023.zip,CDR_20170528z.asc,True,0.0,2017-05-28
2017-05-29,2.6871000000000005,0.0,12.02,100,maynas_persiann_cdr_2012_2023.zip,CDR_20170529z.asc,True,1.0,2017-05-28
2017-05-30,8.0021,0.0,32.72,100,maynas_persiann_cdr_2012_2023.zip,CDR_20170530z.asc,True,1.0,2017-05-28
2017-05-31,3.0383000000000004,0.0,15.83,100,maynas_persiann_cdr_2012_2023.zip,CDR_20170531z.asc,True,1.0,2017-05-28
2017-06-01,6.875400000000001,0.0,56.7,100,maynas_persiann_cdr_2012_2023.zip,CDR_20170601z.asc,True,1.0,2017-05-28
2017-06-02,7.5962,0.0,38.74,100,maynas_persiann_cdr_2012_2023.zip,CDR_20170602z.asc,True,1.0,2017-05-28
2017-06-03,22.838800000000003,0.0,101.57,100,maynas_persiann_cdr_2012_2023.zip,CDR_20170603z.asc,True,1.0,2017-05-28
2017-06-04,0.5997,0.0,4.98,100,maynas_persiann_cdr_2012_2023.zip,CDR_20170604z.asc,True,0.0,2017-06-04
2017-06-05,3.140800000000001,0.0,24.87,100,maynas_persiann_cdr_2012_2023.zip,CDR_20170605z.asc,True,1.0,2017-06-04
2017-06-06,0.39759999999999995,0.0,6.22,100,maynas_persiann_cdr_2012_2023.zip,CDR_20170606z.asc,True,0.0,2017-06-04
2017-06-07,8.613499999999998,1.0,29.43,100,maynas_persiann_cdr_2012_2023.zip,CDR_20170607z.asc,True,1.0,2017-06-04
2017-06-08,5.908699999999999,0.0,31.45,100,maynas_persiann_cdr_2012_2023.zip,CDR_20170608z.asc,True,1.0,2017-06-04
2017-06-09,7.261200000000001,0.0,26.07,100,maynas_persiann_cdr_2012_2023.zip,CDR_20170609z.asc,True,1.0,2017-06-04
2017-06-10,29.041700000000006,9.41,57.23,100,maynas_persiann_cdr_2012_2023.zip,CDR_20170610z.asc,True,1.0,2017-06-04
2017-06-11,0.6022,0.0,5.96,100,maynas_persiann_cdr_2012_2023.zip,CDR_20170611z.asc,True,0.0,2017-06-11
2017-06-12,2.4544,0.0,19.63,100,maynas_persiann_cdr_2012_2023.zip,CDR_20170612z.asc,True,1.0,2017-06-11
2017-06-13,9.834100000000001,0.0,52.97,100,maynas_persiann_cdr_2012_2023.zip,CDR_20170613z.asc,True,1.0,2017-06-11
2017-06-14,20.698800000000002,4.53,53.8,100,maynas_persiann_cdr_2012_2023.zip,CDR_20170614z.asc,True,1.0,2017-06-11
2017-06-15,7.2989,0.0,19.78,100,maynas_persiann_cdr_2012_2023.zip,CDR_20170615z.asc,True,1.0,2017-06-11
2017-06-16,3.168100000000001,0.0,13.44,100,maynas_persiann_cdr_2012_2023.zip,CDR_20170616z.asc,True,1.0,2017-06-11
2017-06-17,0.6536,0.0,4.35,100,maynas_persiann_cdr_2012_2023.zip,CDR_20170617z.asc,True,0.0,2017-06-11
2017-06-18,9.668200000000002,0.0,35.22,100,maynas_persiann_cdr_2012_2023.zip,CDR_20170618z.asc,True,1.0,2017-06-18
2017-06-19,15.957800000000002,0.0,57.75,100,maynas_persiann_cdr_2012_2023.zip,CDR_20170619z.asc,True,1.0,2017-06-18
2017-06-20,23.895799999999998,4.2,62.67,100,maynas_persiann_cdr_2012_2023.zip,CDR_20170620z.asc,True,1.0,2017-06-18
2017-06-21,38.611399999999996,11.03,78.14,100,maynas_persiann_cdr_2012_2023.zip,CDR_20170621z.asc,True,1.0,2017-06-18
2017-06-22,0.1366,0.0,3.0,100,maynas_persiann_cdr_2012_2023.zip,CDR_20170622z.asc,True,0.0,2017-06-18
2017-06-23,0.0848,0.0,1.82,100,maynas_persiann_cdr_2012_2023.zip,CDR_20170623z.asc,True,0.0,2017-06-18
2017-06-24,0.3892,0.0,9.02,100,maynas_persiann_cdr_2012_2023.zip,CDR_20170624z.asc,True,0.0,2017-06-18
2017-06-25,19.906399999999998,3.26,59.59,100,maynas_persiann_cdr_2012_2023.zip,CDR_20170625z.asc,True,1.0,2017-06-25
2017-06-26,4.6876,0.0,29.48,100,maynas_persiann_cdr_2012_2023.zip,CDR_20170626z.asc,True,1.0,2017-06-25
2017-06-27,8.2201,0.0,30.25,100,maynas_persiann_cdr_2012_2023.zip,CDR_20170627z.asc,True,1.0,2017-06-25
2017-06-28,6.901599999999999,0.0,23.92,100,maynas_persiann_cdr_2012_2023.zip,CDR_20170628z.asc,True,1.0,2017-06-25
2017-06-29,7.1808,0.0,21.43,100,maynas_persiann_cdr_2012_2023.zip,CDR_20170629z.asc,True,1.0,2017-06-25
2017-06-30,3.8426,0.0,18.58,100,maynas_persiann_cdr_2012_2023.zip,CDR_20170630z.asc,True,1.0,2017-06-25
2017-07-01,10.3407,0.0,63.3,100,maynas_persiann_cdr_2012_2023.zip,CDR_20170701z.asc,True,1.0,2017-06-25
2017-07-02,14.1733,0.0,63.01,100,maynas_persiann_cdr_2012_2023.zip,CDR_20170702z.asc,True,1.0,2017-07-02
2017-07-03,3.0776999999999997,0.0,14.09,100,maynas_persiann_cdr_2012_2023.zip,CDR_20170703z.asc,True,1.0,2017-07-02
2017-07-04,1.0399999999999998,0.0,13.0,100,maynas_persiann_cdr_2012_2023.zip,CDR_20170704z.asc,True,1.0,2017-07-02
2017-07-05,2.4469,0.0,36.7,100,maynas_persiann_cdr_2012_2023.zip,CDR_20170705z.asc,True,1.0,2017-07-02
2017-07-06,17.3536,0.0,66.35,100,maynas_persiann_cdr_2012_2023.zip,CDR_20170706z.asc,True,1.0,2017-07-02
2017-07-07,1.7112,0.0,9.73,100,maynas_persiann_cdr_2012_2023.zip,CDR_20170707z.asc,True,1.0,2017-07-02
2017-07-08,0.7018,0.0,16.07,100,maynas_persiann_cdr_2012_2023.zip,CDR_20170708z.asc,True,0.0,2017-07-02
2017-07-09,0.0467,0.0,2.46,100,maynas_persiann_cdr_2012_2023.zip,CDR_20170709z.asc,True,0.0,2017-07-09
2017-07-10,0.5344,0.0,8.09,100,maynas_persiann_cdr_2012_2023.zip,CDR_20170710z.asc,True,0.0,2017-07-09
2017-07-11,10.9727,0.0,69.47,100,maynas_persiann_cdr_2012_2023.zip,CDR_20170711z.asc,True,1.0,2017-07-09
2017-07-12,5.7951999999999995,0.0,29.36,100,maynas_persiann_cdr_2012_2023.zip,CDR_20170712z.asc,True,1.0,2017-07-09
2017-07-13,0.0482,0.0,2.47,100,maynas_persiann_cdr_2012_2023.zip,CDR_20170713z.asc,True,0.0,2017-07-09
2017-07-14,0.0,0.0,0.0,100,maynas_persiann_cdr_2012_2023.zip,CDR_20170714z.asc,True,0.0,2017-07-09
2017-07-15,0.038599999999999995,0.0,1.98,100,maynas_persiann_cdr_2012_2023.zip,CDR_20170715z.asc,True,0.0,2017-07-09
2017-07-16,0.7145,0.0,15.62,100,maynas_persiann_cdr_2012_2023.zip,CDR_20170716z.asc,True,0.0,2017-07-16
2017-07-17,11.2141,0.0,95.73,100,maynas_persiann_cdr_2012_2023.zip,CDR_20170717z.asc,True,1.0,2017-07-16
2017-07-18,33.6307,0.0,125.4,100,maynas_persiann_cdr_2012_2023.zip,CDR_20170718z.asc,True,1.0,2017-07-16
2017-07-19,1.3199,0.0,10.5,100,maynas_persiann_cdr_2012_2023.zip,CDR_20170719z.asc,True,1.0,2017-07-16
2017-07-20,0.0,0.0,0.0,100,maynas_persiann_cdr_2012_2023.zip,CDR_20170720z.asc,True,0.0,2017-07-16
2017-07-21,0.048,0.0,2.63,100,maynas_persiann_cdr_2012_2023.zip,CDR_20170721z.asc,True,0.0,2017-07-16
2017-07-22,0.0435,0.0,2.27,100,maynas_persiann_cdr_2012_2023.zip,CDR_20170722z.asc,True,0.0,2017-07-16
2017-07-23,0.2955,0.0,4.86,100,maynas_persiann_cdr_2012_2023.zip,CDR_20170723z.asc,True,0.0,2017-07-23
2017-07-24,0.8434,0.0,15.02,100,maynas_persiann_cdr_2012_2023.zip,CDR_20170724z.asc,True,0.0,2017-07-23
2017-07-25,3.847799999999999,0.0,25.9,100,maynas_persiann_cdr_2012_2023.zip,CDR_20170725z.asc,True,1.0,2017-07-23
2017-07-26,6.6876,0.0,49.43,100,maynas_persiann_cdr_2012_2023.zip,CDR_20170726z.asc,True,1.0,2017-07-23
2017-07-27,1.1137000000000001,0.0,11.59,100,maynas_persiann_cdr_2012_2023.zip,CDR_20170727z.asc,True,1.0,2017-07-23
2017-07-28,0.9638999999999999,0.0,12.87,100,maynas_persiann_cdr_2012_2023.zip,CDR_20170728z.asc,True,0.0,2017-07-23
2017-07-29,0.39659999999999995,0.0,7.39,100,maynas_persiann_cdr_2012_2023.zip,CDR_20170729z.asc,True,0.0,2017-07-23
2017-07-30,2.0669999999999997,0.0,22.6,100,maynas_persiann_cdr_2012_2023.zip,CDR_20170730z.asc,True,1.0,2017-07-30
2017-07-31,3.7752999999999997,0.0,34.34,100,maynas_persiann_cdr_2012_2023.zip,CDR_20170731z.asc,True,1.0,2017-07-30
2017-08-01,0.3159,0.0,5.03,100,maynas_persiann_cdr_2012_2023.zip,CDR_20170801z.asc,True,0.0,2017-07-30
2017-08-02,0.0,0.0,0.0,100,maynas_persiann_cdr_2012_2023.zip,CDR_20170802z.asc,True,0.0,2017-07-30
2017-08-03,1.0048000000000001,0.0,6.86,100,maynas_persiann_cdr_2012_2023.zip,CDR_20170803z.asc,True,1.0,2017-07-30
2017-08-04,5.3649000000000004,0.0,18.61,100,maynas_persiann_cdr_2012_2023.zip,CDR_20170804z.asc,True,1.0,2017-07-30
2017-08-05,8.275699999999999,0.0,32.87,100,maynas_persiann_cdr_2012_2023.zip,CDR_20170805z.asc,True,1.0,2017-07-30
2017-08-06,2.7702000000000004,0.0,28.09,100,maynas_persiann_cdr_2012_2023.zip,CDR_20170806z.asc,True,1.0,2017-08-06
2017-08-07,5.2428,0.0,20.32,100,maynas_persiann_cdr_2012_2023.zip,CDR_20170807z.asc,True,1.0,2017-08-06
2017-08-08,2.0718,0.0,29.64,100,maynas_persiann_cdr_2012_2023.zip,CDR_20170808z.asc,True,1.0,2017-08-06
2017-08-09,11.164699999999998,1.91,28.64,100,maynas_persiann_cdr_2012_2023.zip,CDR_20170809z.asc,True,1.0,2017-08-06
2017-08-10,19.531000000000002,0.0,38.41,100,maynas_persiann_cdr_2012_2023.zip,CDR_20170810z.asc,True,1.0,2017-08-06
2017-08-11,3.9047,0.0,12.99,100,maynas_persiann_cdr_2012_2023.zip,CDR_20170811z.asc,True,1.0,2017-08-06
2017-08-12,0.6642,0.0,11.76,100,maynas_persiann_cdr_2012_2023.zip,CDR_20170812z.asc,True,0.0,2017-08-06
2017-08-13,11.372199999999998,0.0,35.28,100,maynas_persiann_cdr_2012_2023.zip,CDR_20170813z.asc,True,1.0,2017-08-13
2017-08-14,8.342099999999999,0.0,28.58,100,maynas_persiann_cdr_2012_2023.zip,CDR_20170814z.asc,True,1.0,2017-08-13
2017-08-15,8.9512,2.44,18.37,100,maynas_persiann_cdr_2012_2023.zip,CDR_20170815z.asc,True,1.0,2017-08-13
2017-08-16,1.0937000000000001,0.0,6.82,100,maynas_persiann_cdr_2012_2023.zip,CDR_20170816z.asc,True,1.0,2017-08-13
2017-08-17,0.28350000000000003,0.0,19.17,100,maynas_persiann_cdr_2012_2023.zip,CDR_20170817z.asc,True,0.0,2017-08-13
2017-08-18,12.822300000000002,2.13,32.83,100,maynas_persiann_cdr_2012_2023.zip,CDR_20170818z.asc,True,1.0,2017-08-13
2017-08-19,19.276299999999996,4.49,34.56,100,maynas_persiann_cdr_2012_2023.zip,CDR_20170819z.asc,True,1.0,2017-08-13
2017-08-20,1.3101000000000003,0.0,13.09,100,maynas_persiann_cdr_2012_2023.zip,CDR_20170820z.asc,True,1.0,2017-08-20
2017-08-21,21.4091,2.41,50.04,100,maynas_persiann_cdr_2012_2023.zip,CDR_20170821z.asc,True,1.0,2017-08-20
2017-08-22,6.625299999999998,0.55,44.42,100,maynas_persiann_cdr_2012_2023.zip,CDR_20170822z.asc,True,1.0,2017-08-20
2017-08-23,0.2216,0.0,1.75,100,maynas_persiann_cdr_2012_2023.zip,CDR_20170823z.asc,True,0.0,2017-08-20
2017-08-24,2.9888,0.0,17.24,100,maynas_persiann_cdr_2012_2023.zip,CDR_20170824z.asc,True,1.0,2017-08-20
2017-08-25,6.340199999999999,0.8,18.58,100,maynas_persiann_cdr_2012_2023.zip,CDR_20170825z.asc,True,1.0,2017-08-20
2017-08-26,8.7375,1.82,24.34,100,maynas_persiann_cdr_2012_2023.zip,CDR_20170826z.asc,True,1.0,2017-08-20
2017-08-27,5.3363999999999985,0.0,20.87,100,maynas_persiann_cdr_2012_2023.zip,CDR_20170827z.asc,True,1.0,2017-08-27
2017-08-28,16.380399999999998,1.54,35.18,100,maynas_persiann_cdr_2012_2023.zip,CDR_20170828z.asc,True,1.0,2017-08-27
2017-08-29,12.622800000000002,4.64,24.78,100,maynas_persiann_cdr_2012_2023.zip,CDR_20170829z.asc,True,1.0,2017-08-27
2017-08-30,12.346900000000003,1.7,29.12,100,maynas_persiann_cdr_2012_2023.zip,CDR_20170830z.asc,True,1.0,2017-08-27
2017-08-31,5.4510000000000005,0.49,14.65,100,maynas_persiann_cdr_2012_2023.zip,CDR_20170831z.asc,True,1.0,2017-08-27
2017-09-01,4.2901,0.0,22.62,100,maynas_persiann_cdr_2012_2023.zip,CDR_20170901z.asc,True,1.0,2017-08-27
2017-09-02,6.5417999999999985,0.44,28.59,100,maynas_persiann_cdr_2012_2023.zip,CDR_20170902z.asc,True,1.0,2017-08-27
2017-09-03,4.9046,0.0,15.53,100,maynas_persiann_cdr_2012_2023.zip,CDR_20170903z.asc,True,1.0,2017-09-03
2017-09-04,0.6903999999999999,0.0,12.23,100,maynas_persiann_cdr_2012_2023.zip,CDR_20170904z.asc,True,0.0,2017-09-03
2017-09-05,6.691999999999999,0.0,21.0,100,maynas_persiann_cdr_2012_2023.zip,CDR_20170905z.asc,True,1.0,2017-09-03
2017-09-06,4.1265,0.0,25.08,100,maynas_persiann_cdr_2012_2023.zip,CDR_20170906z.asc,True,1.0,2017-09-03
2017-09-07,0.2808,0.0,6.13,100,maynas_persiann_cdr_2012_2023.zip,CDR_20170907z.asc,True,0.0,2017-09-03
2017-09-08,3.0397999999999996,0.0,18.97,100,maynas_persiann_cdr_2012_2023.zip,CDR_20170908z.asc,True,1.0,2017-09-03
2017-09-09,6.5378,0.0,19.85,100,maynas_persiann_cdr_2012_2023.zip,CDR_20170909z.asc,True,1.0,2017-09-03
2017-09-10,7.065399999999998,0.0,25.99,100,maynas_persiann_cdr_2012_2023.zip,CDR_20170910z.asc,True,1.0,2017-09-10
2017-09-11,14.6209,4.69,33.42,100,maynas_persiann_cdr_2012_2023.zip,CDR_20170911z.asc,True,1.0,2017-09-10
2017-09-12,19.644099999999998,5.18,36.67,100,maynas_persiann_cdr_2012_2023.zip,CDR_20170912z.asc,True,1.0,2017-09-10
2017-09-13,9.672600000000001,2.15,30.73,100,maynas_persiann_cdr_2012_2023.zip,CDR_20170913z.asc,True,1.0,2017-09-10
2017-09-14,6.855499999999999,0.0,20.69,100,maynas_persiann_cdr_2012_2023.zip,CDR_20170914z.asc,True,1.0,2017-09-10
2017-09-15,11.842699999999997,2.37,31.2,100,maynas_persiann_cdr_2012_2023.zip,CDR_20170915z.asc,True,1.0,2017-09-10
2017-09-16,14.7639,3.66,36.22,100,maynas_persiann_cdr_2012_2023.zip,CDR_20170916z.asc,True,1.0,2017-09-10
2017-09-17,5.764999999999999,0.56,21.67,100,maynas_persiann_cdr_2012_2023.zip,CDR_20170917z.asc,True,1.0,2017-09-17
2017-09-18,0.8264000000000001,0.0,5.06,100,maynas_persiann_cdr_2012_2023.zip,CDR_20170918z.asc,True,0.0,2017-09-17
2017-09-19,0.1318,0.0,3.03,100,maynas_persiann_cdr_2012_2023.zip,CDR_20170919z.asc,True,0.0,2017-09-17
2017-09-20,0.9451999999999999,0.0,5.98,100,maynas_persiann_cdr_2012_2023.zip,CDR_20170920z.asc,True,0.0,2017-09-17
2017-09-21,0.5556,0.0,6.87,100,maynas_persiann_cdr_2012_2023.zip,CDR_20170921z.asc,True,0.0,2017-09-17
2017-09-22,21.987000000000002,6.39,37.32,100,maynas_persiann_cdr_2012_2023.zip,CDR_20170922z.asc,True,1.0,2017-09-17
2017-09-23,26.3816,8.18,50.01,100,maynas_persiann_cdr_2012_2023.zip,CDR_20170923z.asc,True,1.0,2017-09-17
2017-09-24,9.142700000000001,2.13,16.38,100,maynas_persiann_cdr_2012_2023.zip,CDR_20170924z.asc,True,1.0,2017-09-24
2017-09-25,2.817800000000001,0.0,17.63,100,maynas_persiann_cdr_2012_2023.zip,CDR_20170925z.asc,True,1.0,2017-09-24
2017-09-26,2.6061,0.0,11.28,100,maynas_persiann_cdr_2012_2023.zip,CDR_20170926z.asc,True,1.0,2017-09-24
2017-09-27,6.136900000000001,0.0,24.14,100,maynas_persiann_cdr_2012_2023.zip,CDR_20170927z.asc,True,1.0,2017-09-24
2017-09-28,8.059800000000001,0.0,31.6,100,maynas_persiann_cdr_2012_2023.zip,CDR_20170928z.asc,True,1.0,2017-09-24
2017-09-29,15.520299999999999,2.5,39.12,100,maynas_persiann_cdr_2012_2023.zip,CDR_20170929z.asc,True,1.0,2017-09-24
2017-09-30,17.531699999999997,3.31,46.59,100,maynas_persiann_cdr_2012_2023.zip,CDR_20170930z.asc,True,1.0,2017-09-24
2017-10-01,7.3976999999999995,0.0,23.93,100,maynas_persiann_cdr_2012_2023.zip,CDR_20171001z.asc,True,1.0,2017-10-01
2017-10-02,0.05050000000000001,0.0,1.34,100,maynas_persiann_cdr_2012_2023.zip,CDR_20171002z.asc,True,0.0,2017-10-01
2017-10-03,7.5256,0.0,27.48,100,maynas_persiann_cdr_2012_2023.zip,CDR_20171003z.asc,True,1.0,2017-10-01
2017-10-04,36.6671,18.11,70.93,100,maynas_persiann_cdr_2012_2023.zip,CDR_20171004z.asc,True,1.0,2017-10-01
2017-10-05,9.552700000000002,0.0,32.45,100,maynas_persiann_cdr_2012_2023.zip,CDR_20171005z.asc,True,1.0,2017-10-01
2017-10-06,3.772999999999999,0.0,14.43,100,maynas_persiann_cdr_2012_2023.zip,CDR_20171006z.asc,True,1.0,2017-10-01
2017-10-07,7.389499999999999,1.28,26.66,100,maynas_persiann_cdr_2012_2023.zip,CDR_20171007z.asc,True,1.0,2017-10-01
2017-10-08,1.6786999999999999,0.0,7.43,100,maynas_persiann_cdr_2012_2023.zip,CDR_20171008z.asc,True,1.0,2017-10-08
2017-10-09,1.0754,0.0,8.5,100,maynas_persiann_cdr_2012_2023.zip,CDR_20171009z.asc,True,1.0,2017-10-08
2017-10-10,5.2274,0.0,25.06,100,maynas_persiann_cdr_2012_2023.zip,CDR_20171010z.asc,True,1.0,2017-10-08
2017-10-11,16.8542,2.7,51.19,100,maynas_persiann_cdr_2012_2023.zip,CDR_20171011z.asc,True,1.0,2017-10-08
2017-10-12,4.2036,0.0,24.73,100,maynas_persiann_cdr_2012_2023.zip,CDR_20171012z.asc,True,1.0,2017-10-08
2017-10-13,2.8815000000000004,0.0,15.17,100,maynas_persiann_cdr_2012_2023.zip,CDR_20171013z.asc,True,1.0,2017-10-08
2017-10-14,8.4673,0.0,34.94,100,maynas_persiann_cdr_2012_2023.zip,CDR_20171014z.asc,True,1.0,2017-10-08
2017-10-15,21.696499999999997,2.47,46.42,100,maynas_persiann_cdr_2012_2023.zip,CDR_20171015z.asc,True,1.0,2017-10-15
2017-10-16,1.2523,0.0,14.08,100,maynas_persiann_cdr_2012_2023.zip,CDR_20171016z.asc,True,1.0,2017-10-15
2017-10-17,7.1865000000000006,0.0,25.94,100,maynas_persiann_cdr_2012_2023.zip,CDR_20171017z.asc,True,1.0,2017-10-15
2017-10-18,6.6317,0.0,28.42,100,maynas_persiann_cdr_2012_2023.zip,CDR_20171018z.asc,True,1.0,2017-10-15
2017-10-19,3.6280999999999994,0.0,22.82,100,maynas_persiann_cdr_2012_2023.zip,CDR_20171019z.asc,True,1.0,2017-10-15
2017-10-20,2.2343,0.0,7.92,100,maynas_persiann_cdr_2012_2023.zip,CDR_20171020z.asc,True,1.0,2017-10-15
2017-10-21,5.660500000000001,0.0,26.53,100,maynas_persiann_cdr_2012_2023.zip,CDR_20171021z.asc,True,1.0,2017-10-15
2017-10-22,8.394300000000001,0.69,27.01,100,maynas_persiann_cdr_2012_2023.zip,CDR_20171022z.asc,True,1.0,2017-10-22
2017-10-23,20.558699999999998,6.44,34.67,100,maynas_persiann_cdr_2012_2023.zip,CDR_20171023z.asc,True,1.0,2017-10-22
2017-10-24,0.7983,0.0,4.2,100,maynas_persiann_cdr_2012_2023.zip,CDR_20171024z.asc,True,0.0,2017-10-22
2017-10-25,6.560400000000002,0.0,27.82,100,maynas_persiann_cdr_2012_2023.zip,CDR_20171025z.asc,True,1.0,2017-10-22
2017-10-26,2.9688,0.0,31.15,100,maynas_persiann_cdr_2012_2023.zip,CDR_20171026z.asc,True,1.0,2017-10-22
2017-10-27,18.9358,3.4,38.68,100,maynas_persiann_cdr_2012_2023.zip,CDR_20171027z.asc,True,1.0,2017-10-22
2017-10-28,3.7587,0.0,24.82,100,maynas_persiann_cdr_2012_2023.zip,CDR_20171028z.asc,True,1.0,2017-10-22
2017-10-29,17.1806,4.91,35.55,100,maynas_persiann_cdr_2012_2023.zip,CDR_20171029z.asc,True,1.0,2017-10-29
2017-10-30,16.070100000000004,3.59,37.99,100,maynas_persiann_cdr_2012_2023.zip,CDR_20171030z.asc,True,1.0,2017-10-29
2017-10-31,4.753299999999999,0.67,14.44,100,maynas_persiann_cdr_2012_2023.zip,CDR_20171031z.asc,True,1.0,2017-10-29
2017-11-01,4.8882,0.0,15.71,100,maynas_persiann_cdr_2012_2023.zip,CDR_20171101z.asc,True,1.0,2017-10-29
2017-11-02,12.259099999999998,3.16,27.96,100,maynas_persiann_cdr_2012_2023.zip,CDR_20171102z.asc,True,1.0,2017-10-29
2017-11-03,6.3508,0.0,27.66,100,maynas_persiann_cdr_2012_2023.zip,CDR_20171103z.asc,True,1.0,2017-10-29
2017-11-04,8.642199999999999,0.0,35.06,100,maynas_persiann_cdr_2012_2023.zip,CDR_20171104z.asc,True,1.0,2017-10-29
2017-11-05,13.518999999999998,4.0,25.84,100,maynas_persiann_cdr_2012_2023.zip,CDR_20171105z.asc,True,1.0,2017-11-05
2017-11-06,6.916200000000001,0.32,26.0,100,maynas_persiann_cdr_2012_2023.zip,CDR_20171106z.asc,True,1.0,2017-11-05
2017-11-07,7.3031000000000015,0.7,18.49,100,maynas_persiann_cdr_2012_2023.zip,CDR_20171107z.asc,True,1.0,2017-11-05
2017-11-08,6.0506,0.0,19.28,100,maynas_persiann_cdr_2012_2023.zip,CDR_20171108z.asc,True,1.0,2017-11-05
2017-11-09,13.592299999999998,1.21,32.09,100,maynas_persiann_cdr_2012_2023.zip,CDR_20171109z.asc,True,1.0,2017-11-05
2017-11-10,28.620600000000003,11.65,51.67,100,maynas_persiann_cdr_2012_2023.zip,CDR_20171110z.asc,True,1.0,2017-11-05
2017-11-11,5.004899999999999,1.75,10.9,100,maynas_persiann_cdr_2012_2023.zip,CDR_20171111z.asc,True,1.0,2017-11-05
2017-11-12,5.9399,0.0,19.72,100,maynas_persiann_cdr_2012_2023.zip,CDR_20171112z.asc,True,1.0,2017-11-12
2017-11-13,10.574499999999995,3.06,24.14,100,maynas_persiann_cdr_2012_2023.zip,CDR_20171113z.asc,True,1.0,2017-11-12
2017-11-14,4.1259999999999994,0.32,12.28,100,maynas_persiann_cdr_2012_2023.zip,CDR_20171114z.asc,True,1.0,2017-11-12
2017-11-15,6.029399999999999,0.81,15.46,100,maynas_persiann_cdr_2012_2023.zip,CDR_20171115z.asc,True,1.0,2017-11-12
2017-11-16,17.9935,3.7,46.29,100,maynas_persiann_cdr_2012_2023.zip,CDR_20171116z.asc,True,1.0,2017-11-12
2017-11-17,20.2225,4.62,39.16,100,maynas_persiann_cdr_2012_2023.zip,CDR_20171117z.asc,True,1.0,2017-11-12
2017-11-18,12.769800000000002,2.52,29.13,100,maynas_persiann_cdr_2012_2023.zip,CDR_20171118z.asc,True,1.0,2017-11-12
2017-11-19,15.284,4.47,30.92,100,maynas_persiann_cdr_2012_2023.zip,CDR_20171119z.asc,True,1.0,2017-11-19
2017-11-20,19.797200000000004,6.99,40.18,100,maynas_persiann_cdr_2012_2023.zip,CDR_20171120z.asc,True,1.0,2017-11-19
2017-11-21,6.3049,0.0,22.17,100,maynas_persiann_cdr_2012_2023.zip,CDR_20171121z.asc,True,1.0,2017-11-19
2017-11-22,5.824199999999999,0.0,18.12,100,maynas_persiann_cdr_2012_2023.zip,CDR_20171122z.asc,True,1.0,2017-11-19
2017-11-23,8.9662,1.67,24.96,100,maynas_persiann_cdr_2012_2023.zip,CDR_20171123z.asc,True,1.0,2017-11-19
2017-11-24,5.7951000000000015,0.59,20.67,100,maynas_persiann_cdr_2012_2023.zip,CDR_20171124z.asc,True,1.0,2017-11-19
2017-11-25,5.144799999999999,0.0,18.13,100,maynas_persiann_cdr_2012_2023.zip,CDR_20171125z.asc,True,1.0,2017-11-19
2017-11-26,4.9474,0.0,15.65,100,maynas_persiann_cdr_2012_2023.zip,CDR_20171126z.asc,True,1.0,2017-11-26
2017-11-27,13.23,1.55,51.25,100,maynas_persiann_cdr_2012_2023.zip,CDR_20171127z.asc,True,1.0,2017-11-26
2017-11-28,4.7164,0.0,17.73,100,maynas_persiann_cdr_2012_2023.zip,CDR_20171128z.asc,True,1.0,2017-11-26
2017-11-29,16.5719,2.08,32.08,100,maynas_persiann_cdr_2012_2023.zip,CDR_20171129z.asc,True,1.0,2017-11-26
2017-11-30,4.2258,0.43,18.89,100,maynas_persiann_cdr_2012_2023.zip,CDR_20171130z.asc,True,1.0,2017-11-26
2017-12-01,0.4536,0.0,9.11,100,maynas_persiann_cdr_2012_2023.zip,CDR_20171201z.asc,True,0.0,2017-11-26
2017-12-02,15.394899999999996,0.0,58.51,100,maynas_persiann_cdr_2012_2023.zip,CDR_20171202z.asc,True,1.0,2017-11-26
2017-12-03,21.859900000000003,10.58,60.94,100,maynas_persiann_cdr_2012_2023.zip,CDR_20171203z.asc,True,1.0,2017-12-03
2017-12-04,17.0322,0.85,33.98,100,maynas_persiann_cdr_2012_2023.zip,CDR_20171204z.asc,True,1.0,2017-12-03
2017-12-05,18.382400000000004,0.0,55.63,100,maynas_persiann_cdr_2012_2023.zip,CDR_20171205z.asc,True,1.0,2017-12-03
2017-12-06,10.202,0.66,36.3,100,maynas_persiann_cdr_2012_2023.zip,CDR_20171206z.asc,True,1.0,2017-12-03
2017-12-07,12.1455,3.26,31.85,100,maynas_persiann_cdr_2012_2023.zip,CDR_20171207z.asc,True,1.0,2017-12-03
2017-12-08,2.0317000000000003,0.0,11.06,100,maynas_persiann_cdr_2012_2023.zip,CDR_20171208z.asc,True,1.0,2017-12-03
2017-12-09,1.7191,0.0,15.16,100,maynas_persiann_cdr_2012_2023.zip,CDR_20171209z.asc,True,1.0,2017-12-03
2017-12-10,0.07150000000000001,0.0,1.44,100,maynas_persiann_cdr_2012_2023.zip,CDR_20171210z.asc,True,0.0,2017-12-10
2017-12-11,1.5805,0.0,19.85,100,maynas_persiann_cdr_2012_2023.zip,CDR_20171211z.asc,True,1.0,2017-12-10
2017-12-12,10.814899999999998,4.51,24.74,100,maynas_persiann_cdr_2012_2023.zip,CDR_20171212z.asc,True,1.0,2017-12-10
2017-12-13,1.3994,0.0,9.23,100,maynas_persiann_cdr_2012_2023.zip,CDR_20171213z.asc,True,1.0,2017-12-10
2017-12-14,0.38459999999999994,0.0,8.55,100,maynas_persiann_cdr_2012_2023.zip,CDR_20171214z.asc,True,0.0,2017-12-10
2017-12-15,0.5347,0.0,9.13,100,maynas_persiann_cdr_2012_2023.zip,CDR_20171215z.asc,True,0.0,2017-12-10
2017-12-16,10.3476,0.0,41.09,100,maynas_persiann_cdr_2012_2023.zip,CDR_20171216z.asc,True,1.0,2017-12-10
2017-12-17,0.5144000000000001,0.0,2.34,100,maynas_persiann_cdr_2012_2023.zip,CDR_20171217z.asc,True,0.0,2017-12-17
2017-12-18,0.4422999999999999,0.0,7.05,100,maynas_persiann_cdr_2012_2023.zip,CDR_20171218z.asc,True,0.0,2017-12-17
2017-12-19,2.4308,0.0,13.98,100,maynas_persiann_cdr_2012_2023.zip,CDR_20171219z.asc,True,1.0,2017-12-17
2017-12-20,2.8676999999999997,0.0,14.68,100,maynas_persiann_cdr_2012_2023.zip,CDR_20171220z.asc,True,1.0,2017-12-17
2017-12-21,2.9825,0.0,16.97,100,maynas_persiann_cdr_2012_2023.zip,CDR_20171221z.asc,True,1.0,2017-12-17
2017-12-22,1.6664,0.0,14.41,100,maynas_persiann_cdr_2012_2023.zip,CDR_20171222z.asc,True,1.0,2017-12-17
2017-12-23,10.1358,1.03,24.8,100,maynas_persiann_cdr_2012_2023.zip,CDR_20171223z.asc,True,1.0,2017-12-17
2017-12-24,5.1398,0.0,16.78,100,maynas_persiann_cdr_2012_2023.zip,CDR_20171224z.asc,True,1.0,2017-12-24
2017-12-25,11.2837,0.0,33.18,100,maynas_persiann_cdr_2012_2023.zip,CDR_20171225z.asc,True,1.0,2017-12-24
2017-12-26,2.154,0.0,13.02,100,maynas_persiann_cdr_2012_2023.zip,CDR_20171226z.asc,True,1.0,2017-12-24
2017-12-27,4.251399999999999,0.0,22.33,100,maynas_persiann_cdr_2012_2023.zip,CDR_20171227z.asc,True,1.0,2017-12-24
2017-12-28,20.0012,8.55,47.86,100,maynas_persiann_cdr_2012_2023.zip,CDR_20171228z.asc,True,1.0,2017-12-24
2017-12-29,6.2011,0.0,22.77,100,maynas_persiann_cdr_2012_2023.zip,CDR_20171229z.asc,True,1.0,2017-12-24
2017-12-30,11.277899999999997,0.0,27.08,100,maynas_persiann_cdr_2012_2023.zip,CDR_20171230z.asc,True,1.0,2017-12-24
2017-12-31,15.2997,3.94,38.68,100,maynas_persiann_cdr_2012_2023.zip,CDR_20171231z.asc,True,1.0,2017-12-31
2018-01-01,27.810999999999993,5.12,61.86,100,maynas_persiann_cdr_2012_2023.zip,CDR_20180101z.asc,True,1.0,2017-12-31
2018-01-02,29.8475,5.71,55.47,100,maynas_persiann_cdr_2012_2023.zip,CDR_20180102z.asc,True,1.0,2017-12-31
2018-01-03,2.8032999999999997,0.0,14.21,100,maynas_persiann_cdr_2012_2023.zip,CDR_20180103z.asc,True,1.0,2017-12-31
2018-01-04,12.3368,2.57,51.97,100,maynas_persiann_cdr_2012_2023.zip,CDR_20180104z.asc,True,1.0,2017-12-31
2018-01-05,18.660399999999996,1.67,64.13,100,maynas_persiann_cdr_2012_2023.zip,CDR_20180105z.asc,True,1.0,2017-12-31
2018-01-06,11.334400000000002,0.86,41.33,100,maynas_persiann_cdr_2012_2023.zip,CDR_20180106z.asc,True,1.0,2017-12-31
2018-01-07,10.806599999999998,0.0,33.6,100,maynas_persiann_cdr_2012_2023.zip,CDR_20180107z.asc,True,1.0,2018-01-07
2018-01-08,6.040900000000001,0.0,27.4,100,maynas_persiann_cdr_2012_2023.zip,CDR_20180108z.asc,True,1.0,2018-01-07
2018-01-09,9.812600000000002,0.0,25.9,100,maynas_persiann_cdr_2012_2023.zip,CDR_20180109z.asc,True,1.0,2018-01-07
2018-01-10,11.329999999999998,3.12,27.71,100,maynas_persiann_cdr_2012_2023.zip,CDR_20180110z.asc,True,1.0,2018-01-07
2018-01-11,20.4515,2.14,64.37,100,maynas_persiann_cdr_2012_2023.zip,CDR_20180111z.asc,True,1.0,2018-01-07
2018-01-12,5.784699999999999,0.0,19.82,100,maynas_persiann_cdr_2012_2023.zip,CDR_20180112z.asc,True,1.0,2018-01-07
2018-01-13,3.0306,0.0,11.69,100,maynas_persiann_cdr_2012_2023.zip,CDR_20180113z.asc,True,1.0,2018-01-07
2018-01-14,5.339700000000001,0.0,16.95,100,maynas_persiann_cdr_2012_2023.zip,CDR_20180114z.asc,True,1.0,2018-01-14
2018-01-15,39.5879,3.74,85.05,100,maynas_persiann_cdr_2012_2023.zip,CDR_20180115z.asc,True,1.0,2018-01-14
2018-01-16,12.2216,1.56,38.06,100,maynas_persiann_cdr_2012_2023.zip,CDR_20180116z.asc,True,1.0,2018-01-14
2018-01-17,1.9040000000000001,0.0,6.26,100,maynas_persiann_cdr_2012_2023.zip,CDR_20180117z.asc,True,1.0,2018-01-14
2018-01-18,2.9406,0.0,14.54,100,maynas_persiann_cdr_2012_2023.zip,CDR_20180118z.asc,True,1.0,2018-01-14
2018-01-19,17.9954,5.69,38.11,100,maynas_persiann_cdr_2012_2023.zip,CDR_20180119z.asc,True,1.0,2018-01-14
2018-01-20,6.538,0.0,15.92,100,maynas_persiann_cdr_2012_2023.zip,CDR_20180120z.asc,True,1.0,2018-01-14
2018-01-21,3.668799999999999,0.0,21.41,100,maynas_persiann_cdr_2012_2023.zip,CDR_20180121z.asc,True,1.0,2018-01-21
2018-01-22,2.6728000000000005,0.0,15.11,100,maynas_persiann_cdr_2012_2023.zip,CDR_20180122z.asc,True,1.0,2018-01-21
2018-01-23,9.108600000000001,0.0,37.46,100,maynas_persiann_cdr_2012_2023.zip,CDR_20180123z.asc,True,1.0,2018-01-21
2018-01-24,10.0375,0.0,33.59,100,maynas_persiann_cdr_2012_2023.zip,CDR_20180124z.asc,True,1.0,2018-01-21
2018-01-25,1.3772,0.0,18.87,100,maynas_persiann_cdr_2012_2023.zip,CDR_20180125z.asc,True,1.0,2018-01-21
2018-01-26,6.2829999999999995,0.0,21.52,100,maynas_persiann_cdr_2012_2023.zip,CDR_20180126z.asc,True,1.0,2018-01-21
2018-01-27,2.7815999999999996,0.0,17.86,100,maynas_persiann_cdr_2012_2023.zip,CDR_20180127z.asc,True,1.0,2018-01-21
2018-01-28,0.15239999999999998,0.0,3.97,100,maynas_persiann_cdr_2012_2023.zip,CDR_20180128z.asc,True,0.0,2018-01-28
2018-01-29,0.6824999999999999,0.0,9.44,100,maynas_persiann_cdr_2012_2023.zip,CDR_20180129z.asc,True,0.0,2018-01-28
2018-01-30,0.9885,0.0,16.79,100,maynas_persiann_cdr_2012_2023.zip,CDR_20180130z.asc,True,0.0,2018-01-28
2018-01-31,1.2162999999999997,0.0,12.69,100,maynas_persiann_cdr_2012_2023.zip,CDR_20180131z.asc,True,1.0,2018-01-28
2018-02-01,4.940199999999999,0.0,27.64,100,maynas_persiann_cdr_2012_2023.zip,CDR_20180201z.asc,True,1.0,2018-01-28
2018-02-02,4.099499999999999,0.0,23.85,100,maynas_persiann_cdr_2012_2023.zip,CDR_20180202z.asc,True,1.0,2018-01-28
2018-02-03,0.8203999999999999,0.0,8.57,100,maynas_persiann_cdr_2012_2023.zip,CDR_20180203z.asc,True,0.0,2018-01-28
2018-02-04,0.46399999999999997,0.0,6.64,100,maynas_persiann_cdr_2012_2023.zip,CDR_20180204z.asc,True,0.0,2018-02-04
2018-02-05,10.1037,0.0,54.12,100,maynas_persiann_cdr_2012_2023.zip,CDR_20180205z.asc,True,1.0,2018-02-04
2018-02-06,7.7764,0.0,32.25,100,maynas_persiann_cdr_2012_2023.zip,CDR_20180206z.asc,True,1.0,2018-02-04
2018-02-07,4.26,0.0,14.88,100,maynas_persiann_cdr_2012_2023.zip,CDR_20180207z.asc,True,1.0,2018-02-04
2018-02-08,0.5361,0.0,5.39,100,maynas_persiann_cdr_2012_2023.zip,CDR_20180208z.asc,True,0.0,2018-02-04
2018-02-09,0.028499999999999998,0.0,0.63,100,maynas_persiann_cdr_2012_2023.zip,CDR_20180209z.asc,True,0.0,2018-02-04
2018-02-10,0.1509,0.0,4.35,100,maynas_persiann_cdr_2012_2023.zip,CDR_20180210z.asc,True,0.0,2018-02-04
2018-02-11,3.8427999999999995,0.0,20.19,100,maynas_persiann_cdr_2012_2023.zip,CDR_20180211z.asc,True,1.0,2018-02-11
2018-02-12,3.2431,0.0,14.49,100,maynas_persiann_cdr_2012_2023.zip,CDR_20180212z.asc,True,1.0,2018-02-11
2018-02-13,4.308,0.0,20.15,100,maynas_persiann_cdr_2012_2023.zip,CDR_20180213z.asc,True,1.0,2018-02-11
2018-02-14,2.5834999999999995,0.0,12.74,100,maynas_persiann_cdr_2012_2023.zip,CDR_20180214z.asc,True,1.0,2018-02-11
2018-02-15,5.54,0.0,22.03,100,maynas_persiann_cdr_2012_2023.zip,CDR_20180215z.asc,True,1.0,2018-02-11
2018-02-16,4.2124,0.0,12.52,100,maynas_persiann_cdr_2012_2023.zip,CDR_20180216z.asc,True,1.0,2018-02-11
2018-02-17,12.240299999999996,0.0,38.48,100,maynas_persiann_cdr_2012_2023.zip,CDR_20180217z.asc,True,1.0,2018-02-11
2018-02-18,7.3678,0.0,37.62,100,maynas_persiann_cdr_2012_2023.zip,CDR_20180218z.asc,True,1.0,2018-02-18
2018-02-19,6.911899999999999,0.55,22.19,100,maynas_persiann_cdr_2012_2023.zip,CDR_20180219z.asc,True,1.0,2018-02-18
2018-02-20,0.5888000000000001,0.0,3.23,100,maynas_persiann_cdr_2012_2023.zip,CDR_20180220z.asc,True,0.0,2018-02-18
2018-02-21,0.19729999999999998,0.0,1.72,100,maynas_persiann_cdr_2012_2023.zip,CDR_20180221z.asc,True,0.0,2018-02-18
2018-02-22,0.5661999999999999,0.0,7.07,100,maynas_persiann_cdr_2012_2023.zip,CDR_20180222z.asc,True,0.0,2018-02-18
2018-02-23,0.8284999999999999,0.0,6.6,100,maynas_persiann_cdr_2012_2023.zip,CDR_20180223z.asc,True,0.0,2018-02-18
2018-02-24,4.9741,0.0,20.21,100,maynas_persiann_cdr_2012_2023.zip,CDR_20180224z.asc,True,1.0,2018-02-18
2018-02-25,4.7087,0.0,21.91,100,maynas_persiann_cdr_2012_2023.zip,CDR_20180225z.asc,True,1.0,2018-02-25
2018-02-26,22.3635,0.97,48.35,100,maynas_persiann_cdr_2012_2023.zip,CDR_20180226z.asc,True,1.0,2018-02-25
2018-02-27,4.2504,0.0,33.86,100,maynas_persiann_cdr_2012_2023.zip,CDR_20180227z.asc,True,1.0,2018-02-25
2018-02-28,10.5113,0.0,34.74,100,maynas_persiann_cdr_2012_2023.zip,CDR_20180228z.asc,True,1.0,2018-02-25
2018-03-01,17.729,1.65,37.76,100,maynas_persiann_cdr_2012_2023.zip,CDR_20180301z.asc,True,1.0,2018-02-25
2018-03-02,22.9403,10.53,66.91,100,maynas_persiann_cdr_2012_2023.zip,CDR_20180302z.asc,True,1.0,2018-02-25
2018-03-03,10.3391,1.47,31.41,100,maynas_persiann_cdr_2012_2023.zip,CDR_20180303z.asc,True,1.0,2018-02-25
2018-03-04,2.8967,0.0,20.74,100,maynas_persiann_cdr_2012_2023.zip,CDR_20180304z.asc,True,1.0,2018-03-04
2018-03-05,3.7216000000000005,0.0,18.49,100,maynas_persiann_cdr_2012_2023.zip,CDR_20180305z.asc,True,1.0,2018-03-04
2018-03-06,33.5413,16.6,57.96,100,maynas_persiann_cdr_2012_2023.zip,CDR_20180306z.asc,True,1.0,2018-03-04
2018-03-07,26.611499999999996,6.9,45.92,100,maynas_persiann_cdr_2012_2023.zip,CDR_20180307z.asc,True,1.0,2018-03-04
2018-03-08,41.6833,21.4,64.08,100,maynas_persiann_cdr_2012_2023.zip,CDR_20180308z.asc,True,1.0,2018-03-04
2018-03-09,13.546699999999998,4.95,31.65,100,maynas_persiann_cdr_2012_2023.zip,CDR_20180309z.asc,True,1.0,2018-03-04
2018-03-10,12.0001,0.73,33.58,100,maynas_persiann_cdr_2012_2023.zip,CDR_20180310z.asc,True,1.0,2018-03-04
2018-03-11,2.4682,0.0,24.41,100,maynas_persiann_cdr_2012_2023.zip,CDR_20180311z.asc,True,1.0,2018-03-11
2018-03-12,7.3363,0.0,35.73,100,maynas_persiann_cdr_2012_2023.zip,CDR_20180312z.asc,True,1.0,2018-03-11
2018-03-13,9.1998,0.52,29.64,100,maynas_persiann_cdr_2012_2023.zip,CDR_20180313z.asc,True,1.0,2018-03-11
2018-03-14,13.322099999999999,1.26,40.07,100,maynas_persiann_cdr_2012_2023.zip,CDR_20180314z.asc,True,1.0,2018-03-11
2018-03-15,14.1143,1.1,36.34,100,maynas_persiann_cdr_2012_2023.zip,CDR_20180315z.asc,True,1.0,2018-03-11
2018-03-16,1.6049,0.0,11.21,100,maynas_persiann_cdr_2012_2023.zip,CDR_20180316z.asc,True,1.0,2018-03-11
2018-03-17,5.9876,0.7,20.41,100,maynas_persiann_cdr_2012_2023.zip,CDR_20180317z.asc,True,1.0,2018-03-11
2018-03-18,7.878899999999999,0.0,22.37,100,maynas_persiann_cdr_2012_2023.zip,CDR_20180318z.asc,True,1.0,2018-03-18
2018-03-19,15.603399999999999,4.13,38.17,100,maynas_persiann_cdr_2012_2023.zip,CDR_20180319z.asc,True,1.0,2018-03-18
2018-03-20,8.763100000000001,1.59,21.31,100,maynas_persiann_cdr_2012_2023.zip,CDR_20180320z.asc,True,1.0,2018-03-18
2018-03-21,1.5456999999999999,0.0,21.82,100,maynas_persiann_cdr_2012_2023.zip,CDR_20180321z.asc,True,1.0,2018-03-18
2018-03-22,9.0321,1.0,21.55,100,maynas_persiann_cdr_2012_2023.zip,CDR_20180322z.asc,True,1.0,2018-03-18
2018-03-23,7.9291,1.66,18.64,100,maynas_persiann_cdr_2012_2023.zip,CDR_20180323z.asc,True,1.0,2018-03-18
2018-03-24,4.6383,0.39,14.19,100,maynas_persiann_cdr_2012_2023.zip,CDR_20180324z.asc,True,1.0,2018-03-18
2018-03-25,3.1712000000000007,0.0,15.37,100,maynas_persiann_cdr_2012_2023.zip,CDR_20180325z.asc,True,1.0,2018-03-25
2018-03-26,11.741999999999997,0.0,35.52,100,maynas_persiann_cdr_2012_2023.zip,CDR_20180326z.asc,True,1.0,2018-03-25
2018-03-27,22.612300000000005,2.05,46.81,100,maynas_persiann_cdr_2012_2023.zip,CDR_20180327z.asc,True,1.0,2018-03-25
2018-03-28,0.39309999999999995,0.0,3.44,100,maynas_persiann_cdr_2012_2023.zip,CDR_20180328z.asc,True,0.0,2018-03-25
2018-03-29,9.3497,1.41,20.35,100,maynas_persiann_cdr_2012_2023.zip,CDR_20180329z.asc,True,1.0,2018-03-25
2018-03-30,17.748900000000003,2.82,39.36,100,maynas_persiann_cdr_2012_2023.zip,CDR_20180330z.asc,True,1.0,2018-03-25
2018-03-31,4.4041999999999994,0.0,12.48,100,maynas_persiann_cdr_2012_2023.zip,CDR_20180331z.asc,True,1.0,2018-03-25
2018-04-01,5.645399999999999,0.0,16.39,100,maynas_persiann_cdr_2012_2023.zip,CDR_20180401z.asc,True,1.0,2018-04-01
2018-04-02,6.633700000000001,0.0,26.64,100,maynas_persiann_cdr_2012_2023.zip,CDR_20180402z.asc,True,1.0,2018-04-01
2018-04-03,26.609299999999994,10.07,43.91,100,maynas_persiann_cdr_2012_2023.zip,CDR_20180403z.asc,True,1.0,2018-04-01
2018-04-04,4.5641,0.0,15.89,100,maynas_persiann_cdr_2012_2023.zip,CDR_20180404z.asc,True,1.0,2018-04-01
2018-04-05,7.4977,0.0,24.41,100,maynas_persiann_cdr_2012_2023.zip,CDR_20180405z.asc,True,1.0,2018-04-01
2018-04-06,19.2135,3.63,42.47,100,maynas_persiann_cdr_2012_2023.zip,CDR_20180406z.asc,True,1.0,2018-04-01
2018-04-07,1.5918000000000003,0.0,9.04,100,maynas_persiann_cdr_2012_2023.zip,CDR_20180407z.asc,True,1.0,2018-04-01
2018-04-08,16.1759,3.24,38.56,100,maynas_persiann_cdr_2012_2023.zip,CDR_20180408z.asc,True,1.0,2018-04-08
2018-04-09,5.9684,0.0,19.08,100,maynas_persiann_cdr_2012_2023.zip,CDR_20180409z.asc,True,1.0,2018-04-08
2018-04-10,2.6462,0.0,13.01,100,maynas_persiann_cdr_2012_2023.zip,CDR_20180410z.asc,True,1.0,2018-04-08
2018-04-11,3.790200000000001,0.0,15.23,100,maynas_persiann_cdr_2012_2023.zip,CDR_20180411z.asc,True,1.0,2018-04-08
2018-04-12,8.779400000000003,0.0,32.6,100,maynas_persiann_cdr_2012_2023.zip,CDR_20180412z.asc,True,1.0,2018-04-08
2018-04-13,29.292500000000004,5.86,59.2,100,maynas_persiann_cdr_2012_2023.zip,CDR_20180413z.asc,True,1.0,2018-04-08
2018-04-14,2.8138,0.0,26.73,100,maynas_persiann_cdr_2012_2023.zip,CDR_20180414z.asc,True,1.0,2018-04-08
2018-04-15,3.366,0.0,23.1,100,maynas_persiann_cdr_2012_2023.zip,CDR_20180415z.asc,True,1.0,2018-04-15
2018-04-16,14.321599999999998,6.18,27.99,100,maynas_persiann_cdr_2012_2023.zip,CDR_20180416z.asc,True,1.0,2018-04-15
2018-04-17,6.579200000000001,0.0,14.63,100,maynas_persiann_cdr_2012_2023.zip,CDR_20180417z.asc,True,1.0,2018-04-15
2018-04-18,7.4956,0.0,17.43,100,maynas_persiann_cdr_2012_2023.zip,CDR_20180418z.asc,True,1.0,2018-04-15
2018-04-19,28.633200000000002,0.0,55.24,100,maynas_persiann_cdr_2012_2023.zip,CDR_20180419z.asc,True,1.0,2018-04-15
2018-04-20,3.9303000000000003,0.0,17.12,100,maynas_persiann_cdr_2012_2023.zip,CDR_20180420z.asc,True,1.0,2018-04-15
2018-04-21,7.032499999999999,0.0,19.86,100,maynas_persiann_cdr_2012_2023.zip,CDR_20180421z.asc,True,1.0,2018-04-15
2018-04-22,5.6896,0.0,26.55,100,maynas_persiann_cdr_2012_2023.zip,CDR_20180422z.asc,True,1.0,2018-04-22
2018-04-23,1.3465,0.0,3.74,100,maynas_persiann_cdr_2012_2023.zip,CDR_20180423z.asc,True,1.0,2018-04-22
2018-04-24,6.4286,0.0,22.98,100,maynas_persiann_cdr_2012_2023.zip,CDR_20180424z.asc,True,1.0,2018-04-22
2018-04-25,7.685899999999999,0.6,28.02,100,maynas_persiann_cdr_2012_2023.zip,CDR_20180425z.asc,True,1.0,2018-04-22
2018-04-26,3.5065000000000004,0.0,15.22,100,maynas_persiann_cdr_2012_2023.zip,CDR_20180426z.asc,True,1.0,2018-04-22
2018-04-27,3.2392000000000007,0.0,16.61,100,maynas_persiann_cdr_2012_2023.zip,CDR_20180427z.asc,True,1.0,2018-04-22
2018-04-28,12.595800000000002,2.86,28.88,100,maynas_persiann_cdr_2012_2023.zip,CDR_20180428z.asc,True,1.0,2018-04-22
2018-04-29,13.453899999999999,4.64,38.38,100,maynas_persiann_cdr_2012_2023.zip,CDR_20180429z.asc,True,1.0,2018-04-29
2018-04-30,4.8645,0.0,29.34,100,maynas_persiann_cdr_2012_2023.zip,CDR_20180430z.asc,True,1.0,2018-04-29
2018-05-01,2.8201000000000005,0.0,13.16,100,maynas_persiann_cdr_2012_2023.zip,CDR_20180501z.asc,True,1.0,2018-04-29
2018-05-02,9.7678,0.0,38.66,100,maynas_persiann_cdr_2012_2023.zip,CDR_20180502z.asc,True,1.0,2018-04-29
2018-05-03,7.084199999999999,0.0,28.46,100,maynas_persiann_cdr_2012_2023.zip,CDR_20180503z.asc,True,1.0,2018-04-29
2018-05-04,8.5387,0.0,35.41,100,maynas_persiann_cdr_2012_2023.zip,CDR_20180504z.asc,True,1.0,2018-04-29
2018-05-05,42.6637,1.99,92.58,100,maynas_persiann_cdr_2012_2023.zip,CDR_20180505z.asc,True,1.0,2018-04-29
2018-05-06,5.783399999999999,0.0,19.9,100,maynas_persiann_cdr_2012_2023.zip,CDR_20180506z.asc,True,1.0,2018-05-06
2018-05-07,10.4001,2.72,45.87,100,maynas_persiann_cdr_2012_2023.zip,CDR_20180507z.asc,True,1.0,2018-05-06
2018-05-08,2.5081,0.0,9.86,100,maynas_persiann_cdr_2012_2023.zip,CDR_20180508z.asc,True,1.0,2018-05-06
2018-05-09,3.9614000000000003,0.0,18.24,100,maynas_persiann_cdr_2012_2023.zip,CDR_20180509z.asc,True,1.0,2018-05-06
2018-05-10,14.859699999999998,0.0,67.4,100,maynas_persiann_cdr_2012_2023.zip,CDR_20180510z.asc,True,1.0,2018-05-06
2018-05-11,3.2602999999999995,0.0,18.45,100,maynas_persiann_cdr_2012_2023.zip,CDR_20180511z.asc,True,1.0,2018-05-06
2018-05-12,15.401399999999999,2.52,31.13,100,maynas_persiann_cdr_2012_2023.zip,CDR_20180512z.asc,True,1.0,2018-05-06
2018-05-13,14.614499999999998,0.84,41.77,100,maynas_persiann_cdr_2012_2023.zip,CDR_20180513z.asc,True,1.0,2018-05-13
2018-05-14,6.7241,0.0,27.12,100,maynas_persiann_cdr_2012_2023.zip,CDR_20180514z.asc,True,1.0,2018-05-13
2018-05-15,11.823,0.0,55.58,100,maynas_persiann_cdr_2012_2023.zip,CDR_20180515z.asc,True,1.0,2018-05-13
2018-05-16,27.5117,4.92,54.65,100,maynas_persiann_cdr_2012_2023.zip,CDR_20180516z.asc,True,1.0,2018-05-13
2018-05-17,4.9483,0.0,22.24,100,maynas_persiann_cdr_2012_2023.zip,CDR_20180517z.asc,True,1.0,2018-05-13
2018-05-18,6.234,0.0,29.96,100,maynas_persiann_cdr_2012_2023.zip,CDR_20180518z.asc,True,1.0,2018-05-13
2018-05-19,12.5589,1.4,45.0,100,maynas_persiann_cdr_2012_2023.zip,CDR_20180519z.asc,True,1.0,2018-05-13
2018-05-20,35.881,9.39,70.05,100,maynas_persiann_cdr_2012_2023.zip,CDR_20180520z.asc,True,1.0,2018-05-20
2018-05-21,24.014400000000006,0.0,78.55,100,maynas_persiann_cdr_2012_2023.zip,CDR_20180521z.asc,True,1.0,2018-05-20
2018-05-22,1.9482,0.0,16.25,100,maynas_persiann_cdr_2012_2023.zip,CDR_20180522z.asc,True,1.0,2018-05-20
2018-05-23,5.5522,0.0,38.64,100,maynas_persiann_cdr_2012_2023.zip,CDR_20180523z.asc,True,1.0,2018-05-20
2018-05-24,7.0328,0.0,31.81,100,maynas_persiann_cdr_2012_2023.zip,CDR_20180524z.asc,True,1.0,2018-05-20
2018-05-25,1.4718,0.0,15.78,100,maynas_persiann_cdr_2012_2023.zip,CDR_20180525z.asc,True,1.0,2018-05-20
2018-05-26,2.2573000000000003,0.0,9.83,100,maynas_persiann_cdr_2012_2023.zip,CDR_20180526z.asc,True,1.0,2018-05-20
2018-05-27,2.404,0.0,25.61,100,maynas_persiann_cdr_2012_2023.zip,CDR_20180527z.asc,True,1.0,2018-05-27
2018-05-28,14.5506,3.92,34.54,100,maynas_persiann_cdr_2012_2023.zip,CDR_20180528z.asc,True,1.0,2018-05-27
2018-05-29,18.021,2.23,43.49,100,maynas_persiann_cdr_2012_2023.zip,CDR_20180529z.asc,True,1.0,2018-05-27
2018-05-30,9.2301,0.0,32.03,100,maynas_persiann_cdr_2012_2023.zip,CDR_20180530z.asc,True,1.0,2018-05-27
2018-05-31,9.3825,0.0,33.08,100,maynas_persiann_cdr_2012_2023.zip,CDR_20180531z.asc,True,1.0,2018-05-27
2018-06-01,7.7373,0.0,63.05,100,maynas_persiann_cdr_2012_2023.zip,CDR_20180601z.asc,True,1.0,2018-05-27
2018-06-02,17.5302,0.0,75.34,100,maynas_persiann_cdr_2012_2023.zip,CDR_20180602z.asc,True,1.0,2018-05-27
2018-06-03,45.108999999999995,3.84,159.89,100,maynas_persiann_cdr_2012_2023.zip,CDR_20180603z.asc,True,1.0,2018-06-03
2018-06-04,13.9326,0.0,71.2,100,maynas_persiann_cdr_2012_2023.zip,CDR_20180604z.asc,True,1.0,2018-06-03
2018-06-05,1.2764000000000002,0.0,5.49,100,maynas_persiann_cdr_2012_2023.zip,CDR_20180605z.asc,True,1.0,2018-06-03
2018-06-06,0.0,0.0,0.0,100,maynas_persiann_cdr_2012_2023.zip,CDR_20180606z.asc,True,0.0,2018-06-03
2018-06-07,0.0,0.0,0.0,100,maynas_persiann_cdr_2012_2023.zip,CDR_20180607z.asc,True,0.0,2018-06-03
2018-06-08,0.0,0.0,0.0,100,maynas_persiann_cdr_2012_2023.zip,CDR_20180608z.asc,True,0.0,2018-06-03
2018-06-09,0.40989999999999993,0.0,4.78,100,maynas_persiann_cdr_2012_2023.zip,CDR_20180609z.asc,True,0.0,2018-06-03
2018-06-10,0.6073999999999999,0.0,3.02,100,maynas_persiann_cdr_2012_2023.zip,CDR_20180610z.asc,True,0.0,2018-06-10
2018-06-11,11.422699999999997,0.0,53.21,100,maynas_persiann_cdr_2012_2023.zip,CDR_20180611z.asc,True,1.0,2018-06-10
2018-06-12,7.237299999999999,0.0,73.76,100,maynas_persiann_cdr_2012_2023.zip,CDR_20180612z.asc,True,1.0,2018-06-10
2018-06-13,10.6498,0.0,46.45,100,maynas_persiann_cdr_2012_2023.zip,CDR_20180613z.asc,True,1.0,2018-06-10
2018-06-14,13.101199999999999,0.0,45.37,100,maynas_persiann_cdr_2012_2023.zip,CDR_20180614z.asc,True,1.0,2018-06-10
2018-06-15,13.491399999999999,1.16,56.87,100,maynas_persiann_cdr_2012_2023.zip,CDR_20180615z.asc,True,1.0,2018-06-10
2018-06-16,2.7565000000000004,0.0,17.0,100,maynas_persiann_cdr_2012_2023.zip,CDR_20180616z.asc,True,1.0,2018-06-10
2018-06-17,0.0231,0.0,2.31,100,maynas_persiann_cdr_2012_2023.zip,CDR_20180617z.asc,True,0.0,2018-06-17
2018-06-18,0.0,0.0,0.0,100,maynas_persiann_cdr_2012_2023.zip,CDR_20180618z.asc,True,0.0,2018-06-17
2018-06-19,0.021100000000000004,0.0,1.07,100,maynas_persiann_cdr_2012_2023.zip,CDR_20180619z.asc,True,0.0,2018-06-17
2018-06-20,0.0473,0.0,1.88,100,maynas_persiann_cdr_2012_2023.zip,CDR_20180620z.asc,True,0.0,2018-06-17
2018-06-21,0.39770000000000005,0.0,4.54,100,maynas_persiann_cdr_2012_2023.zip,CDR_20180621z.asc,True,0.0,2018-06-17
2018-06-22,2.3479,0.0,18.14,100,maynas_persiann_cdr_2012_2023.zip,CDR_20180622z.asc,True,1.0,2018-06-17
2018-06-23,8.3999,0.0,25.22,100,maynas_persiann_cdr_2012_2023.zip,CDR_20180623z.asc,True,1.0,2018-06-17
2018-06-24,10.546199999999999,0.0,50.46,100,maynas_persiann_cdr_2012_2023.zip,CDR_20180624z.asc,True,1.0,2018-06-24
2018-06-25,11.942499999999997,0.0,44.97,100,maynas_persiann_cdr_2012_2023.zip,CDR_20180625z.asc,True,1.0,2018-06-24
2018-06-26,34.6284,2.45,83.69,100,maynas_persiann_cdr_2012_2023.zip,CDR_20180626z.asc,True,1.0,2018-06-24
2018-06-27,6.6354,0.0,46.4,100,maynas_persiann_cdr_2012_2023.zip,CDR_20180627z.asc,True,1.0,2018-06-24
2018-06-28,2.8073999999999995,0.0,16.17,100,maynas_persiann_cdr_2012_2023.zip,CDR_20180628z.asc,True,1.0,2018-06-24
2018-06-29,1.9683999999999997,0.0,13.77,100,maynas_persiann_cdr_2012_2023.zip,CDR_20180629z.asc,True,1.0,2018-06-24
2018-06-30,4.171000000000001,0.0,17.91,100,maynas_persiann_cdr_2012_2023.zip,CDR_20180630z.asc,True,1.0,2018-06-24
2018-07-01,3.3041,0.0,18.34,100,maynas_persiann_cdr_2012_2023.zip,CDR_20180701z.asc,True,1.0,2018-07-01
2018-07-02,0.44060000000000005,0.0,10.85,100,maynas_persiann_cdr_2012_2023.zip,CDR_20180702z.asc,True,0.0,2018-07-01
2018-07-03,8.040799999999999,0.0,96.35,100,maynas_persiann_cdr_2012_2023.zip,CDR_20180703z.asc,True,1.0,2018-07-01
2018-07-04,13.6896,0.0,57.46,100,maynas_persiann_cdr_2012_2023.zip,CDR_20180704z.asc,True,1.0,2018-07-01
2018-07-05,12.751800000000003,0.0,52.28,100,maynas_persiann_cdr_2012_2023.zip,CDR_20180705z.asc,True,1.0,2018-07-01
2018-07-06,4.4826999999999995,0.0,28.19,100,maynas_persiann_cdr_2012_2023.zip,CDR_20180706z.asc,True,1.0,2018-07-01
2018-07-07,10.804200000000002,0.0,89.22,100,maynas_persiann_cdr_2012_2023.zip,CDR_20180707z.asc,True,1.0,2018-07-01
2018-07-08,26.9483,0.0,91.32,100,maynas_persiann_cdr_2012_2023.zip,CDR_20180708z.asc,True,1.0,2018-07-08
2018-07-09,18.958499999999997,3.46,59.22,100,maynas_persiann_cdr_2012_2023.zip,CDR_20180709z.asc,True,1.0,2018-07-08
2018-07-10,20.0059,2.32,47.75,100,maynas_persiann_cdr_2012_2023.zip,CDR_20180710z.asc,True,1.0,2018-07-08
2018-07-11,6.7921,0.0,16.79,100,maynas_persiann_cdr_2012_2023.zip,CDR_20180711z.asc,True,1.0,2018-07-08
2018-07-12,1.1256,0.0,10.36,100,maynas_persiann_cdr_2012_2023.zip,CDR_20180712z.asc,True,1.0,2018-07-08
2018-07-13,0.313,0.0,7.14,100,maynas_persiann_cdr_2012_2023.zip,CDR_20180713z.asc,True,0.0,2018-07-08
2018-07-14,0.3063,0.0,6.02,100,maynas_persiann_cdr_2012_2023.zip,CDR_20180714z.asc,True,0.0,2018-07-08
2018-07-15,0.038200000000000005,0.0,2.25,100,maynas_persiann_cdr_2012_2023.zip,CDR_20180715z.asc,True,0.0,2018-07-15
2018-07-16,0.3867999999999999,0.0,4.36,100,maynas_persiann_cdr_2012_2023.zip,CDR_20180716z.asc,True,0.0,2018-07-15
2018-07-17,8.220199999999998,0.0,35.97,100,maynas_persiann_cdr_2012_2023.zip,CDR_20180717z.asc,True,1.0,2018-07-15
2018-07-18,9.691300000000002,0.0,63.44,100,maynas_persiann_cdr_2012_2023.zip,CDR_20180718z.asc,True,1.0,2018-07-15
2018-07-19,0.0329,0.0,1.85,100,maynas_persiann_cdr_2012_2023.zip,CDR_20180719z.asc,True,0.0,2018-07-15
2018-07-20,12.952,0.0,54.84,100,maynas_persiann_cdr_2012_2023.zip,CDR_20180720z.asc,True,1.0,2018-07-15
2018-07-21,9.261700000000001,0.0,46.46,100,maynas_persiann_cdr_2012_2023.zip,CDR_20180721z.asc,True,1.0,2018-07-15
2018-07-22,13.59,0.0,54.26,100,maynas_persiann_cdr_2012_2023.zip,CDR_20180722z.asc,True,1.0,2018-07-22
2018-07-23,0.3136,0.0,5.27,100,maynas_persiann_cdr_2012_2023.zip,CDR_20180723z.asc,True,0.0,2018-07-22
2018-07-24,0.6424000000000001,0.0,11.11,100,maynas_persiann_cdr_2012_2023.zip,CDR_20180724z.asc,True,0.0,2018-07-22
2018-07-25,4.8439,0.0,23.71,100,maynas_persiann_cdr_2012_2023.zip,CDR_20180725z.asc,True,1.0,2018-07-22
2018-07-26,1.0597,0.0,6.87,100,maynas_persiann_cdr_2012_2023.zip,CDR_20180726z.asc,True,1.0,2018-07-22
2018-07-27,1.3167,0.0,7.25,100,maynas_persiann_cdr_2012_2023.zip,CDR_20180727z.asc,True,1.0,2018-07-22
2018-07-28,0.5505,0.0,5.34,100,maynas_persiann_cdr_2012_2023.zip,CDR_20180728z.asc,True,0.0,2018-07-22
2018-07-29,4.1665,0.0,54.64,100,maynas_persiann_cdr_2012_2023.zip,CDR_20180729z.asc,True,1.0,2018-07-29
2018-07-30,2.3579,0.0,18.37,100,maynas_persiann_cdr_2012_2023.zip,CDR_20180730z.asc,True,1.0,2018-07-29
2018-07-31,16.6345,1.68,47.37,100,maynas_persiann_cdr_2012_2023.zip,CDR_20180731z.asc,True,1.0,2018-07-29
2018-08-01,10.4443,0.83,27.91,100,maynas_persiann_cdr_2012_2023.zip,CDR_20180801z.asc,True,1.0,2018-07-29
2018-08-02,1.1206,0.0,3.26,100,maynas_persiann_cdr_2012_2023.zip,CDR_20180802z.asc,True,1.0,2018-07-29
2018-08-03,1.3427,0.0,7.72,100,maynas_persiann_cdr_2012_2023.zip,CDR_20180803z.asc,True,1.0,2018-07-29
2018-08-04,14.4288,0.0,40.34,100,maynas_persiann_cdr_2012_2023.zip,CDR_20180804z.asc,True,1.0,2018-07-29
2018-08-05,0.7737999999999999,0.0,5.65,100,maynas_persiann_cdr_2012_2023.zip,CDR_20180805z.asc,True,0.0,2018-08-05
2018-08-06,8.4989,0.0,23.83,100,maynas_persiann_cdr_2012_2023.zip,CDR_20180806z.asc,True,1.0,2018-08-05
2018-08-07,18.3032,0.0,74.43,100,maynas_persiann_cdr_2012_2023.zip,CDR_20180807z.asc,True,1.0,2018-08-05
2018-08-08,2.1688,0.0,7.85,100,maynas_persiann_cdr_2012_2023.zip,CDR_20180808z.asc,True,1.0,2018-08-05
2018-08-09,13.7468,3.22,30.84,100,maynas_persiann_cdr_2012_2023.zip,CDR_20180809z.asc,True,1.0,2018-08-05
2018-08-10,6.6587,1.68,18.95,100,maynas_persiann_cdr_2012_2023.zip,CDR_20180810z.asc,True,1.0,2018-08-05
2018-08-11,0.7797999999999999,0.0,8.68,100,maynas_persiann_cdr_2012_2023.zip,CDR_20180811z.asc,True,0.0,2018-08-05
2018-08-12,1.2058,0.0,9.1,100,maynas_persiann_cdr_2012_2023.zip,CDR_20180812z.asc,True,1.0,2018-08-12
2018-08-13,3.744,0.0,28.85,100,maynas_persiann_cdr_2012_2023.zip,CDR_20180813z.asc,True,1.0,2018-08-12
2018-08-14,9.275500000000001,0.0,37.07,100,maynas_persiann_cdr_2012_2023.zip,CDR_20180814z.asc,True,1.0,2018-08-12
2018-08-15,25.626699999999996,1.13,57.82,100,maynas_persiann_cdr_2012_2023.zip,CDR_20180815z.asc,True,1.0,2018-08-12
2018-08-16,16.7327,2.51,41.83,100,maynas_persiann_cdr_2012_2023.zip,CDR_20180816z.asc,True,1.0,2018-08-12
2018-08-17,14.217299999999998,2.6,35.87,100,maynas_persiann_cdr_2012_2023.zip,CDR_20180817z.asc,True,1.0,2018-08-12
2018-08-18,1.4052999999999998,0.0,13.61,100,maynas_persiann_cdr_2012_2023.zip,CDR_20180818z.asc,True,1.0,2018-08-12
2018-08-19,1.4897999999999998,0.0,14.33,100,maynas_persiann_cdr_2012_2023.zip,CDR_20180819z.asc,True,1.0,2018-08-19
2018-08-20,7.5073,1.52,24.52,100,maynas_persiann_cdr_2012_2023.zip,CDR_20180820z.asc,True,1.0,2018-08-19
2018-08-21,11.9165,0.79,35.88,100,maynas_persiann_cdr_2012_2023.zip,CDR_20180821z.asc,True,1.0,2018-08-19
2018-08-22,1.1375,0.0,4.42,100,maynas_persiann_cdr_2012_2023.zip,CDR_20180822z.asc,True,1.0,2018-08-19
2018-08-23,0.14420000000000002,0.0,5.18,100,maynas_persiann_cdr_2012_2023.zip,CDR_20180823z.asc,True,0.0,2018-08-19
2018-08-24,0.1286,0.0,5.94,100,maynas_persiann_cdr_2012_2023.zip,CDR_20180824z.asc,True,0.0,2018-08-19
2018-08-25,8.3403,0.0,32.6,100,maynas_persiann_cdr_2012_2023.zip,CDR_20180825z.asc,True,1.0,2018-08-19
2018-08-26,16.1538,0.0,40.64,100,maynas_persiann_cdr_2012_2023.zip,CDR_20180826z.asc,True,1.0,2018-08-26
2018-08-27,5.146800000000001,0.0,22.42,100,maynas_persiann_cdr_2012_2023.zip,CDR_20180827z.asc,True,1.0,2018-08-26
2018-08-28,0.032,0.0,0.85,100,maynas_persiann_cdr_2012_2023.zip,CDR_20180828z.asc,True,0.0,2018-08-26
2018-08-29,1.0745999999999998,0.0,8.62,100,maynas_persiann_cdr_2012_2023.zip,CDR_20180829z.asc,True,1.0,2018-08-26
2018-08-30,8.804199999999998,1.96,21.28,100,maynas_persiann_cdr_2012_2023.zip,CDR_20180830z.asc,True,1.0,2018-08-26
2018-08-31,6.906700000000001,0.0,30.58,100,maynas_persiann_cdr_2012_2023.zip,CDR_20180831z.asc,True,1.0,2018-08-26
2018-09-01,5.9177,0.0,31.68,100,maynas_persiann_cdr_2012_2023.zip,CDR_20180901z.asc,True,1.0,2018-08-26
2018-09-02,8.3144,0.0,26.23,100,maynas_persiann_cdr_2012_2023.zip,CDR_20180902z.asc,True,1.0,2018-09-02
2018-09-03,23.714199999999995,3.97,45.09,100,maynas_persiann_cdr_2012_2023.zip,CDR_20180903z.asc,True,1.0,2018-09-02
2018-09-04,8.2322,0.0,37.26,100,maynas_persiann_cdr_2012_2023.zip,CDR_20180904z.asc,True,1.0,2018-09-02
2018-09-05,0.16469999999999999,0.0,2.03,100,maynas_persiann_cdr_2012_2023.zip,CDR_20180905z.asc,True,0.0,2018-09-02
2018-09-06,0.0,0.0,0.0,100,maynas_persiann_cdr_2012_2023.zip,CDR_20180906z.asc,True,0.0,2018-09-02
2018-09-07,0.0447,0.0,1.14,100,maynas_persiann_cdr_2012_2023.zip,CDR_20180907z.asc,True,0.0,2018-09-02
2018-09-08,1.9971999999999996,0.0,22.73,100,maynas_persiann_cdr_2012_2023.zip,CDR_20180908z.asc,True,1.0,2018-09-02
2018-09-09,6.2396,0.0,26.79,100,maynas_persiann_cdr_2012_2023.zip,CDR_20180909z.asc,True,1.0,2018-09-09
2018-09-10,6.179799999999999,0.0,20.12,100,maynas_persiann_cdr_2012_2023.zip,CDR_20180910z.asc,True,1.0,2018-09-09
2018-09-11,6.0635,0.0,32.93,100,maynas_persiann_cdr_2012_2023.zip,CDR_20180911z.asc,True,1.0,2018-09-09
2018-09-12,3.9687,0.0,24.53,100,maynas_persiann_cdr_2012_2023.zip,CDR_20180912z.asc,True,1.0,2018-09-09
2018-09-13,2.1303,0.0,7.77,100,maynas_persiann_cdr_2012_2023.zip,CDR_20180913z.asc,True,1.0,2018-09-09
2018-09-14,11.769200000000001,0.41,50.36,100,maynas_persiann_cdr_2012_2023.zip,CDR_20180914z.asc,True,1.0,2018-09-09
2018-09-15,8.285599999999999,0.0,32.66,100,maynas_persiann_cdr_2012_2023.zip,CDR_20180915z.asc,True,1.0,2018-09-09
2018-09-16,4.8531,0.0,24.75,100,maynas_persiann_cdr_2012_2023.zip,CDR_20180916z.asc,True,1.0,2018-09-16
2018-09-17,1.7283999999999997,0.0,11.99,100,maynas_persiann_cdr_2012_2023.zip,CDR_20180917z.asc,True,1.0,2018-09-16
2018-09-18,6.995500000000001,0.0,28.33,100,maynas_persiann_cdr_2012_2023.zip,CDR_20180918z.asc,True,1.0,2018-09-16
2018-09-19,1.8511000000000002,0.0,12.22,100,maynas_persiann_cdr_2012_2023.zip,CDR_20180919z.asc,True,1.0,2018-09-16
2018-09-20,1.8825999999999998,0.0,15.14,100,maynas_persiann_cdr_2012_2023.zip,CDR_20180920z.asc,True,1.0,2018-09-16
2018-09-21,18.365099999999998,2.22,51.34,100,maynas_persiann_cdr_2012_2023.zip,CDR_20180921z.asc,True,1.0,2018-09-16
2018-09-22,22.29,1.64,41.51,100,maynas_persiann_cdr_2012_2023.zip,CDR_20180922z.asc,True,1.0,2018-09-16
2018-09-23,4.1716999999999995,0.0,18.19,100,maynas_persiann_cdr_2012_2023.zip,CDR_20180923z.asc,True,1.0,2018-09-23
2018-09-24,4.0745000000000005,0.0,20.9,100,maynas_persiann_cdr_2012_2023.zip,CDR_20180924z.asc,True,1.0,2018-09-23
2018-09-25,4.0805,0.0,12.21,100,maynas_persiann_cdr_2012_2023.zip,CDR_20180925z.asc,True,1.0,2018-09-23
2018-09-26,4.840000000000001,0.0,24.17,100,maynas_persiann_cdr_2012_2023.zip,CDR_20180926z.asc,True,1.0,2018-09-23
2018-09-27,1.3001999999999998,0.0,8.94,100,maynas_persiann_cdr_2012_2023.zip,CDR_20180927z.asc,True,1.0,2018-09-23
2018-09-28,5.753000000000002,0.0,26.93,100,maynas_persiann_cdr_2012_2023.zip,CDR_20180928z.asc,True,1.0,2018-09-23
2018-09-29,12.990599999999999,1.51,39.8,100,maynas_persiann_cdr_2012_2023.zip,CDR_20180929z.asc,True,1.0,2018-09-23
2018-09-30,13.941399999999998,0.4,47.19,100,maynas_persiann_cdr_2012_2023.zip,CDR_20180930z.asc,True,1.0,2018-09-30
2018-10-01,16.290499999999998,5.15,29.09,100,maynas_persiann_cdr_2012_2023.zip,CDR_20181001z.asc,True,1.0,2018-09-30
2018-10-02,5.968700000000001,0.37,19.67,100,maynas_persiann_cdr_2012_2023.zip,CDR_20181002z.asc,True,1.0,2018-09-30
2018-10-03,14.303700000000001,4.33,29.34,100,maynas_persiann_cdr_2012_2023.zip,CDR_20181003z.asc,True,1.0,2018-09-30
2018-10-04,4.098700000000001,0.0,13.62,100,maynas_persiann_cdr_2012_2023.zip,CDR_20181004z.asc,True,1.0,2018-09-30
2018-10-05,14.8333,3.91,51.46,100,maynas_persiann_cdr_2012_2023.zip,CDR_20181005z.asc,True,1.0,2018-09-30
2018-10-06,9.9506,1.22,31.09,100,maynas_persiann_cdr_2012_2023.zip,CDR_20181006z.asc,True,1.0,2018-09-30
2018-10-07,9.101500000000001,1.97,25.43,100,maynas_persiann_cdr_2012_2023.zip,CDR_20181007z.asc,True,1.0,2018-10-07
2018-10-08,6.034800000000001,0.86,13.7,100,maynas_persiann_cdr_2012_2023.zip,CDR_20181008z.asc,True,1.0,2018-10-07
2018-10-09,13.1929,2.68,35.87,100,maynas_persiann_cdr_2012_2023.zip,CDR_20181009z.asc,True,1.0,2018-10-07
2018-10-10,16.928699999999996,8.68,29.4,100,maynas_persiann_cdr_2012_2023.zip,CDR_20181010z.asc,True,1.0,2018-10-07
2018-10-11,10.475700000000002,0.0,27.4,100,maynas_persiann_cdr_2012_2023.zip,CDR_20181011z.asc,True,1.0,2018-10-07
2018-10-12,12.980899999999997,5.59,23.09,100,maynas_persiann_cdr_2012_2023.zip,CDR_20181012z.asc,True,1.0,2018-10-07
2018-10-13,3.7474000000000007,0.0,23.98,100,maynas_persiann_cdr_2012_2023.zip,CDR_20181013z.asc,True,1.0,2018-10-07
2018-10-14,13.719700000000003,3.93,37.05,100,maynas_persiann_cdr_2012_2023.zip,CDR_20181014z.asc,True,1.0,2018-10-14
2018-10-15,4.0366,0.0,16.73,100,maynas_persiann_cdr_2012_2023.zip,CDR_20181015z.asc,True,1.0,2018-10-14
2018-10-16,6.361999999999999,0.0,21.09,100,maynas_persiann_cdr_2012_2023.zip,CDR_20181016z.asc,True,1.0,2018-10-14
2018-10-17,2.7034000000000002,0.0,9.97,100,maynas_persiann_cdr_2012_2023.zip,CDR_20181017z.asc,True,1.0,2018-10-14
2018-10-18,1.5062,0.0,22.59,100,maynas_persiann_cdr_2012_2023.zip,CDR_20181018z.asc,True,1.0,2018-10-14
2018-10-19,6.6942,1.05,19.57,100,maynas_persiann_cdr_2012_2023.zip,CDR_20181019z.asc,True,1.0,2018-10-14
2018-10-20,14.361399999999998,2.01,42.57,100,maynas_persiann_cdr_2012_2023.zip,CDR_20181020z.asc,True,1.0,2018-10-14
2018-10-21,23.0973,6.76,39.67,100,maynas_persiann_cdr_2012_2023.zip,CDR_20181021z.asc,True,1.0,2018-10-21
2018-10-22,7.2269,1.06,27.85,100,maynas_persiann_cdr_2012_2023.zip,CDR_20181022z.asc,True,1.0,2018-10-21
2018-10-23,18.1708,5.11,33.35,100,maynas_persiann_cdr_2012_2023.zip,CDR_20181023z.asc,True,1.0,2018-10-21
2018-10-24,5.509399999999999,0.0,15.56,100,maynas_persiann_cdr_2012_2023.zip,CDR_20181024z.asc,True,1.0,2018-10-21
2018-10-25,11.625200000000001,0.82,37.53,100,maynas_persiann_cdr_2012_2023.zip,CDR_20181025z.asc,True,1.0,2018-10-21
2018-10-26,22.866500000000002,7.37,45.02,100,maynas_persiann_cdr_2012_2023.zip,CDR_20181026z.asc,True,1.0,2018-10-21
2018-10-27,1.3473,0.0,11.12,100,maynas_persiann_cdr_2012_2023.zip,CDR_20181027z.asc,True,1.0,2018-10-21
2018-10-28,1.7513999999999998,0.0,13.58,100,maynas_persiann_cdr_2012_2023.zip,CDR_20181028z.asc,True,1.0,2018-10-28
2018-10-29,2.1377,0.0,10.41,100,maynas_persiann_cdr_2012_2023.zip,CDR_20181029z.asc,True,1.0,2018-10-28
2018-10-30,4.322500000000001,0.0,19.07,100,maynas_persiann_cdr_2012_2023.zip,CDR_20181030z.asc,True,1.0,2018-10-28
2018-10-31,20.8361,5.43,42.09,100,maynas_persiann_cdr_2012_2023.zip,CDR_20181031z.asc,True,1.0,2018-10-28
2018-11-01,15.8551,6.33,26.89,100,maynas_persiann_cdr_2012_2023.zip,CDR_20181101z.asc,True,1.0,2018-10-28
2018-11-02,1.0071,0.0,5.88,100,maynas_persiann_cdr_2012_2023.zip,CDR_20181102z.asc,True,1.0,2018-10-28
2018-11-03,2.8485999999999994,0.0,10.88,100,maynas_persiann_cdr_2012_2023.zip,CDR_20181103z.asc,True,1.0,2018-10-28
2018-11-04,2.2239,0.0,10.84,100,maynas_persiann_cdr_2012_2023.zip,CDR_20181104z.asc,True,1.0,2018-11-04
2018-11-05,8.3791,0.0,20.68,100,maynas_persiann_cdr_2012_2023.zip,CDR_20181105z.asc,True,1.0,2018-11-04
2018-11-06,12.982599999999998,1.08,32.48,100,maynas_persiann_cdr_2012_2023.zip,CDR_20181106z.asc,True,1.0,2018-11-04
2018-11-07,3.3789,0.0,15.4,100,maynas_persiann_cdr_2012_2023.zip,CDR_20181107z.asc,True,1.0,2018-11-04
2018-11-08,12.033100000000001,0.42,28.37,100,maynas_persiann_cdr_2012_2023.zip,CDR_20181108z.asc,True,1.0,2018-11-04
2018-11-09,7.738599999999999,2.78,17.17,100,maynas_persiann_cdr_2012_2023.zip,CDR_20181109z.asc,True,1.0,2018-11-04
2018-11-10,6.381799999999999,0.35,16.38,100,maynas_persiann_cdr_2012_2023.zip,CDR_20181110z.asc,True,1.0,2018-11-04
2018-11-11,8.324099999999998,0.31,21.54,100,maynas_persiann_cdr_2012_2023.zip,CDR_20181111z.asc,True,1.0,2018-11-11
2018-11-12,8.6629,0.55,24.24,100,maynas_persiann_cdr_2012_2023.zip,CDR_20181112z.asc,True,1.0,2018-11-11
2018-11-13,9.009300000000001,1.38,24.54,100,maynas_persiann_cdr_2012_2023.zip,CDR_20181113z.asc,True,1.0,2018-11-11
2018-11-14,15.2126,1.51,33.09,100,maynas_persiann_cdr_2012_2023.zip,CDR_20181114z.asc,True,1.0,2018-11-11
2018-11-15,7.422500000000001,0.33,26.92,100,maynas_persiann_cdr_2012_2023.zip,CDR_20181115z.asc,True,1.0,2018-11-11
2018-11-16,11.804399999999996,2.22,36.8,100,maynas_persiann_cdr_2012_2023.zip,CDR_20181116z.asc,True,1.0,2018-11-11
2018-11-17,12.879700000000003,4.42,23.68,100,maynas_persiann_cdr_2012_2023.zip,CDR_20181117z.asc,True,1.0,2018-11-11
2018-11-18,5.900500000000001,0.32,22.23,100,maynas_persiann_cdr_2012_2023.zip,CDR_20181118z.asc,True,1.0,2018-11-18
2018-11-19,11.593599999999999,0.84,32.69,100,maynas_persiann_cdr_2012_2023.zip,CDR_20181119z.asc,True,1.0,2018-11-18
2018-11-20,5.507699999999999,0.0,20.78,100,maynas_persiann_cdr_2012_2023.zip,CDR_20181120z.asc,True,1.0,2018-11-18
2018-11-21,3.3569,0.0,13.54,100,maynas_persiann_cdr_2012_2023.zip,CDR_20181121z.asc,True,1.0,2018-11-18
2018-11-22,9.345199999999998,1.82,28.33,100,maynas_persiann_cdr_2012_2023.zip,CDR_20181122z.asc,True,1.0,2018-11-18
2018-11-23,1.8644,0.0,10.77,100,maynas_persiann_cdr_2012_2023.zip,CDR_20181123z.asc,True,1.0,2018-11-18
2018-11-24,13.174199999999999,0.3,41.45,100,maynas_persiann_cdr_2012_2023.zip,CDR_20181124z.asc,True,1.0,2018-11-18
2018-11-25,8.7592,0.0,21.92,100,maynas_persiann_cdr_2012_2023.zip,CDR_20181125z.asc,True,1.0,2018-11-25
2018-11-26,24.279100000000003,8.45,44.43,100,maynas_persiann_cdr_2012_2023.zip,CDR_20181126z.asc,True,1.0,2018-11-25
2018-11-27,7.7974999999999985,0.72,16.74,100,maynas_persiann_cdr_2012_2023.zip,CDR_20181127z.asc,True,1.0,2018-11-25
2018-11-28,3.9797000000000002,0.0,12.36,100,maynas_persiann_cdr_2012_2023.zip,CDR_20181128z.asc,True,1.0,2018-11-25
2018-11-29,7.225700000000002,1.08,19.26,100,maynas_persiann_cdr_2012_2023.zip,CDR_20181129z.asc,True,1.0,2018-11-25
2018-11-30,6.9906,1.02,20.45,100,maynas_persiann_cdr_2012_2023.zip,CDR_20181130z.asc,True,1.0,2018-11-25
2018-12-01,39.221399999999996,0.0,83.05,100,maynas_persiann_cdr_2012_2023.zip,CDR_20181201z.asc,True,1.0,2018-11-25
2018-12-02,0.5617,0.0,4.3,100,maynas_persiann_cdr_2012_2023.zip,CDR_20181202z.asc,True,0.0,2018-12-02
2018-12-03,8.167499999999999,0.0,47.63,100,maynas_persiann_cdr_2012_2023.zip,CDR_20181203z.asc,True,1.0,2018-12-02
2018-12-04,8.883299999999998,0.0,27.32,100,maynas_persiann_cdr_2012_2023.zip,CDR_20181204z.asc,True,1.0,2018-12-02
2018-12-05,0.6366,0.0,7.16,100,maynas_persiann_cdr_2012_2023.zip,CDR_20181205z.asc,True,0.0,2018-12-02
2018-12-06,15.5459,0.0,82.03,100,maynas_persiann_cdr_2012_2023.zip,CDR_20181206z.asc,True,1.0,2018-12-02
2018-12-07,11.887900000000002,0.0,33.36,100,maynas_persiann_cdr_2012_2023.zip,CDR_20181207z.asc,True,1.0,2018-12-02
2018-12-08,13.5725,3.69,29.21,100,maynas_persiann_cdr_2012_2023.zip,CDR_20181208z.asc,True,1.0,2018-12-02
2018-12-09,1.9275000000000002,0.0,7.37,100,maynas_persiann_cdr_2012_2023.zip,CDR_20181209z.asc,True,1.0,2018-12-09
2018-12-10,5.6597,0.0,37.57,100,maynas_persiann_cdr_2012_2023.zip,CDR_20181210z.asc,True,1.0,2018-12-09
2018-12-11,22.699600000000004,1.47,59.57,100,maynas_persiann_cdr_2012_2023.zip,CDR_20181211z.asc,True,1.0,2018-12-09
2018-12-12,4.9683,0.74,16.78,100,maynas_persiann_cdr_2012_2023.zip,CDR_20181212z.asc,True,1.0,2018-12-09
2018-12-13,24.510700000000007,1.81,56.65,100,maynas_persiann_cdr_2012_2023.zip,CDR_20181213z.asc,True,1.0,2018-12-09
2018-12-14,12.2398,0.86,44.77,100,maynas_persiann_cdr_2012_2023.zip,CDR_20181214z.asc,True,1.0,2018-12-09
2018-12-15,1.8763000000000003,0.0,17.11,100,maynas_persiann_cdr_2012_2023.zip,CDR_20181215z.asc,True,1.0,2018-12-09
2018-12-16,6.587000000000001,0.0,18.36,100,maynas_persiann_cdr_2012_2023.zip,CDR_20181216z.asc,True,1.0,2018-12-16
2018-12-17,4.0802000000000005,0.0,23.6,100,maynas_persiann_cdr_2012_2023.zip,CDR_20181217z.asc,True,1.0,2018-12-16
2018-12-18,3.1177000000000006,0.0,14.45,100,maynas_persiann_cdr_2012_2023.zip,CDR_20181218z.asc,True,1.0,2018-12-16
2018-12-19,4.6057,0.0,18.57,100,maynas_persiann_cdr_2012_2023.zip,CDR_20181219z.asc,True,1.0,2018-12-16
2018-12-20,12.4848,1.98,28.38,100,maynas_persiann_cdr_2012_2023.zip,CDR_20181220z.asc,True,1.0,2018-12-16
2018-12-21,16.3548,0.68,42.32,100,maynas_persiann_cdr_2012_2023.zip,CDR_20181221z.asc,True,1.0,2018-12-16
2018-12-22,5.5438,0.0,33.25,100,maynas_persiann_cdr_2012_2023.zip,CDR_20181222z.asc,True,1.0,2018-12-16
2018-12-23,3.0927000000000002,0.0,14.23,100,maynas_persiann_cdr_2012_2023.zip,CDR_20181223z.asc,True,1.0,2018-12-23
2018-12-24,5.255799999999998,0.0,21.15,100,maynas_persiann_cdr_2012_2023.zip,CDR_20181224z.asc,True,1.0,2018-12-23
2018-12-25,1.7588999999999997,0.0,11.96,100,maynas_persiann_cdr_2012_2023.zip,CDR_20181225z.asc,True,1.0,2018-12-23
2018-12-26,5.7143999999999995,0.0,19.55,100,maynas_persiann_cdr_2012_2023.zip,CDR_20181226z.asc,True,1.0,2018-12-23
2018-12-27,5.824299999999999,0.0,58.79,100,maynas_persiann_cdr_2012_2023.zip,CDR_20181227z.asc,True,1.0,2018-12-23
2018-12-28,4.4428,0.0,30.75,100,maynas_persiann_cdr_2012_2023.zip,CDR_20181228z.asc,True,1.0,2018-12-23
2018-12-29,4.7311000000000005,0.0,35.59,100,maynas_persiann_cdr_2012_2023.zip,CDR_20181229z.asc,True,1.0,2018-12-23
2018-12-30,0.47509999999999997,0.0,8.01,100,maynas_persiann_cdr_2012_2023.zip,CDR_20181230z.asc,True,0.0,2018-12-30
2018-12-31,0.1796,0.0,4.17,100,maynas_persiann_cdr_2012_2023.zip,CDR_20181231z.asc,True,0.0,2018-12-30
2019-01-01,0.2687,0.0,3.36,100,maynas_persiann_cdr_2012_2023.zip,CDR_20190101z.asc,True,0.0,2018-12-30
2019-01-02,5.865799999999999,0.0,24.69,100,maynas_persiann_cdr_2012_2023.zip,CDR_20190102z.asc,True,1.0,2018-12-30
2019-01-03,3.6614000000000004,0.0,15.23,100,maynas_persiann_cdr_2012_2023.zip,CDR_20190103z.asc,True,1.0,2018-12-30
2019-01-04,1.4986000000000002,0.0,10.67,100,maynas_persiann_cdr_2012_2023.zip,CDR_20190104z.asc,True,1.0,2018-12-30
2019-01-05,5.1705,0.0,17.78,100,maynas_persiann_cdr_2012_2023.zip,CDR_20190105z.asc,True,1.0,2018-12-30
2019-01-06,1.8296,0.0,10.26,100,maynas_persiann_cdr_2012_2023.zip,CDR_20190106z.asc,True,1.0,2019-01-06
2019-01-07,4.3408999999999995,0.0,22.07,100,maynas_persiann_cdr_2012_2023.zip,CDR_20190107z.asc,True,1.0,2019-01-06
2019-01-08,29.839700000000004,10.45,53.43,100,maynas_persiann_cdr_2012_2023.zip,CDR_20190108z.asc,True,1.0,2019-01-06
2019-01-09,6.444300000000001,0.0,26.81,100,maynas_persiann_cdr_2012_2023.zip,CDR_20190109z.asc,True,1.0,2019-01-06
2019-01-10,1.9896999999999994,0.0,9.15,100,maynas_persiann_cdr_2012_2023.zip,CDR_20190110z.asc,True,1.0,2019-01-06
2019-01-11,17.9332,0.0,37.37,100,maynas_persiann_cdr_2012_2023.zip,CDR_20190111z.asc,True,1.0,2019-01-06
2019-01-12,25.722399999999997,13.53,44.07,100,maynas_persiann_cdr_2012_2023.zip,CDR_20190112z.asc,True,1.0,2019-01-06
2019-01-13,8.711199999999998,2.34,19.38,100,maynas_persiann_cdr_2012_2023.zip,CDR_20190113z.asc,True,1.0,2019-01-13
2019-01-14,5.2132,0.0,23.14,100,maynas_persiann_cdr_2012_2023.zip,CDR_20190114z.asc,True,1.0,2019-01-13
2019-01-15,13.833599999999997,2.21,32.78,100,maynas_persiann_cdr_2012_2023.zip,CDR_20190115z.asc,True,1.0,2019-01-13
2019-01-16,12.1164,2.42,40.68,100,maynas_persiann_cdr_2012_2023.zip,CDR_20190116z.asc,True,1.0,2019-01-13
2019-01-17,22.6352,5.49,48.0,100,maynas_persiann_cdr_2012_2023.zip,CDR_20190117z.asc,True,1.0,2019-01-13
2019-01-18,14.185100000000002,1.64,30.02,100,maynas_persiann_cdr_2012_2023.zip,CDR_20190118z.asc,True,1.0,2019-01-13
2019-01-19,11.664499999999999,2.78,37.55,100,maynas_persiann_cdr_2012_2023.zip,CDR_20190119z.asc,True,1.0,2019-01-13
2019-01-20,3.742999999999999,0.0,13.69,100,maynas_persiann_cdr_2012_2023.zip,CDR_20190120z.asc,True,1.0,2019-01-20
2019-01-21,13.3827,0.0,41.28,100,maynas_persiann_cdr_2012_2023.zip,CDR_20190121z.asc,True,1.0,2019-01-20
2019-01-22,6.340400000000001,0.57,20.84,100,maynas_persiann_cdr_2012_2023.zip,CDR_20190122z.asc,True,1.0,2019-01-20
2019-01-23,16.524700000000003,1.28,36.96,100,maynas_persiann_cdr_2012_2023.zip,CDR_20190123z.asc,True,1.0,2019-01-20
2019-01-24,4.9336,0.0,19.99,100,maynas_persiann_cdr_2012_2023.zip,CDR_20190124z.asc,True,1.0,2019-01-20
2019-01-25,1.5123,0.0,11.22,100,maynas_persiann_cdr_2012_2023.zip,CDR_20190125z.asc,True,1.0,2019-01-20
2019-01-26,5.3984000000000005,0.0,21.63,100,maynas_persiann_cdr_2012_2023.zip,CDR_20190126z.asc,True,1.0,2019-01-20
2019-01-27,3.9444000000000004,0.0,15.33,100,maynas_persiann_cdr_2012_2023.zip,CDR_20190127z.asc,True,1.0,2019-01-27
2019-01-28,6.3393999999999995,0.0,43.86,100,maynas_persiann_cdr_2012_2023.zip,CDR_20190128z.asc,True,1.0,2019-01-27
2019-01-29,4.9526,0.0,27.03,100,maynas_persiann_cdr_2012_2023.zip,CDR_20190129z.asc,True,1.0,2019-01-27
2019-01-30,26.992299999999997,8.71,50.2,100,maynas_persiann_cdr_2012_2023.zip,CDR_20190130z.asc,True,1.0,2019-01-27
2019-01-31,31.879499999999997,6.25,55.4,100,maynas_persiann_cdr_2012_2023.zip,CDR_20190131z.asc,True,1.0,2019-01-27
2019-02-01,4.3924,0.52,13.97,100,maynas_persiann_cdr_2012_2023.zip,CDR_20190201z.asc,True,1.0,2019-01-27
2019-02-02,4.687600000000001,0.0,16.59,100,maynas_persiann_cdr_2012_2023.zip,CDR_20190202z.asc,True,1.0,2019-01-27
2019-02-03,9.0217,0.0,27.99,100,maynas_persiann_cdr_2012_2023.zip,CDR_20190203z.asc,True,1.0,2019-02-03
2019-02-04,22.067299999999996,4.93,60.88,100,maynas_persiann_cdr_2012_2023.zip,CDR_20190204z.asc,True,1.0,2019-02-03
2019-02-05,10.606399999999999,1.37,28.57,100,maynas_persiann_cdr_2012_2023.zip,CDR_20190205z.asc,True,1.0,2019-02-03
2019-02-06,4.9296999999999995,0.0,18.16,100,maynas_persiann_cdr_2012_2023.zip,CDR_20190206z.asc,True,1.0,2019-02-03
2019-02-07,13.052100000000003,0.0,47.65,100,maynas_persiann_cdr_2012_2023.zip,CDR_20190207z.asc,True,1.0,2019-02-03
2019-02-08,1.2205,0.0,6.94,100,maynas_persiann_cdr_2012_2023.zip,CDR_20190208z.asc,True,1.0,2019-02-03
2019-02-09,1.4783000000000002,0.0,5.36,100,maynas_persiann_cdr_2012_2023.zip,CDR_20190209z.asc,True,1.0,2019-02-03
2019-02-10,6.197099999999999,0.0,25.88,100,maynas_persiann_cdr_2012_2023.zip,CDR_20190210z.asc,True,1.0,2019-02-10
2019-02-11,9.531799999999999,0.0,27.01,100,maynas_persiann_cdr_2012_2023.zip,CDR_20190211z.asc,True,1.0,2019-02-10
2019-02-12,4.7315000000000005,0.64,15.62,100,maynas_persiann_cdr_2012_2023.zip,CDR_20190212z.asc,True,1.0,2019-02-10
2019-02-13,11.1608,0.0,33.59,100,maynas_persiann_cdr_2012_2023.zip,CDR_20190213z.asc,True,1.0,2019-02-10
2019-02-14,2.3746,0.0,10.65,100,maynas_persiann_cdr_2012_2023.zip,CDR_20190214z.asc,True,1.0,2019-02-10
2019-02-15,11.5319,0.48,31.79,100,maynas_persiann_cdr_2012_2023.zip,CDR_20190215z.asc,True,1.0,2019-02-10
2019-02-16,22.4175,6.8,53.95,100,maynas_persiann_cdr_2012_2023.zip,CDR_20190216z.asc,True,1.0,2019-02-10
2019-02-17,5.774799999999999,0.0,20.81,100,maynas_persiann_cdr_2012_2023.zip,CDR_20190217z.asc,True,1.0,2019-02-17
2019-02-18,5.250800000000001,0.0,24.48,100,maynas_persiann_cdr_2012_2023.zip,CDR_20190218z.asc,True,1.0,2019-02-17
2019-02-19,22.063000000000006,2.27,54.56,100,maynas_persiann_cdr_2012_2023.zip,CDR_20190219z.asc,True,1.0,2019-02-17
2019-02-20,21.425199999999997,2.43,47.05,100,maynas_persiann_cdr_2012_2023.zip,CDR_20190220z.asc,True,1.0,2019-02-17
2019-02-21,10.5404,2.03,34.39,100,maynas_persiann_cdr_2012_2023.zip,CDR_20190221z.asc,True,1.0,2019-02-17
2019-02-22,32.895700000000005,13.61,66.52,100,maynas_persiann_cdr_2012_2023.zip,CDR_20190222z.asc,True,1.0,2019-02-17
2019-02-23,7.078899999999999,0.0,20.98,100,maynas_persiann_cdr_2012_2023.zip,CDR_20190223z.asc,True,1.0,2019-02-17
2019-02-24,10.051599999999999,0.48,31.67,100,maynas_persiann_cdr_2012_2023.zip,CDR_20190224z.asc,True,1.0,2019-02-24
2019-02-25,4.3314,0.0,26.32,100,maynas_persiann_cdr_2012_2023.zip,CDR_20190225z.asc,True,1.0,2019-02-24
2019-02-26,0.9637,0.0,5.48,100,maynas_persiann_cdr_2012_2023.zip,CDR_20190226z.asc,True,0.0,2019-02-24
2019-02-27,4.1344,0.0,20.81,100,maynas_persiann_cdr_2012_2023.zip,CDR_20190227z.asc,True,1.0,2019-02-24
2019-02-28,7.716,0.0,35.66,100,maynas_persiann_cdr_2012_2023.zip,CDR_20190228z.asc,True,1.0,2019-02-24
2019-03-01,5.1617999999999995,0.0,16.12,100,maynas_persiann_cdr_2012_2023.zip,CDR_20190301z.asc,True,1.0,2019-02-24
2019-03-02,12.4288,0.33,32.96,100,maynas_persiann_cdr_2012_2023.zip,CDR_20190302z.asc,True,1.0,2019-02-24
2019-03-03,1.2941999999999998,0.0,6.47,100,maynas_persiann_cdr_2012_2023.zip,CDR_20190303z.asc,True,1.0,2019-03-03
2019-03-04,1.4316000000000002,0.0,15.57,100,maynas_persiann_cdr_2012_2023.zip,CDR_20190304z.asc,True,1.0,2019-03-03
2019-03-05,12.441099999999997,0.0,31.76,100,maynas_persiann_cdr_2012_2023.zip,CDR_20190305z.asc,True,1.0,2019-03-03
2019-03-06,10.0172,0.35,28.5,100,maynas_persiann_cdr_2012_2023.zip,CDR_20190306z.asc,True,1.0,2019-03-03
2019-03-07,38.49209999999999,23.06,54.24,100,maynas_persiann_cdr_2012_2023.zip,CDR_20190307z.asc,True,1.0,2019-03-03
2019-03-08,2.8912,0.0,14.25,100,maynas_persiann_cdr_2012_2023.zip,CDR_20190308z.asc,True,1.0,2019-03-03
2019-03-09,9.152999999999999,0.0,30.65,100,maynas_persiann_cdr_2012_2023.zip,CDR_20190309z.asc,True,1.0,2019-03-03
2019-03-10,33.740100000000005,15.72,53.63,100,maynas_persiann_cdr_2012_2023.zip,CDR_20190310z.asc,True,1.0,2019-03-10
2019-03-11,16.8807,0.35,37.37,100,maynas_persiann_cdr_2012_2023.zip,CDR_20190311z.asc,True,1.0,2019-03-10
2019-03-12,1.1879999999999997,0.0,12.16,100,maynas_persiann_cdr_2012_2023.zip,CDR_20190312z.asc,True,1.0,2019-03-10
2019-03-13,2.9852999999999996,0.0,15.03,100,maynas_persiann_cdr_2012_2023.zip,CDR_20190313z.asc,True,1.0,2019-03-10
2019-03-14,17.1179,5.65,31.85,100,maynas_persiann_cdr_2012_2023.zip,CDR_20190314z.asc,True,1.0,2019-03-10
2019-03-15,20.0758,3.51,45.53,100,maynas_persiann_cdr_2012_2023.zip,CDR_20190315z.asc,True,1.0,2019-03-10
2019-03-16,11.0845,3.48,26.6,100,maynas_persiann_cdr_2012_2023.zip,CDR_20190316z.asc,True,1.0,2019-03-10
2019-03-17,4.3491,0.0,25.89,100,maynas_persiann_cdr_2012_2023.zip,CDR_20190317z.asc,True,1.0,2019-03-17
2019-03-18,10.28,1.05,25.08,100,maynas_persiann_cdr_2012_2023.zip,CDR_20190318z.asc,True,1.0,2019-03-17
2019-03-19,11.8155,1.3,39.32,100,maynas_persiann_cdr_2012_2023.zip,CDR_20190319z.asc,True,1.0,2019-03-17
2019-03-20,17.5445,5.51,34.04,100,maynas_persiann_cdr_2012_2023.zip,CDR_20190320z.asc,True,1.0,2019-03-17
2019-03-21,1.9767,0.0,9.9,100,maynas_persiann_cdr_2012_2023.zip,CDR_20190321z.asc,True,1.0,2019-03-17
2019-03-22,17.6156,4.95,34.35,100,maynas_persiann_cdr_2012_2023.zip,CDR_20190322z.asc,True,1.0,2019-03-17
2019-03-23,11.667199999999998,3.2,30.2,100,maynas_persiann_cdr_2012_2023.zip,CDR_20190323z.asc,True,1.0,2019-03-17
2019-03-24,3.5214,1.12,9.49,100,maynas_persiann_cdr_2012_2023.zip,CDR_20190324z.asc,True,1.0,2019-03-24
2019-03-25,5.2132000000000005,0.0,24.94,100,maynas_persiann_cdr_2012_2023.zip,CDR_20190325z.asc,True,1.0,2019-03-24
2019-03-26,7.209,0.0,23.06,100,maynas_persiann_cdr_2012_2023.zip,CDR_20190326z.asc,True,1.0,2019-03-24
2019-03-27,21.2951,7.66,45.42,100,maynas_persiann_cdr_2012_2023.zip,CDR_20190327z.asc,True,1.0,2019-03-24
2019-03-28,19.086,3.14,42.52,100,maynas_persiann_cdr_2012_2023.zip,CDR_20190328z.asc,True,1.0,2019-03-24
2019-03-29,3.5984000000000003,0.0,18.11,100,maynas_persiann_cdr_2012_2023.zip,CDR_20190329z.asc,True,1.0,2019-03-24
2019-03-30,15.4717,3.54,40.57,100,maynas_persiann_cdr_2012_2023.zip,CDR_20190330z.asc,True,1.0,2019-03-24
2019-03-31,19.358,3.12,42.48,100,maynas_persiann_cdr_2012_2023.zip,CDR_20190331z.asc,True,1.0,2019-03-31
2019-04-01,11.6314,0.73,37.62,100,maynas_persiann_cdr_2012_2023.zip,CDR_20190401z.asc,True,1.0,2019-03-31
2019-04-02,11.1358,0.72,32.12,100,maynas_persiann_cdr_2012_2023.zip,CDR_20190402z.asc,True,1.0,2019-03-31
2019-04-03,22.8024,3.78,58.14,100,maynas_persiann_cdr_2012_2023.zip,CDR_20190403z.asc,True,1.0,2019-03-31
2019-04-04,6.0829,0.0,31.8,100,maynas_persiann_cdr_2012_2023.zip,CDR_20190404z.asc,True,1.0,2019-03-31
2019-04-05,0.0735,0.0,1.16,100,maynas_persiann_cdr_2012_2023.zip,CDR_20190405z.asc,True,0.0,2019-03-31
2019-04-06,4.596699999999999,0.0,23.79,100,maynas_persiann_cdr_2012_2023.zip,CDR_20190406z.asc,True,1.0,2019-03-31
2019-04-07,23.527199999999997,3.63,62.66,100,maynas_persiann_cdr_2012_2023.zip,CDR_20190407z.asc,True,1.0,2019-04-07
2019-04-08,0.9275,0.0,3.93,100,maynas_persiann_cdr_2012_2023.zip,CDR_20190408z.asc,True,0.0,2019-04-07
2019-04-09,0.0,0.0,0.0,100,maynas_persiann_cdr_2012_2023.zip,CDR_20190409z.asc,True,0.0,2019-04-07
2019-04-10,0.7938,0.0,6.98,100,maynas_persiann_cdr_2012_2023.zip,CDR_20190410z.asc,True,0.0,2019-04-07
2019-04-11,15.9903,0.0,44.67,100,maynas_persiann_cdr_2012_2023.zip,CDR_20190411z.asc,True,1.0,2019-04-07
2019-04-12,15.535,1.45,50.59,100,maynas_persiann_cdr_2012_2023.zip,CDR_20190412z.asc,True,1.0,2019-04-07
2019-04-13,26.144000000000002,6.6,62.2,100,maynas_persiann_cdr_2012_2023.zip,CDR_20190413z.asc,True,1.0,2019-04-07
2019-04-14,4.2773,0.0,12.8,100,maynas_persiann_cdr_2012_2023.zip,CDR_20190414z.asc,True,1.0,2019-04-14
2019-04-15,6.456699999999999,0.0,31.33,100,maynas_persiann_cdr_2012_2023.zip,CDR_20190415z.asc,True,1.0,2019-04-14
2019-04-16,10.373899999999999,0.81,28.92,100,maynas_persiann_cdr_2012_2023.zip,CDR_20190416z.asc,True,1.0,2019-04-14
2019-04-17,10.3859,0.0,33.15,100,maynas_persiann_cdr_2012_2023.zip,CDR_20190417z.asc,True,1.0,2019-04-14
2019-04-18,6.5333000000000006,0.0,36.75,100,maynas_persiann_cdr_2012_2023.zip,CDR_20190418z.asc,True,1.0,2019-04-14
2019-04-19,20.2642,3.54,64.24,100,maynas_persiann_cdr_2012_2023.zip,CDR_20190419z.asc,True,1.0,2019-04-14
2019-04-20,3.8917,0.0,37.55,100,maynas_persiann_cdr_2012_2023.zip,CDR_20190420z.asc,True,1.0,2019-04-14
2019-04-21,2.7090000000000005,0.0,31.26,100,maynas_persiann_cdr_2012_2023.zip,CDR_20190421z.asc,True,1.0,2019-04-21
2019-04-22,3.3454,0.0,24.15,100,maynas_persiann_cdr_2012_2023.zip,CDR_20190422z.asc,True,1.0,2019-04-21
2019-04-23,12.026599999999998,2.13,30.46,100,maynas_persiann_cdr_2012_2023.zip,CDR_20190423z.asc,True,1.0,2019-04-21
2019-04-24,22.5138,1.9,67.73,100,maynas_persiann_cdr_2012_2023.zip,CDR_20190424z.asc,True,1.0,2019-04-21
2019-04-25,16.2527,1.98,42.81,100,maynas_persiann_cdr_2012_2023.zip,CDR_20190425z.asc,True,1.0,2019-04-21
2019-04-26,3.0247,0.0,10.41,100,maynas_persiann_cdr_2012_2023.zip,CDR_20190426z.asc,True,1.0,2019-04-21
2019-04-27,6.569300000000001,0.0,30.33,100,maynas_persiann_cdr_2012_2023.zip,CDR_20190427z.asc,True,1.0,2019-04-21
2019-04-28,19.290200000000002,0.0,53.01,100,maynas_persiann_cdr_2012_2023.zip,CDR_20190428z.asc,True,1.0,2019-04-28
2019-04-29,12.526899999999996,0.0,43.26,100,maynas_persiann_cdr_2012_2023.zip,CDR_20190429z.asc,True,1.0,2019-04-28
2019-04-30,4.0577000000000005,0.0,12.62,100,maynas_persiann_cdr_2012_2023.zip,CDR_20190430z.asc,True,1.0,2019-04-28
2019-05-01,17.0951,4.34,39.34,100,maynas_persiann_cdr_2012_2023.zip,CDR_20190501z.asc,True,1.0,2019-04-28
2019-05-02,2.5620000000000003,0.0,19.22,100,maynas_persiann_cdr_2012_2023.zip,CDR_20190502z.asc,True,1.0,2019-04-28
2019-05-03,17.7051,7.87,34.88,100,maynas_persiann_cdr_2012_2023.zip,CDR_20190503z.asc,True,1.0,2019-04-28
2019-05-04,3.1036000000000006,0.0,11.11,100,maynas_persiann_cdr_2012_2023.zip,CDR_20190504z.asc,True,1.0,2019-04-28
2019-05-05,0.685,0.0,5.16,100,maynas_persiann_cdr_2012_2023.zip,CDR_20190505z.asc,True,0.0,2019-05-05
2019-05-06,2.912199999999999,0.0,11.37,100,maynas_persiann_cdr_2012_2023.zip,CDR_20190506z.asc,True,1.0,2019-05-05
2019-05-07,8.1696,0.0,29.11,100,maynas_persiann_cdr_2012_2023.zip,CDR_20190507z.asc,True,1.0,2019-05-05
2019-05-08,11.668800000000001,0.0,36.84,100,maynas_persiann_cdr_2012_2023.zip,CDR_20190508z.asc,True,1.0,2019-05-05
2019-05-09,4.291900000000001,0.0,31.13,100,maynas_persiann_cdr_2012_2023.zip,CDR_20190509z.asc,True,1.0,2019-05-05
2019-05-10,3.5088,0.0,25.21,100,maynas_persiann_cdr_2012_2023.zip,CDR_20190510z.asc,True,1.0,2019-05-05
2019-05-11,3.9234999999999998,0.0,45.31,100,maynas_persiann_cdr_2012_2023.zip,CDR_20190511z.asc,True,1.0,2019-05-05
2019-05-12,12.970200000000002,0.0,34.92,100,maynas_persiann_cdr_2012_2023.zip,CDR_20190512z.asc,True,1.0,2019-05-12
2019-05-13,36.74210000000001,14.3,82.08,100,maynas_persiann_cdr_2012_2023.zip,CDR_20190513z.asc,True,1.0,2019-05-12
2019-05-14,31.596700000000002,0.0,73.96,100,maynas_persiann_cdr_2012_2023.zip,CDR_20190514z.asc,True,1.0,2019-05-12
2019-05-15,10.5108,0.0,33.78,100,maynas_persiann_cdr_2012_2023.zip,CDR_20190515z.asc,True,1.0,2019-05-12
2019-05-16,0.0,0.0,0.0,100,maynas_persiann_cdr_2012_2023.zip,CDR_20190516z.asc,True,0.0,2019-05-12
2019-05-17,0.0286,0.0,0.78,100,maynas_persiann_cdr_2012_2023.zip,CDR_20190517z.asc,True,0.0,2019-05-12
2019-05-18,0.0324,0.0,1.49,100,maynas_persiann_cdr_2012_2023.zip,CDR_20190518z.asc,True,0.0,2019-05-12
2019-05-19,4.8155,0.0,26.81,100,maynas_persiann_cdr_2012_2023.zip,CDR_20190519z.asc,True,1.0,2019-05-19
2019-05-20,10.228600000000002,1.86,25.62,100,maynas_persiann_cdr_2012_2023.zip,CDR_20190520z.asc,True,1.0,2019-05-19
2019-05-21,1.0849000000000002,0.0,4.73,100,maynas_persiann_cdr_2012_2023.zip,CDR_20190521z.asc,True,1.0,2019-05-19
2019-05-22,0.49529999999999996,0.0,4.72,100,maynas_persiann_cdr_2012_2023.zip,CDR_20190522z.asc,True,0.0,2019-05-19
2019-05-23,2.4541,0.0,17.63,100,maynas_persiann_cdr_2012_2023.zip,CDR_20190523z.asc,True,1.0,2019-05-19
2019-05-24,11.1399,0.0,37.44,100,maynas_persiann_cdr_2012_2023.zip,CDR_20190524z.asc,True,1.0,2019-05-19
2019-05-25,11.519000000000004,1.95,35.03,100,maynas_persiann_cdr_2012_2023.zip,CDR_20190525z.asc,True,1.0,2019-05-19
2019-05-26,21.129099999999998,4.47,47.73,100,maynas_persiann_cdr_2012_2023.zip,CDR_20190526z.asc,True,1.0,2019-05-26
2019-05-27,2.0189000000000004,0.0,11.11,100,maynas_persiann_cdr_2012_2023.zip,CDR_20190527z.asc,True,1.0,2019-05-26
2019-05-28,9.0835,0.0,32.42,100,maynas_persiann_cdr_2012_2023.zip,CDR_20190528z.asc,True,1.0,2019-05-26
2019-05-29,11.584000000000001,1.08,30.01,100,maynas_persiann_cdr_2012_2023.zip,CDR_20190529z.asc,True,1.0,2019-05-26
2019-05-30,4.4856,0.0,21.34,100,maynas_persiann_cdr_2012_2023.zip,CDR_20190530z.asc,True,1.0,2019-05-26
2019-05-31,8.409899999999999,0.0,24.18,100,maynas_persiann_cdr_2012_2023.zip,CDR_20190531z.asc,True,1.0,2019-05-26
2019-06-01,10.353600000000002,0.0,46.15,100,maynas_persiann_cdr_2012_2023.zip,CDR_20190601z.asc,True,1.0,2019-05-26
2019-06-02,18.828000000000003,1.07,86.21,100,maynas_persiann_cdr_2012_2023.zip,CDR_20190602z.asc,True,1.0,2019-06-02
2019-06-03,42.1533,19.96,99.68,100,maynas_persiann_cdr_2012_2023.zip,CDR_20190603z.asc,True,1.0,2019-06-02
2019-06-04,21.5841,4.06,43.83,100,maynas_persiann_cdr_2012_2023.zip,CDR_20190604z.asc,True,1.0,2019-06-02
2019-06-05,6.447899999999999,0.0,33.75,100,maynas_persiann_cdr_2012_2023.zip,CDR_20190605z.asc,True,1.0,2019-06-02
2019-06-06,0.42460000000000003,0.0,3.64,100,maynas_persiann_cdr_2012_2023.zip,CDR_20190606z.asc,True,0.0,2019-06-02
2019-06-07,0.8306000000000001,0.0,7.42,100,maynas_persiann_cdr_2012_2023.zip,CDR_20190607z.asc,True,0.0,2019-06-02
2019-06-08,0.6709999999999999,0.0,4.38,100,maynas_persiann_cdr_2012_2023.zip,CDR_20190608z.asc,True,0.0,2019-06-02
2019-06-09,3.1751000000000005,0.0,17.88,100,maynas_persiann_cdr_2012_2023.zip,CDR_20190609z.asc,True,1.0,2019-06-09
2019-06-10,2.7872000000000003,0.0,17.87,100,maynas_persiann_cdr_2012_2023.zip,CDR_20190610z.asc,True,1.0,2019-06-09
2019-06-11,6.3488,0.0,19.54,100,maynas_persiann_cdr_2012_2023.zip,CDR_20190611z.asc,True,1.0,2019-06-09
2019-06-12,9.8522,0.0,37.68,100,maynas_persiann_cdr_2012_2023.zip,CDR_20190612z.asc,True,1.0,2019-06-09
2019-06-13,6.740300000000001,0.0,30.11,100,maynas_persiann_cdr_2012_2023.zip,CDR_20190613z.asc,True,1.0,2019-06-09
2019-06-14,8.3678,0.0,59.42,100,maynas_persiann_cdr_2012_2023.zip,CDR_20190614z.asc,True,1.0,2019-06-09
2019-06-15,12.859000000000002,0.0,72.76,100,maynas_persiann_cdr_2012_2023.zip,CDR_20190615z.asc,True,1.0,2019-06-09
2019-06-16,13.524199999999999,0.0,61.61,100,maynas_persiann_cdr_2012_2023.zip,CDR_20190616z.asc,True,1.0,2019-06-16
2019-06-17,4.085999999999999,0.0,15.75,100,maynas_persiann_cdr_2012_2023.zip,CDR_20190617z.asc,True,1.0,2019-06-16
2019-06-18,7.702099999999999,1.28,24.42,100,maynas_persiann_cdr_2012_2023.zip,CDR_20190618z.asc,True,1.0,2019-06-16
2019-06-19,1.5722999999999998,0.0,10.63,100,maynas_persiann_cdr_2012_2023.zip,CDR_20190619z.asc,True,1.0,2019-06-16
2019-06-20,27.333099999999998,3.4,76.9,100,maynas_persiann_cdr_2012_2023.zip,CDR_20190620z.asc,True,1.0,2019-06-16
2019-06-21,14.284,2.94,46.41,100,maynas_persiann_cdr_2012_2023.zip,CDR_20190621z.asc,True,1.0,2019-06-16
2019-06-22,5.414,0.0,19.03,100,maynas_persiann_cdr_2012_2023.zip,CDR_20190622z.asc,True,1.0,2019-06-16
2019-06-23,6.749599999999999,0.0,25.65,100,maynas_persiann_cdr_2012_2023.zip,CDR_20190623z.asc,True,1.0,2019-06-23
2019-06-24,4.3694,0.0,21.1,100,maynas_persiann_cdr_2012_2023.zip,CDR_20190624z.asc,True,1.0,2019-06-23
2019-06-25,5.5938,0.0,21.56,100,maynas_persiann_cdr_2012_2023.zip,CDR_20190625z.asc,True,1.0,2019-06-23
2019-06-26,8.1986,0.0,39.63,100,maynas_persiann_cdr_2012_2023.zip,CDR_20190626z.asc,True,1.0,2019-06-23
2019-06-27,23.644499999999994,0.0,66.68,100,maynas_persiann_cdr_2012_2023.zip,CDR_20190627z.asc,True,1.0,2019-06-23
2019-06-28,19.500099999999996,0.0,55.61,100,maynas_persiann_cdr_2012_2023.zip,CDR_20190628z.asc,True,1.0,2019-06-23
2019-06-29,20.8223,0.0,94.1,100,maynas_persiann_cdr_2012_2023.zip,CDR_20190629z.asc,True,1.0,2019-06-23
2019-06-30,4.1959,0.0,32.27,100,maynas_persiann_cdr_2012_2023.zip,CDR_20190630z.asc,True,1.0,2019-06-30
2019-07-01,1.4442000000000002,0.0,15.76,100,maynas_persiann_cdr_2012_2023.zip,CDR_20190701z.asc,True,1.0,2019-06-30
2019-07-02,0.9652999999999998,0.0,7.85,100,maynas_persiann_cdr_2012_2023.zip,CDR_20190702z.asc,True,0.0,2019-06-30
2019-07-03,1.0657,0.0,5.61,100,maynas_persiann_cdr_2012_2023.zip,CDR_20190703z.asc,True,1.0,2019-06-30
2019-07-04,3.8319,0.0,21.77,100,maynas_persiann_cdr_2012_2023.zip,CDR_20190704z.asc,True,1.0,2019-06-30
2019-07-05,17.860400000000002,4.17,50.66,100,maynas_persiann_cdr_2012_2023.zip,CDR_20190705z.asc,True,1.0,2019-06-30
2019-07-06,49.5889,14.06,105.32,100,maynas_persiann_cdr_2012_2023.zip,CDR_20190706z.asc,True,1.0,2019-06-30
2019-07-07,26.41870000000001,3.78,76.82,100,maynas_persiann_cdr_2012_2023.zip,CDR_20190707z.asc,True,1.0,2019-07-07
2019-07-08,0.0469,0.0,2.3,100,maynas_persiann_cdr_2012_2023.zip,CDR_20190708z.asc,True,0.0,2019-07-07
2019-07-09,0.0,0.0,0.0,100,maynas_persiann_cdr_2012_2023.zip,CDR_20190709z.asc,True,0.0,2019-07-07
2019-07-10,0.0147,0.0,1.47,100,maynas_persiann_cdr_2012_2023.zip,CDR_20190710z.asc,True,0.0,2019-07-07
2019-07-11,1.9086000000000005,0.0,11.63,100,maynas_persiann_cdr_2012_2023.zip,CDR_20190711z.asc,True,1.0,2019-07-07
2019-07-12,4.5725999999999996,0.0,17.92,100,maynas_persiann_cdr_2012_2023.zip,CDR_20190712z.asc,True,1.0,2019-07-07
2019-07-13,9.1492,0.0,32.91,100,maynas_persiann_cdr_2012_2023.zip,CDR_20190713z.asc,True,1.0,2019-07-07
2019-07-14,8.381599999999999,0.0,33.44,100,maynas_persiann_cdr_2012_2023.zip,CDR_20190714z.asc,True,1.0,2019-07-14
2019-07-15,13.812299999999999,0.0,50.44,100,maynas_persiann_cdr_2012_2023.zip,CDR_20190715z.asc,True,1.0,2019-07-14
2019-07-16,4.7997000000000005,0.0,23.09,100,maynas_persiann_cdr_2012_2023.zip,CDR_20190716z.asc,True,1.0,2019-07-14
2019-07-17,16.1327,1.56,43.92,100,maynas_persiann_cdr_2012_2023.zip,CDR_20190717z.asc,True,1.0,2019-07-14
2019-07-18,9.3035,1.32,28.86,100,maynas_persiann_cdr_2012_2023.zip,CDR_20190718z.asc,True,1.0,2019-07-14
2019-07-19,4.9601999999999995,0.0,19.17,100,maynas_persiann_cdr_2012_2023.zip,CDR_20190719z.asc,True,1.0,2019-07-14
2019-07-20,2.1414,0.0,21.51,100,maynas_persiann_cdr_2012_2023.zip,CDR_20190720z.asc,True,1.0,2019-07-14
2019-07-21,6.447399999999999,0.0,27.48,100,maynas_persiann_cdr_2012_2023.zip,CDR_20190721z.asc,True,1.0,2019-07-21
2019-07-22,6.952599999999999,0.0,35.36,100,maynas_persiann_cdr_2012_2023.zip,CDR_20190722z.asc,True,1.0,2019-07-21
2019-07-23,21.406000000000002,2.52,46.93,100,maynas_persiann_cdr_2012_2023.zip,CDR_20190723z.asc,True,1.0,2019-07-21
2019-07-24,15.5914,1.95,36.49,100,maynas_persiann_cdr_2012_2023.zip,CDR_20190724z.asc,True,1.0,2019-07-21
2019-07-25,3.1063,0.0,15.15,100,maynas_persiann_cdr_2012_2023.zip,CDR_20190725z.asc,True,1.0,2019-07-21
2019-07-26,4.6857999999999995,0.0,24.23,100,maynas_persiann_cdr_2012_2023.zip,CDR_20190726z.asc,True,1.0,2019-07-21
2019-07-27,23.4386,0.0,51.55,100,maynas_persiann_cdr_2012_2023.zip,CDR_20190727z.asc,True,1.0,2019-07-21
2019-07-28,0.689,0.0,7.53,100,maynas_persiann_cdr_2012_2023.zip,CDR_20190728z.asc,True,0.0,2019-07-28
2019-07-29,0.0,0.0,0.0,100,maynas_persiann_cdr_2012_2023.zip,CDR_20190729z.asc,True,0.0,2019-07-28
2019-07-30,0.0138,0.0,1.38,100,maynas_persiann_cdr_2012_2023.zip,CDR_20190730z.asc,True,0.0,2019-07-28
2019-07-31,0.0105,0.0,1.05,100,maynas_persiann_cdr_2012_2023.zip,CDR_20190731z.asc,True,0.0,2019-07-28
2019-08-01,1.7280000000000002,0.0,23.91,100,maynas_persiann_cdr_2012_2023.zip,CDR_20190801z.asc,True,1.0,2019-07-28
2019-08-02,1.1896,0.0,23.03,100,maynas_persiann_cdr_2012_2023.zip,CDR_20190802z.asc,True,1.0,2019-07-28
2019-08-03,12.422099999999999,0.0,29.42,100,maynas_persiann_cdr_2012_2023.zip,CDR_20190803z.asc,True,1.0,2019-07-28
2019-08-04,16.496499999999997,0.0,55.27,100,maynas_persiann_cdr_2012_2023.zip,CDR_20190804z.asc,True,1.0,2019-08-04
2019-08-05,0.0,0.0,0.0,100,maynas_persiann_cdr_2012_2023.zip,CDR_20190805z.asc,True,0.0,2019-08-04
2019-08-06,0.015600000000000001,0.0,0.81,100,maynas_persiann_cdr_2012_2023.zip,CDR_20190806z.asc,True,0.0,2019-08-04
2019-08-07,0.0074,0.0,0.74,100,maynas_persiann_cdr_2012_2023.zip,CDR_20190807z.asc,True,0.0,2019-08-04
2019-08-08,0.062299999999999994,0.0,1.07,100,maynas_persiann_cdr_2012_2023.zip,CDR_20190808z.asc,True,0.0,2019-08-04
2019-08-09,0.28119999999999995,0.0,5.6,100,maynas_persiann_cdr_2012_2023.zip,CDR_20190809z.asc,True,0.0,2019-08-04
2019-08-10,0.9272,0.0,8.2,100,maynas_persiann_cdr_2012_2023.zip,CDR_20190810z.asc,True,0.0,2019-08-04
2019-08-11,9.721400000000001,0.0,27.61,100,maynas_persiann_cdr_2012_2023.zip,CDR_20190811z.asc,True,1.0,2019-08-11
2019-08-12,8.674100000000001,0.0,41.81,100,maynas_persiann_cdr_2012_2023.zip,CDR_20190812z.asc,True,1.0,2019-08-11
2019-08-13,20.76,6.97,50.18,100,maynas_persiann_cdr_2012_2023.zip,CDR_20190813z.asc,True,1.0,2019-08-11
2019-08-14,1.0092,0.0,5.9,100,maynas_persiann_cdr_2012_2023.zip,CDR_20190814z.asc,True,1.0,2019-08-11
2019-08-15,0.0,0.0,0.0,100,maynas_persiann_cdr_2012_2023.zip,CDR_20190815z.asc,True,0.0,2019-08-11
2019-08-16,0.0766,0.0,1.25,100,maynas_persiann_cdr_2012_2023.zip,CDR_20190816z.asc,True,0.0,2019-08-11
2019-08-17,0.4659,0.0,2.99,100,maynas_persiann_cdr_2012_2023.zip,CDR_20190817z.asc,True,0.0,2019-08-11
2019-08-18,1.345,0.0,5.73,100,maynas_persiann_cdr_2012_2023.zip,CDR_20190818z.asc,True,1.0,2019-08-18
2019-08-19,1.6724,0.0,17.76,100,maynas_persiann_cdr_2012_2023.zip,CDR_20190819z.asc,True,1.0,2019-08-18
2019-08-20,7.6713,0.0,38.06,100,maynas_persiann_cdr_2012_2023.zip,CDR_20190820z.asc,True,1.0,2019-08-18
2019-08-21,22.9144,6.99,51.79,100,maynas_persiann_cdr_2012_2023.zip,CDR_20190821z.asc,True,1.0,2019-08-18
2019-08-22,8.1591,0.0,34.73,100,maynas_persiann_cdr_2012_2023.zip,CDR_20190822z.asc,True,1.0,2019-08-18
2019-08-23,14.189200000000001,0.0,38.4,100,maynas_persiann_cdr_2012_2023.zip,CDR_20190823z.asc,True,1.0,2019-08-18
2019-08-24,6.5322000000000005,0.0,25.06,100,maynas_persiann_cdr_2012_2023.zip,CDR_20190824z.asc,True,1.0,2019-08-18
2019-08-25,12.478499999999997,0.0,32.91,100,maynas_persiann_cdr_2012_2023.zip,CDR_20190825z.asc,True,1.0,2019-08-25
2019-08-26,11.575799999999997,0.95,43.03,100,maynas_persiann_cdr_2012_2023.zip,CDR_20190826z.asc,True,1.0,2019-08-25
2019-08-27,7.4358,0.0,33.56,100,maynas_persiann_cdr_2012_2023.zip,CDR_20190827z.asc,True,1.0,2019-08-25
2019-08-28,26.9963,9.8,59.96,100,maynas_persiann_cdr_2012_2023.zip,CDR_20190828z.asc,True,1.0,2019-08-25
2019-08-29,3.4424,0.0,23.14,100,maynas_persiann_cdr_2012_2023.zip,CDR_20190829z.asc,True,1.0,2019-08-25
2019-08-30,0.9489,0.0,22.76,100,maynas_persiann_cdr_2012_2023.zip,CDR_20190830z.asc,True,0.0,2019-08-25
2019-08-31,4.9873,0.0,38.77,100,maynas_persiann_cdr_2012_2023.zip,CDR_20190831z.asc,True,1.0,2019-08-25
2019-09-01,1.1019,0.0,8.96,100,maynas_persiann_cdr_2012_2023.zip,CDR_20190901z.asc,True,1.0,2019-09-01
2019-09-02,0.2594,0.0,3.75,100,maynas_persiann_cdr_2012_2023.zip,CDR_20190902z.asc,True,0.0,2019-09-01
2019-09-03,1.8092999999999997,0.0,16.86,100,maynas_persiann_cdr_2012_2023.zip,CDR_20190903z.asc,True,1.0,2019-09-01
2019-09-04,12.015799999999999,2.49,36.89,100,maynas_persiann_cdr_2012_2023.zip,CDR_20190904z.asc,True,1.0,2019-09-01
2019-09-05,4.598900000000001,0.0,16.54,100,maynas_persiann_cdr_2012_2023.zip,CDR_20190905z.asc,True,1.0,2019-09-01
2019-09-06,5.5868,0.33,19.72,100,maynas_persiann_cdr_2012_2023.zip,CDR_20190906z.asc,True,1.0,2019-09-01
2019-09-07,1.1044,0.0,11.11,100,maynas_persiann_cdr_2012_2023.zip,CDR_20190907z.asc,True,1.0,2019-09-01
2019-09-08,2.6731,0.0,16.69,100,maynas_persiann_cdr_2012_2023.zip,CDR_20190908z.asc,True,1.0,2019-09-08
2019-09-09,4.077,0.0,11.52,100,maynas_persiann_cdr_2012_2023.zip,CDR_20190909z.asc,True,1.0,2019-09-08
2019-09-10,0.9425000000000001,0.0,10.27,100,maynas_persiann_cdr_2012_2023.zip,CDR_20190910z.asc,True,0.0,2019-09-08
2019-09-11,8.1433,1.17,21.63,100,maynas_persiann_cdr_2012_2023.zip,CDR_20190911z.asc,True,1.0,2019-09-08
2019-09-12,10.1104,0.0,28.89,100,maynas_persiann_cdr_2012_2023.zip,CDR_20190912z.asc,True,1.0,2019-09-08
2019-09-13,12.120899999999999,1.56,29.17,100,maynas_persiann_cdr_2012_2023.zip,CDR_20190913z.asc,True,1.0,2019-09-08
2019-09-14,13.2964,3.8,32.84,100,maynas_persiann_cdr_2012_2023.zip,CDR_20190914z.asc,True,1.0,2019-09-08
2019-09-15,4.0052,0.0,23.41,100,maynas_persiann_cdr_2012_2023.zip,CDR_20190915z.asc,True,1.0,2019-09-15
2019-09-16,2.0666999999999995,0.0,13.78,100,maynas_persiann_cdr_2012_2023.zip,CDR_20190916z.asc,True,1.0,2019-09-15
2019-09-17,2.9377,0.0,11.37,100,maynas_persiann_cdr_2012_2023.zip,CDR_20190917z.asc,True,1.0,2019-09-15
2019-09-18,7.977799999999999,0.64,25.82,100,maynas_persiann_cdr_2012_2023.zip,CDR_20190918z.asc,True,1.0,2019-09-15
2019-09-19,7.1842999999999995,0.47,20.07,100,maynas_persiann_cdr_2012_2023.zip,CDR_20190919z.asc,True,1.0,2019-09-15
2019-09-20,17.5262,1.54,47.51,100,maynas_persiann_cdr_2012_2023.zip,CDR_20190920z.asc,True,1.0,2019-09-15
2019-09-21,14.310800000000004,1.03,36.28,100,maynas_persiann_cdr_2012_2023.zip,CDR_20190921z.asc,True,1.0,2019-09-15
2019-09-22,1.0738999999999999,0.0,6.11,100,maynas_persiann_cdr_2012_2023.zip,CDR_20190922z.asc,True,1.0,2019-09-22
2019-09-23,2.2710999999999997,0.47,9.57,100,maynas_persiann_cdr_2012_2023.zip,CDR_20190923z.asc,True,1.0,2019-09-22
2019-09-24,15.191,3.84,45.45,100,maynas_persiann_cdr_2012_2023.zip,CDR_20190924z.asc,True,1.0,2019-09-22
2019-09-25,2.3234999999999997,0.0,9.31,100,maynas_persiann_cdr_2012_2023.zip,CDR_20190925z.asc,True,1.0,2019-09-22
2019-09-26,2.2822999999999998,0.0,11.65,100,maynas_persiann_cdr_2012_2023.zip,CDR_20190926z.asc,True,1.0,2019-09-22
2019-09-27,12.663999999999998,3.82,26.3,100,maynas_persiann_cdr_2012_2023.zip,CDR_20190927z.asc,True,1.0,2019-09-22
2019-09-28,12.3753,2.42,25.57,100,maynas_persiann_cdr_2012_2023.zip,CDR_20190928z.asc,True,1.0,2019-09-22
2019-09-29,3.0869,0.0,17.03,100,maynas_persiann_cdr_2012_2023.zip,CDR_20190929z.asc,True,1.0,2019-09-29
2019-09-30,11.071499999999999,2.75,35.95,100,maynas_persiann_cdr_2012_2023.zip,CDR_20190930z.asc,True,1.0,2019-09-29
2019-10-01,13.753699999999998,1.32,50.83,100,maynas_persiann_cdr_2012_2023.zip,CDR_20191001z.asc,True,1.0,2019-09-29
2019-10-02,8.060899999999998,0.5,31.55,100,maynas_persiann_cdr_2012_2023.zip,CDR_20191002z.asc,True,1.0,2019-09-29
2019-10-03,20.4489,5.54,46.75,100,maynas_persiann_cdr_2012_2023.zip,CDR_20191003z.asc,True,1.0,2019-09-29
2019-10-04,16.663,1.37,58.47,100,maynas_persiann_cdr_2012_2023.zip,CDR_20191004z.asc,True,1.0,2019-09-29
2019-10-05,10.335899999999999,0.0,42.96,100,maynas_persiann_cdr_2012_2023.zip,CDR_20191005z.asc,True,1.0,2019-09-29
2019-10-06,10.9149,0.0,30.98,100,maynas_persiann_cdr_2012_2023.zip,CDR_20191006z.asc,True,1.0,2019-10-06
2019-10-07,28.7855,13.01,60.5,100,maynas_persiann_cdr_2012_2023.zip,CDR_20191007z.asc,True,1.0,2019-10-06
2019-10-08,10.469400000000002,2.37,23.76,100,maynas_persiann_cdr_2012_2023.zip,CDR_20191008z.asc,True,1.0,2019-10-06
2019-10-09,0.9065999999999999,0.0,7.29,100,maynas_persiann_cdr_2012_2023.zip,CDR_20191009z.asc,True,0.0,2019-10-06
2019-10-10,17.456699999999998,7.52,35.26,100,maynas_persiann_cdr_2012_2023.zip,CDR_20191010z.asc,True,1.0,2019-10-06
2019-10-11,7.8466000000000005,0.45,21.65,100,maynas_persiann_cdr_2012_2023.zip,CDR_20191011z.asc,True,1.0,2019-10-06
2019-10-12,17.477800000000002,2.72,41.54,100,maynas_persiann_cdr_2012_2023.zip,CDR_20191012z.asc,True,1.0,2019-10-06
2019-10-13,1.3677000000000001,0.0,7.17,100,maynas_persiann_cdr_2012_2023.zip,CDR_20191013z.asc,True,1.0,2019-10-13
2019-10-14,7.076499999999999,0.0,28.01,100,maynas_persiann_cdr_2012_2023.zip,CDR_20191014z.asc,True,1.0,2019-10-13
2019-10-15,12.066299999999998,1.12,34.25,100,maynas_persiann_cdr_2012_2023.zip,CDR_20191015z.asc,True,1.0,2019-10-13
2019-10-16,5.573200000000001,0.0,17.52,100,maynas_persiann_cdr_2012_2023.zip,CDR_20191016z.asc,True,1.0,2019-10-13
2019-10-17,1.3297999999999999,0.0,11.2,100,maynas_persiann_cdr_2012_2023.zip,CDR_20191017z.asc,True,1.0,2019-10-13
2019-10-18,10.8083,2.95,28.92,100,maynas_persiann_cdr_2012_2023.zip,CDR_20191018z.asc,True,1.0,2019-10-13
2019-10-19,18.203000000000003,3.1,47.13,100,maynas_persiann_cdr_2012_2023.zip,CDR_20191019z.asc,True,1.0,2019-10-13
2019-10-20,22.842599999999997,5.46,42.16,100,maynas_persiann_cdr_2012_2023.zip,CDR_20191020z.asc,True,1.0,2019-10-20
2019-10-21,4.5425,0.0,27.43,100,maynas_persiann_cdr_2012_2023.zip,CDR_20191021z.asc,True,1.0,2019-10-20
2019-10-22,4.211799999999999,0.0,18.01,100,maynas_persiann_cdr_2012_2023.zip,CDR_20191022z.asc,True,1.0,2019-10-20
2019-10-23,25.287,6.24,52.68,100,maynas_persiann_cdr_2012_2023.zip,CDR_20191023z.asc,True,1.0,2019-10-20
2019-10-24,3.9983000000000004,0.0,19.21,100,maynas_persiann_cdr_2012_2023.zip,CDR_20191024z.asc,True,1.0,2019-10-20
2019-10-25,5.2461,1.61,28.6,100,maynas_persiann_cdr_2012_2023.zip,CDR_20191025z.asc,True,1.0,2019-10-20
2019-10-26,4.010999999999999,0.0,11.5,100,maynas_persiann_cdr_2012_2023.zip,CDR_20191026z.asc,True,1.0,2019-10-20
2019-10-27,7.985499999999999,0.0,29.1,100,maynas_persiann_cdr_2012_2023.zip,CDR_20191027z.asc,True,1.0,2019-10-27
2019-10-28,10.8527,0.0,33.97,100,maynas_persiann_cdr_2012_2023.zip,CDR_20191028z.asc,True,1.0,2019-10-27
2019-10-29,10.3919,0.0,24.25,100,maynas_persiann_cdr_2012_2023.zip,CDR_20191029z.asc,True,1.0,2019-10-27
2019-10-30,6.0853,0.51,23.47,100,maynas_persiann_cdr_2012_2023.zip,CDR_20191030z.asc,True,1.0,2019-10-27
2019-10-31,5.646100000000001,0.0,26.33,100,maynas_persiann_cdr_2012_2023.zip,CDR_20191031z.asc,True,1.0,2019-10-27
2019-11-01,14.561599999999999,3.51,31.58,100,maynas_persiann_cdr_2012_2023.zip,CDR_20191101z.asc,True,1.0,2019-10-27
2019-11-02,5.8812,0.0,14.99,100,maynas_persiann_cdr_2012_2023.zip,CDR_20191102z.asc,True,1.0,2019-10-27
2019-11-03,4.5724,0.0,14.44,100,maynas_persiann_cdr_2012_2023.zip,CDR_20191103z.asc,True,1.0,2019-11-03
2019-11-04,12.5034,0.98,43.7,100,maynas_persiann_cdr_2012_2023.zip,CDR_20191104z.asc,True,1.0,2019-11-03
2019-11-05,5.666399999999999,0.0,24.34,100,maynas_persiann_cdr_2012_2023.zip,CDR_20191105z.asc,True,1.0,2019-11-03
2019-11-06,16.712,3.1,46.9,100,maynas_persiann_cdr_2012_2023.zip,CDR_20191106z.asc,True,1.0,2019-11-03
2019-11-07,6.993700000000001,2.67,17.33,100,maynas_persiann_cdr_2012_2023.zip,CDR_20191107z.asc,True,1.0,2019-11-03
2019-11-08,6.101699999999999,0.0,26.97,100,maynas_persiann_cdr_2012_2023.zip,CDR_20191108z.asc,True,1.0,2019-11-03
2019-11-09,10.626299999999999,1.0,23.14,100,maynas_persiann_cdr_2012_2023.zip,CDR_20191109z.asc,True,1.0,2019-11-03
2019-11-10,17.054100000000002,0.83,46.05,100,maynas_persiann_cdr_2012_2023.zip,CDR_20191110z.asc,True,1.0,2019-11-10
2019-11-11,9.9675,0.0,33.8,100,maynas_persiann_cdr_2012_2023.zip,CDR_20191111z.asc,True,1.0,2019-11-10
2019-11-12,18.915899999999997,4.12,46.52,100,maynas_persiann_cdr_2012_2023.zip,CDR_20191112z.asc,True,1.0,2019-11-10
2019-11-13,4.5765,0.0,14.05,100,maynas_persiann_cdr_2012_2023.zip,CDR_20191113z.asc,True,1.0,2019-11-10
2019-11-14,7.0344,0.0,33.66,100,maynas_persiann_cdr_2012_2023.zip,CDR_20191114z.asc,True,1.0,2019-11-10
2019-11-15,16.967499999999998,3.41,38.81,100,maynas_persiann_cdr_2012_2023.zip,CDR_20191115z.asc,True,1.0,2019-11-10
2019-11-16,27.3533,6.17,44.47,100,maynas_persiann_cdr_2012_2023.zip,CDR_20191116z.asc,True,1.0,2019-11-10
2019-11-17,1.0102,0.0,2.66,100,maynas_persiann_cdr_2012_2023.zip,CDR_20191117z.asc,True,1.0,2019-11-17
2019-11-18,1.1208,0.0,11.37,100,maynas_persiann_cdr_2012_2023.zip,CDR_20191118z.asc,True,1.0,2019-11-17
2019-11-19,15.003400000000001,0.0,54.68,100,maynas_persiann_cdr_2012_2023.zip,CDR_20191119z.asc,True,1.0,2019-11-17
2019-11-20,7.621399999999999,1.78,26.39,100,maynas_persiann_cdr_2012_2023.zip,CDR_20191120z.asc,True,1.0,2019-11-17
2019-11-21,5.861400000000001,0.0,18.99,100,maynas_persiann_cdr_2012_2023.zip,CDR_20191121z.asc,True,1.0,2019-11-17
2019-11-22,27.710499999999996,2.17,59.97,100,maynas_persiann_cdr_2012_2023.zip,CDR_20191122z.asc,True,1.0,2019-11-17
2019-11-23,47.865399999999994,23.27,70.05,100,maynas_persiann_cdr_2012_2023.zip,CDR_20191123z.asc,True,1.0,2019-11-17
2019-11-24,7.4022000000000014,1.54,18.93,100,maynas_persiann_cdr_2012_2023.zip,CDR_20191124z.asc,True,1.0,2019-11-24
2019-11-25,3.572000000000001,0.0,14.86,100,maynas_persiann_cdr_2012_2023.zip,CDR_20191125z.asc,True,1.0,2019-11-24
2019-11-26,11.5681,0.48,28.62,100,maynas_persiann_cdr_2012_2023.zip,CDR_20191126z.asc,True,1.0,2019-11-24
2019-11-27,9.0168,0.79,29.86,100,maynas_persiann_cdr_2012_2023.zip,CDR_20191127z.asc,True,1.0,2019-11-24
2019-11-28,26.283099999999994,4.97,46.05,100,maynas_persiann_cdr_2012_2023.zip,CDR_20191128z.asc,True,1.0,2019-11-24
2019-11-29,19.9313,8.35,37.26,100,maynas_persiann_cdr_2012_2023.zip,CDR_20191129z.asc,True,1.0,2019-11-24
2019-11-30,8.8272,0.0,36.6,100,maynas_persiann_cdr_2012_2023.zip,CDR_20191130z.asc,True,1.0,2019-11-24
2019-12-01,17.990799999999997,3.68,43.58,100,maynas_persiann_cdr_2012_2023.zip,CDR_20191201z.asc,True,1.0,2019-12-01
2019-12-02,17.647199999999994,8.2,46.98,100,maynas_persiann_cdr_2012_2023.zip,CDR_20191202z.asc,True,1.0,2019-12-01
2019-12-03,3.8165000000000004,0.0,13.6,100,maynas_persiann_cdr_2012_2023.zip,CDR_20191203z.asc,True,1.0,2019-12-01
2019-12-04,7.482900000000001,0.0,23.87,100,maynas_persiann_cdr_2012_2023.zip,CDR_20191204z.asc,True,1.0,2019-12-01
2019-12-05,20.9789,6.26,51.2,100,maynas_persiann_cdr_2012_2023.zip,CDR_20191205z.asc,True,1.0,2019-12-01
2019-12-06,30.938300000000005,10.22,61.52,100,maynas_persiann_cdr_2012_2023.zip,CDR_20191206z.asc,True,1.0,2019-12-01
2019-12-07,6.6825,1.74,16.64,100,maynas_persiann_cdr_2012_2023.zip,CDR_20191207z.asc,True,1.0,2019-12-01
2019-12-08,5.920599999999999,1.34,18.92,100,maynas_persiann_cdr_2012_2023.zip,CDR_20191208z.asc,True,1.0,2019-12-08
2019-12-09,6.781200000000001,0.49,27.18,100,maynas_persiann_cdr_2012_2023.zip,CDR_20191209z.asc,True,1.0,2019-12-08
2019-12-10,20.055600000000002,0.0,70.37,100,maynas_persiann_cdr_2012_2023.zip,CDR_20191210z.asc,True,1.0,2019-12-08
2019-12-11,10.365900000000002,4.64,29.61,100,maynas_persiann_cdr_2012_2023.zip,CDR_20191211z.asc,True,1.0,2019-12-08
2019-12-12,14.407900000000001,0.49,45.33,100,maynas_persiann_cdr_2012_2023.zip,CDR_20191212z.asc,True,1.0,2019-12-08
2019-12-13,11.3637,0.0,43.2,100,maynas_persiann_cdr_2012_2023.zip,CDR_20191213z.asc,True,1.0,2019-12-08
2019-12-14,17.9315,1.14,41.62,100,maynas_persiann_cdr_2012_2023.zip,CDR_20191214z.asc,True,1.0,2019-12-08
2019-12-15,39.6401,14.21,79.03,100,maynas_persiann_cdr_2012_2023.zip,CDR_20191215z.asc,True,1.0,2019-12-15
2019-12-16,2.0484999999999998,0.0,6.39,100,maynas_persiann_cdr_2012_2023.zip,CDR_20191216z.asc,True,1.0,2019-12-15
2019-12-17,1.6058999999999997,0.0,11.15,100,maynas_persiann_cdr_2012_2023.zip,CDR_20191217z.asc,True,1.0,2019-12-15
2019-12-18,3.4430999999999994,0.0,15.79,100,maynas_persiann_cdr_2012_2023.zip,CDR_20191218z.asc,True,1.0,2019-12-15
2019-12-19,25.7473,3.96,60.03,100,maynas_persiann_cdr_2012_2023.zip,CDR_20191219z.asc,True,1.0,2019-12-15
2019-12-20,16.8649,1.27,43.52,100,maynas_persiann_cdr_2012_2023.zip,CDR_20191220z.asc,True,1.0,2019-12-15
2019-12-21,18.6222,3.3,39.78,100,maynas_persiann_cdr_2012_2023.zip,CDR_20191221z.asc,True,1.0,2019-12-15
2019-12-22,20.0372,4.76,56.41,100,maynas_persiann_cdr_2012_2023.zip,CDR_20191222z.asc,True,1.0,2019-12-22
2019-12-23,19.862000000000002,4.89,50.74,100,maynas_persiann_cdr_2012_2023.zip,CDR_20191223z.asc,True,1.0,2019-12-22
2019-12-24,4.7071000000000005,0.0,24.96,100,maynas_persiann_cdr_2012_2023.zip,CDR_20191224z.asc,True,1.0,2019-12-22
2019-12-25,3.4200999999999997,0.0,30.64,100,maynas_persiann_cdr_2012_2023.zip,CDR_20191225z.asc,True,1.0,2019-12-22
2019-12-26,5.274500000000001,0.0,26.07,100,maynas_persiann_cdr_2012_2023.zip,CDR_20191226z.asc,True,1.0,2019-12-22
2019-12-27,13.219100000000001,2.17,31.4,100,maynas_persiann_cdr_2012_2023.zip,CDR_20191227z.asc,True,1.0,2019-12-22
2019-12-28,14.916500000000003,2.17,35.38,100,maynas_persiann_cdr_2012_2023.zip,CDR_20191228z.asc,True,1.0,2019-12-22
2019-12-29,8.0226,0.56,22.9,100,maynas_persiann_cdr_2012_2023.zip,CDR_20191229z.asc,True,1.0,2019-12-29
2019-12-30,8.5205,0.0,28.09,100,maynas_persiann_cdr_2012_2023.zip,CDR_20191230z.asc,True,1.0,2019-12-29
2019-12-31,3.7688,0.0,15.14,100,maynas_persiann_cdr_2012_2023.zip,CDR_20191231z.asc,True,1.0,2019-12-29
2020-01-01,5.055599999999999,0.0,38.33,100,maynas_persiann_cdr_2012_2023.zip,CDR_20200101z.asc,True,1.0,2019-12-29
2020-01-02,8.915500000000002,0.0,44.23,100,maynas_persiann_cdr_2012_2023.zip,CDR_20200102z.asc,True,1.0,2019-12-29
2020-01-03,4.0981,0.0,15.25,100,maynas_persiann_cdr_2012_2023.zip,CDR_20200103z.asc,True,1.0,2019-12-29
2020-01-04,0.6988999999999999,0.0,6.11,100,maynas_persiann_cdr_2012_2023.zip,CDR_20200104z.asc,True,0.0,2019-12-29
2020-01-05,0.0103,0.0,0.54,100,maynas_persiann_cdr_2012_2023.zip,CDR_20200105z.asc,True,0.0,2020-01-05
2020-01-06,0.0,0.0,0.0,100,maynas_persiann_cdr_2012_2023.zip,CDR_20200106z.asc,True,0.0,2020-01-05
2020-01-07,0.0,0.0,0.0,100,maynas_persiann_cdr_2012_2023.zip,CDR_20200107z.asc,True,0.0,2020-01-05
2020-01-08,0.0,0.0,0.0,100,maynas_persiann_cdr_2012_2023.zip,CDR_20200108z.asc,True,0.0,2020-01-05
2020-01-09,0.25770000000000004,0.0,2.27,100,maynas_persiann_cdr_2012_2023.zip,CDR_20200109z.asc,True,0.0,2020-01-05
2020-01-10,0.0243,0.0,0.7,100,maynas_persiann_cdr_2012_2023.zip,CDR_20200110z.asc,True,0.0,2020-01-05
2020-01-11,0.03729999999999999,0.0,1.12,100,maynas_persiann_cdr_2012_2023.zip,CDR_20200111z.asc,True,0.0,2020-01-05
2020-01-12,0.06,0.0,1.3,100,maynas_persiann_cdr_2012_2023.zip,CDR_20200112z.asc,True,0.0,2020-01-12
2020-01-13,0.020499999999999997,0.0,0.57,100,maynas_persiann_cdr_2012_2023.zip,CDR_20200113z.asc,True,0.0,2020-01-12
2020-01-14,0.0,0.0,0.0,100,maynas_persiann_cdr_2012_2023.zip,CDR_20200114z.asc,True,0.0,2020-01-12
2020-01-15,0.2753,0.0,3.49,100,maynas_persiann_cdr_2012_2023.zip,CDR_20200115z.asc,True,0.0,2020-01-12
2020-01-16,0.8340000000000001,0.0,5.72,100,maynas_persiann_cdr_2012_2023.zip,CDR_20200116z.asc,True,0.0,2020-01-12
2020-01-17,1.0777999999999999,0.0,12.51,100,maynas_persiann_cdr_2012_2023.zip,CDR_20200117z.asc,True,1.0,2020-01-12
2020-01-18,0.8294000000000001,0.0,5.45,100,maynas_persiann_cdr_2012_2023.zip,CDR_20200118z.asc,True,0.0,2020-01-12
2020-01-19,3.0690000000000004,0.0,19.08,100,maynas_persiann_cdr_2012_2023.zip,CDR_20200119z.asc,True,1.0,2020-01-19
2020-01-20,4.0264999999999995,0.0,18.04,100,maynas_persiann_cdr_2012_2023.zip,CDR_20200120z.asc,True,1.0,2020-01-19
2020-01-21,24.957500000000003,0.0,68.68,100,maynas_persiann_cdr_2012_2023.zip,CDR_20200121z.asc,True,1.0,2020-01-19
2020-01-22,0.09230000000000001,0.0,3.78,100,maynas_persiann_cdr_2012_2023.zip,CDR_20200122z.asc,True,0.0,2020-01-19
2020-01-23,2.3558000000000003,0.0,19.41,100,maynas_persiann_cdr_2012_2023.zip,CDR_20200123z.asc,True,1.0,2020-01-19
2020-01-24,34.6243,12.48,62.88,100,maynas_persiann_cdr_2012_2023.zip,CDR_20200124z.asc,True,1.0,2020-01-19
2020-01-25,13.185799999999999,0.7,53.08,100,maynas_persiann_cdr_2012_2023.zip,CDR_20200125z.asc,True,1.0,2020-01-19
2020-01-26,16.9336,1.59,36.92,100,maynas_persiann_cdr_2012_2023.zip,CDR_20200126z.asc,True,1.0,2020-01-26
2020-01-27,0.12720000000000004,0.0,1.81,100,maynas_persiann_cdr_2012_2023.zip,CDR_20200127z.asc,True,0.0,2020-01-26
2020-01-28,2.2209,0.0,14.84,100,maynas_persiann_cdr_2012_2023.zip,CDR_20200128z.asc,True,1.0,2020-01-26
2020-01-29,5.915199999999999,0.0,29.51,100,maynas_persiann_cdr_2012_2023.zip,CDR_20200129z.asc,True,1.0,2020-01-26
2020-01-30,14.2858,0.0,36.14,100,maynas_persiann_cdr_2012_2023.zip,CDR_20200130z.asc,True,1.0,2020-01-26
2020-01-31,8.9815,0.77,25.15,100,maynas_persiann_cdr_2012_2023.zip,CDR_20200131z.asc,True,1.0,2020-01-26
2020-02-01,28.337100000000007,12.61,56.99,100,maynas_persiann_cdr_2012_2023.zip,CDR_20200201z.asc,True,1.0,2020-01-26
2020-02-02,5.3535,0.0,23.34,100,maynas_persiann_cdr_2012_2023.zip,CDR_20200202z.asc,True,1.0,2020-02-02
2020-02-03,14.166200000000002,0.0,57.12,100,maynas_persiann_cdr_2012_2023.zip,CDR_20200203z.asc,True,1.0,2020-02-02
2020-02-04,9.499799999999999,0.0,35.49,100,maynas_persiann_cdr_2012_2023.zip,CDR_20200204z.asc,True,1.0,2020-02-02
2020-02-05,6.368500000000001,0.0,20.16,100,maynas_persiann_cdr_2012_2023.zip,CDR_20200205z.asc,True,1.0,2020-02-02
2020-02-06,1.6392000000000002,0.0,28.37,100,maynas_persiann_cdr_2012_2023.zip,CDR_20200206z.asc,True,1.0,2020-02-02
2020-02-07,3.7079000000000004,0.0,13.8,100,maynas_persiann_cdr_2012_2023.zip,CDR_20200207z.asc,True,1.0,2020-02-02
2020-02-08,1.1118000000000001,0.0,10.26,100,maynas_persiann_cdr_2012_2023.zip,CDR_20200208z.asc,True,1.0,2020-02-02
2020-02-09,4.5776,0.0,21.11,100,maynas_persiann_cdr_2012_2023.zip,CDR_20200209z.asc,True,1.0,2020-02-09
2020-02-10,1.2801999999999998,0.0,11.53,100,maynas_persiann_cdr_2012_2023.zip,CDR_20200210z.asc,True,1.0,2020-02-09
2020-02-11,1.7778999999999998,0.0,10.75,100,maynas_persiann_cdr_2012_2023.zip,CDR_20200211z.asc,True,1.0,2020-02-09
2020-02-12,0.3749,0.0,6.93,100,maynas_persiann_cdr_2012_2023.zip,CDR_20200212z.asc,True,0.0,2020-02-09
2020-02-13,0.5247999999999999,0.0,5.63,100,maynas_persiann_cdr_2012_2023.zip,CDR_20200213z.asc,True,0.0,2020-02-09
2020-02-14,0.9769,0.0,9.36,100,maynas_persiann_cdr_2012_2023.zip,CDR_20200214z.asc,True,0.0,2020-02-09
2020-02-15,8.139800000000001,0.0,22.61,100,maynas_persiann_cdr_2012_2023.zip,CDR_20200215z.asc,True,1.0,2020-02-09
2020-02-16,0.5891,0.0,8.01,100,maynas_persiann_cdr_2012_2023.zip,CDR_20200216z.asc,True,0.0,2020-02-16
2020-02-17,2.853,0.0,16.83,100,maynas_persiann_cdr_2012_2023.zip,CDR_20200217z.asc,True,1.0,2020-02-16
2020-02-18,12.063499999999998,0.43,32.79,100,maynas_persiann_cdr_2012_2023.zip,CDR_20200218z.asc,True,1.0,2020-02-16
2020-02-19,15.1889,2.03,38.11,100,maynas_persiann_cdr_2012_2023.zip,CDR_20200219z.asc,True,1.0,2020-02-16
2020-02-20,17.0354,0.0,63.13,100,maynas_persiann_cdr_2012_2023.zip,CDR_20200220z.asc,True,1.0,2020-02-16
2020-02-21,13.267799999999998,0.0,35.95,100,maynas_persiann_cdr_2012_2023.zip,CDR_20200221z.asc,True,1.0,2020-02-16
2020-02-22,15.935799999999999,0.64,42.96,100,maynas_persiann_cdr_2012_2023.zip,CDR_20200222z.asc,True,1.0,2020-02-16
2020-02-23,26.2295,6.1,54.58,100,maynas_persiann_cdr_2012_2023.zip,CDR_20200223z.asc,True,1.0,2020-02-23
2020-02-24,7.781499999999999,0.49,25.81,100,maynas_persiann_cdr_2012_2023.zip,CDR_20200224z.asc,True,1.0,2020-02-23
2020-02-25,2.7006000000000006,0.0,16.81,100,maynas_persiann_cdr_2012_2023.zip,CDR_20200225z.asc,True,1.0,2020-02-23
2020-02-26,9.2146,0.0,38.76,100,maynas_persiann_cdr_2012_2023.zip,CDR_20200226z.asc,True,1.0,2020-02-23
2020-02-27,38.905,5.39,67.5,100,maynas_persiann_cdr_2012_2023.zip,CDR_20200227z.asc,True,1.0,2020-02-23
2020-02-28,3.3232999999999997,0.0,15.04,100,maynas_persiann_cdr_2012_2023.zip,CDR_20200228z.asc,True,1.0,2020-02-23
2020-02-29,4.0069,0.0,19.1,100,maynas_persiann_cdr_2012_2023.zip,CDR_20200229z.asc,True,1.0,2020-02-23
2020-03-01,3.8952,0.34,11.66,100,maynas_persiann_cdr_2012_2023.zip,CDR_20200301z.asc,True,1.0,2020-03-01
2020-03-02,12.683599999999998,0.0,44.35,100,maynas_persiann_cdr_2012_2023.zip,CDR_20200302z.asc,True,1.0,2020-03-01
2020-03-03,4.163099999999999,0.0,15.3,100,maynas_persiann_cdr_2012_2023.zip,CDR_20200303z.asc,True,1.0,2020-03-01
2020-03-04,4.0295,0.0,12.47,100,maynas_persiann_cdr_2012_2023.zip,CDR_20200304z.asc,True,1.0,2020-03-01
2020-03-05,2.8357000000000006,0.0,11.98,100,maynas_persiann_cdr_2012_2023.zip,CDR_20200305z.asc,True,1.0,2020-03-01
2020-03-06,4.7757,0.33,15.39,100,maynas_persiann_cdr_2012_2023.zip,CDR_20200306z.asc,True,1.0,2020-03-01
2020-03-07,1.2767,0.0,14.9,100,maynas_persiann_cdr_2012_2023.zip,CDR_20200307z.asc,True,1.0,2020-03-01
2020-03-08,0.7631999999999999,0.0,14.25,100,maynas_persiann_cdr_2012_2023.zip,CDR_20200308z.asc,True,0.0,2020-03-08
2020-03-09,22.198899999999995,8.26,51.01,100,maynas_persiann_cdr_2012_2023.zip,CDR_20200309z.asc,True,1.0,2020-03-08
2020-03-10,7.109299999999998,0.85,18.1,100,maynas_persiann_cdr_2012_2023.zip,CDR_20200310z.asc,True,1.0,2020-03-08
2020-03-11,0.7163999999999998,0.0,5.94,100,maynas_persiann_cdr_2012_2023.zip,CDR_20200311z.asc,True,0.0,2020-03-08
2020-03-12,2.7102000000000004,0.0,16.08,100,maynas_persiann_cdr_2012_2023.zip,CDR_20200312z.asc,True,1.0,2020-03-08
2020-03-13,12.993100000000002,2.05,50.4,100,maynas_persiann_cdr_2012_2023.zip,CDR_20200313z.asc,True,1.0,2020-03-08
2020-03-14,9.495000000000001,2.89,27.45,100,maynas_persiann_cdr_2012_2023.zip,CDR_20200314z.asc,True,1.0,2020-03-08
2020-03-15,6.3119,0.0,29.56,100,maynas_persiann_cdr_2012_2023.zip,CDR_20200315z.asc,True,1.0,2020-03-15
2020-03-16,13.366800000000001,0.0,36.73,100,maynas_persiann_cdr_2012_2023.zip,CDR_20200316z.asc,True,1.0,2020-03-15
2020-03-17,8.997,0.0,20.33,100,maynas_persiann_cdr_2012_2023.zip,CDR_20200317z.asc,True,1.0,2020-03-15
2020-03-18,11.170900000000001,3.36,23.06,100,maynas_persiann_cdr_2012_2023.zip,CDR_20200318z.asc,True,1.0,2020-03-15
2020-03-19,1.262,0.0,10.67,100,maynas_persiann_cdr_2012_2023.zip,CDR_20200319z.asc,True,1.0,2020-03-15
2020-03-20,0.5956,0.0,7.74,100,maynas_persiann_cdr_2012_2023.zip,CDR_20200320z.asc,True,0.0,2020-03-15
2020-03-21,0.10790000000000001,0.0,2.67,100,maynas_persiann_cdr_2012_2023.zip,CDR_20200321z.asc,True,0.0,2020-03-15
2020-03-22,2.7641000000000004,0.0,11.31,100,maynas_persiann_cdr_2012_2023.zip,CDR_20200322z.asc,True,1.0,2020-03-22
2020-03-23,3.9645000000000006,0.0,15.72,100,maynas_persiann_cdr_2012_2023.zip,CDR_20200323z.asc,True,1.0,2020-03-22
2020-03-24,7.222499999999999,1.32,16.0,100,maynas_persiann_cdr_2012_2023.zip,CDR_20200324z.asc,True,1.0,2020-03-22
2020-03-25,2.2812,0.0,9.38,100,maynas_persiann_cdr_2012_2023.zip,CDR_20200325z.asc,True,1.0,2020-03-22
2020-03-26,4.154100000000001,0.0,27.24,100,maynas_persiann_cdr_2012_2023.zip,CDR_20200326z.asc,True,1.0,2020-03-22
2020-03-27,5.903,0.0,16.24,100,maynas_persiann_cdr_2012_2023.zip,CDR_20200327z.asc,True,1.0,2020-03-22
2020-03-28,18.676699999999997,3.93,42.85,100,maynas_persiann_cdr_2012_2023.zip,CDR_20200328z.asc,True,1.0,2020-03-22
2020-03-29,26.876199999999994,1.68,44.73,100,maynas_persiann_cdr_2012_2023.zip,CDR_20200329z.asc,True,1.0,2020-03-29
2020-03-30,1.2553999999999998,0.0,5.79,100,maynas_persiann_cdr_2012_2023.zip,CDR_20200330z.asc,True,1.0,2020-03-29
2020-03-31,5.8629999999999995,0.0,14.25,100,maynas_persiann_cdr_2012_2023.zip,CDR_20200331z.asc,True,1.0,2020-03-29
2020-04-01,10.092099999999999,0.0,32.74,100,maynas_persiann_cdr_2012_2023.zip,CDR_20200401z.asc,True,1.0,2020-03-29
2020-04-02,9.324099999999998,0.5,41.43,100,maynas_persiann_cdr_2012_2023.zip,CDR_20200402z.asc,True,1.0,2020-03-29
2020-04-03,8.7179,0.0,40.85,100,maynas_persiann_cdr_2012_2023.zip,CDR_20200403z.asc,True,1.0,2020-03-29
2020-04-04,14.2509,0.0,58.83,100,maynas_persiann_cdr_2012_2023.zip,CDR_20200404z.asc,True,1.0,2020-03-29
2020-04-05,4.3061,0.0,21.4,100,maynas_persiann_cdr_2012_2023.zip,CDR_20200405z.asc,True,1.0,2020-04-05
2020-04-06,11.860700000000001,0.62,30.01,100,maynas_persiann_cdr_2012_2023.zip,CDR_20200406z.asc,True,1.0,2020-04-05
2020-04-07,17.798,1.74,54.32,100,maynas_persiann_cdr_2012_2023.zip,CDR_20200407z.asc,True,1.0,2020-04-05
2020-04-08,16.6722,1.14,44.15,100,maynas_persiann_cdr_2012_2023.zip,CDR_20200408z.asc,True,1.0,2020-04-05
2020-04-09,16.8199,1.98,52.82,100,maynas_persiann_cdr_2012_2023.zip,CDR_20200409z.asc,True,1.0,2020-04-05
2020-04-10,10.5986,1.45,39.41,100,maynas_persiann_cdr_2012_2023.zip,CDR_20200410z.asc,True,1.0,2020-04-05
2020-04-11,13.026800000000001,0.0,47.81,100,maynas_persiann_cdr_2012_2023.zip,CDR_20200411z.asc,True,1.0,2020-04-05
2020-04-12,14.7304,1.47,34.62,100,maynas_persiann_cdr_2012_2023.zip,CDR_20200412z.asc,True,1.0,2020-04-12
2020-04-13,0.9978999999999998,0.0,6.61,100,maynas_persiann_cdr_2012_2023.zip,CDR_20200413z.asc,True,0.0,2020-04-12
2020-04-14,0.7689,0.0,6.24,100,maynas_persiann_cdr_2012_2023.zip,CDR_20200414z.asc,True,0.0,2020-04-12
2020-04-15,0.023,0.0,0.52,100,maynas_persiann_cdr_2012_2023.zip,CDR_20200415z.asc,True,0.0,2020-04-12
2020-04-16,17.7022,2.31,40.77,100,maynas_persiann_cdr_2012_2023.zip,CDR_20200416z.asc,True,1.0,2020-04-12
2020-04-17,20.111800000000002,5.44,48.67,100,maynas_persiann_cdr_2012_2023.zip,CDR_20200417z.asc,True,1.0,2020-04-12
2020-04-18,0.07970000000000001,0.0,2.78,100,maynas_persiann_cdr_2012_2023.zip,CDR_20200418z.asc,True,0.0,2020-04-12
2020-04-19,0.4908999999999999,0.0,7.36,100,maynas_persiann_cdr_2012_2023.zip,CDR_20200419z.asc,True,0.0,2020-04-19
2020-04-20,0.45959999999999995,0.0,7.84,100,maynas_persiann_cdr_2012_2023.zip,CDR_20200420z.asc,True,0.0,2020-04-19
2020-04-21,0.34570000000000006,0.0,4.03,100,maynas_persiann_cdr_2012_2023.zip,CDR_20200421z.asc,True,0.0,2020-04-19
2020-04-22,1.2458999999999998,0.0,6.65,100,maynas_persiann_cdr_2012_2023.zip,CDR_20200422z.asc,True,1.0,2020-04-19
2020-04-23,6.265699999999999,0.0,21.87,100,maynas_persiann_cdr_2012_2023.zip,CDR_20200423z.asc,True,1.0,2020-04-19
2020-04-24,11.112200000000003,0.99,34.44,100,maynas_persiann_cdr_2012_2023.zip,CDR_20200424z.asc,True,1.0,2020-04-19
2020-04-25,12.1805,3.05,27.44,100,maynas_persiann_cdr_2012_2023.zip,CDR_20200425z.asc,True,1.0,2020-04-19
2020-04-26,8.7609,0.0,34.95,100,maynas_persiann_cdr_2012_2023.zip,CDR_20200426z.asc,True,1.0,2020-04-26
2020-04-27,2.3038,0.0,17.63,100,maynas_persiann_cdr_2012_2023.zip,CDR_20200427z.asc,True,1.0,2020-04-26
2020-04-28,2.9303000000000003,0.0,11.29,100,maynas_persiann_cdr_2012_2023.zip,CDR_20200428z.asc,True,1.0,2020-04-26
2020-04-29,5.640299999999999,0.0,26.23,100,maynas_persiann_cdr_2012_2023.zip,CDR_20200429z.asc,True,1.0,2020-04-26
2020-04-30,10.3177,0.0,37.45,100,maynas_persiann_cdr_2012_2023.zip,CDR_20200430z.asc,True,1.0,2020-04-26
2020-05-01,2.4455999999999998,0.0,13.45,100,maynas_persiann_cdr_2012_2023.zip,CDR_20200501z.asc,True,1.0,2020-04-26
2020-05-02,20.1549,5.75,45.21,100,maynas_persiann_cdr_2012_2023.zip,CDR_20200502z.asc,True,1.0,2020-04-26
2020-05-03,5.9549,0.0,35.06,100,maynas_persiann_cdr_2012_2023.zip,CDR_20200503z.asc,True,1.0,2020-05-03
2020-05-04,0.2149,0.0,3.65,100,maynas_persiann_cdr_2012_2023.zip,CDR_20200504z.asc,True,0.0,2020-05-03
2020-05-05,1.3108000000000002,0.0,15.66,100,maynas_persiann_cdr_2012_2023.zip,CDR_20200505z.asc,True,1.0,2020-05-03
2020-05-06,7.7429,0.0,29.42,100,maynas_persiann_cdr_2012_2023.zip,CDR_20200506z.asc,True,1.0,2020-05-03
2020-05-07,23.5896,0.0,61.07,100,maynas_persiann_cdr_2012_2023.zip,CDR_20200507z.asc,True,1.0,2020-05-03
2020-05-08,36.109500000000004,8.34,71.19,100,maynas_persiann_cdr_2012_2023.zip,CDR_20200508z.asc,True,1.0,2020-05-03
2020-05-09,4.2252,0.0,39.97,100,maynas_persiann_cdr_2012_2023.zip,CDR_20200509z.asc,True,1.0,2020-05-03
2020-05-10,0.0,0.0,0.0,100,maynas_persiann_cdr_2012_2023.zip,CDR_20200510z.asc,True,0.0,2020-05-10
2020-05-11,1.1144999999999998,0.0,13.86,100,maynas_persiann_cdr_2012_2023.zip,CDR_20200511z.asc,True,1.0,2020-05-10
2020-05-12,27.114800000000006,3.33,54.79,100,maynas_persiann_cdr_2012_2023.zip,CDR_20200512z.asc,True,1.0,2020-05-10
2020-05-13,19.2142,4.58,53.23,100,maynas_persiann_cdr_2012_2023.zip,CDR_20200513z.asc,True,1.0,2020-05-10
2020-05-14,3.1167,0.0,21.59,100,maynas_persiann_cdr_2012_2023.zip,CDR_20200514z.asc,True,1.0,2020-05-10
2020-05-15,8.578499999999998,1.08,30.84,100,maynas_persiann_cdr_2012_2023.zip,CDR_20200515z.asc,True,1.0,2020-05-10
2020-05-16,17.2998,4.78,41.82,100,maynas_persiann_cdr_2012_2023.zip,CDR_20200516z.asc,True,1.0,2020-05-10
2020-05-17,0.0756,0.0,2.11,100,maynas_persiann_cdr_2012_2023.zip,CDR_20200517z.asc,True,0.0,2020-05-17
2020-05-18,0.9258,0.0,3.17,100,maynas_persiann_cdr_2012_2023.zip,CDR_20200518z.asc,True,0.0,2020-05-17
2020-05-19,5.2193000000000005,0.0,17.28,100,maynas_persiann_cdr_2012_2023.zip,CDR_20200519z.asc,True,1.0,2020-05-17
2020-05-20,23.67,1.84,50.33,100,maynas_persiann_cdr_2012_2023.zip,CDR_20200520z.asc,True,1.0,2020-05-17
2020-05-21,5.6957,0.0,27.18,100,maynas_persiann_cdr_2012_2023.zip,CDR_20200521z.asc,True,1.0,2020-05-17
2020-05-22,7.670699999999999,0.0,26.47,100,maynas_persiann_cdr_2012_2023.zip,CDR_20200522z.asc,True,1.0,2020-05-17
2020-05-23,8.4736,1.51,23.17,100,maynas_persiann_cdr_2012_2023.zip,CDR_20200523z.asc,True,1.0,2020-05-17
2020-05-24,4.9563999999999995,0.0,30.26,100,maynas_persiann_cdr_2012_2023.zip,CDR_20200524z.asc,True,1.0,2020-05-24
2020-05-25,2.6003,0.0,16.49,100,maynas_persiann_cdr_2012_2023.zip,CDR_20200525z.asc,True,1.0,2020-05-24
2020-05-26,0.0264,0.0,0.92,100,maynas_persiann_cdr_2012_2023.zip,CDR_20200526z.asc,True,0.0,2020-05-24
2020-05-27,0.038599999999999995,0.0,1.15,100,maynas_persiann_cdr_2012_2023.zip,CDR_20200527z.asc,True,0.0,2020-05-24
2020-05-28,4.8867,0.0,20.16,100,maynas_persiann_cdr_2012_2023.zip,CDR_20200528z.asc,True,1.0,2020-05-24
2020-05-29,6.1327,0.0,29.52,100,maynas_persiann_cdr_2012_2023.zip,CDR_20200529z.asc,True,1.0,2020-05-24
2020-05-30,29.195700000000006,2.07,77.91,100,maynas_persiann_cdr_2012_2023.zip,CDR_20200530z.asc,True,1.0,2020-05-24
2020-05-31,19.194100000000002,3.43,50.92,100,maynas_persiann_cdr_2012_2023.zip,CDR_20200531z.asc,True,1.0,2020-05-31
2020-06-01,13.4109,0.0,37.63,100,maynas_persiann_cdr_2012_2023.zip,CDR_20200601z.asc,True,1.0,2020-05-31
2020-06-02,3.7659000000000002,0.0,27.12,100,maynas_persiann_cdr_2012_2023.zip,CDR_20200602z.asc,True,1.0,2020-05-31
2020-06-03,29.5914,1.06,78.13,100,maynas_persiann_cdr_2012_2023.zip,CDR_20200603z.asc,True,1.0,2020-05-31
2020-06-04,7.2071,0.0,40.5,100,maynas_persiann_cdr_2012_2023.zip,CDR_20200604z.asc,True,1.0,2020-05-31
2020-06-05,42.23480000000001,15.63,67.84,100,maynas_persiann_cdr_2012_2023.zip,CDR_20200605z.asc,True,1.0,2020-05-31
2020-06-06,1.5527000000000002,0.0,8.19,100,maynas_persiann_cdr_2012_2023.zip,CDR_20200606z.asc,True,1.0,2020-05-31
2020-06-07,1.6603999999999999,0.0,10.06,100,maynas_persiann_cdr_2012_2023.zip,CDR_20200607z.asc,True,1.0,2020-06-07
2020-06-08,8.2172,0.0,27.92,100,maynas_persiann_cdr_2012_2023.zip,CDR_20200608z.asc,True,1.0,2020-06-07
2020-06-09,4.1044,0.0,18.94,100,maynas_persiann_cdr_2012_2023.zip,CDR_20200609z.asc,True,1.0,2020-06-07
2020-06-10,0.019,0.0,1.08,100,maynas_persiann_cdr_2012_2023.zip,CDR_20200610z.asc,True,0.0,2020-06-07
2020-06-11,0.28049999999999997,0.0,6.35,100,maynas_persiann_cdr_2012_2023.zip,CDR_20200611z.asc,True,0.0,2020-06-07
2020-06-12,1.4718,0.0,8.6,100,maynas_persiann_cdr_2012_2023.zip,CDR_20200612z.asc,True,1.0,2020-06-07
2020-06-13,5.453700000000001,0.0,35.57,100,maynas_persiann_cdr_2012_2023.zip,CDR_20200613z.asc,True,1.0,2020-06-07
2020-06-14,9.7088,0.0,29.66,100,maynas_persiann_cdr_2012_2023.zip,CDR_20200614z.asc,True,1.0,2020-06-14
2020-06-15,19.6084,2.21,56.29,100,maynas_persiann_cdr_2012_2023.zip,CDR_20200615z.asc,True,1.0,2020-06-14
2020-06-16,0.0815,0.0,1.72,100,maynas_persiann_cdr_2012_2023.zip,CDR_20200616z.asc,True,0.0,2020-06-14
2020-06-17,0.16939999999999997,0.0,4.52,100,maynas_persiann_cdr_2012_2023.zip,CDR_20200617z.asc,True,0.0,2020-06-14
2020-06-18,2.8158000000000003,0.0,19.37,100,maynas_persiann_cdr_2012_2023.zip,CDR_20200618z.asc,True,1.0,2020-06-14
2020-06-19,8.555299999999999,0.0,33.39,100,maynas_persiann_cdr_2012_2023.zip,CDR_20200619z.asc,True,1.0,2020-06-14
2020-06-20,11.548800000000002,0.0,41.39,100,maynas_persiann_cdr_2012_2023.zip,CDR_20200620z.asc,True,1.0,2020-06-14
2020-06-21,12.776399999999997,0.0,50.27,100,maynas_persiann_cdr_2012_2023.zip,CDR_20200621z.asc,True,1.0,2020-06-21
2020-06-22,10.450299999999997,0.0,37.05,100,maynas_persiann_cdr_2012_2023.zip,CDR_20200622z.asc,True,1.0,2020-06-21
2020-06-23,12.495999999999997,1.51,43.25,100,maynas_persiann_cdr_2012_2023.zip,CDR_20200623z.asc,True,1.0,2020-06-21
2020-06-24,15.517999999999997,0.0,53.28,100,maynas_persiann_cdr_2012_2023.zip,CDR_20200624z.asc,True,1.0,2020-06-21
2020-06-25,8.4956,0.0,33.41,100,maynas_persiann_cdr_2012_2023.zip,CDR_20200625z.asc,True,1.0,2020-06-21
2020-06-26,20.521600000000003,1.52,60.65,100,maynas_persiann_cdr_2012_2023.zip,CDR_20200626z.asc,True,1.0,2020-06-21
2020-06-27,8.6783,0.0,32.06,100,maynas_persiann_cdr_2012_2023.zip,CDR_20200627z.asc,True,1.0,2020-06-21
2020-06-28,7.8853,0.0,34.64,100,maynas_persiann_cdr_2012_2023.zip,CDR_20200628z.asc,True,1.0,2020-06-28
2020-06-29,11.3414,0.0,38.33,100,maynas_persiann_cdr_2012_2023.zip,CDR_20200629z.asc,True,1.0,2020-06-28
2020-06-30,17.428900000000002,3.11,62.12,100,maynas_persiann_cdr_2012_2023.zip,CDR_20200630z.asc,True,1.0,2020-06-28
2020-07-01,3.5581000000000005,0.0,20.0,100,maynas_persiann_cdr_2012_2023.zip,CDR_20200701z.asc,True,1.0,2020-06-28
2020-07-02,7.973999999999998,0.77,32.31,100,maynas_persiann_cdr_2012_2023.zip,CDR_20200702z.asc,True,1.0,2020-06-28
2020-07-03,13.887400000000003,0.75,38.91,100,maynas_persiann_cdr_2012_2023.zip,CDR_20200703z.asc,True,1.0,2020-06-28
2020-07-04,9.310800000000002,0.0,30.24,100,maynas_persiann_cdr_2012_2023.zip,CDR_20200704z.asc,True,1.0,2020-06-28
2020-07-05,6.9822000000000015,1.55,20.19,100,maynas_persiann_cdr_2012_2023.zip,CDR_20200705z.asc,True,1.0,2020-07-05
2020-07-06,2.0671999999999997,0.0,14.03,100,maynas_persiann_cdr_2012_2023.zip,CDR_20200706z.asc,True,1.0,2020-07-05
2020-07-07,16.7784,2.84,53.69,100,maynas_persiann_cdr_2012_2023.zip,CDR_20200707z.asc,True,1.0,2020-07-05
2020-07-08,6.830500000000001,0.0,39.62,100,maynas_persiann_cdr_2012_2023.zip,CDR_20200708z.asc,True,1.0,2020-07-05
2020-07-09,3.5743,0.0,19.55,100,maynas_persiann_cdr_2012_2023.zip,CDR_20200709z.asc,True,1.0,2020-07-05
2020-07-10,20.405500000000004,8.57,40.9,100,maynas_persiann_cdr_2012_2023.zip,CDR_20200710z.asc,True,1.0,2020-07-05
2020-07-11,7.532100000000001,0.0,26.57,100,maynas_persiann_cdr_2012_2023.zip,CDR_20200711z.asc,True,1.0,2020-07-05
2020-07-12,3.435,0.0,20.31,100,maynas_persiann_cdr_2012_2023.zip,CDR_20200712z.asc,True,1.0,2020-07-12
2020-07-13,8.9214,0.0,34.01,100,maynas_persiann_cdr_2012_2023.zip,CDR_20200713z.asc,True,1.0,2020-07-12
2020-07-14,15.306999999999999,2.98,56.27,100,maynas_persiann_cdr_2012_2023.zip,CDR_20200714z.asc,True,1.0,2020-07-12
2020-07-15,9.7321,0.0,34.41,100,maynas_persiann_cdr_2012_2023.zip,CDR_20200715z.asc,True,1.0,2020-07-12
2020-07-16,5.445400000000001,0.0,17.4,100,maynas_persiann_cdr_2012_2023.zip,CDR_20200716z.asc,True,1.0,2020-07-12
2020-07-17,0.08810000000000001,0.0,1.36,100,maynas_persiann_cdr_2012_2023.zip,CDR_20200717z.asc,True,0.0,2020-07-12
2020-07-18,3.6986999999999997,0.0,20.09,100,maynas_persiann_cdr_2012_2023.zip,CDR_20200718z.asc,True,1.0,2020-07-12
2020-07-19,2.3737999999999997,0.0,12.95,100,maynas_persiann_cdr_2012_2023.zip,CDR_20200719z.asc,True,1.0,2020-07-19
2020-07-20,14.135600000000002,0.0,43.53,100,maynas_persiann_cdr_2012_2023.zip,CDR_20200720z.asc,True,1.0,2020-07-19
2020-07-21,2.1668000000000003,0.0,18.13,100,maynas_persiann_cdr_2012_2023.zip,CDR_20200721z.asc,True,1.0,2020-07-19
2020-07-22,2.0384,0.0,23.41,100,maynas_persiann_cdr_2012_2023.zip,CDR_20200722z.asc,True,1.0,2020-07-19
2020-07-23,3.6651,0.0,23.11,100,maynas_persiann_cdr_2012_2023.zip,CDR_20200723z.asc,True,1.0,2020-07-19
2020-07-24,15.101099999999999,0.0,67.75,100,maynas_persiann_cdr_2012_2023.zip,CDR_20200724z.asc,True,1.0,2020-07-19
2020-07-25,20.7868,2.34,40.11,100,maynas_persiann_cdr_2012_2023.zip,CDR_20200725z.asc,True,1.0,2020-07-19
2020-07-26,14.4114,0.76,44.8,100,maynas_persiann_cdr_2012_2023.zip,CDR_20200726z.asc,True,1.0,2020-07-26
2020-07-27,0.5922,0.0,5.31,100,maynas_persiann_cdr_2012_2023.zip,CDR_20200727z.asc,True,0.0,2020-07-26
2020-07-28,0.9248000000000001,0.0,5.38,100,maynas_persiann_cdr_2012_2023.zip,CDR_20200728z.asc,True,0.0,2020-07-26
2020-07-29,3.9522000000000004,0.0,14.98,100,maynas_persiann_cdr_2012_2023.zip,CDR_20200729z.asc,True,1.0,2020-07-26
2020-07-30,1.6766999999999999,0.0,13.36,100,maynas_persiann_cdr_2012_2023.zip,CDR_20200730z.asc,True,1.0,2020-07-26
2020-07-31,0.5012000000000001,0.0,5.69,100,maynas_persiann_cdr_2012_2023.zip,CDR_20200731z.asc,True,0.0,2020-07-26
2020-08-01,0.0236,0.0,0.86,100,maynas_persiann_cdr_2012_2023.zip,CDR_20200801z.asc,True,0.0,2020-07-26
2020-08-02,0.0,0.0,0.0,100,maynas_persiann_cdr_2012_2023.zip,CDR_20200802z.asc,True,0.0,2020-08-02
2020-08-03,0.0,0.0,0.0,100,maynas_persiann_cdr_2012_2023.zip,CDR_20200803z.asc,True,0.0,2020-08-02
2020-08-04,0.1502,0.0,2.05,100,maynas_persiann_cdr_2012_2023.zip,CDR_20200804z.asc,True,0.0,2020-08-02
2020-08-05,0.45489999999999997,0.0,5.59,100,maynas_persiann_cdr_2012_2023.zip,CDR_20200805z.asc,True,0.0,2020-08-02
2020-08-06,0.4501,0.0,5.5,100,maynas_persiann_cdr_2012_2023.zip,CDR_20200806z.asc,True,0.0,2020-08-02
2020-08-07,0.09359999999999999,0.0,1.09,100,maynas_persiann_cdr_2012_2023.zip,CDR_20200807z.asc,True,0.0,2020-08-02
2020-08-08,1.9711,0.0,13.55,100,maynas_persiann_cdr_2012_2023.zip,CDR_20200808z.asc,True,1.0,2020-08-02
2020-08-09,0.16880000000000003,0.0,2.56,100,maynas_persiann_cdr_2012_2023.zip,CDR_20200809z.asc,True,0.0,2020-08-09
2020-08-10,0.06989999999999999,0.0,0.83,100,maynas_persiann_cdr_2012_2023.zip,CDR_20200810z.asc,True,0.0,2020-08-09
2020-08-11,0.039599999999999996,0.0,1.43,100,maynas_persiann_cdr_2012_2023.zip,CDR_20200811z.asc,True,0.0,2020-08-09
2020-08-12,1.2831000000000004,0.0,13.41,100,maynas_persiann_cdr_2012_2023.zip,CDR_20200812z.asc,True,1.0,2020-08-09
2020-08-13,19.6426,0.0,57.12,100,maynas_persiann_cdr_2012_2023.zip,CDR_20200813z.asc,True,1.0,2020-08-09
2020-08-14,8.4865,0.0,35.45,100,maynas_persiann_cdr_2012_2023.zip,CDR_20200814z.asc,True,1.0,2020-08-09
2020-08-15,20.229100000000003,6.54,35.1,100,maynas_persiann_cdr_2012_2023.zip,CDR_20200815z.asc,True,1.0,2020-08-09
2020-08-16,2.571999999999999,0.0,11.11,100,maynas_persiann_cdr_2012_2023.zip,CDR_20200816z.asc,True,1.0,2020-08-16
2020-08-17,3.3596999999999992,0.0,21.93,100,maynas_persiann_cdr_2012_2023.zip,CDR_20200817z.asc,True,1.0,2020-08-16
2020-08-18,8.4668,0.0,39.95,100,maynas_persiann_cdr_2012_2023.zip,CDR_20200818z.asc,True,1.0,2020-08-16
2020-08-19,6.326100000000001,0.0,20.3,100,maynas_persiann_cdr_2012_2023.zip,CDR_20200819z.asc,True,1.0,2020-08-16
2020-08-20,6.216399999999998,0.0,27.53,100,maynas_persiann_cdr_2012_2023.zip,CDR_20200820z.asc,True,1.0,2020-08-16
2020-08-21,28.683699999999995,6.46,73.6,100,maynas_persiann_cdr_2012_2023.zip,CDR_20200821z.asc,True,1.0,2020-08-16
2020-08-22,2.8099000000000003,0.0,7.35,100,maynas_persiann_cdr_2012_2023.zip,CDR_20200822z.asc,True,1.0,2020-08-16
2020-08-23,0.0,0.0,0.0,100,maynas_persiann_cdr_2012_2023.zip,CDR_20200823z.asc,True,0.0,2020-08-23
2020-08-24,0.0,0.0,0.0,100,maynas_persiann_cdr_2012_2023.zip,CDR_20200824z.asc,True,0.0,2020-08-23
2020-08-25,0.0,0.0,0.0,100,maynas_persiann_cdr_2012_2023.zip,CDR_20200825z.asc,True,0.0,2020-08-23
2020-08-26,0.0,0.0,0.0,100,maynas_persiann_cdr_2012_2023.zip,CDR_20200826z.asc,True,0.0,2020-08-23
2020-08-27,1.6782,0.0,15.6,100,maynas_persiann_cdr_2012_2023.zip,CDR_20200827z.asc,True,1.0,2020-08-23
2020-08-28,2.8082,0.0,21.8,100,maynas_persiann_cdr_2012_2023.zip,CDR_20200828z.asc,True,1.0,2020-08-23
2020-08-29,3.9224999999999994,0.0,20.99,100,maynas_persiann_cdr_2012_2023.zip,CDR_20200829z.asc,True,1.0,2020-08-23
2020-08-30,1.9081000000000001,0.0,7.02,100,maynas_persiann_cdr_2012_2023.zip,CDR_20200830z.asc,True,1.0,2020-08-30
2020-08-31,7.1312999999999995,0.0,29.88,100,maynas_persiann_cdr_2012_2023.zip,CDR_20200831z.asc,True,1.0,2020-08-30
2020-09-01,9.1376,0.0,34.15,100,maynas_persiann_cdr_2012_2023.zip,CDR_20200901z.asc,True,1.0,2020-08-30
2020-09-02,11.58,0.0,26.15,100,maynas_persiann_cdr_2012_2023.zip,CDR_20200902z.asc,True,1.0,2020-08-30
2020-09-03,4.8118,0.0,19.31,100,maynas_persiann_cdr_2012_2023.zip,CDR_20200903z.asc,True,1.0,2020-08-30
2020-09-04,6.7603,0.0,20.41,100,maynas_persiann_cdr_2012_2023.zip,CDR_20200904z.asc,True,1.0,2020-08-30
2020-09-05,5.0081999999999995,0.0,17.14,100,maynas_persiann_cdr_2012_2023.zip,CDR_20200905z.asc,True,1.0,2020-08-30
2020-09-06,2.4127,0.0,11.47,100,maynas_persiann_cdr_2012_2023.zip,CDR_20200906z.asc,True,1.0,2020-09-06
2020-09-07,1.7997,0.0,9.61,100,maynas_persiann_cdr_2012_2023.zip,CDR_20200907z.asc,True,1.0,2020-09-06
2020-09-08,4.0661000000000005,0.0,21.7,100,maynas_persiann_cdr_2012_2023.zip,CDR_20200908z.asc,True,1.0,2020-09-06
2020-09-09,23.3878,4.81,54.55,100,maynas_persiann_cdr_2012_2023.zip,CDR_20200909z.asc,True,1.0,2020-09-06
2020-09-10,1.5157000000000005,0.0,13.06,100,maynas_persiann_cdr_2012_2023.zip,CDR_20200910z.asc,True,1.0,2020-09-06
2020-09-11,9.870899999999999,2.12,31.47,100,maynas_persiann_cdr_2012_2023.zip,CDR_20200911z.asc,True,1.0,2020-09-06
2020-09-12,1.6466999999999998,0.0,17.14,100,maynas_persiann_cdr_2012_2023.zip,CDR_20200912z.asc,True,1.0,2020-09-06
2020-09-13,3.5099,0.0,23.44,100,maynas_persiann_cdr_2012_2023.zip,CDR_20200913z.asc,True,1.0,2020-09-13
2020-09-14,12.501999999999999,0.53,27.44,100,maynas_persiann_cdr_2012_2023.zip,CDR_20200914z.asc,True,1.0,2020-09-13
2020-09-15,20.6198,7.88,34.11,100,maynas_persiann_cdr_2012_2023.zip,CDR_20200915z.asc,True,1.0,2020-09-13
2020-09-16,14.018100000000002,1.24,27.46,100,maynas_persiann_cdr_2012_2023.zip,CDR_20200916z.asc,True,1.0,2020-09-13
2020-09-17,3.1847,0.0,13.99,100,maynas_persiann_cdr_2012_2023.zip,CDR_20200917z.asc,True,1.0,2020-09-13
2020-09-18,5.1551,0.0,19.04,100,maynas_persiann_cdr_2012_2023.zip,CDR_20200918z.asc,True,1.0,2020-09-13
2020-09-19,11.637700000000002,0.0,39.55,100,maynas_persiann_cdr_2012_2023.zip,CDR_20200919z.asc,True,1.0,2020-09-13
2020-09-20,6.290499999999998,0.48,17.75,100,maynas_persiann_cdr_2012_2023.zip,CDR_20200920z.asc,True,1.0,2020-09-20
2020-09-21,6.569599999999999,0.64,27.47,100,maynas_persiann_cdr_2012_2023.zip,CDR_20200921z.asc,True,1.0,2020-09-20
2020-09-22,11.729700000000001,0.0,28.11,100,maynas_persiann_cdr_2012_2023.zip,CDR_20200922z.asc,True,1.0,2020-09-20
2020-09-23,11.170900000000001,1.02,25.84,100,maynas_persiann_cdr_2012_2023.zip,CDR_20200923z.asc,True,1.0,2020-09-20
2020-09-24,12.355200000000002,2.39,27.49,100,maynas_persiann_cdr_2012_2023.zip,CDR_20200924z.asc,True,1.0,2020-09-20
2020-09-25,0.8804,0.0,10.19,100,maynas_persiann_cdr_2012_2023.zip,CDR_20200925z.asc,True,0.0,2020-09-20
2020-09-26,1.6922000000000004,0.0,8.12,100,maynas_persiann_cdr_2012_2023.zip,CDR_20200926z.asc,True,1.0,2020-09-20
2020-09-27,2.4962,0.0,14.12,100,maynas_persiann_cdr_2012_2023.zip,CDR_20200927z.asc,True,1.0,2020-09-27
2020-09-28,5.7248,0.0,19.06,100,maynas_persiann_cdr_2012_2023.zip,CDR_20200928z.asc,True,1.0,2020-09-27
2020-09-29,16.3068,1.8,38.24,100,maynas_persiann_cdr_2012_2023.zip,CDR_20200929z.asc,True,1.0,2020-09-27
2020-09-30,6.139000000000001,0.83,26.48,100,maynas_persiann_cdr_2012_2023.zip,CDR_20200930z.asc,True,1.0,2020-09-27
2020-10-01,0.786,0.0,1.83,100,maynas_persiann_cdr_2012_2023.zip,CDR_20201001z.asc,True,0.0,2020-09-27
2020-10-02,1.1084000000000003,0.0,10.64,100,maynas_persiann_cdr_2012_2023.zip,CDR_20201002z.asc,True,1.0,2020-09-27
2020-10-03,4.1624,0.0,17.51,100,maynas_persiann_cdr_2012_2023.zip,CDR_20201003z.asc,True,1.0,2020-09-27
2020-10-04,9.9936,2.73,23.06,100,maynas_persiann_cdr_2012_2023.zip,CDR_20201004z.asc,True,1.0,2020-10-04
2020-10-05,3.62,0.43,12.08,100,maynas_persiann_cdr_2012_2023.zip,CDR_20201005z.asc,True,1.0,2020-10-04
2020-10-06,0.2786,0.0,2.44,100,maynas_persiann_cdr_2012_2023.zip,CDR_20201006z.asc,True,0.0,2020-10-04
2020-10-07,1.5698999999999999,0.0,7.86,100,maynas_persiann_cdr_2012_2023.zip,CDR_20201007z.asc,True,1.0,2020-10-04
2020-10-08,4.403499999999999,0.0,12.06,100,maynas_persiann_cdr_2012_2023.zip,CDR_20201008z.asc,True,1.0,2020-10-04
2020-10-09,5.208800000000001,0.46,13.9,100,maynas_persiann_cdr_2012_2023.zip,CDR_20201009z.asc,True,1.0,2020-10-04
2020-10-10,0.1632,0.0,5.59,100,maynas_persiann_cdr_2012_2023.zip,CDR_20201010z.asc,True,0.0,2020-10-04
2020-10-11,0.4777,0.0,3.75,100,maynas_persiann_cdr_2012_2023.zip,CDR_20201011z.asc,True,0.0,2020-10-11
2020-10-12,2.2938,0.0,17.34,100,maynas_persiann_cdr_2012_2023.zip,CDR_20201012z.asc,True,1.0,2020-10-11
2020-10-13,5.5215,0.0,25.81,100,maynas_persiann_cdr_2012_2023.zip,CDR_20201013z.asc,True,1.0,2020-10-11
2020-10-14,11.524499999999998,0.0,23.35,100,maynas_persiann_cdr_2012_2023.zip,CDR_20201014z.asc,True,1.0,2020-10-11
2020-10-15,5.2532,0.28,20.9,100,maynas_persiann_cdr_2012_2023.zip,CDR_20201015z.asc,True,1.0,2020-10-11
2020-10-16,5.4323000000000015,0.35,16.29,100,maynas_persiann_cdr_2012_2023.zip,CDR_20201016z.asc,True,1.0,2020-10-11
2020-10-17,5.853000000000001,0.0,21.54,100,maynas_persiann_cdr_2012_2023.zip,CDR_20201017z.asc,True,1.0,2020-10-11
2020-10-18,5.171100000000001,0.0,22.65,100,maynas_persiann_cdr_2012_2023.zip,CDR_20201018z.asc,True,1.0,2020-10-18
2020-10-19,0.8788999999999999,0.0,10.15,100,maynas_persiann_cdr_2012_2023.zip,CDR_20201019z.asc,True,0.0,2020-10-18
2020-10-20,2.594,0.0,17.5,100,maynas_persiann_cdr_2012_2023.zip,CDR_20201020z.asc,True,1.0,2020-10-18
2020-10-21,22.890099999999997,8.98,41.51,100,maynas_persiann_cdr_2012_2023.zip,CDR_20201021z.asc,True,1.0,2020-10-18
2020-10-22,4.003299999999999,0.57,11.25,100,maynas_persiann_cdr_2012_2023.zip,CDR_20201022z.asc,True,1.0,2020-10-18
2020-10-23,2.7983,0.0,12.62,100,maynas_persiann_cdr_2012_2023.zip,CDR_20201023z.asc,True,1.0,2020-10-18
2020-10-24,3.8188,0.0,14.37,100,maynas_persiann_cdr_2012_2023.zip,CDR_20201024z.asc,True,1.0,2020-10-18
2020-10-25,0.9340999999999999,0.0,10.28,100,maynas_persiann_cdr_2012_2023.zip,CDR_20201025z.asc,True,0.0,2020-10-25
2020-10-26,5.9589,0.78,22.15,100,maynas_persiann_cdr_2012_2023.zip,CDR_20201026z.asc,True,1.0,2020-10-25
2020-10-27,6.478699999999999,0.6,22.29,100,maynas_persiann_cdr_2012_2023.zip,CDR_20201027z.asc,True,1.0,2020-10-25
2020-10-28,10.950099999999997,0.84,27.28,100,maynas_persiann_cdr_2012_2023.zip,CDR_20201028z.asc,True,1.0,2020-10-25
2020-10-29,1.2441999999999998,0.0,6.92,100,maynas_persiann_cdr_2012_2023.zip,CDR_20201029z.asc,True,1.0,2020-10-25
2020-10-30,15.6316,3.77,34.27,100,maynas_persiann_cdr_2012_2023.zip,CDR_20201030z.asc,True,1.0,2020-10-25
2020-10-31,17.0062,8.4,31.17,100,maynas_persiann_cdr_2012_2023.zip,CDR_20201031z.asc,True,1.0,2020-10-25
2020-11-01,3.2655000000000003,0.0,7.54,100,maynas_persiann_cdr_2012_2023.zip,CDR_20201101z.asc,True,1.0,2020-11-01
2020-11-02,0.0113,0.0,0.32,100,maynas_persiann_cdr_2012_2023.zip,CDR_20201102z.asc,True,0.0,2020-11-01
2020-11-03,0.2911,0.0,3.54,100,maynas_persiann_cdr_2012_2023.zip,CDR_20201103z.asc,True,0.0,2020-11-01
2020-11-04,5.4225,0.0,21.67,100,maynas_persiann_cdr_2012_2023.zip,CDR_20201104z.asc,True,1.0,2020-11-01
2020-11-05,9.6837,1.75,25.87,100,maynas_persiann_cdr_2012_2023.zip,CDR_20201105z.asc,True,1.0,2020-11-01
2020-11-06,10.8877,0.0,21.74,100,maynas_persiann_cdr_2012_2023.zip,CDR_20201106z.asc,True,1.0,2020-11-01
2020-11-07,13.769400000000001,3.34,33.87,100,maynas_persiann_cdr_2012_2023.zip,CDR_20201107z.asc,True,1.0,2020-11-01
2020-11-08,5.2624,0.0,16.21,100,maynas_persiann_cdr_2012_2023.zip,CDR_20201108z.asc,True,1.0,2020-11-08
2020-11-09,3.2475999999999994,0.0,12.32,100,maynas_persiann_cdr_2012_2023.zip,CDR_20201109z.asc,True,1.0,2020-11-08
2020-11-10,7.2017999999999995,1.12,24.52,100,maynas_persiann_cdr_2012_2023.zip,CDR_20201110z.asc,True,1.0,2020-11-08
2020-11-11,8.936,0.54,21.63,100,maynas_persiann_cdr_2012_2023.zip,CDR_20201111z.asc,True,1.0,2020-11-08
2020-11-12,17.942899999999998,5.41,40.43,100,maynas_persiann_cdr_2012_2023.zip,CDR_20201112z.asc,True,1.0,2020-11-08
2020-11-13,4.1567,0.0,17.55,100,maynas_persiann_cdr_2012_2023.zip,CDR_20201113z.asc,True,1.0,2020-11-08
2020-11-14,2.1982999999999997,0.0,10.38,100,maynas_persiann_cdr_2012_2023.zip,CDR_20201114z.asc,True,1.0,2020-11-08
2020-11-15,5.704199999999999,0.0,22.97,100,maynas_persiann_cdr_2012_2023.zip,CDR_20201115z.asc,True,1.0,2020-11-15
2020-11-16,17.012999999999998,7.41,33.05,100,maynas_persiann_cdr_2012_2023.zip,CDR_20201116z.asc,True,1.0,2020-11-15
2020-11-17,0.6651999999999998,0.0,3.68,100,maynas_persiann_cdr_2012_2023.zip,CDR_20201117z.asc,True,0.0,2020-11-15
2020-11-18,4.1816,0.0,21.0,100,maynas_persiann_cdr_2012_2023.zip,CDR_20201118z.asc,True,1.0,2020-11-15
2020-11-19,13.7928,2.99,30.29,100,maynas_persiann_cdr_2012_2023.zip,CDR_20201119z.asc,True,1.0,2020-11-15
2020-11-20,20.675499999999996,8.16,34.84,100,maynas_persiann_cdr_2012_2023.zip,CDR_20201120z.asc,True,1.0,2020-11-15
2020-11-21,6.4175,0.32,15.52,100,maynas_persiann_cdr_2012_2023.zip,CDR_20201121z.asc,True,1.0,2020-11-15
2020-11-22,1.9102000000000001,0.0,11.17,100,maynas_persiann_cdr_2012_2023.zip,CDR_20201122z.asc,True,1.0,2020-11-22
2020-11-23,8.6156,0.27,19.02,100,maynas_persiann_cdr_2012_2023.zip,CDR_20201123z.asc,True,1.0,2020-11-22
2020-11-24,10.049199999999999,2.28,22.68,100,maynas_persiann_cdr_2012_2023.zip,CDR_20201124z.asc,True,1.0,2020-11-22
2020-11-25,2.4608000000000003,0.0,11.16,100,maynas_persiann_cdr_2012_2023.zip,CDR_20201125z.asc,True,1.0,2020-11-22
2020-11-26,9.948599999999999,1.52,20.29,100,maynas_persiann_cdr_2012_2023.zip,CDR_20201126z.asc,True,1.0,2020-11-22
2020-11-27,16.8316,4.42,36.72,100,maynas_persiann_cdr_2012_2023.zip,CDR_20201127z.asc,True,1.0,2020-11-22
2020-11-28,2.1521,0.0,8.15,100,maynas_persiann_cdr_2012_2023.zip,CDR_20201128z.asc,True,1.0,2020-11-22
2020-11-29,7.749699999999999,3.38,17.48,100,maynas_persiann_cdr_2012_2023.zip,CDR_20201129z.asc,True,1.0,2020-11-29
2020-11-30,2.9816,0.0,13.09,100,maynas_persiann_cdr_2012_2023.zip,CDR_20201130z.asc,True,1.0,2020-11-29
2020-12-01,7.386499999999999,1.86,17.24,100,maynas_persiann_cdr_2012_2023.zip,CDR_20201201z.asc,True,1.0,2020-11-29
2020-12-02,5.722899999999998,0.36,22.86,100,maynas_persiann_cdr_2012_2023.zip,CDR_20201202z.asc,True,1.0,2020-11-29
2020-12-03,12.535400000000005,3.74,31.54,100,maynas_persiann_cdr_2012_2023.zip,CDR_20201203z.asc,True,1.0,2020-11-29
2020-12-04,8.538,0.0,30.64,100,maynas_persiann_cdr_2012_2023.zip,CDR_20201204z.asc,True,1.0,2020-11-29
2020-12-05,15.29,0.37,35.63,100,maynas_persiann_cdr_2012_2023.zip,CDR_20201205z.asc,True,1.0,2020-11-29
2020-12-06,4.6709,0.0,22.33,100,maynas_persiann_cdr_2012_2023.zip,CDR_20201206z.asc,True,1.0,2020-12-06
2020-12-07,5.143,0.0,19.52,100,maynas_persiann_cdr_2012_2023.zip,CDR_20201207z.asc,True,1.0,2020-12-06
2020-12-08,16.2783,8.17,35.7,100,maynas_persiann_cdr_2012_2023.zip,CDR_20201208z.asc,True,1.0,2020-12-06
2020-12-09,3.7711,0.0,18.24,100,maynas_persiann_cdr_2012_2023.zip,CDR_20201209z.asc,True,1.0,2020-12-06
2020-12-10,1.2589,0.0,4.99,100,maynas_persiann_cdr_2012_2023.zip,CDR_20201210z.asc,True,1.0,2020-12-06
2020-12-11,8.7567,0.0,31.44,100,maynas_persiann_cdr_2012_2023.zip,CDR_20201211z.asc,True,1.0,2020-12-06
2020-12-12,12.365800000000002,2.44,26.08,100,maynas_persiann_cdr_2012_2023.zip,CDR_20201212z.asc,True,1.0,2020-12-06
2020-12-13,19.035199999999996,4.67,39.39,100,maynas_persiann_cdr_2012_2023.zip,CDR_20201213z.asc,True,1.0,2020-12-13
2020-12-14,23.076900000000002,5.03,46.46,100,maynas_persiann_cdr_2012_2023.zip,CDR_20201214z.asc,True,1.0,2020-12-13
2020-12-15,19.171300000000002,7.99,43.95,100,maynas_persiann_cdr_2012_2023.zip,CDR_20201215z.asc,True,1.0,2020-12-13
2020-12-16,2.1856999999999998,0.0,11.7,100,maynas_persiann_cdr_2012_2023.zip,CDR_20201216z.asc,True,1.0,2020-12-13
2020-12-17,9.393,3.29,22.31,100,maynas_persiann_cdr_2012_2023.zip,CDR_20201217z.asc,True,1.0,2020-12-13
2020-12-18,7.5207999999999995,1.85,16.18,100,maynas_persiann_cdr_2012_2023.zip,CDR_20201218z.asc,True,1.0,2020-12-13
2020-12-19,1.8054000000000001,0.0,8.06,100,maynas_persiann_cdr_2012_2023.zip,CDR_20201219z.asc,True,1.0,2020-12-13
2020-12-20,4.2611,0.0,12.05,100,maynas_persiann_cdr_2012_2023.zip,CDR_20201220z.asc,True,1.0,2020-12-20
2020-12-21,7.131,0.34,30.31,100,maynas_persiann_cdr_2012_2023.zip,CDR_20201221z.asc,True,1.0,2020-12-20
2020-12-22,8.9837,2.16,23.36,100,maynas_persiann_cdr_2012_2023.zip,CDR_20201222z.asc,True,1.0,2020-12-20
2020-12-23,12.0832,2.21,25.98,100,maynas_persiann_cdr_2012_2023.zip,CDR_20201223z.asc,True,1.0,2020-12-20
2020-12-24,25.151299999999996,10.38,42.47,100,maynas_persiann_cdr_2012_2023.zip,CDR_20201224z.asc,True,1.0,2020-12-20
2020-12-25,9.8273,0.37,23.09,100,maynas_persiann_cdr_2012_2023.zip,CDR_20201225z.asc,True,1.0,2020-12-20
2020-12-26,5.8839,0.0,17.77,100,maynas_persiann_cdr_2012_2023.zip,CDR_20201226z.asc,True,1.0,2020-12-20
2020-12-27,5.5382,0.0,23.15,100,maynas_persiann_cdr_2012_2023.zip,CDR_20201227z.asc,True,1.0,2020-12-27
2020-12-28,16.550500000000003,6.36,36.91,100,maynas_persiann_cdr_2012_2023.zip,CDR_20201228z.asc,True,1.0,2020-12-27
2020-12-29,1.9128999999999998,0.0,7.59,100,maynas_persiann_cdr_2012_2023.zip,CDR_20201229z.asc,True,1.0,2020-12-27
2020-12-30,1.0469,0.0,6.78,100,maynas_persiann_cdr_2012_2023.zip,CDR_20201230z.asc,True,1.0,2020-12-27
2020-12-31,0.8453,0.0,4.7,100,maynas_persiann_cdr_2012_2023.zip,CDR_20201231z.asc,True,0.0,2020-12-27
2021-01-01,19.174400000000002,0.79,47.71,100,maynas_persiann_cdr_2012_2023.zip,CDR_20210101z.asc,True,1.0,2020-12-27
2021-01-02,10.743899999999996,3.38,32.0,100,maynas_persiann_cdr_2012_2023.zip,CDR_20210102z.asc,True,1.0,2020-12-27
2021-01-03,5.2376,0.0,31.41,100,maynas_persiann_cdr_2012_2023.zip,CDR_20210103z.asc,True,1.0,2021-01-03
2021-01-04,4.3208,0.0,17.2,100,maynas_persiann_cdr_2012_2023.zip,CDR_20210104z.asc,True,1.0,2021-01-03
2021-01-05,11.3117,0.0,44.33,100,maynas_persiann_cdr_2012_2023.zip,CDR_20210105z.asc,True,1.0,2021-01-03
2021-01-06,18.8264,1.52,64.15,100,maynas_persiann_cdr_2012_2023.zip,CDR_20210106z.asc,True,1.0,2021-01-03
2021-01-07,5.661599999999998,0.0,24.9,100,maynas_persiann_cdr_2012_2023.zip,CDR_20210107z.asc,True,1.0,2021-01-03
2021-01-08,5.891700000000001,0.81,17.44,100,maynas_persiann_cdr_2012_2023.zip,CDR_20210108z.asc,True,1.0,2021-01-03
2021-01-09,3.9136,0.0,14.52,100,maynas_persiann_cdr_2012_2023.zip,CDR_20210109z.asc,True,1.0,2021-01-03
2021-01-10,0.9837,0.0,4.85,100,maynas_persiann_cdr_2012_2023.zip,CDR_20210110z.asc,True,0.0,2021-01-10
2021-01-11,2.5921,0.0,9.91,100,maynas_persiann_cdr_2012_2023.zip,CDR_20210111z.asc,True,1.0,2021-01-10
2021-01-12,3.4534999999999996,0.0,14.26,100,maynas_persiann_cdr_2012_2023.zip,CDR_20210112z.asc,True,1.0,2021-01-10
2021-01-13,2.6596,0.0,7.11,100,maynas_persiann_cdr_2012_2023.zip,CDR_20210113z.asc,True,1.0,2021-01-10
2021-01-14,4.5276,0.0,23.29,100,maynas_persiann_cdr_2012_2023.zip,CDR_20210114z.asc,True,1.0,2021-01-10
2021-01-15,16.695300000000003,1.68,48.96,100,maynas_persiann_cdr_2012_2023.zip,CDR_20210115z.asc,True,1.0,2021-01-10
2021-01-16,15.931599999999998,0.78,45.68,100,maynas_persiann_cdr_2012_2023.zip,CDR_20210116z.asc,True,1.0,2021-01-10
2021-01-17,6.279000000000001,0.0,23.81,100,maynas_persiann_cdr_2012_2023.zip,CDR_20210117z.asc,True,1.0,2021-01-17
2021-01-18,7.9402,0.0,34.23,100,maynas_persiann_cdr_2012_2023.zip,CDR_20210118z.asc,True,1.0,2021-01-17
2021-01-19,19.3909,0.0,67.58,100,maynas_persiann_cdr_2012_2023.zip,CDR_20210119z.asc,True,1.0,2021-01-17
2021-01-20,7.3886,0.0,27.09,100,maynas_persiann_cdr_2012_2023.zip,CDR_20210120z.asc,True,1.0,2021-01-17
2021-01-21,0.0,0.0,0.0,100,maynas_persiann_cdr_2012_2023.zip,CDR_20210121z.asc,True,0.0,2021-01-17
2021-01-22,13.3626,0.0,44.26,100,maynas_persiann_cdr_2012_2023.zip,CDR_20210122z.asc,True,1.0,2021-01-17
2021-01-23,21.6789,0.0,60.48,100,maynas_persiann_cdr_2012_2023.zip,CDR_20210123z.asc,True,1.0,2021-01-17
2021-01-24,4.2884,0.0,15.44,100,maynas_persiann_cdr_2012_2023.zip,CDR_20210124z.asc,True,1.0,2021-01-24
2021-01-25,30.808699999999998,9.31,65.17,100,maynas_persiann_cdr_2012_2023.zip,CDR_20210125z.asc,True,1.0,2021-01-24
2021-01-26,42.738499999999995,16.96,72.81,100,maynas_persiann_cdr_2012_2023.zip,CDR_20210126z.asc,True,1.0,2021-01-24
2021-01-27,3.2273999999999994,0.0,16.46,100,maynas_persiann_cdr_2012_2023.zip,CDR_20210127z.asc,True,1.0,2021-01-24
2021-01-28,7.282200000000001,0.0,35.24,100,maynas_persiann_cdr_2012_2023.zip,CDR_20210128z.asc,True,1.0,2021-01-24
2021-01-29,3.5159999999999996,0.0,22.91,100,maynas_persiann_cdr_2012_2023.zip,CDR_20210129z.asc,True,1.0,2021-01-24
2021-01-30,5.261,0.0,48.94,100,maynas_persiann_cdr_2012_2023.zip,CDR_20210130z.asc,True,1.0,2021-01-24
2021-01-31,11.812800000000003,0.0,42.44,100,maynas_persiann_cdr_2012_2023.zip,CDR_20210131z.asc,True,1.0,2021-01-31
2021-02-01,2.8174,0.0,11.35,100,maynas_persiann_cdr_2012_2023.zip,CDR_20210201z.asc,True,1.0,2021-01-31
2021-02-02,2.5633,0.0,8.92,100,maynas_persiann_cdr_2012_2023.zip,CDR_20210202z.asc,True,1.0,2021-01-31
2021-02-03,2.0075999999999996,0.0,10.19,100,maynas_persiann_cdr_2012_2023.zip,CDR_20210203z.asc,True,1.0,2021-01-31
2021-02-04,14.4299,4.93,30.29,100,maynas_persiann_cdr_2012_2023.zip,CDR_20210204z.asc,True,1.0,2021-01-31
2021-02-05,6.644500000000001,0.5,26.53,100,maynas_persiann_cdr_2012_2023.zip,CDR_20210205z.asc,True,1.0,2021-01-31
2021-02-06,5.1805,0.0,23.94,100,maynas_persiann_cdr_2012_2023.zip,CDR_20210206z.asc,True,1.0,2021-01-31
2021-02-07,9.323,1.09,25.28,100,maynas_persiann_cdr_2012_2023.zip,CDR_20210207z.asc,True,1.0,2021-02-07
2021-02-08,4.713500000000001,0.31,30.94,100,maynas_persiann_cdr_2012_2023.zip,CDR_20210208z.asc,True,1.0,2021-02-07
2021-02-09,7.195499999999999,0.0,31.65,100,maynas_persiann_cdr_2012_2023.zip,CDR_20210209z.asc,True,1.0,2021-02-07
2021-02-10,2.3049,0.0,15.08,100,maynas_persiann_cdr_2012_2023.zip,CDR_20210210z.asc,True,1.0,2021-02-07
2021-02-11,3.3481,0.0,17.76,100,maynas_persiann_cdr_2012_2023.zip,CDR_20210211z.asc,True,1.0,2021-02-07
2021-02-12,17.7797,0.0,39.15,100,maynas_persiann_cdr_2012_2023.zip,CDR_20210212z.asc,True,1.0,2021-02-07
2021-02-13,5.9698,0.0,34.56,100,maynas_persiann_cdr_2012_2023.zip,CDR_20210213z.asc,True,1.0,2021-02-07
2021-02-14,2.2880000000000003,0.0,10.14,100,maynas_persiann_cdr_2012_2023.zip,CDR_20210214z.asc,True,1.0,2021-02-14
2021-02-15,2.9940999999999995,0.32,21.7,100,maynas_persiann_cdr_2012_2023.zip,CDR_20210215z.asc,True,1.0,2021-02-14
2021-02-16,19.4296,0.54,41.05,100,maynas_persiann_cdr_2012_2023.zip,CDR_20210216z.asc,True,1.0,2021-02-14
2021-02-17,4.788099999999999,0.0,16.78,100,maynas_persiann_cdr_2012_2023.zip,CDR_20210217z.asc,True,1.0,2021-02-14
2021-02-18,5.530499999999998,0.0,20.28,100,maynas_persiann_cdr_2012_2023.zip,CDR_20210218z.asc,True,1.0,2021-02-14
2021-02-19,4.309200000000001,0.0,36.24,100,maynas_persiann_cdr_2012_2023.zip,CDR_20210219z.asc,True,1.0,2021-02-14
2021-02-20,5.6858,0.0,22.07,100,maynas_persiann_cdr_2012_2023.zip,CDR_20210220z.asc,True,1.0,2021-02-14
2021-02-21,2.9052000000000002,0.0,20.37,100,maynas_persiann_cdr_2012_2023.zip,CDR_20210221z.asc,True,1.0,2021-02-21
2021-02-22,10.027000000000001,0.92,21.96,100,maynas_persiann_cdr_2012_2023.zip,CDR_20210222z.asc,True,1.0,2021-02-21
2021-02-23,27.9818,8.79,67.93,100,maynas_persiann_cdr_2012_2023.zip,CDR_20210223z.asc,True,1.0,2021-02-21
2021-02-24,2.1894000000000005,0.38,9.94,100,maynas_persiann_cdr_2012_2023.zip,CDR_20210224z.asc,True,1.0,2021-02-21
2021-02-25,4.630999999999999,0.31,18.46,100,maynas_persiann_cdr_2012_2023.zip,CDR_20210225z.asc,True,1.0,2021-02-21
2021-02-26,5.448900000000001,0.0,45.21,100,maynas_persiann_cdr_2012_2023.zip,CDR_20210226z.asc,True,1.0,2021-02-21
2021-02-27,4.2386,0.0,28.03,100,maynas_persiann_cdr_2012_2023.zip,CDR_20210227z.asc,True,1.0,2021-02-21
2021-02-28,9.177399999999999,0.43,27.54,100,maynas_persiann_cdr_2012_2023.zip,CDR_20210228z.asc,True,1.0,2021-02-28
2021-03-01,3.9935,0.0,19.98,100,maynas_persiann_cdr_2012_2023.zip,CDR_20210301z.asc,True,1.0,2021-02-28
2021-03-02,4.5292,0.0,29.31,100,maynas_persiann_cdr_2012_2023.zip,CDR_20210302z.asc,True,1.0,2021-02-28
2021-03-03,8.499400000000001,1.18,21.46,100,maynas_persiann_cdr_2012_2023.zip,CDR_20210303z.asc,True,1.0,2021-02-28
2021-03-04,0.7006,0.0,8.13,100,maynas_persiann_cdr_2012_2023.zip,CDR_20210304z.asc,True,0.0,2021-02-28
2021-03-05,4.114700000000001,0.0,27.52,100,maynas_persiann_cdr_2012_2023.zip,CDR_20210305z.asc,True,1.0,2021-02-28
2021-03-06,15.010299999999999,1.32,41.24,100,maynas_persiann_cdr_2012_2023.zip,CDR_20210306z.asc,True,1.0,2021-02-28
2021-03-07,30.4256,11.69,51.02,100,maynas_persiann_cdr_2012_2023.zip,CDR_20210307z.asc,True,1.0,2021-03-07
2021-03-08,8.4491,1.06,24.26,100,maynas_persiann_cdr_2012_2023.zip,CDR_20210308z.asc,True,1.0,2021-03-07
2021-03-09,4.998,0.0,24.19,100,maynas_persiann_cdr_2012_2023.zip,CDR_20210309z.asc,True,1.0,2021-03-07
2021-03-10,10.5151,0.0,37.29,100,maynas_persiann_cdr_2012_2023.zip,CDR_20210310z.asc,True,1.0,2021-03-07
2021-03-11,14.827,0.55,38.3,100,maynas_persiann_cdr_2012_2023.zip,CDR_20210311z.asc,True,1.0,2021-03-07
2021-03-12,0.39880000000000004,0.0,3.57,100,maynas_persiann_cdr_2012_2023.zip,CDR_20210312z.asc,True,0.0,2021-03-07
2021-03-13,5.326999999999999,0.0,26.31,100,maynas_persiann_cdr_2012_2023.zip,CDR_20210313z.asc,True,1.0,2021-03-07
2021-03-14,10.420399999999999,1.52,34.68,100,maynas_persiann_cdr_2012_2023.zip,CDR_20210314z.asc,True,1.0,2021-03-14
2021-03-15,10.605700000000002,0.0,38.03,100,maynas_persiann_cdr_2012_2023.zip,CDR_20210315z.asc,True,1.0,2021-03-14
2021-03-16,47.0133,20.49,73.82,100,maynas_persiann_cdr_2012_2023.zip,CDR_20210316z.asc,True,1.0,2021-03-14
2021-03-17,4.0798,0.0,13.26,100,maynas_persiann_cdr_2012_2023.zip,CDR_20210317z.asc,True,1.0,2021-03-14
2021-03-18,7.0317,0.52,20.87,100,maynas_persiann_cdr_2012_2023.zip,CDR_20210318z.asc,True,1.0,2021-03-14
2021-03-19,29.155000000000005,8.01,58.66,100,maynas_persiann_cdr_2012_2023.zip,CDR_20210319z.asc,True,1.0,2021-03-14
2021-03-20,9.8364,0.51,28.63,100,maynas_persiann_cdr_2012_2023.zip,CDR_20210320z.asc,True,1.0,2021-03-14
2021-03-21,41.799699999999994,16.08,84.83,100,maynas_persiann_cdr_2012_2023.zip,CDR_20210321z.asc,True,1.0,2021-03-21
2021-03-22,12.313099999999997,0.0,43.86,100,maynas_persiann_cdr_2012_2023.zip,CDR_20210322z.asc,True,1.0,2021-03-21
2021-03-23,13.679300000000003,0.7,33.05,100,maynas_persiann_cdr_2012_2023.zip,CDR_20210323z.asc,True,1.0,2021-03-21
2021-03-24,5.971500000000001,0.0,28.87,100,maynas_persiann_cdr_2012_2023.zip,CDR_20210324z.asc,True,1.0,2021-03-21
2021-03-25,20.1315,0.55,47.03,100,maynas_persiann_cdr_2012_2023.zip,CDR_20210325z.asc,True,1.0,2021-03-21
2021-03-26,5.6436,0.0,29.51,100,maynas_persiann_cdr_2012_2023.zip,CDR_20210326z.asc,True,1.0,2021-03-21
2021-03-27,13.543099999999999,0.52,41.42,100,maynas_persiann_cdr_2012_2023.zip,CDR_20210327z.asc,True,1.0,2021-03-21
2021-03-28,11.9143,2.5,29.67,100,maynas_persiann_cdr_2012_2023.zip,CDR_20210328z.asc,True,1.0,2021-03-28
2021-03-29,13.037500000000001,3.36,32.53,100,maynas_persiann_cdr_2012_2023.zip,CDR_20210329z.asc,True,1.0,2021-03-28
2021-03-30,12.217300000000002,2.42,32.55,100,maynas_persiann_cdr_2012_2023.zip,CDR_20210330z.asc,True,1.0,2021-03-28
2021-03-31,10.121699999999999,1.81,31.4,100,maynas_persiann_cdr_2012_2023.zip,CDR_20210331z.asc,True,1.0,2021-03-28
2021-04-01,3.5454000000000008,0.0,21.32,100,maynas_persiann_cdr_2012_2023.zip,CDR_20210401z.asc,True,1.0,2021-03-28
2021-04-02,5.978,0.0,19.6,100,maynas_persiann_cdr_2012_2023.zip,CDR_20210402z.asc,True,1.0,2021-03-28
2021-04-03,8.4652,0.0,32.41,100,maynas_persiann_cdr_2012_2023.zip,CDR_20210403z.asc,True,1.0,2021-03-28
2021-04-04,34.8754,6.03,76.85,100,maynas_persiann_cdr_2012_2023.zip,CDR_20210404z.asc,True,1.0,2021-04-04
2021-04-05,6.8312,0.57,28.7,100,maynas_persiann_cdr_2012_2023.zip,CDR_20210405z.asc,True,1.0,2021-04-04
2021-04-06,0.7518,0.0,3.17,100,maynas_persiann_cdr_2012_2023.zip,CDR_20210406z.asc,True,0.0,2021-04-04
2021-04-07,3.5656,0.0,12.65,100,maynas_persiann_cdr_2012_2023.zip,CDR_20210407z.asc,True,1.0,2021-04-04
2021-04-08,0.28979999999999995,0.0,3.72,100,maynas_persiann_cdr_2012_2023.zip,CDR_20210408z.asc,True,0.0,2021-04-04
2021-04-09,6.115799999999999,1.05,32.97,100,maynas_persiann_cdr_2012_2023.zip,CDR_20210409z.asc,True,1.0,2021-04-04
2021-04-10,17.7854,4.58,40.15,100,maynas_persiann_cdr_2012_2023.zip,CDR_20210410z.asc,True,1.0,2021-04-04
2021-04-11,16.2131,1.81,47.75,100,maynas_persiann_cdr_2012_2023.zip,CDR_20210411z.asc,True,1.0,2021-04-11
2021-04-12,19.090800000000005,6.85,55.26,100,maynas_persiann_cdr_2012_2023.zip,CDR_20210412z.asc,True,1.0,2021-04-11
2021-04-13,22.9588,4.87,50.44,100,maynas_persiann_cdr_2012_2023.zip,CDR_20210413z.asc,True,1.0,2021-04-11
2021-04-14,4.817399999999999,0.0,15.17,100,maynas_persiann_cdr_2012_2023.zip,CDR_20210414z.asc,True,1.0,2021-04-11
2021-04-15,7.2238,1.24,29.04,100,maynas_persiann_cdr_2012_2023.zip,CDR_20210415z.asc,True,1.0,2021-04-11
2021-04-16,16.028299999999998,0.5,46.45,100,maynas_persiann_cdr_2012_2023.zip,CDR_20210416z.asc,True,1.0,2021-04-11
2021-04-17,24.105400000000003,7.61,48.52,100,maynas_persiann_cdr_2012_2023.zip,CDR_20210417z.asc,True,1.0,2021-04-11
2021-04-18,10.688099999999999,2.19,29.37,100,maynas_persiann_cdr_2012_2023.zip,CDR_20210418z.asc,True,1.0,2021-04-18
2021-04-19,12.693399999999999,0.67,45.64,100,maynas_persiann_cdr_2012_2023.zip,CDR_20210419z.asc,True,1.0,2021-04-18
2021-04-20,13.2763,1.56,31.75,100,maynas_persiann_cdr_2012_2023.zip,CDR_20210420z.asc,True,1.0,2021-04-18
2021-04-21,16.092000000000002,3.93,50.95,100,maynas_persiann_cdr_2012_2023.zip,CDR_20210421z.asc,True,1.0,2021-04-18
2021-04-22,4.736599999999999,0.0,17.84,100,maynas_persiann_cdr_2012_2023.zip,CDR_20210422z.asc,True,1.0,2021-04-18
2021-04-23,9.867799999999999,0.0,38.9,100,maynas_persiann_cdr_2012_2023.zip,CDR_20210423z.asc,True,1.0,2021-04-18
2021-04-24,6.8722,0.0,31.71,100,maynas_persiann_cdr_2012_2023.zip,CDR_20210424z.asc,True,1.0,2021-04-18
2021-04-25,5.312700000000001,0.0,17.96,100,maynas_persiann_cdr_2012_2023.zip,CDR_20210425z.asc,True,1.0,2021-04-25
2021-04-26,9.4854,0.0,38.99,100,maynas_persiann_cdr_2012_2023.zip,CDR_20210426z.asc,True,1.0,2021-04-25
2021-04-27,37.642199999999995,14.41,58.44,100,maynas_persiann_cdr_2012_2023.zip,CDR_20210427z.asc,True,1.0,2021-04-25
2021-04-28,3.463,0.0,16.36,100,maynas_persiann_cdr_2012_2023.zip,CDR_20210428z.asc,True,1.0,2021-04-25
2021-04-29,6.7476,0.0,41.92,100,maynas_persiann_cdr_2012_2023.zip,CDR_20210429z.asc,True,1.0,2021-04-25
2021-04-30,7.166399999999999,0.49,26.09,100,maynas_persiann_cdr_2012_2023.zip,CDR_20210430z.asc,True,1.0,2021-04-25
2021-05-01,33.2395,5.44,66.78,100,maynas_persiann_cdr_2012_2023.zip,CDR_20210501z.asc,True,1.0,2021-04-25
2021-05-02,0.46629999999999994,0.0,2.24,100,maynas_persiann_cdr_2012_2023.zip,CDR_20210502z.asc,True,0.0,2021-05-02
2021-05-03,12.108899999999997,3.29,30.57,100,maynas_persiann_cdr_2012_2023.zip,CDR_20210503z.asc,True,1.0,2021-05-02
2021-05-04,1.2671999999999999,0.0,23.8,100,maynas_persiann_cdr_2012_2023.zip,CDR_20210504z.asc,True,1.0,2021-05-02
2021-05-05,6.0319,0.0,25.95,100,maynas_persiann_cdr_2012_2023.zip,CDR_20210505z.asc,True,1.0,2021-05-02
2021-05-06,8.830200000000001,2.3,25.38,100,maynas_persiann_cdr_2012_2023.zip,CDR_20210506z.asc,True,1.0,2021-05-02
2021-05-07,26.3112,4.91,82.35,100,maynas_persiann_cdr_2012_2023.zip,CDR_20210507z.asc,True,1.0,2021-05-02
2021-05-08,14.2272,1.08,56.24,100,maynas_persiann_cdr_2012_2023.zip,CDR_20210508z.asc,True,1.0,2021-05-02
2021-05-09,1.7155999999999998,0.0,12.32,100,maynas_persiann_cdr_2012_2023.zip,CDR_20210509z.asc,True,1.0,2021-05-09
2021-05-10,0.1865,0.0,1.99,100,maynas_persiann_cdr_2012_2023.zip,CDR_20210510z.asc,True,0.0,2021-05-09
2021-05-11,0.40449999999999997,0.0,3.85,100,maynas_persiann_cdr_2012_2023.zip,CDR_20210511z.asc,True,0.0,2021-05-09
2021-05-12,2.5967000000000007,0.0,11.75,100,maynas_persiann_cdr_2012_2023.zip,CDR_20210512z.asc,True,1.0,2021-05-09
2021-05-13,4.4236,0.0,25.63,100,maynas_persiann_cdr_2012_2023.zip,CDR_20210513z.asc,True,1.0,2021-05-09
2021-05-14,2.5852,0.0,16.46,100,maynas_persiann_cdr_2012_2023.zip,CDR_20210514z.asc,True,1.0,2021-05-09
2021-05-15,13.055300000000003,0.0,74.21,100,maynas_persiann_cdr_2012_2023.zip,CDR_20210515z.asc,True,1.0,2021-05-09
2021-05-16,2.4677000000000002,0.0,18.01,100,maynas_persiann_cdr_2012_2023.zip,CDR_20210516z.asc,True,1.0,2021-05-16
2021-05-17,5.668499999999999,0.0,21.34,100,maynas_persiann_cdr_2012_2023.zip,CDR_20210517z.asc,True,1.0,2021-05-16
2021-05-18,3.6501000000000006,0.0,14.47,100,maynas_persiann_cdr_2012_2023.zip,CDR_20210518z.asc,True,1.0,2021-05-16
2021-05-19,4.933700000000001,0.0,17.1,100,maynas_persiann_cdr_2012_2023.zip,CDR_20210519z.asc,True,1.0,2021-05-16
2021-05-20,2.0387,0.0,10.59,100,maynas_persiann_cdr_2012_2023.zip,CDR_20210520z.asc,True,1.0,2021-05-16
2021-05-21,3.8675000000000006,0.0,19.77,100,maynas_persiann_cdr_2012_2023.zip,CDR_20210521z.asc,True,1.0,2021-05-16
2021-05-22,20.994399999999995,1.64,55.54,100,maynas_persiann_cdr_2012_2023.zip,CDR_20210522z.asc,True,1.0,2021-05-16
2021-05-23,2.5176999999999996,0.0,12.11,100,maynas_persiann_cdr_2012_2023.zip,CDR_20210523z.asc,True,1.0,2021-05-23
2021-05-24,2.6335,0.0,18.07,100,maynas_persiann_cdr_2012_2023.zip,CDR_20210524z.asc,True,1.0,2021-05-23
2021-05-25,3.9712000000000005,0.0,21.94,100,maynas_persiann_cdr_2012_2023.zip,CDR_20210525z.asc,True,1.0,2021-05-23
2021-05-26,2.3106000000000004,0.0,9.08,100,maynas_persiann_cdr_2012_2023.zip,CDR_20210526z.asc,True,1.0,2021-05-23
2021-05-27,1.0082,0.0,2.76,100,maynas_persiann_cdr_2012_2023.zip,CDR_20210527z.asc,True,1.0,2021-05-23
2021-05-28,0.0675,0.0,3.43,100,maynas_persiann_cdr_2012_2023.zip,CDR_20210528z.asc,True,0.0,2021-05-23
2021-05-29,0.8326,0.0,7.53,100,maynas_persiann_cdr_2012_2023.zip,CDR_20210529z.asc,True,0.0,2021-05-23
2021-05-30,13.711099999999998,0.62,48.62,100,maynas_persiann_cdr_2012_2023.zip,CDR_20210530z.asc,True,1.0,2021-05-30
2021-05-31,25.9397,5.34,55.07,100,maynas_persiann_cdr_2012_2023.zip,CDR_20210531z.asc,True,1.0,2021-05-30
2021-06-01,0.8727000000000001,0.0,2.57,100,maynas_persiann_cdr_2012_2023.zip,CDR_20210601z.asc,True,0.0,2021-05-30
2021-06-02,3.0313999999999997,0.0,25.23,100,maynas_persiann_cdr_2012_2023.zip,CDR_20210602z.asc,True,1.0,2021-05-30
2021-06-03,27.3321,2.6,56.88,100,maynas_persiann_cdr_2012_2023.zip,CDR_20210603z.asc,True,1.0,2021-05-30
2021-06-04,21.363899999999997,5.95,50.65,100,maynas_persiann_cdr_2012_2023.zip,CDR_20210604z.asc,True,1.0,2021-05-30
2021-06-05,4.5111,0.0,21.46,100,maynas_persiann_cdr_2012_2023.zip,CDR_20210605z.asc,True,1.0,2021-05-30
2021-06-06,9.767900000000001,0.0,33.2,100,maynas_persiann_cdr_2012_2023.zip,CDR_20210606z.asc,True,1.0,2021-06-06
2021-06-07,21.317699999999995,2.68,49.44,100,maynas_persiann_cdr_2012_2023.zip,CDR_20210607z.asc,True,1.0,2021-06-06
2021-06-08,3.7880999999999996,0.0,21.09,100,maynas_persiann_cdr_2012_2023.zip,CDR_20210608z.asc,True,1.0,2021-06-06
2021-06-09,3.7305,0.0,17.9,100,maynas_persiann_cdr_2012_2023.zip,CDR_20210609z.asc,True,1.0,2021-06-06
2021-06-10,5.7359,0.0,18.78,100,maynas_persiann_cdr_2012_2023.zip,CDR_20210610z.asc,True,1.0,2021-06-06
2021-06-11,3.6327,0.0,28.6,100,maynas_persiann_cdr_2012_2023.zip,CDR_20210611z.asc,True,1.0,2021-06-06
2021-06-12,26.392200000000003,2.85,62.69,100,maynas_persiann_cdr_2012_2023.zip,CDR_20210612z.asc,True,1.0,2021-06-06
2021-06-13,10.591,0.0,39.44,100,maynas_persiann_cdr_2012_2023.zip,CDR_20210613z.asc,True,1.0,2021-06-13
2021-06-14,2.6116,0.0,18.91,100,maynas_persiann_cdr_2012_2023.zip,CDR_20210614z.asc,True,1.0,2021-06-13
2021-06-15,9.0852,0.0,24.81,100,maynas_persiann_cdr_2012_2023.zip,CDR_20210615z.asc,True,1.0,2021-06-13
2021-06-16,8.2423,0.0,24.0,100,maynas_persiann_cdr_2012_2023.zip,CDR_20210616z.asc,True,1.0,2021-06-13
2021-06-17,2.6431999999999998,0.0,15.65,100,maynas_persiann_cdr_2012_2023.zip,CDR_20210617z.asc,True,1.0,2021-06-13
2021-06-18,18.2178,2.66,42.96,100,maynas_persiann_cdr_2012_2023.zip,CDR_20210618z.asc,True,1.0,2021-06-13
2021-06-19,4.9229,0.0,22.08,100,maynas_persiann_cdr_2012_2023.zip,CDR_20210619z.asc,True,1.0,2021-06-13
2021-06-20,7.148300000000001,0.0,23.62,100,maynas_persiann_cdr_2012_2023.zip,CDR_20210620z.asc,True,1.0,2021-06-20
2021-06-21,9.3921,0.0,29.81,100,maynas_persiann_cdr_2012_2023.zip,CDR_20210621z.asc,True,1.0,2021-06-20
2021-06-22,1.3612,0.0,15.18,100,maynas_persiann_cdr_2012_2023.zip,CDR_20210622z.asc,True,1.0,2021-06-20
2021-06-23,5.3274,0.0,18.82,100,maynas_persiann_cdr_2012_2023.zip,CDR_20210623z.asc,True,1.0,2021-06-20
2021-06-24,1.5892,0.0,10.92,100,maynas_persiann_cdr_2012_2023.zip,CDR_20210624z.asc,True,1.0,2021-06-20
2021-06-25,3.6728000000000005,0.0,25.1,100,maynas_persiann_cdr_2012_2023.zip,CDR_20210625z.asc,True,1.0,2021-06-20
2021-06-26,5.5648,0.0,24.19,100,maynas_persiann_cdr_2012_2023.zip,CDR_20210626z.asc,True,1.0,2021-06-20
2021-06-27,10.332700000000003,0.9,33.9,100,maynas_persiann_cdr_2012_2023.zip,CDR_20210627z.asc,True,1.0,2021-06-27
2021-06-28,22.9567,0.0,64.88,100,maynas_persiann_cdr_2012_2023.zip,CDR_20210628z.asc,True,1.0,2021-06-27
2021-06-29,19.0532,1.37,51.9,100,maynas_persiann_cdr_2012_2023.zip,CDR_20210629z.asc,True,1.0,2021-06-27
2021-06-30,2.4086000000000003,0.0,12.89,100,maynas_persiann_cdr_2012_2023.zip,CDR_20210630z.asc,True,1.0,2021-06-27
2021-07-01,0.028300000000000002,0.0,2.83,100,maynas_persiann_cdr_2012_2023.zip,CDR_20210701z.asc,True,0.0,2021-06-27
2021-07-02,0.2165,0.0,3.1,100,maynas_persiann_cdr_2012_2023.zip,CDR_20210702z.asc,True,0.0,2021-06-27
2021-07-03,0.010700000000000001,0.0,1.07,100,maynas_persiann_cdr_2012_2023.zip,CDR_20210703z.asc,True,0.0,2021-06-27
2021-07-04,0.0575,0.0,1.44,100,maynas_persiann_cdr_2012_2023.zip,CDR_20210704z.asc,True,0.0,2021-07-04
2021-07-05,0.0929,0.0,2.68,100,maynas_persiann_cdr_2012_2023.zip,CDR_20210705z.asc,True,0.0,2021-07-04
2021-07-06,0.9136,0.0,8.59,100,maynas_persiann_cdr_2012_2023.zip,CDR_20210706z.asc,True,0.0,2021-07-04
2021-07-07,0.7372,0.0,6.24,100,maynas_persiann_cdr_2012_2023.zip,CDR_20210707z.asc,True,0.0,2021-07-04
2021-07-08,6.262399999999999,0.0,20.68,100,maynas_persiann_cdr_2012_2023.zip,CDR_20210708z.asc,True,1.0,2021-07-04
2021-07-09,4.103,0.0,22.24,100,maynas_persiann_cdr_2012_2023.zip,CDR_20210709z.asc,True,1.0,2021-07-04
2021-07-10,14.3084,1.11,50.77,100,maynas_persiann_cdr_2012_2023.zip,CDR_20210710z.asc,True,1.0,2021-07-04
2021-07-11,13.395099999999998,0.84,49.0,100,maynas_persiann_cdr_2012_2023.zip,CDR_20210711z.asc,True,1.0,2021-07-11
2021-07-12,13.399400000000004,0.0,43.84,100,maynas_persiann_cdr_2012_2023.zip,CDR_20210712z.asc,True,1.0,2021-07-11
2021-07-13,11.201399999999996,0.0,35.24,100,maynas_persiann_cdr_2012_2023.zip,CDR_20210713z.asc,True,1.0,2021-07-11
2021-07-14,3.8668,0.0,13.21,100,maynas_persiann_cdr_2012_2023.zip,CDR_20210714z.asc,True,1.0,2021-07-11
2021-07-15,3.6369000000000007,0.0,17.54,100,maynas_persiann_cdr_2012_2023.zip,CDR_20210715z.asc,True,1.0,2021-07-11
2021-07-16,2.3993,0.0,18.96,100,maynas_persiann_cdr_2012_2023.zip,CDR_20210716z.asc,True,1.0,2021-07-11
2021-07-17,11.209100000000001,0.0,63.39,100,maynas_persiann_cdr_2012_2023.zip,CDR_20210717z.asc,True,1.0,2021-07-11
2021-07-18,3.7521,0.0,20.53,100,maynas_persiann_cdr_2012_2023.zip,CDR_20210718z.asc,True,1.0,2021-07-18
2021-07-19,23.8876,6.3,67.61,100,maynas_persiann_cdr_2012_2023.zip,CDR_20210719z.asc,True,1.0,2021-07-18
2021-07-20,0.4648999999999999,0.0,8.57,100,maynas_persiann_cdr_2012_2023.zip,CDR_20210720z.asc,True,0.0,2021-07-18
2021-07-21,0.0,0.0,0.0,100,maynas_persiann_cdr_2012_2023.zip,CDR_20210721z.asc,True,0.0,2021-07-18
2021-07-22,0.0,0.0,0.0,100,maynas_persiann_cdr_2012_2023.zip,CDR_20210722z.asc,True,0.0,2021-07-18
2021-07-23,0.09820000000000001,0.0,1.82,100,maynas_persiann_cdr_2012_2023.zip,CDR_20210723z.asc,True,0.0,2021-07-18
2021-07-24,1.6879000000000002,0.0,21.94,100,maynas_persiann_cdr_2012_2023.zip,CDR_20210724z.asc,True,1.0,2021-07-18
2021-07-25,7.112499999999999,0.0,35.77,100,maynas_persiann_cdr_2012_2023.zip,CDR_20210725z.asc,True,1.0,2021-07-25
2021-07-26,16.512800000000006,0.0,43.92,100,maynas_persiann_cdr_2012_2023.zip,CDR_20210726z.asc,True,1.0,2021-07-25
2021-07-27,8.725900000000001,0.0,29.23,100,maynas_persiann_cdr_2012_2023.zip,CDR_20210727z.asc,True,1.0,2021-07-25
2021-07-28,2.6855999999999995,0.0,25.86,100,maynas_persiann_cdr_2012_2023.zip,CDR_20210728z.asc,True,1.0,2021-07-25
2021-07-29,10.5028,0.0,57.3,100,maynas_persiann_cdr_2012_2023.zip,CDR_20210729z.asc,True,1.0,2021-07-25
2021-07-30,1.2665999999999997,0.0,5.6,100,maynas_persiann_cdr_2012_2023.zip,CDR_20210730z.asc,True,1.0,2021-07-25
2021-07-31,0.3945,0.0,4.97,100,maynas_persiann_cdr_2012_2023.zip,CDR_20210731z.asc,True,0.0,2021-07-25
2021-08-01,0.0079,0.0,0.4,100,maynas_persiann_cdr_2012_2023.zip,CDR_20210801z.asc,True,0.0,2021-08-01
2021-08-02,0.0816,0.0,1.6,100,maynas_persiann_cdr_2012_2023.zip,CDR_20210802z.asc,True,0.0,2021-08-01
2021-08-03,0.0925,0.0,0.83,100,maynas_persiann_cdr_2012_2023.zip,CDR_20210803z.asc,True,0.0,2021-08-01
2021-08-04,0.0684,0.0,0.88,100,maynas_persiann_cdr_2012_2023.zip,CDR_20210804z.asc,True,0.0,2021-08-01
2021-08-05,0.0322,0.0,0.45,100,maynas_persiann_cdr_2012_2023.zip,CDR_20210805z.asc,True,0.0,2021-08-01
2021-08-06,0.16060000000000002,0.0,1.86,100,maynas_persiann_cdr_2012_2023.zip,CDR_20210806z.asc,True,0.0,2021-08-01
2021-08-07,0.7502999999999999,0.0,7.17,100,maynas_persiann_cdr_2012_2023.zip,CDR_20210807z.asc,True,0.0,2021-08-01
2021-08-08,4.0875,0.0,14.63,100,maynas_persiann_cdr_2012_2023.zip,CDR_20210808z.asc,True,1.0,2021-08-08
2021-08-09,4.1282,0.0,13.51,100,maynas_persiann_cdr_2012_2023.zip,CDR_20210809z.asc,True,1.0,2021-08-08
2021-08-10,6.6662,0.0,30.38,100,maynas_persiann_cdr_2012_2023.zip,CDR_20210810z.asc,True,1.0,2021-08-08
2021-08-11,7.097899999999998,0.35,23.94,100,maynas_persiann_cdr_2012_2023.zip,CDR_20210811z.asc,True,1.0,2021-08-08
2021-08-12,8.5745,0.55,26.52,100,maynas_persiann_cdr_2012_2023.zip,CDR_20210812z.asc,True,1.0,2021-08-08
2021-08-13,3.8021000000000003,0.0,12.77,100,maynas_persiann_cdr_2012_2023.zip,CDR_20210813z.asc,True,1.0,2021-08-08
2021-08-14,6.128699999999998,0.0,19.4,100,maynas_persiann_cdr_2012_2023.zip,CDR_20210814z.asc,True,1.0,2021-08-08
2021-08-15,6.452099999999999,0.44,14.85,100,maynas_persiann_cdr_2012_2023.zip,CDR_20210815z.asc,True,1.0,2021-08-15
2021-08-16,11.6099,1.49,29.07,100,maynas_persiann_cdr_2012_2023.zip,CDR_20210816z.asc,True,1.0,2021-08-15
2021-08-17,5.3595999999999995,0.36,14.33,100,maynas_persiann_cdr_2012_2023.zip,CDR_20210817z.asc,True,1.0,2021-08-15
2021-08-18,16.7749,3.89,40.81,100,maynas_persiann_cdr_2012_2023.zip,CDR_20210818z.asc,True,1.0,2021-08-15
2021-08-19,5.884599999999999,0.0,22.99,100,maynas_persiann_cdr_2012_2023.zip,CDR_20210819z.asc,True,1.0,2021-08-15
2021-08-20,2.5948999999999995,0.0,10.69,100,maynas_persiann_cdr_2012_2023.zip,CDR_20210820z.asc,True,1.0,2021-08-15
2021-08-21,5.141199999999999,0.0,18.55,100,maynas_persiann_cdr_2012_2023.zip,CDR_20210821z.asc,True,1.0,2021-08-15
2021-08-22,10.920499999999999,3.03,26.46,100,maynas_persiann_cdr_2012_2023.zip,CDR_20210822z.asc,True,1.0,2021-08-22
2021-08-23,1.2682,0.0,9.46,100,maynas_persiann_cdr_2012_2023.zip,CDR_20210823z.asc,True,1.0,2021-08-22
2021-08-24,3.8284999999999996,0.0,18.13,100,maynas_persiann_cdr_2012_2023.zip,CDR_20210824z.asc,True,1.0,2021-08-22
2021-08-25,4.908799999999999,0.0,18.6,100,maynas_persiann_cdr_2012_2023.zip,CDR_20210825z.asc,True,1.0,2021-08-22
2021-08-26,8.5563,0.0,31.85,100,maynas_persiann_cdr_2012_2023.zip,CDR_20210826z.asc,True,1.0,2021-08-22
2021-08-27,14.752199999999998,1.8,28.68,100,maynas_persiann_cdr_2012_2023.zip,CDR_20210827z.asc,True,1.0,2021-08-22
2021-08-28,15.444699999999997,5.64,40.49,100,maynas_persiann_cdr_2012_2023.zip,CDR_20210828z.asc,True,1.0,2021-08-22
2021-08-29,13.556600000000001,4.81,32.46,100,maynas_persiann_cdr_2012_2023.zip,CDR_20210829z.asc,True,1.0,2021-08-29
2021-08-30,12.425799999999997,2.44,26.82,100,maynas_persiann_cdr_2012_2023.zip,CDR_20210830z.asc,True,1.0,2021-08-29
2021-08-31,1.5969,0.0,6.79,100,maynas_persiann_cdr_2012_2023.zip,CDR_20210831z.asc,True,1.0,2021-08-29
2021-09-01,8.586500000000003,0.46,24.55,100,maynas_persiann_cdr_2012_2023.zip,CDR_20210901z.asc,True,1.0,2021-08-29
2021-09-02,4.2043,0.0,18.3,100,maynas_persiann_cdr_2012_2023.zip,CDR_20210902z.asc,True,1.0,2021-08-29
2021-09-03,4.613,0.0,14.89,100,maynas_persiann_cdr_2012_2023.zip,CDR_20210903z.asc,True,1.0,2021-08-29
2021-09-04,5.275099999999998,0.0,22.58,100,maynas_persiann_cdr_2012_2023.zip,CDR_20210904z.asc,True,1.0,2021-08-29
2021-09-05,8.0537,0.0,32.78,100,maynas_persiann_cdr_2012_2023.zip,CDR_20210905z.asc,True,1.0,2021-09-05
2021-09-06,19.9841,11.23,42.18,100,maynas_persiann_cdr_2012_2023.zip,CDR_20210906z.asc,True,1.0,2021-09-05
2021-09-07,7.4408,0.56,18.19,100,maynas_persiann_cdr_2012_2023.zip,CDR_20210907z.asc,True,1.0,2021-09-05
2021-09-08,1.3691,0.0,6.5,100,maynas_persiann_cdr_2012_2023.zip,CDR_20210908z.asc,True,1.0,2021-09-05
2021-09-09,6.9148000000000005,0.0,24.21,100,maynas_persiann_cdr_2012_2023.zip,CDR_20210909z.asc,True,1.0,2021-09-05
2021-09-10,10.6732,0.49,31.8,100,maynas_persiann_cdr_2012_2023.zip,CDR_20210910z.asc,True,1.0,2021-09-05
2021-09-11,6.9484,2.07,19.56,100,maynas_persiann_cdr_2012_2023.zip,CDR_20210911z.asc,True,1.0,2021-09-05
2021-09-12,6.932,0.0,24.84,100,maynas_persiann_cdr_2012_2023.zip,CDR_20210912z.asc,True,1.0,2021-09-12
2021-09-13,0.9526999999999998,0.0,4.57,100,maynas_persiann_cdr_2012_2023.zip,CDR_20210913z.asc,True,0.0,2021-09-12
2021-09-14,0.0998,0.0,3.34,100,maynas_persiann_cdr_2012_2023.zip,CDR_20210914z.asc,True,0.0,2021-09-12
2021-09-15,3.2295999999999996,0.0,12.5,100,maynas_persiann_cdr_2012_2023.zip,CDR_20210915z.asc,True,1.0,2021-09-12
2021-09-16,9.222800000000001,0.0,25.03,100,maynas_persiann_cdr_2012_2023.zip,CDR_20210916z.asc,True,1.0,2021-09-12
2021-09-17,5.8866,2.08,16.81,100,maynas_persiann_cdr_2012_2023.zip,CDR_20210917z.asc,True,1.0,2021-09-12
2021-09-18,0.8172,0.0,3.8,100,maynas_persiann_cdr_2012_2023.zip,CDR_20210918z.asc,True,0.0,2021-09-12
2021-09-19,0.5194,0.0,6.71,100,maynas_persiann_cdr_2012_2023.zip,CDR_20210919z.asc,True,0.0,2021-09-19
2021-09-20,5.703099999999999,0.0,16.98,100,maynas_persiann_cdr_2012_2023.zip,CDR_20210920z.asc,True,1.0,2021-09-19
2021-09-21,19.8393,3.53,63.57,100,maynas_persiann_cdr_2012_2023.zip,CDR_20210921z.asc,True,1.0,2021-09-19
2021-09-22,30.274600000000007,6.31,74.26,100,maynas_persiann_cdr_2012_2023.zip,CDR_20210922z.asc,True,1.0,2021-09-19
2021-09-23,8.438800000000002,1.33,25.86,100,maynas_persiann_cdr_2012_2023.zip,CDR_20210923z.asc,True,1.0,2021-09-19
2021-09-24,3.6193999999999993,0.0,28.23,100,maynas_persiann_cdr_2012_2023.zip,CDR_20210924z.asc,True,1.0,2021-09-19
2021-09-25,19.9806,9.11,40.97,100,maynas_persiann_cdr_2012_2023.zip,CDR_20210925z.asc,True,1.0,2021-09-19
2021-09-26,0.47150000000000003,0.0,3.95,100,maynas_persiann_cdr_2012_2023.zip,CDR_20210926z.asc,True,0.0,2021-09-26
2021-09-27,0.5372,0.0,3.89,100,maynas_persiann_cdr_2012_2023.zip,CDR_20210927z.asc,True,0.0,2021-09-26
2021-09-28,3.6039,0.0,17.29,100,maynas_persiann_cdr_2012_2023.zip,CDR_20210928z.asc,True,1.0,2021-09-26
2021-09-29,6.020599999999999,0.66,15.49,100,maynas_persiann_cdr_2012_2023.zip,CDR_20210929z.asc,True,1.0,2021-09-26
2021-09-30,1.5697000000000003,0.0,8.74,100,maynas_persiann_cdr_2012_2023.zip,CDR_20210930z.asc,True,1.0,2021-09-26
2021-10-01,3.7816999999999994,0.0,13.79,100,maynas_persiann_cdr_2012_2023.zip,CDR_20211001z.asc,True,1.0,2021-09-26
2021-10-02,2.9037,0.0,14.13,100,maynas_persiann_cdr_2012_2023.zip,CDR_20211002z.asc,True,1.0,2021-09-26
2021-10-03,7.3976999999999995,0.43,22.77,100,maynas_persiann_cdr_2012_2023.zip,CDR_20211003z.asc,True,1.0,2021-10-03
2021-10-04,12.658899999999996,2.77,31.53,100,maynas_persiann_cdr_2012_2023.zip,CDR_20211004z.asc,True,1.0,2021-10-03
2021-10-05,8.3862,2.61,22.15,100,maynas_persiann_cdr_2012_2023.zip,CDR_20211005z.asc,True,1.0,2021-10-03
2021-10-06,22.769700000000004,5.2,51.23,100,maynas_persiann_cdr_2012_2023.zip,CDR_20211006z.asc,True,1.0,2021-10-03
2021-10-07,5.8475,0.0,26.16,100,maynas_persiann_cdr_2012_2023.zip,CDR_20211007z.asc,True,1.0,2021-10-03
2021-10-08,2.7525,0.0,14.27,100,maynas_persiann_cdr_2012_2023.zip,CDR_20211008z.asc,True,1.0,2021-10-03
2021-10-09,1.0234999999999999,0.0,9.6,100,maynas_persiann_cdr_2012_2023.zip,CDR_20211009z.asc,True,1.0,2021-10-03
2021-10-10,2.3736,0.0,12.67,100,maynas_persiann_cdr_2012_2023.zip,CDR_20211010z.asc,True,1.0,2021-10-10
2021-10-11,4.1436,0.0,16.31,100,maynas_persiann_cdr_2012_2023.zip,CDR_20211011z.asc,True,1.0,2021-10-10
2021-10-12,3.1717,0.72,10.61,100,maynas_persiann_cdr_2012_2023.zip,CDR_20211012z.asc,True,1.0,2021-10-10
2021-10-13,1.0210000000000001,0.0,8.11,100,maynas_persiann_cdr_2012_2023.zip,CDR_20211013z.asc,True,1.0,2021-10-10
2021-10-14,0.6808000000000001,0.0,5.99,100,maynas_persiann_cdr_2012_2023.zip,CDR_20211014z.asc,True,0.0,2021-10-10
2021-10-15,10.660499999999997,0.0,25.82,100,maynas_persiann_cdr_2012_2023.zip,CDR_20211015z.asc,True,1.0,2021-10-10
2021-10-16,28.5854,13.14,47.44,100,maynas_persiann_cdr_2012_2023.zip,CDR_20211016z.asc,True,1.0,2021-10-10
2021-10-17,3.3604000000000003,0.6,17.08,100,maynas_persiann_cdr_2012_2023.zip,CDR_20211017z.asc,True,1.0,2021-10-17
2021-10-18,3.9210999999999996,0.0,9.68,100,maynas_persiann_cdr_2012_2023.zip,CDR_20211018z.asc,True,1.0,2021-10-17
2021-10-19,12.885700000000002,0.0,31.84,100,maynas_persiann_cdr_2012_2023.zip,CDR_20211019z.asc,True,1.0,2021-10-17
2021-10-20,10.148800000000001,5.25,22.04,100,maynas_persiann_cdr_2012_2023.zip,CDR_20211020z.asc,True,1.0,2021-10-17
2021-10-21,1.4901999999999997,0.0,5.99,100,maynas_persiann_cdr_2012_2023.zip,CDR_20211021z.asc,True,1.0,2021-10-17
2021-10-22,7.197700000000001,0.48,20.21,100,maynas_persiann_cdr_2012_2023.zip,CDR_20211022z.asc,True,1.0,2021-10-17
2021-10-23,7.2339,0.42,19.62,100,maynas_persiann_cdr_2012_2023.zip,CDR_20211023z.asc,True,1.0,2021-10-17
2021-10-24,2.9838,0.0,21.19,100,maynas_persiann_cdr_2012_2023.zip,CDR_20211024z.asc,True,1.0,2021-10-24
2021-10-25,6.6053,0.0,18.5,100,maynas_persiann_cdr_2012_2023.zip,CDR_20211025z.asc,True,1.0,2021-10-24
2021-10-26,43.2897,27.95,63.62,100,maynas_persiann_cdr_2012_2023.zip,CDR_20211026z.asc,True,1.0,2021-10-24
2021-10-27,0.5742,0.0,3.21,100,maynas_persiann_cdr_2012_2023.zip,CDR_20211027z.asc,True,0.0,2021-10-24
2021-10-28,3.2119,0.0,9.57,100,maynas_persiann_cdr_2012_2023.zip,CDR_20211028z.asc,True,1.0,2021-10-24
2021-10-29,3.0995000000000004,0.0,10.29,100,maynas_persiann_cdr_2012_2023.zip,CDR_20211029z.asc,True,1.0,2021-10-24
2021-10-30,3.3324000000000003,0.0,11.03,100,maynas_persiann_cdr_2012_2023.zip,CDR_20211030z.asc,True,1.0,2021-10-24
2021-10-31,6.9702,0.37,22.3,100,maynas_persiann_cdr_2012_2023.zip,CDR_20211031z.asc,True,1.0,2021-10-31
2021-11-01,14.6249,2.49,32.02,100,maynas_persiann_cdr_2012_2023.zip,CDR_20211101z.asc,True,1.0,2021-10-31
2021-11-02,8.510100000000001,0.78,20.17,100,maynas_persiann_cdr_2012_2023.zip,CDR_20211102z.asc,True,1.0,2021-10-31
2021-11-03,7.357200000000001,0.0,18.41,100,maynas_persiann_cdr_2012_2023.zip,CDR_20211103z.asc,True,1.0,2021-10-31
2021-11-04,18.5729,3.95,42.6,100,maynas_persiann_cdr_2012_2023.zip,CDR_20211104z.asc,True,1.0,2021-10-31
2021-11-05,17.0417,2.43,39.29,100,maynas_persiann_cdr_2012_2023.zip,CDR_20211105z.asc,True,1.0,2021-10-31
2021-11-06,11.142199999999997,3.5,25.89,100,maynas_persiann_cdr_2012_2023.zip,CDR_20211106z.asc,True,1.0,2021-10-31
2021-11-07,6.928699999999999,0.37,20.79,100,maynas_persiann_cdr_2012_2023.zip,CDR_20211107z.asc,True,1.0,2021-11-07
2021-11-08,5.115,0.0,17.59,100,maynas_persiann_cdr_2012_2023.zip,CDR_20211108z.asc,True,1.0,2021-11-07
2021-11-09,4.130800000000001,0.63,11.36,100,maynas_persiann_cdr_2012_2023.zip,CDR_20211109z.asc,True,1.0,2021-11-07
2021-11-10,16.122799999999998,1.96,31.47,100,maynas_persiann_cdr_2012_2023.zip,CDR_20211110z.asc,True,1.0,2021-11-07
2021-11-11,17.258499999999998,5.0,40.04,100,maynas_persiann_cdr_2012_2023.zip,CDR_20211111z.asc,True,1.0,2021-11-07
2021-11-12,13.842299999999998,0.0,36.11,100,maynas_persiann_cdr_2012_2023.zip,CDR_20211112z.asc,True,1.0,2021-11-07
2021-11-13,4.8984000000000005,0.0,14.67,100,maynas_persiann_cdr_2012_2023.zip,CDR_20211113z.asc,True,1.0,2021-11-07
2021-11-14,4.342700000000001,0.0,14.62,100,maynas_persiann_cdr_2012_2023.zip,CDR_20211114z.asc,True,1.0,2021-11-14
2021-11-15,8.326899999999998,0.0,26.66,100,maynas_persiann_cdr_2012_2023.zip,CDR_20211115z.asc,True,1.0,2021-11-14
2021-11-16,11.5223,0.0,39.21,100,maynas_persiann_cdr_2012_2023.zip,CDR_20211116z.asc,True,1.0,2021-11-14
2021-11-17,9.186399999999999,0.36,22.88,100,maynas_persiann_cdr_2012_2023.zip,CDR_20211117z.asc,True,1.0,2021-11-14
2021-11-18,3.8904999999999994,0.0,15.21,100,maynas_persiann_cdr_2012_2023.zip,CDR_20211118z.asc,True,1.0,2021-11-14
2021-11-19,3.2156000000000007,0.0,20.16,100,maynas_persiann_cdr_2012_2023.zip,CDR_20211119z.asc,True,1.0,2021-11-14
2021-11-20,6.375100000000002,0.0,23.96,100,maynas_persiann_cdr_2012_2023.zip,CDR_20211120z.asc,True,1.0,2021-11-14
2021-11-21,13.836000000000002,2.53,28.1,100,maynas_persiann_cdr_2012_2023.zip,CDR_20211121z.asc,True,1.0,2021-11-21
2021-11-22,10.122300000000001,0.0,31.42,100,maynas_persiann_cdr_2012_2023.zip,CDR_20211122z.asc,True,1.0,2021-11-21
2021-11-23,7.411400000000001,0.73,25.84,100,maynas_persiann_cdr_2012_2023.zip,CDR_20211123z.asc,True,1.0,2021-11-21
2021-11-24,11.370999999999999,0.39,32.36,100,maynas_persiann_cdr_2012_2023.zip,CDR_20211124z.asc,True,1.0,2021-11-21
2021-11-25,9.0569,3.09,21.21,100,maynas_persiann_cdr_2012_2023.zip,CDR_20211125z.asc,True,1.0,2021-11-21
2021-11-26,1.5978,0.0,7.89,100,maynas_persiann_cdr_2012_2023.zip,CDR_20211126z.asc,True,1.0,2021-11-21
2021-11-27,0.5409,0.0,6.27,100,maynas_persiann_cdr_2012_2023.zip,CDR_20211127z.asc,True,0.0,2021-11-21
2021-11-28,8.6843,0.37,26.48,100,maynas_persiann_cdr_2012_2023.zip,CDR_20211128z.asc,True,1.0,2021-11-28
2021-11-29,22.514799999999994,6.7,53.66,100,maynas_persiann_cdr_2012_2023.zip,CDR_20211129z.asc,True,1.0,2021-11-28
2021-11-30,7.437299999999999,0.77,28.75,100,maynas_persiann_cdr_2012_2023.zip,CDR_20211130z.asc,True,1.0,2021-11-28
2021-12-01,5.5104,0.0,17.0,100,maynas_persiann_cdr_2012_2023.zip,CDR_20211201z.asc,True,1.0,2021-11-28
2021-12-02,18.027300000000004,0.0,35.72,100,maynas_persiann_cdr_2012_2023.zip,CDR_20211202z.asc,True,1.0,2021-11-28
2021-12-03,15.944399999999998,7.87,29.98,100,maynas_persiann_cdr_2012_2023.zip,CDR_20211203z.asc,True,1.0,2021-11-28
2021-12-04,7.496899999999999,0.0,19.91,100,maynas_persiann_cdr_2012_2023.zip,CDR_20211204z.asc,True,1.0,2021-11-28
2021-12-05,10.455,0.8,32.73,100,maynas_persiann_cdr_2012_2023.zip,CDR_20211205z.asc,True,1.0,2021-12-05
2021-12-06,11.7799,3.93,29.21,100,maynas_persiann_cdr_2012_2023.zip,CDR_20211206z.asc,True,1.0,2021-12-05
2021-12-07,5.1046000000000005,0.0,11.01,100,maynas_persiann_cdr_2012_2023.zip,CDR_20211207z.asc,True,1.0,2021-12-05
2021-12-08,2.9138000000000006,0.0,13.36,100,maynas_persiann_cdr_2012_2023.zip,CDR_20211208z.asc,True,1.0,2021-12-05
2021-12-09,0.6938,0.0,6.42,100,maynas_persiann_cdr_2012_2023.zip,CDR_20211209z.asc,True,0.0,2021-12-05
2021-12-10,16.167799999999996,0.0,75.21,100,maynas_persiann_cdr_2012_2023.zip,CDR_20211210z.asc,True,1.0,2021-12-05
2021-12-11,10.165,0.0,35.27,100,maynas_persiann_cdr_2012_2023.zip,CDR_20211211z.asc,True,1.0,2021-12-05
2021-12-12,0.6707,0.0,6.97,100,maynas_persiann_cdr_2012_2023.zip,CDR_20211212z.asc,True,0.0,2021-12-12
2021-12-13,0.005,0.0,0.5,100,maynas_persiann_cdr_2012_2023.zip,CDR_20211213z.asc,True,0.0,2021-12-12
2021-12-14,1.6623,0.0,14.04,100,maynas_persiann_cdr_2012_2023.zip,CDR_20211214z.asc,True,1.0,2021-12-12
2021-12-15,5.448699999999999,0.0,29.16,100,maynas_persiann_cdr_2012_2023.zip,CDR_20211215z.asc,True,1.0,2021-12-12
2021-12-16,6.515199999999998,0.0,18.39,100,maynas_persiann_cdr_2012_2023.zip,CDR_20211216z.asc,True,1.0,2021-12-12
2021-12-17,8.5438,0.0,32.14,100,maynas_persiann_cdr_2012_2023.zip,CDR_20211217z.asc,True,1.0,2021-12-12
2021-12-18,1.8348000000000002,0.0,24.56,100,maynas_persiann_cdr_2012_2023.zip,CDR_20211218z.asc,True,1.0,2021-12-12
2021-12-19,0.3164,0.0,6.42,100,maynas_persiann_cdr_2012_2023.zip,CDR_20211219z.asc,True,0.0,2021-12-19
2021-12-20,0.25630000000000003,0.0,2.83,100,maynas_persiann_cdr_2012_2023.zip,CDR_20211220z.asc,True,0.0,2021-12-19
2021-12-21,1.3393999999999997,0.0,10.71,100,maynas_persiann_cdr_2012_2023.zip,CDR_20211221z.asc,True,1.0,2021-12-19
2021-12-22,7.560600000000001,0.0,36.34,100,maynas_persiann_cdr_2012_2023.zip,CDR_20211222z.asc,True,1.0,2021-12-19
2021-12-23,32.1425,2.21,63.49,100,maynas_persiann_cdr_2012_2023.zip,CDR_20211223z.asc,True,1.0,2021-12-19
2021-12-24,16.021900000000002,4.41,35.26,100,maynas_persiann_cdr_2012_2023.zip,CDR_20211224z.asc,True,1.0,2021-12-19
2021-12-25,4.2327,0.0,19.9,100,maynas_persiann_cdr_2012_2023.zip,CDR_20211225z.asc,True,1.0,2021-12-19
2021-12-26,9.094,0.0,38.44,100,maynas_persiann_cdr_2012_2023.zip,CDR_20211226z.asc,True,1.0,2021-12-26
2021-12-27,5.9681,0.0,33.19,100,maynas_persiann_cdr_2012_2023.zip,CDR_20211227z.asc,True,1.0,2021-12-26
2021-12-28,10.2391,0.55,26.06,100,maynas_persiann_cdr_2012_2023.zip,CDR_20211228z.asc,True,1.0,2021-12-26
2021-12-29,40.9612,10.86,65.82,100,maynas_persiann_cdr_2012_2023.zip,CDR_20211229z.asc,True,1.0,2021-12-26
2021-12-30,12.487200000000003,0.99,29.8,100,maynas_persiann_cdr_2012_2023.zip,CDR_20211230z.asc,True,1.0,2021-12-26
2021-12-31,7.8571,0.0,21.62,100,maynas_persiann_cdr_2012_2023.zip,CDR_20211231z.asc,True,1.0,2021-12-26
2022-01-01,3.1353999999999997,0.0,12.61,100,maynas_persiann_cdr_2012_2023.zip,CDR_20220101z.asc,True,1.0,2021-12-26
2022-01-02,6.316100000000001,0.0,29.55,100,maynas_persiann_cdr_2012_2023.zip,CDR_20220102z.asc,True,1.0,2022-01-02
2022-01-03,0.0202,0.0,1.26,100,maynas_persiann_cdr_2012_2023.zip,CDR_20220103z.asc,True,0.0,2022-01-02
2022-01-04,0.0768,0.0,2.11,100,maynas_persiann_cdr_2012_2023.zip,CDR_20220104z.asc,True,0.0,2022-01-02
2022-01-05,0.0,0.0,0.0,100,maynas_persiann_cdr_2012_2023.zip,CDR_20220105z.asc,True,0.0,2022-01-02
2022-01-06,0.0,0.0,0.0,100,maynas_persiann_cdr_2012_2023.zip,CDR_20220106z.asc,True,0.0,2022-01-02
2022-01-07,0.015300000000000001,0.0,0.64,100,maynas_persiann_cdr_2012_2023.zip,CDR_20220107z.asc,True,0.0,2022-01-02
2022-01-08,0.0678,0.0,0.56,100,maynas_persiann_cdr_2012_2023.zip,CDR_20220108z.asc,True,0.0,2022-01-02
2022-01-09,0.056600000000000004,0.0,0.54,100,maynas_persiann_cdr_2012_2023.zip,CDR_20220109z.asc,True,0.0,2022-01-09
2022-01-10,1.3344,0.0,5.49,100,maynas_persiann_cdr_2012_2023.zip,CDR_20220110z.asc,True,1.0,2022-01-09
2022-01-11,0.0192,0.0,0.52,100,maynas_persiann_cdr_2012_2023.zip,CDR_20220111z.asc,True,0.0,2022-01-09
2022-01-12,0.008,0.0,0.41,100,maynas_persiann_cdr_2012_2023.zip,CDR_20220112z.asc,True,0.0,2022-01-09
2022-01-13,5.9251,0.0,23.13,100,maynas_persiann_cdr_2012_2023.zip,CDR_20220113z.asc,True,1.0,2022-01-09
2022-01-14,25.811700000000002,5.04,61.2,100,maynas_persiann_cdr_2012_2023.zip,CDR_20220114z.asc,True,1.0,2022-01-09
2022-01-15,24.707800000000002,6.57,47.39,100,maynas_persiann_cdr_2012_2023.zip,CDR_20220115z.asc,True,1.0,2022-01-09
2022-01-16,4.3286,0.0,15.55,100,maynas_persiann_cdr_2012_2023.zip,CDR_20220116z.asc,True,1.0,2022-01-16
2022-01-17,8.2125,0.46,24.9,100,maynas_persiann_cdr_2012_2023.zip,CDR_20220117z.asc,True,1.0,2022-01-16
2022-01-18,2.3989000000000003,0.0,22.53,100,maynas_persiann_cdr_2012_2023.zip,CDR_20220118z.asc,True,1.0,2022-01-16
2022-01-19,19.6104,2.69,47.22,100,maynas_persiann_cdr_2012_2023.zip,CDR_20220119z.asc,True,1.0,2022-01-16
2022-01-20,9.7447,0.0,32.13,100,maynas_persiann_cdr_2012_2023.zip,CDR_20220120z.asc,True,1.0,2022-01-16
2022-01-21,2.973899999999999,0.0,18.09,100,maynas_persiann_cdr_2012_2023.zip,CDR_20220121z.asc,True,1.0,2022-01-16
2022-01-22,5.0229,0.0,29.19,100,maynas_persiann_cdr_2012_2023.zip,CDR_20220122z.asc,True,1.0,2022-01-16
2022-01-23,9.226899999999999,0.0,29.19,100,maynas_persiann_cdr_2012_2023.zip,CDR_20220123z.asc,True,1.0,2022-01-23
2022-01-24,9.699100000000001,0.81,23.82,100,maynas_persiann_cdr_2012_2023.zip,CDR_20220124z.asc,True,1.0,2022-01-23
2022-01-25,30.175400000000003,6.24,47.0,100,maynas_persiann_cdr_2012_2023.zip,CDR_20220125z.asc,True,1.0,2022-01-23
2022-01-26,6.050499999999999,1.56,15.57,100,maynas_persiann_cdr_2012_2023.zip,CDR_20220126z.asc,True,1.0,2022-01-23
2022-01-27,6.5054,0.78,17.93,100,maynas_persiann_cdr_2012_2023.zip,CDR_20220127z.asc,True,1.0,2022-01-23
2022-01-28,0.5809000000000001,0.0,5.46,100,maynas_persiann_cdr_2012_2023.zip,CDR_20220128z.asc,True,0.0,2022-01-23
2022-01-29,0.6435,0.0,5.34,100,maynas_persiann_cdr_2012_2023.zip,CDR_20220129z.asc,True,0.0,2022-01-23
2022-01-30,1.7643,0.0,3.97,100,maynas_persiann_cdr_2012_2023.zip,CDR_20220130z.asc,True,1.0,2022-01-30
2022-01-31,0.28019999999999995,0.0,1.11,100,maynas_persiann_cdr_2012_2023.zip,CDR_20220131z.asc,True,0.0,2022-01-30
2022-02-01,0.0388,0.0,0.47,100,maynas_persiann_cdr_2012_2023.zip,CDR_20220201z.asc,True,0.0,2022-01-30
2022-02-02,3.4026,0.0,14.25,100,maynas_persiann_cdr_2012_2023.zip,CDR_20220202z.asc,True,1.0,2022-01-30
2022-02-03,7.685599999999998,0.81,39.1,100,maynas_persiann_cdr_2012_2023.zip,CDR_20220203z.asc,True,1.0,2022-01-30
2022-02-04,4.0347,0.0,20.95,100,maynas_persiann_cdr_2012_2023.zip,CDR_20220204z.asc,True,1.0,2022-01-30
2022-02-05,10.887000000000002,0.4,36.22,100,maynas_persiann_cdr_2012_2023.zip,CDR_20220205z.asc,True,1.0,2022-01-30
2022-02-06,3.0520000000000005,0.0,12.79,100,maynas_persiann_cdr_2012_2023.zip,CDR_20220206z.asc,True,1.0,2022-02-06
2022-02-07,21.89839999999999,8.29,47.21,100,maynas_persiann_cdr_2012_2023.zip,CDR_20220207z.asc,True,1.0,2022-02-06
2022-02-08,13.6067,5.75,24.42,100,maynas_persiann_cdr_2012_2023.zip,CDR_20220208z.asc,True,1.0,2022-02-06
2022-02-09,12.666699999999999,3.65,29.49,100,maynas_persiann_cdr_2012_2023.zip,CDR_20220209z.asc,True,1.0,2022-02-06
2022-02-10,4.7207,0.38,30.21,100,maynas_persiann_cdr_2012_2023.zip,CDR_20220210z.asc,True,1.0,2022-02-06
2022-02-11,5.0541,0.0,20.86,100,maynas_persiann_cdr_2012_2023.zip,CDR_20220211z.asc,True,1.0,2022-02-06
2022-02-12,23.273400000000002,5.74,42.87,100,maynas_persiann_cdr_2012_2023.zip,CDR_20220212z.asc,True,1.0,2022-02-06
2022-02-13,26.819200000000002,9.7,44.47,100,maynas_persiann_cdr_2012_2023.zip,CDR_20220213z.asc,True,1.0,2022-02-13
2022-02-14,15.911100000000001,3.64,38.25,100,maynas_persiann_cdr_2012_2023.zip,CDR_20220214z.asc,True,1.0,2022-02-13
2022-02-15,15.3298,1.57,35.83,100,maynas_persiann_cdr_2012_2023.zip,CDR_20220215z.asc,True,1.0,2022-02-13
2022-02-16,24.346,7.98,56.99,100,maynas_persiann_cdr_2012_2023.zip,CDR_20220216z.asc,True,1.0,2022-02-13
2022-02-17,6.8542000000000005,0.42,25.29,100,maynas_persiann_cdr_2012_2023.zip,CDR_20220217z.asc,True,1.0,2022-02-13
2022-02-18,3.2491000000000008,0.0,11.42,100,maynas_persiann_cdr_2012_2023.zip,CDR_20220218z.asc,True,1.0,2022-02-13
2022-02-19,4.7688999999999995,0.0,39.94,100,maynas_persiann_cdr_2012_2023.zip,CDR_20220219z.asc,True,1.0,2022-02-13
2022-02-20,1.6056000000000004,0.0,8.07,100,maynas_persiann_cdr_2012_2023.zip,CDR_20220220z.asc,True,1.0,2022-02-20
2022-02-21,4.4358,0.0,27.32,100,maynas_persiann_cdr_2012_2023.zip,CDR_20220221z.asc,True,1.0,2022-02-20
2022-02-22,5.117,0.0,30.28,100,maynas_persiann_cdr_2012_2023.zip,CDR_20220222z.asc,True,1.0,2022-02-20
2022-02-23,1.6633000000000002,0.0,8.32,100,maynas_persiann_cdr_2012_2023.zip,CDR_20220223z.asc,True,1.0,2022-02-20
2022-02-24,2.1919,0.0,15.21,100,maynas_persiann_cdr_2012_2023.zip,CDR_20220224z.asc,True,1.0,2022-02-20
2022-02-25,12.210900000000004,2.23,29.29,100,maynas_persiann_cdr_2012_2023.zip,CDR_20220225z.asc,True,1.0,2022-02-20
2022-02-26,5.2399000000000004,0.94,13.09,100,maynas_persiann_cdr_2012_2023.zip,CDR_20220226z.asc,True,1.0,2022-02-20
2022-02-27,10.0765,0.41,30.46,100,maynas_persiann_cdr_2012_2023.zip,CDR_20220227z.asc,True,1.0,2022-02-27
2022-02-28,0.7485,0.0,2.54,100,maynas_persiann_cdr_2012_2023.zip,CDR_20220228z.asc,True,0.0,2022-02-27
2022-03-01,0.575,0.0,4.98,100,maynas_persiann_cdr_2012_2023.zip,CDR_20220301z.asc,True,0.0,2022-02-27
2022-03-02,15.5657,5.82,33.33,100,maynas_persiann_cdr_2012_2023.zip,CDR_20220302z.asc,True,1.0,2022-02-27
2022-03-03,9.787300000000002,3.53,25.54,100,maynas_persiann_cdr_2012_2023.zip,CDR_20220303z.asc,True,1.0,2022-02-27
2022-03-04,2.3725000000000005,0.0,7.08,100,maynas_persiann_cdr_2012_2023.zip,CDR_20220304z.asc,True,1.0,2022-02-27
2022-03-05,3.1375999999999995,0.0,20.52,100,maynas_persiann_cdr_2012_2023.zip,CDR_20220305z.asc,True,1.0,2022-02-27
2022-03-06,10.368699999999999,1.01,27.99,100,maynas_persiann_cdr_2012_2023.zip,CDR_20220306z.asc,True,1.0,2022-03-06
2022-03-07,12.220400000000001,0.53,30.92,100,maynas_persiann_cdr_2012_2023.zip,CDR_20220307z.asc,True,1.0,2022-03-06
2022-03-08,14.9922,5.34,32.43,100,maynas_persiann_cdr_2012_2023.zip,CDR_20220308z.asc,True,1.0,2022-03-06
2022-03-09,5.277900000000001,0.47,14.32,100,maynas_persiann_cdr_2012_2023.zip,CDR_20220309z.asc,True,1.0,2022-03-06
2022-03-10,10.641899999999996,0.31,35.19,100,maynas_persiann_cdr_2012_2023.zip,CDR_20220310z.asc,True,1.0,2022-03-06
2022-03-11,5.442699999999999,0.0,25.46,100,maynas_persiann_cdr_2012_2023.zip,CDR_20220311z.asc,True,1.0,2022-03-06
2022-03-12,15.237099999999998,3.96,31.17,100,maynas_persiann_cdr_2012_2023.zip,CDR_20220312z.asc,True,1.0,2022-03-06
2022-03-13,3.67,0.0,24.44,100,maynas_persiann_cdr_2012_2023.zip,CDR_20220313z.asc,True,1.0,2022-03-13
2022-03-14,21.359500000000004,5.2,37.35,100,maynas_persiann_cdr_2012_2023.zip,CDR_20220314z.asc,True,1.0,2022-03-13
2022-03-15,8.905,1.22,23.01,100,maynas_persiann_cdr_2012_2023.zip,CDR_20220315z.asc,True,1.0,2022-03-13
2022-03-16,13.3956,1.4,40.09,100,maynas_persiann_cdr_2012_2023.zip,CDR_20220316z.asc,True,1.0,2022-03-13
2022-03-17,7.046800000000001,0.0,24.16,100,maynas_persiann_cdr_2012_2023.zip,CDR_20220317z.asc,True,1.0,2022-03-13
2022-03-18,3.6429,0.0,19.04,100,maynas_persiann_cdr_2012_2023.zip,CDR_20220318z.asc,True,1.0,2022-03-13
2022-03-19,23.870700000000003,7.93,41.9,100,maynas_persiann_cdr_2012_2023.zip,CDR_20220319z.asc,True,1.0,2022-03-13
2022-03-20,8.997,0.39,36.19,100,maynas_persiann_cdr_2012_2023.zip,CDR_20220320z.asc,True,1.0,2022-03-20
2022-03-21,9.6981,1.07,29.29,100,maynas_persiann_cdr_2012_2023.zip,CDR_20220321z.asc,True,1.0,2022-03-20
2022-03-22,10.0751,1.33,24.43,100,maynas_persiann_cdr_2012_2023.zip,CDR_20220322z.asc,True,1.0,2022-03-20
2022-03-23,8.5316,0.43,35.98,100,maynas_persiann_cdr_2012_2023.zip,CDR_20220323z.asc,True,1.0,2022-03-20
2022-03-24,5.8477,0.4,33.86,100,maynas_persiann_cdr_2012_2023.zip,CDR_20220324z.asc,True,1.0,2022-03-20
2022-03-25,18.605999999999998,2.98,36.05,100,maynas_persiann_cdr_2012_2023.zip,CDR_20220325z.asc,True,1.0,2022-03-20
2022-03-26,15.148299999999999,3.56,28.52,100,maynas_persiann_cdr_2012_2023.zip,CDR_20220326z.asc,True,1.0,2022-03-20
2022-03-27,30.9392,17.16,45.87,100,maynas_persiann_cdr_2012_2023.zip,CDR_20220327z.asc,True,1.0,2022-03-27
2022-03-28,2.5232,0.47,8.43,100,maynas_persiann_cdr_2012_2023.zip,CDR_20220328z.asc,True,1.0,2022-03-27
2022-03-29,17.9718,4.37,34.89,100,maynas_persiann_cdr_2012_2023.zip,CDR_20220329z.asc,True,1.0,2022-03-27
2022-03-30,2.0503000000000005,0.0,10.42,100,maynas_persiann_cdr_2012_2023.zip,CDR_20220330z.asc,True,1.0,2022-03-27
2022-03-31,7.523600000000001,0.59,19.53,100,maynas_persiann_cdr_2012_2023.zip,CDR_20220331z.asc,True,1.0,2022-03-27
2022-04-01,18.136900000000004,3.19,37.24,100,maynas_persiann_cdr_2012_2023.zip,CDR_20220401z.asc,True,1.0,2022-03-27
2022-04-02,8.935899999999998,0.0,36.78,100,maynas_persiann_cdr_2012_2023.zip,CDR_20220402z.asc,True,1.0,2022-03-27
2022-04-03,0.2553,0.0,1.5,100,maynas_persiann_cdr_2012_2023.zip,CDR_20220403z.asc,True,0.0,2022-04-03
2022-04-04,0.04369999999999999,0.0,1.73,100,maynas_persiann_cdr_2012_2023.zip,CDR_20220404z.asc,True,0.0,2022-04-03
2022-04-05,4.6197,0.0,20.77,100,maynas_persiann_cdr_2012_2023.zip,CDR_20220405z.asc,True,1.0,2022-04-03
2022-04-06,10.064,1.1,32.53,100,maynas_persiann_cdr_2012_2023.zip,CDR_20220406z.asc,True,1.0,2022-04-03
2022-04-07,5.7075999999999985,0.0,29.09,100,maynas_persiann_cdr_2012_2023.zip,CDR_20220407z.asc,True,1.0,2022-04-03
2022-04-08,6.3987,0.0,33.97,100,maynas_persiann_cdr_2012_2023.zip,CDR_20220408z.asc,True,1.0,2022-04-03
2022-04-09,32.3245,12.39,58.7,100,maynas_persiann_cdr_2012_2023.zip,CDR_20220409z.asc,True,1.0,2022-04-03
2022-04-10,16.8321,1.5,50.11,100,maynas_persiann_cdr_2012_2023.zip,CDR_20220410z.asc,True,1.0,2022-04-10
2022-04-11,11.162,0.67,39.42,100,maynas_persiann_cdr_2012_2023.zip,CDR_20220411z.asc,True,1.0,2022-04-10
2022-04-12,11.219399999999998,0.0,37.71,100,maynas_persiann_cdr_2012_2023.zip,CDR_20220412z.asc,True,1.0,2022-04-10
2022-04-13,18.7484,6.17,45.7,100,maynas_persiann_cdr_2012_2023.zip,CDR_20220413z.asc,True,1.0,2022-04-10
2022-04-14,24.518700000000003,5.21,62.14,100,maynas_persiann_cdr_2012_2023.zip,CDR_20220414z.asc,True,1.0,2022-04-10
2022-04-15,8.0173,0.53,24.84,100,maynas_persiann_cdr_2012_2023.zip,CDR_20220415z.asc,True,1.0,2022-04-10
2022-04-16,1.4823,0.0,10.23,100,maynas_persiann_cdr_2012_2023.zip,CDR_20220416z.asc,True,1.0,2022-04-10
2022-04-17,11.4347,0.74,37.33,100,maynas_persiann_cdr_2012_2023.zip,CDR_20220417z.asc,True,1.0,2022-04-17
2022-04-18,28.536100000000005,5.88,53.9,100,maynas_persiann_cdr_2012_2023.zip,CDR_20220418z.asc,True,1.0,2022-04-17
2022-04-19,3.0822999999999996,0.0,13.13,100,maynas_persiann_cdr_2012_2023.zip,CDR_20220419z.asc,True,1.0,2022-04-17
2022-04-20,9.591400000000002,2.14,26.27,100,maynas_persiann_cdr_2012_2023.zip,CDR_20220420z.asc,True,1.0,2022-04-17
2022-04-21,14.3969,0.0,45.17,100,maynas_persiann_cdr_2012_2023.zip,CDR_20220421z.asc,True,1.0,2022-04-17
2022-04-22,2.7358,0.0,15.24,100,maynas_persiann_cdr_2012_2023.zip,CDR_20220422z.asc,True,1.0,2022-04-17
2022-04-23,0.7321999999999999,0.0,7.04,100,maynas_persiann_cdr_2012_2023.zip,CDR_20220423z.asc,True,0.0,2022-04-17
2022-04-24,18.6879,2.46,57.2,100,maynas_persiann_cdr_2012_2023.zip,CDR_20220424z.asc,True,1.0,2022-04-24
2022-04-25,13.5605,5.19,39.03,100,maynas_persiann_cdr_2012_2023.zip,CDR_20220425z.asc,True,1.0,2022-04-24
2022-04-26,2.2899999999999996,0.0,16.2,100,maynas_persiann_cdr_2012_2023.zip,CDR_20220426z.asc,True,1.0,2022-04-24
2022-04-27,10.7946,1.11,29.13,100,maynas_persiann_cdr_2012_2023.zip,CDR_20220427z.asc,True,1.0,2022-04-24
2022-04-28,30.353099999999994,4.84,52.69,100,maynas_persiann_cdr_2012_2023.zip,CDR_20220428z.asc,True,1.0,2022-04-24
2022-04-29,26.015399999999996,4.09,49.65,100,maynas_persiann_cdr_2012_2023.zip,CDR_20220429z.asc,True,1.0,2022-04-24
2022-04-30,22.3503,7.76,39.97,100,maynas_persiann_cdr_2012_2023.zip,CDR_20220430z.asc,True,1.0,2022-04-24
2022-05-01,2.1784999999999997,0.0,13.56,100,maynas_persiann_cdr_2012_2023.zip,CDR_20220501z.asc,True,1.0,2022-05-01
2022-05-02,2.1759,0.0,7.22,100,maynas_persiann_cdr_2012_2023.zip,CDR_20220502z.asc,True,1.0,2022-05-01
2022-05-03,4.589700000000001,0.0,19.9,100,maynas_persiann_cdr_2012_2023.zip,CDR_20220503z.asc,True,1.0,2022-05-01
2022-05-04,24.0193,4.6,67.78,100,maynas_persiann_cdr_2012_2023.zip,CDR_20220504z.asc,True,1.0,2022-05-01
2022-05-05,31.003500000000003,3.46,92.84,100,maynas_persiann_cdr_2012_2023.zip,CDR_20220505z.asc,True,1.0,2022-05-01
2022-05-06,10.153099999999998,0.0,32.87,100,maynas_persiann_cdr_2012_2023.zip,CDR_20220506z.asc,True,1.0,2022-05-01
2022-05-07,3.7011999999999996,0.0,15.52,100,maynas_persiann_cdr_2012_2023.zip,CDR_20220507z.asc,True,1.0,2022-05-01
2022-05-08,8.4758,0.0,24.88,100,maynas_persiann_cdr_2012_2023.zip,CDR_20220508z.asc,True,1.0,2022-05-08
2022-05-09,5.826700000000001,0.0,26.25,100,maynas_persiann_cdr_2012_2023.zip,CDR_20220509z.asc,True,1.0,2022-05-08
2022-05-10,16.821399999999997,0.89,55.96,100,maynas_persiann_cdr_2012_2023.zip,CDR_20220510z.asc,True,1.0,2022-05-08
2022-05-11,13.6066,1.16,56.75,100,maynas_persiann_cdr_2012_2023.zip,CDR_20220511z.asc,True,1.0,2022-05-08
2022-05-12,27.875099999999996,5.81,70.05,100,maynas_persiann_cdr_2012_2023.zip,CDR_20220512z.asc,True,1.0,2022-05-08
2022-05-13,9.013800000000002,1.23,33.08,100,maynas_persiann_cdr_2012_2023.zip,CDR_20220513z.asc,True,1.0,2022-05-08
2022-05-14,13.694800000000003,0.82,43.96,100,maynas_persiann_cdr_2012_2023.zip,CDR_20220514z.asc,True,1.0,2022-05-08
2022-05-15,19.380100000000002,3.17,52.04,100,maynas_persiann_cdr_2012_2023.zip,CDR_20220515z.asc,True,1.0,2022-05-15
2022-05-16,21.1017,5.36,87.09,100,maynas_persiann_cdr_2012_2023.zip,CDR_20220516z.asc,True,1.0,2022-05-15
2022-05-17,19.2429,7.44,47.0,100,maynas_persiann_cdr_2012_2023.zip,CDR_20220517z.asc,True,1.0,2022-05-15
2022-05-18,14.8491,6.41,28.3,100,maynas_persiann_cdr_2012_2023.zip,CDR_20220518z.asc,True,1.0,2022-05-15
2022-05-19,5.2308,0.85,10.87,100,maynas_persiann_cdr_2012_2023.zip,CDR_20220519z.asc,True,1.0,2022-05-15
2022-05-20,0.0759,0.0,1.64,100,maynas_persiann_cdr_2012_2023.zip,CDR_20220520z.asc,True,0.0,2022-05-15
2022-05-21,0.051,0.0,0.98,100,maynas_persiann_cdr_2012_2023.zip,CDR_20220521z.asc,True,0.0,2022-05-15
2022-05-22,0.5285,0.0,5.91,100,maynas_persiann_cdr_2012_2023.zip,CDR_20220522z.asc,True,0.0,2022-05-22
2022-05-23,3.0584999999999996,0.0,18.77,100,maynas_persiann_cdr_2012_2023.zip,CDR_20220523z.asc,True,1.0,2022-05-22
2022-05-24,24.748800000000003,7.88,61.54,100,maynas_persiann_cdr_2012_2023.zip,CDR_20220524z.asc,True,1.0,2022-05-22
2022-05-25,25.492500000000003,4.44,48.79,100,maynas_persiann_cdr_2012_2023.zip,CDR_20220525z.asc,True,1.0,2022-05-22
2022-05-26,15.5651,0.0,56.98,100,maynas_persiann_cdr_2012_2023.zip,CDR_20220526z.asc,True,1.0,2022-05-22
2022-05-27,5.8979,0.0,17.03,100,maynas_persiann_cdr_2012_2023.zip,CDR_20220527z.asc,True,1.0,2022-05-22
2022-05-28,9.1242,0.0,50.33,100,maynas_persiann_cdr_2012_2023.zip,CDR_20220528z.asc,True,1.0,2022-05-22
2022-05-29,1.2276,0.0,9.89,100,maynas_persiann_cdr_2012_2023.zip,CDR_20220529z.asc,True,1.0,2022-05-29
2022-05-30,4.2574000000000005,0.0,21.96,100,maynas_persiann_cdr_2012_2023.zip,CDR_20220530z.asc,True,1.0,2022-05-29
2022-05-31,4.096399999999999,0.0,18.2,100,maynas_persiann_cdr_2012_2023.zip,CDR_20220531z.asc,True,1.0,2022-05-29
2022-06-01,15.0096,1.03,28.85,100,maynas_persiann_cdr_2012_2023.zip,CDR_20220601z.asc,True,1.0,2022-05-29
2022-06-02,3.3970000000000002,0.0,21.56,100,maynas_persiann_cdr_2012_2023.zip,CDR_20220602z.asc,True,1.0,2022-05-29
2022-06-03,14.071600000000004,0.84,43.06,100,maynas_persiann_cdr_2012_2023.zip,CDR_20220603z.asc,True,1.0,2022-05-29
2022-06-04,5.965400000000002,0.97,14.72,100,maynas_persiann_cdr_2012_2023.zip,CDR_20220604z.asc,True,1.0,2022-05-29
2022-06-05,16.311700000000002,3.13,41.96,100,maynas_persiann_cdr_2012_2023.zip,CDR_20220605z.asc,True,1.0,2022-06-05
2022-06-06,17.8029,2.65,49.17,100,maynas_persiann_cdr_2012_2023.zip,CDR_20220606z.asc,True,1.0,2022-06-05
2022-06-07,15.598300000000002,0.0,52.71,100,maynas_persiann_cdr_2012_2023.zip,CDR_20220607z.asc,True,1.0,2022-06-05
2022-06-08,11.008199999999999,0.0,33.27,100,maynas_persiann_cdr_2012_2023.zip,CDR_20220608z.asc,True,1.0,2022-06-05
2022-06-09,13.2786,0.0,47.96,100,maynas_persiann_cdr_2012_2023.zip,CDR_20220609z.asc,True,1.0,2022-06-05
2022-06-10,38.846399999999996,11.28,85.94,100,maynas_persiann_cdr_2012_2023.zip,CDR_20220610z.asc,True,1.0,2022-06-05
2022-06-11,11.323900000000002,0.0,81.65,100,maynas_persiann_cdr_2012_2023.zip,CDR_20220611z.asc,True,1.0,2022-06-05
2022-06-12,3.3510000000000004,0.0,15.2,100,maynas_persiann_cdr_2012_2023.zip,CDR_20220612z.asc,True,1.0,2022-06-12
2022-06-13,0.0144,0.0,0.74,100,maynas_persiann_cdr_2012_2023.zip,CDR_20220613z.asc,True,0.0,2022-06-12
2022-06-14,0.0,0.0,0.0,100,maynas_persiann_cdr_2012_2023.zip,CDR_20220614z.asc,True,0.0,2022-06-12
2022-06-15,0.0,0.0,0.0,100,maynas_persiann_cdr_2012_2023.zip,CDR_20220615z.asc,True,0.0,2022-06-12
2022-06-16,0.0149,0.0,0.76,100,maynas_persiann_cdr_2012_2023.zip,CDR_20220616z.asc,True,0.0,2022-06-12
2022-06-17,0.3185,0.0,9.23,100,maynas_persiann_cdr_2012_2023.zip,CDR_20220617z.asc,True,0.0,2022-06-12
2022-06-18,16.4391,0.0,50.84,100,maynas_persiann_cdr_2012_2023.zip,CDR_20220618z.asc,True,1.0,2022-06-12
2022-06-19,6.5192,0.0,30.49,100,maynas_persiann_cdr_2012_2023.zip,CDR_20220619z.asc,True,1.0,2022-06-19
2022-06-20,6.445399999999999,0.0,19.8,100,maynas_persiann_cdr_2012_2023.zip,CDR_20220620z.asc,True,1.0,2022-06-19
2022-06-21,10.1786,2.75,22.79,100,maynas_persiann_cdr_2012_2023.zip,CDR_20220621z.asc,True,1.0,2022-06-19
2022-06-22,13.193,0.0,57.08,100,maynas_persiann_cdr_2012_2023.zip,CDR_20220622z.asc,True,1.0,2022-06-19
2022-06-23,4.3841,0.0,37.94,100,maynas_persiann_cdr_2012_2023.zip,CDR_20220623z.asc,True,1.0,2022-06-19
2022-06-24,3.9048000000000003,0.0,16.39,100,maynas_persiann_cdr_2012_2023.zip,CDR_20220624z.asc,True,1.0,2022-06-19
2022-06-25,3.2154000000000007,0.0,8.33,100,maynas_persiann_cdr_2012_2023.zip,CDR_20220625z.asc,True,1.0,2022-06-19
2022-06-26,2.3044,0.0,9.03,100,maynas_persiann_cdr_2012_2023.zip,CDR_20220626z.asc,True,1.0,2022-06-26
2022-06-27,1.7477,0.0,12.35,100,maynas_persiann_cdr_2012_2023.zip,CDR_20220627z.asc,True,1.0,2022-06-26
2022-06-28,0.8423999999999999,0.0,4.77,100,maynas_persiann_cdr_2012_2023.zip,CDR_20220628z.asc,True,0.0,2022-06-26
2022-06-29,5.564,0.0,30.29,100,maynas_persiann_cdr_2012_2023.zip,CDR_20220629z.asc,True,1.0,2022-06-26
2022-06-30,6.6538,0.0,33.13,100,maynas_persiann_cdr_2012_2023.zip,CDR_20220630z.asc,True,1.0,2022-06-26
2022-07-01,4.8215,0.0,19.85,100,maynas_persiann_cdr_2012_2023.zip,CDR_20220701z.asc,True,1.0,2022-06-26
2022-07-02,8.638200000000001,0.0,62.71,100,maynas_persiann_cdr_2012_2023.zip,CDR_20220702z.asc,True,1.0,2022-06-26
2022-07-03,28.5288,0.0,63.98,100,maynas_persiann_cdr_2012_2023.zip,CDR_20220703z.asc,True,1.0,2022-07-03
2022-07-04,6.2121,0.0,29.36,100,maynas_persiann_cdr_2012_2023.zip,CDR_20220704z.asc,True,1.0,2022-07-03
2022-07-05,10.9296,0.0,30.54,100,maynas_persiann_cdr_2012_2023.zip,CDR_20220705z.asc,True,1.0,2022-07-03
2022-07-06,10.56,0.0,35.38,100,maynas_persiann_cdr_2012_2023.zip,CDR_20220706z.asc,True,1.0,2022-07-03
2022-07-07,5.371,0.0,20.32,100,maynas_persiann_cdr_2012_2023.zip,CDR_20220707z.asc,True,1.0,2022-07-03
2022-07-08,11.174900000000001,2.55,24.19,100,maynas_persiann_cdr_2012_2023.zip,CDR_20220708z.asc,True,1.0,2022-07-03
2022-07-09,20.0633,2.36,47.89,100,maynas_persiann_cdr_2012_2023.zip,CDR_20220709z.asc,True,1.0,2022-07-03
2022-07-10,4.3078,0.0,15.85,100,maynas_persiann_cdr_2012_2023.zip,CDR_20220710z.asc,True,1.0,2022-07-10
2022-07-11,0.9875999999999999,0.0,7.89,100,maynas_persiann_cdr_2012_2023.zip,CDR_20220711z.asc,True,0.0,2022-07-10
2022-07-12,0.5415000000000001,0.0,6.91,100,maynas_persiann_cdr_2012_2023.zip,CDR_20220712z.asc,True,0.0,2022-07-10
2022-07-13,16.5789,0.0,53.91,100,maynas_persiann_cdr_2012_2023.zip,CDR_20220713z.asc,True,1.0,2022-07-10
2022-07-14,4.7479,0.0,25.65,100,maynas_persiann_cdr_2012_2023.zip,CDR_20220714z.asc,True,1.0,2022-07-10
2022-07-15,4.1640999999999995,0.0,33.12,100,maynas_persiann_cdr_2012_2023.zip,CDR_20220715z.asc,True,1.0,2022-07-10
2022-07-16,19.2765,1.13,56.3,100,maynas_persiann_cdr_2012_2023.zip,CDR_20220716z.asc,True,1.0,2022-07-10
2022-07-17,24.726,6.24,97.24,100,maynas_persiann_cdr_2012_2023.zip,CDR_20220717z.asc,True,1.0,2022-07-17
2022-07-18,28.7768,2.42,56.58,100,maynas_persiann_cdr_2012_2023.zip,CDR_20220718z.asc,True,1.0,2022-07-17
2022-07-19,7.792300000000003,0.0,21.62,100,maynas_persiann_cdr_2012_2023.zip,CDR_20220719z.asc,True,1.0,2022-07-17
2022-07-20,1.7613999999999996,0.0,5.87,100,maynas_persiann_cdr_2012_2023.zip,CDR_20220720z.asc,True,1.0,2022-07-17
2022-07-21,1.5939,0.0,5.95,100,maynas_persiann_cdr_2012_2023.zip,CDR_20220721z.asc,True,1.0,2022-07-17
2022-07-22,1.0131000000000001,0.0,5.98,100,maynas_persiann_cdr_2012_2023.zip,CDR_20220722z.asc,True,1.0,2022-07-17
2022-07-23,0.294,0.0,4.82,100,maynas_persiann_cdr_2012_2023.zip,CDR_20220723z.asc,True,0.0,2022-07-17
2022-07-24,5.265200000000001,0.0,42.34,100,maynas_persiann_cdr_2012_2023.zip,CDR_20220724z.asc,True,1.0,2022-07-24
2022-07-25,2.938400000000001,0.0,17.21,100,maynas_persiann_cdr_2012_2023.zip,CDR_20220725z.asc,True,1.0,2022-07-24
2022-07-26,22.038500000000003,4.62,52.53,100,maynas_persiann_cdr_2012_2023.zip,CDR_20220726z.asc,True,1.0,2022-07-24
2022-07-27,29.511,3.6,80.67,100,maynas_persiann_cdr_2012_2023.zip,CDR_20220727z.asc,True,1.0,2022-07-24
2022-07-28,2.2032,0.0,11.51,100,maynas_persiann_cdr_2012_2023.zip,CDR_20220728z.asc,True,1.0,2022-07-24
2022-07-29,0.32880000000000004,0.0,5.03,100,maynas_persiann_cdr_2012_2023.zip,CDR_20220729z.asc,True,0.0,2022-07-24
2022-07-30,6.486099999999998,0.0,23.95,100,maynas_persiann_cdr_2012_2023.zip,CDR_20220730z.asc,True,1.0,2022-07-24
2022-07-31,6.0805,0.0,25.27,100,maynas_persiann_cdr_2012_2023.zip,CDR_20220731z.asc,True,1.0,2022-07-31
2022-08-01,10.8068,1.67,24.53,100,maynas_persiann_cdr_2012_2023.zip,CDR_20220801z.asc,True,1.0,2022-07-31
2022-08-02,4.4676,0.0,22.39,100,maynas_persiann_cdr_2012_2023.zip,CDR_20220802z.asc,True,1.0,2022-07-31
2022-08-03,11.181899999999995,0.55,35.41,100,maynas_persiann_cdr_2012_2023.zip,CDR_20220803z.asc,True,1.0,2022-07-31
2022-08-04,13.003999999999998,0.58,38.9,100,maynas_persiann_cdr_2012_2023.zip,CDR_20220804z.asc,True,1.0,2022-07-31
2022-08-05,9.0283,1.6,25.12,100,maynas_persiann_cdr_2012_2023.zip,CDR_20220805z.asc,True,1.0,2022-07-31
2022-08-06,2.2733,0.48,6.95,100,maynas_persiann_cdr_2012_2023.zip,CDR_20220806z.asc,True,1.0,2022-07-31
2022-08-07,1.2353999999999998,0.0,7.92,100,maynas_persiann_cdr_2012_2023.zip,CDR_20220807z.asc,True,1.0,2022-08-07
2022-08-08,5.0075,0.0,23.59,100,maynas_persiann_cdr_2012_2023.zip,CDR_20220808z.asc,True,1.0,2022-08-07
2022-08-09,9.6663,0.66,32.63,100,maynas_persiann_cdr_2012_2023.zip,CDR_20220809z.asc,True,1.0,2022-08-07
2022-08-10,12.843900000000001,0.0,32.35,100,maynas_persiann_cdr_2012_2023.zip,CDR_20220810z.asc,True,1.0,2022-08-07
2022-08-11,3.9391,0.0,14.68,100,maynas_persiann_cdr_2012_2023.zip,CDR_20220811z.asc,True,1.0,2022-08-07
2022-08-12,0.0,0.0,0.0,100,maynas_persiann_cdr_2012_2023.zip,CDR_20220812z.asc,True,0.0,2022-08-07
2022-08-13,0.0,0.0,0.0,100,maynas_persiann_cdr_2012_2023.zip,CDR_20220813z.asc,True,0.0,2022-08-07
2022-08-14,8.126099999999997,0.0,24.79,100,maynas_persiann_cdr_2012_2023.zip,CDR_20220814z.asc,True,1.0,2022-08-14
2022-08-15,5.239000000000001,0.0,22.59,100,maynas_persiann_cdr_2012_2023.zip,CDR_20220815z.asc,True,1.0,2022-08-14
2022-08-16,1.7111999999999998,0.0,11.26,100,maynas_persiann_cdr_2012_2023.zip,CDR_20220816z.asc,True,1.0,2022-08-14
2022-08-17,2.2943,0.0,22.99,100,maynas_persiann_cdr_2012_2023.zip,CDR_20220817z.asc,True,1.0,2022-08-14
2022-08-18,2.7045999999999997,0.0,19.74,100,maynas_persiann_cdr_2012_2023.zip,CDR_20220818z.asc,True,1.0,2022-08-14
2022-08-19,20.941600000000005,5.9,40.04,100,maynas_persiann_cdr_2012_2023.zip,CDR_20220819z.asc,True,1.0,2022-08-14
2022-08-20,17.1888,9.46,25.29,100,maynas_persiann_cdr_2012_2023.zip,CDR_20220820z.asc,True,1.0,2022-08-14
2022-08-21,0.0,0.0,0.0,100,maynas_persiann_cdr_2012_2023.zip,CDR_20220821z.asc,True,0.0,2022-08-21
2022-08-22,0.0,0.0,0.0,100,maynas_persiann_cdr_2012_2023.zip,CDR_20220822z.asc,True,0.0,2022-08-21
2022-08-23,0.0059,0.0,0.59,100,maynas_persiann_cdr_2012_2023.zip,CDR_20220823z.asc,True,0.0,2022-08-21
2022-08-24,0.0,0.0,0.0,100,maynas_persiann_cdr_2012_2023.zip,CDR_20220824z.asc,True,0.0,2022-08-21
2022-08-25,0.0288,0.0,0.69,100,maynas_persiann_cdr_2012_2023.zip,CDR_20220825z.asc,True,0.0,2022-08-21
2022-08-26,5.651600000000001,0.0,26.58,100,maynas_persiann_cdr_2012_2023.zip,CDR_20220826z.asc,True,1.0,2022-08-21
2022-08-27,5.776,0.0,25.32,100,maynas_persiann_cdr_2012_2023.zip,CDR_20220827z.asc,True,1.0,2022-08-21
2022-08-28,4.3686,0.0,18.74,100,maynas_persiann_cdr_2012_2023.zip,CDR_20220828z.asc,True,1.0,2022-08-28
2022-08-29,18.2559,4.69,40.51,100,maynas_persiann_cdr_2012_2023.zip,CDR_20220829z.asc,True,1.0,2022-08-28
2022-08-30,0.41979999999999995,0.0,6.15,100,maynas_persiann_cdr_2012_2023.zip,CDR_20220830z.asc,True,0.0,2022-08-28
2022-08-31,0.9093000000000001,0.0,5.75,100,maynas_persiann_cdr_2012_2023.zip,CDR_20220831z.asc,True,0.0,2022-08-28
2022-09-01,0.8835,0.0,8.48,100,maynas_persiann_cdr_2012_2023.zip,CDR_20220901z.asc,True,0.0,2022-08-28
2022-09-02,0.13540000000000002,0.0,2.21,100,maynas_persiann_cdr_2012_2023.zip,CDR_20220902z.asc,True,0.0,2022-08-28
2022-09-03,8.7289,0.0,27.3,100,maynas_persiann_cdr_2012_2023.zip,CDR_20220903z.asc,True,1.0,2022-08-28
2022-09-04,6.508000000000001,0.38,22.62,100,maynas_persiann_cdr_2012_2023.zip,CDR_20220904z.asc,True,1.0,2022-09-04
2022-09-05,0.13369999999999999,0.0,1.34,100,maynas_persiann_cdr_2012_2023.zip,CDR_20220905z.asc,True,0.0,2022-09-04
2022-09-06,0.7884,0.0,7.51,100,maynas_persiann_cdr_2012_2023.zip,CDR_20220906z.asc,True,0.0,2022-09-04
2022-09-07,0.301,0.0,2.21,100,maynas_persiann_cdr_2012_2023.zip,CDR_20220907z.asc,True,0.0,2022-09-04
2022-09-08,0.013699999999999999,0.0,0.38,100,maynas_persiann_cdr_2012_2023.zip,CDR_20220908z.asc,True,0.0,2022-09-04
2022-09-09,10.644099999999998,0.39,26.9,100,maynas_persiann_cdr_2012_2023.zip,CDR_20220909z.asc,True,1.0,2022-09-04
2022-09-10,7.287000000000001,1.62,13.06,100,maynas_persiann_cdr_2012_2023.zip,CDR_20220910z.asc,True,1.0,2022-09-04
2022-09-11,2.7193,0.0,11.39,100,maynas_persiann_cdr_2012_2023.zip,CDR_20220911z.asc,True,1.0,2022-09-11
2022-09-12,0.5161,0.0,6.06,100,maynas_persiann_cdr_2012_2023.zip,CDR_20220912z.asc,True,0.0,2022-09-11
2022-09-13,2.4008,0.0,9.79,100,maynas_persiann_cdr_2012_2023.zip,CDR_20220913z.asc,True,1.0,2022-09-11
2022-09-14,2.4735,0.0,18.2,100,maynas_persiann_cdr_2012_2023.zip,CDR_20220914z.asc,True,1.0,2022-09-11
2022-09-15,11.8175,2.21,24.48,100,maynas_persiann_cdr_2012_2023.zip,CDR_20220915z.asc,True,1.0,2022-09-11
2022-09-16,13.5049,4.55,28.09,100,maynas_persiann_cdr_2012_2023.zip,CDR_20220916z.asc,True,1.0,2022-09-11
2022-09-17,0.8105000000000001,0.0,3.57,100,maynas_persiann_cdr_2012_2023.zip,CDR_20220917z.asc,True,0.0,2022-09-11
2022-09-18,0.060700000000000004,0.0,0.79,100,maynas_persiann_cdr_2012_2023.zip,CDR_20220918z.asc,True,0.0,2022-09-18
2022-09-19,3.193,0.0,10.39,100,maynas_persiann_cdr_2012_2023.zip,CDR_20220919z.asc,True,1.0,2022-09-18
2022-09-20,3.2680000000000002,0.0,10.45,100,maynas_persiann_cdr_2012_2023.zip,CDR_20220920z.asc,True,1.0,2022-09-18
2022-09-21,1.9253000000000002,0.0,8.22,100,maynas_persiann_cdr_2012_2023.zip,CDR_20220921z.asc,True,1.0,2022-09-18
2022-09-22,1.276,0.0,8.73,100,maynas_persiann_cdr_2012_2023.zip,CDR_20220922z.asc,True,1.0,2022-09-18
2022-09-23,5.582800000000001,0.66,21.92,100,maynas_persiann_cdr_2012_2023.zip,CDR_20220923z.asc,True,1.0,2022-09-18
2022-09-24,10.3225,1.34,26.06,100,maynas_persiann_cdr_2012_2023.zip,CDR_20220924z.asc,True,1.0,2022-09-18
2022-09-25,1.4369999999999998,0.0,7.16,100,maynas_persiann_cdr_2012_2023.zip,CDR_20220925z.asc,True,1.0,2022-09-25
2022-09-26,0.7324,0.0,7.67,100,maynas_persiann_cdr_2012_2023.zip,CDR_20220926z.asc,True,0.0,2022-09-25
2022-09-27,4.7101999999999995,0.0,19.24,100,maynas_persiann_cdr_2012_2023.zip,CDR_20220927z.asc,True,1.0,2022-09-25
2022-09-28,4.3536,0.0,21.82,100,maynas_persiann_cdr_2012_2023.zip,CDR_20220928z.asc,True,1.0,2022-09-25
2022-09-29,3.7321,0.0,24.12,100,maynas_persiann_cdr_2012_2023.zip,CDR_20220929z.asc,True,1.0,2022-09-25
2022-09-30,6.890499999999999,0.7,38.6,100,maynas_persiann_cdr_2012_2023.zip,CDR_20220930z.asc,True,1.0,2022-09-25
2022-10-01,7.136,0.0,21.11,100,maynas_persiann_cdr_2012_2023.zip,CDR_20221001z.asc,True,1.0,2022-09-25
2022-10-02,9.266999999999998,0.98,18.9,100,maynas_persiann_cdr_2012_2023.zip,CDR_20221002z.asc,True,1.0,2022-10-02
2022-10-03,8.915,1.21,21.98,100,maynas_persiann_cdr_2012_2023.zip,CDR_20221003z.asc,True,1.0,2022-10-02
2022-10-04,4.1245,0.0,15.2,100,maynas_persiann_cdr_2012_2023.zip,CDR_20221004z.asc,True,1.0,2022-10-02
2022-10-05,1.6869999999999998,0.0,14.24,100,maynas_persiann_cdr_2012_2023.zip,CDR_20221005z.asc,True,1.0,2022-10-02
2022-10-06,6.741199999999999,0.0,28.47,100,maynas_persiann_cdr_2012_2023.zip,CDR_20221006z.asc,True,1.0,2022-10-02
2022-10-07,22.1417,2.94,49.8,100,maynas_persiann_cdr_2012_2023.zip,CDR_20221007z.asc,True,1.0,2022-10-02
2022-10-08,17.1754,7.12,37.92,100,maynas_persiann_cdr_2012_2023.zip,CDR_20221008z.asc,True,1.0,2022-10-02
2022-10-09,1.2109,0.0,6.34,100,maynas_persiann_cdr_2012_2023.zip,CDR_20221009z.asc,True,1.0,2022-10-09
2022-10-10,3.3508000000000004,0.0,21.53,100,maynas_persiann_cdr_2012_2023.zip,CDR_20221010z.asc,True,1.0,2022-10-09
2022-10-11,4.151599999999999,0.0,25.78,100,maynas_persiann_cdr_2012_2023.zip,CDR_20221011z.asc,True,1.0,2022-10-09
2022-10-12,7.757199999999999,0.36,20.78,100,maynas_persiann_cdr_2012_2023.zip,CDR_20221012z.asc,True,1.0,2022-10-09
2022-10-13,7.225700000000001,0.0,20.79,100,maynas_persiann_cdr_2012_2023.zip,CDR_20221013z.asc,True,1.0,2022-10-09
2022-10-14,13.1811,2.35,27.64,100,maynas_persiann_cdr_2012_2023.zip,CDR_20221014z.asc,True,1.0,2022-10-09
2022-10-15,23.839899999999997,9.07,49.74,100,maynas_persiann_cdr_2012_2023.zip,CDR_20221015z.asc,True,1.0,2022-10-09
2022-10-16,9.930399999999999,1.14,20.73,100,maynas_persiann_cdr_2012_2023.zip,CDR_20221016z.asc,True,1.0,2022-10-16
2022-10-17,4.665500000000001,0.0,14.64,100,maynas_persiann_cdr_2012_2023.zip,CDR_20221017z.asc,True,1.0,2022-10-16
2022-10-18,6.136900000000001,0.49,16.25,100,maynas_persiann_cdr_2012_2023.zip,CDR_20221018z.asc,True,1.0,2022-10-16
2022-10-19,16.034800000000004,2.35,32.88,100,maynas_persiann_cdr_2012_2023.zip,CDR_20221019z.asc,True,1.0,2022-10-16
2022-10-20,15.649099999999999,4.01,34.15,100,maynas_persiann_cdr_2012_2023.zip,CDR_20221020z.asc,True,1.0,2022-10-16
2022-10-21,3.8868,0.0,18.92,100,maynas_persiann_cdr_2012_2023.zip,CDR_20221021z.asc,True,1.0,2022-10-16
2022-10-22,14.415600000000005,0.97,30.82,100,maynas_persiann_cdr_2012_2023.zip,CDR_20221022z.asc,True,1.0,2022-10-16
2022-10-23,28.757800000000003,14.3,47.41,100,maynas_persiann_cdr_2012_2023.zip,CDR_20221023z.asc,True,1.0,2022-10-23
2022-10-24,0.8880000000000001,0.0,3.77,100,maynas_persiann_cdr_2012_2023.zip,CDR_20221024z.asc,True,0.0,2022-10-23
2022-10-25,3.0383,0.0,17.65,100,maynas_persiann_cdr_2012_2023.zip,CDR_20221025z.asc,True,1.0,2022-10-23
2022-10-26,4.6644,0.0,16.15,100,maynas_persiann_cdr_2012_2023.zip,CDR_20221026z.asc,True,1.0,2022-10-23
2022-10-27,15.0655,4.03,32.63,100,maynas_persiann_cdr_2012_2023.zip,CDR_20221027z.asc,True,1.0,2022-10-23
2022-10-28,18.8839,6.39,35.94,100,maynas_persiann_cdr_2012_2023.zip,CDR_20221028z.asc,True,1.0,2022-10-23
2022-10-29,23.727899999999998,12.42,31.68,100,maynas_persiann_cdr_2012_2023.zip,CDR_20221029z.asc,True,1.0,2022-10-23
2022-10-30,0.0068,0.0,0.35,100,maynas_persiann_cdr_2012_2023.zip,CDR_20221030z.asc,True,0.0,2022-10-30
2022-10-31,0.3807,0.0,6.52,100,maynas_persiann_cdr_2012_2023.zip,CDR_20221031z.asc,True,0.0,2022-10-30
2022-11-01,6.062200000000001,0.0,20.37,100,maynas_persiann_cdr_2012_2023.zip,CDR_20221101z.asc,True,1.0,2022-10-30
2022-11-02,23.087999999999997,10.07,33.15,100,maynas_persiann_cdr_2012_2023.zip,CDR_20221102z.asc,True,1.0,2022-10-30
2022-11-03,0.8976000000000001,0.0,4.36,100,maynas_persiann_cdr_2012_2023.zip,CDR_20221103z.asc,True,0.0,2022-10-30
2022-11-04,0.0,0.0,0.0,100,maynas_persiann_cdr_2012_2023.zip,CDR_20221104z.asc,True,0.0,2022-10-30
2022-11-05,0.0,0.0,0.0,100,maynas_persiann_cdr_2012_2023.zip,CDR_20221105z.asc,True,0.0,2022-10-30
2022-11-06,0.009099999999999999,0.0,0.5,100,maynas_persiann_cdr_2012_2023.zip,CDR_20221106z.asc,True,0.0,2022-11-06
2022-11-07,0.0228,0.0,1.52,100,maynas_persiann_cdr_2012_2023.zip,CDR_20221107z.asc,True,0.0,2022-11-06
2022-11-08,2.3615999999999997,0.0,20.77,100,maynas_persiann_cdr_2012_2023.zip,CDR_20221108z.asc,True,1.0,2022-11-06
2022-11-09,2.760900000000001,0.0,12.62,100,maynas_persiann_cdr_2012_2023.zip,CDR_20221109z.asc,True,1.0,2022-11-06
2022-11-10,6.6901,2.01,19.4,100,maynas_persiann_cdr_2012_2023.zip,CDR_20221110z.asc,True,1.0,2022-11-06
2022-11-11,9.366399999999999,0.35,36.28,100,maynas_persiann_cdr_2012_2023.zip,CDR_20221111z.asc,True,1.0,2022-11-06
2022-11-12,10.643400000000002,0.36,32.47,100,maynas_persiann_cdr_2012_2023.zip,CDR_20221112z.asc,True,1.0,2022-11-06
2022-11-13,4.5623000000000005,0.0,19.89,100,maynas_persiann_cdr_2012_2023.zip,CDR_20221113z.asc,True,1.0,2022-11-13
2022-11-14,12.148400000000004,1.64,31.42,100,maynas_persiann_cdr_2012_2023.zip,CDR_20221114z.asc,True,1.0,2022-11-13
2022-11-15,16.870499999999996,4.25,44.85,100,maynas_persiann_cdr_2012_2023.zip,CDR_20221115z.asc,True,1.0,2022-11-13
2022-11-16,22.652599999999996,8.45,40.77,100,maynas_persiann_cdr_2012_2023.zip,CDR_20221116z.asc,True,1.0,2022-11-13
2022-11-17,4.9156,0.9,15.09,100,maynas_persiann_cdr_2012_2023.zip,CDR_20221117z.asc,True,1.0,2022-11-13
2022-11-18,1.0953999999999997,0.0,7.3,100,maynas_persiann_cdr_2012_2023.zip,CDR_20221118z.asc,True,1.0,2022-11-13
2022-11-19,2.3983000000000003,0.0,12.63,100,maynas_persiann_cdr_2012_2023.zip,CDR_20221119z.asc,True,1.0,2022-11-13
2022-11-20,19.2937,3.75,44.97,100,maynas_persiann_cdr_2012_2023.zip,CDR_20221120z.asc,True,1.0,2022-11-20
2022-11-21,3.1141999999999994,0.0,16.33,100,maynas_persiann_cdr_2012_2023.zip,CDR_20221121z.asc,True,1.0,2022-11-20
2022-11-22,5.0799,0.0,15.9,100,maynas_persiann_cdr_2012_2023.zip,CDR_20221122z.asc,True,1.0,2022-11-20
2022-11-23,28.832699999999996,13.57,49.16,100,maynas_persiann_cdr_2012_2023.zip,CDR_20221123z.asc,True,1.0,2022-11-20
2022-11-24,0.8048000000000002,0.0,4.2,100,maynas_persiann_cdr_2012_2023.zip,CDR_20221124z.asc,True,0.0,2022-11-20
2022-11-25,10.1456,0.0,34.16,100,maynas_persiann_cdr_2012_2023.zip,CDR_20221125z.asc,True,1.0,2022-11-20
2022-11-26,8.3226,1.25,25.6,100,maynas_persiann_cdr_2012_2023.zip,CDR_20221126z.asc,True,1.0,2022-11-20
2022-11-27,24.298299999999994,10.07,43.12,100,maynas_persiann_cdr_2012_2023.zip,CDR_20221127z.asc,True,1.0,2022-11-27
2022-11-28,10.9114,1.55,19.51,100,maynas_persiann_cdr_2012_2023.zip,CDR_20221128z.asc,True,1.0,2022-11-27
2022-11-29,8.3861,0.0,29.91,100,maynas_persiann_cdr_2012_2023.zip,CDR_20221129z.asc,True,1.0,2022-11-27
2022-11-30,0.335,0.0,3.0,100,maynas_persiann_cdr_2012_2023.zip,CDR_20221130z.asc,True,0.0,2022-11-27
2022-12-01,0.1877,0.0,2.66,100,maynas_persiann_cdr_2012_2023.zip,CDR_20221201z.asc,True,0.0,2022-11-27
2022-12-02,0.0334,0.0,0.7,100,maynas_persiann_cdr_2012_2023.zip,CDR_20221202z.asc,True,0.0,2022-11-27
2022-12-03,3.2399999999999993,0.0,14.12,100,maynas_persiann_cdr_2012_2023.zip,CDR_20221203z.asc,True,1.0,2022-11-27
2022-12-04,0.35009999999999997,0.0,4.88,100,maynas_persiann_cdr_2012_2023.zip,CDR_20221204z.asc,True,0.0,2022-12-04
2022-12-05,0.9936000000000001,0.0,7.89,100,maynas_persiann_cdr_2012_2023.zip,CDR_20221205z.asc,True,0.0,2022-12-04
2022-12-06,8.1671,0.0,27.73,100,maynas_persiann_cdr_2012_2023.zip,CDR_20221206z.asc,True,1.0,2022-12-04
2022-12-07,12.8464,1.02,48.85,100,maynas_persiann_cdr_2012_2023.zip,CDR_20221207z.asc,True,1.0,2022-12-04
2022-12-08,6.3443,0.0,26.84,100,maynas_persiann_cdr_2012_2023.zip,CDR_20221208z.asc,True,1.0,2022-12-04
2022-12-09,2.3235000000000006,0.0,11.43,100,maynas_persiann_cdr_2012_2023.zip,CDR_20221209z.asc,True,1.0,2022-12-04
2022-12-10,6.3705,0.0,15.01,100,maynas_persiann_cdr_2012_2023.zip,CDR_20221210z.asc,True,1.0,2022-12-04
2022-12-11,5.0562,1.44,20.81,100,maynas_persiann_cdr_2012_2023.zip,CDR_20221211z.asc,True,1.0,2022-12-11
2022-12-12,8.6765,1.79,18.41,100,maynas_persiann_cdr_2012_2023.zip,CDR_20221212z.asc,True,1.0,2022-12-11
2022-12-13,17.7385,4.3,39.08,100,maynas_persiann_cdr_2012_2023.zip,CDR_20221213z.asc,True,1.0,2022-12-11
2022-12-14,1.5841999999999998,0.0,19.14,100,maynas_persiann_cdr_2012_2023.zip,CDR_20221214z.asc,True,1.0,2022-12-11
2022-12-15,2.9992,0.0,18.66,100,maynas_persiann_cdr_2012_2023.zip,CDR_20221215z.asc,True,1.0,2022-12-11
2022-12-16,7.520599999999999,0.53,25.98,100,maynas_persiann_cdr_2012_2023.zip,CDR_20221216z.asc,True,1.0,2022-12-11
2022-12-17,21.004699999999993,1.59,40.78,100,maynas_persiann_cdr_2012_2023.zip,CDR_20221217z.asc,True,1.0,2022-12-11
2022-12-18,2.4072,0.0,15.81,100,maynas_persiann_cdr_2012_2023.zip,CDR_20221218z.asc,True,1.0,2022-12-18
2022-12-19,5.8054,0.0,15.82,100,maynas_persiann_cdr_2012_2023.zip,CDR_20221219z.asc,True,1.0,2022-12-18
2022-12-20,15.855700000000002,4.98,35.39,100,maynas_persiann_cdr_2012_2023.zip,CDR_20221220z.asc,True,1.0,2022-12-18
2022-12-21,5.530999999999999,0.46,15.74,100,maynas_persiann_cdr_2012_2023.zip,CDR_20221221z.asc,True,1.0,2022-12-18
2022-12-22,7.891800000000001,0.44,24.03,100,maynas_persiann_cdr_2012_2023.zip,CDR_20221222z.asc,True,1.0,2022-12-18
2022-12-23,3.0271000000000003,0.0,15.92,100,maynas_persiann_cdr_2012_2023.zip,CDR_20221223z.asc,True,1.0,2022-12-18
2022-12-24,2.1017,0.0,12.16,100,maynas_persiann_cdr_2012_2023.zip,CDR_20221224z.asc,True,1.0,2022-12-18
2022-12-25,0.011,0.0,0.69,100,maynas_persiann_cdr_2012_2023.zip,CDR_20221225z.asc,True,0.0,2022-12-25
2022-12-26,1.8311999999999997,0.0,11.49,100,maynas_persiann_cdr_2012_2023.zip,CDR_20221226z.asc,True,1.0,2022-12-25
2022-12-27,0.21100000000000002,0.0,1.93,100,maynas_persiann_cdr_2012_2023.zip,CDR_20221227z.asc,True,0.0,2022-12-25
2022-12-28,0.807,0.0,5.96,100,maynas_persiann_cdr_2012_2023.zip,CDR_20221228z.asc,True,0.0,2022-12-25
2022-12-29,2.6672999999999996,0.0,10.67,100,maynas_persiann_cdr_2012_2023.zip,CDR_20221229z.asc,True,1.0,2022-12-25
2022-12-30,4.2244,0.0,17.23,100,maynas_persiann_cdr_2012_2023.zip,CDR_20221230z.asc,True,1.0,2022-12-25
2022-12-31,16.2563,5.63,33.26,100,maynas_persiann_cdr_2012_2023.zip,CDR_20221231z.asc,True,1.0,2022-12-25
2023-01-01,9.5507,1.91,25.58,100,maynas_persiann_cdr_2012_2023.zip,CDR_20230101z.asc,True,1.0,2023-01-01
2023-01-02,15.4603,4.99,26.85,100,maynas_persiann_cdr_2012_2023.zip,CDR_20230102z.asc,True,1.0,2023-01-01
2023-01-03,2.5608,0.0,18.47,100,maynas_persiann_cdr_2012_2023.zip,CDR_20230103z.asc,True,1.0,2023-01-01
2023-01-04,1.8576,0.0,11.18,100,maynas_persiann_cdr_2012_2023.zip,CDR_20230104z.asc,True,1.0,2023-01-01
2023-01-05,2.2672000000000003,0.0,11.89,100,maynas_persiann_cdr_2012_2023.zip,CDR_20230105z.asc,True,1.0,2023-01-01
2023-01-06,14.2215,2.62,29.66,100,maynas_persiann_cdr_2012_2023.zip,CDR_20230106z.asc,True,1.0,2023-01-01
2023-01-07,30.0154,14.54,48.93,100,maynas_persiann_cdr_2012_2023.zip,CDR_20230107z.asc,True,1.0,2023-01-01
2023-01-08,3.1731000000000007,0.0,14.27,100,maynas_persiann_cdr_2012_2023.zip,CDR_20230108z.asc,True,1.0,2023-01-08
2023-01-09,3.2067000000000005,0.0,17.37,100,maynas_persiann_cdr_2012_2023.zip,CDR_20230109z.asc,True,1.0,2023-01-08
2023-01-10,5.6392,0.44,19.54,100,maynas_persiann_cdr_2012_2023.zip,CDR_20230110z.asc,True,1.0,2023-01-08
2023-01-11,24.3472,10.16,62.83,100,maynas_persiann_cdr_2012_2023.zip,CDR_20230111z.asc,True,1.0,2023-01-08
2023-01-12,16.3086,2.93,44.2,100,maynas_persiann_cdr_2012_2023.zip,CDR_20230112z.asc,True,1.0,2023-01-08
2023-01-13,2.6911,0.0,20.45,100,maynas_persiann_cdr_2012_2023.zip,CDR_20230113z.asc,True,1.0,2023-01-08
2023-01-14,8.1625,0.0,31.01,100,maynas_persiann_cdr_2012_2023.zip,CDR_20230114z.asc,True,1.0,2023-01-08
2023-01-15,26.914500000000007,8.11,48.75,100,maynas_persiann_cdr_2012_2023.zip,CDR_20230115z.asc,True,1.0,2023-01-15
2023-01-16,12.621400000000001,1.73,36.84,100,maynas_persiann_cdr_2012_2023.zip,CDR_20230116z.asc,True,1.0,2023-01-15
2023-01-17,10.918200000000002,3.14,26.73,100,maynas_persiann_cdr_2012_2023.zip,CDR_20230117z.asc,True,1.0,2023-01-15
2023-01-18,19.3279,0.6,53.04,100,maynas_persiann_cdr_2012_2023.zip,CDR_20230118z.asc,True,1.0,2023-01-15
2023-01-19,22.194300000000002,8.58,52.95,100,maynas_persiann_cdr_2012_2023.zip,CDR_20230119z.asc,True,1.0,2023-01-15
2023-01-20,9.1259,0.46,30.3,100,maynas_persiann_cdr_2012_2023.zip,CDR_20230120z.asc,True,1.0,2023-01-15
2023-01-21,3.0347000000000004,0.0,17.85,100,maynas_persiann_cdr_2012_2023.zip,CDR_20230121z.asc,True,1.0,2023-01-15
2023-01-22,2.6818,0.0,10.96,100,maynas_persiann_cdr_2012_2023.zip,CDR_20230122z.asc,True,1.0,2023-01-22
2023-01-23,6.090199999999999,0.0,20.18,100,maynas_persiann_cdr_2012_2023.zip,CDR_20230123z.asc,True,1.0,2023-01-22
2023-01-24,19.8089,2.16,43.57,100,maynas_persiann_cdr_2012_2023.zip,CDR_20230124z.asc,True,1.0,2023-01-22
2023-01-25,1.7509000000000001,0.0,14.81,100,maynas_persiann_cdr_2012_2023.zip,CDR_20230125z.asc,True,1.0,2023-01-22
2023-01-26,2.1379,0.0,14.81,100,maynas_persiann_cdr_2012_2023.zip,CDR_20230126z.asc,True,1.0,2023-01-22
2023-01-27,0.5411,0.0,4.39,100,maynas_persiann_cdr_2012_2023.zip,CDR_20230127z.asc,True,0.0,2023-01-22
2023-01-28,1.3194,0.0,10.18,100,maynas_persiann_cdr_2012_2023.zip,CDR_20230128z.asc,True,1.0,2023-01-22
2023-01-29,1.5151000000000001,0.0,9.93,100,maynas_persiann_cdr_2012_2023.zip,CDR_20230129z.asc,True,1.0,2023-01-29
2023-01-30,0.4876,0.0,3.5,100,maynas_persiann_cdr_2012_2023.zip,CDR_20230130z.asc,True,0.0,2023-01-29
2023-01-31,0.6245,0.0,6.85,100,maynas_persiann_cdr_2012_2023.zip,CDR_20230131z.asc,True,0.0,2023-01-29
2023-02-01,2.8554000000000004,0.0,38.84,100,maynas_persiann_cdr_2012_2023.zip,CDR_20230201z.asc,True,1.0,2023-01-29
2023-02-02,0.3439,0.0,3.47,100,maynas_persiann_cdr_2012_2023.zip,CDR_20230202z.asc,True,0.0,2023-01-29
2023-02-03,0.7601,0.0,9.62,100,maynas_persiann_cdr_2012_2023.zip,CDR_20230203z.asc,True,0.0,2023-01-29
2023-02-04,0.08349999999999999,0.0,1.48,100,maynas_persiann_cdr_2012_2023.zip,CDR_20230204z.asc,True,0.0,2023-01-29
2023-02-05,0.4294,0.0,4.26,100,maynas_persiann_cdr_2012_2023.zip,CDR_20230205z.asc,True,0.0,2023-02-05
2023-02-06,0.16980000000000003,0.0,1.87,100,maynas_persiann_cdr_2012_2023.zip,CDR_20230206z.asc,True,0.0,2023-02-05
2023-02-07,0.5762999999999999,0.0,15.62,100,maynas_persiann_cdr_2012_2023.zip,CDR_20230207z.asc,True,0.0,2023-02-05
2023-02-08,6.022300000000001,0.0,23.67,100,maynas_persiann_cdr_2012_2023.zip,CDR_20230208z.asc,True,1.0,2023-02-05
2023-02-09,5.600300000000001,0.0,21.85,100,maynas_persiann_cdr_2012_2023.zip,CDR_20230209z.asc,True,1.0,2023-02-05
2023-02-10,10.182099999999998,0.0,31.14,100,maynas_persiann_cdr_2012_2023.zip,CDR_20230210z.asc,True,1.0,2023-02-05
2023-02-11,0.8632,0.0,3.75,100,maynas_persiann_cdr_2012_2023.zip,CDR_20230211z.asc,True,0.0,2023-02-05
2023-02-12,10.607899999999999,1.07,23.32,100,maynas_persiann_cdr_2012_2023.zip,CDR_20230212z.asc,True,1.0,2023-02-12
2023-02-13,11.729099999999999,2.69,44.7,100,maynas_persiann_cdr_2012_2023.zip,CDR_20230213z.asc,True,1.0,2023-02-12
2023-02-14,13.8653,0.71,35.77,100,maynas_persiann_cdr_2012_2023.zip,CDR_20230214z.asc,True,1.0,2023-02-12
2023-02-15,27.269899999999996,2.44,65.84,100,maynas_persiann_cdr_2012_2023.zip,CDR_20230215z.asc,True,1.0,2023-02-12
2023-02-16,16.8659,2.54,49.11,100,maynas_persiann_cdr_2012_2023.zip,CDR_20230216z.asc,True,1.0,2023-02-12
2023-02-17,2.0028,0.0,7.17,100,maynas_persiann_cdr_2012_2023.zip,CDR_20230217z.asc,True,1.0,2023-02-12
2023-02-18,3.8878000000000004,0.0,25.7,100,maynas_persiann_cdr_2012_2023.zip,CDR_20230218z.asc,True,1.0,2023-02-12
2023-02-19,3.7625999999999995,0.0,21.02,100,maynas_persiann_cdr_2012_2023.zip,CDR_20230219z.asc,True,1.0,2023-02-19
2023-02-20,0.37980000000000014,0.0,2.89,100,maynas_persiann_cdr_2012_2023.zip,CDR_20230220z.asc,True,0.0,2023-02-19
2023-02-21,1.5038,0.0,6.13,100,maynas_persiann_cdr_2012_2023.zip,CDR_20230221z.asc,True,1.0,2023-02-19
2023-02-22,4.5162,0.0,23.39,100,maynas_persiann_cdr_2012_2023.zip,CDR_20230222z.asc,True,1.0,2023-02-19
2023-02-23,18.288800000000002,1.46,52.99,100,maynas_persiann_cdr_2012_2023.zip,CDR_20230223z.asc,True,1.0,2023-02-19
2023-02-24,11.113700000000001,0.0,76.09,100,maynas_persiann_cdr_2012_2023.zip,CDR_20230224z.asc,True,1.0,2023-02-19
2023-02-25,6.463099999999998,0.0,21.15,100,maynas_persiann_cdr_2012_2023.zip,CDR_20230225z.asc,True,1.0,2023-02-19
2023-02-26,9.771899999999999,0.0,24.55,100,maynas_persiann_cdr_2012_2023.zip,CDR_20230226z.asc,True,1.0,2023-02-26
2023-02-27,10.4197,0.0,33.24,100,maynas_persiann_cdr_2012_2023.zip,CDR_20230227z.asc,True,1.0,2023-02-26
2023-02-28,26.943599999999996,2.68,81.2,100,maynas_persiann_cdr_2012_2023.zip,CDR_20230228z.asc,True,1.0,2023-02-26
2023-03-01,4.2163,0.0,15.71,100,maynas_persiann_cdr_2012_2023.zip,CDR_20230301z.asc,True,1.0,2023-02-26
2023-03-02,10.871200000000002,1.58,24.76,100,maynas_persiann_cdr_2012_2023.zip,CDR_20230302z.asc,True,1.0,2023-02-26
2023-03-03,6.8416999999999994,0.47,17.13,100,maynas_persiann_cdr_2012_2023.zip,CDR_20230303z.asc,True,1.0,2023-02-26
2023-03-04,8.5834,1.77,28.19,100,maynas_persiann_cdr_2012_2023.zip,CDR_20230304z.asc,True,1.0,2023-02-26
2023-03-05,5.710899999999999,0.0,29.09,100,maynas_persiann_cdr_2012_2023.zip,CDR_20230305z.asc,True,1.0,2023-03-05
2023-03-06,22.015299999999993,10.69,42.3,100,maynas_persiann_cdr_2012_2023.zip,CDR_20230306z.asc,True,1.0,2023-03-05
2023-03-07,2.6954000000000002,0.0,15.06,100,maynas_persiann_cdr_2012_2023.zip,CDR_20230307z.asc,True,1.0,2023-03-05
2023-03-08,6.002300000000002,0.0,24.56,100,maynas_persiann_cdr_2012_2023.zip,CDR_20230308z.asc,True,1.0,2023-03-05
2023-03-09,5.819799999999999,0.39,30.36,100,maynas_persiann_cdr_2012_2023.zip,CDR_20230309z.asc,True,1.0,2023-03-05
2023-03-10,21.0275,5.63,53.99,100,maynas_persiann_cdr_2012_2023.zip,CDR_20230310z.asc,True,1.0,2023-03-05
2023-03-11,12.657,1.66,33.03,100,maynas_persiann_cdr_2012_2023.zip,CDR_20230311z.asc,True,1.0,2023-03-05
2023-03-12,14.8825,5.93,27.24,100,maynas_persiann_cdr_2012_2023.zip,CDR_20230312z.asc,True,1.0,2023-03-12
2023-03-13,4.0635,0.39,10.91,100,maynas_persiann_cdr_2012_2023.zip,CDR_20230313z.asc,True,1.0,2023-03-12
2023-03-14,7.128299999999999,0.0,27.07,100,maynas_persiann_cdr_2012_2023.zip,CDR_20230314z.asc,True,1.0,2023-03-12
2023-03-15,19.1597,4.08,48.58,100,maynas_persiann_cdr_2012_2023.zip,CDR_20230315z.asc,True,1.0,2023-03-12
2023-03-16,0.5411,0.0,5.67,100,maynas_persiann_cdr_2012_2023.zip,CDR_20230316z.asc,True,0.0,2023-03-12
2023-03-17,0.046799999999999994,0.0,0.96,100,maynas_persiann_cdr_2012_2023.zip,CDR_20230317z.asc,True,0.0,2023-03-12
2023-03-18,5.9555,0.0,17.47,100,maynas_persiann_cdr_2012_2023.zip,CDR_20230318z.asc,True,1.0,2023-03-12
2023-03-19,27.6157,14.07,60.26,100,maynas_persiann_cdr_2012_2023.zip,CDR_20230319z.asc,True,1.0,2023-03-19
2023-03-20,4.5394,0.0,20.74,100,maynas_persiann_cdr_2012_2023.zip,CDR_20230320z.asc,True,1.0,2023-03-19
2023-03-21,0.9359999999999999,0.0,10.49,100,maynas_persiann_cdr_2012_2023.zip,CDR_20230321z.asc,True,0.0,2023-03-19
2023-03-22,0.1725,0.0,1.53,100,maynas_persiann_cdr_2012_2023.zip,CDR_20230322z.asc,True,0.0,2023-03-19
2023-03-23,0.3628,0.0,4.57,100,maynas_persiann_cdr_2012_2023.zip,CDR_20230323z.asc,True,0.0,2023-03-19
2023-03-24,5.580299999999999,0.0,18.79,100,maynas_persiann_cdr_2012_2023.zip,CDR_20230324z.asc,True,1.0,2023-03-19
2023-03-25,14.033199999999999,0.0,44.3,100,maynas_persiann_cdr_2012_2023.zip,CDR_20230325z.asc,True,1.0,2023-03-19
2023-03-26,10.5869,2.62,27.31,100,maynas_persiann_cdr_2012_2023.zip,CDR_20230326z.asc,True,1.0,2023-03-26
2023-03-27,4.6516,0.0,12.28,100,maynas_persiann_cdr_2012_2023.zip,CDR_20230327z.asc,True,1.0,2023-03-26
2023-03-28,6.3777,0.0,34.96,100,maynas_persiann_cdr_2012_2023.zip,CDR_20230328z.asc,True,1.0,2023-03-26
2023-03-29,3.8602,0.0,17.32,100,maynas_persiann_cdr_2012_2023.zip,CDR_20230329z.asc,True,1.0,2023-03-26
2023-03-30,3.6436,0.0,17.52,100,maynas_persiann_cdr_2012_2023.zip,CDR_20230330z.asc,True,1.0,2023-03-26
2023-03-31,21.483,7.29,42.82,100,maynas_persiann_cdr_2012_2023.zip,CDR_20230331z.asc,True,1.0,2023-03-26
2023-04-01,4.4645,0.0,23.22,100,maynas_persiann_cdr_2012_2023.zip,CDR_20230401z.asc,True,1.0,2023-03-26
2023-04-02,13.127399999999996,3.33,26.06,100,maynas_persiann_cdr_2012_2023.zip,CDR_20230402z.asc,True,1.0,2023-04-02
2023-04-03,1.5487,0.0,9.49,100,maynas_persiann_cdr_2012_2023.zip,CDR_20230403z.asc,True,1.0,2023-04-02
2023-04-04,8.1052,0.0,31.9,100,maynas_persiann_cdr_2012_2023.zip,CDR_20230404z.asc,True,1.0,2023-04-02
2023-04-05,15.689300000000003,0.77,34.15,100,maynas_persiann_cdr_2012_2023.zip,CDR_20230405z.asc,True,1.0,2023-04-02
2023-04-06,12.771299999999998,2.33,32.12,100,maynas_persiann_cdr_2012_2023.zip,CDR_20230406z.asc,True,1.0,2023-04-02
2023-04-07,20.022399999999998,3.9,60.6,100,maynas_persiann_cdr_2012_2023.zip,CDR_20230407z.asc,True,1.0,2023-04-02
2023-04-08,16.6005,2.73,42.9,100,maynas_persiann_cdr_2012_2023.zip,CDR_20230408z.asc,True,1.0,2023-04-02
2023-04-09,3.6281000000000008,0.43,16.25,100,maynas_persiann_cdr_2012_2023.zip,CDR_20230409z.asc,True,1.0,2023-04-09
2023-04-10,1.7073000000000003,0.0,11.26,100,maynas_persiann_cdr_2012_2023.zip,CDR_20230410z.asc,True,1.0,2023-04-09
2023-04-11,3.2242999999999995,0.0,22.42,100,maynas_persiann_cdr_2012_2023.zip,CDR_20230411z.asc,True,1.0,2023-04-09
2023-04-12,2.8867999999999996,0.0,12.22,100,maynas_persiann_cdr_2012_2023.zip,CDR_20230412z.asc,True,1.0,2023-04-09
2023-04-13,10.435799999999999,0.51,38.25,100,maynas_persiann_cdr_2012_2023.zip,CDR_20230413z.asc,True,1.0,2023-04-09
2023-04-14,13.582300000000002,2.91,36.0,100,maynas_persiann_cdr_2012_2023.zip,CDR_20230414z.asc,True,1.0,2023-04-09
2023-04-15,26.3481,4.94,49.33,100,maynas_persiann_cdr_2012_2023.zip,CDR_20230415z.asc,True,1.0,2023-04-09
2023-04-16,9.360199999999999,2.79,24.59,100,maynas_persiann_cdr_2012_2023.zip,CDR_20230416z.asc,True,1.0,2023-04-16
2023-04-17,8.0321,1.79,22.96,100,maynas_persiann_cdr_2012_2023.zip,CDR_20230417z.asc,True,1.0,2023-04-16
2023-04-18,10.283300000000002,0.0,40.56,100,maynas_persiann_cdr_2012_2023.zip,CDR_20230418z.asc,True,1.0,2023-04-16
2023-04-19,7.4506000000000006,0.0,25.13,100,maynas_persiann_cdr_2012_2023.zip,CDR_20230419z.asc,True,1.0,2023-04-16
2023-04-20,31.9371,6.28,69.39,100,maynas_persiann_cdr_2012_2023.zip,CDR_20230420z.asc,True,1.0,2023-04-16
2023-04-21,35.27079999999999,15.29,60.15,100,maynas_persiann_cdr_2012_2023.zip,CDR_20230421z.asc,True,1.0,2023-04-16
2023-04-22,1.8830999999999998,0.0,8.69,100,maynas_persiann_cdr_2012_2023.zip,CDR_20230422z.asc,True,1.0,2023-04-16
2023-04-23,16.6994,0.0,56.66,100,maynas_persiann_cdr_2012_2023.zip,CDR_20230423z.asc,True,1.0,2023-04-23
2023-04-24,28.4373,11.6,53.17,100,maynas_persiann_cdr_2012_2023.zip,CDR_20230424z.asc,True,1.0,2023-04-23
2023-04-25,2.029,0.0,11.73,100,maynas_persiann_cdr_2012_2023.zip,CDR_20230425z.asc,True,1.0,2023-04-23
2023-04-26,8.7406,1.2,22.69,100,maynas_persiann_cdr_2012_2023.zip,CDR_20230426z.asc,True,1.0,2023-04-23
2023-04-27,9.491100000000001,2.18,24.96,100,maynas_persiann_cdr_2012_2023.zip,CDR_20230427z.asc,True,1.0,2023-04-23
2023-04-28,3.0244999999999997,0.0,30.8,100,maynas_persiann_cdr_2012_2023.zip,CDR_20230428z.asc,True,1.0,2023-04-23
2023-04-29,0.4611999999999999,0.0,3.68,100,maynas_persiann_cdr_2012_2023.zip,CDR_20230429z.asc,True,0.0,2023-04-23
2023-04-30,8.4151,2.57,35.19,100,maynas_persiann_cdr_2012_2023.zip,CDR_20230430z.asc,True,1.0,2023-04-30
2023-05-01,10.0287,0.0,35.13,100,maynas_persiann_cdr_2012_2023.zip,CDR_20230501z.asc,True,1.0,2023-04-30
2023-05-02,13.8104,2.65,43.9,100,maynas_persiann_cdr_2012_2023.zip,CDR_20230502z.asc,True,1.0,2023-04-30
2023-05-03,8.7711,0.0,46.47,100,maynas_persiann_cdr_2012_2023.zip,CDR_20230503z.asc,True,1.0,2023-04-30
2023-05-04,4.0173000000000005,0.0,19.29,100,maynas_persiann_cdr_2012_2023.zip,CDR_20230504z.asc,True,1.0,2023-04-30
2023-05-05,2.9563,0.0,24.68,100,maynas_persiann_cdr_2012_2023.zip,CDR_20230505z.asc,True,1.0,2023-04-30
2023-05-06,17.2385,2.61,44.91,100,maynas_persiann_cdr_2012_2023.zip,CDR_20230506z.asc,True,1.0,2023-04-30
2023-05-07,3.9345,0.0,16.13,100,maynas_persiann_cdr_2012_2023.zip,CDR_20230507z.asc,True,1.0,2023-05-07
2023-05-08,13.113199999999999,0.0,38.24,100,maynas_persiann_cdr_2012_2023.zip,CDR_20230508z.asc,True,1.0,2023-05-07
2023-05-09,2.1171999999999995,0.0,15.79,100,maynas_persiann_cdr_2012_2023.zip,CDR_20230509z.asc,True,1.0,2023-05-07
2023-05-10,1.224,0.0,16.44,100,maynas_persiann_cdr_2012_2023.zip,CDR_20230510z.asc,True,1.0,2023-05-07
2023-05-11,6.052900000000001,0.0,35.71,100,maynas_persiann_cdr_2012_2023.zip,CDR_20230511z.asc,True,1.0,2023-05-07
2023-05-12,8.6104,0.0,25.67,100,maynas_persiann_cdr_2012_2023.zip,CDR_20230512z.asc,True,1.0,2023-05-07
2023-05-13,6.9695,0.96,20.43,100,maynas_persiann_cdr_2012_2023.zip,CDR_20230513z.asc,True,1.0,2023-05-07
2023-05-14,29.7544,1.43,75.1,100,maynas_persiann_cdr_2012_2023.zip,CDR_20230514z.asc,True,1.0,2023-05-14
2023-05-15,21.1846,1.62,54.4,100,maynas_persiann_cdr_2012_2023.zip,CDR_20230515z.asc,True,1.0,2023-05-14
2023-05-16,2.9621000000000004,0.0,20.14,100,maynas_persiann_cdr_2012_2023.zip,CDR_20230516z.asc,True,1.0,2023-05-14
2023-05-17,1.8444,0.0,8.48,100,maynas_persiann_cdr_2012_2023.zip,CDR_20230517z.asc,True,1.0,2023-05-14
2023-05-18,3.9476999999999998,0.0,27.34,100,maynas_persiann_cdr_2012_2023.zip,CDR_20230518z.asc,True,1.0,2023-05-14
2023-05-19,13.5025,0.0,50.19,100,maynas_persiann_cdr_2012_2023.zip,CDR_20230519z.asc,True,1.0,2023-05-14
2023-05-20,16.820999999999998,1.55,49.32,100,maynas_persiann_cdr_2012_2023.zip,CDR_20230520z.asc,True,1.0,2023-05-14
2023-05-21,5.785600000000001,0.0,35.45,100,maynas_persiann_cdr_2012_2023.zip,CDR_20230521z.asc,True,1.0,2023-05-21
2023-05-22,9.7657,0.0,38.21,100,maynas_persiann_cdr_2012_2023.zip,CDR_20230522z.asc,True,1.0,2023-05-21
2023-05-23,21.072400000000002,1.4,76.19,100,maynas_persiann_cdr_2012_2023.zip,CDR_20230523z.asc,True,1.0,2023-05-21
2023-05-24,30.777700000000003,10.71,59.81,100,maynas_persiann_cdr_2012_2023.zip,CDR_20230524z.asc,True,1.0,2023-05-21
2023-05-25,2.2041999999999997,0.0,10.56,100,maynas_persiann_cdr_2012_2023.zip,CDR_20230525z.asc,True,1.0,2023-05-21
2023-05-26,6.409199999999999,0.0,22.63,100,maynas_persiann_cdr_2012_2023.zip,CDR_20230526z.asc,True,1.0,2023-05-21
2023-05-27,12.4394,0.0,45.54,100,maynas_persiann_cdr_2012_2023.zip,CDR_20230527z.asc,True,1.0,2023-05-21
2023-05-28,24.4624,3.7,60.08,100,maynas_persiann_cdr_2012_2023.zip,CDR_20230528z.asc,True,1.0,2023-05-28
2023-05-29,11.9383,0.0,49.41,100,maynas_persiann_cdr_2012_2023.zip,CDR_20230529z.asc,True,1.0,2023-05-28
2023-05-30,7.496800000000002,0.0,30.46,100,maynas_persiann_cdr_2012_2023.zip,CDR_20230530z.asc,True,1.0,2023-05-28
2023-05-31,23.429199999999994,1.35,66.87,100,maynas_persiann_cdr_2012_2023.zip,CDR_20230531z.asc,True,1.0,2023-05-28
2023-06-01,19.6804,0.0,48.16,100,maynas_persiann_cdr_2012_2023.zip,CDR_20230601z.asc,True,1.0,2023-05-28
2023-06-02,14.093000000000002,0.0,43.69,100,maynas_persiann_cdr_2012_2023.zip,CDR_20230602z.asc,True,1.0,2023-05-28
2023-06-03,3.0625,0.0,24.54,100,maynas_persiann_cdr_2012_2023.zip,CDR_20230603z.asc,True,1.0,2023-05-28
2023-06-04,4.297700000000001,0.0,18.14,100,maynas_persiann_cdr_2012_2023.zip,CDR_20230604z.asc,True,1.0,2023-06-04
2023-06-05,10.057299999999998,0.0,32.15,100,maynas_persiann_cdr_2012_2023.zip,CDR_20230605z.asc,True,1.0,2023-06-04
2023-06-06,13.6799,3.0,32.34,100,maynas_persiann_cdr_2012_2023.zip,CDR_20230606z.asc,True,1.0,2023-06-04
2023-06-07,3.9159999999999995,0.0,17.64,100,maynas_persiann_cdr_2012_2023.zip,CDR_20230607z.asc,True,1.0,2023-06-04
2023-06-08,3.5457,0.0,36.22,100,maynas_persiann_cdr_2012_2023.zip,CDR_20230608z.asc,True,1.0,2023-06-04
2023-06-09,10.3472,0.0,46.16,100,maynas_persiann_cdr_2012_2023.zip,CDR_20230609z.asc,True,1.0,2023-06-04
2023-06-10,17.3963,1.08,50.39,100,maynas_persiann_cdr_2012_2023.zip,CDR_20230610z.asc,True,1.0,2023-06-04
2023-06-11,9.4427,0.0,32.09,100,maynas_persiann_cdr_2012_2023.zip,CDR_20230611z.asc,True,1.0,2023-06-11
2023-06-12,12.152300000000002,1.01,39.53,100,maynas_persiann_cdr_2012_2023.zip,CDR_20230612z.asc,True,1.0,2023-06-11
2023-06-13,7.088599999999999,0.0,28.41,100,maynas_persiann_cdr_2012_2023.zip,CDR_20230613z.asc,True,1.0,2023-06-11
2023-06-14,4.3777,0.0,31.16,100,maynas_persiann_cdr_2012_2023.zip,CDR_20230614z.asc,True,1.0,2023-06-11
2023-06-15,0.0944,0.0,1.68,100,maynas_persiann_cdr_2012_2023.zip,CDR_20230615z.asc,True,0.0,2023-06-11
2023-06-16,0.0,0.0,0.0,100,maynas_persiann_cdr_2012_2023.zip,CDR_20230616z.asc,True,0.0,2023-06-11
2023-06-17,0.0,0.0,0.0,100,maynas_persiann_cdr_2012_2023.zip,CDR_20230617z.asc,True,0.0,2023-06-11
2023-06-18,0.0,0.0,0.0,100,maynas_persiann_cdr_2012_2023.zip,CDR_20230618z.asc,True,0.0,2023-06-18
2023-06-19,0.0,0.0,0.0,100,maynas_persiann_cdr_2012_2023.zip,CDR_20230619z.asc,True,0.0,2023-06-18
2023-06-20,0.0,0.0,0.0,100,maynas_persiann_cdr_2012_2023.zip,CDR_20230620z.asc,True,0.0,2023-06-18
2023-06-21,0.2966,0.0,2.85,100,maynas_persiann_cdr_2012_2023.zip,CDR_20230621z.asc,True,0.0,2023-06-18
2023-06-22,1.106,0.0,15.43,100,maynas_persiann_cdr_2012_2023.zip,CDR_20230622z.asc,True,1.0,2023-06-18
2023-06-23,3.1329999999999996,0.0,15.27,100,maynas_persiann_cdr_2012_2023.zip,CDR_20230623z.asc,True,1.0,2023-06-18
2023-06-24,21.75,1.78,55.64,100,maynas_persiann_cdr_2012_2023.zip,CDR_20230624z.asc,True,1.0,2023-06-18
2023-06-25,22.877000000000006,4.34,57.72,100,maynas_persiann_cdr_2012_2023.zip,CDR_20230625z.asc,True,1.0,2023-06-25
2023-06-26,7.5793,0.0,24.55,100,maynas_persiann_cdr_2012_2023.zip,CDR_20230626z.asc,True,1.0,2023-06-25
2023-06-27,3.5107999999999993,0.0,18.16,100,maynas_persiann_cdr_2012_2023.zip,CDR_20230627z.asc,True,1.0,2023-06-25
2023-06-28,13.062999999999997,0.0,57.11,100,maynas_persiann_cdr_2012_2023.zip,CDR_20230628z.asc,True,1.0,2023-06-25
2023-06-29,10.4659,0.0,38.7,100,maynas_persiann_cdr_2012_2023.zip,CDR_20230629z.asc,True,1.0,2023-06-25
2023-06-30,10.260299999999999,0.0,44.03,100,maynas_persiann_cdr_2012_2023.zip,CDR_20230630z.asc,True,1.0,2023-06-25
2023-07-01,1.1320000000000001,0.0,9.89,100,maynas_persiann_cdr_2012_2023.zip,CDR_20230701z.asc,True,1.0,2023-06-25
2023-07-02,0.31920000000000004,0.0,5.21,100,maynas_persiann_cdr_2012_2023.zip,CDR_20230702z.asc,True,0.0,2023-07-02
2023-07-03,0.14659999999999998,0.0,2.52,100,maynas_persiann_cdr_2012_2023.zip,CDR_20230703z.asc,True,0.0,2023-07-02
2023-07-04,5.6107000000000005,0.0,33.19,100,maynas_persiann_cdr_2012_2023.zip,CDR_20230704z.asc,True,1.0,2023-07-02
2023-07-05,5.5723,0.0,27.57,100,maynas_persiann_cdr_2012_2023.zip,CDR_20230705z.asc,True,1.0,2023-07-02
2023-07-06,8.183,0.0,45.02,100,maynas_persiann_cdr_2012_2023.zip,CDR_20230706z.asc,True,1.0,2023-07-02
2023-07-07,5.5783000000000005,0.0,43.09,100,maynas_persiann_cdr_2012_2023.zip,CDR_20230707z.asc,True,1.0,2023-07-02
2023-07-08,16.183899999999998,0.0,85.51,100,maynas_persiann_cdr_2012_2023.zip,CDR_20230708z.asc,True,1.0,2023-07-02
2023-07-09,30.812600000000003,0.0,75.48,100,maynas_persiann_cdr_2012_2023.zip,CDR_20230709z.asc,True,1.0,2023-07-09
2023-07-10,10.8177,0.0,44.52,100,maynas_persiann_cdr_2012_2023.zip,CDR_20230710z.asc,True,1.0,2023-07-09
2023-07-11,9.116000000000001,0.0,32.96,100,maynas_persiann_cdr_2012_2023.zip,CDR_20230711z.asc,True,1.0,2023-07-09
2023-07-12,0.2905,0.0,8.52,100,maynas_persiann_cdr_2012_2023.zip,CDR_20230712z.asc,True,0.0,2023-07-09
2023-07-13,2.5342000000000002,0.0,21.34,100,maynas_persiann_cdr_2012_2023.zip,CDR_20230713z.asc,True,1.0,2023-07-09
2023-07-14,12.1301,0.0,55.67,100,maynas_persiann_cdr_2012_2023.zip,CDR_20230714z.asc,True,1.0,2023-07-09
2023-07-15,2.1974,0.0,10.48,100,maynas_persiann_cdr_2012_2023.zip,CDR_20230715z.asc,True,1.0,2023-07-09
2023-07-16,6.4045000000000005,0.0,32.49,100,maynas_persiann_cdr_2012_2023.zip,CDR_20230716z.asc,True,1.0,2023-07-16
2023-07-17,7.322599999999999,0.0,43.72,100,maynas_persiann_cdr_2012_2023.zip,CDR_20230717z.asc,True,1.0,2023-07-16
2023-07-18,3.1889999999999996,0.0,30.73,100,maynas_persiann_cdr_2012_2023.zip,CDR_20230718z.asc,True,1.0,2023-07-16
2023-07-19,42.7917,5.37,103.33,100,maynas_persiann_cdr_2012_2023.zip,CDR_20230719z.asc,True,1.0,2023-07-16
2023-07-20,2.1232,0.0,13.39,100,maynas_persiann_cdr_2012_2023.zip,CDR_20230720z.asc,True,1.0,2023-07-16
2023-07-21,1.5227000000000002,0.0,12.19,100,maynas_persiann_cdr_2012_2023.zip,CDR_20230721z.asc,True,1.0,2023-07-16
2023-07-22,1.5029,0.0,9.03,100,maynas_persiann_cdr_2012_2023.zip,CDR_20230722z.asc,True,1.0,2023-07-16
2023-07-23,0.855,0.0,9.83,100,maynas_persiann_cdr_2012_2023.zip,CDR_20230723z.asc,True,0.0,2023-07-23
2023-07-24,3.0237999999999996,0.0,22.89,100,maynas_persiann_cdr_2012_2023.zip,CDR_20230724z.asc,True,1.0,2023-07-23
2023-07-25,2.2318,0.0,32.04,100,maynas_persiann_cdr_2012_2023.zip,CDR_20230725z.asc,True,1.0,2023-07-23
2023-07-26,0.7778,0.0,15.83,100,maynas_persiann_cdr_2012_2023.zip,CDR_20230726z.asc,True,0.0,2023-07-23
2023-07-27,5.4437,0.0,43.96,100,maynas_persiann_cdr_2012_2023.zip,CDR_20230727z.asc,True,1.0,2023-07-23
2023-07-28,31.8856,3.28,69.02,100,maynas_persiann_cdr_2012_2023.zip,CDR_20230728z.asc,True,1.0,2023-07-23
2023-07-29,28.048999999999996,9.67,68.48,100,maynas_persiann_cdr_2012_2023.zip,CDR_20230729z.asc,True,1.0,2023-07-23
2023-07-30,6.5756,0.0,35.66,100,maynas_persiann_cdr_2012_2023.zip,CDR_20230730z.asc,True,1.0,2023-07-30
2023-07-31,5.178499999999999,0.0,21.58,100,maynas_persiann_cdr_2012_2023.zip,CDR_20230731z.asc,True,1.0,2023-07-30
2023-08-01,2.2392999999999996,0.0,9.2,100,maynas_persiann_cdr_2012_2023.zip,CDR_20230801z.asc,True,1.0,2023-07-30
2023-08-02,1.1386,0.0,4.08,100,maynas_persiann_cdr_2012_2023.zip,CDR_20230802z.asc,True,1.0,2023-07-30
2023-08-03,1.1985,0.0,6.87,100,maynas_persiann_cdr_2012_2023.zip,CDR_20230803z.asc,True,1.0,2023-07-30
2023-08-04,2.7958,0.0,16.17,100,maynas_persiann_cdr_2012_2023.zip,CDR_20230804z.asc,True,1.0,2023-07-30
2023-08-05,2.2083,0.0,12.24,100,maynas_persiann_cdr_2012_2023.zip,CDR_20230805z.asc,True,1.0,2023-07-30
2023-08-06,7.9486,1.31,31.43,100,maynas_persiann_cdr_2012_2023.zip,CDR_20230806z.asc,True,1.0,2023-08-06
2023-08-07,7.7253,0.53,18.68,100,maynas_persiann_cdr_2012_2023.zip,CDR_20230807z.asc,True,1.0,2023-08-06
2023-08-08,7.7543999999999995,0.0,27.03,100,maynas_persiann_cdr_2012_2023.zip,CDR_20230808z.asc,True,1.0,2023-08-06
2023-08-09,12.496600000000003,1.66,33.51,100,maynas_persiann_cdr_2012_2023.zip,CDR_20230809z.asc,True,1.0,2023-08-06
2023-08-10,1.5482999999999998,0.0,10.82,100,maynas_persiann_cdr_2012_2023.zip,CDR_20230810z.asc,True,1.0,2023-08-06
2023-08-11,3.9936000000000003,0.0,15.93,100,maynas_persiann_cdr_2012_2023.zip,CDR_20230811z.asc,True,1.0,2023-08-06
2023-08-12,5.700599999999998,0.0,14.58,100,maynas_persiann_cdr_2012_2023.zip,CDR_20230812z.asc,True,1.0,2023-08-06
2023-08-13,4.0194,0.0,22.23,100,maynas_persiann_cdr_2012_2023.zip,CDR_20230813z.asc,True,1.0,2023-08-13
2023-08-14,2.3476,0.0,17.36,100,maynas_persiann_cdr_2012_2023.zip,CDR_20230814z.asc,True,1.0,2023-08-13
2023-08-15,0.0655,0.0,1.27,100,maynas_persiann_cdr_2012_2023.zip,CDR_20230815z.asc,True,0.0,2023-08-13
2023-08-16,0.006999999999999999,0.0,0.7,100,maynas_persiann_cdr_2012_2023.zip,CDR_20230816z.asc,True,0.0,2023-08-13
2023-08-17,0.0,0.0,0.0,100,maynas_persiann_cdr_2012_2023.zip,CDR_20230817z.asc,True,0.0,2023-08-13
2023-08-18,0.0127,0.0,0.65,100,maynas_persiann_cdr_2012_2023.zip,CDR_20230818z.asc,True,0.0,2023-08-13
2023-08-19,2.2698,0.0,30.01,100,maynas_persiann_cdr_2012_2023.zip,CDR_20230819z.asc,True,1.0,2023-08-13
2023-08-20,12.3068,0.0,37.96,100,maynas_persiann_cdr_2012_2023.zip,CDR_20230820z.asc,True,1.0,2023-08-20
2023-08-21,12.315,1.0,45.45,100,maynas_persiann_cdr_2012_2023.zip,CDR_20230821z.asc,True,1.0,2023-08-20
2023-08-22,18.763199999999998,0.51,46.33,100,maynas_persiann_cdr_2012_2023.zip,CDR_20230822z.asc,True,1.0,2023-08-20
2023-08-23,3.7858999999999994,0.0,26.61,100,maynas_persiann_cdr_2012_2023.zip,CDR_20230823z.asc,True,1.0,2023-08-20
2023-08-24,0.9582999999999999,0.0,10.42,100,maynas_persiann_cdr_2012_2023.zip,CDR_20230824z.asc,True,0.0,2023-08-20
2023-08-25,15.915100000000002,3.07,31.12,100,maynas_persiann_cdr_2012_2023.zip,CDR_20230825z.asc,True,1.0,2023-08-20
2023-08-26,0.4109999999999999,0.0,10.84,100,maynas_persiann_cdr_2012_2023.zip,CDR_20230826z.asc,True,0.0,2023-08-20
2023-08-27,6.156599999999998,0.0,23.35,100,maynas_persiann_cdr_2012_2023.zip,CDR_20230827z.asc,True,1.0,2023-08-27
2023-08-28,11.6438,0.0,38.34,100,maynas_persiann_cdr_2012_2023.zip,CDR_20230828z.asc,True,1.0,2023-08-27
2023-08-29,6.049499999999999,0.0,34.99,100,maynas_persiann_cdr_2012_2023.zip,CDR_20230829z.asc,True,1.0,2023-08-27
2023-08-30,4.7345,0.0,15.8,100,maynas_persiann_cdr_2012_2023.zip,CDR_20230830z.asc,True,1.0,2023-08-27
2023-08-31,1.9348,0.0,17.59,100,maynas_persiann_cdr_2012_2023.zip,CDR_20230831z.asc,True,1.0,2023-08-27
2023-09-01,5.0267,0.0,18.72,100,maynas_persiann_cdr_2012_2023.zip,CDR_20230901z.asc,True,1.0,2023-08-27
2023-09-02,5.294599999999999,0.0,21.93,100,maynas_persiann_cdr_2012_2023.zip,CDR_20230902z.asc,True,1.0,2023-08-27
2023-09-03,4.3705,0.0,16.21,100,maynas_persiann_cdr_2012_2023.zip,CDR_20230903z.asc,True,1.0,2023-09-03
2023-09-04,12.930399999999997,0.61,29.98,100,maynas_persiann_cdr_2012_2023.zip,CDR_20230904z.asc,True,1.0,2023-09-03
2023-09-05,19.175,2.98,36.34,100,maynas_persiann_cdr_2012_2023.zip,CDR_20230905z.asc,True,1.0,2023-09-03
2023-09-06,0.0575,0.0,1.55,100,maynas_persiann_cdr_2012_2023.zip,CDR_20230906z.asc,True,0.0,2023-09-03
2023-09-07,0.022400000000000003,0.0,0.51,100,maynas_persiann_cdr_2012_2023.zip,CDR_20230907z.asc,True,0.0,2023-09-03
2023-09-08,1.3285,0.0,9.73,100,maynas_persiann_cdr_2012_2023.zip,CDR_20230908z.asc,True,1.0,2023-09-03
2023-09-09,7.2145,0.0,23.69,100,maynas_persiann_cdr_2012_2023.zip,CDR_20230909z.asc,True,1.0,2023-09-03
2023-09-10,10.4328,3.64,26.73,100,maynas_persiann_cdr_2012_2023.zip,CDR_20230910z.asc,True,1.0,2023-09-10
2023-09-11,0.5168,0.0,4.62,100,maynas_persiann_cdr_2012_2023.zip,CDR_20230911z.asc,True,0.0,2023-09-10
2023-09-12,3.7117,0.0,18.49,100,maynas_persiann_cdr_2012_2023.zip,CDR_20230912z.asc,True,1.0,2023-09-10
2023-09-13,9.8846,1.02,21.42,100,maynas_persiann_cdr_2012_2023.zip,CDR_20230913z.asc,True,1.0,2023-09-10
2023-09-14,15.555200000000003,1.23,28.6,100,maynas_persiann_cdr_2012_2023.zip,CDR_20230914z.asc,True,1.0,2023-09-10
2023-09-15,13.9684,3.08,35.57,100,maynas_persiann_cdr_2012_2023.zip,CDR_20230915z.asc,True,1.0,2023-09-10
2023-09-16,1.3537000000000003,0.0,11.83,100,maynas_persiann_cdr_2012_2023.zip,CDR_20230916z.asc,True,1.0,2023-09-10
2023-09-17,2.0199,0.0,11.75,100,maynas_persiann_cdr_2012_2023.zip,CDR_20230917z.asc,True,1.0,2023-09-17
2023-09-18,3.1332999999999993,0.0,16.19,100,maynas_persiann_cdr_2012_2023.zip,CDR_20230918z.asc,True,1.0,2023-09-17
2023-09-19,3.8367,0.0,18.31,100,maynas_persiann_cdr_2012_2023.zip,CDR_20230919z.asc,True,1.0,2023-09-17
2023-09-20,7.7094000000000005,0.0,25.63,100,maynas_persiann_cdr_2012_2023.zip,CDR_20230920z.asc,True,1.0,2023-09-17
2023-09-21,7.508999999999999,0.78,19.58,100,maynas_persiann_cdr_2012_2023.zip,CDR_20230921z.asc,True,1.0,2023-09-17
2023-09-22,4.5663,0.0,20.06,100,maynas_persiann_cdr_2012_2023.zip,CDR_20230922z.asc,True,1.0,2023-09-17
2023-09-23,8.109,0.0,23.7,100,maynas_persiann_cdr_2012_2023.zip,CDR_20230923z.asc,True,1.0,2023-09-17
2023-09-24,1.4183000000000001,0.0,8.21,100,maynas_persiann_cdr_2012_2023.zip,CDR_20230924z.asc,True,1.0,2023-09-24
2023-09-25,16.229599999999998,4.23,45.7,100,maynas_persiann_cdr_2012_2023.zip,CDR_20230925z.asc,True,1.0,2023-09-24
2023-09-26,2.4526999999999997,0.0,15.05,100,maynas_persiann_cdr_2012_2023.zip,CDR_20230926z.asc,True,1.0,2023-09-24
2023-09-27,6.435200000000001,0.0,22.04,100,maynas_persiann_cdr_2012_2023.zip,CDR_20230927z.asc,True,1.0,2023-09-24
2023-09-28,10.006400000000001,0.78,31.51,100,maynas_persiann_cdr_2012_2023.zip,CDR_20230928z.asc,True,1.0,2023-09-24
2023-09-29,19.5211,8.14,37.65,100,maynas_persiann_cdr_2012_2023.zip,CDR_20230929z.asc,True,1.0,2023-09-24
2023-09-30,5.5539999999999985,0.0,29.04,100,maynas_persiann_cdr_2012_2023.zip,CDR_20230930z.asc,True,1.0,2023-09-24
2023-10-01,8.4474,3.29,26.06,100,maynas_persiann_cdr_2012_2023.zip,CDR_20231001z.asc,True,1.0,2023-10-01
2023-10-02,1.2229999999999999,0.0,6.25,100,maynas_persiann_cdr_2012_2023.zip,CDR_20231002z.asc,True,1.0,2023-10-01
2023-10-03,0.6793,0.0,7.24,100,maynas_persiann_cdr_2012_2023.zip,CDR_20231003z.asc,True,0.0,2023-10-01
2023-10-04,0.23550000000000001,0.0,2.6,100,maynas_persiann_cdr_2012_2023.zip,CDR_20231004z.asc,True,0.0,2023-10-01
2023-10-05,2.6279000000000003,0.0,9.68,100,maynas_persiann_cdr_2012_2023.zip,CDR_20231005z.asc,True,1.0,2023-10-01
2023-10-06,1.6509,0.0,13.01,100,maynas_persiann_cdr_2012_2023.zip,CDR_20231006z.asc,True,1.0,2023-10-01
2023-10-07,1.1827999999999999,0.0,8.55,100,maynas_persiann_cdr_2012_2023.zip,CDR_20231007z.asc,True,1.0,2023-10-01
2023-10-08,5.335100000000001,0.0,15.14,100,maynas_persiann_cdr_2012_2023.zip,CDR_20231008z.asc,True,1.0,2023-10-08
2023-10-09,6.4977,1.67,13.53,100,maynas_persiann_cdr_2012_2023.zip,CDR_20231009z.asc,True,1.0,2023-10-08
2023-10-10,5.4526,0.34,24.95,100,maynas_persiann_cdr_2012_2023.zip,CDR_20231010z.asc,True,1.0,2023-10-08
2023-10-11,1.9359,0.0,12.59,100,maynas_persiann_cdr_2012_2023.zip,CDR_20231011z.asc,True,1.0,2023-10-08
2023-10-12,4.135400000000001,0.0,12.97,100,maynas_persiann_cdr_2012_2023.zip,CDR_20231012z.asc,True,1.0,2023-10-08
2023-10-13,12.601300000000002,4.51,20.04,100,maynas_persiann_cdr_2012_2023.zip,CDR_20231013z.asc,True,1.0,2023-10-08
2023-10-14,2.2525999999999997,0.0,13.93,100,maynas_persiann_cdr_2012_2023.zip,CDR_20231014z.asc,True,1.0,2023-10-08
2023-10-15,1.8107000000000002,0.0,7.09,100,maynas_persiann_cdr_2012_2023.zip,CDR_20231015z.asc,True,1.0,2023-10-15
2023-10-16,0.972,0.0,7.99,100,maynas_persiann_cdr_2012_2023.zip,CDR_20231016z.asc,True,0.0,2023-10-15
2023-10-17,1.9814999999999998,0.0,10.27,100,maynas_persiann_cdr_2012_2023.zip,CDR_20231017z.asc,True,1.0,2023-10-15
2023-10-18,4.5021,0.0,18.46,100,maynas_persiann_cdr_2012_2023.zip,CDR_20231018z.asc,True,1.0,2023-10-15
2023-10-19,7.008900000000001,1.73,20.98,100,maynas_persiann_cdr_2012_2023.zip,CDR_20231019z.asc,True,1.0,2023-10-15
2023-10-20,1.8292999999999997,0.0,7.51,100,maynas_persiann_cdr_2012_2023.zip,CDR_20231020z.asc,True,1.0,2023-10-15
2023-10-21,1.1615,0.0,5.6,100,maynas_persiann_cdr_2012_2023.zip,CDR_20231021z.asc,True,1.0,2023-10-15
2023-10-22,3.3941000000000003,0.0,11.35,100,maynas_persiann_cdr_2012_2023.zip,CDR_20231022z.asc,True,1.0,2023-10-22
2023-10-23,1.7542000000000002,0.0,9.96,100,maynas_persiann_cdr_2012_2023.zip,CDR_20231023z.asc,True,1.0,2023-10-22
2023-10-24,4.1733,0.0,16.11,100,maynas_persiann_cdr_2012_2023.zip,CDR_20231024z.asc,True,1.0,2023-10-22
2023-10-25,1.6838000000000002,0.0,9.71,100,maynas_persiann_cdr_2012_2023.zip,CDR_20231025z.asc,True,1.0,2023-10-22
2023-10-26,6.793200000000001,0.4,29.93,100,maynas_persiann_cdr_2012_2023.zip,CDR_20231026z.asc,True,1.0,2023-10-22
2023-10-27,5.297899999999999,0.0,16.33,100,maynas_persiann_cdr_2012_2023.zip,CDR_20231027z.asc,True,1.0,2023-10-22
2023-10-28,21.871799999999993,4.76,39.7,100,maynas_persiann_cdr_2012_2023.zip,CDR_20231028z.asc,True,1.0,2023-10-22
2023-10-29,27.906899999999997,15.26,52.73,100,maynas_persiann_cdr_2012_2023.zip,CDR_20231029z.asc,True,1.0,2023-10-29
2023-10-30,3.6072000000000006,1.21,17.68,100,maynas_persiann_cdr_2012_2023.zip,CDR_20231030z.asc,True,1.0,2023-10-29
2023-10-31,15.0627,1.6,39.02,100,maynas_persiann_cdr_2012_2023.zip,CDR_20231031z.asc,True,1.0,2023-10-29
2023-11-01,15.379899999999997,2.95,36.05,100,maynas_persiann_cdr_2012_2023.zip,CDR_20231101z.asc,True,1.0,2023-10-29
2023-11-02,15.200899999999999,4.43,37.54,100,maynas_persiann_cdr_2012_2023.zip,CDR_20231102z.asc,True,1.0,2023-10-29
2023-11-03,4.737,0.0,21.48,100,maynas_persiann_cdr_2012_2023.zip,CDR_20231103z.asc,True,1.0,2023-10-29
2023-11-04,14.1955,4.28,36.55,100,maynas_persiann_cdr_2012_2023.zip,CDR_20231104z.asc,True,1.0,2023-10-29
2023-11-05,20.709200000000006,7.95,33.95,100,maynas_persiann_cdr_2012_2023.zip,CDR_20231105z.asc,True,1.0,2023-11-05
2023-11-06,8.294,0.5,27.55,100,maynas_persiann_cdr_2012_2023.zip,CDR_20231106z.asc,True,1.0,2023-11-05
2023-11-07,0.6479,0.0,5.62,100,maynas_persiann_cdr_2012_2023.zip,CDR_20231107z.asc,True,0.0,2023-11-05
2023-11-08,3.6787,0.0,15.46,100,maynas_persiann_cdr_2012_2023.zip,CDR_20231108z.asc,True,1.0,2023-11-05
2023-11-09,3.8004999999999995,0.0,23.58,100,maynas_persiann_cdr_2012_2023.zip,CDR_20231109z.asc,True,1.0,2023-11-05
2023-11-10,4.816299999999999,0.0,29.07,100,maynas_persiann_cdr_2012_2023.zip,CDR_20231110z.asc,True,1.0,2023-11-05
2023-11-11,4.068200000000001,0.0,15.94,100,maynas_persiann_cdr_2012_2023.zip,CDR_20231111z.asc,True,1.0,2023-11-05
2023-11-12,6.459599999999999,0.0,30.03,100,maynas_persiann_cdr_2012_2023.zip,CDR_20231112z.asc,True,1.0,2023-11-12
2023-11-13,1.2455,0.0,7.6,100,maynas_persiann_cdr_2012_2023.zip,CDR_20231113z.asc,True,1.0,2023-11-12
2023-11-14,7.886499999999999,0.0,21.96,100,maynas_persiann_cdr_2012_2023.zip,CDR_20231114z.asc,True,1.0,2023-11-12
2023-11-15,18.690600000000003,4.94,44.0,100,maynas_persiann_cdr_2012_2023.zip,CDR_20231115z.asc,True,1.0,2023-11-12
2023-11-16,3.1225,0.0,13.12,100,maynas_persiann_cdr_2012_2023.zip,CDR_20231116z.asc,True,1.0,2023-11-12
2023-11-17,0.7516999999999999,0.0,5.91,100,maynas_persiann_cdr_2012_2023.zip,CDR_20231117z.asc,True,0.0,2023-11-12
2023-11-18,0.7367999999999999,0.0,5.46,100,maynas_persiann_cdr_2012_2023.zip,CDR_20231118z.asc,True,0.0,2023-11-12
2023-11-19,4.6094,0.0,22.19,100,maynas_persiann_cdr_2012_2023.zip,CDR_20231119z.asc,True,1.0,2023-11-19
2023-11-20,20.2143,3.78,41.19,100,maynas_persiann_cdr_2012_2023.zip,CDR_20231120z.asc,True,1.0,2023-11-19
2023-11-21,19.0801,10.41,31.95,100,maynas_persiann_cdr_2012_2023.zip,CDR_20231121z.asc,True,1.0,2023-11-19
2023-11-22,8.110499999999998,1.62,17.05,100,maynas_persiann_cdr_2012_2023.zip,CDR_20231122z.asc,True,1.0,2023-11-19
2023-11-23,0.6015,0.0,12.45,100,maynas_persiann_cdr_2012_2023.zip,CDR_20231123z.asc,True,0.0,2023-11-19
2023-11-24,12.977800000000002,1.7,30.69,100,maynas_persiann_cdr_2012_2023.zip,CDR_20231124z.asc,True,1.0,2023-11-19
2023-11-25,3.164300000000001,0.38,14.03,100,maynas_persiann_cdr_2012_2023.zip,CDR_20231125z.asc,True,1.0,2023-11-19
2023-11-26,8.9718,0.0,24.73,100,maynas_persiann_cdr_2012_2023.zip,CDR_20231126z.asc,True,1.0,2023-11-26
2023-11-27,4.8151,0.0,19.6,100,maynas_persiann_cdr_2012_2023.zip,CDR_20231127z.asc,True,1.0,2023-11-26
2023-11-28,12.341500000000003,2.48,35.43,100,maynas_persiann_cdr_2012_2023.zip,CDR_20231128z.asc,True,1.0,2023-11-26
2023-11-29,11.4999,0.66,28.84,100,maynas_persiann_cdr_2012_2023.zip,CDR_20231129z.asc,True,1.0,2023-11-26
2023-11-30,14.5427,0.97,40.0,100,maynas_persiann_cdr_2012_2023.zip,CDR_20231130z.asc,True,1.0,2023-11-26
2023-12-01,9.852300000000001,1.58,27.34,100,maynas_persiann_cdr_2012_2023.zip,CDR_20231201z.asc,True,1.0,2023-11-26
2023-12-02,9.841500000000002,0.0,36.25,100,maynas_persiann_cdr_2012_2023.zip,CDR_20231202z.asc,True,1.0,2023-11-26
2023-12-03,5.0691,0.0,30.98,100,maynas_persiann_cdr_2012_2023.zip,CDR_20231203z.asc,True,1.0,2023-12-03
2023-12-04,1.1525999999999998,0.0,7.99,100,maynas_persiann_cdr_2012_2023.zip,CDR_20231204z.asc,True,1.0,2023-12-03
2023-12-05,5.675699999999998,0.0,21.23,100,maynas_persiann_cdr_2012_2023.zip,CDR_20231205z.asc,True,1.0,2023-12-03
2023-12-06,18.2056,5.63,34.99,100,maynas_persiann_cdr_2012_2023.zip,CDR_20231206z.asc,True,1.0,2023-12-03
2023-12-07,4.0159,0.0,16.46,100,maynas_persiann_cdr_2012_2023.zip,CDR_20231207z.asc,True,1.0,2023-12-03
2023-12-08,9.1577,0.0,23.6,100,maynas_persiann_cdr_2012_2023.zip,CDR_20231208z.asc,True,1.0,2023-12-03
2023-12-09,19.7221,1.06,50.01,100,maynas_persiann_cdr_2012_2023.zip,CDR_20231209z.asc,True,1.0,2023-12-03
2023-12-10,8.9699,1.69,28.58,100,maynas_persiann_cdr_2012_2023.zip,CDR_20231210z.asc,True,1.0,2023-12-10
2023-12-11,2.5188,0.0,16.72,100,maynas_persiann_cdr_2012_2023.zip,CDR_20231211z.asc,True,1.0,2023-12-10
2023-12-12,0.7452,0.0,6.75,100,maynas_persiann_cdr_2012_2023.zip,CDR_20231212z.asc,True,0.0,2023-12-10
2023-12-13,2.4381,0.0,15.35,100,maynas_persiann_cdr_2012_2023.zip,CDR_20231213z.asc,True,1.0,2023-12-10
2023-12-14,4.898500000000001,0.0,21.12,100,maynas_persiann_cdr_2012_2023.zip,CDR_20231214z.asc,True,1.0,2023-12-10
2023-12-15,3.5019,0.0,20.69,100,maynas_persiann_cdr_2012_2023.zip,CDR_20231215z.asc,True,1.0,2023-12-10
2023-12-16,1.3566,0.0,5.65,100,maynas_persiann_cdr_2012_2023.zip,CDR_20231216z.asc,True,1.0,2023-12-10
2023-12-17,10.347100000000001,2.75,29.08,100,maynas_persiann_cdr_2012_2023.zip,CDR_20231217z.asc,True,1.0,2023-12-17
2023-12-18,3.5869999999999997,0.0,11.76,100,maynas_persiann_cdr_2012_2023.zip,CDR_20231218z.asc,True,1.0,2023-12-17
2023-12-19,4.1873,0.0,24.46,100,maynas_persiann_cdr_2012_2023.zip,CDR_20231219z.asc,True,1.0,2023-12-17
2023-12-20,2.8248,0.0,18.76,100,maynas_persiann_cdr_2012_2023.zip,CDR_20231220z.asc,True,1.0,2023-12-17
2023-12-21,22.464400000000005,1.68,48.52,100,maynas_persiann_cdr_2012_2023.zip,CDR_20231221z.asc,True,1.0,2023-12-17
2023-12-22,21.5964,1.83,39.27,100,maynas_persiann_cdr_2012_2023.zip,CDR_20231222z.asc,True,1.0,2023-12-17
2023-12-23,7.1191,0.0,31.3,100,maynas_persiann_cdr_2012_2023.zip,CDR_20231223z.asc,True,1.0,2023-12-17
2023-12-24,4.0835,0.0,17.86,100,maynas_persiann_cdr_2012_2023.zip,CDR_20231224z.asc,True,1.0,2023-12-24
2023-12-25,4.115500000000001,0.0,18.92,100,maynas_persiann_cdr_2012_2023.zip,CDR_20231225z.asc,True,1.0,2023-12-24
2023-12-26,17.5498,3.44,37.02,100,maynas_persiann_cdr_2012_2023.zip,CDR_20231226z.asc,True,1.0,2023-12-24
2023-12-27,9.7523,0.54,25.45,100,maynas_persiann_cdr_2012_2023.zip,CDR_20231227z.asc,True,1.0,2023-12-24
2023-12-28,28.56,9.81,62.06,100,maynas_persiann_cdr_2012_2023.zip,CDR_20231228z.asc,True,1.0,2023-12-24
2023-12-29,0.916,0.0,2.55,100,maynas_persiann_cdr_2012_2023.zip,CDR_20231229z.asc,True,0.0,2023-12-24
2023-12-30,0.9451,0.0,5.66,100,maynas_persiann_cdr_2012_2023.zip,CDR_20231230z.asc,True,0.0,2023-12-24
2023-12-31,16.5513,0.44,39.82,100,maynas_persiann_cdr_2012_2023.zip,CDR_20231231z.asc,True,1.0,2023-12-31
