week_start_date,precip_sum_mm,precip_mean_daily_mm,precip_max_daily_mm,precip_min_daily_mm,rain_days,calendar_days_present,precip_days_observed,mean_valid_grid_cells,rain_day_threshold_mm,missing_precip_days,week_complete
2000-01-02,35.8358,5.1194,14.342100000000002,0.0,5.0,7,7,100.0,1.0,0,True
2000-01-09,26.1429,3.7347,8.3016,0.5887,6.0,7,7,100.0,1.0,0,True
2000-01-16,49.76469999999999,7.109242857142855,17.060999999999993,0.0458,5.0,7,7,100.0,1.0,0,True
2000-01-23,55.292899999999996,7.898985714285715,15.883200000000002,2.5269,7.0,7,7,100.0,1.0,0,True
2000-01-30,52.425399999999996,7.489342857142857,18.017500000000002,0.8598,6.0,7,7,100.0,1.0,0,True
2000-02-06,23.134299999999996,3.3048999999999995,9.7899,0.1268,5.0,7,7,100.0,1.0,0,True
2000-02-13,40.973600000000005,5.853371428571429,18.2234,0.1772,5.0,7,7,100.0,1.0,0,True
2000-02-20,93.2822,13.326028571428571,23.836900000000004,3.0871000000000004,7.0,7,7,100.0,1.0,0,True
2000-02-27,109.59779999999999,15.656828571428573,26.279400000000006,7.104699999999999,7.0,7,7,100.0,1.0,0,True
2000-03-05,85.9807,12.282957142857143,23.5881,3.8301,7.0,7,7,100.0,1.0,0,True
2000-03-12,94.28200000000001,13.468857142857145,21.3724,4.081100000000001,7.0,7,7,100.0,1.0,0,True
2000-03-19,89.748,12.821142857142858,43.4035,0.6118,6.0,7,7,100.0,1.0,0,True
2000-03-26,97.15499999999999,13.879285714285713,25.30539999999999,5.918000000000001,7.0,7,7,100.0,1.0,0,True
2000-04-02,59.7393,8.534185714285714,20.3442,1.5667000000000002,7.0,7,7,100.0,1.0,0,True
2000-04-09,77.3288,11.046971428571428,30.780299999999997,1.2338,7.0,7,7,100.0,1.0,0,True
2000-04-16,109.02490000000002,15.574985714285717,33.34780000000001,2.0105,7.0,7,7,100.0,1.0,0,True
2000-04-23,70.5543,10.079185714285714,24.105999999999998,1.4141,7.0,7,7,100.0,1.0,0,True
2000-04-30,104.5248,14.932114285714288,24.915000000000006,5.092700000000001,7.0,7,7,100.0,1.0,0,True
2000-05-07,63.704800000000006,9.100685714285714,16.482,3.8346000000000005,7.0,7,7,100.0,1.0,0,True
2000-05-14,115.3811,16.483014285714287,40.2052,0.9836,6.0,7,7,100.0,1.0,0,True
2000-05-21,56.2953,8.042185714285713,22.021699999999996,0.20829999999999999,6.0,7,7,100.0,1.0,0,True
2000-05-28,83.38969999999999,11.912814285714287,20.724,3.891,7.0,7,7,100.0,1.0,0,True
2000-06-04,74.47229999999999,10.638900000000001,18.1813,3.8862,7.0,7,7,100.0,1.0,0,True
2000-06-11,84.82379999999999,12.117685714285713,26.6268,1.7637,7.0,7,7,100.0,1.0,0,True
2000-06-18,28.064399999999996,4.0092,7.945099999999999,0.7534000000000001,6.0,7,7,100.0,1.0,0,True
2000-06-25,68.0639,9.723414285714286,24.833900000000003,0.9793,6.0,7,7,100.0,1.0,0,True
2000-07-02,73.94200000000001,10.563142857142859,28.913600000000002,1.7167,7.0,7,7,100.0,1.0,0,True
2000-07-09,54.905300000000004,7.8436142857142865,18.4237,0.0,5.0,7,7,100.0,1.0,0,True
2000-07-16,63.0638,9.009114285714286,49.1071,0.0,4.0,7,7,100.0,1.0,0,True
2000-07-23,61.4471,8.778157142857143,31.89,0.0,5.0,7,7,100.0,1.0,0,True
2000-07-30,90.13180000000003,12.87597142857143,45.964400000000005,2.9690999999999996,7.0,7,7,100.0,1.0,0,True
2000-08-06,53.14479999999999,7.592114285714286,16.3185,0.9403999999999999,6.0,7,7,100.0,1.0,0,True
2000-08-13,39.949799999999996,5.707114285714285,16.4558,0.0,6.0,7,7,100.0,1.0,0,True
2000-08-20,58.31110000000001,8.330157142857143,16.5595,3.0632,7.0,7,7,100.0,1.0,0,True
2000-08-27,23.2485,3.321214285714286,6.2564,0.0131,5.0,7,7,100.0,1.0,0,True
2000-09-03,58.5214,8.3602,16.2063,2.099,7.0,7,7,100.0,1.0,0,True
2000-09-10,70.2573,10.036757142857143,21.454700000000006,2.1849,7.0,7,7,100.0,1.0,0,True
2000-09-17,78.03970000000001,11.148528571428573,32.4229,1.2823000000000002,7.0,7,7,100.0,1.0,0,True
2000-09-24,78.55989999999998,11.222842857142856,28.715700000000002,0.3466,6.0,7,7,100.0,1.0,0,True
2000-10-01,31.957700000000003,4.565385714285714,8.3973,0.9854000000000002,6.0,7,7,100.0,1.0,0,True
2000-10-08,38.484,5.497714285714286,16.000600000000002,0.20879999999999999,6.0,7,7,100.0,1.0,0,True
2000-10-15,46.51199999999999,6.644571428571429,17.1662,1.2952000000000001,7.0,7,7,100.0,1.0,0,True
2000-10-22,51.794,7.399142857142857,20.3848,0.7157000000000001,6.0,7,7,100.0,1.0,0,True
2000-10-29,55.75849999999999,7.9655,24.950799999999994,1.275,7.0,7,7,100.0,1.0,0,True
2000-11-05,37.3256,5.332228571428571,9.540999999999999,0.0274,6.0,7,7,100.0,1.0,0,True
2000-11-12,46.229400000000005,6.6042,17.597899999999996,0.07250000000000001,5.0,7,7,100.0,1.0,0,True
2000-11-19,20.8862,2.983742857142857,6.170799999999999,0.6449000000000001,5.0,7,7,100.0,1.0,0,True
2000-11-26,42.682500000000005,6.097500000000001,10.8507,1.6516000000000002,7.0,7,7,100.0,1.0,0,True
2000-12-03,77.3202,11.045742857142857,28.3024,1.8092000000000001,7.0,7,7,100.0,1.0,0,True
2000-12-10,19.5415,2.791642857142857,10.0822,0.0368,4.0,7,7,100.0,1.0,0,True
2000-12-17,16.8712,2.4101714285714286,8.409,0.0,4.0,7,7,100.0,1.0,0,True
2000-12-24,139.2185,19.888357142857142,41.96900000000001,8.303199999999999,7.0,7,7,100.0,1.0,0,True
2000-12-31,76.2637,10.894814285714286,25.446400000000004,2.5814,7.0,7,7,100.0,1.0,0,True
2001-01-07,94.03469999999999,13.43352857142857,25.115,4.189399999999999,7.0,7,7,100.0,1.0,0,True
2001-01-14,90.73100000000001,12.96157142857143,25.054200000000005,4.978200000000001,7.0,7,7,100.0,1.0,0,True
2001-01-21,70.3757,10.053671428571429,14.639199999999999,2.3667000000000002,7.0,7,7,100.0,1.0,0,True
2001-01-28,39.4927,5.641814285714285,15.629499999999998,0.8149,6.0,7,7,100.0,1.0,0,True
2001-02-04,61.326800000000006,8.760971428571429,28.996500000000005,0.34970000000000007,5.0,7,7,100.0,1.0,0,True
2001-02-11,28.504300000000004,4.072042857142857,7.575,2.1135,7.0,7,7,100.0,1.0,0,True
2001-02-18,56.0887,8.012671428571428,17.6434,1.7496999999999998,7.0,7,7,100.0,1.0,0,True
2001-02-25,70.52289999999999,10.074699999999998,26.321599999999993,0.46649999999999997,6.0,7,7,100.0,1.0,0,True
2001-03-04,106.7468,15.249542857142856,40.0443,0.7047999999999999,6.0,7,7,100.0,1.0,0,True
2001-03-11,85.20270000000001,12.171814285714287,38.7625,1.8995,7.0,7,7,100.0,1.0,0,True
2001-03-18,67.46459999999999,9.6378,15.785299999999998,2.3397,7.0,7,7,100.0,1.0,0,True
2001-03-25,78.4577,11.208242857142858,32.5756,1.9171999999999998,7.0,7,7,100.0,1.0,0,True
2001-04-01,102.5335,14.647642857142857,30.1181,1.268,7.0,7,7,100.0,1.0,0,True
2001-04-08,56.3717,8.053099999999999,16.7604,0.11019999999999999,5.0,7,7,100.0,1.0,0,True
2001-04-15,51.2316,7.3188,13.789100000000001,1.9677,7.0,7,7,100.0,1.0,0,True
2001-04-22,79.1513,11.307328571428572,30.6078,1.4415999999999998,7.0,7,7,100.0,1.0,0,True
2001-04-29,76.63699999999999,10.948142857142857,38.203599999999994,2.232,7.0,7,7,100.0,1.0,0,True
2001-05-06,80.8989,11.556985714285716,30.714700000000004,0.6628999999999999,6.0,7,7,100.0,1.0,0,True
2001-05-13,74.2593,10.608471428571429,27.403299999999994,0.3914,6.0,7,7,100.0,1.0,0,True
2001-05-20,93.6678,13.381114285714286,23.6503,3.5782,7.0,7,7,100.0,1.0,0,True
2001-05-27,95.6438,13.6634,32.4734,2.4547,7.0,7,7,100.0,1.0,0,True
2001-06-03,83.1588,11.879828571428572,17.0798,5.4686,7.0,7,7,100.0,1.0,0,True
2001-06-10,66.49719999999999,9.4996,21.9976,0.6442,6.0,7,7,100.0,1.0,0,True
2001-06-17,35.003299999999996,5.000471428571429,19.621900000000004,0.0,3.0,7,7,100.0,1.0,0,True
2001-06-24,6.2933,0.8990428571428574,3.3825000000000007,0.0,2.0,7,7,100.0,1.0,0,True
2001-07-01,51.86109999999999,7.408728571428571,14.1425,0.748,6.0,7,7,100.0,1.0,0,True
2001-07-08,42.3238,6.046257142857143,17.9702,0.6109,5.0,7,7,100.0,1.0,0,True
2001-07-15,92.4821,13.211728571428571,26.5526,1.3883,7.0,7,7,100.0,1.0,0,True
2001-07-22,57.2281,8.175442857142858,26.084600000000002,2.5757,7.0,7,7,100.0,1.0,0,True
2001-07-29,17.297800000000002,2.4711142857142856,7.978899999999999,0.0,4.0,7,7,100.0,1.0,0,True
2001-08-05,10.2772,1.4681714285714285,2.7680000000000002,0.2941,4.0,7,7,100.0,1.0,0,True
2001-08-12,7.0706,1.0100857142857143,3.3209999999999997,0.1821,1.0,7,7,100.0,1.0,0,True
2001-08-19,35.3925,5.056071428571428,9.4867,1.7201,7.0,7,7,100.0,1.0,0,True
2001-08-26,101.35709999999999,14.479585714285715,27.159000000000002,3.9724,7.0,7,7,100.0,1.0,0,True
2001-09-02,27.734999999999992,3.9621428571428567,13.680499999999997,0.4587,5.0,7,7,100.0,1.0,0,True
2001-09-09,74.86330000000001,10.694757142857144,28.926800000000004,0.8887999999999999,6.0,7,7,100.0,1.0,0,True
2001-09-16,30.500799999999998,4.357257142857143,13.0358,0.29379999999999995,6.0,7,7,100.0,1.0,0,True
2001-09-23,68.46069999999999,9.780100000000001,24.5356,1.4090999999999996,7.0,7,7,100.0,1.0,0,True
2001-09-30,40.9572,5.8510285714285715,10.6298,1.9407999999999999,7.0,7,7,100.0,1.0,0,True
2001-10-07,59.199999999999996,8.457142857142856,16.734699999999997,0.26299999999999996,5.0,7,7,100.0,1.0,0,True
2001-10-14,50.2966,7.1852285714285715,14.8168,3.6016000000000004,7.0,7,7,100.0,1.0,0,True
2001-10-21,55.8968,7.985257142857143,18.2456,0.2341,6.0,7,7,100.0,1.0,0,True
2001-10-28,53.25539999999999,7.607914285714285,19.601699999999997,0.0487,6.0,7,7,100.0,1.0,0,True
2001-11-04,67.4966,9.642371428571428,22.517000000000003,0.5438000000000001,6.0,7,7,100.0,1.0,0,True
2001-11-11,67.0915,9.584500000000002,21.643100000000004,4.720400000000001,7.0,7,7,100.0,1.0,0,True
2001-11-18,43.434000000000005,6.204857142857143,14.287,1.4389999999999998,7.0,7,7,100.0,1.0,0,True
2001-11-25,44.0952,6.299314285714286,15.542499999999997,0.008900000000000002,6.0,7,7,100.0,1.0,0,True
2001-12-02,72.43329999999999,10.347614285714284,20.888999999999996,0.4172,6.0,7,7,100.0,1.0,0,True
2001-12-09,56.522400000000005,8.07462857142857,21.419199999999996,0.5996000000000001,5.0,7,7,100.0,1.0,0,True
2001-12-16,51.63890000000001,7.3769857142857145,14.290399999999998,1.1495,7.0,7,7,100.0,1.0,0,True
2001-12-23,106.5069,15.215271428571429,54.1541,0.5023000000000001,6.0,7,7,100.0,1.0,0,True
2001-12-30,59.6481,8.521157142857144,29.230999999999998,0.5685000000000001,6.0,7,7,100.0,1.0,0,True
2002-01-06,9.229099999999999,1.318442857142857,3.2708999999999997,0.0054,3.0,7,7,100.0,1.0,0,True
2002-01-13,79.5981,11.371157142857143,24.947300000000006,0.16449999999999998,6.0,7,7,100.0,1.0,0,True
2002-01-20,88.06370000000001,12.580528571428571,35.2089,2.6299000000000006,7.0,7,7,100.0,1.0,0,True
2002-01-27,12.007600000000002,1.7153714285714288,5.622500000000001,0.2667,3.0,7,7,100.0,1.0,0,True
2002-02-03,57.759899999999995,8.251414285714286,36.618100000000005,1.8389000000000002,7.0,7,7,100.0,1.0,0,True
2002-02-10,47.13890000000001,6.734128571428572,12.045400000000003,1.6410999999999998,7.0,7,7,100.0,1.0,0,True
2002-02-17,52.5538,7.5076857142857145,13.700500000000002,4.4988,7.0,7,7,100.0,1.0,0,True
2002-02-24,106.378,15.19685714285714,36.3001,1.6267000000000003,7.0,7,7,100.0,1.0,0,True
2002-03-03,46.674499999999995,6.6677857142857135,15.5381,0.375,5.0,7,7,100.0,1.0,0,True
2002-03-10,61.4601,8.780014285714286,23.5614,1.6925999999999999,7.0,7,7,100.0,1.0,0,True
2002-03-17,102.4806,14.640085714285714,26.8929,8.881900000000002,7.0,7,7,100.0,1.0,0,True
2002-03-24,87.5444,12.506342857142856,20.568499999999993,5.429000000000001,7.0,7,7,100.0,1.0,0,True
2002-03-31,71.65859999999999,10.236942857142855,27.603700000000003,2.1447,7.0,7,7,100.0,1.0,0,True
2002-04-07,96.6403,13.805757142857143,32.989200000000004,0.3127,6.0,7,7,100.0,1.0,0,True
2002-04-14,64.0567,9.150957142857143,25.5061,1.0430000000000001,7.0,7,7,100.0,1.0,0,True
2002-04-21,92.4404,13.205771428571428,25.2843,3.1192000000000006,7.0,7,7,100.0,1.0,0,True
2002-04-28,78.3695,11.195642857142857,30.3449,2.6751,7.0,7,7,100.0,1.0,0,True
2002-05-05,69.7274,9.961057142857143,17.4416,2.3865,7.0,7,7,100.0,1.0,0,True
2002-05-12,35.733200000000004,5.104742857142858,9.460700000000001,0.057800000000000004,5.0,7,7,100.0,1.0,0,True
2002-05-19,54.11139999999999,7.730199999999999,13.6797,0.3664,6.0,7,7,100.0,1.0,0,True
2002-05-26,71.972,10.281714285714285,24.399399999999996,2.0853,7.0,7,7,100.0,1.0,0,True
2002-06-02,105.9131,15.130442857142858,32.3652,3.6167000000000002,7.0,7,7,100.0,1.0,0,True
2002-06-09,89.26499999999999,12.752142857142857,25.152499999999996,2.7026,7.0,7,7,100.0,1.0,0,True
2002-06-16,6.9129000000000005,0.9875571428571428,3.4411,0.0116,3.0,7,7,100.0,1.0,0,True
2002-06-23,0.8781,0.12544285714285713,0.4421,0.0,0.0,7,7,100.0,1.0,0,True
2002-06-30,19.8039,2.8291285714285714,9.6532,0.0354,4.0,7,7,100.0,1.0,0,True
2002-07-07,50.19799999999999,7.171142857142856,32.3664,0.21780000000000002,6.0,7,7,100.0,1.0,0,True
2002-07-14,104.2093,14.887042857142857,62.858599999999996,0.0,6.0,7,7,100.0,1.0,0,True
2002-07-21,141.9017,20.27167142857143,44.032300000000006,0.657,6.0,7,7,100.0,1.0,0,True
2002-07-28,47.3327,6.761814285714286,13.9621,0.7027,6.0,7,7,100.0,1.0,0,True
2002-08-04,17.7029,2.528985714285714,10.5907,0.0086,4.0,7,7,100.0,1.0,0,True
2002-08-11,26.762299999999996,3.823185714285714,7.685599999999999,0.31060000000000004,6.0,7,7,100.0,1.0,0,True
2002-08-18,33.398999999999994,4.771285714285713,7.598899999999999,0.0,6.0,7,7,100.0,1.0,0,True
2002-08-25,120.0257,17.146528571428572,28.393700000000003,2.9448000000000003,7.0,7,7,100.0,1.0,0,True
2002-09-01,24.760299999999997,3.5371857142857137,6.826999999999999,0.2002,6.0,7,7,100.0,1.0,0,True
2002-09-08,28.4688,4.066971428571429,13.8676,0.09620000000000001,5.0,7,7,100.0,1.0,0,True
2002-09-15,47.25919999999999,6.751314285714286,12.764700000000003,2.4948,7.0,7,7,100.0,1.0,0,True
2002-09-22,59.610299999999995,8.515757142857142,25.491899999999998,0.0,6.0,7,7,100.0,1.0,0,True
2002-09-29,61.405800000000006,8.772257142857143,14.220900000000002,5.021400000000001,7.0,7,7,100.0,1.0,0,True
2002-10-06,47.2958,6.756542857142857,12.338400000000002,3.8287,7.0,7,7,100.0,1.0,0,True
2002-10-13,25.4043,3.6291857142857142,8.0692,0.8087000000000001,6.0,7,7,100.0,1.0,0,True
2002-10-20,70.8798,10.125685714285714,29.4918,4.0071,7.0,7,7,100.0,1.0,0,True
2002-10-27,85.11410000000001,12.159157142857143,21.011100000000003,3.2602999999999995,7.0,7,7,100.0,1.0,0,True
2002-11-03,118.5892,16.941314285714288,59.92800000000001,1.3156999999999999,7.0,7,7,100.0,1.0,0,True
2002-11-10,94.5437,13.506242857142857,23.3703,2.3396,7.0,7,7,100.0,1.0,0,True
2002-11-17,59.45269999999999,8.493242857142857,26.199099999999998,1.1902,7.0,7,7,100.0,1.0,0,True
2002-11-24,44.259,6.3227142857142855,15.453499999999998,3.5456000000000008,7.0,7,7,100.0,1.0,0,True
2002-12-01,25.650799999999997,3.6644,6.3817,2.3314999999999997,7.0,7,7,100.0,1.0,0,True
2002-12-08,19.786,2.826571428571428,8.9376,0.33309999999999995,6.0,7,7,100.0,1.0,0,True
2002-12-15,109.07070000000002,15.581528571428573,49.5908,1.9944,7.0,7,7,100.0,1.0,0,True
2002-12-22,122.7469,17.53527142857143,31.756099999999996,7.110999999999999,7.0,7,7,100.0,1.0,0,True
2002-12-29,7.071799999999999,1.0102571428571427,3.1113999999999997,0.0629,2.0,7,7,100.0,1.0,0,True
2003-01-05,60.085899999999995,8.583699999999999,23.472699999999996,3.3145,7.0,7,7,100.0,1.0,0,True
2003-01-12,49.56309999999999,7.080442857142856,11.759299999999998,2.032,7.0,7,7,100.0,1.0,0,True
2003-01-19,48.2713,6.895899999999999,19.435499999999998,0.0,5.0,7,7,100.0,1.0,0,True
2003-01-26,40.356399999999994,5.765199999999999,11.786699999999998,0.5828,6.0,7,7,100.0,1.0,0,True
2003-02-02,71.61790000000002,10.231128571428572,25.806800000000003,0.8775,6.0,7,7,100.0,1.0,0,True
2003-02-09,45.634,6.519142857142858,11.684300000000002,2.3072,7.0,7,7,100.0,1.0,0,True
2003-02-16,92.39569999999999,13.199385714285713,33.00939999999999,0.1457,6.0,7,7,100.0,1.0,0,True
2003-02-23,87.368,12.481142857142856,36.926500000000004,2.6258999999999997,7.0,7,7,100.0,1.0,0,True
2003-03-02,64.9603,9.280042857142858,19.1726,3.2728,7.0,7,7,100.0,1.0,0,True
2003-03-09,77.94130000000001,11.13447142857143,27.775700000000008,0.21109999999999995,6.0,7,7,100.0,1.0,0,True
2003-03-16,99.9657,14.280814285714285,27.182399999999998,1.0269,7.0,7,7,100.0,1.0,0,True
2003-03-23,78.12349999999999,11.160499999999999,19.5323,4.0228,7.0,7,7,100.0,1.0,0,True
2003-03-30,82.2025,11.743214285714286,23.433800000000005,6.286600000000001,7.0,7,7,100.0,1.0,0,True
2003-04-06,73.94170000000001,10.5631,15.5889,1.5523999999999998,7.0,7,7,100.0,1.0,0,True
2003-04-13,54.87480000000001,7.839257142857144,16.1412,1.4272,7.0,7,7,100.0,1.0,0,True
2003-04-20,81.88840000000002,11.69834285714286,23.942800000000002,3.5039000000000002,7.0,7,7,100.0,1.0,0,True
2003-04-27,54.52080000000001,7.788685714285715,17.1389,3.1129000000000002,7.0,7,7,100.0,1.0,0,True
2003-05-04,79.14610000000002,11.306585714285715,42.79050000000001,0.0386,5.0,7,7,100.0,1.0,0,True
2003-05-11,38.013999999999996,5.430571428571429,16.6201,0.0577,5.0,7,7,100.0,1.0,0,True
2003-05-18,90.0182,12.859742857142857,32.2038,1.2581,7.0,7,7,100.0,1.0,0,True
2003-05-25,147.7734,21.110485714285716,43.1352,2.5993,7.0,7,7,100.0,1.0,0,True
2003-06-01,113.18130000000001,16.168757142857142,36.9896,3.2815000000000003,7.0,7,7,100.0,1.0,0,True
2003-06-08,61.7667,8.823814285714286,16.1302,0.9949000000000001,6.0,7,7,100.0,1.0,0,True
2003-06-15,84.5351,12.076442857142855,20.647,3.6015999999999995,7.0,7,7,100.0,1.0,0,True
2003-06-22,40.4668,5.780971428571428,12.912199999999999,2.7774000000000005,7.0,7,7,100.0,1.0,0,True
2003-06-29,68.36,9.765714285714285,20.1313,4.0221,7.0,7,7,100.0,1.0,0,True
2003-07-06,90.00890000000001,12.858414285714286,29.303700000000003,1.3756,7.0,7,7,100.0,1.0,0,True
2003-07-13,7.171499999999999,1.0245,3.2991999999999995,0.0,2.0,7,7,100.0,1.0,0,True
2003-07-20,15.686600000000002,2.240942857142857,7.2997000000000005,0.0857,5.0,7,7,100.0,1.0,0,True
2003-07-27,45.637600000000006,6.519657142857143,34.6055,0.8345999999999999,5.0,7,7,100.0,1.0,0,True
2003-08-03,72.9016,10.414514285714287,22.6244,1.3030000000000002,7.0,7,7,100.0,1.0,0,True
2003-08-10,60.3934,8.627628571428572,21.827800000000003,0.0,4.0,7,7,100.0,1.0,0,True
2003-08-17,57.477199999999996,8.211028571428571,15.355699999999999,2.0332000000000003,7.0,7,7,100.0,1.0,0,True
2003-08-24,45.483900000000006,6.497700000000001,18.930000000000003,0.0,4.0,7,7,100.0,1.0,0,True
2003-08-31,37.0594,5.294199999999999,11.969700000000003,0.0,5.0,7,7,100.0,1.0,0,True
2003-09-07,66.19749999999999,9.456785714285715,31.311699999999995,0.0,5.0,7,7,100.0,1.0,0,True
2003-09-14,43.9634,6.280485714285715,17.1949,0.4792,6.0,7,7,100.0,1.0,0,True
2003-09-21,68.223,9.746142857142857,24.972300000000004,2.1948999999999996,7.0,7,7,100.0,1.0,0,True
2003-09-28,57.199600000000004,8.17137142857143,15.640699999999999,1.1767,7.0,7,7,100.0,1.0,0,True
2003-10-05,55.7366,7.962371428571429,14.545499999999999,0.7140000000000001,6.0,7,7,100.0,1.0,0,True
2003-10-12,25.650999999999996,3.6644285714285716,7.0987,1.2074,7.0,7,7,100.0,1.0,0,True
2003-10-19,58.9439,8.420557142857144,10.683,5.1739,7.0,7,7,100.0,1.0,0,True
2003-10-26,57.99539999999999,8.285057142857143,21.5194,1.4646000000000001,7.0,7,7,100.0,1.0,0,True
2003-11-02,72.2062,10.315171428571428,40.9865,0.5162,6.0,7,7,100.0,1.0,0,True
2003-11-09,96.0865,13.726642857142858,41.65039999999999,2.2737,7.0,7,7,100.0,1.0,0,True
2003-11-16,72.3596,10.337085714285715,20.8475,0.5632,6.0,7,7,100.0,1.0,0,True
2003-11-23,46.4752,6.639314285714286,17.126100000000005,2.0213,7.0,7,7,100.0,1.0,0,True
2003-11-30,111.75499999999998,15.965,32.58559999999999,5.721799999999999,7.0,7,7,100.0,1.0,0,True
2003-12-07,99.329,14.189857142857141,26.462099999999996,3.8806,7.0,7,7,100.0,1.0,0,True
2003-12-14,39.0599,5.579985714285714,9.966399999999998,1.8014999999999999,7.0,7,7,100.0,1.0,0,True
2003-12-21,40.1659,5.737985714285714,18.6551,0.9954,6.0,7,7,100.0,1.0,0,True
2003-12-28,40.616800000000005,5.8024,22.433000000000003,0.31189999999999996,4.0,7,7,100.0,1.0,0,True
2004-01-04,44.2937,6.327671428571429,16.4162,1.155,7.0,7,7,100.0,1.0,0,True
2004-01-11,52.330600000000004,7.4758000000000004,18.451,0.1457,5.0,7,7,100.0,1.0,0,True
2004-01-18,10.389,1.484142857142857,4.9311,0.1937,3.0,7,7,100.0,1.0,0,True
2004-01-25,5.0365,0.7195,1.6960000000000002,0.02,3.0,7,7,100.0,1.0,0,True
2004-02-01,25.355600000000003,3.622228571428572,9.030800000000001,0.9941999999999999,6.0,7,7,100.0,1.0,0,True
2004-02-08,18.686799999999998,2.669542857142857,9.578199999999999,0.3639,5.0,7,7,100.0,1.0,0,True
2004-02-15,108.5593,15.508471428571427,39.4161,7.261400000000001,7.0,7,7,100.0,1.0,0,True
2004-02-22,48.062000000000005,6.8660000000000005,13.421300000000004,1.6880000000000002,7.0,7,7,100.0,1.0,0,True
2004-02-29,83.4846,11.926371428571429,26.4421,4.8237,7.0,7,7,100.0,1.0,0,True
2004-03-07,62.6974,8.956771428571429,15.977500000000003,1.3832999999999998,7.0,7,7,100.0,1.0,0,True
2004-03-14,103.3242,14.7606,31.569000000000006,2.8390999999999997,7.0,7,7,100.0,1.0,0,True
2004-03-21,106.6937,15.241957142857144,29.163800000000002,5.9303,7.0,7,7,100.0,1.0,0,True
2004-03-28,86.7559,12.393699999999999,25.519500000000004,0.7837000000000001,6.0,7,7,100.0,1.0,0,True
2004-04-04,71.28960000000001,10.184228571428573,26.770200000000003,1.926,7.0,7,7,100.0,1.0,0,True
2004-04-11,88.8918,12.698828571428573,22.8259,1.6194,7.0,7,7,100.0,1.0,0,True
2004-04-18,73.9553,10.565042857142856,18.5882,2.4203,7.0,7,7,100.0,1.0,0,True
2004-04-25,96.7795,13.825642857142856,65.3714,2.5257,7.0,7,7,100.0,1.0,0,True
2004-05-02,71.5308,10.218685714285714,29.3233,0.12780000000000002,5.0,7,7,100.0,1.0,0,True
2004-05-09,69.7021,9.957442857142857,50.8382,0.0,4.0,7,7,100.0,1.0,0,True
2004-05-16,83.30260000000001,11.90037142857143,46.20870000000001,0.2612,6.0,7,7,100.0,1.0,0,True
2004-05-23,119.4609,17.065842857142858,38.281200000000005,0.8534,6.0,7,7,100.0,1.0,0,True
2004-05-30,65.83350000000002,9.404785714285714,25.253700000000002,0.18469999999999998,5.0,7,7,100.0,1.0,0,True
2004-06-06,128.772,18.395999999999997,54.1215,3.3091000000000004,7.0,7,7,100.0,1.0,0,True
2004-06-13,10.3864,1.4837714285714285,8.2412,0.0,2.0,7,7,100.0,1.0,0,True
2004-06-20,66.0063,9.42947142857143,23.8209,1.4503000000000004,7.0,7,7,100.0,1.0,0,True
2004-06-27,36.689699999999995,5.241385714285714,13.564800000000002,0.5755,6.0,7,7,100.0,1.0,0,True
2004-07-04,58.7409,8.391557142857144,11.989800000000002,1.3862,7.0,7,7,100.0,1.0,0,True
2004-07-11,96.2245,13.746357142857141,27.363400000000002,2.97,7.0,7,7,100.0,1.0,0,True
2004-07-18,25.4348,3.633542857142857,8.1295,0.0182,5.0,7,7,100.0,1.0,0,True
2004-07-25,77.57770000000001,11.08252857142857,31.518900000000002,1.5706,7.0,7,7,100.0,1.0,0,True
2004-08-01,14.240299999999998,2.0343285714285715,5.5287,0.0,3.0,7,7,100.0,1.0,0,True
2004-08-08,8.3194,1.1884857142857144,3.0449,0.0,3.0,7,7,100.0,1.0,0,True
2004-08-15,75.52300000000001,10.789000000000001,24.533900000000003,0.6424,6.0,7,7,100.0,1.0,0,True
2004-08-22,77.987,11.141000000000002,40.3917,1.2062,7.0,7,7,100.0,1.0,0,True
2004-08-29,111.1121,15.87315714285714,61.3548,1.2947,7.0,7,7,100.0,1.0,0,True
2004-09-05,49.682,7.097428571428572,9.953599999999998,2.7391,7.0,7,7,100.0,1.0,0,True
2004-09-12,46.24119999999999,6.605885714285713,21.998999999999995,0.0,4.0,7,7,100.0,1.0,0,True
2004-09-19,85.30610000000001,12.186585714285714,17.3617,7.6274000000000015,7.0,7,7,100.0,1.0,0,True
2004-09-26,64.17540000000001,9.167914285714287,20.818600000000007,2.8382,7.0,7,7,100.0,1.0,0,True
2004-10-03,53.8114,7.687342857142857,13.0178,2.0133,7.0,7,7,100.0,1.0,0,True
2004-10-10,59.333600000000004,8.476228571428573,9.818299999999999,5.407399999999999,7.0,7,7,100.0,1.0,0,True
2004-10-17,61.33290000000001,8.761842857142858,21.440000000000005,1.4726,7.0,7,7,100.0,1.0,0,True
2004-10-24,61.34889999999999,8.764128571428571,20.4863,1.1095,7.0,7,7,100.0,1.0,0,True
2004-10-31,75.19690000000001,10.742414285714286,23.898400000000006,3.2727000000000004,7.0,7,7,100.0,1.0,0,True
2004-11-07,95.695,13.670714285714284,33.6463,0.47900000000000004,5.0,7,7,100.0,1.0,0,True
2004-11-14,75.18870000000001,10.741242857142856,23.831699999999998,3.2267,7.0,7,7,100.0,1.0,0,True
2004-11-21,54.418200000000006,7.7740285714285715,15.275799999999998,1.4997000000000003,7.0,7,7,100.0,1.0,0,True
2004-11-28,61.6503,8.807185714285714,24.773399999999995,3.7241000000000004,7.0,7,7,100.0,1.0,0,True
2004-12-05,57.312099999999994,8.187442857142857,18.267999999999997,0.5032,6.0,7,7,100.0,1.0,0,True
2004-12-12,70.3736,10.053371428571428,16.4255,4.9193999999999996,7.0,7,7,100.0,1.0,0,True
2004-12-19,94.38449999999999,13.483500000000001,37.2798,0.0136,5.0,7,7,100.0,1.0,0,True
2004-12-26,37.998799999999996,5.428400000000001,14.326199999999998,0.4843,5.0,7,7,100.0,1.0,0,True
2005-01-02,84.2188,12.031257142857143,24.8937,3.475999999999999,7.0,7,7,100.0,1.0,0,True
2005-01-09,37.0803,5.297185714285715,21.586299999999998,0.31439999999999996,5.0,7,7,100.0,1.0,0,True
2005-01-16,20.218999999999998,2.888428571428571,13.724099999999998,0.0159,4.0,7,7,100.0,1.0,0,True
2005-01-23,74.095,10.584999999999999,23.0218,3.015200000000001,7.0,7,7,100.0,1.0,0,True
2005-01-30,84.3864,12.0552,27.773799999999998,0.32519999999999993,5.0,7,7,100.0,1.0,0,True
2005-02-06,91.02300000000002,13.003285714285715,23.767200000000003,7.1913,7.0,7,7,100.0,1.0,0,True
2005-02-13,62.5618,8.9374,20.656100000000002,1.5258999999999998,7.0,7,7,100.0,1.0,0,True
2005-02-20,44.278400000000005,6.325485714285715,20.2508,0.07250000000000001,4.0,7,7,100.0,1.0,0,True
2005-02-27,106.28479999999999,15.183542857142855,37.0296,1.7080000000000002,7.0,7,7,100.0,1.0,0,True
2005-03-06,111.80019999999999,15.971457142857142,31.552999999999997,1.5424,7.0,7,7,100.0,1.0,0,True
2005-03-13,94.75459999999998,13.536371428571428,34.594899999999996,2.1512999999999995,7.0,7,7,100.0,1.0,0,True
2005-03-20,70.13779999999998,10.019685714285714,22.8624,1.0726000000000002,7.0,7,7,100.0,1.0,0,True
2005-03-27,66.03399999999999,9.43342857142857,17.705,1.0793000000000001,7.0,7,7,100.0,1.0,0,True
2005-04-03,53.9643,7.709185714285714,13.900800000000002,2.0307,7.0,7,7,100.0,1.0,0,True
2005-04-10,59.38319999999999,8.483314285714286,27.1362,0.27799999999999997,5.0,7,7,100.0,1.0,0,True
2005-04-17,61.7531,8.821871428571429,32.0085,1.5600999999999998,7.0,7,7,100.0,1.0,0,True
2005-04-24,66.7611,9.5373,32.7765,0.39870000000000005,5.0,7,7,100.0,1.0,0,True
2005-05-01,32.9714,4.7102,12.5699,0.0,4.0,7,7,100.0,1.0,0,True
2005-05-08,69.78739999999999,9.96962857142857,24.376699999999996,2.5764,7.0,7,7,100.0,1.0,0,True
2005-05-15,53.12489999999998,7.589271428571428,16.7029,0.9207000000000001,6.0,7,7,100.0,1.0,0,True
2005-05-22,96.0077,13.715385714285715,27.3918,0.23929999999999998,6.0,7,7,100.0,1.0,0,True
2005-05-29,36.9551,5.2793,10.564500000000002,1.2242000000000002,7.0,7,7,100.0,1.0,0,True
2005-06-05,74.1165,10.588071428571428,21.0933,4.0347,7.0,7,7,100.0,1.0,0,True
2005-06-12,82.63929999999999,11.805614285714285,26.8297,5.472,7.0,7,7,100.0,1.0,0,True
2005-06-19,50.816,7.259428571428571,29.5754,0.0,4.0,7,7,100.0,1.0,0,True
2005-06-26,44.2564,6.322342857142857,17.7027,0.0202,5.0,7,7,100.0,1.0,0,True
2005-07-03,103.69179999999999,14.813114285714283,53.31969999999998,0.0,5.0,7,7,100.0,1.0,0,True
2005-07-10,12.862599999999999,1.8375142857142854,12.146999999999998,0.0,1.0,7,7,100.0,1.0,0,True
2005-07-17,73.5919,10.51312857142857,30.616499999999995,0.0,4.0,7,7,100.0,1.0,0,True
2005-07-24,11.020599999999998,1.5743714285714285,4.7789,0.0,4.0,7,7,100.0,1.0,0,True
2005-07-31,17.2316,2.4616571428571428,7.659300000000001,0.2892,6.0,7,7,100.0,1.0,0,True
2005-08-07,24.6583,3.522614285714286,9.4493,0.0,3.0,7,7,100.0,1.0,0,True
2005-08-14,63.002700000000004,9.000385714285715,25.139,0.8151,6.0,7,7,100.0,1.0,0,True
2005-08-21,37.887100000000004,5.4124428571428576,12.4938,0.215,6.0,7,7,100.0,1.0,0,True
2005-08-28,55.356199999999994,7.908028571428572,22.038299999999996,0.6261,6.0,7,7,100.0,1.0,0,True
2005-09-04,18.7798,2.682828571428572,6.026500000000001,0.0,5.0,7,7,100.0,1.0,0,True
2005-09-11,9.9887,1.4269571428571428,4.3929,0.0,3.0,7,7,100.0,1.0,0,True
2005-09-18,46.70859999999999,6.672657142857142,10.377699999999999,1.1994,7.0,7,7,100.0,1.0,0,True
2005-09-25,57.71599999999999,8.245142857142854,47.99939999999999,0.0965,2.0,7,7,100.0,1.0,0,True
2005-10-02,74.1581,10.594014285714286,23.491,1.9814,7.0,7,7,100.0,1.0,0,True
2005-10-09,78.815,11.259285714285713,26.378899999999994,3.3301,7.0,7,7,100.0,1.0,0,True
2005-10-16,51.61779999999999,7.373971428571427,21.046499999999995,1.3815,7.0,7,7,100.0,1.0,0,True
2005-10-23,84.95230000000001,12.136042857142858,28.528200000000002,0.4336,6.0,7,7,100.0,1.0,0,True
2005-10-30,87.78040000000001,12.540057142857142,31.3644,2.5099,7.0,7,7,100.0,1.0,0,True
2005-11-06,45.1915,6.455928571428571,14.978399999999999,2.9989,7.0,7,7,100.0,1.0,0,True
2005-11-13,76.6581,10.951157142857141,18.195,0.42349999999999993,6.0,7,7,100.0,1.0,0,True
2005-11-20,81.6418,11.663114285714286,23.616500000000002,2.9906,7.0,7,7,100.0,1.0,0,True
2005-11-27,42.161500000000004,6.023071428571429,29.769700000000004,0.052199999999999996,4.0,7,7,100.0,1.0,0,True
2005-12-04,41.118100000000005,5.874014285714286,13.4442,0.3919,6.0,7,7,100.0,1.0,0,True
2005-12-11,112.08439999999999,16.01205714285714,28.9394,5.122999999999999,7.0,7,7,100.0,1.0,0,True
2005-12-18,54.697100000000006,7.813871428571427,13.260599999999997,3.2875,7.0,7,7,100.0,1.0,0,True
2005-12-25,47.738099999999996,6.819728571428571,25.981899999999992,0.0,4.0,7,7,100.0,1.0,0,True
2006-01-01,86.40759999999999,12.343942857142855,35.31749999999999,0.4236,6.0,7,7,100.0,1.0,0,True
2006-01-08,87.76839999999999,12.538342857142855,29.124299999999998,3.6831,7.0,7,7,100.0,1.0,0,True
2006-01-15,81.12730000000002,11.589614285714287,37.604400000000005,0.0,5.0,7,7,100.0,1.0,0,True
2006-01-22,37.204699999999995,5.314957142857142,26.4054,0.1642,3.0,7,7,100.0,1.0,0,True
2006-01-29,38.8592,5.551314285714286,12.473000000000003,1.0676999999999999,7.0,7,7,100.0,1.0,0,True
2006-02-05,56.8064,8.1152,16.9214,2.6375,7.0,7,7,100.0,1.0,0,True
2006-02-12,14.127299999999998,2.0181857142857145,4.9615,0.3549,4.0,7,7,100.0,1.0,0,True
2006-02-19,107.18520000000001,15.312171428571428,27.1756,0.6435,6.0,7,7,100.0,1.0,0,True
2006-02-26,105.41250000000001,15.058928571428572,24.5611,7.665,7.0,7,7,100.0,1.0,0,True
2006-03-05,145.7748,20.824971428571427,37.1951,7.506600000000001,7.0,7,7,100.0,1.0,0,True
2006-03-12,127.7991,18.257014285714288,31.763700000000007,1.0180999999999998,7.0,7,7,100.0,1.0,0,True
2006-03-19,86.5356,12.362228571428572,17.1009,2.3954000000000004,7.0,7,7,100.0,1.0,0,True
2006-03-26,95.3043,13.614900000000002,38.6559,1.1126999999999998,7.0,7,7,100.0,1.0,0,True
2006-04-02,89.41839999999999,12.774057142857142,33.3069,2.0063999999999997,7.0,7,7,100.0,1.0,0,True
2006-04-09,73.63870000000001,10.519814285714288,25.227600000000002,0.9942,6.0,7,7,100.0,1.0,0,True
2006-04-16,44.6796,6.382799999999999,14.354000000000001,0.0,5.0,7,7,100.0,1.0,0,True
2006-04-23,68.43109999999999,9.77587142857143,24.011799999999997,0.7453,6.0,7,7,100.0,1.0,0,True
2006-04-30,110.3109,15.758700000000001,45.3414,0.030600000000000006,4.0,7,7,100.0,1.0,0,True
2006-05-07,47.007799999999996,6.715400000000001,26.9073,0.0213,3.0,7,7,100.0,1.0,0,True
2006-05-14,47.6276,6.803942857142857,28.027600000000003,0.0,3.0,7,7,100.0,1.0,0,True
2006-05-21,74.95979999999997,10.708542857142856,37.242599999999996,0.0,4.0,7,7,100.0,1.0,0,True
2006-05-28,74.3667,10.623814285714285,21.2202,4.0862,7.0,7,7,100.0,1.0,0,True
2006-06-04,73.5446,10.506371428571427,20.205999999999996,2.0553,7.0,7,7,100.0,1.0,0,True
2006-06-11,71.528,10.218285714285715,33.124900000000004,0.012,5.0,7,7,100.0,1.0,0,True
2006-06-18,31.981600000000004,4.5688,11.6773,0.2683,6.0,7,7,100.0,1.0,0,True
2006-06-25,34.834,4.976285714285715,16.343400000000003,0.0103,4.0,7,7,100.0,1.0,0,True
2006-07-02,10.810400000000003,1.5443428571428572,5.723700000000001,0.0,2.0,7,7,100.0,1.0,0,True
2006-07-09,83.6212,11.945885714285714,39.725500000000004,0.1631,6.0,7,7,100.0,1.0,0,True
2006-07-16,8.0488,1.1498285714285714,3.5637,0.057999999999999996,3.0,7,7,100.0,1.0,0,True
2006-07-23,71.50110000000001,10.214442857142858,17.2607,2.6467999999999994,7.0,7,7,100.0,1.0,0,True
2006-07-30,44.2912,6.327314285714286,23.1542,0.0070999999999999995,6.0,7,7,100.0,1.0,0,True
2006-08-06,43.807900000000004,6.258271428571429,23.244200000000006,1.9322000000000004,7.0,7,7,100.0,1.0,0,True
2006-08-13,59.165499999999994,8.452214285714286,12.7699,2.0268,7.0,7,7,100.0,1.0,0,True
2006-08-20,45.6244,6.517771428571429,20.7293,0.5332,6.0,7,7,100.0,1.0,0,True
2006-08-27,81.1659,11.595128571428571,26.530499999999996,5.729400000000001,7.0,7,7,100.0,1.0,0,True
2006-09-03,56.3527,8.050385714285714,15.4344,0.0,5.0,7,7,100.0,1.0,0,True
2006-09-10,122.9135,17.55907142857143,47.205299999999994,2.1625,7.0,7,7,100.0,1.0,0,True
2006-09-17,93.4466,13.349514285714287,25.872699999999995,1.9456,7.0,7,7,100.0,1.0,0,True
2006-09-24,80.76820000000001,11.538314285714284,40.21,0.5845,6.0,7,7,100.0,1.0,0,True
2006-10-01,49.015100000000004,7.002157142857143,18.0984,0.5323,6.0,7,7,100.0,1.0,0,True
2006-10-08,70.3197,10.045671428571428,18.406599999999997,3.5281999999999996,7.0,7,7,100.0,1.0,0,True
2006-10-15,62.449799999999996,8.9214,22.7325,0.23609999999999995,6.0,7,7,100.0,1.0,0,True
2006-10-22,53.2478,7.606828571428571,17.2519,0.2728,5.0,7,7,100.0,1.0,0,True
2006-10-29,88.8947,12.699242857142858,19.7787,2.0061,7.0,7,7,100.0,1.0,0,True
2006-11-05,89.4366,12.776657142857143,36.7104,2.4444000000000004,7.0,7,7,100.0,1.0,0,True
2006-11-12,56.2283,8.032614285714287,12.2378,2.3990000000000005,7.0,7,7,100.0,1.0,0,True
2006-11-19,69.15320000000001,9.879028571428572,31.974700000000002,0.10759999999999997,5.0,7,7,100.0,1.0,0,True
2006-11-26,101.5341,14.504871428571429,27.002700000000004,4.749699999999999,7.0,7,7,100.0,1.0,0,True
2006-12-03,140.8995,20.1285,65.2627,2.9515,7.0,7,7,100.0,1.0,0,True
2006-12-10,124.4385,17.776928571428574,40.5248,4.6768,7.0,7,7,100.0,1.0,0,True
2006-12-17,121.87190000000001,17.41027142857143,30.7863,6.0668999999999995,7.0,7,7,100.0,1.0,0,True
2006-12-24,68.8987,9.84267142857143,20.4165,3.9353999999999996,7.0,7,7,100.0,1.0,0,True
2006-12-31,57.813500000000005,8.25907142857143,24.863200000000003,1.3239999999999998,7.0,7,7,100.0,1.0,0,True
2007-01-07,76.5406,10.934371428571428,29.478399999999997,0.0687,5.0,7,7,100.0,1.0,0,True
2007-01-14,60.19800000000001,8.599714285714287,27.956500000000005,0.8719,6.0,7,7,100.0,1.0,0,True
2007-01-21,106.4992,15.21417142857143,29.340200000000003,4.951899999999999,7.0,7,7,100.0,1.0,0,True
2007-01-28,52.7941,7.542014285714286,12.547699999999999,3.0504,7.0,7,7,100.0,1.0,0,True
2007-02-04,4.257300000000001,0.6081857142857144,2.24,0.0,2.0,7,7,100.0,1.0,0,True
2007-02-11,41.75130000000001,5.964471428571429,21.006700000000002,0.5585,5.0,7,7,100.0,1.0,0,True
2007-02-18,35.113,5.0161428571428575,14.314400000000001,0.8941,6.0,7,7,100.0,1.0,0,True
2007-02-25,66.8968,9.556685714285715,20.921099999999992,3.3667000000000002,7.0,7,7,100.0,1.0,0,True
2007-03-04,99.53499999999998,14.219285714285714,26.461100000000002,0.9619,6.0,7,7,100.0,1.0,0,True
2007-03-11,118.51479999999998,16.930685714285712,35.649899999999995,3.9986,7.0,7,7,100.0,1.0,0,True
2007-03-18,154.9632,22.1376,61.577400000000004,4.2927,7.0,7,7,100.0,1.0,0,True
2007-03-25,79.4485,11.349785714285714,25.796599999999998,2.3877,7.0,7,7,100.0,1.0,0,True
2007-04-01,117.83369999999998,16.833385714285715,24.989000000000004,2.6546,7.0,7,7,100.0,1.0,0,True
2007-04-08,108.2848,15.469257142857144,28.542600000000004,4.3959,7.0,7,7,100.0,1.0,0,True
2007-04-15,93.4684,13.352628571428571,36.766000000000005,4.366500000000001,7.0,7,7,100.0,1.0,0,True
2007-04-22,68.6599,9.808557142857142,18.1578,2.4852,7.0,7,7,100.0,1.0,0,True
2007-04-29,38.4839,5.4977,19.2274,0.0155,5.0,7,7,100.0,1.0,0,True
2007-05-06,108.8926,15.556085714285715,30.7821,0.0,6.0,7,7,100.0,1.0,0,True
2007-05-13,53.863800000000005,7.694828571428571,26.949900000000003,0.2928,5.0,7,7,100.0,1.0,0,True
2007-05-20,95.73880000000001,13.67697142857143,35.859100000000005,1.9303,7.0,7,7,100.0,1.0,0,True
2007-05-27,58.883199999999995,8.411885714285713,22.112199999999998,0.0079,6.0,7,7,100.0,1.0,0,True
2007-06-03,69.3594,9.908485714285716,19.9262,2.2336,7.0,7,7,100.0,1.0,0,True
2007-06-10,97.97099999999999,13.995857142857142,31.072099999999995,1.3562999999999996,7.0,7,7,100.0,1.0,0,True
2007-06-17,50.31250000000001,7.1875,23.093000000000004,1.2294,7.0,7,7,100.0,1.0,0,True
2007-06-24,7.053700000000001,1.0076714285714286,3.1196,0.0,3.0,7,7,100.0,1.0,0,True
2007-07-01,6.8527000000000005,0.978957142857143,2.7752,0.024399999999999998,2.0,7,7,100.0,1.0,0,True
2007-07-08,37.8026,5.400371428571428,20.530499999999996,0.49870000000000003,5.0,7,7,100.0,1.0,0,True
2007-07-15,74.6866,10.669514285714286,29.1124,0.6731999999999999,6.0,7,7,100.0,1.0,0,True
2007-07-22,76.6391,10.948442857142856,29.019299999999998,0.0,6.0,7,7,100.0,1.0,0,True
2007-07-29,27.8382,3.9768857142857144,25.186,0.0387,2.0,7,7,100.0,1.0,0,True
2007-08-05,32.020700000000005,4.574385714285714,8.5513,2.2833,7.0,7,7,100.0,1.0,0,True
2007-08-12,39.095699999999994,5.5851,17.3718,0.4254,5.0,7,7,100.0,1.0,0,True
2007-08-19,8.8143,1.2591857142857141,4.223299999999999,0.17170000000000002,3.0,7,7,100.0,1.0,0,True
2007-08-26,98.36529999999999,14.052185714285713,37.69859999999999,0.7317,6.0,7,7,100.0,1.0,0,True
2007-09-02,53.3307,7.618671428571429,13.1917,2.2326,7.0,7,7,100.0,1.0,0,True
2007-09-09,54.7971,7.828157142857143,13.741700000000002,0.9078,6.0,7,7,100.0,1.0,0,True
2007-09-16,59.212199999999996,8.458885714285715,14.8859,1.6474000000000002,7.0,7,7,100.0,1.0,0,True
2007-09-23,66.5857,9.512242857142857,31.2102,1.2977,7.0,7,7,100.0,1.0,0,True
2007-09-30,33.3429,4.763271428571429,9.124900000000002,1.2947,7.0,7,7,100.0,1.0,0,True
2007-10-07,74.92710000000001,10.70387142857143,22.19430000000001,0.8561,6.0,7,7,100.0,1.0,0,True
2007-10-14,105.4694,15.067057142857143,21.658700000000003,2.9563,7.0,7,7,100.0,1.0,0,True
2007-10-21,38.153400000000005,5.450485714285714,13.5837,1.5328,7.0,7,7,100.0,1.0,0,True
2007-10-28,58.301700000000004,8.328814285714286,20.933899999999998,0.1334,5.0,7,7,100.0,1.0,0,True
2007-11-04,142.40540000000001,20.343628571428575,60.84290000000001,3.2387999999999995,7.0,7,7,100.0,1.0,0,True
2007-11-11,87.3653,12.480757142857144,19.765,5.3252999999999995,7.0,7,7,100.0,1.0,0,True
2007-11-18,60.9079,8.70112857142857,21.5198,1.5552999999999997,7.0,7,7,100.0,1.0,0,True
2007-11-25,89.5836,12.797657142857144,28.2287,2.7196000000000002,7.0,7,7,100.0,1.0,0,True
2007-12-02,24.758,3.536857142857143,10.405899999999999,0.0,4.0,7,7,100.0,1.0,0,True
2007-12-09,72.5202,10.360028571428572,19.0655,1.1188,7.0,7,7,100.0,1.0,0,True
2007-12-16,110.6123,15.801757142857143,44.056000000000004,0.7210999999999999,6.0,7,7,100.0,1.0,0,True
2007-12-23,92.82579999999999,13.260828571428572,19.6278,4.3215,7.0,7,7,100.0,1.0,0,True
2007-12-30,51.83019999999999,7.4043142857142845,17.107899999999997,0.16829999999999998,6.0,7,7,100.0,1.0,0,True
2008-01-06,53.928799999999995,7.704114285714285,22.538299999999996,0.6165,6.0,7,7,100.0,1.0,0,True
2008-01-13,110.98720000000002,15.855314285714286,43.1915,1.8172,7.0,7,7,100.0,1.0,0,True
2008-01-20,102.90440000000001,14.700628571428572,23.794500000000003,3.7407999999999997,7.0,7,7,100.0,1.0,0,True
2008-01-27,31.9036,4.557657142857143,9.579500000000001,0.025,5.0,7,7,100.0,1.0,0,True
2008-02-03,28.974300000000003,4.1391857142857145,14.434200000000002,0.33599999999999997,5.0,7,7,100.0,1.0,0,True
2008-02-10,67.1719,9.595985714285716,14.385700000000002,5.9084,7.0,7,7,100.0,1.0,0,True
2008-02-17,157.42289999999997,22.48898571428571,45.40359999999999,9.384400000000001,7.0,7,7,100.0,1.0,0,True
2008-02-24,125.91849999999998,17.98835714285714,45.43119999999999,5.1575999999999995,7.0,7,7,100.0,1.0,0,True
2008-03-02,84.6488,12.092685714285713,24.4854,1.4281,7.0,7,7,100.0,1.0,0,True
2008-03-09,84.87549999999999,12.125071428571431,31.707000000000004,1.3335,7.0,7,7,100.0,1.0,0,True
2008-03-16,44.512499999999996,6.358928571428572,12.004199999999999,0.8464,6.0,7,7,100.0,1.0,0,True
2008-03-23,85.4427,12.206100000000001,50.2747,0.43079999999999996,6.0,7,7,100.0,1.0,0,True
2008-03-30,50.4542,7.207742857142857,19.218200000000003,1.2592,7.0,7,7,100.0,1.0,0,True
2008-04-06,55.9604,7.994342857142857,23.2317,0.47989999999999994,6.0,7,7,100.0,1.0,0,True
2008-04-13,69.00559999999999,9.857942857142858,18.366,3.2683000000000004,7.0,7,7,100.0,1.0,0,True
2008-04-20,49.654500000000006,7.093500000000001,21.498800000000006,1.4598,7.0,7,7,100.0,1.0,0,True
2008-04-27,82.5437,11.791957142857143,26.7561,5.598199999999999,7.0,7,7,100.0,1.0,0,True
2008-05-04,28.815899999999996,4.116557142857142,15.491399999999997,0.0,2.0,7,7,100.0,1.0,0,True
2008-05-11,33.33560000000001,4.7622285714285715,12.667900000000001,0.4668999999999999,5.0,7,7,100.0,1.0,0,True
2008-05-18,94.23069999999998,13.46152857142857,33.363299999999995,3.2103,7.0,7,7,100.0,1.0,0,True
2008-05-25,104.5033,14.929042857142857,20.8779,7.205900000000001,7.0,7,7,100.0,1.0,0,True
2008-06-01,6.0174,0.8596285714285715,4.463,0.0,1.0,7,7,100.0,1.0,0,True
2008-06-08,94.16770000000001,13.452528571428571,25.5171,1.9157000000000002,7.0,7,7,100.0,1.0,0,True
2008-06-15,113.34760000000001,16.19251428571429,33.4469,2.4292000000000002,7.0,7,7,100.0,1.0,0,True
2008-06-22,85.9903,12.284328571428572,42.82,0.0,4.0,7,7,100.0,1.0,0,True
2008-06-29,7.622600000000001,1.0889428571428572,3.5582000000000007,0.1452,3.0,7,7,100.0,1.0,0,True
2008-07-06,58.782700000000006,8.397528571428571,35.284600000000005,0.2964,6.0,7,7,100.0,1.0,0,True
2008-07-13,56.3197,8.045671428571428,23.4669,0.19440000000000002,6.0,7,7,100.0,1.0,0,True
2008-07-20,67.6831,9.669014285714285,15.0351,3.6530999999999993,7.0,7,7,100.0,1.0,0,True
2008-07-27,57.1145,8.159214285714286,14.9591,1.3847999999999998,7.0,7,7,100.0,1.0,0,True
2008-08-03,40.3329,5.761842857142858,12.566400000000002,0.5668,6.0,7,7,100.0,1.0,0,True
2008-08-10,25.5357,3.6479571428571425,6.0760000000000005,0.5743,6.0,7,7,100.0,1.0,0,True
2008-08-17,51.176199999999994,7.310885714285713,14.8605,1.8388999999999995,7.0,7,7,100.0,1.0,0,True
2008-08-24,53.7148,7.673542857142857,20.8578,2.9376000000000007,7.0,7,7,100.0,1.0,0,True
2008-08-31,62.8258,8.975114285714287,27.621600000000004,1.8157999999999999,7.0,7,7,100.0,1.0,0,True
2008-09-07,48.241800000000005,6.891685714285715,13.108799999999999,0.2122,5.0,7,7,100.0,1.0,0,True
2008-09-14,63.388400000000004,9.055485714285714,22.453000000000003,0.7083999999999999,6.0,7,7,100.0,1.0,0,True
2008-09-21,58.653600000000004,8.379085714285713,24.0875,0.0232,6.0,7,7,100.0,1.0,0,True
2008-09-28,36.1906,5.170085714285714,17.087500000000002,0.058100000000000006,5.0,7,7,100.0,1.0,0,True
2008-10-05,77.89789999999999,11.128271428571429,34.733900000000006,2.5888999999999993,7.0,7,7,100.0,1.0,0,True
2008-10-12,80.3671,11.481014285714284,30.4197,4.3323,7.0,7,7,100.0,1.0,0,True
2008-10-19,68.9212,9.845885714285714,16.6109,0.8933,6.0,7,7,100.0,1.0,0,True
2008-10-26,40.803399999999996,5.829057142857143,9.9314,1.4717999999999996,7.0,7,7,100.0,1.0,0,True
2008-11-02,42.53829999999999,6.0769,17.1415,0.049,5.0,7,7,100.0,1.0,0,True
2008-11-09,85.81620000000001,12.259457142857144,26.9681,1.8629999999999998,7.0,7,7,100.0,1.0,0,True
2008-11-16,54.081,7.725857142857143,14.740500000000003,0.8844999999999998,6.0,7,7,100.0,1.0,0,True
2008-11-23,89.7993,12.82847142857143,31.7677,1.4474,7.0,7,7,100.0,1.0,0,True
2008-11-30,81.35199999999999,11.621714285714285,25.267099999999992,1.3773,7.0,7,7,100.0,1.0,0,True
2008-12-07,74.5852,10.655028571428572,35.3752,2.2563999999999997,7.0,7,7,100.0,1.0,0,True
2008-12-14,22.739199999999997,3.2484571428571423,14.407199999999998,0.0040999999999999995,3.0,7,7,100.0,1.0,0,True
2008-12-21,10.056499999999998,1.436642857142857,5.3559,0.08109999999999999,3.0,7,7,100.0,1.0,0,True
2008-12-28,27.930100000000003,3.990014285714286,15.763000000000002,0.1267,6.0,7,7,100.0,1.0,0,True
2009-01-04,93.66230000000003,13.380328571428574,25.284700000000008,1.8745000000000003,7.0,7,7,100.0,1.0,0,True
2009-01-11,32.055600000000005,4.579371428571428,9.9794,0.5529,6.0,7,7,100.0,1.0,0,True
2009-01-18,157.5585,22.50835714285714,50.0625,5.393799999999999,7.0,7,7,100.0,1.0,0,True
2009-01-25,102.52170000000001,14.645957142857144,34.098099999999995,3.9898,7.0,7,7,100.0,1.0,0,True
2009-02-01,90.7072,12.958171428571427,28.284999999999997,4.0355,7.0,7,7,100.0,1.0,0,True
2009-02-08,89.5387,12.791242857142858,29.922200000000007,2.1507,7.0,7,7,100.0,1.0,0,True
2009-02-15,94.1072,13.443885714285715,26.981800000000003,1.5983,7.0,7,7,100.0,1.0,0,True
2009-02-22,98.1711,14.024442857142857,35.2425,1.8258,7.0,7,7,100.0,1.0,0,True
2009-03-01,109.87650000000001,15.696642857142857,22.3272,3.3216999999999994,7.0,7,7,100.0,1.0,0,True
2009-03-08,74.503,10.643285714285714,23.668000000000003,2.1414,7.0,7,7,100.0,1.0,0,True
2009-03-15,73.1183,10.445471428571429,16.069200000000002,2.6927999999999996,7.0,7,7,100.0,1.0,0,True
2009-03-22,118.0617,16.865957142857145,34.177899999999994,3.7203999999999997,7.0,7,7,100.0,1.0,0,True
2009-03-29,67.39560000000002,9.627942857142857,14.858400000000001,5.1871,7.0,7,7,100.0,1.0,0,True
2009-04-05,128.7148,18.38782857142857,35.890899999999995,6.084099999999999,7.0,7,7,100.0,1.0,0,True
2009-04-12,67.19460000000001,9.599228571428572,17.7198,0.9276000000000002,6.0,7,7,100.0,1.0,0,True
2009-04-19,71.64189999999999,10.234557142857142,21.2316,3.0532,7.0,7,7,100.0,1.0,0,True
2009-04-26,72.1409,10.305842857142858,22.217,0.3997,6.0,7,7,100.0,1.0,0,True
2009-05-03,61.6424,8.806057142857144,15.9273,2.8283,7.0,7,7,100.0,1.0,0,True
2009-05-10,55.8019,7.9717,18.7283,4.2354,7.0,7,7,100.0,1.0,0,True
2009-05-17,85.44989999999999,12.20712857142857,44.152399999999986,0.6073999999999999,6.0,7,7,100.0,1.0,0,True
2009-05-24,39.1189,5.588414285714285,17.679899999999996,1.2783000000000002,7.0,7,7,100.0,1.0,0,True
2009-05-31,88.26180000000001,12.608828571428571,28.812499999999996,0.0,4.0,7,7,100.0,1.0,0,True
2009-06-07,46.184,6.597714285714285,23.007599999999996,0.9998999999999999,6.0,7,7,100.0,1.0,0,True
2009-06-14,85.6232,12.231885714285713,26.295299999999997,0.16689999999999997,5.0,7,7,100.0,1.0,0,True
2009-06-21,90.0613,12.8659,27.156100000000006,2.7003000000000004,7.0,7,7,100.0,1.0,0,True
2009-06-28,54.5105,7.787214285714285,15.150400000000001,0.3084,6.0,7,7,100.0,1.0,0,True
2009-07-05,68.07459999999999,9.724942857142858,19.060200000000002,1.175,7.0,7,7,100.0,1.0,0,True
2009-07-12,34.40879999999999,4.915542857142857,9.947199999999999,2.7584999999999997,7.0,7,7,100.0,1.0,0,True
2009-07-19,67.83370000000001,9.690528571428572,27.569200000000002,0.4226,6.0,7,7,100.0,1.0,0,True
2009-07-26,15.607199999999999,2.2296,4.416200000000001,0.024,4.0,7,7,100.0,1.0,0,True
2009-08-02,39.8828,5.6975428571428575,14.600500000000002,0.6800999999999999,6.0,7,7,100.0,1.0,0,True
2009-08-09,31.6206,4.517228571428571,13.089099999999998,0.08879999999999999,4.0,7,7,100.0,1.0,0,True
2009-08-16,84.85149999999999,12.121642857142858,24.901000000000003,0.7525999999999999,6.0,7,7,100.0,1.0,0,True
2009-08-23,90.8255,12.975071428571429,27.7684,1.8847999999999998,7.0,7,7,100.0,1.0,0,True
2009-08-30,27.714000000000002,3.9591428571428575,6.5214000000000025,1.7309999999999999,7.0,7,7,100.0,1.0,0,True
2009-09-06,29.424,4.203428571428572,13.2426,0.025,5.0,7,7,100.0,1.0,0,True
2009-09-13,47.1221,6.7317285714285715,16.3108,0.005600000000000001,5.0,7,7,100.0,1.0,0,True
2009-09-20,60.5655,8.652214285714285,16.334399999999995,2.3153,7.0,7,7,100.0,1.0,0,True
2009-09-27,26.701900000000002,3.8145571428571428,5.6868,1.4088,7.0,7,7,100.0,1.0,0,True
2009-10-04,30.3886,4.341228571428571,9.9923,0.8505000000000001,6.0,7,7,100.0,1.0,0,True
2009-10-11,64.43820000000001,9.205457142857142,32.70440000000001,0.8736999999999998,6.0,7,7,100.0,1.0,0,True
2009-10-18,88.726,12.675142857142857,27.474999999999994,2.0376999999999996,7.0,7,7,100.0,1.0,0,True
2009-10-25,55.03410000000001,7.862014285714286,13.510400000000002,3.292,7.0,7,7,100.0,1.0,0,True
2009-11-01,51.16180000000001,7.308828571428571,22.4783,2.5953,7.0,7,7,100.0,1.0,0,True
2009-11-08,63.46640000000001,9.066628571428572,23.0496,0.22480000000000003,6.0,7,7,100.0,1.0,0,True
2009-11-15,38.3722,5.481742857142857,14.808900000000001,0.08770000000000001,6.0,7,7,100.0,1.0,0,True
2009-11-22,65.35719999999999,9.336742857142857,16.862099999999998,3.6704000000000003,7.0,7,7,100.0,1.0,0,True
2009-11-29,102.42719999999998,14.632457142857143,21.492899999999995,3.9798999999999993,7.0,7,7,100.0,1.0,0,True
2009-12-06,61.619299999999996,8.802757142857143,24.149700000000003,0.4251,6.0,7,7,100.0,1.0,0,True
2009-12-13,70.6092,10.087028571428572,31.442400000000003,0.6110000000000001,6.0,7,7,100.0,1.0,0,True
2009-12-20,97.49579999999999,13.927971428571427,24.455599999999993,5.021299999999999,7.0,7,7,100.0,1.0,0,True
2009-12-27,25.5851,3.655014285714286,13.7226,0.17590000000000003,4.0,7,7,100.0,1.0,0,True
2010-01-03,25.1085,3.5869285714285715,11.401399999999999,0.13379999999999997,4.0,7,7,100.0,1.0,0,True
2010-01-10,40.6809,5.811557142857143,12.848800000000004,2.1856999999999998,7.0,7,7,100.0,1.0,0,True
2010-01-17,72.1538,10.307685714285713,22.231200000000005,0.9736000000000001,6.0,7,7,100.0,1.0,0,True
2010-01-24,89.5595,12.794214285714286,34.1319,0.6911999999999999,6.0,7,7,100.0,1.0,0,True
2010-01-31,50.67540000000001,7.239342857142859,26.053000000000008,0.13760000000000003,5.0,7,7,100.0,1.0,0,True
2010-02-07,27.627699999999997,3.946814285714286,9.0151,0.6567000000000001,6.0,7,7,100.0,1.0,0,True
2010-02-14,53.9965,7.713785714285714,17.4105,1.5822999999999998,7.0,7,7,100.0,1.0,0,True
2010-02-21,103.72939999999998,14.818485714285714,21.3139,5.404100000000001,7.0,7,7,100.0,1.0,0,True
2010-02-28,57.9047,8.2721,15.559599999999998,2.4667,7.0,7,7,100.0,1.0,0,True
2010-03-07,100.96039999999999,14.422914285714285,42.190099999999994,4.949,7.0,7,7,100.0,1.0,0,True
2010-03-14,91.77959999999999,13.11137142857143,33.57,1.1234,7.0,7,7,100.0,1.0,0,True
2010-03-21,44.15710000000001,6.3081571428571435,10.049100000000003,0.4378,6.0,7,7,100.0,1.0,0,True
2010-03-28,76.4389,10.919842857142857,40.38999999999999,0.15839999999999999,6.0,7,7,100.0,1.0,0,True
2010-04-04,66.15899999999998,9.451285714285714,19.756,0.5945,6.0,7,7,100.0,1.0,0,True
2010-04-11,79.4938,11.356257142857142,32.605999999999995,1.5599,7.0,7,7,100.0,1.0,0,True
2010-04-18,36.9933,5.284757142857143,14.960099999999997,0.46989999999999993,5.0,7,7,100.0,1.0,0,True
2010-04-25,83.36479999999999,11.909257142857143,35.7692,3.4795999999999987,7.0,7,7,100.0,1.0,0,True
2010-05-02,105.4572,15.065314285714285,44.6829,0.9621,6.0,7,7,100.0,1.0,0,True
2010-05-09,10.8064,1.5437714285714286,7.0965,0.0,2.0,7,7,100.0,1.0,0,True
2010-05-16,59.7572,8.536742857142858,16.3112,2.2320999999999995,7.0,7,7,100.0,1.0,0,True
2010-05-23,93.5176,13.359657142857145,41.21920000000001,2.7215,7.0,7,7,100.0,1.0,0,True
2010-05-30,56.2254,8.0322,32.0835,0.050199999999999995,6.0,7,7,100.0,1.0,0,True
2010-06-06,65.52420000000001,9.360600000000002,19.3763,1.2238000000000002,7.0,7,7,100.0,1.0,0,True
2010-06-13,71.8977,10.2711,29.1048,1.1603,7.0,7,7,100.0,1.0,0,True
2010-06-20,73.26050000000001,10.465785714285715,27.338500000000003,2.7144999999999997,7.0,7,7,100.0,1.0,0,True
2010-06-27,40.084900000000005,5.726414285714285,10.9552,0.9741999999999998,6.0,7,7,100.0,1.0,0,True
2010-07-04,76.6897,10.95567142857143,27.9307,1.9652999999999998,7.0,7,7,100.0,1.0,0,True
2010-07-11,73.7284,10.532628571428571,20.907899999999994,0.037200000000000004,6.0,7,7,100.0,1.0,0,True
2010-07-18,4.7635000000000005,0.6805000000000001,4.4066,0.0,1.0,7,7,100.0,1.0,0,True
2010-07-25,26.1148,3.730685714285715,13.335500000000001,0.4755,5.0,7,7,100.0,1.0,0,True
2010-08-01,23.182799999999997,3.3118285714285713,8.898299999999999,0.005,4.0,7,7,100.0,1.0,0,True
2010-08-08,18.7172,2.673885714285714,7.6777999999999995,0.0372,4.0,7,7,100.0,1.0,0,True
2010-08-15,8.8092,1.258457142857143,5.8269,0.0379,2.0,7,7,100.0,1.0,0,True
2010-08-22,28.5459,4.077985714285714,14.4796,0.026000000000000002,5.0,7,7,100.0,1.0,0,True
2010-08-29,54.4665,7.780928571428572,14.511000000000001,2.8394999999999997,7.0,7,7,100.0,1.0,0,True
2010-09-05,24.448400000000007,3.4926285714285714,8.149600000000001,0.0696,5.0,7,7,100.0,1.0,0,True
2010-09-12,51.816900000000004,7.402414285714286,27.635900000000003,0.20110000000000003,6.0,7,7,100.0,1.0,0,True
2010-09-19,35.4393,5.062757142857143,13.3545,0.2243,5.0,7,7,100.0,1.0,0,True
2010-09-26,22.6125,3.230357142857143,7.5197,0.6287,6.0,7,7,100.0,1.0,0,True
2010-10-03,46.9273,6.7039,17.3926,0.27630000000000005,6.0,7,7,100.0,1.0,0,True
2010-10-10,37.2532,5.321885714285714,10.672600000000003,0.8391000000000001,6.0,7,7,100.0,1.0,0,True
2010-10-17,30.182199999999998,4.311742857142858,11.3151,0.0272,5.0,7,7,100.0,1.0,0,True
2010-10-24,55.0185,7.859785714285715,22.393700000000003,0.8018,6.0,7,7,100.0,1.0,0,True
2010-10-31,77.4706,11.067228571428572,29.3695,0.0349,4.0,7,7,100.0,1.0,0,True
2010-11-07,76.5762,10.939457142857142,22.3172,2.6220999999999997,7.0,7,7,100.0,1.0,0,True
2010-11-14,46.2229,6.603271428571428,21.8966,1.8969000000000003,7.0,7,7,100.0,1.0,0,True
2010-11-21,46.7168,6.673828571428571,20.029,0.9323,6.0,7,7,100.0,1.0,0,True
2010-11-28,100.88439999999999,14.41205714285714,29.215099999999996,5.3702000000000005,7.0,7,7,100.0,1.0,0,True
2010-12-05,32.3458,4.620828571428571,8.6829,1.5881,7.0,7,7,100.0,1.0,0,True
2010-12-12,66.9088,9.5584,17.0259,4.566,7.0,7,7,100.0,1.0,0,True
2010-12-19,34.4232,4.9176,8.1916,1.8494,7.0,7,7,100.0,1.0,0,True
2010-12-26,26.8436,3.8348,12.2099,0.0,4.0,7,7,100.0,1.0,0,True
2011-01-02,28.4409,4.062985714285714,8.61,0.24850000000000005,5.0,7,7,100.0,1.0,0,True
2011-01-09,52.804,7.543428571428572,18.2496,2.5862,7.0,7,7,100.0,1.0,0,True
2011-01-16,42.3734,6.053342857142858,8.083,2.7091000000000003,7.0,7,7,100.0,1.0,0,True
2011-01-23,41.718500000000006,5.959785714285715,23.735100000000006,1.5200000000000002,7.0,7,7,100.0,1.0,0,True
2011-01-30,35.4787,5.068385714285713,12.0906,0.9515,6.0,7,7,100.0,1.0,0,True
2011-02-06,47.1418,6.734542857142857,18.678800000000003,1.3217,7.0,7,7,100.0,1.0,0,True
2011-02-13,71.29100000000001,10.184428571428572,19.118100000000002,5.769,7.0,7,7,100.0,1.0,0,True
2011-02-20,54.4366,7.776657142857142,10.1729,6.068,7.0,7,7,100.0,1.0,0,True
2011-02-27,55.3472,7.906742857142857,21.0523,0.7424000000000001,6.0,7,7,100.0,1.0,0,True
2011-03-06,84.30430000000001,12.043471428571427,42.746900000000004,0.5712,6.0,7,7,100.0,1.0,0,True
2011-03-13,45.7137,6.5305285714285715,16.527,0.9838,6.0,7,7,100.0,1.0,0,True
2011-03-20,90.05520000000001,12.865028571428573,26.041000000000004,3.3119999999999994,7.0,7,7,100.0,1.0,0,True
2011-03-27,77.2231,11.03187142857143,24.492600000000003,3.0648999999999997,7.0,7,7,100.0,1.0,0,True
2011-04-03,100.00440000000002,14.286342857142857,26.7085,1.6610000000000003,7.0,7,7,100.0,1.0,0,True
2011-04-10,105.8759,15.125128571428572,36.141000000000005,0.4816,6.0,7,7,100.0,1.0,0,True
2011-04-17,86.1501,12.307157142857141,31.4646,1.1008,7.0,7,7,100.0,1.0,0,True
2011-04-24,74.033,10.576142857142857,31.1066,0.3393,6.0,7,7,100.0,1.0,0,True
2011-05-01,19.4593,2.7799,15.6725,0.0,3.0,7,7,100.0,1.0,0,True
2011-05-08,111.93090000000001,15.990128571428572,42.8331,1.8547000000000002,7.0,7,7,100.0,1.0,0,True
2011-05-15,77.5839,11.083414285714285,27.993000000000002,1.811,7.0,7,7,100.0,1.0,0,True
2011-05-22,44.9525,6.421785714285714,12.952399999999997,1.7043000000000001,7.0,7,7,100.0,1.0,0,True
2011-05-29,80.10719999999999,11.443885714285715,50.439899999999994,0.006500000000000001,5.0,7,7,100.0,1.0,0,True
2011-06-05,90.2606,12.894371428571429,35.188199999999995,0.23829999999999998,5.0,7,7,100.0,1.0,0,True
2011-06-12,56.928799999999995,8.132685714285714,26.3764,2.6053,7.0,7,7,100.0,1.0,0,True
2011-06-19,37.4038,5.3434,16.167999999999996,0.6279,5.0,7,7,100.0,1.0,0,True
2011-06-26,35.54039999999999,5.0771999999999995,18.023699999999998,0.0,5.0,7,7,100.0,1.0,0,True
2011-07-03,22.172499999999996,3.1675,14.0364,0.16740000000000002,3.0,7,7,100.0,1.0,0,True
2011-07-10,47.15419999999999,6.736314285714284,21.057299999999994,1.8020999999999998,7.0,7,7,100.0,1.0,0,True
2011-07-17,118.2672,16.895314285714285,39.168899999999994,0.27449999999999997,6.0,7,7,100.0,1.0,0,True
2011-07-24,22.9844,3.2834857142857143,13.708400000000001,0.3468,4.0,7,7,100.0,1.0,0,True
2011-07-31,42.6579,6.093985714285714,11.621799999999999,0.0,6.0,7,7,100.0,1.0,0,True
2011-08-07,5.720900000000001,0.8172714285714286,2.3335000000000004,0.0548,2.0,7,7,100.0,1.0,0,True
2011-08-14,39.577400000000004,5.6539142857142854,11.4659,0.5492,6.0,7,7,100.0,1.0,0,True
2011-08-21,32.3712,4.6244571428571435,15.8027,0.0,3.0,7,7,100.0,1.0,0,True
2011-08-28,32.575500000000005,4.653642857142857,9.5463,0.6773999999999998,6.0,7,7,100.0,1.0,0,True
2011-09-04,43.8569,6.265271428571429,15.1478,1.2409000000000001,7.0,7,7,100.0,1.0,0,True
2011-09-11,44.374599999999994,6.339228571428571,12.101599999999998,2.758300000000001,7.0,7,7,100.0,1.0,0,True
2011-09-18,63.60919999999999,9.08702857142857,21.005499999999998,2.7646,7.0,7,7,100.0,1.0,0,True
2011-09-25,56.684099999999994,8.09772857142857,15.273199999999996,3.0054,7.0,7,7,100.0,1.0,0,True
2011-10-02,51.6433,7.3776142857142855,12.205100000000002,3.3562,7.0,7,7,100.0,1.0,0,True
2011-10-09,39.96099999999999,5.708714285714286,7.9927,3.0155999999999996,7.0,7,7,100.0,1.0,0,True
2011-10-16,37.739,5.391285714285714,9.6062,1.8546,7.0,7,7,100.0,1.0,0,True
2011-10-23,33.423,4.774714285714286,13.5653,0.0079,6.0,7,7,100.0,1.0,0,True
2011-10-30,59.85060000000001,8.550085714285716,15.3329,1.6456,7.0,7,7,100.0,1.0,0,True
2011-11-06,98.2711,14.03872857142857,32.5288,0.8100000000000002,6.0,7,7,100.0,1.0,0,True
2011-11-13,63.933199999999985,9.133314285714285,25.637199999999996,0.31679999999999997,5.0,7,7,100.0,1.0,0,True
2011-11-20,37.09580000000001,5.2994,14.327500000000004,0.2759,5.0,7,7,100.0,1.0,0,True
2011-11-27,79.9022,11.414599999999998,21.329,1.0428,7.0,7,7,100.0,1.0,0,True
2011-12-04,74.8598,10.694257142857143,24.9063,3.9473000000000003,7.0,7,7,100.0,1.0,0,True
2011-12-11,87.009,14.5015,23.071299999999997,5.934499999999999,6.0,7,6,85.71428571428571,1.0,1,False
2011-12-18,58.8471,8.40672857142857,24.765799999999995,1.0038,7.0,7,7,100.0,1.0,0,True
2011-12-25,33.5378,4.791114285714285,9.6457,0.44880000000000003,5.0,7,7,100.0,1.0,0,True
2012-01-01,68.97919999999999,9.85417142857143,18.2233,5.5029,7.0,7,7,100.0,1.0,0,True
2012-01-08,111.1038,15.87197142857143,29.642900000000004,2.6792000000000002,7.0,7,7,100.0,1.0,0,True
2012-01-15,57.6814,8.2402,12.4197,2.5816000000000003,7.0,7,7,100.0,1.0,0,True
2012-01-22,39.224199999999996,5.603457142857143,8.9443,0.1454,6.0,7,7,100.0,1.0,0,True
2012-01-29,30.0018,4.285971428571429,8.340000000000002,0.10709999999999999,5.0,7,7,100.0,1.0,0,True
2012-02-05,89.3499,12.764271428571428,23.542800000000003,2.8309999999999995,7.0,7,7,100.0,1.0,0,True
2012-02-12,61.98450000000001,8.854928571428571,38.1322,0.006500000000000001,6.0,7,7,100.0,1.0,0,True
2012-02-19,113.1054,16.157914285714288,32.5654,2.6633,7.0,7,7,100.0,1.0,0,True
2012-02-26,106.48739999999998,15.212485714285714,34.1742,7.509600000000002,7.0,7,7,100.0,1.0,0,True
2012-03-04,74.94510000000001,10.706442857142859,20.9357,1.9348999999999998,7.0,7,7,100.0,1.0,0,True
2012-03-11,110.0865,15.72664285714286,43.8956,2.2721999999999998,7.0,7,7,100.0,1.0,0,True
2012-03-18,108.37870000000001,15.48267142857143,33.4888,5.369,7.0,7,7,100.0,1.0,0,True
2012-03-25,119.2415,17.0345,47.3174,2.2462,7.0,7,7,100.0,1.0,0,True
2012-04-01,46.2704,6.610057142857143,15.926200000000003,0.2771,6.0,7,7,100.0,1.0,0,True
2012-04-08,123.07400000000001,17.582,30.0011,3.5039,7.0,7,7,100.0,1.0,0,True
2012-04-15,71.41539999999999,10.2022,16.4362,1.7475,7.0,7,7,100.0,1.0,0,True
2012-04-22,43.2435,6.177642857142857,14.073999999999998,0.2623,6.0,7,7,100.0,1.0,0,True
2012-04-29,68.02000000000001,9.717142857142859,30.7419,0.1893,5.0,7,7,100.0,1.0,0,True
2012-05-06,59.493500000000004,8.499071428571428,28.368399999999998,2.1533999999999995,7.0,7,7,100.0,1.0,0,True
2012-05-13,79.41650000000001,11.345214285714286,25.4688,1.7215,7.0,7,7,100.0,1.0,0,True
2012-05-20,46.6494,6.6642,12.9903,2.4172999999999996,7.0,7,7,100.0,1.0,0,True
2012-05-27,31.345399999999998,4.477914285714285,8.1789,0.5774,6.0,7,7,100.0,1.0,0,True
2012-06-03,34.3156,4.902228571428572,16.9673,0.1025,3.0,7,7,100.0,1.0,0,True
2012-06-10,28.209900000000005,4.029985714285715,11.224700000000002,0.0,4.0,7,7,100.0,1.0,0,True
2012-06-17,65.238,9.319714285714285,13.956900000000001,6.162000000000001,7.0,7,7,100.0,1.0,0,True
2012-06-24,71.9641,10.280585714285717,22.4093,3.3886000000000003,7.0,7,7,100.0,1.0,0,True
2012-07-01,60.8442,8.69202857142857,21.331000000000003,1.2801999999999998,7.0,7,7,100.0,1.0,0,True
2012-07-08,43.15390000000001,6.164842857142857,12.5987,0.0385,4.0,7,7,100.0,1.0,0,True
2012-07-15,69.9543,9.993471428571429,28.046400000000002,0.0,5.0,7,7,100.0,1.0,0,True
2012-07-22,30.493799999999993,4.356257142857143,11.681700000000001,0.3782999999999999,6.0,7,7,100.0,1.0,0,True
2012-07-29,53.7198,7.674257142857143,28.074099999999998,0.0395,4.0,7,7,100.0,1.0,0,True
2012-08-05,8.5741,1.2248714285714286,4.2558,0.0,2.0,7,7,100.0,1.0,0,True
2012-08-12,53.195899999999995,7.599414285714285,19.8404,0.8462999999999999,6.0,7,7,100.0,1.0,0,True
2012-08-19,16.941599999999998,2.4202285714285714,5.2555,0.41609999999999997,5.0,7,7,100.0,1.0,0,True
2012-08-26,33.1301,4.732871428571428,21.7489,0.0235,4.0,7,7,100.0,1.0,0,True
2012-09-02,37.401199999999996,5.3430285714285715,18.1155,1.7767,7.0,7,7,100.0,1.0,0,True
2012-09-09,28.393199999999997,4.056171428571429,8.3847,0.1527,6.0,7,7,100.0,1.0,0,True
2012-09-16,39.89710000000001,5.699585714285716,13.348200000000002,0.006,5.0,7,7,100.0,1.0,0,True
2012-09-23,82.40509999999999,11.772157142857141,38.5462,0.13440000000000002,5.0,7,7,100.0,1.0,0,True
2012-09-30,38.864900000000006,5.552128571428571,9.7075,2.0532000000000004,7.0,7,7,100.0,1.0,0,True
2012-10-07,66.882,9.55457142857143,25.138300000000005,2.1336,7.0,7,7,100.0,1.0,0,True
2012-10-14,67.9295,9.704214285714286,24.115600000000004,1.3086999999999998,7.0,7,7,100.0,1.0,0,True
2012-10-21,55.2332,7.8904571428571435,20.3217,1.2596,7.0,7,7,100.0,1.0,0,True
2012-10-28,32.98689999999999,4.712414285714286,9.635,1.5231000000000001,7.0,7,7,100.0,1.0,0,True
2012-11-04,36.7226,5.246085714285714,10.5726,0.6825999999999999,6.0,7,7,100.0,1.0,0,True
2012-11-11,55.47550000000001,7.925071428571429,19.3492,0.054299999999999994,6.0,7,7,100.0,1.0,0,True
2012-11-18,61.877,8.839571428571428,15.355899999999998,5.0463000000000005,7.0,7,7,100.0,1.0,0,True
2012-11-25,27.965,6.99125,9.1026,4.2004,4.0,7,4,57.142857142857146,1.0,3,False
2012-12-02,65.0554,9.293628571428572,20.4904,4.077100000000001,7.0,7,7,100.0,1.0,0,True
2012-12-09,92.1788,13.168400000000002,24.035100000000003,5.578800000000001,7.0,7,7,100.0,1.0,0,True
2012-12-16,37.6049,5.372128571428571,9.3204,0.38909999999999995,6.0,7,7,100.0,1.0,0,True
2012-12-23,59.693999999999996,8.527714285714286,21.877099999999995,1.6491,7.0,7,7,100.0,1.0,0,True
2012-12-30,32.1089,4.586985714285715,12.045000000000002,0.0456,5.0,7,7,100.0,1.0,0,True
2013-01-06,17.8557,2.5508142857142855,6.754499999999999,0.0489,4.0,7,7,100.0,1.0,0,True
2013-01-13,48.02160000000001,6.860228571428572,25.844,0.5875,6.0,7,7,100.0,1.0,0,True
2013-01-20,30.285500000000003,4.3265,12.708400000000001,0.272,4.0,7,7,100.0,1.0,0,True
2013-01-27,110.2041,15.743442857142854,54.17069999999999,2.4467000000000003,7.0,7,7,100.0,1.0,0,True
2013-02-03,112.7989,16.114128571428573,32.61000000000001,4.9700999999999995,7.0,7,7,100.0,1.0,0,True
2013-02-10,104.42009999999999,14.91715714285714,46.5859,2.890399999999999,7.0,7,7,100.0,1.0,0,True
2013-02-17,37.905899999999995,5.415128571428572,12.880699999999997,1.1759,7.0,7,7,100.0,1.0,0,True
2013-02-24,57.2862,8.183742857142857,13.6117,2.8928000000000003,7.0,7,7,100.0,1.0,0,True
2013-03-03,58.5305,8.361500000000001,24.6716,4.0591,7.0,7,7,100.0,1.0,0,True
2013-03-10,78.865,11.266428571428571,23.727000000000004,2.3423,7.0,7,7,100.0,1.0,0,True
2013-03-17,113.1808,16.168685714285715,63.012100000000004,5.155399999999999,7.0,7,7,100.0,1.0,0,True
2013-03-24,85.05940000000001,12.15134285714286,38.89220000000001,0.7229000000000002,6.0,7,7,100.0,1.0,0,True
2013-03-31,55.9961,7.999442857142857,13.7663,0.4783,6.0,7,7,100.0,1.0,0,True
2013-04-07,81.69059999999999,11.670085714285715,25.303800000000003,3.1675999999999997,7.0,7,7,100.0,1.0,0,True
2013-04-14,79.5274,11.361057142857144,20.740099999999995,2.1895,7.0,7,7,100.0,1.0,0,True
2013-04-21,27.189499999999995,3.8842142857142856,15.895199999999999,0.0,3.0,7,7,100.0,1.0,0,True
2013-04-28,32.8795,4.697071428571428,8.0533,0.3791999999999999,6.0,7,7,100.0,1.0,0,True
2013-05-05,78.72679999999998,11.246685714285714,29.686699999999995,1.5696000000000003,7.0,7,7,100.0,1.0,0,True
2013-05-12,70.8146,10.116371428571428,19.6187,3.0413000000000006,7.0,7,7,100.0,1.0,0,True
2013-05-19,49.0971,7.013871428571428,14.9754,0.5035,6.0,7,7,100.0,1.0,0,True
2013-05-26,77.66029999999999,11.094328571428573,22.190900000000003,1.9926,7.0,7,7,100.0,1.0,0,True
2013-06-02,77.4697,11.0671,34.5038,0.33990000000000004,6.0,7,7,100.0,1.0,0,True
2013-06-09,53.1406,7.591514285714285,13.596400000000001,3.8314,7.0,7,7,100.0,1.0,0,True
2013-06-16,41.2489,5.8927,8.327599999999999,2.725,7.0,7,7,100.0,1.0,0,True
2013-06-23,103.40379999999999,14.771971428571428,24.33309999999999,9.4563,7.0,7,7,100.0,1.0,0,True
2013-06-30,121.523,17.36042857142857,31.6073,7.3487,7.0,7,7,100.0,1.0,0,True
2013-07-07,70.4199,10.059985714285714,18.2057,3.1327999999999996,7.0,7,7,100.0,1.0,0,True
2013-07-14,58.9965,8.428071428571428,21.7481,0.5089999999999999,5.0,7,7,100.0,1.0,0,True
2013-07-21,47.63949999999999,6.805642857142857,12.729899999999997,0.043199999999999995,5.0,7,7,100.0,1.0,0,True
2013-07-28,61.1037,8.729099999999999,22.511599999999998,0.079,6.0,7,7,100.0,1.0,0,True
2013-08-04,46.6002,6.657171428571429,15.6966,2.7889,7.0,7,7,100.0,1.0,0,True
2013-08-11,81.67719999999998,11.668171428571428,45.467,0.0,4.0,7,7,100.0,1.0,0,True
2013-08-18,37.411699999999996,5.344528571428571,8.7373,0.2494,5.0,7,7,100.0,1.0,0,True
2013-08-25,68.56510000000002,9.795014285714286,40.7461,0.0079,3.0,7,7,100.0,1.0,0,True
2013-09-01,50.4943,7.213471428571429,29.495400000000004,1.4153000000000002,7.0,7,7,100.0,1.0,0,True
2013-09-08,55.8785,7.982642857142857,23.005900000000008,0.40369999999999995,6.0,7,7,100.0,1.0,0,True
2013-09-15,48.7137,6.959099999999999,21.105099999999997,0.0,5.0,7,7,100.0,1.0,0,True
2013-09-22,39.5583,5.651185714285714,21.322799999999997,0.2491,6.0,7,7,100.0,1.0,0,True
2013-09-29,67.9531,9.707585714285713,19.9281,2.1762,7.0,7,7,100.0,1.0,0,True
2013-10-06,43.3991,6.199871428571428,10.763900000000001,2.7869,7.0,7,7,100.0,1.0,0,True
2013-10-13,45.0005,6.428642857142857,16.9371,0.0769,5.0,7,7,100.0,1.0,0,True
2013-10-20,50.0698,7.1528285714285715,16.4344,3.9837999999999996,7.0,7,7,100.0,1.0,0,True
2013-10-27,68.958,9.851142857142857,16.4027,2.8648999999999996,7.0,7,7,100.0,1.0,0,True
2013-11-03,69.4753,9.925042857142857,24.676500000000004,1.9787000000000003,7.0,7,7,100.0,1.0,0,True
2013-11-10,51.552099999999996,7.364585714285714,14.927299999999997,0.9268,6.0,7,7,100.0,1.0,0,True
2013-11-17,88.58919999999999,12.655600000000002,35.7424,2.2508,7.0,7,7,100.0,1.0,0,True
2013-11-24,55.4002,7.914314285714285,20.592999999999996,2.9315999999999995,7.0,7,7,100.0,1.0,0,True
2013-12-01,90.9007,12.985814285714286,30.9677,2.0519,7.0,7,7,100.0,1.0,0,True
2013-12-08,44.9069,6.415271428571429,15.991200000000001,1.3006,7.0,7,7,100.0,1.0,0,True
2013-12-15,67.10739999999998,9.586771428571426,28.21589999999999,0.1204,5.0,7,7,100.0,1.0,0,True
2013-12-22,26.3758,3.7679714285714287,12.742200000000002,0.0,4.0,7,7,100.0,1.0,0,True
2013-12-29,86.772,12.396,20.140800000000002,4.0349,7.0,7,7,100.0,1.0,0,True
2014-01-05,70.2577,10.036814285714286,24.7308,0.8927,6.0,7,7,100.0,1.0,0,True
2014-01-12,37.432700000000004,5.347528571428572,18.639100000000003,0.020300000000000002,4.0,7,7,100.0,1.0,0,True
2014-01-19,71.7449,10.24927142857143,20.7136,2.3271999999999995,7.0,7,7,100.0,1.0,0,True
2014-01-26,28.026,4.003714285714286,8.972999999999999,0.5789,6.0,7,7,100.0,1.0,0,True
2014-02-02,77.0043,11.000614285714287,37.6299,0.2789,4.0,7,7,100.0,1.0,0,True
2014-02-09,96.45769999999999,13.779671428571428,26.371599999999997,5.497299999999999,7.0,7,7,100.0,1.0,0,True
2014-02-16,40.3501,5.7642999999999995,12.062899999999997,1.9709,7.0,7,7,100.0,1.0,0,True
2014-02-23,67.7895,9.684214285714287,17.968300000000003,1.3694999999999995,7.0,7,7,100.0,1.0,0,True
2014-03-02,65.2368,9.319542857142858,24.367399999999996,2.99,7.0,7,7,100.0,1.0,0,True
2014-03-09,78.9009,11.271557142857143,27.416899999999995,0.7729,6.0,7,7,100.0,1.0,0,True
2014-03-16,76.6389,10.948414285714287,19.133499999999998,3.6353999999999997,7.0,7,7,100.0,1.0,0,True
2014-03-23,69.6459,9.949414285714285,20.05,1.7367000000000001,7.0,7,7,100.0,1.0,0,True
2014-03-30,77.10650000000001,11.015214285714288,32.029500000000006,0.0,5.0,7,7,100.0,1.0,0,True
2014-04-06,82.039,11.71985714285714,15.285599999999997,8.838899999999999,7.0,7,7,100.0,1.0,0,True
2014-04-13,70.8803,10.125757142857143,21.612099999999995,1.9555,7.0,7,7,100.0,1.0,0,True
2014-04-20,82.7747,11.824957142857143,16.2238,7.779499999999998,7.0,7,7,100.0,1.0,0,True
2014-04-27,71.3749,10.196414285714285,16.2425,0.8309000000000001,6.0,7,7,100.0,1.0,0,True
2014-05-04,81.75070000000002,11.67867142857143,44.803900000000006,2.1408,7.0,7,7,100.0,1.0,0,True
2014-05-11,84.425,12.060714285714285,19.2145,5.6812000000000005,7.0,7,7,100.0,1.0,0,True
2014-05-18,60.14829999999999,8.592614285714285,23.179199999999994,0.4433,5.0,7,7,100.0,1.0,0,True
2014-05-25,28.6891,4.0984428571428575,12.400600000000003,0.3593,4.0,7,7,100.0,1.0,0,True
2014-06-01,80.6977,11.528242857142857,25.0629,0.29410000000000003,6.0,7,7,100.0,1.0,0,True
2014-06-08,96.44750000000002,13.778214285714288,28.237800000000007,1.3756,7.0,7,7,100.0,1.0,0,True
2014-06-15,11.4205,1.6315000000000002,10.2986,0.0104,1.0,7,7,100.0,1.0,0,True
2014-06-22,28.9334,4.133342857142857,12.746599999999999,0.8636999999999999,6.0,7,7,100.0,1.0,0,True
2014-06-29,68.9996,9.857085714285715,20.9338,0.32909999999999995,4.0,7,7,100.0,1.0,0,True
2014-07-06,71.93010000000001,10.275728571428573,29.541700000000006,0.0537,4.0,7,7,100.0,1.0,0,True
2014-07-13,64.9897,9.284242857142857,28.129200000000004,0.4685,6.0,7,7,100.0,1.0,0,True
2014-07-20,46.09609999999999,6.585157142857143,27.7323,0.045,5.0,7,7,100.0,1.0,0,True
2014-07-27,41.4433,5.920471428571429,16.0113,1.8358999999999996,7.0,7,7,100.0,1.0,0,True
2014-08-03,43.725199999999994,6.246457142857142,14.930299999999997,1.5857,7.0,7,7,100.0,1.0,0,True
2014-08-10,55.0534,7.864771428571428,18.6948,0.21239999999999998,6.0,7,7,100.0,1.0,0,True
2014-08-17,14.437600000000003,2.0625142857142857,8.382100000000001,0.4939,4.0,7,7,100.0,1.0,0,True
2014-08-24,63.665699999999994,9.0951,14.6777,1.8844999999999998,7.0,7,7,100.0,1.0,0,True
2014-08-31,45.9841,6.569157142857144,16.196,0.3995,4.0,7,7,100.0,1.0,0,True
2014-09-07,60.41910000000001,8.6313,15.6775,2.5286999999999993,7.0,7,7,100.0,1.0,0,True
2014-09-14,52.6699,7.524271428571429,21.383399999999998,2.1571,7.0,7,7,100.0,1.0,0,True
2014-09-21,60.7487,8.678385714285714,15.8189,0.6495000000000001,6.0,7,7,100.0,1.0,0,True
2014-09-28,63.7491,9.107014285714286,19.939,0.1877,6.0,7,7,100.0,1.0,0,True
2014-10-05,81.39800000000001,11.628285714285713,23.48,3.8769,7.0,7,7,100.0,1.0,0,True
2014-10-12,32.763099999999994,4.680442857142857,7.459999999999999,1.3425,7.0,7,7,100.0,1.0,0,True
2014-10-19,52.8584,7.551200000000001,12.9123,0.7689,6.0,7,7,100.0,1.0,0,True
2014-10-26,80.71159999999999,11.53022857142857,23.114099999999997,1.7894999999999999,7.0,7,7,100.0,1.0,0,True
2014-11-02,51.0724,7.296057142857143,15.904100000000001,0.6572,6.0,7,7,100.0,1.0,0,True
2014-11-09,73.9639,10.566271428571428,18.7682,3.0616,7.0,7,7,100.0,1.0,0,True
2014-11-16,26.9822,3.854599999999999,11.172999999999996,0.3648,5.0,7,7,100.0,1.0,0,True
2014-11-23,86.1485,12.306928571428571,16.816799999999997,8.748099999999999,7.0,7,7,100.0,1.0,0,True
2014-11-30,49.5133,7.073328571428571,23.6534,1.9447999999999999,7.0,7,7,100.0,1.0,0,True
2014-12-07,117.0455,16.720785714285714,48.6109,0.36590000000000006,6.0,7,7,100.0,1.0,0,True
2014-12-14,83.5628,11.937542857142859,29.268400000000007,1.6386,7.0,7,7,100.0,1.0,0,True
2014-12-21,81.6774,11.6682,19.4676,6.0975,7.0,7,7,100.0,1.0,0,True
2014-12-28,41.561400000000006,5.937342857142857,12.5142,2.2398000000000002,7.0,7,7,100.0,1.0,0,True
2015-01-04,3.4378,0.4911142857142857,1.3192000000000002,0.0339,2.0,7,7,100.0,1.0,0,True
2015-01-11,78.7013,11.243042857142857,18.625200000000003,1.4835,7.0,7,7,100.0,1.0,0,True
2015-01-18,122.65939999999999,17.522771428571428,33.84920000000001,10.289000000000001,7.0,7,7,100.0,1.0,0,True
2015-01-25,116.0097,16.572814285714287,32.8106,4.0062999999999995,7.0,7,7,100.0,1.0,0,True
2015-02-01,37.4572,5.3510285714285715,7.47,2.7771000000000003,7.0,7,7,100.0,1.0,0,True
2015-02-08,111.99219999999998,15.998885714285715,24.83,3.7673999999999994,7.0,7,7,100.0,1.0,0,True
2015-02-15,59.244299999999996,8.463471428571427,21.0433,1.5148,7.0,7,7,100.0,1.0,0,True
2015-02-22,47.327200000000005,6.7610285714285725,14.302400000000002,0.7935999999999999,6.0,7,7,100.0,1.0,0,True
2015-03-01,77.9438,11.13482857142857,17.9682,5.832999999999999,7.0,7,7,100.0,1.0,0,True
2015-03-08,75.21260000000001,10.744657142857145,25.104800000000004,0.7290000000000001,6.0,7,7,100.0,1.0,0,True
2015-03-15,113.35799999999999,16.194,29.739599999999996,3.6249000000000002,7.0,7,7,100.0,1.0,0,True
2015-03-22,123.1164,17.588057142857142,33.9867,4.0984,7.0,7,7,100.0,1.0,0,True
2015-03-29,90.6609,12.951557142857142,38.3934,2.9667999999999997,7.0,7,7,100.0,1.0,0,True
2015-04-05,99.56970000000001,14.224242857142857,23.742399999999996,0.5316000000000001,6.0,7,7,100.0,1.0,0,True
2015-04-12,81.9599,11.708557142857144,22.9885,0.5550999999999999,6.0,7,7,100.0,1.0,0,True
2015-04-19,99.84529999999997,14.263614285714283,28.976799999999997,2.9823000000000004,7.0,7,7,100.0,1.0,0,True
2015-04-26,61.6792,8.811314285714285,18.4571,3.3514999999999997,7.0,7,7,100.0,1.0,0,True
2015-05-03,104.1174,14.873914285714287,29.615499999999997,1.6787999999999996,7.0,7,7,100.0,1.0,0,True
2015-05-10,30.291999999999998,4.327428571428571,10.0736,0.41609999999999997,5.0,7,7,100.0,1.0,0,True
2015-05-17,24.774300000000004,3.539185714285715,8.2524,0.31010000000000004,4.0,7,7,100.0,1.0,0,True
2015-05-24,95.5273,13.646757142857142,25.197899999999994,1.1081,7.0,7,7,100.0,1.0,0,True
2015-05-31,87.6692,12.524171428571426,22.06759999999999,5.638400000000001,7.0,7,7,100.0,1.0,0,True
2015-06-07,88.3878,12.626828571428572,31.389699999999998,0.7933999999999999,6.0,7,7,100.0,1.0,0,True
2015-06-14,80.9337,11.561957142857143,38.1596,1.9453000000000003,7.0,7,7,100.0,1.0,0,True
2015-06-21,10.9023,1.5574714285714286,4.9171000000000005,0.0,2.0,7,7,100.0,1.0,0,True
2015-06-28,28.598700000000004,4.085528571428571,13.556500000000002,0.0111,4.0,7,7,100.0,1.0,0,True
2015-07-05,54.492999999999995,7.784714285714286,17.1774,0.6095,6.0,7,7,100.0,1.0,0,True
2015-07-12,52.718999999999994,7.531285714285714,21.7157,0.2144,6.0,7,7,100.0,1.0,0,True
2015-07-19,55.74170000000001,7.9631,17.837500000000002,1.2225,7.0,7,7,100.0,1.0,0,True
2015-07-26,44.3594,6.337057142857143,9.3892,2.8744,7.0,7,7,100.0,1.0,0,True
2015-08-02,71.9865,10.283785714285715,21.2909,0.2623,6.0,7,7,100.0,1.0,0,True
2015-08-09,16.8578,2.408257142857143,4.4156,0.3698,5.0,7,7,100.0,1.0,0,True
2015-08-16,28.5415,4.077357142857143,10.4823,1.0445,7.0,7,7,100.0,1.0,0,True
2015-08-23,74.73870000000001,10.676957142857145,19.474500000000003,5.388299999999999,7.0,7,7,100.0,1.0,0,True
2015-08-30,18.509900000000002,2.644271428571429,9.1243,0.4999,5.0,7,7,100.0,1.0,0,True
2015-09-06,33.205,4.743571428571428,14.0933,0.027999999999999997,4.0,7,7,100.0,1.0,0,True
2015-09-13,47.465599999999995,6.780799999999999,23.2881,0.0,5.0,7,7,100.0,1.0,0,True
2015-09-20,51.6686,7.381228571428571,13.8878,0.31499999999999995,6.0,7,7,100.0,1.0,0,True
2015-09-27,52.64809999999999,7.521157142857142,10.877899999999997,5.3546000000000005,7.0,7,7,100.0,1.0,0,True
2015-10-04,48.6695,6.952785714285715,16.7822,1.5165,7.0,7,7,100.0,1.0,0,True
2015-10-11,52.00529999999999,7.429328571428571,16.468999999999998,1.3792999999999997,7.0,7,7,100.0,1.0,0,True
2015-10-18,32.42,4.631428571428572,9.2963,0.36840000000000006,5.0,7,7,100.0,1.0,0,True
2015-10-25,39.9791,5.7113000000000005,9.6532,1.1051,7.0,7,7,100.0,1.0,0,True
2015-11-01,72.4254,10.346485714285715,18.3573,4.147199999999999,7.0,7,7,100.0,1.0,0,True
2015-11-08,63.00470000000001,9.00067142857143,17.8886,3.1656,7.0,7,7,100.0,1.0,0,True
2015-11-15,37.0659,5.295128571428571,11.0403,0.0,4.0,7,7,100.0,1.0,0,True
2015-11-22,43.5573,6.222471428571429,14.933799999999996,1.101,7.0,7,7,100.0,1.0,0,True
2015-11-29,113.31740000000002,16.188200000000002,82.25320000000002,0.0124,5.0,7,7,100.0,1.0,0,True
2015-12-06,56.4258,8.060828571428573,16.016400000000004,1.5063000000000002,7.0,7,7,100.0,1.0,0,True
2015-12-13,88.77319999999999,12.681885714285714,51.91199999999999,1.5145,7.0,7,7,100.0,1.0,0,True
2015-12-20,29.5793,4.225614285714285,12.2399,0.0458,5.0,7,7,100.0,1.0,0,True
2015-12-27,11.661299999999999,1.6659,6.824699999999999,0.0225,3.0,7,7,100.0,1.0,0,True
2016-01-03,25.021800000000002,3.5745428571428577,11.906800000000002,0.07419999999999999,5.0,7,7,100.0,1.0,0,True
2016-01-10,23.4206,3.3458,9.216199999999999,0.4709,5.0,7,7,100.0,1.0,0,True
2016-01-17,42.5766,6.082371428571428,12.8466,2.821499999999999,7.0,7,7,100.0,1.0,0,True
2016-01-24,21.367400000000004,3.052485714285715,7.873500000000002,0.8219999999999998,6.0,7,7,100.0,1.0,0,True
2016-01-31,79.2851,11.326442857142856,27.3818,1.0273999999999999,7.0,7,7,100.0,1.0,0,True
2016-02-07,93.32209999999999,13.33172857142857,22.675599999999996,2.5891,7.0,7,7,100.0,1.0,0,True
2016-02-14,63.3094,9.0442,18.4866,0.5771000000000001,5.0,7,7,100.0,1.0,0,True
2016-02-21,78.80769999999998,11.258242857142857,43.907399999999996,1.9407999999999999,7.0,7,7,100.0,1.0,0,True
2016-02-28,114.63970000000002,16.377100000000002,40.8694,1.8465,7.0,7,7,100.0,1.0,0,True
2016-03-06,96.4386,13.776942857142856,36.352199999999996,3.8022000000000005,7.0,7,7,100.0,1.0,0,True
2016-03-13,106.26939999999999,15.181342857142857,33.2242,1.8389999999999997,7.0,7,7,100.0,1.0,0,True
2016-03-20,34.3301,4.904299999999999,11.983399999999996,0.3016,5.0,7,7,100.0,1.0,0,True
2016-03-27,100.73389999999999,14.390557142857142,29.8172,1.8599,7.0,7,7,100.0,1.0,0,True
2016-04-03,75.13690000000001,10.733842857142857,24.068300000000004,3.6245999999999996,7.0,7,7,100.0,1.0,0,True
2016-04-10,74.8503,10.6929,18.9754,1.2911,7.0,7,7,100.0,1.0,0,True
2016-04-17,73.03829999999999,10.434042857142858,26.198300000000003,3.389,7.0,7,7,100.0,1.0,0,True
2016-04-24,44.82469999999999,6.403528571428572,25.718300000000003,0.03359999999999999,4.0,7,7,100.0,1.0,0,True
2016-05-01,21.8157,3.1165285714285713,8.357099999999997,0.0,4.0,7,7,100.0,1.0,0,True
2016-05-08,114.63900000000001,16.377000000000002,33.57160000000001,1.5695,7.0,7,7,100.0,1.0,0,True
2016-05-15,37.06510000000001,5.295014285714286,12.587400000000002,1.7141,7.0,7,7,100.0,1.0,0,True
2016-05-22,57.3643,8.194899999999999,20.757399999999993,0.12240000000000001,5.0,7,7,100.0,1.0,0,True
2016-05-29,113.7515,16.250214285714286,27.414299999999997,3.1182000000000003,7.0,7,7,100.0,1.0,0,True
2016-06-05,73.4391,10.491299999999999,15.8878,4.0651,7.0,7,7,100.0,1.0,0,True
2016-06-12,22.844300000000004,3.263471428571429,11.751000000000001,0.0258,3.0,7,7,100.0,1.0,0,True
2016-06-19,29.488099999999996,4.212585714285714,7.5911,0.7587999999999999,5.0,7,7,100.0,1.0,0,True
2016-06-26,31.630100000000002,4.518585714285714,11.366800000000001,0.1076,4.0,7,7,100.0,1.0,0,True
2016-07-03,26.534799999999994,3.790685714285714,6.858199999999999,0.2732,6.0,7,7,100.0,1.0,0,True
2016-07-10,50.9803,7.2829,18.382399999999997,1.6159000000000001,7.0,7,7,100.0,1.0,0,True
2016-07-17,48.73120000000001,6.9616,16.250200000000003,2.0229,7.0,7,7,100.0,1.0,0,True
2016-07-24,73.3734,10.481914285714286,33.6627,2.0616,7.0,7,7,100.0,1.0,0,True
2016-07-31,31.302500000000002,4.471785714285714,9.147899999999998,0.327,5.0,7,7,100.0,1.0,0,True
2016-08-07,40.90360000000001,5.843371428571429,14.397900000000003,0.008,5.0,7,7,100.0,1.0,0,True
2016-08-14,59.1345,8.447785714285713,15.586400000000001,0.7751999999999998,6.0,7,7,100.0,1.0,0,True
2016-08-21,15.903799999999997,2.2719714285714283,8.466399999999998,0.0,4.0,7,7,100.0,1.0,0,True
2016-08-28,70.41539999999999,10.059342857142857,41.0211,0.82,6.0,7,7,100.0,1.0,0,True
2016-09-04,39.199999999999996,5.6,19.24,0.05,4.0,7,7,100.0,1.0,0,True
2016-09-11,56.75999999999999,8.108571428571429,22.79,0.73,5.0,7,7,100.0,1.0,0,True
2016-09-18,44.07,6.295714285714285,16.42,1.57,7.0,7,7,100.0,1.0,0,True
2016-09-25,42.78,6.111428571428571,10.1,3.81,7.0,7,7,100.0,1.0,0,True
2016-10-02,54.42000000000001,7.774285714285715,20.22,0.96,6.0,7,7,100.0,1.0,0,True
2016-10-09,78.64,11.234285714285715,19.16,3.31,7.0,7,7,100.0,1.0,0,True
2016-10-16,45.91,6.558571428571428,15.61,1.88,7.0,7,7,100.0,1.0,0,True
2016-10-23,60.07999999999999,8.582857142857142,13.66,1.04,7.0,7,7,100.0,1.0,0,True
2016-10-30,34.25,4.892857142857143,24.23,0.0,3.0,7,7,100.0,1.0,0,True
2016-11-06,41.02,5.86,13.68,0.61,6.0,7,7,100.0,1.0,0,True
2016-11-13,50.2,7.171428571428572,17.56,0.1,4.0,7,7,100.0,1.0,0,True
2016-11-20,61.11,8.73,21.98,0.09,5.0,7,7,100.0,1.0,0,True
2016-11-27,54.3,7.757142857142857,13.74,2.76,7.0,7,7,100.0,1.0,0,True
2016-12-04,86.57000000000001,12.367142857142856,27.31,2.6,7.0,7,7,100.0,1.0,0,True
2016-12-11,85.52,12.217142857142857,23.33,1.41,7.0,7,7,100.0,1.0,0,True
2016-12-18,37.79,5.398571428571429,15.23,0.48,5.0,7,7,100.0,1.0,0,True
2016-12-25,101.11,14.444285714285714,47.6,3.14,7.0,7,7,100.0,1.0,0,True
2017-01-01,83.5,11.928571428571429,16.91,2.67,7.0,7,7,100.0,1.0,0,True
2017-01-08,97.45000000000002,13.921428571428573,43.75,2.4,7.0,7,7,100.0,1.0,0,True
2017-01-15,77.80000000000001,11.114285714285714,22.94,0.96,6.0,7,7,100.0,1.0,0,True
2017-01-22,93.66999999999999,13.381428571428572,37.49,1.35,7.0,7,7,100.0,1.0,0,True
2017-01-29,45.510000000000005,6.501428571428571,11.3,2.61,7.0,7,7,100.0,1.0,0,True
2017-02-05,87.10000000000001,12.442857142857145,27.77,1.63,7.0,7,7,100.0,1.0,0,True
2017-02-12,51.709999999999994,7.387142857142857,18.22,0.13,5.0,7,7,100.0,1.0,0,True
2017-02-19,76.19,10.884285714285713,18.14,2.5,7.0,7,7,100.0,1.0,0,True
2017-02-26,77.44,11.062857142857142,27.31,0.95,6.0,7,7,100.0,1.0,0,True
2017-03-05,79.45000000000002,11.35,22.82,2.02,7.0,7,7,100.0,1.0,0,True
2017-03-12,69.55000000000001,9.935714285714285,23.53,0.53,6.0,7,7,100.0,1.0,0,True
2017-03-19,70.85000000000001,10.12142857142857,17.34,0.93,6.0,7,7,100.0,1.0,0,True
2017-03-26,107.15,15.307142857142859,34.86,6.88,7.0,7,7,100.0,1.0,0,True
2017-04-02,66.6,9.514285714285714,18.12,0.49,6.0,7,7,100.0,1.0,0,True
2017-04-09,61.300000000000004,8.757142857142858,21.85,1.29,7.0,7,7,100.0,1.0,0,True
2017-04-16,83.84,11.977142857142857,23.56,2.37,7.0,7,7,100.0,1.0,0,True
2017-04-23,86.61,12.372857142857143,25.2,6.36,7.0,7,7,100.0,1.0,0,True
2017-04-30,51.380700000000004,7.3401000000000005,15.491700000000002,0.14,6.0,7,7,100.0,1.0,0,True
2017-05-07,77.9675,11.138214285714287,29.706700000000005,3.9805,7.0,7,7,100.0,1.0,0,True
2017-05-14,67.4673,9.638185714285713,28.508699999999997,2.0806999999999998,7.0,7,7,100.0,1.0,0,True
2017-05-21,35.311800000000005,5.044542857142858,15.087800000000001,1.0415999999999999,7.0,7,7,100.0,1.0,0,True
2017-05-28,51.473000000000006,7.353285714285714,22.838800000000003,0.4351,6.0,7,7,100.0,1.0,0,True
2017-06-04,54.96320000000001,7.851885714285715,29.041700000000006,0.39759999999999995,5.0,7,7,100.0,1.0,0,True
2017-06-11,44.710100000000004,6.387157142857143,20.698800000000002,0.6022,5.0,7,7,100.0,1.0,0,True
2017-06-18,88.7438,12.677685714285715,38.611399999999996,0.0848,4.0,7,7,100.0,1.0,0,True
2017-06-25,61.07979999999999,8.725685714285714,19.906399999999998,3.8426,7.0,7,7,100.0,1.0,0,True
2017-07-02,40.50449999999999,5.786357142857143,17.3536,0.7018,6.0,7,7,100.0,1.0,0,True
2017-07-09,17.435799999999997,2.490828571428571,10.9727,0.0,2.0,7,7,100.0,1.0,0,True
2017-07-16,46.970699999999994,6.7101,33.6307,0.0,3.0,7,7,100.0,1.0,0,True
2017-07-23,14.148499999999999,2.0212142857142856,6.6876,0.2955,3.0,7,7,100.0,1.0,0,True
2017-07-30,20.8036,2.971942857142857,8.275699999999999,0.0,5.0,7,7,100.0,1.0,0,True
2017-08-06,45.3494,6.478485714285715,19.531000000000002,0.6642,6.0,7,7,100.0,1.0,0,True
2017-08-13,62.14129999999999,8.87732857142857,19.276299999999996,0.28350000000000003,6.0,7,7,100.0,1.0,0,True
2017-08-20,47.6326,6.804657142857143,21.4091,0.2216,6.0,7,7,100.0,1.0,0,True
2017-08-27,62.96940000000001,8.995628571428572,16.380399999999998,4.2901,7.0,7,7,100.0,1.0,0,True
2017-09-03,26.2719,3.7531285714285714,6.691999999999999,0.2808,5.0,7,7,100.0,1.0,0,True
2017-09-10,84.4651,12.066442857142857,19.644099999999998,6.855499999999999,7.0,7,7,100.0,1.0,0,True
2017-09-17,56.5926,8.084657142857143,26.3816,0.1318,3.0,7,7,100.0,1.0,0,True
2017-09-24,61.81530000000001,8.830757142857143,17.531699999999997,2.6061,7.0,7,7,100.0,1.0,0,True
2017-10-01,72.3561,10.336585714285714,36.6671,0.05050000000000001,6.0,7,7,100.0,1.0,0,True
2017-10-08,40.388099999999994,5.769728571428572,16.8542,1.0754,7.0,7,7,100.0,1.0,0,True
2017-10-15,48.289899999999996,6.898557142857142,21.696499999999997,1.2523,7.0,7,7,100.0,1.0,0,True
2017-10-22,61.975,8.85357142857143,20.558699999999998,0.7983,6.0,7,7,100.0,1.0,0,True
2017-10-29,70.1443,10.020614285714286,17.1806,4.753299999999999,7.0,7,7,100.0,1.0,0,True
2017-11-05,81.0067,11.572385714285714,28.620600000000003,5.004899999999999,7.0,7,7,100.0,1.0,0,True
2017-11-12,77.65559999999999,11.093657142857142,20.2225,4.1259999999999994,7.0,7,7,100.0,1.0,0,True
2017-11-19,67.1164,9.588057142857142,19.797200000000004,5.144799999999999,7.0,7,7,100.0,1.0,0,True
2017-11-26,59.53999999999999,8.505714285714285,16.5719,0.4536,6.0,7,7,100.0,1.0,0,True
2017-12-03,83.3728,11.910400000000001,21.859900000000003,1.7191,7.0,7,7,100.0,1.0,0,True
2017-12-10,25.1332,3.590457142857143,10.814899999999998,0.07150000000000001,4.0,7,7,100.0,1.0,0,True
2017-12-17,21.0399,3.0057,10.1358,0.4422999999999999,5.0,7,7,100.0,1.0,0,True
2017-12-24,60.309099999999994,8.615585714285714,20.0012,2.154,7.0,7,7,100.0,1.0,0,True
2017-12-31,118.09309999999998,16.870442857142855,29.8475,2.8032999999999997,7.0,7,7,100.0,1.0,0,True
2018-01-07,67.2569,9.608128571428571,20.4515,3.0306,7.0,7,7,100.0,1.0,0,True
2018-01-14,86.52720000000001,12.361028571428571,39.5879,1.9040000000000001,7.0,7,7,100.0,1.0,0,True
2018-01-21,35.9295,5.132785714285714,10.0375,1.3772,7.0,7,7,100.0,1.0,0,True
2018-01-28,12.899799999999997,1.842828571428571,4.940199999999999,0.15239999999999998,3.0,7,7,100.0,1.0,0,True
2018-02-04,23.319600000000005,3.331371428571429,10.1037,0.028499999999999998,3.0,7,7,100.0,1.0,0,True
2018-02-11,35.970099999999995,5.138585714285713,12.240299999999996,2.5834999999999995,7.0,7,7,100.0,1.0,0,True
2018-02-18,21.4346,3.0620857142857143,7.3678,0.19729999999999998,3.0,7,7,100.0,1.0,0,True
2018-02-25,92.8423,13.263185714285713,22.9403,4.2504,7.0,7,7,100.0,1.0,0,True
2018-03-04,134.00119999999998,19.14302857142857,41.6833,2.8967,7.0,7,7,100.0,1.0,0,True
2018-03-11,54.0332,7.719028571428571,14.1143,1.6049,7.0,7,7,100.0,1.0,0,True
2018-03-18,55.3906,7.912942857142857,15.603399999999999,1.5456999999999999,7.0,7,7,100.0,1.0,0,True
2018-03-25,69.4214,9.917342857142858,22.612300000000005,0.39309999999999995,6.0,7,7,100.0,1.0,0,True
2018-04-01,71.7555,10.250785714285714,26.609299999999994,1.5918000000000003,7.0,7,7,100.0,1.0,0,True
2018-04-08,69.46640000000001,9.92377142857143,29.292500000000004,2.6462,7.0,7,7,100.0,1.0,0,True
2018-04-15,71.3584,10.194057142857144,28.633200000000002,3.366,7.0,7,7,100.0,1.0,0,True
2018-04-22,40.4921,5.784585714285716,12.595800000000002,1.3465,7.0,7,7,100.0,1.0,0,True
2018-04-29,89.1929,12.741842857142856,42.6637,2.8201000000000005,7.0,7,7,100.0,1.0,0,True
2018-05-06,56.17439999999999,8.024914285714285,15.401399999999999,2.5081,7.0,7,7,100.0,1.0,0,True
2018-05-13,84.41449999999999,12.059214285714287,27.5117,4.9483,7.0,7,7,100.0,1.0,0,True
2018-05-20,78.1577,11.165385714285716,35.881,1.4718,7.0,7,7,100.0,1.0,0,True
2018-05-27,78.8557,11.2651,18.021,2.404,7.0,7,7,100.0,1.0,0,True
2018-06-03,60.7279,8.675414285714286,45.108999999999995,0.0,3.0,7,7,100.0,1.0,0,True
2018-06-10,59.266299999999994,8.466614285714284,13.491399999999999,0.6073999999999999,6.0,7,7,100.0,1.0,0,True
2018-06-17,11.237000000000002,1.6052857142857146,8.3999,0.0,2.0,7,7,100.0,1.0,0,True
2018-06-24,72.6993,10.385614285714285,34.6284,1.9683999999999997,7.0,7,7,100.0,1.0,0,True
2018-07-01,53.5138,7.6448285714285715,13.6896,0.44060000000000005,6.0,7,7,100.0,1.0,0,True
2018-07-08,74.4497,10.635671428571428,26.9483,0.3063,5.0,7,7,100.0,1.0,0,True
2018-07-15,40.5831,5.797585714285715,12.952,0.0329,4.0,7,7,100.0,1.0,0,True
2018-07-22,22.316799999999997,3.1881142857142857,13.59,0.3136,4.0,7,7,100.0,1.0,0,True
2018-07-29,50.49530000000001,7.213614285714286,16.6345,1.1206,7.0,7,7,100.0,1.0,0,True
2018-08-05,50.93,7.275714285714286,18.3032,0.7737999999999999,5.0,7,7,100.0,1.0,0,True
2018-08-12,72.20729999999999,10.31532857142857,25.626699999999996,1.2058,7.0,7,7,100.0,1.0,0,True
2018-08-19,30.664199999999997,4.380599999999999,11.9165,0.1286,5.0,7,7,100.0,1.0,0,True
2018-08-26,44.035799999999995,6.290828571428571,16.1538,0.032,6.0,7,7,100.0,1.0,0,True
2018-09-02,42.4674,6.066771428571427,23.714199999999995,0.0,4.0,7,7,100.0,1.0,0,True
2018-09-09,44.636700000000005,6.376671428571429,11.769200000000001,2.1303,7.0,7,7,100.0,1.0,0,True
2018-09-16,57.965799999999994,8.280828571428572,22.29,1.7283999999999997,7.0,7,7,100.0,1.0,0,True
2018-09-23,37.2105,5.315785714285715,12.990599999999999,1.3001999999999998,7.0,7,7,100.0,1.0,0,True
2018-09-30,79.38689999999998,11.340985714285713,16.290499999999998,4.098700000000001,7.0,7,7,100.0,1.0,0,True
2018-10-07,72.46189999999999,10.3517,16.928699999999996,3.7474000000000007,7.0,7,7,100.0,1.0,0,True
2018-10-14,49.3835,7.054785714285714,14.361399999999998,1.5062,7.0,7,7,100.0,1.0,0,True
2018-10-21,89.84340000000002,12.834771428571429,23.0973,1.3473,7.0,7,7,100.0,1.0,0,True
2018-10-28,48.7585,6.9655,20.8361,1.0071,7.0,7,7,100.0,1.0,0,True
2018-11-04,53.118,7.588285714285713,12.982599999999998,2.2239,7.0,7,7,100.0,1.0,0,True
2018-11-11,73.3155,10.473642857142858,15.2126,7.422500000000001,7.0,7,7,100.0,1.0,0,True
2018-11-18,50.7425,7.2489285714285705,13.174199999999999,1.8644,7.0,7,7,100.0,1.0,0,True
2018-11-25,98.2532,14.036171428571427,39.221399999999996,3.9797000000000002,7.0,7,7,100.0,1.0,0,True
2018-12-02,59.2554,8.465057142857143,15.5459,0.5617,5.0,7,7,100.0,1.0,0,True
2018-12-09,73.88190000000002,10.554557142857146,24.510700000000007,1.8763000000000003,7.0,7,7,100.0,1.0,0,True
2018-12-16,52.774,7.539142857142857,16.3548,3.1177000000000006,7.0,7,7,100.0,1.0,0,True
2018-12-23,30.819999999999997,4.402857142857142,5.824299999999999,1.7588999999999997,7.0,7,7,100.0,1.0,0,True
2018-12-30,17.119699999999998,2.445671428571429,5.865799999999999,0.1796,4.0,7,7,100.0,1.0,0,True
2019-01-06,88.0998,12.585685714285715,29.839700000000004,1.8296,7.0,7,7,100.0,1.0,0,True
2019-01-13,88.3592,12.622742857142857,22.6352,5.2132,7.0,7,7,100.0,1.0,0,True
2019-01-20,51.835100000000004,7.4050142857142855,16.524700000000003,1.5123,7.0,7,7,100.0,1.0,0,True
2019-01-27,83.1882,11.884028571428571,31.879499999999997,3.9444000000000004,7.0,7,7,100.0,1.0,0,True
2019-02-03,62.37599999999999,8.910857142857143,22.067299999999996,1.2205,7.0,7,7,100.0,1.0,0,True
2019-02-10,67.9452,9.706457142857143,22.4175,2.3746,7.0,7,7,100.0,1.0,0,True
2019-02-17,105.02880000000002,15.004114285714286,32.895700000000005,5.250800000000001,7.0,7,7,100.0,1.0,0,True
2019-02-24,44.7877,6.398242857142857,12.4288,0.9637,6.0,7,7,100.0,1.0,0,True
2019-03-03,75.72039999999998,10.8172,38.49209999999999,1.2941999999999998,7.0,7,7,100.0,1.0,0,True
2019-03-10,103.07230000000001,14.724614285714287,33.740100000000005,1.1879999999999997,7.0,7,7,100.0,1.0,0,True
2019-03-17,75.2486,10.749799999999999,17.6156,1.9767,7.0,7,7,100.0,1.0,0,True
2019-03-24,75.3948,10.770685714285715,21.2951,3.5214,7.0,7,7,100.0,1.0,0,True
2019-03-31,75.68069999999999,10.811528571428571,22.8024,0.0735,6.0,7,7,100.0,1.0,0,True
2019-04-07,82.9178,11.8454,26.144000000000002,0.0,4.0,7,7,100.0,1.0,0,True
2019-04-14,62.18299999999999,8.883285714285714,20.2642,3.8917,7.0,7,7,100.0,1.0,0,True
2019-04-21,66.4415,9.491642857142859,22.5138,2.7090000000000005,7.0,7,7,100.0,1.0,0,True
2019-04-28,76.3406,10.9058,19.290200000000002,2.5620000000000003,7.0,7,7,100.0,1.0,0,True
2019-05-05,35.159800000000004,5.022828571428572,11.668800000000001,0.685,6.0,7,7,100.0,1.0,0,True
2019-05-12,91.88080000000001,13.125828571428574,36.74210000000001,0.0,4.0,7,7,100.0,1.0,0,True
2019-05-19,41.737300000000005,5.962471428571429,11.519000000000004,0.49529999999999996,6.0,7,7,100.0,1.0,0,True
2019-05-26,67.0646,9.580657142857143,21.129099999999998,2.0189000000000004,7.0,7,7,100.0,1.0,0,True
2019-06-02,90.93950000000002,12.991357142857144,42.1533,0.42460000000000003,4.0,7,7,100.0,1.0,0,True
2019-06-09,50.1304,7.161485714285715,12.859000000000002,2.7872000000000003,7.0,7,7,100.0,1.0,0,True
2019-06-16,73.9157,10.559385714285712,27.333099999999998,1.5722999999999998,7.0,7,7,100.0,1.0,0,True
2019-06-23,88.87829999999998,12.6969,23.644499999999994,4.3694,7.0,7,7,100.0,1.0,0,True
2019-06-30,78.95230000000001,11.278900000000002,49.5889,0.9652999999999998,6.0,7,7,100.0,1.0,0,True
2019-07-07,42.11070000000001,6.015814285714287,26.41870000000001,0.0,4.0,7,7,100.0,1.0,0,True
2019-07-14,59.5314,8.504485714285714,16.1327,2.1414,7.0,7,7,100.0,1.0,0,True
2019-07-21,81.62809999999999,11.661157142857144,23.4386,3.1063,7.0,7,7,100.0,1.0,0,True
2019-07-28,16.052999999999997,2.2932857142857137,12.422099999999999,0.0,3.0,7,7,100.0,1.0,0,True
2019-08-04,17.790199999999995,2.541457142857143,16.496499999999997,0.0,1.0,7,7,100.0,1.0,0,True
2019-08-11,40.7072,5.815314285714286,20.76,0.0,4.0,7,7,100.0,1.0,0,True
2019-08-18,62.4836,8.926228571428572,22.9144,1.345,7.0,7,7,100.0,1.0,0,True
2019-08-25,67.865,9.694999999999999,26.9963,0.9489,6.0,7,7,100.0,1.0,0,True
2019-09-01,26.4765,3.782357142857143,12.015799999999999,0.2594,6.0,7,7,100.0,1.0,0,True
2019-09-08,51.3636,7.337657142857142,13.2964,0.9425000000000001,6.0,7,7,100.0,1.0,0,True
2019-09-15,56.008700000000005,8.001242857142858,17.5262,2.0666999999999995,7.0,7,7,100.0,1.0,0,True
2019-09-22,48.1811,6.883014285714286,15.191,1.0738999999999999,7.0,7,7,100.0,1.0,0,True
2019-09-29,83.42079999999999,11.91725714285714,20.4489,3.0869,7.0,7,7,100.0,1.0,0,True
2019-10-06,93.85749999999999,13.408214285714285,28.7855,0.9065999999999999,6.0,7,7,100.0,1.0,0,True
2019-10-13,56.4248,8.060685714285714,18.203000000000003,1.3297999999999999,7.0,7,7,100.0,1.0,0,True
2019-10-20,70.13929999999999,10.019899999999998,25.287,3.9983000000000004,7.0,7,7,100.0,1.0,0,True
2019-10-27,61.4043,8.772042857142857,14.561599999999999,5.646100000000001,7.0,7,7,100.0,1.0,0,True
2019-11-03,63.175900000000006,9.02512857142857,16.712,4.5724,7.0,7,7,100.0,1.0,0,True
2019-11-10,101.8692,14.552742857142858,27.3533,4.5765,7.0,7,7,100.0,1.0,0,True
2019-11-17,106.19309999999999,15.170442857142856,47.865399999999994,1.0102,7.0,7,7,100.0,1.0,0,True
2019-11-24,86.6007,12.37152857142857,26.283099999999994,3.572000000000001,7.0,7,7,100.0,1.0,0,True
2019-12-01,105.53710000000001,15.076728571428571,30.938300000000005,3.8165000000000004,7.0,7,7,100.0,1.0,0,True
2019-12-08,86.8264,12.40377142857143,20.055600000000002,5.920599999999999,7.0,7,7,100.0,1.0,0,True
2019-12-15,107.97199999999998,15.424571428571427,39.6401,1.6058999999999997,7.0,7,7,100.0,1.0,0,True
2019-12-22,81.43650000000001,11.633785714285716,20.0372,3.4200999999999997,7.0,7,7,100.0,1.0,0,True
2019-12-29,39.080000000000005,5.582857142857143,8.915500000000002,0.6988999999999999,6.0,7,7,100.0,1.0,0,True
2020-01-05,0.3296,0.047085714285714286,0.25770000000000004,0.0,0.0,7,7,100.0,1.0,0,True
2020-01-12,3.097,0.44242857142857145,1.0777999999999999,0.0,1.0,7,7,100.0,1.0,0,True
2020-01-19,82.31120000000001,11.758742857142858,34.6243,0.09230000000000001,6.0,7,7,100.0,1.0,0,True
2020-01-26,76.8013,10.971614285714285,28.337100000000007,0.12720000000000004,6.0,7,7,100.0,1.0,0,True
2020-02-02,41.84690000000001,5.978128571428572,14.166200000000002,1.1118000000000001,7.0,7,7,100.0,1.0,0,True
2020-02-09,17.6521,2.5217285714285715,8.139800000000001,0.3749,4.0,7,7,100.0,1.0,0,True
2020-02-16,76.9335,10.990499999999999,17.0354,0.5891,6.0,7,7,100.0,1.0,0,True
2020-02-23,92.16140000000001,13.165914285714285,38.905,2.7006000000000006,7.0,7,7,100.0,1.0,0,True
2020-03-01,33.659499999999994,4.8084999999999996,12.683599999999998,1.2767,7.0,7,7,100.0,1.0,0,True
2020-03-08,55.98609999999999,7.998014285714285,22.198899999999995,0.7163999999999998,5.0,7,7,100.0,1.0,0,True
2020-03-15,41.8121,5.973157142857143,13.366800000000001,0.10790000000000001,5.0,7,7,100.0,1.0,0,True
2020-03-22,44.9661,6.423728571428571,18.676699999999997,2.2812,7.0,7,7,100.0,1.0,0,True
2020-03-29,76.3796,10.911371428571426,26.876199999999994,1.2553999999999998,7.0,7,7,100.0,1.0,0,True
2020-04-05,91.0823,13.011757142857144,17.798,4.3061,7.0,7,7,100.0,1.0,0,True
2020-04-12,54.413900000000005,7.773414285714287,20.111800000000002,0.023,3.0,7,7,100.0,1.0,0,True
2020-04-19,32.100500000000004,4.585785714285715,12.1805,0.34570000000000006,4.0,7,7,100.0,1.0,0,True
2020-04-26,52.5535,7.507642857142857,20.1549,2.3038,7.0,7,7,100.0,1.0,0,True
2020-05-03,79.14780000000002,11.306828571428571,36.109500000000004,0.2149,6.0,7,7,100.0,1.0,0,True
2020-05-10,76.4385,10.919785714285714,27.114800000000006,0.0,6.0,7,7,100.0,1.0,0,True
2020-05-17,51.7307,7.3900999999999994,23.67,0.0756,5.0,7,7,100.0,1.0,0,True
2020-05-24,47.836800000000004,6.833828571428572,29.195700000000006,0.0264,5.0,7,7,100.0,1.0,0,True
2020-05-31,116.9569,16.70812857142857,42.23480000000001,1.5527000000000002,7.0,7,7,100.0,1.0,0,True
2020-06-07,21.207,3.029571428571429,8.2172,0.019,5.0,7,7,100.0,1.0,0,True
2020-06-14,52.488,7.498285714285714,19.6084,0.0815,5.0,7,7,100.0,1.0,0,True
2020-06-21,88.93619999999999,12.705171428571427,20.521600000000003,8.4956,7.0,7,7,100.0,1.0,0,True
2020-06-28,71.3859,10.197985714285716,17.428900000000002,3.5581000000000005,7.0,7,7,100.0,1.0,0,True
2020-07-05,64.17020000000001,9.16717142857143,20.405500000000004,2.0671999999999997,7.0,7,7,100.0,1.0,0,True
2020-07-12,46.6277,6.6611,15.306999999999999,0.08810000000000001,6.0,7,7,100.0,1.0,0,True
2020-07-19,60.2676,8.609657142857143,20.7868,2.0384,7.0,7,7,100.0,1.0,0,True
2020-07-26,22.0821,3.1545857142857145,14.4114,0.0236,3.0,7,7,100.0,1.0,0,True
2020-08-02,3.1199,0.44570000000000004,1.9711,0.0,1.0,7,7,100.0,1.0,0,True
2020-08-09,49.9196,7.131371428571429,20.229100000000003,0.039599999999999996,4.0,7,7,100.0,1.0,0,True
2020-08-16,58.43459999999999,8.3478,28.683699999999995,2.571999999999999,7.0,7,7,100.0,1.0,0,True
2020-08-23,8.4089,1.2012714285714285,3.9224999999999994,0.0,3.0,7,7,100.0,1.0,0,True
2020-08-30,46.3373,6.6196142857142855,11.58,1.9081000000000001,7.0,7,7,100.0,1.0,0,True
2020-09-06,44.699600000000004,6.385657142857142,23.3878,1.5157000000000005,7.0,7,7,100.0,1.0,0,True
2020-09-13,70.62729999999999,10.089614285714287,20.6198,3.1847,7.0,7,7,100.0,1.0,0,True
2020-09-20,50.688500000000005,7.241214285714286,12.355200000000002,0.8804,6.0,7,7,100.0,1.0,0,True
2020-09-27,36.723600000000005,5.2462285714285715,16.3068,0.786,6.0,7,7,100.0,1.0,0,True
2020-10-04,25.2376,3.6053714285714284,9.9936,0.1632,5.0,7,7,100.0,1.0,0,True
2020-10-11,36.355999999999995,5.193714285714286,11.524499999999998,0.4777,6.0,7,7,100.0,1.0,0,True
2020-10-18,42.15449999999999,6.022071428571428,22.890099999999997,0.8788999999999999,6.0,7,7,100.0,1.0,0,True
2020-10-25,58.203799999999994,8.31482857142857,17.0062,0.9340999999999999,6.0,7,7,100.0,1.0,0,True
2020-11-01,43.33120000000001,6.190171428571429,13.769400000000001,0.0113,5.0,7,7,100.0,1.0,0,True
2020-11-08,48.9457,6.992242857142856,17.942899999999998,2.1982999999999997,7.0,7,7,100.0,1.0,0,True
2020-11-15,68.4498,9.778542857142856,20.675499999999996,0.6651999999999998,6.0,7,7,100.0,1.0,0,True
2020-11-22,51.96809999999999,7.424014285714286,16.8316,1.9102000000000001,7.0,7,7,100.0,1.0,0,True
2020-11-29,60.204100000000004,8.600585714285714,15.29,2.9816,7.0,7,7,100.0,1.0,0,True
2020-12-06,52.2447,7.463528571428571,16.2783,1.2589,7.0,7,7,100.0,1.0,0,True
2020-12-13,82.1883,11.741185714285715,23.076900000000002,1.8054000000000001,7.0,7,7,100.0,1.0,0,True
2020-12-20,73.32149999999999,10.4745,25.151299999999996,4.2611,7.0,7,7,100.0,1.0,0,True
2020-12-27,55.8121,7.973157142857143,19.174400000000002,0.8453,6.0,7,7,100.0,1.0,0,True
2021-01-03,55.1634,7.880485714285714,18.8264,3.9136,7.0,7,7,100.0,1.0,0,True
2021-01-10,46.8434,6.691914285714286,16.695300000000003,0.9837,6.0,7,7,100.0,1.0,0,True
2021-01-17,76.0402,10.862885714285714,21.6789,0.0,6.0,7,7,100.0,1.0,0,True
2021-01-24,97.1222,13.8746,42.738499999999995,3.2273999999999994,7.0,7,7,100.0,1.0,0,True
2021-01-31,45.456,6.493714285714286,14.4299,2.0075999999999996,7.0,7,7,100.0,1.0,0,True
2021-02-07,50.634499999999996,7.2335,17.7797,2.3049,7.0,7,7,100.0,1.0,0,True
2021-02-14,45.0253,6.432185714285715,19.4296,2.2880000000000003,7.0,7,7,100.0,1.0,0,True
2021-02-21,57.4219,8.203128571428572,27.9818,2.1894000000000005,7.0,7,7,100.0,1.0,0,True
2021-02-28,46.0251,6.575014285714286,15.010299999999999,0.7006,6.0,7,7,100.0,1.0,0,True
2021-03-07,74.94059999999999,10.7058,30.4256,0.39880000000000004,6.0,7,7,100.0,1.0,0,True
2021-03-14,118.1423,16.87747142857143,47.0133,4.0798,7.0,7,7,100.0,1.0,0,True
2021-03-21,113.0818,16.154542857142854,41.799699999999994,5.6436,7.0,7,7,100.0,1.0,0,True
2021-03-28,65.2794,9.325628571428572,13.037500000000001,3.5454000000000008,7.0,7,7,100.0,1.0,0,True
2021-04-04,70.215,10.030714285714286,34.8754,0.28979999999999995,5.0,7,7,100.0,1.0,0,True
2021-04-11,110.43760000000002,15.7768,24.105400000000003,4.817399999999999,7.0,7,7,100.0,1.0,0,True
2021-04-18,74.2264,10.603771428571429,16.092000000000002,4.736599999999999,7.0,7,7,100.0,1.0,0,True
2021-04-25,103.05679999999998,14.722400000000002,37.642199999999995,3.463,7.0,7,7,100.0,1.0,0,True
2021-05-02,69.24289999999999,9.891842857142857,26.3112,0.46629999999999994,6.0,7,7,100.0,1.0,0,True
2021-05-09,24.967400000000005,3.566771428571429,13.055300000000003,0.1865,5.0,7,7,100.0,1.0,0,True
2021-05-16,43.620599999999996,6.231514285714285,20.994399999999995,2.0387,7.0,7,7,100.0,1.0,0,True
2021-05-23,13.3413,1.9059000000000001,3.9712000000000005,0.0675,5.0,7,7,100.0,1.0,0,True
2021-05-30,96.762,13.823142857142857,27.3321,0.8727000000000001,6.0,7,7,100.0,1.0,0,True
2021-06-06,74.365,10.623571428571427,26.392200000000003,3.6327,7.0,7,7,100.0,1.0,0,True
2021-06-13,56.31399999999999,8.044857142857143,18.2178,2.6116,7.0,7,7,100.0,1.0,0,True
2021-06-20,34.0558,4.865114285714285,9.3921,1.3612,7.0,7,7,100.0,1.0,0,True
2021-06-27,55.00670000000001,7.8581,22.9567,0.010700000000000001,4.0,7,7,100.0,1.0,0,True
2021-07-04,26.475,3.782142857142857,14.3084,0.0575,3.0,7,7,100.0,1.0,0,True
2021-07-11,59.10799999999998,8.443999999999999,13.399400000000004,2.3993,7.0,7,7,100.0,1.0,0,True
2021-07-18,29.890699999999995,4.2701,23.8876,0.0,3.0,7,7,100.0,1.0,0,True
2021-07-25,47.200700000000005,6.7429571428571435,16.512800000000006,0.3945,6.0,7,7,100.0,1.0,0,True
2021-08-01,1.1934999999999998,0.17049999999999996,0.7502999999999999,0.0079,0.0,7,7,100.0,1.0,0,True
2021-08-08,40.485099999999996,5.783585714285714,8.5745,3.8021000000000003,7.0,7,7,100.0,1.0,0,True
2021-08-15,53.8172,7.688171428571428,16.7749,2.5948999999999995,7.0,7,7,100.0,1.0,0,True
2021-08-22,59.679199999999994,8.525599999999999,15.444699999999997,1.2682,7.0,7,7,100.0,1.0,0,True
2021-08-29,50.2582,7.179742857142857,13.556600000000001,1.5969,7.0,7,7,100.0,1.0,0,True
2021-09-05,61.384100000000004,8.769157142857143,19.9841,1.3691,7.0,7,7,100.0,1.0,0,True
2021-09-12,27.140700000000002,3.8772428571428574,9.222800000000001,0.0998,4.0,7,7,100.0,1.0,0,True
2021-09-19,88.3752,12.625028571428572,30.274600000000007,0.5194,6.0,7,7,100.0,1.0,0,True
2021-09-26,18.888299999999997,2.698328571428571,6.020599999999999,0.47150000000000003,5.0,7,7,100.0,1.0,0,True
2021-10-03,60.836,8.690857142857142,22.769700000000004,1.0234999999999999,7.0,7,7,100.0,1.0,0,True
2021-10-10,50.6366,7.2338000000000005,28.5854,0.6808000000000001,6.0,7,7,100.0,1.0,0,True
2021-10-17,46.2378,6.605400000000001,12.885700000000002,1.4901999999999997,7.0,7,7,100.0,1.0,0,True
2021-10-24,63.0968,9.013828571428572,43.2897,0.5742,6.0,7,7,100.0,1.0,0,True
2021-10-31,84.2192,12.031314285714286,18.5729,6.9702,7.0,7,7,100.0,1.0,0,True
2021-11-07,68.2965,9.756642857142856,17.258499999999998,4.130800000000001,7.0,7,7,100.0,1.0,0,True
2021-11-14,46.859500000000004,6.694214285714286,11.5223,3.2156000000000007,7.0,7,7,100.0,1.0,0,True
2021-11-21,53.9363,7.705185714285714,13.836000000000002,0.5409,6.0,7,7,100.0,1.0,0,True
2021-11-28,85.6154,12.230771428571428,22.514799999999994,5.5104,7.0,7,7,100.0,1.0,0,True
2021-12-05,57.2799,8.182842857142857,16.167799999999996,0.6938,6.0,7,7,100.0,1.0,0,True
2021-12-12,24.680499999999995,3.525785714285714,8.5438,0.005,5.0,7,7,100.0,1.0,0,True
2021-12-19,61.869800000000005,8.838542857142858,32.1425,0.25630000000000003,5.0,7,7,100.0,1.0,0,True
2021-12-26,89.74210000000001,12.820300000000001,40.9612,3.1353999999999997,7.0,7,7,100.0,1.0,0,True
2022-01-02,6.496200000000002,0.9280285714285716,6.316100000000001,0.0,1.0,7,7,100.0,1.0,0,True
2022-01-09,57.86280000000001,8.266114285714286,25.811700000000002,0.008,4.0,7,7,100.0,1.0,0,True
2022-01-16,52.2919,7.4702714285714285,19.6104,2.3989000000000003,7.0,7,7,100.0,1.0,0,True
2022-01-23,62.88170000000001,8.9831,30.175400000000003,0.5809000000000001,5.0,7,7,100.0,1.0,0,True
2022-01-30,28.093200000000003,4.013314285714285,10.887000000000002,0.0388,5.0,7,7,100.0,1.0,0,True
2022-02-06,84.27199999999999,12.038857142857141,23.273400000000002,3.0520000000000005,7.0,7,7,100.0,1.0,0,True
2022-02-13,97.2783,13.8969,26.819200000000002,3.2491000000000008,7.0,7,7,100.0,1.0,0,True
2022-02-20,32.464400000000005,4.637771428571429,12.210900000000004,1.6056000000000004,7.0,7,7,100.0,1.0,0,True
2022-02-27,42.2631,6.037585714285714,15.5657,0.575,5.0,7,7,100.0,1.0,0,True
2022-03-06,74.1809,10.597271428571428,15.237099999999998,5.277900000000001,7.0,7,7,100.0,1.0,0,True
2022-03-13,81.8905,11.698642857142858,23.870700000000003,3.6429,7.0,7,7,100.0,1.0,0,True
2022-03-20,76.90379999999999,10.986257142857141,18.605999999999998,5.8477,7.0,7,7,100.0,1.0,0,True
2022-03-27,88.08090000000001,12.582985714285714,30.9392,2.0503000000000005,7.0,7,7,100.0,1.0,0,True
2022-04-03,59.4135,8.487642857142857,32.3245,0.04369999999999999,5.0,7,7,100.0,1.0,0,True
2022-04-10,91.98020000000001,13.140028571428571,24.518700000000003,1.4823,7.0,7,7,100.0,1.0,0,True
2022-04-17,70.5094,10.072771428571428,28.536100000000005,0.7321999999999999,6.0,7,7,100.0,1.0,0,True
2022-04-24,124.0518,17.721685714285712,30.353099999999994,2.2899999999999996,7.0,7,7,100.0,1.0,0,True
2022-05-01,77.8212,11.117314285714286,31.003500000000003,2.1759,7.0,7,7,100.0,1.0,0,True
2022-05-08,95.3142,13.616314285714285,27.875099999999996,5.826700000000001,7.0,7,7,100.0,1.0,0,True
2022-05-15,79.93150000000001,11.418785714285715,21.1017,0.051,5.0,7,7,100.0,1.0,0,True
2022-05-22,84.41550000000001,12.059357142857143,25.492500000000003,0.5285,6.0,7,7,100.0,1.0,0,True
2022-05-29,48.025000000000006,6.860714285714287,15.0096,1.2276,7.0,7,7,100.0,1.0,0,True
2022-06-05,124.17000000000002,17.73857142857143,38.846399999999996,11.008199999999999,7.0,7,7,100.0,1.0,0,True
2022-06-12,20.137900000000002,2.8768428571428575,16.4391,0.0,2.0,7,7,100.0,1.0,0,True
2022-06-19,47.8405,6.834357142857143,13.193,3.2154000000000007,7.0,7,7,100.0,1.0,0,True
2022-06-26,30.572,4.367428571428571,8.638200000000001,0.8423999999999999,6.0,7,7,100.0,1.0,0,True
2022-07-03,92.83970000000001,13.262814285714287,28.5288,5.371,7.0,7,7,100.0,1.0,0,True
2022-07-10,50.604299999999995,7.229185714285713,19.2765,0.5415000000000001,5.0,7,7,100.0,1.0,0,True
2022-07-17,65.9575,9.4225,28.7768,0.294,6.0,7,7,100.0,1.0,0,True
2022-07-24,68.77120000000001,9.824457142857144,29.511,0.32880000000000004,6.0,7,7,100.0,1.0,0,True
2022-07-31,56.8424,8.120342857142855,13.003999999999998,2.2733,7.0,7,7,100.0,1.0,0,True
2022-08-07,32.6922,4.670314285714285,12.843900000000001,0.0,5.0,7,7,100.0,1.0,0,True
2022-08-14,58.205600000000004,8.315085714285715,20.941600000000005,1.7111999999999998,7.0,7,7,100.0,1.0,0,True
2022-08-21,11.4623,1.6374714285714287,5.776,0.0,2.0,7,7,100.0,1.0,0,True
2022-08-28,33.70140000000001,4.8144857142857145,18.2559,0.13540000000000002,3.0,7,7,100.0,1.0,0,True
2022-09-04,25.6759,3.667985714285714,10.644099999999998,0.013699999999999999,3.0,7,7,100.0,1.0,0,True
2022-09-11,34.242599999999996,4.891800000000001,13.5049,0.5161,5.0,7,7,100.0,1.0,0,True
2022-09-18,25.628300000000003,3.6611857142857147,10.3225,0.060700000000000004,6.0,7,7,100.0,1.0,0,True
2022-09-25,28.991799999999998,4.141685714285714,7.136,0.7324,6.0,7,7,100.0,1.0,0,True
2022-10-02,70.0518,10.0074,22.1417,1.6869999999999998,7.0,7,7,100.0,1.0,0,True
2022-10-09,60.717200000000005,8.673885714285714,23.839899999999997,1.2109,7.0,7,7,100.0,1.0,0,True
2022-10-16,70.7191,10.102728571428573,16.034800000000004,3.8868,7.0,7,7,100.0,1.0,0,True
2022-10-23,95.0258,13.575114285714287,28.757800000000003,0.8880000000000001,6.0,7,7,100.0,1.0,0,True
2022-10-30,30.435299999999998,4.3479,23.087999999999997,0.0,2.0,7,7,100.0,1.0,0,True
2022-11-06,31.854300000000002,4.550614285714286,10.643400000000002,0.009099999999999999,5.0,7,7,100.0,1.0,0,True
2022-11-13,64.64309999999999,9.234728571428573,22.652599999999996,1.0953999999999997,7.0,7,7,100.0,1.0,0,True
2022-11-20,75.59349999999999,10.799071428571427,28.832699999999996,0.8048000000000002,6.0,7,7,100.0,1.0,0,True
2022-11-27,47.3919,6.770271428571427,24.298299999999994,0.0334,4.0,7,7,100.0,1.0,0,True
2022-12-04,37.3955,5.342214285714285,12.8464,0.35009999999999997,5.0,7,7,100.0,1.0,0,True
2022-12-11,64.5799,9.2257,21.004699999999993,1.5841999999999998,7.0,7,7,100.0,1.0,0,True
2022-12-18,42.6199,6.088557142857143,15.855700000000002,2.1017,7.0,7,7,100.0,1.0,0,True
2022-12-25,26.0082,3.715457142857143,16.2563,0.011,4.0,7,7,100.0,1.0,0,True
2023-01-01,75.93350000000001,10.847642857142858,30.0154,1.8576,7.0,7,7,100.0,1.0,0,True
2023-01-08,63.528400000000005,9.075485714285715,24.3472,2.6911,7.0,7,7,100.0,1.0,0,True
2023-01-15,104.13690000000001,14.876700000000001,26.914500000000007,3.0347000000000004,7.0,7,7,100.0,1.0,0,True
2023-01-22,34.330200000000005,4.904314285714285,19.8089,0.5411,6.0,7,7,100.0,1.0,0,True
2023-01-29,6.670100000000001,0.9528714285714287,2.8554000000000004,0.08349999999999999,2.0,7,7,100.0,1.0,0,True
2023-02-05,23.8434,3.4061999999999997,10.182099999999998,0.16980000000000003,3.0,7,7,100.0,1.0,0,True
2023-02-12,86.22869999999998,12.318385714285712,27.269899999999996,2.0028,7.0,7,7,100.0,1.0,0,True
2023-02-19,46.028,6.575428571428572,18.288800000000002,0.37980000000000014,6.0,7,7,100.0,1.0,0,True
2023-02-26,77.6478,11.092542857142858,26.943599999999996,4.2163,7.0,7,7,100.0,1.0,0,True
2023-03-05,75.92819999999999,10.846885714285714,22.015299999999993,2.6954000000000002,7.0,7,7,100.0,1.0,0,True
2023-03-12,51.7774,7.396771428571428,19.1597,0.046799999999999994,5.0,7,7,100.0,1.0,0,True
2023-03-19,53.2399,7.6057,27.6157,0.1725,4.0,7,7,100.0,1.0,0,True
2023-03-26,55.067499999999995,7.866785714285714,21.483,3.6436,7.0,7,7,100.0,1.0,0,True
2023-04-02,87.86479999999999,12.552114285714286,20.022399999999998,1.5487,7.0,7,7,100.0,1.0,0,True
2023-04-09,61.81269999999999,8.830385714285715,26.3481,1.7073000000000003,7.0,7,7,100.0,1.0,0,True
2023-04-16,104.21719999999998,14.888171428571427,35.27079999999999,1.8830999999999998,7.0,7,7,100.0,1.0,0,True
2023-04-23,68.88310000000001,9.840442857142857,28.4373,0.4611999999999999,6.0,7,7,100.0,1.0,0,True
2023-04-30,65.2374,9.319628571428572,17.2385,2.9563,7.0,7,7,100.0,1.0,0,True
2023-05-07,42.021699999999996,6.003099999999999,13.113199999999999,1.224,7.0,7,7,100.0,1.0,0,True
2023-05-14,90.0167,12.859528571428571,29.7544,1.8444,7.0,7,7,100.0,1.0,0,True
2023-05-21,88.45419999999999,12.636314285714286,30.777700000000003,2.2041999999999997,7.0,7,7,100.0,1.0,0,True
2023-05-28,104.16259999999998,14.880371428571427,24.4624,3.0625,7.0,7,7,100.0,1.0,0,True
2023-06-04,63.2401,9.0343,17.3963,3.5457,7.0,7,7,100.0,1.0,0,True
2023-06-11,33.1557,4.736528571428572,12.152300000000002,0.0,4.0,7,7,100.0,1.0,0,True
2023-06-18,26.2856,3.755085714285714,21.75,0.0,3.0,7,7,100.0,1.0,0,True
2023-06-25,68.8883,9.841185714285714,22.877000000000006,1.1320000000000001,7.0,7,7,100.0,1.0,0,True
2023-07-02,41.593999999999994,5.942,16.183899999999998,0.14659999999999998,5.0,7,7,100.0,1.0,0,True
2023-07-09,67.89850000000001,9.699785714285715,30.812600000000003,0.2905,6.0,7,7,100.0,1.0,0,True
2023-07-16,64.8566,9.26522857142857,42.7917,1.5029,7.0,7,7,100.0,1.0,0,True
2023-07-23,72.2667,10.323814285714283,31.8856,0.7778,5.0,7,7,100.0,1.0,0,True
2023-07-30,21.3346,3.0477999999999996,6.5756,1.1386,7.0,7,7,100.0,1.0,0,True
2023-08-06,47.1674,6.7382,12.496600000000003,1.5482999999999998,7.0,7,7,100.0,1.0,0,True
2023-08-13,8.722,1.246,4.0194,0.0,3.0,7,7,100.0,1.0,0,True
2023-08-20,64.4553,9.207899999999999,18.763199999999998,0.4109999999999999,5.0,7,7,100.0,1.0,0,True
2023-08-27,40.84049999999999,5.834357142857143,11.6438,1.9348,7.0,7,7,100.0,1.0,0,True
2023-09-03,45.09879999999999,6.442685714285714,19.175,0.022400000000000003,5.0,7,7,100.0,1.0,0,True
2023-09-10,55.42320000000001,7.917600000000001,15.555200000000003,0.5168,6.0,7,7,100.0,1.0,0,True
2023-09-17,36.8836,5.269085714285715,8.109,2.0199,7.0,7,7,100.0,1.0,0,True
2023-09-24,61.6173,8.802471428571428,19.5211,1.4183000000000001,7.0,7,7,100.0,1.0,0,True
2023-10-01,16.0468,2.2924,8.4474,0.23550000000000001,5.0,7,7,100.0,1.0,0,True
2023-10-08,38.21060000000001,5.4586571428571435,12.601300000000002,1.9359,7.0,7,7,100.0,1.0,0,True
2023-10-15,19.266000000000002,2.7522857142857147,7.008900000000001,0.972,6.0,7,7,100.0,1.0,0,True
2023-10-22,44.96829999999999,6.424042857142857,21.871799999999993,1.6838000000000002,7.0,7,7,100.0,1.0,0,True
2023-10-29,96.09009999999999,13.727157142857141,27.906899999999997,3.6072000000000006,7.0,7,7,100.0,1.0,0,True
2023-11-05,46.01480000000001,6.573542857142859,20.709200000000006,0.6479,6.0,7,7,100.0,1.0,0,True
2023-11-12,38.89320000000001,5.556171428571429,18.690600000000003,0.7367999999999999,5.0,7,7,100.0,1.0,0,True
2023-11-19,68.7579,9.822557142857145,20.2143,0.6015,6.0,7,7,100.0,1.0,0,True
2023-11-26,71.8648,10.2664,14.5427,4.8151,7.0,7,7,100.0,1.0,0,True
2023-12-03,62.9987,8.999814285714285,19.7221,1.1525999999999998,7.0,7,7,100.0,1.0,0,True
2023-12-10,24.429000000000002,3.489857142857143,8.9699,0.7452,6.0,7,7,100.0,1.0,0,True
2023-12-17,72.12610000000001,10.303728571428573,22.464400000000005,2.8248,7.0,7,7,100.0,1.0,0,True
2023-12-24,65.92219999999999,9.417457142857144,28.56,0.916,5.0,7,7,100.0,1.0,0,True
