{
"type": "FeatureCollection",
"name": "maynas_gaul2024",
"crs": { "type": "name", "properties": { "name": "urn:ogc:def:crs:OGC:1.3:CRS84" } },
"features": [
{ "type": "Feature", "properties": { "iso3_code": "PER", "map_code": "PER", "gaul0_code": 207, "gaul0_name": "Peru", "gaul1_code": 2215, "gaul1_name": "Loreto", "gaul2_code": 119192, "gaul2_name": "Maynas", "continent": "America", "disp_en": "Maynas, Loreto, Peru" }, "geometry": { "type": "Polygon", "coordinates": [ [ [ -75.235287020879184, -0.647465056167334 ], [ -75.23373201032399, -0.647754064098592 ], [ -75.232995074363146, -0.647691033314516 ], [ -75.232992544570209, -0.647690178958555 ], [ -75.232544821586202, -0.647539065875094 ], [ -75.23181892480352, -0.647294066268103 ], [ -75.231815975926452, -0.64729199962602 ], [ -75.231651674285274, -0.647176890001447 ], [ -75.231530789214446, -0.647092198146311 ], [ -75.234300371964537, -0.6518435728226 ], [ -75.237222487827466, -0.655978475726045 ], [ -75.238958873653019, -0.659559252357553 ], [ -75.230828805404883, -0.670515368189626 ], [ -75.230626957068353, -0.679249861791618 ], [ -75.231180023938862, -0.679361185270409 ], [ -75.231686930407477, -0.679478917318136 ], [ -75.23205162977888, -0.67965386423441 ], [ -75.23240220529749, -0.67994258258409 ], [ -75.232549955815784, -0.680168414040963 ], [ -75.232839938612244, -0.680611641314158 ], [ -75.233060536014875, -0.681532414888977 ], [ -75.233115882991569, -0.682367535233482 ], [ -75.23311590277666, -0.682785337772998 ], [ -75.233009765688109, -0.683645479954862 ], [ -75.232728857950406, -0.684817248916772 ], [ -75.232447013119099, -0.685704032614979 ], [ -75.231987144790878, -0.686765502425885 ], [ -75.23156755889562, -0.68754537561847 ], [ -75.230793319955637, -0.688547562120164 ], [ -75.229631941760601, -0.689661116167542 ], [ -75.223755273287168, -0.695000026929677 ], [ -75.217871727698025, -0.699623109718686 ], [ -75.216385244583307, -0.700616267926364 ], [ -75.213106841607441, -0.702806650406558 ], [ -75.212609983264088, -0.703138612656801 ], [ -75.210528795567427, -0.704262169863171 ], [ -75.209309410201058, -0.704920470902891 ], [ -75.207554897640307, -0.705620952844583 ], [ -75.205316938326007, -0.706514448183214 ], [ -75.204801076408444, -0.70672040282426 ], [ -75.201678213878438, -0.707528955396924 ], [ -75.197637671441271, -0.708291784638106 ], [ -75.194958885144331, -0.708532669846761 ], [ -75.188979450241391, -0.709062616946142 ], [ -75.187159496713321, -0.709100859716841 ], [ -75.185774469715966, -0.709303520141304 ], [ -75.184530752292346, -0.709544340598654 ], [ -75.183516005858962, -0.709887416670824 ], [ -75.183009497790067, -0.710244364785524 ], [ -75.182014014834863, -0.711190880554568 ], [ -75.181571594253626, -0.712026024281556 ], [ -75.181350403298381, -0.712916834244425 ], [ -75.181350420385513, -0.713366718299312 ], [ -75.181523497611238, -0.714005343072017 ], [ -75.181738104629801, -0.714319550906453 ], [ -75.185280305741344, -0.717819033321689 ], [ -75.186105654951916, -0.71833740974364 ], [ -75.186438842078871, -0.718484134135451 ], [ -75.187339374612407, -0.718804043671582 ], [ -75.192606235289475, -0.719034468865516 ], [ -75.19477348540795, -0.719474594376948 ], [ -75.19832987692223, -0.720543605902662 ], [ -75.198882963577887, -0.720988981656149 ], [ -75.199056962608722, -0.721216665716497 ], [ -75.19930977192837, -0.721619172586713 ], [ -75.199354795587283, -0.72172750042364 ], [ -75.199653571055364, -0.722446357313459 ], [ -75.199823284816716, -0.723438639581389 ], [ -75.199889002775194, -0.724099897592112 ], [ -75.199851591877405, -0.725160298109131 ], [ -75.199768080832143, -0.725776992913836 ], [ -75.199436299345678, -0.727113208307856 ], [ -75.198993914737343, -0.728727801646698 ], [ -75.198686723413516, -0.729586913205367 ], [ -75.198273739441504, -0.730537796981707 ], [ -75.197666679973224, -0.731678637359153 ], [ -75.197050861108323, -0.732539713936603 ], [ -75.196917700291579, -0.732725906874975 ], [ -75.195620431837426, -0.734128426585585 ], [ -75.194882781814897, -0.734841347050462 ], [ -75.194237816821669, -0.735464688744287 ], [ -75.192799887204956, -0.736633927014054 ], [ -75.192006685160379, -0.737127153894903 ], [ -75.189629265278256, -0.738420191938189 ], [ -75.188707266826839, -0.738861105255694 ], [ -75.186605638439403, -0.739751995258189 ], [ -75.184061549900548, -0.740587227118738 ], [ -75.184015847253534, -0.740597772569117 ], [ -75.161200838347895, -0.746513053434626 ], [ -75.147994859774883, -0.750480220185977 ], [ -75.135084484761137, -0.752569469405387 ], [ -75.13105060989767, -0.759241218607315 ], [ -75.127506110118816, -0.762926718593121 ], [ -75.123071782436796, -0.766275530391283 ], [ -75.11301655526978, -0.772800240438642 ], [ -75.109816060562707, -0.774771885314181 ], [ -75.106275744429979, -0.776625137140343 ], [ -75.103959626835206, -0.777744332634654 ], [ -75.099686269705558, -0.779670616605642 ], [ -75.090693040251494, -0.782239060584118 ], [ -75.0901480978564, -0.782382959306062 ], [ -75.086802345551746, -0.783266439794261 ], [ -75.084493709417131, -0.783449959947575 ], [ -75.084378624973453, -0.783459107851513 ], [ -75.082084002974227, -0.78339587022316 ], [ -75.079722519078928, -0.783330788085323 ], [ -75.073344287908526, -0.782945668707612 ], [ -75.068943306188601, -0.782560507961023 ], [ -75.06696604684555, -0.781982686351796 ], [ -75.065243920670298, -0.781597477041828 ], [ -75.06192723625287, -0.781019673419109 ], [ -75.060815016799552, -0.780872844705925 ], [ -75.059644757799276, -0.780936307164779 ], [ -75.058404198794676, -0.781233659006034 ], [ -75.057638185054145, -0.781812004020708 ], [ -75.056950045408257, -0.782623498275768 ], [ -75.047631235293238, -0.79634334496933 ], [ -75.037260358678566, -0.795671469562649 ], [ -75.026630985431609, -0.797049719269012 ], [ -75.0190096088063, -0.802175970044914 ], [ -75.000234338343887, -0.812597651160559 ], [ -74.990765359433738, -0.817475969640157 ], [ -74.987021608560269, -0.818980468873519 ], [ -74.984274234568147, -0.822218218895557 ], [ -74.968379665289262, -0.852583733352503 ], [ -74.966628604326615, -0.857396241243464 ], [ -74.961460142071815, -0.871627377701259 ], [ -74.956410284207152, -0.884495407237125 ], [ -74.95553979892253, -0.886142657657501 ], [ -74.955175220959575, -0.886741141190612 ], [ -74.954088251771338, -0.887981380036535 ], [ -74.952503381925453, -0.889316368755317 ], [ -74.951343055937116, -0.890038546841367 ], [ -74.949654884565177, -0.890819296873019 ], [ -74.945827830389987, -0.891782333188075 ], [ -74.942192134859056, -0.892103306622118 ], [ -74.940281019753229, -0.892210828666691 ], [ -74.938422154358818, -0.892196843309648 ], [ -74.938187165105546, -0.892195074343078 ], [ -74.936165498139189, -0.892118132845496 ], [ -74.935559112263149, -0.89210145671683 ], [ -74.935414109173735, -0.892117220033583 ], [ -74.92675285905716, -0.898325410089569 ], [ -74.926269768434963, -0.898993883360902 ], [ -74.924143559777406, -0.902153851019364 ], [ -74.923604338869097, -0.903103682588778 ], [ -74.921057335627438, -0.907769728689914 ], [ -74.919286351983544, -0.910589320940346 ], [ -74.916797856835558, -0.914164987623963 ], [ -74.914803132658335, -0.916329475025123 ], [ -74.912531943394413, -0.918234547586223 ], [ -74.910921478843079, -0.91920715718453 ], [ -74.909780856101577, -0.91979161219308 ], [ -74.908723041135374, -0.920217503235165 ], [ -74.907606796316486, -0.920534156326198 ], [ -74.906172403733365, -0.920697840133187 ], [ -74.903602054990813, -0.920738349195403 ], [ -74.898492887736552, -0.920300508861374 ], [ -74.895400830583753, -0.919719902951101 ], [ -74.894679132735689, -0.919554774832875 ], [ -74.891508685277529, -0.919096011771501 ], [ -74.890462508437963, -0.919004406827867 ], [ -74.889671507034393, -0.918950418726752 ], [ -74.888695921579483, -0.919192859762632 ], [ -74.88863650157316, -0.919207626630623 ], [ -74.88734576579435, -0.919629712641097 ], [ -74.886647872101548, -0.930890731022373 ], [ -74.88645286490771, -0.935676553330211 ], [ -74.886287681930924, -0.939730421022091 ], [ -74.886187159309941, -0.942197404386604 ], [ -74.886186286068153, -0.942208825776561 ], [ -74.88607825141014, -0.943621943997471 ], [ -74.885450282704312, -0.951835865932367 ], [ -74.884805618984046, -0.957025798601592 ], [ -74.884081801433865, -0.960984681697596 ], [ -74.88268772635746, -0.965088691090102 ], [ -74.881490701734378, -0.968147013773489 ], [ -74.879925390344454, -0.971298001701314 ], [ -74.877623465850206, -0.975653770904671 ], [ -74.873203801614125, -0.982697111882146 ], [ -74.8722622653911, -0.984036912873194 ], [ -74.870533595748725, -0.986496794291554 ], [ -74.868876228854788, -0.988720993079312 ], [ -74.868278767850825, -0.989322342751848 ], [ -74.866666432709678, -0.99094516938402 ], [ -74.860405374208597, -0.996134857437653 ], [ -74.858563880118936, -0.997710297891899 ], [ -74.856630300847655, -0.999563767353891 ], [ -74.855750244977799, -1.000626693167305 ], [ -74.855048440133373, -1.001664793195573 ], [ -74.853960033828457, -1.004012173922604 ], [ -74.853315445651276, -1.005958374279487 ], [ -74.852854951394875, -1.009016714949382 ], [ -74.852578611313845, -1.011797030208697 ], [ -74.85177703837951, -1.015115426036061 ], [ -74.851321413052688, -1.016410034295518 ], [ -74.850895963577841, -1.017305268922996 ], [ -74.850048914625631, -1.018683331570458 ], [ -74.849400068158502, -1.019525506197112 ], [ -74.84860994988918, -1.020510087570358 ], [ -74.847776528364079, -1.021183338939863 ], [ -74.846349613643724, -1.022140774277261 ], [ -74.844803804052276, -1.022858826273705 ], [ -74.843139099589735, -1.023337495828741 ], [ -74.84135548856483, -1.023816159088426 ], [ -74.839646517672634, -1.024125898191585 ], [ -74.820881039028677, -1.030371714083287 ], [ -74.803326722350278, -1.03458199006667 ], [ -74.800422245789946, -1.034706214320238 ], [ -74.799150822952072, -1.034921235926276 ], [ -74.797106395943331, -1.03540384720975 ], [ -74.794638322600406, -1.036138463818986 ], [ -74.793190995068244, -1.036750225842127 ], [ -74.792565814260854, -1.037106135239924 ], [ -74.792155026433306, -1.03739235617212 ], [ -74.792128523412543, -1.037417023676596 ], [ -74.790362273799872, -1.03966166315513 ], [ -74.79018427458459, -1.039889077418934 ], [ -74.790181833824533, -1.03989481419427 ], [ -74.789326985052298, -1.042829719316046 ], [ -74.78790510923335, -1.046069470329712 ], [ -74.786933609398488, -1.047533220381638 ], [ -74.784423858774005, -1.04995121857371 ], [ -74.781556858761917, -1.051165594716394 ], [ -74.77699952270973, -1.052172324593073 ], [ -74.774614435207923, -1.052259234176233 ], [ -74.773872892919655, -1.052286254307091 ], [ -74.773799742064398, -1.052289154620667 ], [ -74.770060444633771, -1.052437452826155 ], [ -74.767843532153165, -1.05260381481412 ], [ -74.766306493649665, -1.05278456775352 ], [ -74.764191236935972, -1.053295394366899 ], [ -74.763243678852632, -1.053629348615402 ], [ -74.763097226056118, -1.053680965204251 ], [ -74.761478887940257, -1.054613795090518 ], [ -74.761117200398417, -1.054896909764523 ], [ -74.759511855687549, -1.056310590061514 ], [ -74.757973362980181, -1.058128218842171 ], [ -74.756635481142496, -1.060484455193432 ], [ -74.747345734417991, -1.080380844800118 ], [ -74.739059837941056, -1.100275941181678 ], [ -74.729410974836583, -1.10841154835424 ], [ -74.726781162920304, -1.108576743921503 ], [ -74.72569604363747, -1.10878262931476 ], [ -74.723738565782071, -1.109265715440358 ], [ -74.722793235319386, -1.109686513621568 ], [ -74.721899501660573, -1.110352743084604 ], [ -74.720856412193655, -1.111557673647667 ], [ -74.72003658841777, -1.112712711622294 ], [ -74.719793443212779, -1.113277686415984 ], [ -74.719398655223699, -1.114195020084026 ], [ -74.718959082795379, -1.115849761856964 ], [ -74.718440406899163, -1.119182436220399 ], [ -74.717742637312824, -1.125266554907455 ], [ -74.71759181830771, -1.126581597562506 ], [ -74.717423698145126, -1.127517823288883 ], [ -74.716524841048511, -1.132523346375308 ], [ -74.714214598724709, -1.141713160433824 ], [ -74.713817613691845, -1.143292300699045 ], [ -74.71315397967237, -1.145795802833959 ], [ -74.711954357807315, -1.149399131764483 ], [ -74.710592010812547, -1.152246879090171 ], [ -74.708816663658013, -1.15442382929615 ], [ -74.708614409727204, -1.154633624042447 ], [ -74.707437234940357, -1.154705719992876 ], [ -74.704093858644626, -1.155244093739896 ], [ -74.701812483659182, -1.156275345430799 ], [ -74.699646483598258, -1.15811909502014 ], [ -74.697895733801033, -1.159821470284555 ], [ -74.696228484257119, -1.162136720033516 ], [ -74.695585479786018, -1.16316822263525 ], [ -74.695083983638824, -1.16397272016485 ], [ -74.695062608552519, -1.164063593959611 ], [ -74.693858108764687, -1.169305468772336 ], [ -74.691454484436861, -1.174226219064735 ], [ -74.687365983853056, -1.179324470347979 ], [ -74.686566625949013, -1.180148654936374 ], [ -74.683618983729104, -1.183187843644021 ], [ -74.680549484271239, -1.18594796912339 ], [ -74.673826983628317, -1.190980969196289 ], [ -74.662109358759778, -1.203929719181076 ], [ -74.657915706744348, -1.20788637915291 ], [ -74.654871108614657, -1.210687469650964 ], [ -74.654596291085909, -1.210850458281982 ], [ -74.651226565553543, -1.212848954215815 ], [ -74.649526918832123, -1.213856968324308 ], [ -74.648353469037261, -1.214552906891015 ], [ -74.648095348321647, -1.21470599128844 ], [ -74.643384608612735, -1.225065219883902 ], [ -74.642785599875481, -1.22899721504939 ], [ -74.642496323946148, -1.230290440151578 ], [ -74.642117686881647, -1.231316461385518 ], [ -74.641893639679608, -1.23178495511155 ], [ -74.64121512188035, -1.23272789517614 ], [ -74.640668025608875, -1.233209004591856 ], [ -74.640457434063308, -1.233394195685491 ], [ -74.638875778394322, -1.234198835307893 ], [ -74.636758219416265, -1.234961326404004 ], [ -74.632935330001374, -1.236187910843284 ], [ -74.630409166749587, -1.236998432931216 ], [ -74.629254033446841, -1.237325251059417 ], [ -74.627471256992862, -1.237897503167176 ], [ -74.62746873439454, -1.237898469039067 ], [ -74.616578108992428, -1.242962969665257 ], [ -74.610419984194777, -1.247556595160688 ], [ -74.602890484108514, -1.255255969986933 ], [ -74.601289620719342, -1.257163484207354 ], [ -74.601289109005165, -1.257164094846985 ], [ -74.58948823389477, -1.272380845099804 ], [ -74.58833121021712, -1.27449743820614 ], [ -74.587639296116606, -1.275984585919787 ], [ -74.587062095938904, -1.27781731881413 ], [ -74.586904145309973, -1.278440030083289 ], [ -74.586697480204521, -1.279254794273243 ], [ -74.586572684881446, -1.280091231225299 ], [ -74.586396851233644, -1.28264322120765 ], [ -74.586351648609593, -1.286502111383243 ], [ -74.587030553117415, -1.292162608017861 ], [ -74.587098388080108, -1.292543353992528 ], [ -74.587894991360713, -1.297014508013035 ], [ -74.58880333900288, -1.300875489112343 ], [ -74.589096294058663, -1.302491422441165 ], [ -74.589191760691108, -1.303608137605409 ], [ -74.589191569135551, -1.304789976276254 ], [ -74.589122100104817, -1.305592523176301 ], [ -74.588708906590682, -1.306978695910061 ], [ -74.58844950074382, -1.307526743664255 ], [ -74.587343950662728, -1.308955405767279 ], [ -74.586220734299388, -1.309906345301499 ], [ -74.572074233938622, -1.319322220144272 ], [ -74.557555200212221, -1.324819383707563 ], [ -74.556373485647782, -1.324801934161826 ], [ -74.555699280097656, -1.324810915691046 ], [ -74.554024673200047, -1.324951826865231 ], [ -74.553035871308396, -1.325098474814581 ], [ -74.55193070703632, -1.325370160904129 ], [ -74.55086755009728, -1.325808718897235 ], [ -74.549648015443495, -1.326466368827823 ], [ -74.548897494323853, -1.326995698092958 ], [ -74.54804871507605, -1.327872721448841 ], [ -74.547530413297864, -1.328729603588215 ], [ -74.547069608775303, -1.330120102960336 ], [ -74.546236544281044, -1.333710476257409 ], [ -74.545284405051177, -1.338138614805132 ], [ -74.544213320588199, -1.342686415345725 ], [ -74.543374174878238, -1.344852221152962 ], [ -74.54337310918163, -1.344853470311364 ], [ -74.538972733604737, -1.34716034467408 ], [ -74.529853358945331, -1.3503183446158 ], [ -74.524947234327385, -1.351347720320916 ], [ -74.519997792064373, -1.351183663295387 ], [ -74.507789733609229, -1.361844469646485 ], [ -74.502555870856725, -1.370263589892716 ], [ -74.501826107888519, -1.371437468664226 ], [ -74.500530984317436, -1.372624470342942 ], [ -74.494181608794065, -1.378443344784444 ], [ -74.490983483800676, -1.379614094814599 ], [ -74.483360143056075, -1.380072485556695 ], [ -74.48014848416517, -1.380265595180958 ], [ -74.478902024708589, -1.380304349665948 ], [ -74.476501984179208, -1.380378970013339 ], [ -74.473992233554611, -1.379576094860852 ], [ -74.472207569423745, -1.378107950721244 ], [ -74.472206978569091, -1.378107641354518 ], [ -74.472199530383989, -1.37810467089372 ], [ -74.469996033989673, -1.3772263713999 ], [ -74.468289924740134, -1.376615415169226 ], [ -74.466015053651745, -1.376080651300981 ], [ -74.464178141607931, -1.376282414201967 ], [ -74.463105033670331, -1.376831774966377 ], [ -74.461914109148665, -1.377623094729984 ], [ -74.459749984174323, -1.37945896985542 ], [ -74.451608196860718, -1.386471631360678 ], [ -74.445276359016646, -1.395282345204009 ], [ -74.445046859225101, -1.39677346971979 ], [ -74.444769162067132, -1.39698824671018 ], [ -74.443564484213482, -1.397919970430223 ], [ -74.440826108837712, -1.397804719611997 ], [ -74.434597186710732, -1.396017085020276 ], [ -74.431753990853906, -1.393726756384638 ], [ -74.420034492697653, -1.393740945887885 ], [ -74.406078071245872, -1.394337308819559 ], [ -74.404055826015508, -1.394489437237667 ], [ -74.399808871182358, -1.395760366347645 ], [ -74.373093948626718, -1.405416329599802 ], [ -74.364248109062942, -1.410285219587195 ], [ -74.35592245625628, -1.412997050573324 ], [ -74.344417931142573, -1.416409686357895 ], [ -74.322861295912048, -1.421999973819709 ], [ -74.319480326156054, -1.424229700740057 ], [ -74.317252598428638, -1.425832402343474 ], [ -74.315488678059921, -1.427138370838975 ], [ -74.313451926764913, -1.429268924121459 ], [ -74.31186322940448, -1.431030752667027 ], [ -74.310233793654618, -1.432833551627084 ], [ -74.308726573072875, -1.434472450043472 ], [ -74.307178639282711, -1.436070349267141 ], [ -74.306363955132383, -1.436848794336356 ], [ -74.305264226362908, -1.437586167367613 ], [ -74.304903999320061, -1.437752196606482 ], [ -74.304540186680185, -1.437919878799335 ], [ -74.304214082613782, -1.43805756140722 ], [ -74.303146421869769, -1.438364210439886 ], [ -74.301840697989746, -1.438559761723582 ], [ -74.300924421924492, -1.438628639899719 ], [ -74.299195445613293, -1.438527780932304 ], [ -74.29873079558962, -1.438379974655959 ], [ -74.297056108652384, -1.437662220335085 ], [ -74.294667508398732, -1.435944766137993 ], [ -74.292470435861844, -1.434365022427755 ], [ -74.291886355870531, -1.433945055220079 ], [ -74.291155734049823, -1.433419719844153 ], [ -74.290865234143212, -1.433211095115837 ], [ -74.289485109350267, -1.433151470064161 ], [ -74.284583984063545, -1.434001969714984 ], [ -74.278664108561657, -1.436292970144336 ], [ -74.272621108677185, -1.439273469994475 ], [ -74.257237925389916, -1.446118142638056 ], [ -74.228318161953553, -1.454132483427315 ], [ -74.216340607832763, -1.450468345037962 ], [ -74.216095733231441, -1.450263719594886 ], [ -74.212105483581183, -1.447624970216168 ], [ -74.208800734066529, -1.446017594836064 ], [ -74.206763608653546, -1.445552719982004 ], [ -74.201400357740283, -1.446244095388636 ], [ -74.19877535809627, -1.447048844728329 ], [ -74.196152359443658, -1.447962844609492 ], [ -74.189888733378268, -1.450484344876486 ], [ -74.184646484447683, -1.453921845116952 ], [ -74.184550687763931, -1.45402420505286 ], [ -74.182822233958802, -1.45587109507494 ], [ -74.180699234082283, -1.460501969590155 ], [ -74.178718733582571, -1.463439470155379 ], [ -74.174702858649994, -1.466412719671212 ], [ -74.171276358017451, -1.467954594728667 ], [ -74.168354734083607, -1.468752719662234 ], [ -74.165154358087136, -1.469626970408228 ], [ -74.161164109336084, -1.47065822030055 ], [ -74.158431608332023, -1.471000094878434 ], [ -74.150774982779183, -1.473208470094733 ], [ -74.13939648326101, -1.481083969949225 ], [ -74.13199998391201, -1.489345719629227 ], [ -74.125062333959534, -1.497411418002514 ], [ -74.113333722073492, -1.507169330200327 ], [ -74.097885693170042, -1.516394839250381 ], [ -74.096382666127113, -1.517115254665157 ], [ -74.0923798718336, -1.519029895113476 ], [ -74.08845563691807, -1.520405684274749 ], [ -74.087703202940361, -1.520669477014678 ], [ -74.085861609025926, -1.521174092010654 ], [ -74.083516086298175, -1.521816786215652 ], [ -74.078513369096584, -1.523018451340363 ], [ -74.077571470446969, -1.523196623225544 ], [ -74.076550381095103, -1.523389773319309 ], [ -74.074761413708188, -1.523728174715302 ], [ -74.072972011049444, -1.523955643837837 ], [ -74.070318287958571, -1.524145909805839 ], [ -74.066885349079541, -1.524392038961366 ], [ -74.06067129634323, -1.524618433393812 ], [ -74.040197112106966, -1.526947259308486 ], [ -74.036530785667196, -1.527360127268025 ], [ -74.032358961996465, -1.527749435687838 ], [ -74.030986854659602, -1.527803309575006 ], [ -74.026543249571262, -1.527683636790243 ], [ -74.023049778224561, -1.527371358001744 ], [ -74.019281713280407, -1.526738665157211 ], [ -74.01773686866153, -1.526421504848543 ], [ -74.015007394775409, -1.525631014259829 ], [ -74.014295640731177, -1.525370173094984 ], [ -74.012264072229129, -1.524647001258074 ], [ -74.009658210158193, -1.523997080101083 ], [ -74.007862128234535, -1.523880155644633 ], [ -74.006789560789571, -1.524004528286241 ], [ -74.005727811289432, -1.524335598409039 ], [ -74.00466349872147, -1.524952119644524 ], [ -74.000183607787164, -1.528874969603976 ], [ -73.99910748442278, -1.530648469551124 ], [ -73.998419859189084, -1.534031219964788 ], [ -73.997933201855687, -1.541273171719411 ], [ -73.997880857715302, -1.542052095227973 ], [ -73.997657269167519, -1.544363620884269 ], [ -73.99741514379383, -1.546866745303987 ], [ -73.997324233126847, -1.547806595298084 ], [ -73.995673857562451, -1.553179719868069 ], [ -73.993562358216138, -1.556977844651726 ], [ -73.980442033772817, -1.576984941701653 ], [ -73.978845068045416, -1.579350858355383 ], [ -73.976941203273896, -1.58190980099647 ], [ -73.975807195945322, -1.58312113832983 ], [ -73.975652345279343, -1.583286547935813 ], [ -73.974053078186898, -1.584588060290685 ], [ -73.972860652696909, -1.585328412775993 ], [ -73.970264455640006, -1.586446597432484 ], [ -73.965875811719286, -1.587999226582895 ], [ -73.9631168139897, -1.588509762715262 ], [ -73.962652289871244, -1.588595719916441 ], [ -73.96027348323463, -1.588595719916441 ], [ -73.958451233737435, -1.588132845154632 ], [ -73.952019483012634, -1.587333970186535 ], [ -73.944496109108059, -1.587898470138214 ], [ -73.940582985316496, -1.591167137053617 ], [ -73.941497955566092, -1.597091886881003 ], [ -73.941568313127107, -1.598187469775723 ], [ -73.941660640226246, -1.599625169166188 ], [ -73.941759427155716, -1.60116346582123 ], [ -73.941666963359637, -1.602603501650208 ], [ -73.941406233710666, -1.603322220044333 ], [ -73.938214858129186, -1.608583969874246 ], [ -73.936349982565616, -1.610538345068449 ], [ -73.935494782158457, -1.61077771581887 ], [ -73.933374357940238, -1.611371219805903 ], [ -73.930810909695708, -1.611383944313559 ], [ -73.92981556703478, -1.611754741088362 ], [ -73.927495216331124, -1.612701924154294 ], [ -73.926363565226325, -1.613401909670245 ], [ -73.925195827925052, -1.614284275898569 ], [ -73.924546574964324, -1.614936950779565 ], [ -73.92379437660918, -1.616126083851668 ], [ -73.9233606740558, -1.617077008097397 ], [ -73.923317964352407, -1.617184292720822 ], [ -73.92263475568933, -1.618900486967789 ], [ -73.922318560353119, -1.619853392420055 ], [ -73.922076389113954, -1.622885992694307 ], [ -73.922027358975413, -1.62349997064706 ], [ -73.921515607858908, -1.625960969922801 ], [ -73.920848095962754, -1.627231333359305 ], [ -73.919800732917395, -1.629224595238838 ], [ -73.91612123320823, -1.636126595166161 ], [ -73.902475553603892, -1.660965539128256 ], [ -73.894063733154724, -1.675037470402913 ], [ -73.888329358113367, -1.681959596258253 ], [ -73.887475608312627, -1.682771345021479 ], [ -73.886779358580441, -1.682992220314645 ], [ -73.877797983090375, -1.683701344741223 ], [ -73.873469146783634, -1.683442962322829 ], [ -73.871658816001457, -1.683236588597595 ], [ -73.868886880624927, -1.682392204336679 ], [ -73.868037516817935, -1.682111929721714 ], [ -73.865265158760053, -1.681016012279031 ], [ -73.862601296712455, -1.680357874915956 ], [ -73.85971760977975, -1.68004370215499 ], [ -73.85618093680074, -1.680214838643792 ], [ -73.851317080318893, -1.680958934107423 ], [ -73.847593669412277, -1.681935746237627 ], [ -73.845780859199238, -1.682474719832385 ], [ -73.842988233120423, -1.683540970439367 ], [ -73.842986638622449, -1.683541823895951 ], [ -73.837151483753928, -1.686668219862327 ], [ -73.82449075784217, -1.69635123292295 ], [ -73.824489395369255, -1.696353545080001 ], [ -73.82283410770782, -1.700206345046695 ], [ -73.819843734200958, -1.720269481551213 ], [ -73.818314482927008, -1.737710970185105 ], [ -73.817804732802131, -1.7448475951403 ], [ -73.819346482853859, -1.758810345121219 ], [ -73.821065357979819, -1.76845184457693 ], [ -73.823281107636831, -1.776638346182608 ], [ -73.827336625584792, -1.783225759661036 ], [ -73.82918250386939, -1.78644615276761 ], [ -73.834275182953263, -1.79660096276416 ], [ -73.83547556204752, -1.799145597191512 ], [ -73.836611893224244, -1.802009439683729 ], [ -73.840875357811456, -1.817951844801712 ], [ -73.841131238315882, -1.819025050765447 ], [ -73.842445358266616, -1.824536721292532 ], [ -73.842521234067647, -1.828929344713458 ], [ -73.842476607909077, -1.830558595202945 ], [ -73.841904359398598, -1.833019471271541 ], [ -73.841732733678668, -1.833434095607004 ], [ -73.8408164953849, -1.835069240253176 ], [ -73.839039233573658, -1.838240970144625 ], [ -73.837261733442233, -1.842796844798499 ], [ -73.837014865043955, -1.844032728227717 ], [ -73.836837439596138, -1.846660042726739 ], [ -73.836929701944086, -1.848320551851941 ], [ -73.837161806172389, -1.84938781509544 ], [ -73.837772272272446, -1.851189130174134 ], [ -73.838222751678586, -1.852097169348838 ], [ -73.839383862774923, -1.854144169317919 ], [ -73.83964734614807, -1.854415552335752 ], [ -73.841272002900496, -1.856088912772975 ], [ -73.841907748943413, -1.856520083734836 ], [ -73.843975664445281, -1.85792256387515 ], [ -73.847306795572138, -1.859945810950364 ], [ -73.856808865936387, -1.867530004206174 ], [ -73.862658358696251, -1.879241469618023 ], [ -73.869432858139874, -1.885664845855786 ], [ -73.875372182380204, -1.889922999047144 ], [ -73.877166778623916, -1.891217067713455 ], [ -73.8779677634015, -1.891889032153074 ], [ -73.878633899334943, -1.892656763598609 ], [ -73.879846065843253, -1.894558162429178 ], [ -73.88055229805002, -1.896273395300909 ], [ -73.881173725986628, -1.898125553551324 ], [ -73.881390209890128, -1.899730670733845 ], [ -73.881497736431299, -1.901590451637901 ], [ -73.881533623877544, -1.902211179901997 ], [ -73.881529721719232, -1.902972990211197 ], [ -73.881209431769832, -1.905326559173318 ], [ -73.880773078914387, -1.907368969002675 ], [ -73.880264311748476, -1.909265424259786 ], [ -73.879750706230084, -1.910683802615267 ], [ -73.87945156114057, -1.911509921645518 ], [ -73.878358994571897, -1.914371906138456 ], [ -73.876751883592419, -1.91624055975393 ], [ -73.877954233101264, -1.923477845825801 ], [ -73.880946984415743, -1.932269344754388 ], [ -73.887414234978905, -1.93851890362447 ], [ -73.888072616957629, -1.939597519010249 ], [ -73.889814532714411, -1.942638295021254 ], [ -73.89346153002549, -1.95049758369646 ], [ -73.894624544087378, -1.953581403059275 ], [ -73.894961438219696, -1.954474705043481 ], [ -73.89607374041077, -1.957949938139109 ], [ -73.896709001718932, -1.960574410780339 ], [ -73.896956023901282, -1.96177698691838 ], [ -73.898132288574232, -1.966099552252501 ], [ -73.898693263183475, -1.967737032437924 ], [ -73.898888304551519, -1.968119862141862 ], [ -73.899632394619232, -1.969209510410451 ], [ -73.900180458561294, -1.969811581339286 ], [ -73.901406300160602, -1.970721150260829 ], [ -73.902916891401333, -1.971496323596398 ], [ -73.903804398154421, -1.971915171148112 ], [ -73.907918154399283, -1.973432521693496 ], [ -73.915443083231594, -1.976023305730848 ], [ -73.919884950829783, -1.977619829891182 ], [ -73.921400042278094, -1.978675176218246 ], [ -73.922152309881142, -1.979687702225647 ], [ -73.922531694282213, -1.980618656126012 ], [ -73.922796398934622, -1.981776176229516 ], [ -73.922758800078498, -1.983229618252153 ], [ -73.922687807596219, -1.984090752386294 ], [ -73.922566632044379, -1.984514425700127 ], [ -73.92249194874438, -1.984775541158115 ], [ -73.922104716859167, -1.98559871490869 ], [ -73.921205939802235, -1.987065163826173 ], [ -73.921104805642244, -1.987169970817433 ], [ -73.91986624223324, -1.988453515617152 ], [ -73.916822875275443, -1.990714315013463 ], [ -73.914527025701602, -1.992077162031364 ], [ -73.911866752848312, -1.993100013154901 ], [ -73.909947801949329, -1.993581331213363 ], [ -73.909041709807013, -1.993687971022894 ], [ -73.908295609754532, -1.993633851620871 ], [ -73.907664541985014, -1.993407214371359 ], [ -73.907411049180496, -1.993151830292675 ], [ -73.907186133233381, -1.99274417930036 ], [ -73.907162501748019, -1.992701348188632 ], [ -73.897468943237072, -1.994373068262462 ], [ -73.890437965239869, -1.996087500737531 ], [ -73.882413426138669, -2.002243362840886 ], [ -73.881797967002456, -2.00364397508929 ], [ -73.880229382080245, -2.00624961592689 ], [ -73.877972179972005, -2.009225458188212 ], [ -73.876037345247198, -2.011217605807701 ], [ -73.873014678884203, -2.013965805377552 ], [ -73.871965144875446, -2.014920033732551 ], [ -73.86974021044233, -2.016503327066857 ], [ -73.86724574469531, -2.018006774093294 ], [ -73.86422978727478, -2.019365690174368 ], [ -73.863345762696724, -2.019651100817612 ], [ -73.859302489917809, -2.020956483854548 ], [ -73.854766602696429, -2.021885856746792 ], [ -73.852360698587347, -2.022171312356079 ], [ -73.851362329707683, -2.022289764760785 ], [ -73.848347654720442, -2.022647443124924 ], [ -73.841385017104813, -2.023080258946607 ], [ -73.840736308234, -2.023091243266208 ], [ -73.834859813329558, -2.02293037433725 ], [ -73.829310080795494, -2.022633741054278 ], [ -73.821477597313162, -2.02251858826213 ], [ -73.817867822941651, -2.022846089875088 ], [ -73.815554925819129, -2.023367476327849 ], [ -73.814078390105522, -2.023906447224647 ], [ -73.81176199372095, -2.025051359732402 ], [ -73.810700640821779, -2.025676277038485 ], [ -73.808497791040168, -2.027511403928031 ], [ -73.807439906826176, -2.028527966092724 ], [ -73.805854054920644, -2.031159664786628 ], [ -73.804571610891003, -2.033899875678685 ], [ -73.803626139234837, -2.037062141104798 ], [ -73.802533991750295, -2.042862109099019 ], [ -73.798895513716957, -2.064917317679999 ], [ -73.796851503993594, -2.078778347142986 ], [ -73.795472292012619, -2.088145381604022 ], [ -73.794153812148579, -2.098298098878104 ], [ -73.793137813859005, -2.105245326610486 ], [ -73.791279694901959, -2.112022426893418 ], [ -73.789253888356086, -2.117782600786313 ], [ -73.787397425950417, -2.122356653436725 ], [ -73.783855420890916, -2.128285067102127 ], [ -73.78060791772117, -2.13154700978663 ], [ -73.777623907817031, -2.1334484230062 ], [ -73.771439709874585, -2.135874884718135 ], [ -73.767840578979474, -2.137003214626475 ], [ -73.753593733164223, -2.142191345054414 ], [ -73.738752483140559, -2.154601220369955 ], [ -73.737857108218861, -2.1556330961904 ], [ -73.736965200183818, -2.15691360487881 ], [ -73.736964917796683, -2.156914734427346 ], [ -73.736504237380586, -2.159735774586238 ], [ -73.736690565217373, -2.163284553339395 ], [ -73.737723449177793, -2.167596140649266 ], [ -73.740162070623001, -2.173545020186509 ], [ -73.741892323971513, -2.176611896321845 ], [ -73.745504146099393, -2.182396723330044 ], [ -73.749717981599474, -2.189145726094353 ], [ -73.754394805176048, -2.19837525781179 ], [ -73.756196179609958, -2.203705991937909 ], [ -73.756660871901602, -2.208342509699037 ], [ -73.756575223167999, -2.21307264508647 ], [ -73.755644986027164, -2.21805419044847 ], [ -73.7547035757093, -2.220758358311514 ], [ -73.751204881999683, -2.226360004210733 ], [ -73.744412108332085, -2.232177720325467 ], [ -73.741328234110654, -2.233691094968037 ], [ -73.736588483171886, -2.23529009586116 ], [ -73.733603983137243, -2.236296846422135 ], [ -73.731651733040906, -2.238182471144 ], [ -73.73151373297236, -2.238384720578267 ], [ -73.730828233735963, -2.239994096050623 ], [ -73.727013252959182, -2.250703114157318 ], [ -73.726162627403312, -2.254820803137534 ], [ -73.725146568858975, -2.260920436928529 ], [ -73.724813495946023, -2.266857133349959 ], [ -73.724804321961869, -2.267020660674859 ], [ -73.723789262564367, -2.271934071600015 ], [ -73.722774488252014, -2.276508561321009 ], [ -73.720409924178625, -2.283454261105192 ], [ -73.718250940628366, -2.287834570109226 ], [ -73.715892654722154, -2.29136366270285 ], [ -73.712940166055716, -2.294838323829538 ], [ -73.710811274720413, -2.296781616678174 ], [ -73.70673667405822, -2.299534705861959 ], [ -73.70402561918695, -2.300719371102048 ], [ -73.696585982956663, -2.302460971196695 ], [ -73.694196108363599, -2.302238095811447 ], [ -73.683431233364558, -2.29502734513585 ], [ -73.683357482661677, -2.294953096208303 ], [ -73.681244108228896, -2.293341845649479 ], [ -73.678451233037947, -2.291900345724343 ], [ -73.672790982817503, -2.290113221048273 ], [ -73.670675733298424, -2.289705096113266 ], [ -73.666968733220415, -2.289591846286612 ], [ -73.661193358086962, -2.290328096064741 ], [ -73.653638982752796, -2.292471345076422 ], [ -73.647652357770028, -2.29416997106722 ], [ -73.635818357930759, -2.299040969964722 ], [ -73.633746982737023, -2.29998384617744 ], [ -73.622857983309189, -2.305556095936936 ], [ -73.614312733146051, -2.313581971430722 ], [ -73.613361608351511, -2.31434009631829 ], [ -73.603016357918477, -2.322585596148315 ], [ -73.601521858246997, -2.323776721218564 ], [ -73.588607923716552, -2.333406399985279 ], [ -73.588605087254905, -2.333407840699238 ], [ -73.586259512366553, -2.334513858427783 ], [ -73.585220971670424, -2.334960325958093 ], [ -73.580074325169903, -2.337924895217668 ], [ -73.575723567888247, -2.340989576107972 ], [ -73.57406696272011, -2.342728632919943 ], [ -73.572990233212579, -2.344093721048353 ], [ -73.571097608167975, -2.348459095910471 ], [ -73.570007858275972, -2.351966845793243 ], [ -73.566089733354488, -2.361045846288732 ], [ -73.564498099707464, -2.363205968380669 ], [ -73.561209983154129, -2.367668470923093 ], [ -73.551197844305022, -2.37249494258748 ], [ -73.546976834912982, -2.373667130633464 ], [ -73.537086576684146, -2.374847117600268 ], [ -73.528446044249506, -2.375798478916579 ], [ -73.521269114378072, -2.376879729315931 ], [ -73.516677169715592, -2.37860615155256 ], [ -73.511840568087678, -2.382111752954984 ], [ -73.506733123035019, -2.38777753490524 ], [ -73.499476520424992, -2.394608197010598 ], [ -73.486202121430665, -2.406525025309634 ], [ -73.481791873096427, -2.410099271963702 ], [ -73.479477219597868, -2.41145680758558 ], [ -73.478381110599742, -2.411916528425024 ], [ -73.477482028672569, -2.412192375677535 ], [ -73.475685435934111, -2.41230009107619 ], [ -73.474924759669875, -2.412299234022385 ], [ -73.474229208710938, -2.412293318281968 ], [ -73.471520359876649, -2.412274461297272 ], [ -73.468825422655073, -2.412286433072381 ], [ -73.466452082997193, -2.412425047378008 ], [ -73.46154474159647, -2.412809732383209 ], [ -73.456744819717585, -2.413485578296672 ], [ -73.452463274260651, -2.414421662829398 ], [ -73.449269703434027, -2.415318019810741 ], [ -73.446378059299946, -2.416222968015461 ], [ -73.444163475164203, -2.41701421403468 ], [ -73.443686588964795, -2.417227501747675 ], [ -73.442400178925084, -2.417864449284878 ], [ -73.437044742221019, -2.420854437881928 ], [ -73.418065963273477, -2.432277879220692 ], [ -73.405771482667717, -2.439927721187303 ], [ -73.399642607420333, -2.446333970736134 ], [ -73.395523483122133, -2.449947220987383 ], [ -73.388971733158883, -2.455001596146587 ], [ -73.376745483217462, -2.463287221028338 ], [ -73.373182970017979, -2.465598711611108 ], [ -73.373182228077326, -2.465599423874153 ], [ -73.372925155071698, -2.465995471813471 ], [ -73.372674049068053, -2.466395374247043 ], [ -73.372428965824042, -2.46679903944397 ], [ -73.372189963795734, -2.467206374774321 ], [ -73.371957096043104, -2.467617290305611 ], [ -73.371730413827436, -2.468031689810459 ], [ -73.371509972007516, -2.468449479759556 ], [ -73.37129581824729, -2.468870566623252 ], [ -73.371088002009571, -2.469294853274789 ], [ -73.370886570059099, -2.469722244386048 ], [ -73.370691569160556, -2.470152640132142 ], [ -73.370503043380666, -2.470585945185121 ], [ -73.37032103408842, -2.471022060619475 ], [ -73.370145585350372, -2.471460886610487 ], [ -73.369976734938234, -2.471902324232758 ], [ -73.369814522422189, -2.472346271862875 ], [ -73.369658983774968, -2.472792628776631 ], [ -73.369510154969532, -2.473241295149592 ], [ -73.369368070180258, -2.473692166660101 ], [ -73.369232760883165, -2.474145141684858 ], [ -73.369104258554671, -2.474600118600563 ], [ -73.368982591972951, -2.475056992186296 ], [ -73.368867789017202, -2.475515659020402 ], [ -73.368759875767637, -2.475976014781224 ], [ -73.368658877405153, -2.476437955147446 ], [ -73.368564814614444, -2.476901373999169 ], [ -73.368477711676974, -2.477366167014964 ], [ -73.368397586579306, -2.477832228974137 ], [ -73.368324459106418, -2.478299452857357 ], [ -73.36825834364754, -2.478767731645462 ], [ -73.368199257289859, -2.479236961916172 ], [ -73.36814721172442, -2.479707033952423 ], [ -73.368102221340393, -2.480177840734711 ], [ -73.368064293332452, -2.480649277941723 ], [ -73.368033437593056, -2.481121235856278 ], [ -73.368009663115402, -2.481593609257629 ], [ -73.367992971698243, -2.482066288428371 ], [ -73.367983369636704, -2.48253916724866 ], [ -73.367980858729595, -2.483012137799847 ], [ -73.367985439876122, -2.483485093062541 ], [ -73.367997111277589, -2.483957925118091 ], [ -73.36801587023615, -2.484430526047845 ], [ -73.368041712255149, -2.484902788832528 ], [ -73.368074631938669, -2.485374605553545 ], [ -73.368114622092094, -2.48584587009077 ], [ -73.368161672822851, -2.486316473626289 ], [ -73.368215775137855, -2.486786310939465 ], [ -73.368276914647822, -2.487255274111476 ], [ -73.368345078762275, -2.487723257022651 ], [ -73.368420251293514, -2.488190151754054 ], [ -73.368502416053559, -2.488655853984426 ], [ -73.368591553257488, -2.489120256694434 ], [ -73.368687643120211, -2.489583255562707 ], [ -73.368790664057883, -2.490044743570024 ], [ -73.368900591788815, -2.490504617294164 ], [ -73.369017402930695, -2.49096277061534 ], [ -73.369141069604666, -2.491419101909855 ], [ -73.369271564830683, -2.491873504158832 ], [ -73.36940885713301, -2.492325875738516 ], [ -73.369552916833527, -2.492776114126229 ], [ -73.369703709758369, -2.493224116799411 ], [ -73.369861204431004, -2.493669781235326 ], [ -73.370025362180627, -2.494113005810505 ], [ -73.370196146135186, -2.494553689800796 ], [ -73.370373517623705, -2.494991735180406 ], [ -73.370557437975265, -2.495427039426204 ], [ -73.370747864022633, -2.495859505411715 ], [ -73.370944751698914, -2.496289033312166 ], [ -73.371148056937159, -2.496715526900005 ], [ -73.371763355994062, -2.497600036212646 ], [ -73.372115166281787, -2.498036059016783 ], [ -73.375696162347936, -2.501515975781615 ], [ -73.384045531176298, -2.509770448147606 ], [ -73.386272599700703, -2.512465084995654 ], [ -73.387415904220575, -2.514002217927953 ], [ -73.38850138413153, -2.515597270797286 ], [ -73.390279692753552, -2.518661373423583 ], [ -73.392060044635286, -2.521893838129984 ], [ -73.39339465024284, -2.524856563779338 ], [ -73.394458934032457, -2.527726422736123 ], [ -73.394706052442302, -2.528396904193585 ], [ -73.395196093025163, -2.530026814785572 ], [ -73.395443699766759, -2.531103800599794 ], [ -73.395839825047858, -2.533363111618257 ], [ -73.395914201679034, -2.535414244871447 ], [ -73.395378446757888, -2.540787818203171 ], [ -73.394824316888617, -2.543387328362485 ], [ -73.393244834881102, -2.548774401417404 ], [ -73.392214766698089, -2.551620935557708 ], [ -73.390479251416309, -2.555452666207543 ], [ -73.388615106102179, -2.559215499795414 ], [ -73.384741163973501, -2.566504061613102 ], [ -73.38314094899556, -2.569404643209623 ], [ -73.38061989119501, -2.573974311665097 ], [ -73.367486712741538, -2.595570157336851 ], [ -73.362767093126763, -2.601926505303936 ], [ -73.360233274845712, -2.604588539029805 ], [ -73.356030865232185, -2.607968326177286 ], [ -73.355343730128936, -2.608473380941689 ], [ -73.351979769250931, -2.610590920134769 ], [ -73.349238010625641, -2.612156763923451 ], [ -73.344846044609255, -2.614665030666572 ], [ -73.338551821808949, -2.61825962628069 ], [ -73.328523689416556, -2.623062878349117 ], [ -73.320974354782606, -2.625807755823246 ], [ -73.308385742807729, -2.629212903852306 ], [ -73.291287300568399, -2.633616518787221 ], [ -73.286651873685003, -2.634756532687732 ], [ -73.27804504244466, -2.636771374699094 ], [ -73.275859724046938, -2.637167964030255 ], [ -73.275858851704584, -2.637168385812174 ], [ -73.273354611226296, -2.638380378751435 ], [ -73.271468481085435, -2.639527641187669 ], [ -73.268140384271305, -2.64172955927171 ], [ -73.264220458007685, -2.645042587045623 ], [ -73.263231164186777, -2.646137310188692 ], [ -73.260847360916898, -2.648959469104113 ], [ -73.25833672625879, -2.652026338045005 ], [ -73.254767171367803, -2.656563499605738 ], [ -73.254205855915473, -2.657305413314077 ], [ -73.252884779708722, -2.659091939940993 ], [ -73.249989959169113, -2.662964933284968 ], [ -73.249408124785077, -2.663730993790239 ], [ -73.249161358010213, -2.664031015718763 ], [ -73.244209100869227, -2.670023629287016 ], [ -73.242007999369662, -2.672401755136832 ], [ -73.242005427308527, -2.672404525048762 ], [ -73.227570357885668, -2.685341970555442 ], [ -73.220466856759913, -2.69108984621937 ], [ -73.213647645722233, -2.695979277621518 ], [ -73.208802498736304, -2.698532361179502 ], [ -73.2056694612765, -2.699851841988846 ], [ -73.202254397322463, -2.70105821416513 ], [ -73.198491212999045, -2.702381532381764 ], [ -73.193577804771735, -2.703522786447309 ], [ -73.19243199384141, -2.703707875018267 ], [ -73.189586416579687, -2.703925136835494 ], [ -73.186442917306692, -2.703920418992084 ], [ -73.183707945864967, -2.703734176590899 ], [ -73.18075324486631, -2.703338527950677 ], [ -73.178905020250397, -2.702952923838211 ], [ -73.174806535393202, -2.70188566688995 ], [ -73.169709789575109, -2.701365347932438 ], [ -73.164102030983827, -2.701698580025379 ], [ -73.159079947781322, -2.702674462256596 ], [ -73.154088067410271, -2.704369555710286 ], [ -73.151437619650324, -2.705438366687247 ], [ -73.148649940742018, -2.706689885729588 ], [ -73.145764614345353, -2.708286260602335 ], [ -73.144798852185261, -2.708899734035469 ], [ -73.142837742867471, -2.710332398121579 ], [ -73.141272143694323, -2.711897931644046 ], [ -73.140598638716142, -2.712735234643333 ], [ -73.139992977693737, -2.713699735054604 ], [ -73.138918810354767, -2.715813221003259 ], [ -73.138379153275253, -2.717093307010487 ], [ -73.13800892577126, -2.718100866961322 ], [ -73.136974531849148, -2.721767100771046 ], [ -73.13669743543818, -2.723696321927662 ], [ -73.136358605065539, -2.729421908793938 ], [ -73.136356358558999, -2.730879017352663 ], [ -73.136413080599141, -2.733902389683465 ], [ -73.136387290740799, -2.739122183441907 ], [ -73.136315339581188, -2.744440286589906 ], [ -73.135790291988314, -2.75014918473704 ], [ -73.135319817055802, -2.753327432914659 ], [ -73.134779639268856, -2.756188449737124 ], [ -73.134748136017549, -2.756355301855649 ], [ -73.134259239372341, -2.758371062974106 ], [ -73.13354362813584, -2.760497962311092 ], [ -73.132742009336084, -2.762394189140423 ], [ -73.13182409380687, -2.764232329658114 ], [ -73.130162537870774, -2.767305284311249 ], [ -73.129072019957732, -2.769070437650555 ], [ -73.127997252770911, -2.770584374369321 ], [ -73.12682801360188, -2.771953627257972 ], [ -73.124653210077497, -2.773729779305825 ], [ -73.122193045372683, -2.775219487389393 ], [ -73.120700919012165, -2.775928892404352 ], [ -73.120120658441522, -2.776180175574552 ], [ -73.117249368663408, -2.777206141949705 ], [ -73.115370916034863, -2.777688400699105 ], [ -73.112856070751036, -2.778223881326994 ], [ -73.110369825706869, -2.778429548185045 ], [ -73.105469251704449, -2.778672198762877 ], [ -73.090366653298361, -2.777736487448863 ], [ -73.080179168233997, -2.777058156708506 ], [ -73.077502882951649, -2.77687435596664 ], [ -73.075042093217974, -2.777059503892872 ], [ -73.073099635839469, -2.777314599289241 ], [ -73.071522439009186, -2.777678884972488 ], [ -73.069209891723062, -2.778558913862753 ], [ -73.065178962139328, -2.780937607184796 ], [ -73.054930500342266, -2.787669717983078 ], [ -73.045911688773344, -2.794035398214987 ], [ -73.045150094301391, -2.794597473594479 ], [ -73.043387219844249, -2.795966523236359 ], [ -73.038215418406821, -2.800356238249719 ], [ -73.033169313413055, -2.805185404282838 ], [ -73.028354366560734, -2.809955105343818 ], [ -73.024889574594056, -2.813387286094326 ], [ -73.024346874208788, -2.813880662262704 ], [ -73.01786977516997, -2.819457351075812 ], [ -73.016658429742563, -2.820366132191168 ], [ -73.015182839216607, -2.821297594208545 ], [ -73.012965638053686, -2.822695688355225 ], [ -73.00893139716618, -2.824680717840806 ], [ -72.986705536830982, -2.836207388759817 ], [ -72.981066373913904, -2.839609973721224 ], [ -72.974578775290183, -2.844311641968602 ], [ -72.973889200326312, -2.844926238654921 ], [ -72.965778317315369, -2.851120007182431 ], [ -72.959932029739207, -2.855584338046697 ], [ -72.951601695961472, -2.861218184171776 ], [ -72.947695391728871, -2.863859983151542 ], [ -72.935394677922034, -2.872949530896051 ], [ -72.929919822042109, -2.877611477887342 ], [ -72.925256240982719, -2.88196144466491 ], [ -72.919110133825484, -2.889179725363988 ], [ -72.903859549278707, -2.905756753271419 ], [ -72.89992659633532, -2.909696375587203 ], [ -72.894804021987909, -2.913633729812602 ], [ -72.89123012067347, -2.916377911211612 ], [ -72.888254129124732, -2.917448739367785 ], [ -72.886229019553582, -2.917763901382841 ], [ -72.883748076912127, -2.917694384688048 ], [ -72.88044747417149, -2.917419031163263 ], [ -72.879195098075229, -2.917226541171885 ], [ -72.852884662696965, -2.914406355368953 ], [ -72.834025807444959, -2.913506196054016 ], [ -72.809386732411724, -2.912011720664339 ], [ -72.795449232695887, -2.911984346200597 ], [ -72.783226607022243, -2.913109345919509 ], [ -72.773513731973026, -2.915271470801713 ], [ -72.766203107087676, -2.915271471701033 ], [ -72.744691107008862, -2.909943220602997 ], [ -72.744450106687054, -2.909883471445028 ], [ -72.730240232001051, -2.905882846316217 ], [ -72.712517647671291, -2.903107598736653 ], [ -72.703773481860651, -2.901738220842105 ], [ -72.703767871889681, -2.901736218051951 ], [ -72.67874798163399, -2.892800972386851 ], [ -72.668701232375952, -2.891056596084979 ], [ -72.653900664084347, -2.889171436312608 ], [ -72.649078269046868, -2.888743065839719 ], [ -72.644808523594463, -2.888516785621107 ], [ -72.640705222867609, -2.888508227672503 ], [ -72.629376424382428, -2.888574209132344 ], [ -72.616352718603025, -2.888726188262865 ], [ -72.58144335702525, -2.889611346885999 ], [ -72.581022732413146, -2.88964522075031 ], [ -72.570773481910635, -2.890898470987622 ], [ -72.573836982890384, -2.922107346276903 ], [ -72.573390607090744, -2.947851596374051 ], [ -72.569574107359131, -2.964033221156114 ], [ -72.565315482023834, -2.976206347245068 ], [ -72.559525357109521, -2.989123096653543 ], [ -72.556457856844531, -2.996991971202476 ], [ -72.554160107003213, -3.008414096833008 ], [ -72.555299857402417, -3.014240095703826 ], [ -72.556365232069766, -3.020732470626911 ], [ -72.558080107011278, -3.046802721368465 ], [ -72.558074231740363, -3.049216846180457 ], [ -72.557609356886246, -3.053925720695304 ], [ -72.557144482032186, -3.056960971271678 ], [ -72.556451481550539, -3.059827596266473 ], [ -72.554140607003376, -3.065687470800015 ], [ -72.552770106754963, -3.067543470954377 ], [ -72.546363107171487, -3.071399221596778 ], [ -72.539920856862011, -3.073653972153011 ], [ -72.52405023203255, -3.077603971745759 ], [ -72.517626981699777, -3.078269346852835 ], [ -72.512887106654603, -3.079668595729004 ], [ -72.500609107024559, -3.084465596609959 ], [ -72.483933606950359, -3.096172595988492 ], [ -72.478851607315733, -3.108284846967933 ], [ -72.478487356706125, -3.111825595674588 ], [ -72.477172107206968, -3.116622347443354 ], [ -72.474614857089875, -3.123104596899509 ], [ -72.471127732258935, -3.127587095867682 ], [ -72.467064106922976, -3.131470096867361 ], [ -72.466093232116918, -3.132155471098088 ], [ -72.464551357059406, -3.132155471098088 ], [ -72.461239232204775, -3.131984097188251 ], [ -72.453129982362725, -3.134325472242722 ], [ -72.445029232013383, -3.14544334643324 ], [ -72.444924106662143, -3.145588346824582 ], [ -72.440267481858768, -3.152150347260658 ], [ -72.438271482442872, -3.156162096103742 ], [ -72.435165982224191, -3.163783221818164 ], [ -72.433044982439867, -3.169691471783949 ], [ -72.43184185681622, -3.172206971774301 ], [ -72.430404357075361, -3.174263722192904 ], [ -72.429226481716682, -3.175506846963344 ], [ -72.427989607234565, -3.176551720685268 ], [ -72.425491107128835, -3.177598721303923 ], [ -72.42344485719434, -3.177908097080945 ], [ -72.421303232358241, -3.177836720588118 ], [ -72.4171479822935, -3.181737847423562 ], [ -72.409813857223639, -3.196210096618586 ], [ -72.411506232026966, -3.207301596391517 ], [ -72.413094107407119, -3.219061097291785 ], [ -72.407138732066699, -3.23162884679374 ], [ -72.406567606809574, -3.232628347020523 ], [ -72.40519610741427, -3.234110971144332 ], [ -72.403826482206341, -3.235140971878309 ], [ -72.401936982305813, -3.235754222279411 ], [ -72.38869323220689, -3.240052221732583 ], [ -72.375293857125769, -3.244890471817769 ], [ -72.366775607308341, -3.247615595683158 ], [ -72.363833981552943, -3.247027347334097 ], [ -72.362577607070875, -3.247912471782968 ], [ -72.361435481562125, -3.249968347161428 ], [ -72.349138606961048, -3.274765595855513 ], [ -72.346340357421525, -3.277592471715138 ], [ -72.337774357200715, -3.282446595733745 ], [ -72.333622857308967, -3.283281972384998 ], [ -72.322557981965247, -3.28550872165016 ], [ -72.319823856785547, -3.286478847320893 ], [ -72.314955232098271, -3.288630970842576 ], [ -72.309652107158968, -3.290819596946733 ], [ -72.307361231735399, -3.291605097197362 ], [ -72.304791356935482, -3.291605096298099 ], [ -72.301364982208099, -3.290805596301141 ], [ -72.298909357280934, -3.290634222391418 ], [ -72.295768482229619, -3.291433720589623 ], [ -72.293439481846576, -3.292935597399833 ], [ -72.292827857419638, -3.293961722055769 ], [ -72.291391106814046, -3.296372721723571 ], [ -72.291275356872177, -3.296619097293387 ], [ -72.28877335660502, -3.303873347277033 ], [ -72.284070357361088, -3.309487722180506 ], [ -72.280501107340058, -3.313146096814819 ], [ -72.277199607076113, -3.319213721935682 ], [ -72.273962857100059, -3.332783221768238 ], [ -72.265879731664256, -3.340480972418845 ], [ -72.243214857379655, -3.35566997139199 ], [ -72.236869107023551, -3.361835472428993 ], [ -72.235842982367728, -3.364874471379721 ], [ -72.230314856944972, -3.370842097284878 ], [ -72.224778982064322, -3.373046722328297 ], [ -72.218130857153312, -3.379290971600938 ], [ -72.202015731840447, -3.399068971755469 ], [ -72.201780356777988, -3.399411472261534 ], [ -72.198451232038565, -3.404255846729882 ], [ -72.198005856285192, -3.441046847234134 ], [ -72.196521107063404, -3.444159221870564 ], [ -72.191750982421809, -3.450104721755451 ], [ -72.183900356915899, -3.456094721893805 ], [ -72.177846855647829, -3.459863722133036 ], [ -72.172751982218188, -3.46194709698085 ], [ -72.163386106083863, -3.467686472252865 ], [ -72.158075231686553, -3.47128422178929 ], [ -72.150594232038088, -3.477965722340173 ], [ -72.145111981032926, -3.481449222003903 ], [ -72.136118606788216, -3.486988722051819 ], [ -72.129807356224489, -3.489672721718705 ], [ -72.118442982357635, -3.497667721687947 ], [ -72.117192982270296, -3.500567097293526 ], [ -72.119019481963448, -3.50279884678929 ], [ -72.132187481267124, -3.51319722197411 ], [ -72.138027356677128, -3.517808847400261 ], [ -72.148022232140249, -3.52852034673657 ], [ -72.154916606715915, -3.544834472233049 ], [ -72.155736480853818, -3.551459221965501 ], [ -72.155023732159464, -3.55567584716249 ], [ -72.154452606002849, -3.562757097262136 ], [ -72.154109981390434, -3.570295221846948 ], [ -72.154338356130097, -3.573436221904046 ], [ -72.155194981962836, -3.577148097206816 ], [ -72.156279981635805, -3.579603722134038 ], [ -72.168490356744485, -3.596707222160546 ], [ -72.174273482235265, -3.604281221600957 ], [ -72.178018607272804, -3.606742846804877 ], [ -72.189391107413599, -3.611327346879477 ], [ -72.20081248211028, -3.615931471959698 ], [ -72.221417606737077, -3.627825846885287 ], [ -72.227986355685687, -3.632208971666671 ], [ -72.254598232122589, -3.653595597258914 ], [ -72.255112232443537, -3.654908971671603 ], [ -72.276207982212554, -3.674645971734094 ], [ -72.292197857145311, -3.682812222406028 ], [ -72.29516748239331, -3.68338334676389 ], [ -72.300621857112958, -3.685124096999402 ], [ -72.302648482041775, -3.686124472266556 ], [ -72.303619356847776, -3.687380846748624 ], [ -72.304418856844734, -3.689607971930286 ], [ -72.303867356593116, -3.693445346725298 ], [ -72.296284231731818, -3.712682472118274 ], [ -72.291132356572916, -3.726767347335112 ], [ -72.289795356970046, -3.730422597724669 ], [ -72.288429731946508, -3.733144473238724 ], [ -72.285849606673878, -3.735548846701874 ], [ -72.283152732312715, -3.737503971930721 ], [ -72.282144106665157, -3.738235097371785 ], [ -72.279974857353693, -3.751519346640407 ], [ -72.280431481827407, -3.756259221685639 ], [ -72.278889730876301, -3.778873723143704 ], [ -72.279460857032802, -3.784412972280791 ], [ -72.281075481847836, -3.79073447241791 ], [ -72.281241482308474, -3.791476473360433 ], [ -72.283058606569341, -3.799603472222429 ], [ -72.283327482277457, -3.802374097286645 ], [ -72.283585981607644, -3.805038346942126 ], [ -72.283935607442231, -3.817648471599568 ], [ -72.282887231760242, -3.834838597023577 ], [ -72.280945607153967, -3.846317096656662 ], [ -72.278547107163206, -3.857338721804524 ], [ -72.276491231784803, -3.863392097167491 ], [ -72.270544981865328, -3.878630848434852 ], [ -72.265496106959688, -3.901931722371046 ], [ -72.261574231865268, -3.913322223341822 ], [ -72.259133481724746, -3.915358971938872 ], [ -72.256948481687061, -3.916548972856788 ], [ -72.254949732144382, -3.919689722002886 ], [ -72.254492855860576, -3.922088221993761 ], [ -72.252608357089912, -3.935051471747954 ], [ -72.252722606063401, -3.939734221856781 ], [ -72.253807606635633, -3.943274972362019 ], [ -72.268613981849626, -3.96155397173834 ], [ -72.274691355621485, -3.967806098172787 ], [ -72.277537857386108, -3.970734347412133 ], [ -72.29364673241065, -3.984846097968955 ], [ -72.300877607215739, -3.990605723275394 ], [ -72.301959106727338, -3.991467096629151 ], [ -72.306011107426514, -3.994261597794434 ], [ -72.313320482254426, -3.99634997197353 ], [ -72.317613357370476, -3.996001973012596 ], [ -72.32370448177636, -3.994783597584842 ], [ -72.326199106703314, -3.995247722404429 ], [ -72.332116357084033, -3.997974222232529 ], [ -72.333334606606797, -3.998844472794133 ], [ -72.336351107217808, -4.003311472846121 ], [ -72.348164106987895, -4.006003846999874 ], [ -72.350790981718262, -4.009744471829833 ], [ -72.35313235677279, -4.014769848349715 ], [ -72.355188232151079, -4.022136598125428 ], [ -72.363507856802073, -4.02956647221481 ], [ -72.371718981845447, -4.032341721593127 ], [ -72.37980535743128, -4.038884222029196 ], [ -72.383259731651208, -4.042763722867392 ], [ -72.386457731638984, -4.050672971580354 ], [ -72.388228107341263, -4.052671722022296 ], [ -72.393938607180928, -4.055355846694852 ], [ -72.395594857116862, -4.057240347264155 ], [ -72.396622856859267, -4.06038122231547 ], [ -72.398278856783747, -4.066777222290909 ], [ -72.402701481587997, -4.08206047201304 ], [ -72.405855732256214, -4.087340221773786 ], [ -72.408579231945964, -4.098606973333062 ], [ -72.408464857067429, -4.100034722624287 ], [ -72.408978982394103, -4.101062597360908 ], [ -72.416973857357505, -4.109000472393859 ], [ -72.424397857075405, -4.116081723392767 ], [ -72.425768357323818, -4.119051346842127 ], [ -72.425589857186139, -4.1250019719634 ], [ -72.427151357249215, -4.132753848311324 ], [ -72.434847231914148, -4.154503597662824 ], [ -72.436743482125962, -4.161530472053528 ], [ -72.43663198238005, -4.166772722782866 ], [ -72.434512856782817, -4.172126473258004 ], [ -72.429025357334297, -4.179810597381049 ], [ -72.400025607295902, -4.196708472817647 ], [ -72.392578107393717, -4.201048098290926 ], [ -72.388680981641926, -4.203318971892998 ], [ -72.387310357287106, -4.205854472805584 ], [ -72.387756607181643, -4.208531348043209 ], [ -72.392900356965868, -4.213333972384817 ], [ -72.438359356998603, -4.253820348330294 ], [ -72.463951232263526, -4.277580096843906 ], [ -72.481765606797239, -4.293296846772023 ], [ -72.497992106850234, -4.319388597605666 ], [ -72.500447731777342, -4.319417223026392 ], [ -72.503188982285621, -4.318503472257362 ], [ -72.511902357107999, -4.312792972417697 ], [ -72.52839485683711, -4.300584722406882 ], [ -72.535789106981554, -4.295111346811098 ], [ -72.539786481960562, -4.293883471844708 ], [ -72.5499542323019, -4.29360559841956 ], [ -72.561888607273374, -4.294832472440589 ], [ -72.571815482298632, -4.297955472566912 ], [ -72.576983607307568, -4.301168723257945 ], [ -72.580777356889428, -4.30352734820849 ], [ -72.583205607352795, -4.303711347700414 ], [ -72.583436607213628, -4.30372884760817 ], [ -72.586431106810096, -4.303955597272875 ], [ -72.594654357412594, -4.303270347148782 ], [ -72.598752481641668, -4.302668223159799 ], [ -72.603124731820799, -4.302025722309054 ], [ -72.605027357326662, -4.301746097904072 ], [ -72.613271357087285, -4.301968222355526 ], [ -72.628560607086285, -4.303654346870587 ], [ -72.614570106724898, -4.33170809825009 ], [ -72.605126857418441, -4.350808097715515 ], [ -72.602939107253974, -4.355233222635093 ], [ -72.603240231751215, -4.358796848295867 ], [ -72.625444607282702, -4.388822973001766 ], [ -72.629574107059341, -4.393928096904119 ], [ -72.632697232191447, -4.397788847777065 ], [ -72.635095732182208, -4.399130847610479 ], [ -72.664110107894999, -4.398710723021395 ], [ -72.672193981566977, -4.398593598016078 ], [ -72.681607982222431, -4.396328222869101 ], [ -72.725848981844933, -4.388295347951896 ], [ -72.756562481773074, -4.382718722990603 ], [ -72.757001857249861, -4.401669971891522 ], [ -72.75778323231026, -4.414363222684528 ], [ -72.758849607023592, -4.420394472926546 ], [ -72.758911482179144, -4.420635347343307 ], [ -72.765736357147091, -4.446085973288973 ], [ -72.767347106783518, -4.450033721878697 ], [ -72.779779608142235, -4.480503098139422 ], [ -72.780730482925435, -4.482710973332644 ], [ -72.783380857840257, -4.488455097924373 ], [ -72.787892358145768, -4.492366972557647 ], [ -72.795773107342995, -4.496193097733169 ], [ -72.809108482170643, -4.498191473157874 ], [ -72.811441357732463, -4.498540973087415 ], [ -72.81988460678906, -4.498252348267158 ], [ -72.822585983156557, -4.498095723238862 ], [ -72.840263607679333, -4.494533222630025 ], [ -72.846132731740056, -4.492543846721048 ], [ -72.855033232097924, -4.489015597691605 ], [ -72.857876981937125, -4.487015598091318 ], [ -72.859955107442204, -4.486046846584657 ], [ -72.8701573566766, -4.48599872296262 ], [ -72.882017481821265, -4.487002098368123 ], [ -72.886038107872366, -4.484689597846568 ], [ -72.89663073212256, -4.474973347641821 ], [ -72.899562107405245, -4.472284472750175 ], [ -72.902023857614893, -4.470026347937505 ], [ -72.904312482934699, -4.46861909779301 ], [ -72.90572848168398, -4.46811322284691 ], [ -72.925468732795764, -4.467070348317861 ], [ -72.934677732990963, -4.467095722689351 ], [ -72.939080107760674, -4.468009721671194 ], [ -72.947940732178949, -4.471504847770404 ], [ -72.955983732563141, -4.475519347639647 ], [ -72.966220731601368, -4.484820347580921 ], [ -72.969844608241942, -4.488112848329195 ], [ -72.977599607935531, -4.493263723442055 ], [ -72.994759481964479, -4.501846472636487 ], [ -73.006765731653161, -4.507851596673731 ], [ -73.014699233282897, -4.515316347371481 ], [ -73.025829482144843, -4.529581597812466 ], [ -73.030764857212318, -4.538796473278524 ], [ -73.03500198155615, -4.55406247310458 ], [ -73.035201232650707, -4.574781222575325 ], [ -73.035310608197904, -4.600064472996962 ], [ -73.035226482016412, -4.603231098336494 ], [ -73.034618106840128, -4.626203598317375 ], [ -73.035242731866504, -4.632538723183472 ], [ -73.037293357002795, -4.635656223056117 ], [ -73.04532573189698, -4.644406472780474 ], [ -73.051254482808076, -4.653432972653491 ], [ -73.060402357882424, -4.667361347847816 ], [ -73.063257733257672, -4.669731348323012 ], [ -73.067597856955445, -4.67167297292923 ], [ -73.097599608235271, -4.683490222895443 ], [ -73.113044107299572, -4.689356222711467 ], [ -73.128158232316537, -4.695096598029522 ], [ -73.128783232360263, -4.695333973184233 ], [ -73.12943948294577, -4.695544973022038 ], [ -73.135041108160578, -4.697970723370133 ], [ -73.142323356737506, -4.702291222961492 ], [ -73.145718856839665, -4.704187848190543 ], [ -73.155603482614538, -4.70970897329039 ], [ -73.160343357659769, -4.708424098393323 ], [ -73.164055232962539, -4.706082723338966 ], [ -73.170509732937774, -4.700820347580873 ], [ -73.18112110805265, -4.68644922265338 ], [ -73.183814232240991, -4.684667598230988 ], [ -73.186882356635351, -4.684216223100123 ], [ -73.189665858192711, -4.683761722825182 ], [ -73.201691482875617, -4.680345722676918 ], [ -73.217163983231217, -4.673956973035786 ], [ -73.230339732892276, -4.666757847896292 ], [ -73.247070357810742, -4.656464848074222 ], [ -73.247535482676369, -4.656141472550814 ], [ -73.262363232976782, -4.645373098289724 ], [ -73.269660108127368, -4.638835973101607 ], [ -73.282156232923796, -4.618412097840007 ], [ -73.289403231673703, -4.608671973332832 ], [ -73.307998482144171, -4.596611722952616 ], [ -73.311558607643576, -4.594302722592545 ], [ -73.31363798320632, -4.592416347836149 ], [ -73.322564732975991, -4.584317972596295 ], [ -73.328810608222966, -4.575902348014893 ], [ -73.332761732867652, -4.570431598439427 ], [ -73.344703108161866, -4.552544973271836 ], [ -73.352394482619161, -4.542228473265311 ], [ -73.352930983078352, -4.541260847709907 ], [ -73.356891358149596, -4.533399097590177 ], [ -73.362160108302305, -4.522939473178099 ], [ -73.382451482849604, -4.50363947168421 ], [ -73.388733232952291, -4.497015222874211 ], [ -73.390479982565125, -4.492639972556617 ], [ -73.390570483141232, -4.491736473159619 ], [ -73.391396857578741, -4.488531347843377 ], [ -73.392198857691085, -4.486302971704731 ], [ -73.393564231803794, -4.483029472731857 ], [ -73.39530273283475, -4.479252098005873 ], [ -73.396273357629241, -4.477719971599299 ], [ -73.397472983091518, -4.476108597833502 ], [ -73.399550732680154, -4.473744097611927 ], [ -73.401646483098602, -4.472114848021761 ], [ -73.411631733117872, -4.465206472800389 ], [ -73.413879481552726, -4.463896847661317 ], [ -73.414776983371041, -4.463564847639532 ], [ -73.415702357877478, -4.46338359827439 ], [ -73.416941233351224, -4.463348096637276 ], [ -73.418534108062545, -4.463595973175529 ], [ -73.419737607804279, -4.463684472760178 ], [ -73.420869857857554, -4.463549222818358 ], [ -73.422351732846153, -4.46288909795345 ], [ -73.423744107304628, -4.461839847231033 ], [ -73.426112357699083, -4.459875598380108 ], [ -73.427805857554176, -4.457920472251885 ], [ -73.431601483121824, -4.452314722746223 ], [ -73.434185482673854, -4.448471722691806 ], [ -73.434502357897486, -4.447919473304864 ], [ -73.435217732612159, -4.446356223161104 ], [ -73.43168310828878, -4.443403972814963 ], [ -73.429836107650146, -4.441727097827254 ], [ -73.426649232276134, -4.438024972074686 ], [ -73.425642232602911, -4.436854972978495 ], [ -73.423981733370283, -4.433843222586574 ], [ -73.423182108367541, -4.432199597333522 ], [ -73.421034858272037, -4.426513222707001 ], [ -73.420665608331092, -4.425323472700029 ], [ -73.420561483026006, -4.424193346845414 ], [ -73.421873983297587, -4.418560222875954 ], [ -73.423749982575544, -4.410508097070988 ], [ -73.423692732633469, -4.410122598179328 ], [ -73.422325982557936, -4.400929597822596 ], [ -73.421253982585142, -4.393718848046319 ], [ -73.420233108171317, -4.379871472990033 ], [ -73.42164473261829, -4.368578347912376 ], [ -73.423605358100758, -4.362382723183998 ], [ -73.426809733382413, -4.356214722931043 ], [ -73.431055733135452, -4.350226972896394 ], [ -73.449158733388799, -4.324697346904941 ], [ -73.449278732627363, -4.324484472880044 ], [ -73.449924732740101, -4.319907973174395 ], [ -73.448794482779135, -4.315048222097687 ], [ -73.442804607646508, -4.306345972788392 ], [ -73.425173982593208, -4.28961947216078 ], [ -73.409842483343766, -4.277696971837713 ], [ -73.40844135758249, -4.276722597769606 ], [ -73.404433608024476, -4.274529347351404 ], [ -73.388132608133333, -4.265121347871855 ], [ -73.38061935699767, -4.259995473012623 ], [ -73.378653233060163, -4.25718684799449 ], [ -73.378231983419198, -4.255712222440991 ], [ -73.378231983419198, -4.254097221709344 ], [ -73.378863982886458, -4.252341847598132 ], [ -73.383713982614154, -4.2483219733802 ], [ -73.384266732023946, -4.247863972943946 ], [ -73.388808606931605, -4.24437697311879 ], [ -73.400292982734925, -4.238546848158478 ], [ -73.405926232609488, -4.245135472124275 ], [ -73.408774357650429, -4.248466472849373 ], [ -73.417268983176996, -4.255105223227417 ], [ -73.437470733087764, -4.268917972586337 ], [ -73.466257858213567, -4.283048848125702 ], [ -73.46821285843663, -4.284902348164735 ], [ -73.472206983265608, -4.30678909843806 ], [ -73.47518360793714, -4.311298847763567 ], [ -73.478301732838645, -4.316022847976001 ], [ -73.483441358331845, -4.321476597666788 ], [ -73.48814310841766, -4.323648598004354 ], [ -73.498468732945582, -4.325800848330459 ], [ -73.500979357711174, -4.326228473265303 ], [ -73.515540108289315, -4.328897723151329 ], [ -73.528302107755962, -4.33156247282983 ], [ -73.53459873264535, -4.333435596975164 ], [ -73.534897107915185, -4.333524473375689 ], [ -73.540401983164941, -4.335582347946968 ], [ -73.544589857935478, -4.337902347914962 ], [ -73.549220608344285, -4.341326598443743 ], [ -73.553177733265727, -4.346062472405094 ], [ -73.55880273275983, -4.355603472622079 ], [ -73.563278483215413, -4.360207472696686 ], [ -73.573713983313667, -4.367901472275037 ], [ -73.590560608185342, -4.380322223092094 ], [ -73.592676732744906, -4.381820597042861 ], [ -73.608095733331368, -4.39077934828822 ], [ -73.624660107777686, -4.399947223385539 ], [ -73.631191357694945, -4.403134972900659 ], [ -73.653937733039811, -4.417121223065863 ], [ -73.66918848306193, -4.426700097331548 ], [ -73.691923857899553, -4.43977534775405 ], [ -73.696726608146378, -4.441903597872567 ], [ -73.705094358217991, -4.444870097976604 ], [ -73.709251984291541, -4.445576223164096 ], [ -73.725296983169073, -4.447060598267967 ], [ -73.734792483086608, -4.447931097941762 ], [ -73.747089107676118, -4.449058222758708 ], [ -73.750780857950133, -4.449078972816267 ], [ -73.762785607569697, -4.449146098213816 ], [ -73.765302857640734, -4.449160097060769 ], [ -73.795898484327552, -4.447499972845435 ], [ -73.797103484138347, -4.447330597229211 ], [ -73.805370983184162, -4.446168347591083 ], [ -73.807568358792651, -4.445859347730618 ], [ -73.822234358828553, -4.442613223221599 ], [ -73.833581482799161, -4.438622222637377 ], [ -73.83962885788543, -4.434859347680685 ], [ -73.84401948301263, -4.43114559819071 ], [ -73.847069858387158, -4.428565347013091 ], [ -73.862659982871889, -4.409919972828391 ], [ -73.869230982823581, -4.401159346726445 ], [ -73.879089858310238, -4.391677848353936 ], [ -73.883517609250248, -4.388433597132689 ], [ -73.892936234219803, -4.386186221916546 ], [ -73.903227858978426, -4.384925347226897 ], [ -73.904404359273656, -4.384781221875869 ], [ -73.909206607698707, -4.384584722706677 ], [ -73.914857483386129, -4.384353472834448 ], [ -73.921481108066644, -4.381863848137982 ], [ -73.930228482658265, -4.377191347602547 ], [ -73.93700198295511, -4.371898472236637 ], [ -73.938554982626272, -4.3689200965851 ], [ -73.940157357775718, -4.362364098224532 ], [ -73.940420858235996, -4.361285847963472 ], [ -73.942147732831586, -4.350766597600341 ], [ -73.942783108353751, -4.340524472426409 ], [ -73.942820358272797, -4.339923846708018 ], [ -73.942836233105652, -4.339553972637702 ], [ -73.943089608098887, -4.333667721887764 ], [ -73.944117608740555, -4.327271722811702 ], [ -73.945259733349928, -4.324501971888424 ], [ -73.949219483392369, -4.321323847817212 ], [ -73.955578859376772, -4.317222847556252 ], [ -73.962257358889929, -4.31309722295839 ], [ -73.979935609340885, -4.299748096597284 ], [ -73.980534983202801, -4.299351347186871 ], [ -73.997769607980899, -4.287943723124272 ], [ -74.058701234274452, -4.24761322307171 ], [ -74.085609358185309, -4.211724596912575 ], [ -74.101706858584635, -4.17702534844102 ], [ -74.121040983054911, -4.109621098135051 ], [ -74.135437484152476, -4.061880847223279 ], [ -74.136306608762879, -4.052937471686789 ], [ -74.137015608183731, -4.031539097351413 ], [ -74.137367234110513, -4.022128846868725 ], [ -74.136802733259401, -4.013226597329492 ], [ -74.135446982791962, -4.004595472702874 ], [ -74.135004858986917, -4.001780472390806 ], [ -74.135345734418081, -3.99965034808497 ], [ -74.136421858681729, -3.998681598376947 ], [ -74.141151483254248, -3.997621973075525 ], [ -74.143727984258987, -3.996519471696161 ], [ -74.146288483626563, -3.993432098212622 ], [ -74.14738285873193, -3.990665973355874 ], [ -74.147914483966247, -3.989321973430151 ], [ -74.147989358821803, -3.988215346860727 ], [ -74.147890108741478, -3.987283847971185 ], [ -74.147600483875181, -3.985972096834757 ], [ -74.150516734359712, -3.971570723210277 ], [ -74.152415983810499, -3.966530846920989 ], [ -74.153417983253291, -3.965932597211463 ], [ -74.154328107955735, -3.965238222565858 ], [ -74.155182608690382, -3.964287596894962 ], [ -74.157647983167806, -3.961098973238961 ], [ -74.160889359256487, -3.953089847618344 ], [ -74.165115233081508, -3.940783221668312 ], [ -74.17351560875818, -3.920246096580058 ], [ -74.174562484371108, -3.918210972158533 ], [ -74.185635734201696, -3.904319847782688 ], [ -74.188564484363383, -3.900076347245601 ], [ -74.187386984022055, -3.895308971831525 ], [ -74.186541858719693, -3.891266221558851 ], [ -74.192217358744074, -3.882459847843677 ], [ -74.1947939829559, -3.879257221743273 ], [ -74.203942233047599, -3.86994184703849 ], [ -74.207469733841094, -3.865328472431031 ], [ -74.210958107830322, -3.8612035978677 ], [ -74.21387660841873, -3.857996471559886 ], [ -74.21913598403836, -3.853998097434214 ], [ -74.224389732600059, -3.851142722058853 ], [ -74.227587732587665, -3.849886346677522 ], [ -74.238323983964676, -3.846802471556771 ], [ -74.244869232728888, -3.845547847155331 ], [ -74.248036734007997, -3.847112973284993 ], [ -74.249631108788549, -3.8474307217503 ], [ -74.255284733703377, -3.848230221747258 ], [ -74.258425608754806, -3.847830472198439 ], [ -74.262537358612178, -3.845260597398521 ], [ -74.275483234363662, -3.834385971835104 ], [ -74.282846108061335, -3.826599096570988 ], [ -74.294714858603811, -3.810228472965548 ], [ -74.30038473336873, -3.802679721991467 ], [ -74.302818359079993, -3.79890034717323 ], [ -74.306068358767732, -3.789087847026394 ], [ -74.306113358144842, -3.788852971986955 ], [ -74.308055607780034, -3.782604096601744 ], [ -74.310625359372807, -3.778035597264875 ], [ -74.314108984042321, -3.774323596956322 ], [ -74.319990982797492, -3.770440346844453 ], [ -74.324216859320586, -3.768156096726329 ], [ -74.327039483185558, -3.767381221965707 ], [ -74.330041859044513, -3.766557096732583 ], [ -74.33537973378759, -3.766039722155426 ], [ -74.338893358941277, -3.765700471799278 ], [ -74.342034233992592, -3.764501222253557 ], [ -74.344204358344371, -3.763130471993577 ], [ -74.346774233144288, -3.7603323483591 ], [ -74.350543233383462, -3.75473584658198 ], [ -74.3535156087583, -3.748697221899135 ], [ -74.355248108613239, -3.744925722444066 ], [ -74.356669359403384, -3.740782972056365 ], [ -74.359844484235509, -3.730672346651374 ], [ -74.362985359286824, -3.724733222060479 ], [ -74.367439732857349, -3.718679846697455 ], [ -74.370694857781359, -3.715995847030683 ], [ -74.375320483853216, -3.714054222424352 ], [ -74.380006484111902, -3.713188222058704 ], [ -74.382230483250169, -3.713939971652223 ], [ -74.396392983449402, -3.716224222669609 ], [ -74.401247109266649, -3.716966721836684 ], [ -74.412086859121132, -3.718276096964189 ], [ -74.417065734396033, -3.717309347348362 ], [ -74.422947734050581, -3.716167221839783 ], [ -74.425460483914151, -3.715024972224626 ], [ -74.429229609159052, -3.708743222121882 ], [ -74.430542982672478, -3.707429846809816 ], [ -74.433227109143672, -3.706972972324706 ], [ -74.440993609367524, -3.706230597264209 ], [ -74.445790609349103, -3.706401847067525 ], [ -74.449216984076429, -3.706744471679997 ], [ -74.456241109239784, -3.705659472006971 ], [ -74.466406233560747, -3.697264596583807 ], [ -74.467833983751291, -3.695779972367802 ], [ -74.468918984323579, -3.693838346862151 ], [ -74.470575109253843, -3.689441097328711 ], [ -74.470575109253843, -3.68749947182306 ], [ -74.470419609277485, -3.686877596923523 ], [ -74.4701182338693, -3.68567197208381 ], [ -74.470517984317496, -3.684652471834056 ], [ -74.472059859374951, -3.684301471835397 ], [ -74.47422998282741, -3.685215096699267 ], [ -74.476228609162945, -3.686414347144364 ], [ -74.479712233832402, -3.689783721941183 ], [ -74.481254108889971, -3.692867472056093 ], [ -74.482681734074731, -3.694523721992141 ], [ -74.489648859307351, -3.69932059696788 ], [ -74.492389983910584, -3.701205096637864 ], [ -74.497072734019412, -3.701033846834491 ], [ -74.498443359273494, -3.700605472764323 ], [ -74.501433608674063, -3.698855347096526 ], [ -74.504013608940795, -3.696505846667378 ], [ -74.508193359236088, -3.691785096604804 ], [ -74.513695359353278, -3.684777347196757 ], [ -74.541535108958044, -3.649185597137546 ], [ -74.545546858700504, -3.643839847031245 ], [ -74.55454298397143, -3.633314472285008 ], [ -74.556468733745021, -3.631407221565951 ], [ -74.55995185929072, -3.628082347022598 ], [ -74.620092109163465, -3.57067259716257 ], [ -74.621605483805922, -3.568642597078167 ], [ -74.6277304838747, -3.561398471662017 ], [ -74.637527359200249, -3.550701222083603 ], [ -74.64216598407279, -3.54609759702646 ], [ -74.647437484352395, -3.541214846687751 ], [ -74.655509859292522, -3.53477534740432 ], [ -74.664039108717816, -3.526781221576073 ], [ -74.679230733711279, -3.509368721689043 ], [ -74.683341734433441, -3.503265596729875 ], [ -74.685171234264942, -3.498232471651193 ], [ -74.686199234007347, -3.494035097341737 ], [ -74.685273983607431, -3.480884222029204 ], [ -74.684441483887326, -3.473969845631814 ], [ -74.684149233899916, -3.472274721601082 ], [ -74.683434359208206, -3.470794096670204 ], [ -74.682252108647845, -3.469618721426798 ], [ -74.681949234069862, -3.463151221751389 ], [ -74.691936484181326, -3.451029097115054 ], [ -74.692816859310597, -3.45041047236532 ], [ -74.693958983919856, -3.450267722077626 ], [ -74.694958360040232, -3.450362846967721 ], [ -74.697313983953109, -3.450933972224959 ], [ -74.700736359395421, -3.452066346384754 ], [ -74.704166859313091, -3.453813221902578 ], [ -74.707141233880805, -3.456430347082801 ], [ -74.709321233687945, -3.458195346637751 ], [ -74.709434109396568, -3.45827247159724 ], [ -74.710489233591147, -3.458735972287229 ], [ -74.713283358839817, -3.45981959689675 ], [ -74.715232733803589, -3.460086596619078 ], [ -74.716016608979203, -3.4599283474152 ], [ -74.716945733658633, -3.459502471661608 ], [ -74.717485734279194, -3.458814596416403 ], [ -74.720341233760792, -3.45409647237426 ], [ -74.720591108592714, -3.453429347186557 ], [ -74.720458983795027, -3.452136721932106 ], [ -74.71420823422261, -3.442772471772059 ], [ -74.713018484215638, -3.439988471990262 ], [ -74.712566234044402, -3.437942097050097 ], [ -74.712566234044402, -3.436074222247441 ], [ -74.71673210869983, -3.428061595566078 ], [ -74.720489359296437, -3.421597096029075 ], [ -74.72332810890498, -3.414330097256141 ], [ -74.72396098431193, -3.411111346311486 ], [ -74.724328609177917, -3.407205846972204 ], [ -74.724086733815682, -3.403276971554931 ], [ -74.724117109317092, -3.399791471798892 ], [ -74.72443685877397, -3.395194972070158 ], [ -74.725380484121956, -3.392576846843951 ], [ -74.727739734101419, -3.38746272162723 ], [ -74.730981734319471, -3.38078084695843 ], [ -74.731605735216476, -3.370932846973176 ], [ -74.740829484293215, -3.364613846951443 ], [ -74.741925358568324, -3.364634221991594 ], [ -74.74265535895762, -3.36443872196935 ], [ -74.749244733857324, -3.356944221698427 ], [ -74.750090484188433, -3.355663221980024 ], [ -74.750797984439316, -3.353367346325911 ], [ -74.751136233850048, -3.351657096597648 ], [ -74.751434734125667, -3.349113097091674 ], [ -74.75134085929318, -3.346250222269873 ], [ -74.751223984299315, -3.342684595617527 ], [ -74.751412984021954, -3.341646096290276 ], [ -74.752314484225963, -3.337464971830912 ], [ -74.7525626089772, -3.336549721892027 ], [ -74.753298234625788, -3.335294220651633 ], [ -74.753944983873794, -3.334533222430139 ], [ -74.75525585907053, -3.333667972099192 ], [ -74.769318359154852, -3.32631634712169 ], [ -74.770804734350918, -3.325800721725898 ], [ -74.771888733977789, -3.325628846893665 ], [ -74.780771859433742, -3.320998597407254 ], [ -74.780450358996859, -3.318309721616288 ], [ -74.781151858970986, -3.316848470780201 ], [ -74.78173635984507, -3.315913221717722 ], [ -74.789388985213407, -3.309432972353761 ], [ -74.792701234174558, -3.307234345788345 ], [ -74.793799733570722, -3.306849096008875 ], [ -74.79607423413853, -3.307015597391796 ], [ -74.800589858734895, -3.307994096650134 ], [ -74.8025351094077, -3.307650346985838 ], [ -74.81138960944287, -3.302937596392894 ], [ -74.817687484389808, -3.29799997212092 ], [ -74.818779234374119, -3.296851597223338 ], [ -74.819896733747214, -3.293195846810818 ], [ -74.819859483828054, -3.292186347022266 ], [ -74.820040234069495, -3.286675347389348 ], [ -74.827666235008678, -3.280119471336491 ], [ -74.828826233643724, -3.279583220888867 ], [ -74.829639359268924, -3.279809097311954 ], [ -74.83079123432799, -3.275291846741311 ], [ -74.829752359084068, -3.263434096706078 ], [ -74.829232860308139, -3.260746221860529 ], [ -74.828613233713725, -3.25904684673452 ], [ -74.827468733994863, -3.257498097259258 ], [ -74.823994983881335, -3.253903721079837 ], [ -74.818785108745658, -3.249045095954386 ], [ -74.813949858798821, -3.244263346676064 ], [ -74.813521358823607, -3.24383597085324 ], [ -74.813371234095143, -3.243214846887554 ], [ -74.813651609434146, -3.241707221610966 ], [ -74.813885485326864, -3.240450471212171 ], [ -74.814665984447572, -3.239113221597847 ], [ -74.815772734224197, -3.237756596089923 ], [ -74.819918108833633, -3.234166346899258 ], [ -74.828216859320548, -3.228882846965689 ], [ -74.829705108703706, -3.228195346737834 ], [ -74.838337985209819, -3.224349345645749 ], [ -74.844235108763201, -3.222146596588118 ], [ -74.846645984324596, -3.223256597413922 ], [ -74.848918108883595, -3.224158596741802 ], [ -74.850930109037279, -3.224418722046209 ], [ -74.852733858580621, -3.224366722346304 ], [ -74.853930733916172, -3.224037095635367 ], [ -74.855148485214386, -3.223431597390231 ], [ -74.856689484332207, -3.222337972319451 ], [ -74.857146484722421, -3.221822221018613 ], [ -74.861777359237692, -3.215390472092508 ], [ -74.861831984058767, -3.214349596756449 ], [ -74.863678233763437, -3.208375097332748 ], [ -74.870928358556853, -3.202529971680804 ], [ -74.871437483652926, -3.202228472166212 ], [ -74.873599359422883, -3.201055722043861 ], [ -74.874189109639588, -3.200778220938105 ], [ -74.874456984402229, -3.200775346704745 ], [ -74.878976359171588, -3.202441847113505 ], [ -74.883666358715459, -3.205904345808847 ], [ -74.894244234084113, -3.209261345934294 ], [ -74.897551608719709, -3.209094721344229 ], [ -74.898289233561172, -3.208880721368075 ], [ -74.907105483631085, -3.205109346918732 ], [ -74.90932810860528, -3.203424221550506 ], [ -74.913208483584583, -3.199743470884414 ], [ -74.920197233915189, -3.197925720695423 ], [ -74.924986858556622, -3.196983346304307 ], [ -74.936431609331294, -3.198615221015586 ], [ -74.94689260880682, -3.19809947241265 ], [ -74.96106635862543, -3.194599596993726 ], [ -74.986982983577775, -3.19158547239158 ], [ -74.99332298456801, -3.184928847088599 ], [ -74.998307735113769, -3.176765971572252 ], [ -75.0000943588675, -3.16914884604239 ], [ -74.999875609571689, -3.165947221786723 ], [ -75.000389483987419, -3.163034722374505 ], [ -75.001760109241616, -3.160407845845384 ], [ -75.010162109093983, -3.151367222119575 ], [ -75.013244110027642, -3.145052722305252 ], [ -75.016779359379825, -3.134509720846893 ], [ -75.017792860252143, -3.129399845826185 ], [ -75.017806609987019, -3.128980472171008 ], [ -75.016896609390983, -3.122115847168516 ], [ -75.016517984916959, -3.120750847173724 ], [ -75.015869108772335, -3.119453095783626 ], [ -75.014861734981025, -3.118327096917938 ], [ -75.013808609979321, -3.11726947080939 ], [ -75.011527484106068, -3.114169971766728 ], [ -75.010615235204909, -3.110382845691731 ], [ -75.011185485421777, -3.107970720971878 ], [ -75.011986359582806, -3.106593721323065 ], [ -75.015667110248899, -3.104091846061806 ], [ -75.018511359211743, -3.101359470962734 ], [ -75.020187984188055, -3.099655472422057 ], [ -75.020453109723178, -3.09310747173231 ], [ -75.018951108806561, -3.087652346078869 ], [ -75.017349608697373, -3.084322222192725 ], [ -75.01449610930797, -3.079845721702611 ], [ -75.01373598432815, -3.077542221596218 ], [ -75.013765233878416, -3.076548595741031 ], [ -75.013998984765294, -3.075554845779436 ], [ -75.014288609631592, -3.074875721837032 ], [ -75.014945859363877, -3.07384334599351 ], [ -75.021755608634351, -3.065254470617276 ], [ -75.026246859804701, -3.059392345979916 ], [ -75.030601610076133, -3.044142596003951 ], [ -75.032769484324149, -3.037138845880918 ], [ -75.03470698374025, -3.027955095950858 ], [ -75.035736360344742, -3.019115220690821 ], [ -75.035736359445366, -3.016246095580698 ], [ -75.035769484174295, -3.00795259623527 ], [ -75.035993483712218, -3.000168096080642 ], [ -75.036393234160357, -2.998226470575048 ], [ -75.042716859395455, -2.988222595596255 ], [ -75.044593358696488, -2.985860722294433 ], [ -75.04800723464615, -2.983926097111521 ], [ -75.053039108767791, -2.982203095896125 ], [ -75.055771484766183, -2.981228470917074 ], [ -75.056683608661558, -2.980023471106222 ], [ -75.057134984691686, -2.978987096876949 ], [ -75.059081985445232, -2.965290971601007 ], [ -75.059134735179839, -2.962136721832223 ], [ -75.058792984708361, -2.960589845644733 ], [ -75.058281233592027, -2.959211095915236 ], [ -75.058219109324341, -2.959090721659436 ], [ -75.054482234667375, -2.946355221616159 ], [ -75.054635483640595, -2.940187596380383 ], [ -75.05286185868772, -2.934200096357245 ], [ -75.052604734420868, -2.933616971446042 ], [ -75.050240234199407, -2.928256721570335 ], [ -75.04956236031461, -2.926720095855671 ], [ -75.04691011031332, -2.912712720615502 ], [ -75.047367234809997, -2.910228471166874 ], [ -75.046110734422768, -2.904889097253999 ], [ -75.040827733612957, -2.893378971162463 ], [ -75.039345733618688, -2.889386721419953 ], [ -75.039010360239843, -2.887152470909768 ], [ -75.038645858719349, -2.884723972233473 ], [ -75.038550733829254, -2.884090095881163 ], [ -75.038261733991817, -2.882164096995439 ], [ -75.03599498378145, -2.866573720700615 ], [ -75.03391273488478, -2.859470221373556 ], [ -75.033681609118787, -2.858634470604159 ], [ -75.030569110376121, -2.847369970947284 ], [ -75.026732358811216, -2.832887847196332 ], [ -75.026146859689788, -2.830677720999972 ], [ -75.025665859092101, -2.826835595985813 ], [ -75.0249386088297, -2.821022846826736 ], [ -75.024890484308344, -2.816362720962672 ], [ -75.024853484400751, -2.812769470734395 ], [ -75.024401984264102, -2.804650221330576 ], [ -75.024176233746175, -2.800591596225161 ], [ -75.024124984080686, -2.800124971290359 ], [ -75.022058609117494, -2.790466721062273 ], [ -75.019257983569048, -2.783544346094629 ], [ -75.017520485282091, -2.780479846867365 ], [ -75.014726109122478, -2.777029721044698 ], [ -75.012567860318427, -2.773261095822875 ], [ -75.012374983618486, -2.772681846090222 ], [ -75.010269483649722, -2.766357470820537 ], [ -75.009529233687147, -2.753773345563388 ], [ -75.010605483855954, -2.74680872134536 ], [ -75.010621233682912, -2.746616845590779 ], [ -75.01243573462142, -2.720378971112552 ], [ -75.012325109915821, -2.708030595935213 ], [ -75.0111258603701, -2.693525346117781 ], [ -75.009926609925003, -2.684673721215177 ], [ -75.008384733968228, -2.681218721067069 ], [ -75.006527483756315, -2.67860234592149 ], [ -75.003443733641291, -2.675746971445506 ], [ -75.000295859166556, -2.673601347324279 ], [ -74.999914983689507, -2.673507720704663 ], [ -74.999746609918077, -2.673466345595273 ], [ -74.996531484140633, -2.672676596048007 ], [ -74.993548359169381, -2.671943846431304 ], [ -74.989660108826911, -2.670988471440637 ], [ -74.986523733983063, -2.669895596404558 ], [ -74.984141483842336, -2.669065470894736 ], [ -74.9770031088064, -2.664839471164555 ], [ -74.97374810978738, -2.660699220892241 ], [ -74.973435359754035, -2.658871971164444 ], [ -74.97116011005096, -2.645578220558377 ], [ -74.970263735083222, -2.643160095561939 ], [ -74.963630359953129, -2.630848846197182 ], [ -74.957862610171276, -2.61474459638589 ], [ -74.957462859723137, -2.611460971046881 ], [ -74.95828660993908, -2.60893847073379 ], [ -74.963036858664054, -2.594392595841498 ], [ -74.963220859055355, -2.593069845996467 ], [ -74.963081983946324, -2.591309970778468 ], [ -74.962711358942045, -2.589595970877326 ], [ -74.961924610432391, -2.587967721333087 ], [ -74.961494108566228, -2.581980471321572 ], [ -74.961097609167268, -2.576058595727488 ], [ -74.962016609278976, -2.570373096141452 ], [ -74.962618735066542, -2.569215095799962 ], [ -74.96356823478618, -2.568265471074596 ], [ -74.96470310906119, -2.567987595850809 ], [ -74.971619108734842, -2.563234346088109 ], [ -74.978019483911964, -2.557082095662111 ], [ -74.979621109026937, -2.555357471170282 ], [ -74.982193359835605, -2.550814346205073 ], [ -74.983451235286168, -2.547593721073326 ], [ -74.984314484625656, -2.544718720692288 ], [ -74.984878858672346, -2.54121097080963 ], [ -74.985740109718222, -2.537531221088898 ], [ -74.987800734416282, -2.531896471145103 ], [ -74.989402358631935, -2.528330096256866 ], [ -74.993111733819376, -2.524194596203529 ], [ -74.992643108792322, -2.519239846141943 ], [ -74.991193110273741, -2.516005221263924 ], [ -74.981195233773008, -2.506801721322347 ], [ -74.974136733823173, -2.504810596232005 ], [ -74.971900359114159, -2.504179845923034 ], [ -74.970006734922777, -2.504262346130247 ], [ -74.967880734008531, -2.504904221052868 ], [ -74.963685358892064, -2.505919096089315 ], [ -74.956810485215669, -2.504294970836213 ], [ -74.954776234035876, -2.503424971185382 ], [ -74.95413273403841, -2.502289345976408 ], [ -74.953949233670187, -2.50038472127784 ], [ -74.954277359412515, -2.498499970696969 ], [ -74.954675733897886, -2.493956970737543 ], [ -74.954787110436769, -2.489705095713475 ], [ -74.954621109076868, -2.487523470831491 ], [ -74.954277360311892, -2.485109346019442 ], [ -74.953310608897425, -2.481029345827608 ], [ -74.95033198503296, -2.469367220820516 ], [ -74.949767734193472, -2.465630846186571 ], [ -74.949591859176905, -2.458790971426083 ], [ -74.950279234399034, -2.454484345675951 ], [ -74.953652359368789, -2.440171844854717 ], [ -74.954681609168915, -2.431269471209077 ], [ -74.954621109076868, -2.424257845722934 ], [ -74.953705109103396, -2.414947221237128 ], [ -74.95404685867544, -2.410179720817439 ], [ -74.955535109857351, -2.403683595721304 ], [ -74.957595733656149, -2.398164095696416 ], [ -74.959482360222694, -2.394890595824279 ], [ -74.960107484372827, -2.393343721435542 ], [ -74.96096873541876, -2.390294971135916 ], [ -74.962165983972852, -2.384667970650298 ], [ -74.962165983972852, -2.383517595660408 ], [ -74.961698734009303, -2.382005596081285 ], [ -74.958523985093734, -2.371732346270733 ], [ -74.958923733743291, -2.369904970637833 ], [ -74.960751110275453, -2.367791971222402 ], [ -74.965148483915357, -2.365650346386303 ], [ -74.965920484442734, -2.365783971253165 ], [ -74.967585608888726, -2.366220345692341 ], [ -74.967634234332365, -2.366233095381006 ], [ -74.974160109901106, -2.368056595835128 ], [ -74.975874983943243, -2.368347720770657 ], [ -74.978117483934682, -2.368398096295039 ], [ -74.980997360439744, -2.36784484596285 ], [ -74.983043733581269, -2.367130971317124 ], [ -74.989946610347715, -2.363319470916736 ], [ -75.010805359079995, -2.354985220591402 ], [ -75.012238235406187, -2.354431596141126 ], [ -75.017150359401398, -2.351790970776619 ], [ -75.03221673401498, -2.340882846366242 ], [ -75.03693548488468, -2.336974846012311 ], [ -75.040259859404955, -2.33422159495052 ], [ -75.056781109560461, -2.314668846190273 ], [ -75.062919359340924, -2.311726721311061 ], [ -75.066910109014202, -2.309195345588705 ], [ -75.069191359893296, -2.306896470695506 ], [ -75.072158235014513, -2.302310595557458 ], [ -75.073867233785791, -2.300581970881183 ], [ -75.083228483807432, -2.293470721196798 ], [ -75.086425734659883, -2.292320346206907 ], [ -75.101486359907483, -2.289787096297346 ], [ -75.102410734367766, -2.289735095698063 ], [ -75.1034713597154, -2.289697595767336 ], [ -75.103938734684789, -2.289681095905792 ], [ -75.105012233827438, -2.290240845638493 ], [ -75.106233234376191, -2.291210471286149 ], [ -75.107603733725227, -2.293437720574275 ], [ -75.112743485123644, -2.300918721122002 ], [ -75.122603484762919, -2.29496097067215 ], [ -75.131639110056824, -2.290596219939573 ], [ -75.136420234306343, -2.285901596081715 ], [ -75.140884360125028, -2.27892634637368 ], [ -75.14814510860981, -2.254102845569719 ], [ -75.154193609647336, -2.23871009619387 ], [ -75.161840484750485, -2.228900971202791 ], [ -75.166415984410094, -2.226367221270152 ], [ -75.170914859133404, -2.220832596446996 ], [ -75.172252733776588, -2.216468595749006 ], [ -75.174365609085498, -2.208701971418805 ], [ -75.174179735406426, -2.206320346306825 ], [ -75.171898610432493, -2.203914095059417 ], [ -75.167900358614645, -2.200810595832309 ], [ -75.166419858689494, -2.198287096372326 ], [ -75.165847609279581, -2.195765595205955 ], [ -75.166076234030868, -2.191746095106168 ], [ -75.166984358641173, -2.18967384577121 ], [ -75.168929735219024, -2.186687470650213 ], [ -75.172806610036901, -2.182445346075781 ], [ -75.175660109426474, -2.180373095841617 ], [ -75.180133483873078, -2.178663720254406 ], [ -75.183160109051755, -2.176921845866389 ], [ -75.185007734719136, -2.175482846056411 ], [ -75.18896036033226, -2.171105220629386 ], [ -75.191448109042938, -2.167686845371577 ], [ -75.194849734427578, -2.165482096221638 ], [ -75.199751984766237, -2.163152970832812 ], [ -75.203289985144579, -2.161944095843296 ], [ -75.211031484215539, -2.159404220628176 ], [ -75.220384359750312, -2.158507095625907 ], [ -75.23028848372644, -2.148983720322406 ], [ -75.237727859153324, -2.13795447072215 ], [ -75.238787485354067, -2.136808220922603 ], [ -75.241144734341901, -2.135251221066824 ], [ -75.241836734777451, -2.134970095693177 ], [ -75.242745110298472, -2.134926846396752 ], [ -75.243763734608592, -2.134997471056408 ], [ -75.244929235295956, -2.13507822118288 ], [ -75.245556485443331, -2.134753844714112 ], [ -75.246186609824008, -2.133828596112721 ], [ -75.248453110022979, -2.124916096100833 ], [ -75.248578983633081, -2.123540845633386 ], [ -75.248934234727074, -2.117589721388413 ], [ -75.248899234012413, -2.11622347133607 ], [ -75.248593735212694, -2.114143719856656 ], [ -75.248354609077921, -2.112788470311614 ], [ -75.247210109359003, -2.108417845207327 ], [ -75.24667835911896, -2.107358719928811 ], [ -75.24582548525791, -2.106526596125434 ], [ -75.243252360308134, -2.10310209468588 ], [ -75.242973360032522, -2.101786596074476 ], [ -75.243252359408814, -2.10037171967906 ], [ -75.244208985356352, -2.098717344829481 ], [ -75.246341609777403, -2.096784094710131 ], [ -75.250985484892169, -2.093953844594182 ], [ -75.253775734062799, -2.086938345727958 ], [ -75.252918734112257, -2.086340346030113 ], [ -75.252639733836588, -2.085443470139978 ], [ -75.252480233675783, -2.082812721130097 ], [ -75.252520109615318, -2.081796220119372 ], [ -75.252819109913958, -2.080381096410406 ], [ -75.253137985229785, -2.079344720382494 ], [ -75.254014860197628, -2.07834822029406 ], [ -75.258833859394997, -2.073939471129563 ], [ -75.262186485218081, -2.070355971350978 ], [ -75.26677048437034, -2.063659346001884 ], [ -75.267647484343911, -2.061726095882591 ], [ -75.26790885970604, -2.060187595980722 ], [ -75.267747110340849, -2.059314471185871 ], [ -75.267348484045215, -2.057161970848256 ], [ -75.267348484944591, -2.056324845914787 ], [ -75.267507984205963, -2.053195719606663 ], [ -75.268285234076188, -2.045741596197672 ], [ -75.268969110036323, -2.043712971176546 ], [ -75.273367609627371, -2.032886345128702 ], [ -75.278512358558487, -2.024236844654524 ], [ -75.288149233700153, -2.008710720423267 ], [ -75.288560358773509, -2.008486844991808 ], [ -75.289805485434727, -2.007808970207691 ], [ -75.296893734957791, -2.003981594974505 ], [ -75.297702358576885, -2.003701096428415 ], [ -75.298946735203629, -2.003269720421144 ], [ -75.301979733877602, -2.003102345796492 ], [ -75.323216359747164, -2.003894345447634 ], [ -75.335273484983247, -2.002978471379322 ], [ -75.337554734963021, -2.003201219960204 ], [ -75.353187484614693, -2.010320345907189 ], [ -75.358665985446805, -2.01215622013342 ], [ -75.362091734246064, -2.012724471157355 ], [ -75.370996109782538, -2.013419970854898 ], [ -75.382744110152487, -2.013642595329486 ], [ -75.385941360105619, -2.013986345893102 ], [ -75.390031234853552, -2.015148469626126 ], [ -75.396095734830283, -2.018343720386326 ], [ -75.405570359684248, -2.025580096344299 ], [ -75.411164110435323, -2.029134720690649 ], [ -75.4166406093766, -2.030742220177217 ], [ -75.434554734013716, -2.036130844562763 ], [ -75.437980484611558, -2.03659184513748 ], [ -75.441816610248338, -2.035707220711572 ], [ -75.444900360363249, -2.034136721132654 ], [ -75.448109984088376, -2.029325471393349 ], [ -75.458569985316558, -2.01275972098415 ], [ -75.459112860170251, -2.011762095843949 ], [ -75.465699234931662, -2.006845719853914 ], [ -75.468665985047096, -2.005244095638432 ], [ -75.472540983879242, -2.003855469554253 ], [ -75.479271484891058, -2.002941595578136 ], [ -75.481756235262026, -2.002798096155118 ], [ -75.519210984899019, -2.001652344580009 ], [ -75.536289109654604, -1.996460970297449 ], [ -75.539737360390859, -1.994183096372751 ], [ -75.547089985414459, -1.987687095383023 ], [ -75.55503873504955, -1.97917009562326 ], [ -75.555283359639304, -1.978863470872341 ], [ -75.556094860189603, -1.977624470392868 ], [ -75.559856235077064, -1.973091720006835 ], [ -75.562303734629609, -1.970142345692636 ], [ -75.568448234698167, -1.965208844812253 ], [ -75.571295234687284, -1.963769345878518 ], [ -75.574835985192522, -1.963455094876679 ], [ -75.586618235343224, -1.96676734563647 ], [ -75.605568360091581, -1.969699220942232 ], [ -75.610644485354612, -1.969357471370188 ], [ -75.622025109970821, -1.965115470902219 ], [ -75.623115234880117, -1.964572221031119 ], [ -75.630996109982391, -1.959683596320815 ], [ -75.637451109980645, -1.955193346095939 ], [ -75.641113234787895, -1.952089845070248 ], [ -75.646257859612433, -1.948062471405819 ], [ -75.648537110399275, -1.946685594964151 ], [ -75.650595735005083, -1.945880844725082 ], [ -75.655333984975414, -1.944594095640923 ], [ -75.657675360029828, -1.944536969805199 ], [ -75.659902485211489, -1.945507844611257 ], [ -75.662986360332184, -1.946107470283494 ], [ -75.67013961015482, -1.944020220256903 ], [ -75.68245523472126, -1.940006096304216 ], [ -75.685832109863895, -1.938598971165561 ], [ -75.690434234852034, -1.936681594979575 ], [ -75.700199234606941, -1.933820345232675 ], [ -75.705909735345983, -1.934477219947723 ], [ -75.711334984621772, -1.934077471298167 ], [ -75.725320359746775, -1.931015596292639 ], [ -75.740243609954518, -1.931391220628257 ], [ -75.743392610380624, -1.931576220166278 ], [ -75.745923860197934, -1.930923844759604 ], [ -75.746765610344596, -1.930201219710455 ], [ -75.747390610388322, -1.928814469612064 ], [ -75.748650360025977, -1.924617220308392 ], [ -75.749451235086383, -1.92076172057682 ], [ -75.750472610422605, -1.914093720648623 ], [ -75.751556610049477, -1.910646469958579 ], [ -75.759409734771339, -1.894529220447112 ], [ -75.76846111079152, -1.876550719639908 ], [ -75.777078109766933, -1.856474595126429 ], [ -75.778960985261222, -1.849744095013875 ], [ -75.780212860435142, -1.843990219972568 ], [ -75.78026586018126, -1.843517344749614 ], [ -75.781100735010853, -1.83605947116763 ], [ -75.781146485321983, -1.827736346355209 ], [ -75.780196609685675, -1.820598220431464 ], [ -75.778045235299317, -1.810977220122481 ], [ -75.77744598464443, -1.808408596279605 ], [ -75.776946484992209, -1.80626759467367 ], [ -75.776587859641893, -1.800600720047157 ], [ -75.777107360216462, -1.797193346195911 ], [ -75.778364859750411, -1.793951345078369 ], [ -75.778480272446586, -1.79379686403388 ], [ -75.778418924293817, -1.793719988186865 ], [ -75.777481583408303, -1.792517040628866 ], [ -75.767686978870927, -1.779947015842083 ], [ -75.761066953277236, -1.771468469294348 ], [ -75.747943993820172, -1.754670463571017 ], [ -75.741701488332978, -1.74663498511643 ], [ -75.735535425219666, -1.738689946983413 ], [ -75.729837077918774, -1.731354939678681 ], [ -75.725781075236341, -1.726209961420466 ], [ -75.722394526985795, -1.721940976794599 ], [ -75.719007994922947, -1.71767198587338 ], [ -75.712235081883478, -1.709061927865605 ], [ -75.711749158396856, -1.70836519429821 ], [ -75.711138058274742, -1.70748898033213 ], [ -75.706055942627472, -1.700968026752946 ], [ -75.698347944202226, -1.691111075815456 ], [ -75.685339054753456, -1.674572998444944 ], [ -75.681746076120476, -1.670145924694509 ], [ -75.678683490650542, -1.666360994764034 ], [ -75.678375900027675, -1.665980853133817 ], [ -75.675620916871765, -1.662576060336846 ], [ -75.66307505237171, -1.647066018681755 ], [ -75.659859999439334, -1.643076990310817 ], [ -75.654800939711492, -1.636800031795929 ], [ -75.650426515870947, -1.63135701371516 ], [ -75.643505989909386, -1.622745926882999 ], [ -75.637156028028187, -1.614822011126762 ], [ -75.63413916139308, -1.611052356181233 ], [ -75.630519069099705, -1.606528956046418 ], [ -75.628575976799823, -1.604105077187455 ], [ -75.625618003168199, -1.600451069660949 ], [ -75.621714047964929, -1.59567606799601 ], [ -75.616690288425957, -1.589470394243278 ], [ -75.610598974263212, -1.581946007702072 ], [ -75.60267706939112, -1.572061060869203 ], [ -75.597039065700301, -1.565213047244299 ], [ -75.594448052335679, -1.562048039785168 ], [ -75.586579959297637, -1.552415054211338 ], [ -75.585213039250334, -1.550090920059802 ], [ -75.585207003900052, -1.549733012368506 ], [ -75.585202486605453, -1.549470637859542 ], [ -75.585194934098809, -1.549031950364054 ], [ -75.585042047552406, -1.548589050444207 ], [ -75.584645918674141, -1.548226951912227 ], [ -75.583459042001095, -1.547394963906356 ], [ -75.582767031673143, -1.547105955974928 ], [ -75.582239362556493, -1.547011377872764 ], [ -75.581958009654329, -1.546960949288348 ], [ -75.581554002714995, -1.546970001863997 ], [ -75.581085956851382, -1.547105955974928 ], [ -75.580889431601975, -1.547196434068098 ], [ -75.58035807256698, -1.547441064953091 ], [ -75.579736973782303, -1.547948001998577 ], [ -75.578749082903812, -1.548797926982672 ], [ -75.577031965952415, -1.550635072850298 ], [ -75.575406043853775, -1.552227970044669 ], [ -75.573914065881411, -1.553259950186487 ], [ -75.572996918373065, -1.553775939807736 ], [ -75.571954041146, -1.55403795818512 ], [ -75.570318061029639, -1.554436937014998 ], [ -75.569328997435264, -1.555124922876814 ], [ -75.568574960865703, -1.555985074051875 ], [ -75.568053942235622, -1.556825947359471 ], [ -75.567855960983763, -1.557576964904968 ], [ -75.567676923950842, -1.558435943364032 ], [ -75.567407025713635, -1.559503964736052 ], [ -75.566922050112453, -1.560871052956657 ], [ -75.566301955870529, -1.562019039347149 ], [ -75.56575394768646, -1.562643992626136 ], [ -75.565446777047043, -1.562884358026679 ], [ -75.565151958595891, -1.563115055715173 ], [ -75.564531027984515, -1.563358969840522 ], [ -75.56401906103082, -1.563540018656909 ], [ -75.563254967342857, -1.563567008210782 ], [ -75.562562957014791, -1.563476986973285 ], [ -75.561924926693848, -1.563196025276284 ], [ -75.561203406911602, -1.562747995623454 ], [ -75.560936030373455, -1.562581967283904 ], [ -75.560287941135527, -1.561884927947006 ], [ -75.559684946602943, -1.561025951286524 ], [ -75.558938957167072, -1.559633046228043 ], [ -75.558749023048961, -1.558511043949409 ], [ -75.558758075624667, -1.557534050156164 ], [ -75.558820940034309, -1.557182009641906 ], [ -75.559027972962554, -1.556230999061313 ], [ -75.559422928225501, -1.554475996370115 ], [ -75.559826936064155, -1.553118966167176 ], [ -75.56004201612609, -1.551281987573645 ], [ -75.559674050417016, -1.550252020114613 ], [ -75.558765954585056, -1.549409974090963 ], [ -75.557928937570352, -1.54889498991173 ], [ -75.557633057019871, -1.548487964847595 ], [ -75.557452008203597, -1.54734802559085 ], [ -75.557254026951739, -1.545872978255261 ], [ -75.554764512871884, -1.53685878110781 ], [ -75.545894033682657, -1.504739961879693 ], [ -75.542615032657579, -1.493215013162285 ], [ -75.541735816754453, -1.490112066118911 ], [ -75.541220954883102, -1.488295003011899 ], [ -75.540563982141975, -1.485969025250199 ], [ -75.537539958701984, -1.475150000272265 ], [ -75.5347060366542, -1.464990966160087 ], [ -75.524593940857642, -1.428499009121822 ], [ -75.516542956292312, -1.399460072923944 ], [ -75.507763080201926, -1.367860969208323 ], [ -75.502410060875548, -1.348655010720108 ], [ -75.50126693711934, -1.343716058149482 ], [ -75.501095946320845, -1.342784996330465 ], [ -75.500636953032938, -1.340512997676626 ], [ -75.499999929053388, -1.3377310438525 ], [ -75.487810965003916, -1.294277078724122 ], [ -75.482695304644551, -1.276043905202016 ], [ -75.480258953987402, -1.26736585574946 ], [ -75.477822617719539, -1.258687802699853 ], [ -75.475386299438128, -1.25000974785155 ], [ -75.472949994646513, -1.241331689405911 ], [ -75.470513707841235, -1.232653628262312 ], [ -75.468077436324563, -1.223975564420698 ], [ -75.465641180096327, -1.215297497881124 ], [ -75.463204939156583, -1.206619427744329 ], [ -75.460768714404594, -1.197941355808894 ], [ -75.458332504041721, -1.189263281175386 ], [ -75.455896309866716, -1.180585202944712 ], [ -75.453460130080828, -1.171907122915286 ], [ -75.451023965583488, -1.163229040188014 ], [ -75.44492696230941, -1.141440953637073 ], [ -75.429671917125177, -1.087071458181128 ], [ -75.429131807686758, -1.085146490817863 ], [ -75.427421448241148, -1.079050704326448 ], [ -75.425170991048276, -1.071029948673129 ], [ -75.42295672707121, -1.063137743012305 ], [ -75.420742474785357, -1.055245534653636 ], [ -75.419576697106834, -1.051090355635381 ], [ -75.418528234190546, -1.047353325395591 ], [ -75.416314004387743, -1.039461113439586 ], [ -75.415442257354243, -1.036353918898158 ], [ -75.414099783578138, -1.031568899684942 ], [ -75.411885576258214, -1.023676684131601 ], [ -75.409671378831035, -1.015784465880301 ], [ -75.407457192195636, -1.007892246729739 ], [ -75.405243016352074, -1.00000002488116 ], [ -75.403125859370903, -0.991925659741298 ], [ -75.401008712282135, -0.983851292802854 ], [ -75.398891575086111, -0.975776924965032 ], [ -75.396774447782491, -0.967702554429309 ], [ -75.394657331270707, -0.959628182094832 ], [ -75.392540223752235, -0.951553807961716 ], [ -75.391126830338919, -0.946163279711527 ], [ -75.390423127025599, -0.943479432929394 ], [ -75.387396025206385, -0.932586511558156 ], [ -75.386711969381849, -0.930124960098794 ], [ -75.386728285781714, -0.92985537302701 ], [ -75.386738958935723, -0.929679042953353 ], [ -75.386887943323757, -0.929236526144734 ], [ -75.387381012823369, -0.927771991883844 ], [ -75.387555761888848, -0.927357581587046 ], [ -75.387677062446414, -0.927069924437376 ], [ -75.388306040191424, -0.926086056226382 ], [ -75.388359012958063, -0.926002069439789 ], [ -75.388306040191424, -0.925786990277288 ], [ -75.388209507862427, -0.925397597321194 ], [ -75.388201937369502, -0.925367056344442 ], [ -75.387774961745038, -0.924731037807021 ], [ -75.387347987919213, -0.924159056395297 ], [ -75.386899052649142, -0.92377700910157 ], [ -75.38609103787104, -0.923523037857819 ], [ -75.384922936344424, -0.923565952606566 ], [ -75.383468515859306, -0.923810425210831 ], [ -75.383037007651694, -0.92388295733258 ], [ -75.381462861321893, -0.92341565430894 ], [ -75.378593928666817, -0.922563980143423 ], [ -75.378502062919779, -0.922518047269989 ], [ -75.377752225284951, -0.922146531936846 ], [ -75.377393974951929, -0.921969032744585 ], [ -75.377393604431234, -0.921968983281772 ], [ -75.376839887350798, -0.921893662362493 ], [ -75.376327965363259, -0.921824026057834 ], [ -75.375596056612665, -0.921949922151157 ], [ -75.374154034181231, -0.922351918206346 ], [ -75.372611931595259, -0.923128081695552 ], [ -75.372497727588041, -0.923198085822946 ], [ -75.372151932865393, -0.923410049733889 ], [ -75.368487030052336, -0.926410939013522 ], [ -75.367928962951169, -0.926998006552651 ], [ -75.367384380284875, -0.927665905157369 ], [ -75.366586014332995, -0.928645051028241 ], [ -75.366077314616348, -0.929740672593937 ], [ -75.365377008042458, -0.931248973261347 ], [ -75.365084983784868, -0.932053968116008 ], [ -75.364762950050078, -0.933022919272219 ], [ -75.364751081697023, -0.933059009965234 ], [ -75.364726069752237, -0.933135069227944 ], [ -75.36470928300696, -0.933213067428994 ], [ -75.364681981388287, -0.933339923098799 ], [ -75.364303928883146, -0.934432243253298 ], [ -75.364232039776766, -0.934639956068963 ], [ -75.363430957872367, -0.936523113051123 ], [ -75.363356969748338, -0.936697041934849 ], [ -75.361566930369463, -0.937876041446032 ], [ -75.361502077558782, -0.937918010108035 ], [ -75.360496058146452, -0.938569057216171 ], [ -75.355278330130773, -0.941929690602649 ], [ -75.354885044908883, -0.942182998146734 ], [ -75.350345146711049, -0.944902039897158 ], [ -75.348885949027306, -0.945775984873762 ], [ -75.347336972922847, -0.946666980996326 ], [ -75.346730973755371, -0.947091768570203 ], [ -75.346371042589453, -0.947344070672273 ], [ -75.345833883826629, -0.947888011222574 ], [ -75.345428079142494, -0.948298938445134 ], [ -75.345351679935959, -0.948620489244092 ], [ -75.345156001847897, -0.949444073085317 ], [ -75.344937000741936, -0.950370086110524 ], [ -75.344832963570354, -0.950809987690718 ], [ -75.344345962695968, -0.953509147229283 ], [ -75.344170960921076, -0.954479082243722 ], [ -75.343913969753885, -0.955906101285507 ], [ -75.343528068865169, -0.958048934810449 ], [ -75.342996992217365, -0.959777954289109 ], [ -75.342784664980229, -0.960225458737909 ], [ -75.342644951703107, -0.960519920158163 ], [ -75.342263071683362, -0.961304968949094 ], [ -75.338702942586679, -0.967125026898429 ], [ -75.33835611364367, -0.967553075414003 ], [ -75.33751103600548, -0.968596050667088 ], [ -75.335200240598567, -0.970662428328353 ], [ -75.334597988905955, -0.971200979241758 ], [ -75.333741767768345, -0.971779953781777 ], [ -75.332287937238391, -0.972763030589363 ], [ -75.332167887637809, -0.972785196179814 ], [ -75.332119962765944, -0.972794043710053 ], [ -75.331852791273263, -0.9728421880165 ], [ -75.331038027083196, -0.972989006837054 ], [ -75.32727042259188, -0.972911345881869 ], [ -75.326621937652249, -0.972897979258221 ], [ -75.323547928993605, -0.972749325820701 ], [ -75.32126606927352, -0.972638979005637 ], [ -75.319276037758812, -0.973137030749285 ], [ -75.319136623056636, -0.97323128779351 ], [ -75.318155041821683, -0.973894922712418 ], [ -75.317262482677393, -0.974652327243064 ], [ -75.311009973131718, -0.979958055719635 ], [ -75.307386978726072, -0.984386047677901 ], [ -75.304166986716893, -0.987204043631664 ], [ -75.299433980693607, -0.98788018812013 ], [ -75.298532001150818, -0.988009042083547 ], [ -75.297992530231056, -0.987931988170601 ], [ -75.295454031878023, -0.987569410300011 ], [ -75.292896009243407, -0.987204043631664 ], [ -75.290783517944931, -0.986030307852388 ], [ -75.289273014837704, -0.985191046129785 ], [ -75.289078774765585, -0.984413841225717 ], [ -75.28846801818446, -0.981970047779441 ], [ -75.287537720789146, -0.981039751283447 ], [ -75.286858022179956, -0.9803600526742 ], [ -75.28243003022169, -0.977140060665192 ], [ -75.282186420067205, -0.97678819461936 ], [ -75.27880703581593, -0.971907071154305 ], [ -75.276602162559698, -0.971025122211529 ], [ -75.274782046254415, -0.970297075149801 ], [ -75.26834105589495, -0.970699071205104 ], [ -75.259485072877794, -0.971102072702422 ], [ -75.251132298316861, -0.971303353566839 ], [ -75.242779521957345, -0.971504613746902 ], [ -75.234426745597773, -0.971705853242497 ], [ -75.226073968338937, -0.971907071154305 ], [ -75.217621993160435, -0.971505075099117 ], [ -75.215370948710301, -0.971321008157872 ], [ -75.214292030252977, -0.970931920072019 ], [ -75.213042959165193, -0.970670069867765 ], [ -75.211523989840202, -0.970931920072019 ], [ -75.211109923983656, -0.971041052802263 ], [ -75.210022959292075, -0.971718980646415 ], [ -75.208530980420392, -0.972877025054629 ], [ -75.207650042315549, -0.974036074005483 ], [ -75.207146960663636, -0.974731939727178 ], [ -75.205350047766444, -0.975990063390611 ], [ -75.203802916171583, -0.976550980443335 ], [ -75.202805972717385, -0.976658938659057 ], [ -75.202186046648706, -0.976596075148564 ], [ -75.19948891777932, -0.975736930314952 ], [ -75.189691982199179, -0.971973958231445 ], [ -75.189825499147446, -0.971298409094175 ], [ -75.190105042613595, -0.969884014735385 ], [ -75.194912063740674, -0.965617961000078 ], [ -75.197762917324724, -0.962411045133592 ], [ -75.199442985805092, -0.960410954701729 ], [ -75.200459039852717, -0.959298005898233 ], [ -75.20193308084697, -0.958166951943213 ], [ -75.202713270600839, -0.957759907993193 ], [ -75.203406954567185, -0.957397995620966 ], [ -75.207370925128032, -0.956211957116011 ], [ -75.208692081374409, -0.955932001760402 ], [ -75.211757006880248, -0.954846041611404 ], [ -75.212798745565635, -0.954469606986606 ], [ -75.213184947727143, -0.954330051990269 ], [ -75.214133094866327, -0.953501586628875 ], [ -75.214277947769006, -0.953375017842745 ], [ -75.215100045930285, -0.952656018860068 ], [ -75.216869968374283, -0.951008975283912 ], [ -75.218765955084734, -0.949155065154059 ], [ -75.220743915898879, -0.947787976933455 ], [ -75.223926022168143, -0.94586097710237 ], [ -75.224070159210441, -0.945804537449419 ], [ -75.224825065424341, -0.945508936588112 ], [ -75.226352080084382, -0.945301066390982 ], [ -75.227340977304209, -0.94511901123326 ], [ -75.228580995816287, -0.944584915561336 ], [ -75.229480039072484, -0.943979071976571 ], [ -75.230172049400437, -0.942983973031858 ], [ -75.230774036692367, -0.94209699957679 ], [ -75.231304946965622, -0.941075078352071 ], [ -75.235248966966196, -0.93023593643926 ], [ -75.235662027380613, -0.924988027175687 ], [ -75.235679965258157, -0.924011031583802 ], [ -75.235572006143116, -0.922510001035675 ], [ -75.235149054984845, -0.920862956560086 ], [ -75.234735994570428, -0.919931056572977 ], [ -75.233980952558852, -0.918954061880413 ], [ -75.232480928352118, -0.917750923666119 ], [ -75.231167985613979, -0.917054051603145 ], [ -75.228740922255668, -0.916005978992587 ], [ -75.227411049780073, -0.915354035260407 ], [ -75.226502953948113, -0.914566973786748 ], [ -75.225095011325607, -0.913294921423301 ], [ -75.225010975076373, -0.913218996159628 ], [ -75.223303917042074, -0.911301048904193 ], [ -75.222421972595896, -0.909581921068764 ], [ -75.222254758050553, -0.908197683676121 ], [ -75.221549919792949, -0.902362922710608 ], [ -75.221416706815546, -0.900960304973921 ], [ -75.221414971123977, -0.900942022656125 ], [ -75.221595015397611, -0.898716963217225 ], [ -75.221712026189039, -0.898137941013147 ], [ -75.222494057754432, -0.894979975245576 ], [ -75.222870995999642, -0.893356798777177 ], [ -75.223346999964065, -0.891307025298943 ], [ -75.223418916949413, -0.890455926699588 ], [ -75.223418692118855, -0.889539244140735 ], [ -75.223418118351447, -0.887196205340445 ], [ -75.223418078781208, -0.887035942554633 ], [ -75.22321104585302, -0.883951067387784 ], [ -75.222168002251465, -0.875618952052946 ], [ -75.221539963398527, -0.87076567969234 ], [ -75.221413965681847, -0.86979202058518 ], [ -75.221386976128031, -0.868860958766163 ], [ -75.221575065736658, -0.867775000415804 ], [ -75.222194219287758, -0.866702001296289 ], [ -75.222472935377596, -0.866218982619898 ], [ -75.222787927420882, -0.865685056020482 ], [ -75.223849076173849, -0.864173965655937 ], [ -75.224963031318794, -0.862617949658613 ], [ -75.228458955116594, -0.858510985093858 ], [ -75.2298699653266, -0.857586964067025 ], [ -75.231901067979891, -0.856491952241754 ], [ -75.233789006657275, -0.855750991814773 ], [ -75.235775016403863, -0.855261991747398 ], [ -75.236440036278623, -0.85533407600667 ], [ -75.23777896132998, -0.854962924899041 ], [ -75.23861742355524, -0.854424427045615 ], [ -75.239694057734539, -0.853732965304062 ], [ -75.240654959958363, -0.853054031118575 ], [ -75.241652070686484, -0.851987014289193 ], [ -75.243199035007422, -0.850041072037754 ], [ -75.244024987663011, -0.848873975953097 ], [ -75.246191038985216, -0.845535965912006 ], [ -75.247762981076562, -0.84282106823764 ], [ -75.249738148596578, -0.840466841871148 ], [ -75.251816971975643, -0.83798906844072 ], [ -75.2532269758442, -0.836687023687091 ], [ -75.253361925412435, -0.835764008102444 ], [ -75.253109965052829, -0.834506051712879 ], [ -75.252642924631232, -0.833186069981025 ], [ -75.25178897697964, -0.831611948832347 ], [ -75.251018286764406, -0.830437457622509 ], [ -75.250458936330801, -0.829585037019797 ], [ -75.2489129783512, -0.827567009609652 ], [ -75.241029965560415, -0.815217951846876 ], [ -75.240427978268485, -0.812993059681901 ], [ -75.240283977023864, -0.811625970562034 ], [ -75.24007694409562, -0.808044049093439 ], [ -75.24007694409562, -0.806333972934453 ], [ -75.240337956131725, -0.804523984794002 ], [ -75.240975985553177, -0.800996042433383 ], [ -75.241235993046587, -0.800344935070655 ], [ -75.24165772742208, -0.799514718729199 ], [ -75.242062952043511, -0.798717002087926 ], [ -75.243285032677989, -0.797304987335167 ], [ -75.244184168564516, -0.7965706684015 ], [ -75.245478073554239, -0.79551394161507 ], [ -75.247041970310647, -0.794581036185832 ], [ -75.250844000849895, -0.793450987672827 ], [ -75.252785082265689, -0.793241942961231 ], [ -75.253412520371455, -0.793175623356262 ], [ -75.254581995162823, -0.793052008843063 ], [ -75.255481038419134, -0.792933991710242 ], [ -75.258337924655393, -0.791775948201348 ], [ -75.258627965907863, -0.79153069858279 ], [ -75.259632928616725, -0.790680936375963 ], [ -75.262049934856577, -0.788735999566654 ], [ -75.263065988904145, -0.787994032798281 ], [ -75.264350934847641, -0.787360026044325 ], [ -75.26580703886367, -0.787179982670011 ], [ -75.266247927000165, -0.787252066929284 ], [ -75.267954985933841, -0.786990048551786 ], [ -75.268871966168263, -0.786201983434694 ], [ -75.268992400678712, -0.786038501975213 ], [ -75.269590966050202, -0.785225994184145 ], [ -75.269752066104843, -0.784437927268414 ], [ -75.269653997733712, -0.783297988011668 ], [ -75.269033066222903, -0.78169704458287 ], [ -75.268832555178221, -0.781264416719409 ], [ -75.26864699626185, -0.780864051134984 ], [ -75.267693972998416, -0.779932990215229 ], [ -75.264700962679171, -0.777706924434995 ], [ -75.263296863759194, -0.7767083091411 ], [ -75.261378815779665, -0.775344166200227 ], [ -75.25928206261699, -0.773852924772598 ], [ -75.257509961115716, -0.772650960173621 ], [ -75.256028041161073, -0.771555948348293 ], [ -75.255317925681652, -0.770605943209659 ], [ -75.254579983379472, -0.769003994338846 ], [ -75.254166922965055, -0.767701948685954 ], [ -75.253887973051405, -0.765358033046766 ], [ -75.253933067756805, -0.763549051247594 ], [ -75.254328023019809, -0.76176605266113 ], [ -75.254597920357696, -0.760834990842113 ], [ -75.255111060027275, -0.759857996149492 ], [ -75.255891917977578, -0.759251985290859 ], [ -75.257690003590767, -0.758074997563028 ], [ -75.258690622574022, -0.757606400415 ], [ -75.258732042649569, -0.757587002937782 ], [ -75.26156294567329, -0.756283952742194 ], [ -75.263773925326348, -0.75528801473007 ], [ -75.265410071817257, -0.75459198173445 ], [ -75.266263014926096, -0.754149081814603 ], [ -75.267835963358948, -0.752682918881533 ], [ -75.267917712632254, -0.752526001573642 ], [ -75.268778926805908, -0.750872930741082 ], [ -75.269148066130299, -0.749922925602505 ], [ -75.270442063750181, -0.74646706840042 ], [ -75.271476055675407, -0.74365393328236 ], [ -75.271754000146927, -0.742613068738081 ], [ -75.272401083043519, -0.740016020023234 ], [ -75.273111030349639, -0.736506013741518 ], [ -75.273317056936605, -0.734134941274476 ], [ -75.273505984713324, -0.732931970334107 ], [ -75.27449404376506, -0.727385999664079 ], [ -75.27484407159659, -0.725758066681351 ], [ -75.275257970179098, -0.724019996425625 ], [ -75.275644041039641, -0.722184024173202 ], [ -75.275788042284262, -0.720699924261964 ], [ -75.27527607533051, -0.718582990312655 ], [ -75.27484407159659, -0.716982046883913 ], [ -75.273891050131738, -0.71441299316507 ], [ -75.273804046119722, -0.714278045395417 ], [ -75.273153945098443, -0.713273054807587 ], [ -75.271617038795171, -0.711436077113206 ], [ -75.267805955680274, -0.707934956133215 ], [ -75.266952007129305, -0.707211932684459 ], [ -75.263868975572677, -0.705194073447615 ], [ -75.26315098203213, -0.70485008006699 ], [ -75.260820710007749, -0.703790924211717 ], [ -75.260086054727594, -0.703457007734642 ], [ -75.259421034852835, -0.70317604603764 ], [ -75.258034828844188, -0.702643044840499 ], [ -75.25561095717984, -0.701711056719773 ], [ -75.254621053618678, -0.701340073785275 ], [ -75.25317774695543, -0.700938028267331 ], [ -75.252546029875361, -0.700762057922532 ], [ -75.251807920299257, -0.700345981182011 ], [ -75.250837966398933, -0.699738963082496 ], [ -75.250082924387414, -0.699088024792445 ], [ -75.249391082232648, -0.698120081776324 ], [ -75.248978021818175, -0.69709799327768 ], [ -75.248861010127428, -0.696419059092193 ], [ -75.24874850314086, -0.695676827923251 ], [ -75.248717008882807, -0.695469053953559 ], [ -75.249201986282571, -0.693425043330933 ], [ -75.24952603090145, -0.692754994447341 ], [ -75.2504689952479, -0.691525033053722 ], [ -75.25146593780272, -0.690547032919142 ], [ -75.252589951864763, -0.689850999923635 ], [ -75.254162061230033, -0.688973079044274 ], [ -75.256445962411192, -0.6882939766856 ], [ -75.258216053028377, -0.687552010816546 ], [ -75.26012997581762, -0.686720023710052 ], [ -75.261073945606086, -0.686258013196664 ], [ -75.262179016348398, -0.685416972615144 ], [ -75.263957992267478, -0.683516963237196 ], [ -75.265270933206921, -0.681916019808284 ], [ -75.272692940027071, -0.671610972668134 ], [ -75.27345703461441, -0.670170962020165 ], [ -75.273682005420142, -0.668914011072729 ], [ -75.273889038348386, -0.667195051410317 ], [ -75.273682005420142, -0.665222955974571 ], [ -75.273474971592634, -0.664346042335865 ], [ -75.273327966612271, -0.663781566665932 ], [ -75.273251008027444, -0.663486059334105 ], [ -75.27276502518572, -0.662689945284569 ], [ -75.27039194003595, -0.660700081943162 ], [ -75.270390222330832, -0.660698836382096 ], [ -75.267759017364654, -0.658791019090131 ], [ -75.264029070185359, -0.656193970375398 ], [ -75.262988476337057, -0.655472882267645 ], [ -75.262384038392611, -0.655054032017915 ], [ -75.262042805031399, -0.654892156747565 ], [ -75.261602005927784, -0.654683049083303 ], [ -75.261071934721997, -0.654637954378018 ], [ -75.261004733781363, -0.654653723990123 ], [ -75.260569020343951, -0.654755970611518 ], [ -75.260057054289518, -0.655126954445279 ], [ -75.258709555101746, -0.656033825400698 ], [ -75.258699017745414, -0.656040916555014 ], [ -75.258448063727144, -0.656095063836062 ], [ -75.25813407802525, -0.655914015019675 ], [ -75.25791799162198, -0.655544038426569 ], [ -75.257581693740121, -0.651272232627377 ], [ -75.25757601002482, -0.651200032355575 ], [ -75.257568730912112, -0.651077185863357 ], [ -75.257484616421834, -0.64965759971841 ], [ -75.257314997988658, -0.646795007283629 ], [ -75.257144007190163, -0.644749990319724 ], [ -75.256974021833628, -0.644036020345993 ], [ -75.256749051927159, -0.643646932259969 ], [ -75.256478987315347, -0.643501924674013 ], [ -75.256473458283438, -0.643501831144476 ], [ -75.256175708941726, -0.643496752672888 ], [ -75.255957967785946, -0.643493040271551 ], [ -75.255427058411897, -0.6437369543969 ], [ -75.254646032288463, -0.644533066647682 ], [ -75.253630983682854, -0.645845002145109 ], [ -75.253045627553604, -0.646242935063356 ], [ -75.253018936574563, -0.646261079784892 ], [ -75.249376074346287, -0.647429574315368 ], [ -75.249325033323601, -0.64744594557385 ], [ -75.248534953725027, -0.647519036174515 ], [ -75.24791502855561, -0.647456003591628 ], [ -75.247510015274941, -0.647220974768118 ], [ -75.24738395100843, -0.647011930955728 ], [ -75.247302982346696, -0.64633400221237 ], [ -75.247410940562418, -0.645682057580871 ], [ -75.248112004365396, -0.644823080920389 ], [ -75.249010041280258, -0.643927054889502 ], [ -75.249442044115028, -0.643393965559028 ], [ -75.249630971891747, -0.642914018067415 ], [ -75.249628960108396, -0.642835061188975 ], [ -75.24962108114795, -0.642579077262553 ], [ -75.249396949409629, -0.642027044612291 ], [ -75.249252948165008, -0.641836944119632 ], [ -75.246217148102858, -0.639737805954894 ], [ -75.24620595873796, -0.639730069087307 ], [ -75.246122129332662, -0.639672170734002 ], [ -75.245837993028942, -0.639475928771049 ], [ -75.245579447833165, -0.639423599019835 ], [ -75.245566663071031, -0.639421010770945 ], [ -75.245432979748159, -0.639393953767922 ], [ -75.2450426110276, -0.639378903613476 ], [ -75.244732923185836, -0.639366964213934 ], [ -75.24429129670591, -0.639534079833879 ], [ -75.244177899390479, -0.63957699098529 ], [ -75.244013923303896, -0.639639040609211 ], [ -75.243410928771254, -0.640046065673346 ], [ -75.24337140536602, -0.640078471843935 ], [ -75.241391218729746, -0.641702058403155 ], [ -75.239236476382246, -0.643468764871557 ], [ -75.236581019398443, -0.645646016350497 ], [ -75.236580220800533, -0.645648743994286 ], [ -75.2362579811209, -0.646750918020302 ], [ -75.236246003949816, -0.646776828387829 ], [ -75.236140969430153, -0.647004051995339 ], [ -75.236068115351202, -0.647077469949238 ], [ -75.23588096283612, -0.647266070372723 ], [ -75.235870298675309, -0.647269643379218 ], [ -75.235840267614208, -0.647279704094956 ], [ -75.235287020879184, -0.647465056167334 ] ] ] } }
]
}
