week_start_date,week_end_date,ndvi_observation_date,ndvi_age_days,ndvi_mean_weekly,ndvi_median_weekly,ndvi_std_weekly,ndvi_min_weekly,ndvi_max_weekly,valid_pixel_count,valid_pixel_fraction_of_max,low_valid_pixel_coverage,ndvi_available,ndvi_within_age_limit,ndvi_stale,modis_image_id
2000-01-02,2000-01-08,,,,,,,,,,,False,False,False,
2000-01-09,2000-01-15,,,,,,,,,,,False,False,False,
2000-01-16,2000-01-22,,,,,,,,,,,False,False,False,
2000-01-23,2000-01-29,,,,,,,,,,,False,False,False,
2000-01-30,2000-02-05,,,,,,,,,,,False,False,False,
2000-02-06,2000-02-12,,,,,,,,,,,False,False,False,
2000-02-13,2000-02-19,2000-02-18,1.0,0.8265190754802241,0.8397136757213707,0.0887969493733977,-0.1998,0.9992,242792.0,0.19807821899949254,False,True,True,False,2000_02_18
2000-02-20,2000-02-26,2000-02-18,8.0,0.8265190754802241,0.8397136757213707,0.0887969493733977,-0.1998,0.9992,242792.0,0.19807821899949254,False,True,True,False,2000_02_18
2000-02-27,2000-03-04,2000-02-18,15.0,0.8265190754802241,0.8397136757213707,0.0887969493733977,-0.1998,0.9992,242792.0,0.19807821899949254,False,True,True,False,2000_02_18
2000-03-05,2000-03-11,2000-03-05,6.0,0.786659966854691,0.8085639634823035,0.1038336381775728,-0.1917,0.9992,203230.0,0.1658021534781495,True,True,True,False,2000_03_05
2000-03-12,2000-03-18,2000-03-05,13.0,0.786659966854691,0.8085639634823035,0.1038336381775728,-0.1917,0.9992,203230.0,0.1658021534781495,True,True,True,False,2000_03_05
2000-03-19,2000-03-25,2000-03-21,4.0,0.8001648845998617,0.8477001870029617,0.1415323433856781,-0.1998,0.9994,272118.0,0.2220033971370717,False,True,True,False,2000_03_21
2000-03-26,2000-04-01,2000-03-21,11.0,0.8001648845998617,0.8477001870029617,0.1415323433856781,-0.1998,0.9994,272118.0,0.2220033971370717,False,True,True,False,2000_03_21
2000-04-02,2000-04-08,2000-04-06,2.0,0.8022674003772962,0.8477222794725956,0.1492582793853533,-0.2,0.9994,427282.0,0.34859162398489724,False,True,True,False,2000_04_06
2000-04-09,2000-04-15,2000-04-06,9.0,0.8022674003772962,0.8477222794725956,0.1492582793853533,-0.2,0.9994,427282.0,0.34859162398489724,False,True,True,False,2000_04_06
2000-04-16,2000-04-22,2000-04-22,0.0,0.7935674955812915,0.8399570297243613,0.1374747723767794,-0.2,0.9993,283167.0,0.23101755840155075,False,True,True,False,2000_04_22
2000-04-23,2000-04-29,2000-04-22,7.0,0.7935674955812915,0.8399570297243613,0.1374747723767794,-0.2,0.9993,283167.0,0.23101755840155075,False,True,True,False,2000_04_22
2000-04-30,2000-05-06,2000-04-22,14.0,0.7935674955812915,0.8399570297243613,0.1374747723767794,-0.2,0.9993,283167.0,0.23101755840155075,False,True,True,False,2000_04_22
2000-05-07,2000-05-13,2000-05-08,5.0,0.7867129621326676,0.8320925985386286,0.1526869905749145,-0.1997,0.9995,214771.0,0.17521770557819044,True,True,True,False,2000_05_08
2000-05-14,2000-05-20,2000-05-08,12.0,0.7867129621326676,0.8320925985386286,0.1526869905749145,-0.1997,0.9995,214771.0,0.17521770557819044,True,True,True,False,2000_05_08
2000-05-21,2000-05-27,2000-05-24,3.0,0.7895078588847585,0.839998746592977,0.1572307070509266,-0.2,0.9995,380949.0,0.310791539464388,False,True,True,False,2000_05_24
2000-05-28,2000-06-03,2000-05-24,10.0,0.7895078588847585,0.839998746592977,0.1572307070509266,-0.2,0.9995,380949.0,0.310791539464388,False,True,True,False,2000_05_24
2000-06-04,2000-06-10,2000-06-09,1.0,0.8006554128123746,0.839958127305853,0.1398805367559533,-0.2,0.9994,344529.0,0.28107882761242614,False,True,True,False,2000_06_09
2000-06-11,2000-06-17,2000-06-09,8.0,0.8006554128123746,0.839958127305853,0.1398805367559533,-0.2,0.9994,344529.0,0.28107882761242614,False,True,True,False,2000_06_09
2000-06-18,2000-06-24,2000-06-09,15.0,0.8006554128123746,0.839958127305853,0.1398805367559533,-0.2,0.9994,344529.0,0.28107882761242614,False,True,True,False,2000_06_09
2000-06-25,2000-07-01,2000-06-25,6.0,0.8217386094792561,0.8479619767991571,0.1001455470863837,-0.2,0.9993,909419.0,0.741935878629854,False,True,True,False,2000_06_25
2000-07-02,2000-07-08,2000-06-25,13.0,0.8217386094792561,0.8479619767991571,0.1001455470863837,-0.2,0.9993,909419.0,0.741935878629854,False,True,True,False,2000_06_25
2000-07-09,2000-07-15,2000-07-11,4.0,0.7991402150182485,0.8402030208815806,0.1221157434292437,-0.2,0.9993,602572.0,0.49159934667930666,False,True,True,False,2000_07_11
2000-07-16,2000-07-22,2000-07-11,11.0,0.7991402150182485,0.8402030208815806,0.1221157434292437,-0.2,0.9993,602572.0,0.49159934667930666,False,True,True,False,2000_07_11
2000-07-23,2000-07-29,2000-07-27,2.0,0.8152724943258564,0.8397755542049303,0.1114410953497685,-0.2,0.9993,825498.0,0.6734701869404391,False,True,True,False,2000_07_27
2000-07-30,2000-08-05,2000-07-27,9.0,0.8152724943258564,0.8397755542049303,0.1114410953497685,-0.2,0.9993,825498.0,0.6734701869404391,False,True,True,False,2000_07_27
2000-08-06,2000-08-12,2000-08-12,0.0,0.7997143030546893,0.839946368533894,0.1379251854517244,-0.1998,0.9994,499546.0,0.4075471267106021,False,True,True,False,2000_08_12
2000-08-13,2000-08-19,2000-08-12,7.0,0.7997143030546893,0.839946368533894,0.1379251854517244,-0.1998,0.9994,499546.0,0.4075471267106021,False,True,True,False,2000_08_12
2000-08-20,2000-08-26,2000-08-12,14.0,0.7997143030546893,0.839946368533894,0.1379251854517244,-0.1998,0.9994,499546.0,0.4075471267106021,False,True,True,False,2000_08_12
2000-08-27,2000-09-02,2000-08-28,5.0,0.8203751862726087,0.8320874990691048,0.0862695751432325,-0.2,0.9979,1222202.0,0.9971152073281566,False,True,True,False,2000_08_28
2000-09-03,2000-09-09,2000-08-28,12.0,0.8203751862726087,0.8320874990691048,0.0862695751432325,-0.2,0.9979,1222202.0,0.9971152073281566,False,True,True,False,2000_08_28
2000-09-10,2000-09-16,2000-09-13,3.0,0.8164185261703245,0.8398366844596717,0.1120406395498043,-0.2,0.9993,720739.0,0.5880041248619199,False,True,True,False,2000_09_13
2000-09-17,2000-09-23,2000-09-13,10.0,0.8164185261703245,0.8398366844596717,0.1120406395498043,-0.2,0.9993,720739.0,0.5880041248619199,False,True,True,False,2000_09_13
2000-09-24,2000-09-30,2000-09-29,1.0,0.823008795730251,0.8321090334456279,0.0893818995972442,-0.2,0.9994,1070697.0,0.8735121208610649,False,True,True,False,2000_09_29
2000-10-01,2000-10-07,2000-09-29,8.0,0.823008795730251,0.8321090334456279,0.0893818995972442,-0.2,0.9994,1070697.0,0.8735121208610649,False,True,True,False,2000_09_29
2000-10-08,2000-10-14,2000-09-29,15.0,0.823008795730251,0.8321090334456279,0.0893818995972442,-0.2,0.9994,1070697.0,0.8735121208610649,False,True,True,False,2000_09_29
2000-10-15,2000-10-21,2000-10-15,6.0,0.8229548388016283,0.8479338117989315,0.0967164245199574,-0.2,0.9994,904273.0,0.7377375915570864,False,True,True,False,2000_10_15
2000-10-22,2000-10-28,2000-10-15,13.0,0.8229548388016283,0.8479338117989315,0.0967164245199574,-0.2,0.9994,904273.0,0.7377375915570864,False,True,True,False,2000_10_15
2000-10-29,2000-11-04,2000-10-31,4.0,0.8392048444117237,0.8633838306447805,0.1117437062643236,-0.2,0.9995,750312.0,0.6121308142523116,False,True,True,False,2000_10_31
2000-11-05,2000-11-11,2000-10-31,11.0,0.8392048444117237,0.8633838306447805,0.1117437062643236,-0.2,0.9995,750312.0,0.6121308142523116,False,True,True,False,2000_10_31
2000-11-12,2000-11-18,2000-11-16,2.0,0.8259898321673864,0.8632156241894098,0.1259314572499673,-0.1997,0.9995,226606.0,0.1848731131775306,False,True,True,False,2000_11_16
2000-11-19,2000-11-25,2000-11-16,9.0,0.8259898321673864,0.8632156241894098,0.1259314572499673,-0.1997,0.9995,226606.0,0.1848731131775306,False,True,True,False,2000_11_16
2000-11-26,2000-12-02,2000-12-02,0.0,0.8353124269948246,0.8475853590714235,0.0988751061632764,-0.2,0.9991,1210378.0,0.9874687739141643,False,True,True,False,2000_12_02
2000-12-03,2000-12-09,2000-12-02,7.0,0.8353124269948246,0.8475853590714235,0.0988751061632764,-0.2,0.9991,1210378.0,0.9874687739141643,False,True,True,False,2000_12_02
2000-12-10,2000-12-16,2000-12-02,14.0,0.8353124269948246,0.8475853590714235,0.0988751061632764,-0.2,0.9991,1210378.0,0.9874687739141643,False,True,True,False,2000_12_02
2000-12-17,2000-12-23,2000-12-18,5.0,0.837521117795417,0.8711652336121739,0.1223810994955607,-0.2,0.9994,637203.0,0.5198525296596825,False,True,True,False,2000_12_18
2000-12-24,2000-12-30,2000-12-18,12.0,0.837521117795417,0.8711652336121739,0.1223810994955607,-0.2,0.9994,637203.0,0.5198525296596825,False,True,True,False,2000_12_18
2000-12-31,2001-01-06,2001-01-01,5.0,0.8292570280972313,0.8556915972675694,0.0982813296260394,-0.2,0.9995,702339.0,0.5729927602799293,False,True,True,False,2001_01_01
2001-01-07,2001-01-13,2001-01-01,12.0,0.8292570280972313,0.8556915972675694,0.0982813296260394,-0.2,0.9995,702339.0,0.5729927602799293,False,True,True,False,2001_01_01
2001-01-14,2001-01-20,2001-01-17,3.0,0.8124750316436182,0.8241122287921728,0.0820738818433241,-0.2,0.9989,711307.0,0.5803091688435865,False,True,True,False,2001_01_17
2001-01-21,2001-01-27,2001-01-17,10.0,0.8124750316436182,0.8241122287921728,0.0820738818433241,-0.2,0.9989,711307.0,0.5803091688435865,False,True,True,False,2001_01_17
2001-01-28,2001-02-03,2001-02-02,1.0,0.8307545243348898,0.831898330103375,0.080485917653648,-0.1983,0.9991,764914.0,0.6240436373841718,False,True,True,False,2001_02_02
2001-02-04,2001-02-10,2001-02-02,8.0,0.8307545243348898,0.831898330103375,0.080485917653648,-0.1983,0.9991,764914.0,0.6240436373841718,False,True,True,False,2001_02_02
2001-02-11,2001-02-17,2001-02-02,15.0,0.8307545243348898,0.831898330103375,0.080485917653648,-0.1983,0.9991,764914.0,0.6240436373841718,False,True,True,False,2001_02_02
2001-02-18,2001-02-24,2001-02-18,6.0,0.8083216865271858,0.8322105976428552,0.1186523489945425,-0.1998,0.9995,449457.0,0.36668276581129083,False,True,True,False,2001_02_18
2001-02-25,2001-03-03,2001-02-18,13.0,0.8083216865271858,0.8322105976428552,0.1186523489945425,-0.1998,0.9995,449457.0,0.36668276581129083,False,True,True,False,2001_02_18
2001-03-04,2001-03-10,2001-03-06,4.0,0.795149858645346,0.8164584084271381,0.1116844416126721,-0.2,0.999,978258.0,0.7980971463722264,False,True,True,False,2001_03_06
2001-03-11,2001-03-17,2001-03-06,11.0,0.795149858645346,0.8164584084271381,0.1116844416126721,-0.2,0.999,978258.0,0.7980971463722264,False,True,True,False,2001_03_06
2001-03-18,2001-03-24,2001-03-22,2.0,0.8122476752754421,0.8400340000923685,0.1296595354732201,-0.2,0.9992,553712.0,0.4517376470338686,False,True,True,False,2001_03_22
2001-03-25,2001-03-31,2001-03-22,9.0,0.8122476752754421,0.8400340000923685,0.1296595354732201,-0.2,0.9992,553712.0,0.4517376470338686,False,True,True,False,2001_03_22
2001-04-01,2001-04-07,2001-04-07,0.0,0.8169888844403939,0.8399601640117902,0.1150229738066455,-0.2,0.9994,900824.0,0.7349237765329948,False,True,True,False,2001_04_07
2001-04-08,2001-04-14,2001-04-07,7.0,0.8169888844403939,0.8399601640117902,0.1150229738066455,-0.2,0.9994,900824.0,0.7349237765329948,False,True,True,False,2001_04_07
2001-04-15,2001-04-21,2001-04-07,14.0,0.8169888844403939,0.8399601640117902,0.1150229738066455,-0.2,0.9994,900824.0,0.7349237765329948,False,True,True,False,2001_04_07
2001-04-22,2001-04-28,2001-04-23,5.0,0.8408955807326706,0.8554244235368635,0.0874650500866849,-0.1997,0.9994,891109.0,0.7269979392007101,False,True,True,False,2001_04_23
2001-04-29,2001-05-05,2001-04-23,12.0,0.8408955807326706,0.8554244235368635,0.0874650500866849,-0.1997,0.9994,891109.0,0.7269979392007101,False,True,True,False,2001_04_23
2001-05-06,2001-05-12,2001-05-09,3.0,0.8019748168726271,0.8555505347501559,0.1571256512769036,-0.2,0.9995,374609.0,0.30561914536385426,False,True,True,False,2001_05_09
2001-05-13,2001-05-19,2001-05-09,10.0,0.8019748168726271,0.8555505347501559,0.1571256512769036,-0.2,0.9995,374609.0,0.30561914536385426,False,True,True,False,2001_05_09
2001-05-20,2001-05-26,2001-05-25,1.0,0.826732360083991,0.8555155980636213,0.1040526649428648,-0.2,0.9994,902746.0,0.7364918114637875,False,True,True,False,2001_05_25
2001-05-27,2001-06-02,2001-05-25,8.0,0.826732360083991,0.8555155980636213,0.1040526649428648,-0.2,0.9994,902746.0,0.7364918114637875,False,True,True,False,2001_05_25
2001-06-03,2001-06-09,2001-05-25,15.0,0.826732360083991,0.8555155980636213,0.1040526649428648,-0.2,0.9994,902746.0,0.7364918114637875,False,True,True,False,2001_05_25
2001-06-10,2001-06-16,2001-06-10,6.0,0.7952246452279155,0.8553827931950869,0.1864574464787777,-0.2,0.9994,230789.0,0.18828575111483858,False,True,True,False,2001_06_10
2001-06-17,2001-06-23,2001-06-10,13.0,0.7952246452279155,0.8553827931950869,0.1864574464787777,-0.2,0.9994,230789.0,0.18828575111483858,False,True,True,False,2001_06_10
2001-06-24,2001-06-30,2001-06-26,4.0,0.8140067205557912,0.8477014884813163,0.1132684926464151,-0.2,0.9993,696789.0,0.5684648758543832,False,True,True,False,2001_06_26
2001-07-01,2001-07-07,2001-06-26,11.0,0.8140067205557912,0.8477014884813163,0.1132684926464151,-0.2,0.9993,696789.0,0.5684648758543832,False,True,True,False,2001_06_26
2001-07-08,2001-07-14,2001-07-12,2.0,0.8293301678158189,0.8477430258224405,0.0981990413322221,-0.2,0.9994,976877.0,0.7969704781935454,False,True,True,False,2001_07_12
2001-07-15,2001-07-21,2001-07-12,9.0,0.8293301678158189,0.8477430258224405,0.0981990413322221,-0.2,0.9994,976877.0,0.7969704781935454,False,True,True,False,2001_07_12
2001-07-22,2001-07-28,2001-07-28,0.0,0.8406918899590518,0.8554633785912942,0.0853279696516025,-0.2,0.9993,1104895.0,0.901412047272745,False,True,True,False,2001_07_28
2001-07-29,2001-08-04,2001-07-28,7.0,0.8406918899590518,0.8554633785912942,0.0853279696516025,-0.2,0.9993,1104895.0,0.901412047272745,False,True,True,False,2001_07_28
2001-08-05,2001-08-11,2001-07-28,14.0,0.8406918899590518,0.8554633785912942,0.0853279696516025,-0.2,0.9993,1104895.0,0.901412047272745,False,True,True,False,2001_07_28
2001-08-12,2001-08-18,2001-08-13,5.0,0.8307573646110238,0.847633209914435,0.0954176416995851,-0.2,0.9988,1197677.0,0.9771068531774327,False,True,True,False,2001_08_13
2001-08-19,2001-08-25,2001-08-13,12.0,0.8307573646110238,0.847633209914435,0.0954176416995851,-0.2,0.9988,1197677.0,0.9771068531774327,False,True,True,False,2001_08_13
2001-08-26,2001-09-01,2001-08-29,3.0,0.8507263957714777,0.8710903623293151,0.0900730360384031,-0.2,0.999,1208780.0,0.9861650695336197,False,True,True,False,2001_08_29
2001-09-02,2001-09-08,2001-08-29,10.0,0.8507263957714777,0.8710903623293151,0.0900730360384031,-0.2,0.999,1208780.0,0.9861650695336197,False,True,True,False,2001_08_29
2001-09-09,2001-09-15,2001-09-14,1.0,0.8348524406056231,0.8476908603686387,0.0922455138961231,-0.1997,0.9994,1098939.0,0.8965529338243572,False,True,True,False,2001_09_14
2001-09-16,2001-09-22,2001-09-14,8.0,0.8348524406056231,0.8476908603686387,0.0922455138961231,-0.1997,0.9994,1098939.0,0.8965529338243572,False,True,True,False,2001_09_14
2001-09-23,2001-09-29,2001-09-14,15.0,0.8348524406056231,0.8476908603686387,0.0922455138961231,-0.1997,0.9994,1098939.0,0.8965529338243572,False,True,True,False,2001_09_14
2001-09-30,2001-10-06,2001-09-30,6.0,0.8307376858113044,0.8398051550349227,0.0903583663632333,-0.2,0.9992,1210940.0,0.9879272732019404,False,True,True,False,2001_09_30
2001-10-07,2001-10-13,2001-09-30,13.0,0.8307376858113044,0.8398051550349227,0.0903583663632333,-0.2,0.9992,1210940.0,0.9879272732019404,False,True,True,False,2001_09_30
2001-10-14,2001-10-20,2001-10-16,4.0,0.8396674372785307,0.8710295885057088,0.1163767243629028,-0.2,0.9994,617042.0,0.5034044795869916,False,True,True,False,2001_10_16
2001-10-21,2001-10-27,2001-10-16,11.0,0.8396674372785307,0.8710295885057088,0.1163767243629028,-0.2,0.9994,617042.0,0.5034044795869916,False,True,True,False,2001_10_16
2001-10-28,2001-11-03,2001-11-01,2.0,0.8423076027610392,0.8631145518465076,0.0946640659185659,-0.2,0.9994,1062844.0,0.8671053683576752,False,True,True,False,2001_11_01
2001-11-04,2001-11-10,2001-11-01,9.0,0.8423076027610392,0.8631145518465076,0.0946640659185659,-0.2,0.9994,1062844.0,0.8671053683576752,False,True,True,False,2001_11_01
2001-11-11,2001-11-17,2001-11-17,0.0,0.8390126787540092,0.855470903557307,0.106500459459741,-0.2,0.9995,719582.0,0.5870602037303241,False,True,True,False,2001_11_17
2001-11-18,2001-11-24,2001-11-17,7.0,0.8390126787540092,0.855470903557307,0.106500459459741,-0.2,0.9995,719582.0,0.5870602037303241,False,True,True,False,2001_11_17
2001-11-25,2001-12-01,2001-11-17,14.0,0.8390126787540092,0.855470903557307,0.106500459459741,-0.2,0.9995,719582.0,0.5870602037303241,False,True,True,False,2001_11_17
2001-12-02,2001-12-08,2001-12-03,5.0,0.8374605967584577,0.8790522268675784,0.1333740888059995,-0.1996,0.9995,218742.0,0.17845738648879286,False,True,True,False,2001_12_03
2001-12-09,2001-12-15,2001-12-03,12.0,0.8374605967584577,0.8790522268675784,0.1333740888059995,-0.1996,0.9995,218742.0,0.17845738648879286,False,True,True,False,2001_12_03
2001-12-16,2001-12-22,2001-12-19,3.0,0.8415183321963403,0.8632954112436813,0.0979113253641759,-0.2,0.9995,702614.0,0.5732171149136276,False,True,True,False,2001_12_19
2001-12-23,2001-12-29,2001-12-19,10.0,0.8415183321963403,0.8632954112436813,0.0979113253641759,-0.2,0.9995,702614.0,0.5732171149136276,False,True,True,False,2001_12_19
2001-12-30,2002-01-05,2002-01-01,4.0,0.8525444521468154,0.8712204496637078,0.097780826313345,-0.2,0.9995,1211509.0,0.9883914833349378,False,True,True,False,2002_01_01
2002-01-06,2002-01-12,2002-01-01,11.0,0.8525444521468154,0.8712204496637078,0.097780826313345,-0.2,0.9995,1211509.0,0.9883914833349378,False,True,True,False,2002_01_01
2002-01-13,2002-01-19,2002-01-17,2.0,0.844158466731431,0.871215002823925,0.093792857974213,-0.1995,0.9994,128101.0,0.10450928338682491,True,True,True,False,2002_01_17
2002-01-20,2002-01-26,2002-01-17,9.0,0.844158466731431,0.871215002823925,0.093792857974213,-0.1995,0.9994,128101.0,0.10450928338682491,True,True,True,False,2002_01_17
2002-01-27,2002-02-02,2002-02-02,0.0,0.8092179872701099,0.8320863227946569,0.1008437052334432,-0.1994,0.9994,657386.0,0.5363185281030693,False,True,True,False,2002_02_02
2002-02-03,2002-02-09,2002-02-02,7.0,0.8092179872701099,0.8320863227946569,0.1008437052334432,-0.1994,0.9994,657386.0,0.5363185281030693,False,True,True,False,2002_02_02
2002-02-10,2002-02-16,2002-02-02,14.0,0.8092179872701099,0.8320863227946569,0.1008437052334432,-0.1994,0.9994,657386.0,0.5363185281030693,False,True,True,False,2002_02_02
2002-02-17,2002-02-23,2002-02-18,5.0,0.804837690552531,0.8475700542279576,0.1675866292097708,-0.1992,0.9992,148215.0,0.12091898921302921,True,True,True,False,2002_02_18
2002-02-24,2002-03-02,2002-02-18,12.0,0.804837690552531,0.8475700542279576,0.1675866292097708,-0.1992,0.9992,148215.0,0.12091898921302921,True,True,True,False,2002_02_18
2002-03-03,2002-03-09,2002-03-06,3.0,0.8250010532728059,0.8632993386866255,0.1266245584640017,-0.2,0.9993,576440.0,0.4702799456327535,False,True,True,False,2002_03_06
2002-03-10,2002-03-16,2002-03-06,10.0,0.8250010532728059,0.8632993386866255,0.1266245584640017,-0.2,0.9993,576440.0,0.4702799456327535,False,True,True,False,2002_03_06
2002-03-17,2002-03-23,2002-03-22,1.0,0.8094225934402856,0.8555896582716747,0.1564064934929249,-0.2,0.9994,67628.0,0.05517329151906851,True,True,True,False,2002_03_22
2002-03-24,2002-03-30,2002-03-22,8.0,0.8094225934402856,0.8555896582716747,0.1564064934929249,-0.2,0.9994,67628.0,0.05517329151906851,True,True,True,False,2002_03_22
2002-03-31,2002-04-06,2002-03-22,15.0,0.8094225934402856,0.8555896582716747,0.1564064934929249,-0.2,0.9994,67628.0,0.05517329151906851,True,True,True,False,2002_03_22
2002-04-07,2002-04-13,2002-04-07,6.0,0.8236167885045164,0.8632771465880182,0.1418649846792339,-0.2,0.9995,449420.0,0.3666525799151205,False,True,True,False,2002_04_07
2002-04-14,2002-04-20,2002-04-07,13.0,0.8236167885045164,0.8632771465880182,0.1418649846792339,-0.2,0.9995,449420.0,0.3666525799151205,False,True,True,False,2002_04_07
2002-04-21,2002-04-27,2002-04-23,4.0,0.8216871435844312,0.8789792572839692,0.1604924099965942,-0.2,0.9994,249843.0,0.20383067180751516,False,True,True,False,2002_04_23
2002-04-28,2002-05-04,2002-04-23,11.0,0.8216871435844312,0.8789792572839692,0.1604924099965942,-0.2,0.9994,249843.0,0.20383067180751516,False,True,True,False,2002_04_23
2002-05-05,2002-05-11,2002-05-09,2.0,0.8174252569903292,0.8556172549742077,0.1231417211125079,-0.2,0.9993,464098.0,0.37862740650938453,False,True,True,False,2002_05_09
2002-05-12,2002-05-18,2002-05-09,9.0,0.8174252569903292,0.8556172549742077,0.1231417211125079,-0.2,0.9993,464098.0,0.37862740650938453,False,True,True,False,2002_05_09
2002-05-19,2002-05-25,2002-05-25,0.0,0.8226225474247838,0.8477671910158833,0.1053739872056959,-0.2,0.9993,868706.0,0.708720786987105,False,True,True,False,2002_05_25
2002-05-26,2002-06-01,2002-05-25,7.0,0.8226225474247838,0.8477671910158833,0.1053739872056959,-0.2,0.9993,868706.0,0.708720786987105,False,True,True,False,2002_05_25
2002-06-02,2002-06-08,2002-05-25,14.0,0.8226225474247838,0.8477671910158833,0.1053739872056959,-0.2,0.9993,868706.0,0.708720786987105,False,True,True,False,2002_05_25
2002-06-09,2002-06-15,2002-06-10,5.0,0.8203858032786302,0.8554191967204383,0.1134939762657956,-0.2,0.9994,710200.0,0.5794060394635722,False,True,True,False,2002_06_10
2002-06-16,2002-06-22,2002-06-10,12.0,0.8203858032786302,0.8554191967204383,0.1134939762657956,-0.2,0.9994,710200.0,0.5794060394635722,False,True,True,False,2002_06_10
2002-06-23,2002-06-29,2002-06-26,3.0,0.8044804908832792,0.8557203855739237,0.1393626201522715,-0.2,0.9994,332301.0,0.2711027968456554,False,True,True,False,2002_06_26
2002-06-30,2002-07-06,2002-06-26,10.0,0.8044804908832792,0.8557203855739237,0.1393626201522715,-0.2,0.9994,332301.0,0.2711027968456554,False,True,True,False,2002_06_26
2002-07-07,2002-07-13,2002-07-12,1.0,0.8302809626224676,0.8633429671441203,0.1121955268667577,-0.2,0.9994,788936.0,0.6436416265139858,False,True,True,False,2002_07_12
2002-07-14,2002-07-20,2002-07-12,8.0,0.8302809626224676,0.8633429671441203,0.1121955268667577,-0.2,0.9994,788936.0,0.6436416265139858,False,True,True,False,2002_07_12
2002-07-21,2002-07-27,2002-07-12,15.0,0.8302809626224676,0.8633429671441203,0.1121955268667577,-0.2,0.9994,788936.0,0.6436416265139858,False,True,True,False,2002_07_12
2002-07-28,2002-08-03,2002-07-28,6.0,0.839392110945876,0.8556490341245115,0.0969730422035261,-0.2,0.9987,1180295.0,0.9629260086576413,False,True,True,False,2002_07_28
2002-08-04,2002-08-10,2002-07-28,13.0,0.839392110945876,0.8556490341245115,0.0969730422035261,-0.2,0.9987,1180295.0,0.9629260086576413,False,True,True,False,2002_07_28
2002-08-11,2002-08-17,2002-08-13,4.0,0.8283714947405887,0.8477349368618956,0.0990377817793926,-0.2,0.9992,1114601.0,0.9093305420897451,False,True,True,False,2002_08_13
2002-08-18,2002-08-24,2002-08-13,11.0,0.8283714947405887,0.8477349368618956,0.0990377817793926,-0.2,0.9992,1114601.0,0.9093305420897451,False,True,True,False,2002_08_13
2002-08-25,2002-08-31,2002-08-29,2.0,0.8347846025041913,0.8475733426060861,0.0918943545650103,-0.2,0.9993,1187656.0,0.9689313703254693,False,True,True,False,2002_08_29
2002-09-01,2002-09-07,2002-08-29,9.0,0.8347846025041913,0.8475733426060861,0.0918943545650103,-0.2,0.9993,1187656.0,0.9689313703254693,False,True,True,False,2002_08_29
2002-09-08,2002-09-14,2002-09-14,0.0,0.8381375325974592,0.8476154175948344,0.0830595797179596,-0.2,0.9956,1219292.0,0.9947411273861135,False,True,True,False,2002_09_14
2002-09-15,2002-09-21,2002-09-14,7.0,0.8381375325974592,0.8476154175948344,0.0830595797179596,-0.2,0.9956,1219292.0,0.9947411273861135,False,True,True,False,2002_09_14
2002-09-22,2002-09-28,2002-09-14,14.0,0.8381375325974592,0.8476154175948344,0.0830595797179596,-0.2,0.9956,1219292.0,0.9947411273861135,False,True,True,False,2002_09_14
2002-09-29,2002-10-05,2002-09-30,5.0,0.8409845308376153,0.8553874883232506,0.0889507699390629,-0.2,0.9992,1189372.0,0.9703313432397461,False,True,True,False,2002_09_30
2002-10-06,2002-10-12,2002-09-30,12.0,0.8409845308376153,0.8553874883232506,0.0889507699390629,-0.2,0.9992,1189372.0,0.9703313432397461,False,True,True,False,2002_09_30
2002-10-13,2002-10-19,2002-10-16,3.0,0.821760245818981,0.8398868833955765,0.1133777824725946,-0.2,0.9995,369940.0,0.30181001160117416,False,True,True,False,2002_10_16
2002-10-20,2002-10-26,2002-10-16,10.0,0.821760245818981,0.8398868833955765,0.1133777824725946,-0.2,0.9995,369940.0,0.30181001160117416,False,True,True,False,2002_10_16
2002-10-27,2002-11-02,2002-11-01,1.0,0.8217154845990174,0.8399569300037214,0.1233388634010084,-0.2,0.9995,453779.0,0.37020880481799534,False,True,True,False,2002_11_01
2002-11-03,2002-11-09,2002-11-01,8.0,0.8217154845990174,0.8399569300037214,0.1233388634010084,-0.2,0.9995,453779.0,0.37020880481799534,False,True,True,False,2002_11_01
2002-11-10,2002-11-16,2002-11-01,15.0,0.8217154845990174,0.8399569300037214,0.1233388634010084,-0.2,0.9995,453779.0,0.37020880481799534,False,True,True,False,2002_11_01
2002-11-17,2002-11-23,2002-11-17,6.0,0.8288179577818835,0.8554535128598468,0.1271080949948496,-0.2,0.9995,735050.0,0.5996795399995758,False,True,True,False,2002_11_17
2002-11-24,2002-11-30,2002-11-17,13.0,0.8288179577818835,0.8554535128598468,0.1271080949948496,-0.2,0.9995,735050.0,0.5996795399995758,False,True,True,False,2002_11_17
2002-12-01,2002-12-07,2002-12-03,4.0,0.836023020590746,0.8555609878116879,0.1093207970933034,-0.2,0.9994,564275.0,0.46035531247297545,False,True,True,False,2002_12_03
2002-12-08,2002-12-14,2002-12-03,11.0,0.836023020590746,0.8555609878116879,0.1093207970933034,-0.2,0.9994,564275.0,0.46035531247297545,False,True,True,False,2002_12_03
2002-12-15,2002-12-21,2002-12-19,2.0,0.8230895123087426,0.8319480226129672,0.100773131237192,-0.2,0.9994,908134.0,0.7408875306142095,False,True,True,False,2002_12_19
2002-12-22,2002-12-28,2002-12-19,9.0,0.8230895123087426,0.8319480226129672,0.100773131237192,-0.2,0.9994,908134.0,0.7408875306142095,False,True,True,False,2002_12_19
2002-12-29,2003-01-04,2003-01-01,3.0,0.847718809387599,0.8710136114799487,0.1017310548273171,-0.2,0.9993,1082239.0,0.8829284887961375,False,True,True,False,2003_01_01
2003-01-05,2003-01-11,2003-01-01,10.0,0.847718809387599,0.8710136114799487,0.1017310548273171,-0.2,0.9993,1082239.0,0.8829284887961375,False,True,True,False,2003_01_01
2003-01-12,2003-01-18,2003-01-17,1.0,0.8430710699168861,0.863309211102604,0.0829565693031647,-0.2,0.9992,1104838.0,0.9013655446759422,False,True,True,False,2003_01_17
2003-01-19,2003-01-25,2003-01-17,8.0,0.8430710699168861,0.863309211102604,0.0829565693031647,-0.2,0.9992,1104838.0,0.9013655446759422,False,True,True,False,2003_01_17
2003-01-26,2003-02-01,2003-01-17,15.0,0.8430710699168861,0.863309211102604,0.0829565693031647,-0.2,0.9992,1104838.0,0.9013655446759422,False,True,True,False,2003_01_17
2003-02-02,2003-02-08,2003-02-02,6.0,0.8178038226270306,0.8399197773097214,0.1056964862283029,-0.2,0.9995,307706.0,0.25103733424271746,False,True,True,False,2003_02_02
2003-02-09,2003-02-15,2003-02-02,13.0,0.8178038226270306,0.8399197773097214,0.1056964862283029,-0.2,0.9995,307706.0,0.25103733424271746,False,True,True,False,2003_02_02
2003-02-16,2003-02-22,2003-02-18,4.0,0.8266482049237495,0.8632512412500876,0.1266578865677143,-0.1825,0.9992,298816.0,0.2437845608115274,False,True,True,False,2003_02_18
2003-02-23,2003-03-01,2003-02-18,11.0,0.8266482049237495,0.8632512412500876,0.1266578865677143,-0.1825,0.9992,298816.0,0.2437845608115274,False,True,True,False,2003_02_18
2003-03-02,2003-03-08,2003-03-06,2.0,0.797945864115105,0.8243084050744202,0.114454077027194,-0.1997,0.9991,633993.0,0.5172336992081505,False,True,True,False,2003_03_06
2003-03-09,2003-03-15,2003-03-06,9.0,0.797945864115105,0.8243084050744202,0.114454077027194,-0.1997,0.9991,633993.0,0.5172336992081505,False,True,True,False,2003_03_06
2003-03-16,2003-03-22,2003-03-22,0.0,0.8223139734391419,0.855539553565689,0.1182602294797239,-0.1996,0.9992,519208.0,0.4235880751025097,False,True,True,False,2003_03_22
2003-03-23,2003-03-29,2003-03-22,7.0,0.8223139734391419,0.855539553565689,0.1182602294797239,-0.1996,0.9992,519208.0,0.4235880751025097,False,True,True,False,2003_03_22
2003-03-30,2003-04-05,2003-03-22,14.0,0.8223139734391419,0.855539553565689,0.1182602294797239,-0.1996,0.9992,519208.0,0.4235880751025097,False,True,True,False,2003_03_22
2003-04-06,2003-04-12,2003-04-07,5.0,0.8221130823671869,0.8633190318903563,0.13415459881695,-0.2,0.9994,543750.0,0.44361029844877126,False,True,True,False,2003_04_07
2003-04-13,2003-04-19,2003-04-07,12.0,0.8221130823671869,0.8633190318903563,0.13415459881695,-0.2,0.9994,543750.0,0.44361029844877126,False,True,True,False,2003_04_07
2003-04-20,2003-04-26,2003-04-23,3.0,0.8150991529525409,0.8554716530664549,0.1338247569852954,-0.2,0.9994,455564.0,0.3716650703494548,False,True,True,False,2003_04_23
2003-04-27,2003-05-03,2003-04-23,10.0,0.8150991529525409,0.8554716530664549,0.1338247569852954,-0.2,0.9994,455564.0,0.3716650703494548,False,True,True,False,2003_04_23
2003-05-04,2003-05-10,2003-05-09,1.0,0.8025218850038397,0.8555483451878662,0.1635903132536871,-0.1995,0.9995,94624.0,0.07719757403294994,True,True,True,False,2003_05_09
2003-05-11,2003-05-17,2003-05-09,8.0,0.8025218850038397,0.8555483451878662,0.1635903132536871,-0.1995,0.9995,94624.0,0.07719757403294994,True,True,True,False,2003_05_09
2003-05-18,2003-05-24,2003-05-09,15.0,0.8025218850038397,0.8555483451878662,0.1635903132536871,-0.1995,0.9995,94624.0,0.07719757403294994,True,True,True,False,2003_05_09
2003-05-25,2003-05-31,2003-05-25,6.0,0.8169997473422624,0.8555639335747773,0.1154080867179999,-0.2,0.9994,673558.0,0.5495122122345885,False,True,True,False,2003_05_25
2003-06-01,2003-06-07,2003-05-25,13.0,0.8169997473422624,0.8555639335747773,0.1154080867179999,-0.2,0.9994,673558.0,0.5495122122345885,False,True,True,False,2003_05_25
2003-06-08,2003-06-14,2003-06-10,4.0,0.813901146724797,0.8477486234314704,0.1068019973166885,-0.2,0.9993,600738.0,0.4901031052312974,False,True,True,False,2003_06_10
2003-06-15,2003-06-21,2003-06-10,11.0,0.813901146724797,0.8477486234314704,0.1068019973166885,-0.2,0.9993,600738.0,0.4901031052312974,False,True,True,False,2003_06_10
2003-06-22,2003-06-28,2003-06-26,2.0,0.8188387080693593,0.8476900349122417,0.107145317227454,-0.2,0.9994,879283.0,0.7173498741166546,False,True,True,False,2003_06_26
2003-06-29,2003-07-05,2003-06-26,9.0,0.8188387080693593,0.8476900349122417,0.107145317227454,-0.2,0.9994,879283.0,0.7173498741166546,False,True,True,False,2003_06_26
2003-07-06,2003-07-12,2003-07-12,0.0,0.8228046523880457,0.8555681190220314,0.1081665995241478,-0.2,0.9994,809370.0,0.6603123995503117,False,True,True,False,2003_07_12
2003-07-13,2003-07-19,2003-07-12,7.0,0.8228046523880457,0.8555681190220314,0.1081665995241478,-0.2,0.9994,809370.0,0.6603123995503117,False,True,True,False,2003_07_12
2003-07-20,2003-07-26,2003-07-12,14.0,0.8228046523880457,0.8555681190220314,0.1081665995241478,-0.2,0.9994,809370.0,0.6603123995503117,False,True,True,False,2003_07_12
2003-07-27,2003-08-02,2003-07-28,5.0,0.8248488979256566,0.8556226074815964,0.1146753031593117,-0.2,0.9994,724254.0,0.5908717849980991,False,True,True,False,2003_07_28
2003-08-03,2003-08-09,2003-07-28,12.0,0.8248488979256566,0.8556226074815964,0.1146753031593117,-0.2,0.9994,724254.0,0.5908717849980991,False,True,True,False,2003_07_28
2003-08-10,2003-08-16,2003-08-13,3.0,0.8283734794407912,0.8398116532456473,0.0842830356546498,-0.2,0.9974,1173539.0,0.9574142271839496,False,True,True,False,2003_08_13
2003-08-17,2003-08-23,2003-08-13,10.0,0.8283734794407912,0.8398116532456473,0.0842830356546498,-0.2,0.9974,1173539.0,0.9574142271839496,False,True,True,False,2003_08_13
2003-08-24,2003-08-30,2003-08-29,1.0,0.8330127345149942,0.8555007079166668,0.0972276281102004,-0.2,0.9993,1179285.0,0.9621020152756952,False,True,True,False,2003_08_29
2003-08-31,2003-09-06,2003-08-29,8.0,0.8330127345149942,0.8555007079166668,0.0972276281102004,-0.2,0.9993,1179285.0,0.9621020152756952,False,True,True,False,2003_08_29
2003-09-07,2003-09-13,2003-08-29,15.0,0.8330127345149942,0.8555007079166668,0.0972276281102004,-0.2,0.9993,1179285.0,0.9621020152756952,False,True,True,False,2003_08_29
2003-09-14,2003-09-20,2003-09-14,6.0,0.8216061123410174,0.8319287202662048,0.0956382595388622,-0.2,0.9984,1128146.0,0.9203810275931724,False,True,True,False,2003_09_14
2003-09-21,2003-09-27,2003-09-14,13.0,0.8216061123410174,0.8319287202662048,0.0956382595388622,-0.2,0.9984,1128146.0,0.9203810275931724,False,True,True,False,2003_09_14
2003-09-28,2003-10-04,2003-09-30,4.0,0.82888922990533,0.8478235441158647,0.098308198796883,-0.2,0.9994,861867.0,0.7031412912057878,False,True,True,False,2003_09_30
2003-10-05,2003-10-11,2003-09-30,11.0,0.82888922990533,0.8478235441158647,0.098308198796883,-0.2,0.9994,861867.0,0.7031412912057878,False,True,True,False,2003_09_30
2003-10-12,2003-10-18,2003-10-16,2.0,0.8369382805858724,0.8633531547070458,0.1119575898241642,-0.2,0.9994,976832.0,0.7969337656171221,False,True,True,False,2003_10_16
2003-10-19,2003-10-25,2003-10-16,9.0,0.8369382805858724,0.8633531547070458,0.1119575898241642,-0.2,0.9994,976832.0,0.7969337656171221,False,True,True,False,2003_10_16
2003-10-26,2003-11-01,2003-11-01,0.0,0.8251448004253386,0.8553573327524031,0.1196695980501386,-0.2,0.9995,907488.0,0.7403605011837766,False,True,True,False,2003_11_01
2003-11-02,2003-11-08,2003-11-01,7.0,0.8251448004253386,0.8553573327524031,0.1196695980501386,-0.2,0.9995,907488.0,0.7403605011837766,False,True,True,False,2003_11_01
2003-11-09,2003-11-15,2003-11-01,14.0,0.8251448004253386,0.8553573327524031,0.1196695980501386,-0.2,0.9995,907488.0,0.7403605011837766,False,True,True,False,2003_11_01
2003-11-16,2003-11-22,2003-11-17,5.0,0.8339372237557418,0.8477091732866332,0.0994819607839548,-0.2,0.9994,1054626.0,0.8604008360677404,False,True,True,False,2003_11_17
2003-11-23,2003-11-29,2003-11-17,12.0,0.8339372237557418,0.8477091732866332,0.0994819607839548,-0.2,0.9994,1054626.0,0.8604008360677404,False,True,True,False,2003_11_17
2003-11-30,2003-12-06,2003-12-03,3.0,0.8270447829181483,0.8554222403373847,0.1258201660802455,-0.2,0.9995,612321.0,0.4995529224026668,False,True,True,False,2003_12_03
2003-12-07,2003-12-13,2003-12-03,10.0,0.8270447829181483,0.8554222403373847,0.1258201660802455,-0.2,0.9995,612321.0,0.4995529224026668,False,True,True,False,2003_12_03
2003-12-14,2003-12-20,2003-12-19,1.0,0.8454293344413556,0.8789967745185483,0.1208083611515967,-0.2,0.9992,541643.0,0.44189133403712705,False,True,True,False,2003_12_19
2003-12-21,2003-12-27,2003-12-19,8.0,0.8454293344413556,0.8789967745185483,0.1208083611515967,-0.2,0.9992,541643.0,0.44189133403712705,False,True,True,False,2003_12_19
2003-12-28,2004-01-03,2004-01-01,2.0,0.8277608698572259,0.8477130443617087,0.0962023700050042,-0.2,0.9992,286314.0,0.2335849912460901,False,True,True,False,2004_01_01
2004-01-04,2004-01-10,2004-01-01,9.0,0.8277608698572259,0.8477130443617087,0.0962023700050042,-0.2,0.9992,286314.0,0.2335849912460901,False,True,True,False,2004_01_01
2004-01-11,2004-01-17,2004-01-17,0.0,0.8478807755093605,0.8633523122043334,0.0970877786739353,-0.1994,0.9992,1200321.0,0.9792639210010622,False,True,True,False,2004_01_17
2004-01-18,2004-01-24,2004-01-17,7.0,0.8478807755093605,0.8633523122043334,0.0970877786739353,-0.1994,0.9992,1200321.0,0.9792639210010622,False,True,True,False,2004_01_17
2004-01-25,2004-01-31,2004-01-17,14.0,0.8478807755093605,0.8633523122043334,0.0970877786739353,-0.1994,0.9992,1200321.0,0.9792639210010622,False,True,True,False,2004_01_17
2004-02-01,2004-02-07,2004-02-02,5.0,0.8470634702775954,0.8711575262043636,0.0998837184818734,-0.1806,0.9993,805159.0,0.6568769182321181,False,True,True,False,2004_02_02
2004-02-08,2004-02-14,2004-02-02,12.0,0.8470634702775954,0.8711575262043636,0.0998837184818734,-0.1806,0.9993,805159.0,0.6568769182321181,False,True,True,False,2004_02_02
2004-02-15,2004-02-21,2004-02-18,3.0,0.8258562477109938,0.8474897177265353,0.1085712615346064,-0.2,0.9994,563690.0,0.45987804897947193,False,True,True,False,2004_02_18
2004-02-22,2004-02-28,2004-02-18,10.0,0.8258562477109938,0.8474897177265353,0.1085712615346064,-0.2,0.9994,563690.0,0.45987804897947193,False,True,True,False,2004_02_18
2004-02-29,2004-03-06,2004-03-05,1.0,0.8135308774267891,0.8319174254201857,0.1247951808459455,-0.2,0.9995,464039.0,0.37857927224251836,False,True,True,False,2004_03_05
2004-03-07,2004-03-13,2004-03-05,8.0,0.8135308774267891,0.8319174254201857,0.1247951808459455,-0.2,0.9995,464039.0,0.37857927224251836,False,True,True,False,2004_03_05
2004-03-14,2004-03-20,2004-03-05,15.0,0.8135308774267891,0.8319174254201857,0.1247951808459455,-0.2,0.9995,464039.0,0.37857927224251836,False,True,True,False,2004_03_05
2004-03-21,2004-03-27,2004-03-21,6.0,0.8030202446407148,0.8398961053159667,0.1467586107683067,-0.2,0.9995,289554.0,0.23622829674857107,False,True,True,False,2004_03_21
2004-03-28,2004-04-03,2004-03-21,13.0,0.8030202446407148,0.8398961053159667,0.1467586107683067,-0.2,0.9995,289554.0,0.23622829674857107,False,True,True,False,2004_03_21
2004-04-04,2004-04-10,2004-04-06,4.0,0.8153980546541622,0.8477664897988805,0.1285444728780986,-0.1987,0.9994,376992.0,0.30756328024422835,False,True,True,False,2004_04_06
2004-04-11,2004-04-17,2004-04-06,11.0,0.8153980546541622,0.8477664897988805,0.1285444728780986,-0.1987,0.9994,376992.0,0.30756328024422835,False,True,True,False,2004_04_06
2004-04-18,2004-04-24,2004-04-22,2.0,0.813727248154871,0.8555812719571534,0.13937020400559,-0.2,0.9995,364418.0,0.2973049705565137,False,True,True,False,2004_04_22
2004-04-25,2004-05-01,2004-04-22,9.0,0.813727248154871,0.8555812719571534,0.13937020400559,-0.2,0.9995,364418.0,0.2973049705565137,False,True,True,False,2004_04_22
2004-05-02,2004-05-08,2004-05-08,0.0,0.8114228095456014,0.84777245428322,0.1243397200716586,-0.2,0.9994,685058.0,0.5588943150983327,False,True,True,False,2004_05_08
2004-05-09,2004-05-15,2004-05-08,7.0,0.8114228095456014,0.84777245428322,0.1243397200716586,-0.2,0.9994,685058.0,0.5588943150983327,False,True,True,False,2004_05_08
2004-05-16,2004-05-22,2004-05-08,14.0,0.8114228095456014,0.84777245428322,0.1243397200716586,-0.2,0.9994,685058.0,0.5588943150983327,False,True,True,False,2004_05_08
2004-05-23,2004-05-29,2004-05-24,5.0,0.8096279966864998,0.8399140053307902,0.1178378110627757,-0.2,0.9994,395058.0,0.3223021559256546,False,True,True,False,2004_05_24
2004-05-30,2004-06-05,2004-05-24,12.0,0.8096279966864998,0.8399140053307902,0.1178378110627757,-0.2,0.9994,395058.0,0.3223021559256546,False,True,True,False,2004_05_24
2004-06-06,2004-06-12,2004-06-09,3.0,0.8123891229765485,0.8477331879882042,0.1164659588306149,-0.2,0.9994,694172.0,0.5663298355766078,False,True,True,False,2004_06_09
2004-06-13,2004-06-19,2004-06-09,10.0,0.8123891229765485,0.8477331879882042,0.1164659588306149,-0.2,0.9994,694172.0,0.5663298355766078,False,True,True,False,2004_06_09
2004-06-20,2004-06-26,2004-06-25,1.0,0.8200893819556696,0.8632925536913423,0.121408747929012,-0.2,0.9993,772085.0,0.62989399039599,False,True,True,False,2004_06_25
2004-06-27,2004-07-03,2004-06-25,8.0,0.8200893819556696,0.8632925536913423,0.121408747929012,-0.2,0.9993,772085.0,0.62989399039599,False,True,True,False,2004_06_25
2004-07-04,2004-07-10,2004-06-25,15.0,0.8200893819556696,0.8632925536913423,0.121408747929012,-0.2,0.9993,772085.0,0.62989399039599,False,True,True,False,2004_06_25
2004-07-11,2004-07-17,2004-07-11,6.0,0.7828926885160672,0.8320902728317305,0.1495738876739779,-0.2,0.9993,352485.0,0.2875696111240738,False,True,True,False,2004_07_11
2004-07-18,2004-07-24,2004-07-11,13.0,0.7828926885160672,0.8320902728317305,0.1495738876739779,-0.2,0.9993,352485.0,0.2875696111240738,False,True,True,False,2004_07_11
2004-07-25,2004-07-31,2004-07-27,4.0,0.8277288655334124,0.8477201822920333,0.0883646517211238,-0.2,0.9969,1214074.0,0.9904841001910686,False,True,True,False,2004_07_27
2004-08-01,2004-08-07,2004-07-27,11.0,0.8277288655334124,0.8477201822920333,0.0883646517211238,-0.2,0.9969,1214074.0,0.9904841001910686,False,True,True,False,2004_07_27
2004-08-08,2004-08-14,2004-08-12,2.0,0.8068919689452964,0.8320763004381756,0.1057145718833794,-0.2,0.9991,1020302.0,0.8323981144420749,False,True,True,False,2004_08_12
2004-08-15,2004-08-21,2004-08-12,9.0,0.8068919689452964,0.8320763004381756,0.1057145718833794,-0.2,0.9991,1020302.0,0.8323981144420749,False,True,True,False,2004_08_12
2004-08-22,2004-08-28,2004-08-28,0.0,0.7976792395466349,0.8321633104175705,0.1289438287171038,-0.2,0.9994,362639.0,0.2958536000352441,False,True,True,False,2004_08_28
2004-08-29,2004-09-04,2004-08-28,7.0,0.7976792395466349,0.8321633104175705,0.1289438287171038,-0.2,0.9994,362639.0,0.2958536000352441,False,True,True,False,2004_08_28
2004-09-05,2004-09-11,2004-08-28,14.0,0.7976792395466349,0.8321633104175705,0.1289438287171038,-0.2,0.9994,362639.0,0.2958536000352441,False,True,True,False,2004_08_28
2004-09-12,2004-09-18,2004-09-13,5.0,0.8245844344781275,0.8399564226299168,0.0923512198602448,-0.2,0.999,1157805.0,0.9445778787962844,False,True,True,False,2004_09_13
2004-09-19,2004-09-25,2004-09-13,12.0,0.8245844344781275,0.8399564226299168,0.0923512198602448,-0.2,0.999,1157805.0,0.9445778787962844,False,True,True,False,2004_09_13
2004-09-26,2004-10-02,2004-09-29,3.0,0.8240945302787077,0.8478694594196015,0.1045871582314308,-0.2,0.9992,760591.0,0.6205167825424357,False,True,True,False,2004_09_29
2004-10-03,2004-10-09,2004-09-29,10.0,0.8240945302787077,0.8478694594196015,0.1045871582314308,-0.2,0.9992,760591.0,0.6205167825424357,False,True,True,False,2004_09_29
2004-10-10,2004-10-16,2004-10-15,1.0,0.811511502695385,0.8244185348208791,0.0984529530922513,-0.2,0.9994,907112.0,0.7400537472118838,False,True,True,False,2004_10_15
2004-10-17,2004-10-23,2004-10-15,8.0,0.811511502695385,0.8244185348208791,0.0984529530922513,-0.2,0.9994,907112.0,0.7400537472118838,False,True,True,False,2004_10_15
2004-10-24,2004-10-30,2004-10-15,15.0,0.811511502695385,0.8244185348208791,0.0984529530922513,-0.2,0.9994,907112.0,0.7400537472118838,False,True,True,False,2004_10_15
2004-10-31,2004-11-06,2004-10-31,6.0,0.8180566106357152,0.8477375598628821,0.129730511904558,-0.1997,0.9995,700338.0,0.5713602743816378,False,True,True,False,2004_10_31
2004-11-07,2004-11-13,2004-10-31,13.0,0.8180566106357152,0.8477375598628821,0.129730511904558,-0.1997,0.9995,700338.0,0.5713602743816378,False,True,True,False,2004_10_31
2004-11-14,2004-11-20,2004-11-16,4.0,0.8168782518057744,0.8399009134271825,0.1082033814445833,-0.1997,0.9995,847096.0,0.6910905919535822,False,True,True,False,2004_11_16
2004-11-21,2004-11-27,2004-11-16,11.0,0.8168782518057744,0.8399009134271825,0.1082033814445833,-0.1997,0.9995,847096.0,0.6910905919535822,False,True,True,False,2004_11_16
2004-11-28,2004-12-04,2004-12-02,2.0,0.8396796146169007,0.8708350662191006,0.1191177763621881,-0.2,0.9994,632941.0,0.5163754407548758,False,True,True,False,2004_12_02
2004-12-05,2004-12-11,2004-12-02,9.0,0.8396796146169007,0.8708350662191006,0.1191177763621881,-0.2,0.9994,632941.0,0.5163754407548758,False,True,True,False,2004_12_02
2004-12-12,2004-12-18,2004-12-18,0.0,0.8246411657666922,0.8398098413657589,0.0961793795946816,-0.2,0.9996,522672.0,0.4264141276520757,False,True,True,False,2004_12_18
2004-12-19,2004-12-25,2004-12-18,7.0,0.8246411657666922,0.8398098413657589,0.0961793795946816,-0.2,0.9996,522672.0,0.4264141276520757,False,True,True,False,2004_12_18
2004-12-26,2005-01-01,2005-01-01,0.0,0.8524955140671782,0.8789883459407704,0.1053044651750678,-0.2,0.9993,1052165.0,0.8583930660548992,False,True,True,False,2005_01_01
2005-01-02,2005-01-08,2005-01-01,7.0,0.8524955140671782,0.8789883459407704,0.1053044651750678,-0.2,0.9993,1052165.0,0.8583930660548992,False,True,True,False,2005_01_01
2005-01-09,2005-01-15,2005-01-01,14.0,0.8524955140671782,0.8789883459407704,0.1053044651750678,-0.2,0.9993,1052165.0,0.8583930660548992,False,True,True,False,2005_01_01
2005-01-16,2005-01-22,2005-01-17,5.0,0.8280458824254475,0.8397501528069891,0.1029285915886496,-0.1998,0.9991,1047781.0,0.8548164452762336,False,True,True,False,2005_01_17
2005-01-23,2005-01-29,2005-01-17,12.0,0.8280458824254475,0.8397501528069891,0.1029285915886496,-0.1998,0.9991,1047781.0,0.8548164452762336,False,True,True,False,2005_01_17
2005-01-30,2005-02-05,2005-02-02,3.0,0.8381609816471614,0.8633592527547849,0.1104629826801799,-0.2,0.9993,921935.0,0.7521468698857341,False,True,True,False,2005_02_02
2005-02-06,2005-02-12,2005-02-02,10.0,0.8381609816471614,0.8633592527547849,0.1104629826801799,-0.2,0.9993,921935.0,0.7521468698857341,False,True,True,False,2005_02_02
2005-02-13,2005-02-19,2005-02-18,1.0,0.8234670527468116,0.8398130478120319,0.0794479755288864,-0.1884,0.9992,262765.0,0.21437289208623703,False,True,True,False,2005_02_18
2005-02-20,2005-02-26,2005-02-18,8.0,0.8234670527468116,0.8398130478120319,0.0794479755288864,-0.1884,0.9992,262765.0,0.21437289208623703,False,True,True,False,2005_02_18
2005-02-27,2005-03-05,2005-02-18,15.0,0.8234670527468116,0.8398130478120319,0.0794479755288864,-0.1884,0.9992,262765.0,0.21437289208623703,False,True,True,False,2005_02_18
2005-03-06,2005-03-12,2005-03-06,6.0,0.8377664627103698,0.8632228124474299,0.1012290799139905,-0.2,0.9993,307805.0,0.2511181019108488,False,True,True,False,2005_03_06
2005-03-13,2005-03-19,2005-03-06,13.0,0.8377664627103698,0.8632228124474299,0.1012290799139905,-0.2,0.9993,307805.0,0.2511181019108488,False,True,True,False,2005_03_06
2005-03-20,2005-03-26,2005-03-22,4.0,0.8115718845473426,0.83195372109546,0.1056792279342035,-0.2,0.9994,221132.0,0.1804072322143884,False,True,True,False,2005_03_22
2005-03-27,2005-04-02,2005-03-22,11.0,0.8115718845473426,0.83195372109546,0.1056792279342035,-0.2,0.9994,221132.0,0.1804072322143884,False,True,True,False,2005_03_22
2005-04-03,2005-04-09,2005-04-07,2.0,0.8065141010507403,0.8320645771471739,0.1188274077223944,-0.1989,0.9994,214551.0,0.17503822187123186,True,True,True,False,2005_04_07
2005-04-10,2005-04-16,2005-04-07,9.0,0.8065141010507403,0.8320645771471739,0.1188274077223944,-0.1989,0.9994,214551.0,0.17503822187123186,True,True,True,False,2005_04_07
2005-04-17,2005-04-23,2005-04-23,0.0,0.8113185284362655,0.8553602540456574,0.1546750225597717,-0.2,0.9994,474232.0,0.3868950787199222,False,True,True,False,2005_04_23
2005-04-24,2005-04-30,2005-04-23,7.0,0.8113185284362655,0.8553602540456574,0.1546750225597717,-0.2,0.9994,474232.0,0.3868950787199222,False,True,True,False,2005_04_23
2005-05-01,2005-05-07,2005-04-23,14.0,0.8113185284362655,0.8553602540456574,0.1546750225597717,-0.2,0.9994,474232.0,0.3868950787199222,False,True,True,False,2005_04_23
2005-05-08,2005-05-14,2005-05-09,5.0,0.8254553548483242,0.847786470550967,0.1001848996607404,-0.2,0.9993,792796.0,0.6467907497360774,False,True,True,False,2005_05_09
2005-05-15,2005-05-21,2005-05-09,12.0,0.8254553548483242,0.847786470550967,0.1001848996607404,-0.2,0.9993,792796.0,0.6467907497360774,False,True,True,False,2005_05_09
2005-05-22,2005-05-28,2005-05-25,3.0,0.7981707452323246,0.8242663168785265,0.1125988439127798,-0.1998,0.9994,244767.0,0.19968949318696166,False,True,True,False,2005_05_25
2005-05-29,2005-06-04,2005-05-25,10.0,0.7981707452323246,0.8242663168785265,0.1125988439127798,-0.1998,0.9994,244767.0,0.19968949318696166,False,True,True,False,2005_05_25
2005-06-05,2005-06-11,2005-06-10,1.0,0.8390194099848644,0.8555492529878516,0.0850692952838912,-0.2,0.9993,1086287.0,0.8862309890041754,False,True,True,False,2005_06_10
2005-06-12,2005-06-18,2005-06-10,8.0,0.8390194099848644,0.8555492529878516,0.0850692952838912,-0.2,0.9993,1086287.0,0.8862309890041754,False,True,True,False,2005_06_10
2005-06-19,2005-06-25,2005-06-10,15.0,0.8390194099848644,0.8555492529878516,0.0850692952838912,-0.2,0.9993,1086287.0,0.8862309890041754,False,True,True,False,2005_06_10
2005-06-26,2005-07-02,2005-06-26,6.0,0.8457101841576599,0.8633296432852825,0.0870993141542369,-0.2,0.9987,1196273.0,0.9759614207930243,False,True,True,False,2005_06_26
2005-07-03,2005-07-09,2005-06-26,13.0,0.8457101841576599,0.8633296432852825,0.0870993141542369,-0.2,0.9987,1196273.0,0.9759614207930243,False,True,True,False,2005_06_26
2005-07-10,2005-07-16,2005-07-12,4.0,0.8308973885330948,0.8399521513085128,0.0823041196394738,-0.2,0.9994,1186853.0,0.9682762547950704,False,True,True,False,2005_07_12
2005-07-17,2005-07-23,2005-07-12,11.0,0.8308973885330948,0.8399521513085128,0.0823041196394738,-0.2,0.9994,1186853.0,0.9682762547950704,False,True,True,False,2005_07_12
2005-07-24,2005-07-30,2005-07-28,2.0,0.8444435080019922,0.8554365245260747,0.091689862821344,-0.2,0.9994,1220640.0,0.9958408730087507,False,True,True,False,2005_07_28
2005-07-31,2005-08-06,2005-07-28,9.0,0.8444435080019922,0.8554365245260747,0.091689862821344,-0.2,0.9994,1220640.0,0.9958408730087507,False,True,True,False,2005_07_28
2005-08-07,2005-08-13,2005-08-13,0.0,0.8318226824535839,0.8476387617976501,0.0912509521994248,-0.2,0.9989,1194481.0,0.9744994444163435,False,True,True,False,2005_08_13
2005-08-14,2005-08-20,2005-08-13,7.0,0.8318226824535839,0.8476387617976501,0.0912509521994248,-0.2,0.9989,1194481.0,0.9744994444163435,False,True,True,False,2005_08_13
2005-08-21,2005-08-27,2005-08-13,14.0,0.8318226824535839,0.8476387617976501,0.0912509521994248,-0.2,0.9989,1194481.0,0.9744994444163435,False,True,True,False,2005_08_13
2005-08-28,2005-09-03,2005-08-29,5.0,0.8348705736047786,0.8475687480065648,0.0837045121750857,-0.2,0.9984,1216380.0,0.9923654157740072,False,True,True,False,2005_08_29
2005-09-04,2005-09-10,2005-08-29,12.0,0.8348705736047786,0.8475687480065648,0.0837045121750857,-0.2,0.9984,1216380.0,0.9923654157740072,False,True,True,False,2005_08_29
2005-09-11,2005-09-17,2005-09-14,3.0,0.8254397371484516,0.8397142048273338,0.0839244734910549,-0.2,0.9979,1206064.0,0.9839492615877129,False,True,True,False,2005_09_14
2005-09-18,2005-09-24,2005-09-14,10.0,0.8254397371484516,0.8397142048273338,0.0839244734910549,-0.2,0.9979,1206064.0,0.9839492615877129,False,True,True,False,2005_09_14
2005-09-25,2005-10-01,2005-09-30,1.0,0.8284854093241673,0.8397770178026008,0.0916236749723467,-0.2,0.9992,1182388.0,0.9646335513788428,False,True,True,False,2005_09_30
2005-10-02,2005-10-08,2005-09-30,8.0,0.8284854093241673,0.8397770178026008,0.0916236749723467,-0.2,0.9992,1182388.0,0.9646335513788428,False,True,True,False,2005_09_30
2005-10-09,2005-10-15,2005-09-30,15.0,0.8284854093241673,0.8397770178026008,0.0916236749723467,-0.2,0.9992,1182388.0,0.9646335513788428,False,True,True,False,2005_09_30
2005-10-16,2005-10-22,2005-10-16,6.0,0.8369072616292452,0.8551221086057357,0.1048002923172874,-0.2,0.9992,1002285.0,0.8176992146771985,False,True,True,False,2005_10_16
2005-10-23,2005-10-29,2005-10-16,13.0,0.8369072616292452,0.8551221086057357,0.1048002923172874,-0.2,0.9992,1002285.0,0.8176992146771985,False,True,True,False,2005_10_16
2005-10-30,2005-11-05,2005-11-01,4.0,0.818728738562597,0.8397684343393927,0.117843120544062,-0.2,0.9995,785552.0,0.6408808407669502,False,True,True,False,2005_11_01
2005-11-06,2005-11-12,2005-11-01,11.0,0.818728738562597,0.8397684343393927,0.117843120544062,-0.2,0.9995,785552.0,0.6408808407669502,False,True,True,False,2005_11_01
2005-11-13,2005-11-19,2005-11-17,2.0,0.8295788637016375,0.847746724962859,0.1030848238764129,-0.1995,0.9994,993767.0,0.8107499318777749,False,True,True,False,2005_11_17
2005-11-20,2005-11-26,2005-11-17,9.0,0.8295788637016375,0.847746724962859,0.1030848238764129,-0.1995,0.9994,993767.0,0.8107499318777749,False,True,True,False,2005_11_17
2005-11-27,2005-12-03,2005-12-03,0.0,0.8354460129249358,0.8633712378705125,0.115713676415774,-0.1998,0.9995,567758.0,0.4631968658881425,False,True,True,False,2005_12_03
2005-12-04,2005-12-10,2005-12-03,7.0,0.8354460129249358,0.8633712378705125,0.115713676415774,-0.1998,0.9995,567758.0,0.4631968658881425,False,True,True,False,2005_12_03
2005-12-11,2005-12-17,2005-12-03,14.0,0.8354460129249358,0.8633712378705125,0.115713676415774,-0.1998,0.9995,567758.0,0.4631968658881425,False,True,True,False,2005_12_03
2005-12-18,2005-12-24,2005-12-19,5.0,0.8437726432701016,0.8555361302570232,0.0965954851519978,-0.2,0.9984,1220788.0,0.9959616165934319,False,True,True,False,2005_12_19
2005-12-25,2005-12-31,2005-12-19,12.0,0.8437726432701016,0.8555361302570232,0.0965954851519978,-0.2,0.9984,1220788.0,0.9959616165934319,False,True,True,False,2005_12_19
2006-01-01,2006-01-07,2006-01-01,6.0,0.8540462854175166,0.8710879039193928,0.0977457950963979,-0.2,0.9979,1209557.0,0.9867989733531962,False,True,True,False,2006_01_01
2006-01-08,2006-01-14,2006-01-01,13.0,0.8540462854175166,0.8710879039193928,0.0977457950963979,-0.2,0.9979,1209557.0,0.9867989733531962,False,True,True,False,2006_01_01
2006-01-15,2006-01-21,2006-01-17,4.0,0.8211219172849021,0.8398455907028686,0.1044922622561842,-0.1998,0.9994,745295.0,0.6080377698986243,False,True,True,False,2006_01_17
2006-01-22,2006-01-28,2006-01-17,11.0,0.8211219172849021,0.8398455907028686,0.1044922622561842,-0.1998,0.9994,745295.0,0.6080377698986243,False,True,True,False,2006_01_17
2006-01-29,2006-02-04,2006-02-02,2.0,0.8364105191773253,0.8555246025233921,0.0968097143175615,-0.2,0.9992,877033.0,0.7155142452954872,False,True,True,False,2006_02_02
2006-02-05,2006-02-11,2006-02-02,9.0,0.8364105191773253,0.8555246025233921,0.0968097143175615,-0.2,0.9992,877033.0,0.7155142452954872,False,True,True,False,2006_02_02
2006-02-12,2006-02-18,2006-02-18,0.0,0.8207733168179256,0.8400264939532694,0.1040066227521904,-0.2,0.9993,646758.0,0.5276478333869065,False,True,True,False,2006_02_18
2006-02-19,2006-02-25,2006-02-18,7.0,0.8207733168179256,0.8400264939532694,0.1040066227521904,-0.2,0.9993,646758.0,0.5276478333869065,False,True,True,False,2006_02_18
2006-02-26,2006-03-04,2006-02-18,14.0,0.8207733168179256,0.8400264939532694,0.1040066227521904,-0.2,0.9993,646758.0,0.5276478333869065,False,True,True,False,2006_02_18
2006-03-05,2006-03-11,2006-03-06,5.0,0.7944604353527023,0.8164693469768117,0.1087526794290331,-0.1998,0.9993,376104.0,0.306838818736141,False,True,True,False,2006_03_06
2006-03-12,2006-03-18,2006-03-06,12.0,0.7944604353527023,0.8164693469768117,0.1087526794290331,-0.1998,0.9993,376104.0,0.306838818736141,False,True,True,False,2006_03_06
2006-03-19,2006-03-25,2006-03-22,3.0,0.812354395898467,0.8398786483463582,0.1238649724334213,-0.2,0.9994,621113.0,0.5067257440007571,False,True,True,False,2006_03_22
2006-03-26,2006-04-01,2006-03-22,10.0,0.812354395898467,0.8398786483463582,0.1238649724334213,-0.2,0.9994,621113.0,0.5067257440007571,False,True,True,False,2006_03_22
2006-04-02,2006-04-08,2006-04-07,1.0,0.8227225798992615,0.8476875680575368,0.115596272080237,-0.2,0.9993,939546.0,0.7665145406277687,False,True,True,False,2006_04_07
2006-04-09,2006-04-15,2006-04-07,8.0,0.8227225798992615,0.8476875680575368,0.115596272080237,-0.2,0.9993,939546.0,0.7665145406277687,False,True,True,False,2006_04_07
2006-04-16,2006-04-22,2006-04-07,15.0,0.8227225798992615,0.8476875680575368,0.115596272080237,-0.2,0.9993,939546.0,0.7665145406277687,False,True,True,False,2006_04_07
2006-04-23,2006-04-29,2006-04-23,6.0,0.816681920750726,0.847784884511911,0.1170821671700322,-0.2,0.9992,558177.0,0.45538035045009617,False,True,True,False,2006_04_23
2006-04-30,2006-05-06,2006-04-23,13.0,0.816681920750726,0.847784884511911,0.1170821671700322,-0.2,0.9992,558177.0,0.45538035045009617,False,True,True,False,2006_04_23
2006-05-07,2006-05-13,2006-05-09,4.0,0.8353658557705949,0.8555587811590903,0.0928698329238308,-0.2,0.9994,1054303.0,0.860137321352524,False,True,True,False,2006_05_09
2006-05-14,2006-05-20,2006-05-09,11.0,0.8353658557705949,0.8555587811590903,0.0928698329238308,-0.2,0.9994,1054303.0,0.860137321352524,False,True,True,False,2006_05_09
2006-05-21,2006-05-27,2006-05-25,2.0,0.8204255981336164,0.847935100676674,0.1064213609884076,-0.1997,0.9994,722095.0,0.5891103971648101,False,True,True,False,2006_05_25
2006-05-28,2006-06-03,2006-05-25,9.0,0.8204255981336164,0.847935100676674,0.1064213609884076,-0.1997,0.9994,722095.0,0.5891103971648101,False,True,True,False,2006_05_25
2006-06-04,2006-06-10,2006-06-10,0.0,0.8116002917303727,0.8397889751778568,0.1272942639269801,-0.2,0.9995,671457.0,0.547798142833134,False,True,True,False,2006_06_10
2006-06-11,2006-06-17,2006-06-10,7.0,0.8116002917303727,0.8397889751778568,0.1272942639269801,-0.2,0.9995,671457.0,0.547798142833134,False,True,True,False,2006_06_10
2006-06-18,2006-06-24,2006-06-10,14.0,0.8116002917303727,0.8397889751778568,0.1272942639269801,-0.2,0.9995,671457.0,0.547798142833134,False,True,True,False,2006_06_10
2006-06-25,2006-07-01,2006-06-26,5.0,0.8137842182776028,0.8319959832322126,0.0982392796981626,-0.2,0.9995,720651.0,0.5879323313791365,False,True,True,False,2006_06_26
2006-07-02,2006-07-08,2006-06-26,12.0,0.8137842182776028,0.8319959832322126,0.0982392796981626,-0.2,0.9995,720651.0,0.5879323313791365,False,True,True,False,2006_06_26
2006-07-09,2006-07-15,2006-07-12,3.0,0.823154343152663,0.8399064896727038,0.082861569921347,-0.2,0.9994,1132058.0,0.9235725742369087,False,True,True,False,2006_07_12
2006-07-16,2006-07-22,2006-07-12,10.0,0.823154343152663,0.8399064896727038,0.082861569921347,-0.2,0.9994,1132058.0,0.9235725742369087,False,True,True,False,2006_07_12
2006-07-23,2006-07-29,2006-07-28,1.0,0.8294120994886575,0.8398080771349388,0.0866925754834005,-0.2,0.9943,1219582.0,0.9949777195452861,False,True,True,False,2006_07_28
2006-07-30,2006-08-05,2006-07-28,8.0,0.8294120994886575,0.8398080771349388,0.0866925754834005,-0.2,0.9943,1219582.0,0.9949777195452861,False,True,True,False,2006_07_28
2006-08-06,2006-08-12,2006-07-28,15.0,0.8294120994886575,0.8398080771349388,0.0866925754834005,-0.2,0.9943,1219582.0,0.9949777195452861,False,True,True,False,2006_07_28
2006-08-13,2006-08-19,2006-08-13,6.0,0.8304572454961029,0.8476088615831008,0.0893980761684,-0.2,0.9994,1167114.0,0.9521724871057273,False,True,True,False,2006_08_13
2006-08-20,2006-08-26,2006-08-13,13.0,0.8304572454961029,0.8476088615831008,0.0893980761684,-0.2,0.9994,1167114.0,0.9521724871057273,False,True,True,False,2006_08_13
2006-08-27,2006-09-02,2006-08-29,4.0,0.826098656731903,0.8398540818548965,0.0847197082609524,-0.2,0.9961,1219575.0,0.9949720087000647,False,True,True,False,2006_08_29
2006-09-03,2006-09-09,2006-08-29,11.0,0.826098656731903,0.8398540818548965,0.0847197082609524,-0.2,0.9961,1219575.0,0.9949720087000647,False,True,True,False,2006_08_29
2006-09-10,2006-09-16,2006-09-14,2.0,0.8299482172248731,0.8396944586690969,0.0824133926717195,-0.2,0.9984,1222961.0,0.9977344261171637,False,True,True,False,2006_09_14
2006-09-17,2006-09-23,2006-09-14,9.0,0.8299482172248731,0.8396944586690969,0.0824133926717195,-0.2,0.9984,1222961.0,0.9977344261171637,False,True,True,False,2006_09_14
2006-09-24,2006-09-30,2006-09-30,0.0,0.8128860486291724,0.8320694242546504,0.0944017669186048,-0.1995,0.9995,957821.0,0.7814239258308056,False,True,True,False,2006_09_30
2006-10-01,2006-10-07,2006-09-30,7.0,0.8128860486291724,0.8320694242546504,0.0944017669186048,-0.1995,0.9995,957821.0,0.7814239258308056,False,True,True,False,2006_09_30
2006-10-08,2006-10-14,2006-09-30,14.0,0.8128860486291724,0.8320694242546504,0.0944017669186048,-0.1995,0.9995,957821.0,0.7814239258308056,False,True,True,False,2006_09_30
2006-10-15,2006-10-21,2006-10-16,5.0,0.8216548723494885,0.8399270240052606,0.1015322159738644,-0.2,0.9996,1019961.0,0.8321199146962891,False,True,True,False,2006_10_16
2006-10-22,2006-10-28,2006-10-16,12.0,0.8216548723494885,0.8399270240052606,0.1015322159738644,-0.2,0.9996,1019961.0,0.8321199146962891,False,True,True,False,2006_10_16
2006-10-29,2006-11-04,2006-11-01,3.0,0.8262787716401081,0.8554493364780171,0.1191488576298218,-0.1976,0.9994,204475.0,0.16681786809252874,True,True,True,False,2006_11_01
2006-11-05,2006-11-11,2006-11-01,10.0,0.8262787716401081,0.8554493364780171,0.1191488576298218,-0.1976,0.9994,204475.0,0.16681786809252874,True,True,True,False,2006_11_01
2006-11-12,2006-11-18,2006-11-17,1.0,0.8269275264693124,0.8476032630502515,0.098927150705837,-0.2,0.9994,886822.0,0.7235004544201126,False,True,True,False,2006_11_17
2006-11-19,2006-11-25,2006-11-17,8.0,0.8269275264693124,0.8476032630502515,0.098927150705837,-0.2,0.9994,886822.0,0.7235004544201126,False,True,True,False,2006_11_17
2006-11-26,2006-12-02,2006-11-17,15.0,0.8269275264693124,0.8476032630502515,0.098927150705837,-0.2,0.9994,886822.0,0.7235004544201126,False,True,True,False,2006_11_17
2006-12-03,2006-12-09,2006-12-03,6.0,0.8436986692345734,0.8870279640341168,0.1307614211932644,-0.1997,0.9995,559667.0,0.45659594464722475,False,True,True,False,2006_12_03
2006-12-10,2006-12-16,2006-12-03,13.0,0.8436986692345734,0.8870279640341168,0.1307614211932644,-0.1997,0.9995,559667.0,0.45659594464722475,False,True,True,False,2006_12_03
2006-12-17,2006-12-23,2006-12-19,4.0,0.8129529923635254,0.8556262616414307,0.1430462913090393,-0.1997,0.9995,293712.0,0.2396205388100883,False,True,True,False,2006_12_19
2006-12-24,2006-12-30,2006-12-19,11.0,0.8129529923635254,0.8556262616414307,0.1430462913090393,-0.1997,0.9995,293712.0,0.2396205388100883,False,True,True,False,2006_12_19
2006-12-31,2007-01-06,2007-01-01,5.0,0.8176513568428093,0.8398933920168774,0.1137352209935848,-0.1997,0.9995,275770.0,0.22498282667258418,False,True,True,False,2007_01_01
2007-01-07,2007-01-13,2007-01-01,12.0,0.8176513568428093,0.8398933920168774,0.1137352209935848,-0.1997,0.9995,275770.0,0.22498282667258418,False,True,True,False,2007_01_01
2007-01-14,2007-01-20,2007-01-17,3.0,0.8285080673050335,0.8634751610711926,0.116118962029272,-0.2,0.9988,954377.0,0.7786141899818722,False,True,True,False,2007_01_17
2007-01-21,2007-01-27,2007-01-17,10.0,0.8285080673050335,0.8634751610711926,0.116118962029272,-0.2,0.9988,954377.0,0.7786141899818722,False,True,True,False,2007_01_17
2007-01-28,2007-02-03,2007-02-02,1.0,0.8460527726990089,0.8632860489735953,0.0971325935488332,-0.2,0.9994,1218344.0,0.9939677157761283,False,True,True,False,2007_02_02
2007-02-04,2007-02-10,2007-02-02,8.0,0.8460527726990089,0.8632860489735953,0.0971325935488332,-0.2,0.9994,1218344.0,0.9939677157761283,False,True,True,False,2007_02_02
2007-02-11,2007-02-17,2007-02-02,15.0,0.8460527726990089,0.8632860489735953,0.0971325935488332,-0.2,0.9994,1218344.0,0.9939677157761283,False,True,True,False,2007_02_02
2007-02-18,2007-02-24,2007-02-18,6.0,0.8466051631740994,0.8632508348076348,0.0900180092234383,-0.199,0.9993,810757.0,0.6614439627391825,False,True,True,False,2007_02_18
2007-02-25,2007-03-03,2007-02-18,13.0,0.8466051631740994,0.8632508348076348,0.0900180092234383,-0.199,0.9993,810757.0,0.6614439627391825,False,True,True,False,2007_02_18
2007-03-04,2007-03-10,2007-03-06,4.0,0.7950690912620068,0.8165400844155629,0.1192444282126205,-0.2,0.9995,407630.0,0.332558833943306,False,True,True,False,2007_03_06
2007-03-11,2007-03-17,2007-03-06,11.0,0.7950690912620068,0.8165400844155629,0.1192444282126205,-0.2,0.9995,407630.0,0.332558833943306,False,True,True,False,2007_03_06
2007-03-18,2007-03-24,2007-03-22,2.0,0.8103646689363201,0.8320657832563625,0.1131616175625672,-0.2,0.9991,830280.0,0.6773715100616935,False,True,True,False,2007_03_22
2007-03-25,2007-03-31,2007-03-22,9.0,0.8103646689363201,0.8320657832563625,0.1131616175625672,-0.2,0.9991,830280.0,0.6773715100616935,False,True,True,False,2007_03_22
2007-04-01,2007-04-07,2007-04-07,0.0,0.801161244587423,0.8321445829029777,0.1264775387405784,-0.2,0.9995,370996.0,0.30267153339457536,False,True,True,False,2007_04_07
2007-04-08,2007-04-14,2007-04-07,7.0,0.801161244587423,0.8321445829029777,0.1264775387405784,-0.2,0.9995,370996.0,0.30267153339457536,False,True,True,False,2007_04_07
2007-04-15,2007-04-21,2007-04-07,14.0,0.801161244587423,0.8321445829029777,0.1264775387405784,-0.2,0.9995,370996.0,0.30267153339457536,False,True,True,False,2007_04_07
2007-04-22,2007-04-28,2007-04-23,5.0,0.8069725107965018,0.8477544317488218,0.1325316864386227,-0.2,0.9994,326180.0,0.2661090706170487,False,True,True,False,2007_04_23
2007-04-29,2007-05-05,2007-04-23,12.0,0.8069725107965018,0.8477544317488218,0.1325316864386227,-0.2,0.9994,326180.0,0.2661090706170487,False,True,True,False,2007_04_23
2007-05-06,2007-05-12,2007-05-09,3.0,0.8141068925962898,0.8476860581496568,0.135257934849885,-0.2,0.9994,400870.0,0.3270437891294877,False,True,True,False,2007_05_09
2007-05-13,2007-05-19,2007-05-09,10.0,0.8141068925962898,0.8476860581496568,0.135257934849885,-0.2,0.9994,400870.0,0.3270437891294877,False,True,True,False,2007_05_09
2007-05-20,2007-05-26,2007-05-25,1.0,0.8281826848617928,0.8553067068397185,0.1201307338113129,-0.1996,0.9994,550792.0,0.4493554087415092,False,True,True,False,2007_05_25
2007-05-27,2007-06-02,2007-05-25,8.0,0.8281826848617928,0.8553067068397185,0.1201307338113129,-0.1996,0.9994,550792.0,0.4493554087415092,False,True,True,False,2007_05_25
2007-06-03,2007-06-09,2007-05-25,15.0,0.8281826848617928,0.8553067068397185,0.1201307338113129,-0.1996,0.9994,550792.0,0.4493554087415092,False,True,True,False,2007_05_25
2007-06-10,2007-06-16,2007-06-10,6.0,0.8048910301622405,0.8555990620249722,0.145805609360358,-0.2,0.9993,461586.0,0.3765780289099302,False,True,True,False,2007_06_10
2007-06-17,2007-06-23,2007-06-10,13.0,0.8048910301622405,0.8555990620249722,0.145805609360358,-0.2,0.9993,461586.0,0.3765780289099302,False,True,True,False,2007_06_10
2007-06-24,2007-06-30,2007-06-26,4.0,0.8247721983680675,0.8476805468699893,0.1007616458482927,-0.2,0.9993,748737.0,0.6108458740774946,False,True,True,False,2007_06_26
2007-07-01,2007-07-07,2007-06-26,11.0,0.8247721983680675,0.8476805468699893,0.1007616458482927,-0.2,0.9993,748737.0,0.6108458740774946,False,True,True,False,2007_06_26
2007-07-08,2007-07-14,2007-07-12,2.0,0.8379350124915566,0.8553959872969013,0.086215853262182,-0.2,0.9991,1217510.0,0.993287309359749,False,True,True,False,2007_07_12
2007-07-15,2007-07-21,2007-07-12,9.0,0.8379350124915566,0.8553959872969013,0.086215853262182,-0.2,0.9991,1217510.0,0.993287309359749,False,True,True,False,2007_07_12
2007-07-22,2007-07-28,2007-07-28,0.0,0.8354235534640732,0.8477403232651517,0.0892157996717565,-0.2,0.9981,1207677.0,0.9852652034937319,False,True,True,False,2007_07_28
2007-07-29,2007-08-04,2007-07-28,7.0,0.8354235534640732,0.8477403232651517,0.0892157996717565,-0.2,0.9981,1207677.0,0.9852652034937319,False,True,True,False,2007_07_28
2007-08-05,2007-08-11,2007-07-28,14.0,0.8354235534640732,0.8477403232651517,0.0892157996717565,-0.2,0.9981,1207677.0,0.9852652034937319,False,True,True,False,2007_07_28
2007-08-12,2007-08-18,2007-08-13,5.0,0.8367380883909025,0.8476364786477764,0.0901454709028053,-0.2,0.9979,1213708.0,0.9901855045694921,False,True,True,False,2007_08_13
2007-08-19,2007-08-25,2007-08-13,12.0,0.8367380883909025,0.8476364786477764,0.0901454709028053,-0.2,0.9979,1213708.0,0.9901855045694921,False,True,True,False,2007_08_13
2007-08-26,2007-09-01,2007-08-29,3.0,0.8279219912332251,0.8555253807541467,0.1074705559349883,-0.2,0.9994,1095481.0,0.893731776284981,False,True,True,False,2007_08_29
2007-09-02,2007-09-08,2007-08-29,10.0,0.8279219912332251,0.8555253807541467,0.1074705559349883,-0.2,0.9994,1095481.0,0.893731776284981,False,True,True,False,2007_08_29
2007-09-09,2007-09-15,2007-09-14,1.0,0.8265413726440269,0.8397319738015676,0.0862433298269869,-0.2,0.9991,1213131.0,0.9897147677562416,False,True,True,False,2007_09_14
2007-09-16,2007-09-22,2007-09-14,8.0,0.8265413726440269,0.8397319738015676,0.0862433298269869,-0.2,0.9991,1213131.0,0.9897147677562416,False,True,True,False,2007_09_14
2007-09-23,2007-09-29,2007-09-14,15.0,0.8265413726440269,0.8397319738015676,0.0862433298269869,-0.2,0.9991,1213131.0,0.9897147677562416,False,True,True,False,2007_09_14
2007-09-30,2007-10-06,2007-09-30,6.0,0.8418852498969727,0.8636119233989344,0.0980981179976778,-0.2,0.9991,1138189.0,0.9285744588158318,False,True,True,False,2007_09_30
2007-10-07,2007-10-13,2007-09-30,13.0,0.8418852498969727,0.8636119233989344,0.0980981179976778,-0.2,0.9991,1138189.0,0.9285744588158318,False,True,True,False,2007_09_30
2007-10-14,2007-10-20,2007-10-16,4.0,0.821406771971968,0.8399894510850577,0.0908647309070154,-0.2,0.9995,1071343.0,0.8740391502914978,False,True,True,False,2007_10_16
2007-10-21,2007-10-27,2007-10-16,11.0,0.821406771971968,0.8399894510850577,0.0908647309070154,-0.2,0.9995,1071343.0,0.8740391502914978,False,True,True,False,2007_10_16
2007-10-28,2007-11-03,2007-11-01,2.0,0.8106225004871345,0.8322023368927225,0.1030725876857478,-0.2,0.9993,1058024.0,0.863173043505219,False,True,True,False,2007_11_01
2007-11-04,2007-11-10,2007-11-01,9.0,0.8106225004871345,0.8322023368927225,0.1030725876857478,-0.2,0.9993,1058024.0,0.863173043505219,False,True,True,False,2007_11_01
2007-11-11,2007-11-17,2007-11-17,0.0,0.8150472770478959,0.8319486006365957,0.0998189425980153,-0.2,0.9995,658892.0,0.537547175660704,False,True,True,False,2007_11_17
2007-11-18,2007-11-24,2007-11-17,7.0,0.8150472770478959,0.8319486006365957,0.0998189425980153,-0.2,0.9995,658892.0,0.537547175660704,False,True,True,False,2007_11_17
2007-11-25,2007-12-01,2007-11-17,14.0,0.8150472770478959,0.8319486006365957,0.0998189425980153,-0.2,0.9995,658892.0,0.537547175660704,False,True,True,False,2007_11_17
2007-12-02,2007-12-08,2007-12-03,5.0,0.822492249521338,0.8399566748525653,0.1036402894053138,-0.2,0.9995,1012287.0,0.825859196663561,False,True,True,False,2007_12_03
2007-12-09,2007-12-15,2007-12-03,12.0,0.822492249521338,0.8399566748525653,0.1036402894053138,-0.2,0.9995,1012287.0,0.825859196663561,False,True,True,False,2007_12_03
2007-12-16,2007-12-22,2007-12-19,3.0,0.8259356843842965,0.8557775887792743,0.1214579280518333,-0.2,0.9996,305933.0,0.24959085873163758,False,True,True,False,2007_12_19
2007-12-23,2007-12-29,2007-12-19,10.0,0.8259356843842965,0.8557775887792743,0.1214579280518333,-0.2,0.9996,305933.0,0.24959085873163758,False,True,True,False,2007_12_19
2007-12-30,2008-01-05,2008-01-01,4.0,0.833040478697599,0.8556457175756494,0.1133415065268711,-0.2,0.9994,889614.0,0.7257782658284234,False,True,True,False,2008_01_01
2008-01-06,2008-01-12,2008-01-01,11.0,0.833040478697599,0.8556457175756494,0.1133415065268711,-0.2,0.9994,889614.0,0.7257782658284234,False,True,True,False,2008_01_01
2008-01-13,2008-01-19,2008-01-17,2.0,0.8441047957254137,0.863390887969964,0.0892655446716006,-0.2,0.9988,958354.0,0.7818587659026643,False,True,True,False,2008_01_17
2008-01-20,2008-01-26,2008-01-17,9.0,0.8441047957254137,0.863390887969964,0.0892655446716006,-0.2,0.9988,958354.0,0.7818587659026643,False,True,True,False,2008_01_17
2008-01-27,2008-02-02,2008-02-02,0.0,0.8405543299458363,0.8554827456839285,0.0887535676659933,-0.1997,0.9992,890201.0,0.7262571609919901,False,True,True,False,2008_02_02
2008-02-03,2008-02-09,2008-02-02,7.0,0.8405543299458363,0.8554827456839285,0.0887535676659933,-0.1997,0.9992,890201.0,0.7262571609919901,False,True,True,False,2008_02_02
2008-02-10,2008-02-16,2008-02-02,14.0,0.8405543299458363,0.8554827456839285,0.0887535676659933,-0.1997,0.9992,890201.0,0.7262571609919901,False,True,True,False,2008_02_02
2008-02-17,2008-02-23,2008-02-18,5.0,0.8225115178985135,0.8476367051622025,0.1064228127751648,-0.1993,0.9991,639339.0,0.521595153287244,False,True,True,False,2008_02_18
2008-02-24,2008-03-01,2008-02-18,12.0,0.8225115178985135,0.8476367051622025,0.1064228127751648,-0.1993,0.9991,639339.0,0.521595153287244,False,True,True,False,2008_02_18
2008-03-02,2008-03-08,2008-03-05,3.0,0.8190741101259914,0.8477934062447042,0.108135743340403,-0.2,0.9994,488308.0,0.39837877262514504,False,True,True,False,2008_03_05
2008-03-09,2008-03-15,2008-03-05,10.0,0.8190741101259914,0.8477934062447042,0.108135743340403,-0.2,0.9994,488308.0,0.39837877262514504,False,True,True,False,2008_03_05
2008-03-16,2008-03-22,2008-03-21,1.0,0.8114120833222634,0.8321639785702046,0.0869840319307419,-0.1997,0.9994,520587.0,0.42471311161112735,False,True,True,False,2008_03_21
2008-03-23,2008-03-29,2008-03-21,8.0,0.8114120833222634,0.8321639785702046,0.0869840319307419,-0.1997,0.9994,520587.0,0.42471311161112735,False,True,True,False,2008_03_21
2008-03-30,2008-04-05,2008-03-21,15.0,0.8114120833222634,0.8321639785702046,0.0869840319307419,-0.1997,0.9994,520587.0,0.42471311161112735,False,True,True,False,2008_03_21
2008-04-06,2008-04-12,2008-04-06,6.0,0.8135643931105252,0.8397876383178652,0.1182875329124047,-0.2,0.9995,682421.0,0.5567429581199245,False,True,True,False,2008_04_06
2008-04-13,2008-04-19,2008-04-06,13.0,0.8135643931105252,0.8397876383178652,0.1182875329124047,-0.2,0.9995,682421.0,0.5567429581199245,False,True,True,False,2008_04_06
2008-04-20,2008-04-26,2008-04-22,4.0,0.8135145771237746,0.8243925306182189,0.0881196595500257,-0.2,0.9987,999547.0,0.8154654583605958,False,True,True,False,2008_04_22
2008-04-27,2008-05-03,2008-04-22,11.0,0.8135145771237746,0.8243925306182189,0.0881196595500257,-0.2,0.9987,999547.0,0.8154654583605958,False,True,True,False,2008_04_22
2008-05-04,2008-05-10,2008-05-08,2.0,0.80790640979184,0.8477733316509481,0.124919963683494,-0.2,0.9993,214008.0,0.1745952234490568,True,True,True,False,2008_05_08
2008-05-11,2008-05-17,2008-05-08,9.0,0.80790640979184,0.8477733316509481,0.124919963683494,-0.2,0.9993,214008.0,0.1745952234490568,True,True,True,False,2008_05_08
2008-05-18,2008-05-24,2008-05-24,0.0,0.8087194105579256,0.8401189015640316,0.1097039086294762,-0.2,0.9995,277478.0,0.2263762729066081,False,True,True,False,2008_05_24
2008-05-25,2008-05-31,2008-05-24,7.0,0.8087194105579256,0.8401189015640316,0.1097039086294762,-0.2,0.9995,277478.0,0.2263762729066081,False,True,True,False,2008_05_24
2008-06-01,2008-06-07,2008-05-24,14.0,0.8087194105579256,0.8401189015640316,0.1097039086294762,-0.2,0.9995,277478.0,0.2263762729066081,False,True,True,False,2008_05_24
2008-06-08,2008-06-14,2008-06-09,5.0,0.7977083625916328,0.8477281500838004,0.1450256199298191,-0.2,0.9995,335013.0,0.27331534145143577,False,True,True,False,2008_06_09
2008-06-15,2008-06-21,2008-06-09,12.0,0.7977083625916328,0.8477281500838004,0.1450256199298191,-0.2,0.9995,335013.0,0.27331534145143577,False,True,True,False,2008_06_09
2008-06-22,2008-06-28,2008-06-25,3.0,0.8138935597000959,0.839898820316377,0.1110936016457416,-0.2,0.9993,668652.0,0.545509725569412,False,True,True,False,2008_06_25
2008-06-29,2008-07-05,2008-06-25,10.0,0.8138935597000959,0.839898820316377,0.1110936016457416,-0.2,0.9993,668652.0,0.545509725569412,False,True,True,False,2008_06_25
2008-07-06,2008-07-12,2008-07-11,1.0,0.8196751081606447,0.8321503150852311,0.09165721660388,-0.2,0.9992,1108610.0,0.9044428744152503,False,True,True,False,2008_07_11
2008-07-13,2008-07-19,2008-07-11,8.0,0.8196751081606447,0.8321503150852311,0.09165721660388,-0.2,0.9992,1108610.0,0.9044428744152503,False,True,True,False,2008_07_11
2008-07-20,2008-07-26,2008-07-11,15.0,0.8196751081606447,0.8321503150852311,0.09165721660388,-0.2,0.9992,1108610.0,0.9044428744152503,False,True,True,False,2008_07_11
2008-07-27,2008-08-02,2008-07-27,6.0,0.8190989022047788,0.8400070955209611,0.0902919598089241,-0.2,0.9993,1115473.0,0.9100419502373264,False,True,True,False,2008_07_27
2008-08-03,2008-08-09,2008-07-27,13.0,0.8190989022047788,0.8400070955209611,0.0902919598089241,-0.2,0.9993,1115473.0,0.9100419502373264,False,True,True,False,2008_07_27
2008-08-10,2008-08-16,2008-08-12,4.0,0.8310476499615311,0.8476932361441744,0.0853965444002556,-0.2,0.999,1198467.0,0.9777513628524204,False,True,True,False,2008_08_12
2008-08-17,2008-08-23,2008-08-12,11.0,0.8310476499615311,0.8476932361441744,0.0853965444002556,-0.2,0.999,1198467.0,0.9777513628524204,False,True,True,False,2008_08_12
2008-08-24,2008-08-30,2008-08-28,2.0,0.8209035553639227,0.8400249825490749,0.0954751201948732,-0.1997,0.9993,1113558.0,0.9084796261517551,False,True,True,False,2008_08_28
2008-08-31,2008-09-06,2008-08-28,9.0,0.8209035553639227,0.8400249825490749,0.0954751201948732,-0.1997,0.9993,1113558.0,0.9084796261517551,False,True,True,False,2008_08_28
2008-09-07,2008-09-13,2008-09-13,0.0,0.8164548355628846,0.8320238791653614,0.0932420573151036,-0.2,0.9988,1111455.0,0.9067639250802374,False,True,True,False,2008_09_13
2008-09-14,2008-09-20,2008-09-13,7.0,0.8164548355628846,0.8320238791653614,0.0932420573151036,-0.2,0.9988,1111455.0,0.9067639250802374,False,True,True,False,2008_09_13
2008-09-21,2008-09-27,2008-09-13,14.0,0.8164548355628846,0.8320238791653614,0.0932420573151036,-0.2,0.9988,1111455.0,0.9067639250802374,False,True,True,False,2008_09_13
2008-09-28,2008-10-04,2008-09-29,5.0,0.8144495900594544,0.8243711019708095,0.0805290073016037,-0.2,0.9992,1167319.0,0.9523397332872114,False,True,True,False,2008_09_29
2008-10-05,2008-10-11,2008-09-29,12.0,0.8144495900594544,0.8243711019708095,0.0805290073016037,-0.2,0.9992,1167319.0,0.9523397332872114,False,True,True,False,2008_09_29
2008-10-12,2008-10-18,2008-10-15,3.0,0.8343413008866946,0.8633044231390609,0.1121829724293778,-0.2,0.9995,812246.0,0.6626587411012794,False,True,True,False,2008_10_15
2008-10-19,2008-10-25,2008-10-15,10.0,0.8343413008866946,0.8633044231390609,0.1121829724293778,-0.2,0.9995,812246.0,0.6626587411012794,False,True,True,False,2008_10_15
2008-10-26,2008-11-01,2008-10-31,1.0,0.8381547607034661,0.8554014526621476,0.1028859873143287,-0.1998,0.9993,1048956.0,0.8557750514383987,False,True,True,False,2008_10_31
2008-11-02,2008-11-08,2008-10-31,8.0,0.8381547607034661,0.8554014526621476,0.1028859873143287,-0.1998,0.9993,1048956.0,0.8557750514383987,False,True,True,False,2008_10_31
2008-11-09,2008-11-15,2008-10-31,15.0,0.8381547607034661,0.8554014526621476,0.1028859873143287,-0.1998,0.9993,1048956.0,0.8557750514383987,False,True,True,False,2008_10_31
2008-11-16,2008-11-22,2008-11-16,6.0,0.8085419817068165,0.8398100664729681,0.1278207309710271,-0.2,0.9993,349405.0,0.28505683922665365,False,True,True,False,2008_11_16
2008-11-23,2008-11-29,2008-11-16,13.0,0.8085419817068165,0.8398100664729681,0.1278207309710271,-0.2,0.9993,349405.0,0.28505683922665365,False,True,True,False,2008_11_16
2008-11-30,2008-12-06,2008-12-02,4.0,0.8387454683744091,0.8554647722452424,0.1037962112483931,-0.2,0.9992,1088166.0,0.8877639430286081,False,True,True,False,2008_12_02
2008-12-07,2008-12-13,2008-12-02,11.0,0.8387454683744091,0.8554647722452424,0.1037962112483931,-0.2,0.9992,1088166.0,0.8877639430286081,False,True,True,False,2008_12_02
2008-12-14,2008-12-20,2008-12-18,2.0,0.8286148128624532,0.8476491246896151,0.0946047409178387,-0.2,0.999,1138683.0,0.928977481321457,False,True,True,False,2008_12_18
2008-12-21,2008-12-27,2008-12-18,9.0,0.8286148128624532,0.8476491246896151,0.0946047409178387,-0.2,0.999,1138683.0,0.928977481321457,False,True,True,False,2008_12_18
2008-12-28,2009-01-03,2009-01-01,2.0,0.8339313468477183,0.8632013963706315,0.1104960031687106,-0.1989,0.9993,496523.0,0.40508085740998484,False,True,True,False,2009_01_01
2009-01-04,2009-01-10,2009-01-01,9.0,0.8339313468477183,0.8632013963706315,0.1104960031687106,-0.1989,0.9993,496523.0,0.40508085740998484,False,True,True,False,2009_01_01
2009-01-11,2009-01-17,2009-01-17,0.0,0.8267439145224124,0.847482589763751,0.1090662758853307,-0.2,0.9991,586995.0,0.4788910843916073,False,True,True,False,2009_01_17
2009-01-18,2009-01-24,2009-01-17,7.0,0.8267439145224124,0.847482589763751,0.1090662758853307,-0.2,0.9991,586995.0,0.4788910843916073,False,True,True,False,2009_01_17
2009-01-25,2009-01-31,2009-01-17,14.0,0.8267439145224124,0.847482589763751,0.1090662758853307,-0.2,0.9991,586995.0,0.4788910843916073,False,True,True,False,2009_01_17
2009-02-01,2009-02-07,2009-02-02,5.0,0.8271955786783024,0.8475786450605786,0.1143299698056727,-0.2,0.9992,386490.0,0.3153120813746494,False,True,True,False,2009_02_02
2009-02-08,2009-02-14,2009-02-02,12.0,0.8271955786783024,0.8475786450605786,0.1143299698056727,-0.2,0.9992,386490.0,0.3153120813746494,False,True,True,False,2009_02_02
2009-02-15,2009-02-21,2009-02-18,3.0,0.8021116924243588,0.8241178640210546,0.1212963724465196,-0.2,0.9991,584364.0,0.476744622423389,False,True,True,False,2009_02_18
2009-02-22,2009-02-28,2009-02-18,10.0,0.8021116924243588,0.8241178640210546,0.1212963724465196,-0.2,0.9991,584364.0,0.476744622423389,False,True,True,False,2009_02_18
2009-03-01,2009-03-07,2009-03-06,1.0,0.8191632362703973,0.8477310049933422,0.1066138415743238,-0.1994,0.9992,163734.0,0.133579933068894,True,True,True,False,2009_03_06
2009-03-08,2009-03-14,2009-03-06,8.0,0.8191632362703973,0.8477310049933422,0.1066138415743238,-0.1994,0.9992,163734.0,0.133579933068894,True,True,True,False,2009_03_06
2009-03-15,2009-03-21,2009-03-06,15.0,0.8191632362703973,0.8477310049933422,0.1066138415743238,-0.1994,0.9992,163734.0,0.133579933068894,True,True,True,False,2009_03_06
2009-03-22,2009-03-28,2009-03-22,6.0,0.8276574673174951,0.8554046558310096,0.1176062794571954,-0.2,0.9993,466692.0,0.3807436825814326,False,True,True,False,2009_03_22
2009-03-29,2009-04-04,2009-03-22,13.0,0.8276574673174951,0.8554046558310096,0.1176062794571954,-0.2,0.9993,466692.0,0.3807436825814326,False,True,True,False,2009_03_22
2009-04-05,2009-04-11,2009-04-07,4.0,0.8185277497821946,0.8556415160364423,0.1129779245200269,-0.199,0.9993,85203.0,0.06951159219996443,True,True,True,False,2009_04_07
2009-04-12,2009-04-18,2009-04-07,11.0,0.8185277497821946,0.8556415160364423,0.1129779245200269,-0.199,0.9993,85203.0,0.06951159219996443,True,True,True,False,2009_04_07
2009-04-19,2009-04-25,2009-04-23,2.0,0.826390065374509,0.8476829748810063,0.1033427883771656,-0.2,0.9994,775103.0,0.6323561805214492,False,True,True,False,2009_04_23
2009-04-26,2009-05-02,2009-04-23,9.0,0.826390065374509,0.8476829748810063,0.1033427883771656,-0.2,0.9994,775103.0,0.6323561805214492,False,True,True,False,2009_04_23
2009-05-03,2009-05-09,2009-05-09,0.0,0.8212704547958429,0.8480266334147858,0.095809573011324,-0.2,0.9995,946424.0,0.7721258539753194,False,True,True,False,2009_05_09
2009-05-10,2009-05-16,2009-05-09,7.0,0.8212704547958429,0.8480266334147858,0.095809573011324,-0.2,0.9995,946424.0,0.7721258539753194,False,True,True,False,2009_05_09
2009-05-17,2009-05-23,2009-05-09,14.0,0.8212704547958429,0.8480266334147858,0.095809573011324,-0.2,0.9995,946424.0,0.7721258539753194,False,True,True,False,2009_05_09
2009-05-24,2009-05-30,2009-05-25,5.0,0.8252609987872185,0.8556128424004984,0.1122620077165893,-0.2,0.9993,397990.0,0.3246941842383935,False,True,True,False,2009_05_25
2009-05-31,2009-06-06,2009-05-25,12.0,0.8252609987872185,0.8556128424004984,0.1122620077165893,-0.2,0.9993,397990.0,0.3246941842383935,False,True,True,False,2009_05_25
2009-06-07,2009-06-13,2009-06-10,3.0,0.8052528994013384,0.8399515381114896,0.1185591543641689,-0.2,0.9994,674332.0,0.55014366854907,False,True,True,False,2009_06_10
2009-06-14,2009-06-20,2009-06-10,10.0,0.8052528994013384,0.8399515381114896,0.1185591543641689,-0.2,0.9994,674332.0,0.55014366854907,False,True,True,False,2009_06_10
2009-06-21,2009-06-27,2009-06-26,1.0,0.8046720729474188,0.847672104404302,0.1342484515717987,-0.2,0.9995,629243.0,0.5133584828079084,False,True,True,False,2009_06_26
2009-06-28,2009-07-04,2009-06-26,8.0,0.8046720729474188,0.847672104404302,0.1342484515717987,-0.2,0.9995,629243.0,0.5133584828079084,False,True,True,False,2009_06_26
2009-07-05,2009-07-11,2009-06-26,15.0,0.8046720729474188,0.847672104404302,0.1342484515717987,-0.2,0.9995,629243.0,0.5133584828079084,False,True,True,False,2009_06_26
2009-07-12,2009-07-18,2009-07-12,6.0,0.8102459615769471,0.840025266552628,0.1091035261261531,-0.2,0.9993,693307.0,0.5656241382742478,False,True,True,False,2009_07_12
2009-07-19,2009-07-25,2009-07-12,13.0,0.8102459615769471,0.840025266552628,0.1091035261261531,-0.2,0.9993,693307.0,0.5656241382742478,False,True,True,False,2009_07_12
2009-07-26,2009-08-01,2009-07-28,4.0,0.8153295767215161,0.8399352760623735,0.1028417301408424,-0.2,0.9995,971663.0,0.792716714338627,False,True,True,False,2009_07_28
2009-08-02,2009-08-08,2009-07-28,11.0,0.8153295767215161,0.8399352760623735,0.1028417301408424,-0.2,0.9995,971663.0,0.792716714338627,False,True,True,False,2009_07_28
2009-08-09,2009-08-15,2009-08-13,2.0,0.8223571733681335,0.8398085049520119,0.0912009462974884,-0.2,0.9992,1155863.0,0.9429935271648591,False,True,True,False,2009_08_13
2009-08-16,2009-08-22,2009-08-13,9.0,0.8223571733681335,0.8398085049520119,0.0912009462974884,-0.2,0.9992,1155863.0,0.9429935271648591,False,True,True,False,2009_08_13
2009-08-23,2009-08-29,2009-08-29,0.0,0.8445495400746278,0.863442885958685,0.0908033282193495,-0.2,0.9983,1219994.0,0.9953138435783178,False,True,True,False,2009_08_29
2009-08-30,2009-09-05,2009-08-29,7.0,0.8445495400746278,0.863442885958685,0.0908033282193495,-0.2,0.9983,1219994.0,0.9953138435783178,False,True,True,False,2009_08_29
2009-09-06,2009-09-12,2009-08-29,14.0,0.8445495400746278,0.863442885958685,0.0908033282193495,-0.2,0.9983,1219994.0,0.9953138435783178,False,True,True,False,2009_08_29
2009-09-13,2009-09-19,2009-09-14,5.0,0.8252734866433825,0.8399731348413328,0.0824528762793458,-0.2,0.9973,1206351.0,0.9841834062417907,False,True,True,False,2009_09_14
2009-09-20,2009-09-26,2009-09-14,12.0,0.8252734866433825,0.8399731348413328,0.0824528762793458,-0.2,0.9973,1206351.0,0.9841834062417907,False,True,True,False,2009_09_14
2009-09-27,2009-10-03,2009-09-30,3.0,0.8427639876421547,0.8635356061379681,0.0966818249131417,-0.2,0.9994,880179.0,0.718080862304995,False,True,True,False,2009_09_30
2009-10-04,2009-10-10,2009-09-30,10.0,0.8427639876421547,0.8635356061379681,0.0966818249131417,-0.2,0.9994,880179.0,0.718080862304995,False,True,True,False,2009_09_30
2009-10-11,2009-10-17,2009-10-16,1.0,0.8390834716116526,0.8633057683173923,0.1067135196827008,-0.2,0.9994,865597.0,0.7061843558737675,False,True,True,False,2009_10_16
2009-10-18,2009-10-24,2009-10-16,8.0,0.8390834716116526,0.8633057683173923,0.1067135196827008,-0.2,0.9994,865597.0,0.7061843558737675,False,True,True,False,2009_10_16
2009-10-25,2009-10-31,2009-10-16,15.0,0.8390834716116526,0.8633057683173923,0.1067135196827008,-0.2,0.9994,865597.0,0.7061843558737675,False,True,True,False,2009_10_16
2009-11-01,2009-11-07,2009-11-01,6.0,0.8344386815917991,0.8475777870487162,0.0933161216200243,-0.2,0.9993,1116535.0,0.9109083670409174,False,True,True,False,2009_11_01
2009-11-08,2009-11-14,2009-11-01,13.0,0.8344386815917991,0.8475777870487162,0.0933161216200243,-0.2,0.9993,1116535.0,0.9109083670409174,False,True,True,False,2009_11_01
2009-11-15,2009-11-21,2009-11-17,4.0,0.8414207845893016,0.8632412719154698,0.1206625208068112,-0.199,0.9994,663496.0,0.5413032801463282,False,True,True,False,2009_11_17
2009-11-22,2009-11-28,2009-11-17,11.0,0.8414207845893016,0.8632412719154698,0.1206625208068112,-0.199,0.9994,663496.0,0.5413032801463282,False,True,True,False,2009_11_17
2009-11-29,2009-12-05,2009-12-03,2.0,0.8163767490548727,0.8399170206509574,0.1019349408515832,-0.2,0.9995,433801.0,0.35391005255609276,False,True,True,False,2009_12_03
2009-12-06,2009-12-12,2009-12-03,9.0,0.8163767490548727,0.8399170206509574,0.1019349408515832,-0.2,0.9995,433801.0,0.35391005255609276,False,True,True,False,2009_12_03
2009-12-13,2009-12-19,2009-12-19,0.0,0.8202857290757387,0.8319886833013374,0.0903729004041371,-0.2,0.9988,1159741.0,0.9461573354175199,False,True,True,False,2009_12_19
2009-12-20,2009-12-26,2009-12-19,7.0,0.8202857290757387,0.8319886833013374,0.0903729004041371,-0.2,0.9988,1159741.0,0.9461573354175199,False,True,True,False,2009_12_19
2009-12-27,2010-01-02,2010-01-01,1.0,0.8381397846052383,0.8475733799623529,0.0927612417312403,-0.2,0.9973,1208481.0,0.9859211348591624,False,True,True,False,2010_01_01
2010-01-03,2010-01-09,2010-01-01,8.0,0.8381397846052383,0.8475733799623529,0.0927612417312403,-0.2,0.9973,1208481.0,0.9859211348591624,False,True,True,False,2010_01_01
2010-01-10,2010-01-16,2010-01-01,15.0,0.8381397846052383,0.8475733799623529,0.0927612417312403,-0.2,0.9973,1208481.0,0.9859211348591624,False,True,True,False,2010_01_01
2010-01-17,2010-01-23,2010-01-17,6.0,0.8247234555430635,0.8476669304748139,0.1040538974166033,-0.199,0.9993,449120.0,0.36640782940563155,False,True,True,False,2010_01_17
2010-01-24,2010-01-30,2010-01-17,13.0,0.8247234555430635,0.8476669304748139,0.1040538974166033,-0.199,0.9993,449120.0,0.36640782940563155,False,True,True,False,2010_01_17
2010-01-31,2010-02-06,2010-02-02,4.0,0.8463700328899192,0.8791160695079002,0.106653880866607,-0.2,0.9986,1188107.0,0.9692993119247343,False,True,True,False,2010_02_02
2010-02-07,2010-02-13,2010-02-02,11.0,0.8463700328899192,0.8791160695079002,0.106653880866607,-0.2,0.9986,1188107.0,0.9692993119247343,False,True,True,False,2010_02_02
2010-02-14,2010-02-20,2010-02-18,2.0,0.8064521965532037,0.8242912897463666,0.0966162067270174,-0.2,0.9992,643698.0,0.5251513781901189,False,True,True,False,2010_02_18
2010-02-21,2010-02-27,2010-02-18,9.0,0.8064521965532037,0.8242912897463666,0.0966162067270174,-0.2,0.9992,643698.0,0.5251513781901189,False,True,True,False,2010_02_18
2010-02-28,2010-03-06,2010-03-06,0.0,0.8179394592363701,0.8320194716967175,0.1055155299167685,-0.2,0.9994,509850.0,0.41595349087651684,False,True,True,False,2010_03_06
2010-03-07,2010-03-13,2010-03-06,7.0,0.8179394592363701,0.8320194716967175,0.1055155299167685,-0.2,0.9994,509850.0,0.41595349087651684,False,True,True,False,2010_03_06
2010-03-14,2010-03-20,2010-03-06,14.0,0.8179394592363701,0.8320194716967175,0.1055155299167685,-0.2,0.9994,509850.0,0.41595349087651684,False,True,True,False,2010_03_06
2010-03-21,2010-03-27,2010-03-22,5.0,0.809888617651593,0.8321083250606326,0.1227706129176019,-0.2,0.9994,613001.0,0.5001076902241751,False,True,True,False,2010_03_22
2010-03-28,2010-04-03,2010-03-22,12.0,0.809888617651593,0.8321083250606326,0.1227706129176019,-0.2,0.9994,613001.0,0.5001076902241751,False,True,True,False,2010_03_22
2010-04-04,2010-04-10,2010-04-07,3.0,0.8347940620965323,0.863339834031875,0.1112913119515185,-0.2,0.9995,849726.0,0.6932362380867689,False,True,True,False,2010_04_07
2010-04-11,2010-04-17,2010-04-07,10.0,0.8347940620965323,0.863339834031875,0.1112913119515185,-0.2,0.9995,849726.0,0.6932362380867689,False,True,True,False,2010_04_07
2010-04-18,2010-04-24,2010-04-23,1.0,0.8214885094964571,0.8555124762921854,0.1268619373068492,-0.1986,0.9993,259846.0,0.21199146962890927,False,True,True,False,2010_04_23
2010-04-25,2010-05-01,2010-04-23,8.0,0.8214885094964571,0.8555124762921854,0.1268619373068492,-0.1986,0.9993,259846.0,0.21199146962890927,False,True,True,False,2010_04_23
2010-05-02,2010-05-08,2010-04-23,15.0,0.8214885094964571,0.8555124762921854,0.1268619373068492,-0.1986,0.9993,259846.0,0.21199146962890927,False,True,True,False,2010_04_23
2010-05-09,2010-05-15,2010-05-09,6.0,0.8282768876929885,0.8556120417277525,0.111482038873934,-0.2,0.9995,918861.0,0.7496389929985038,False,True,True,False,2010_05_09
2010-05-16,2010-05-22,2010-05-09,13.0,0.8282768876929885,0.8556120417277525,0.111482038873934,-0.2,0.9995,918861.0,0.7496389929985038,False,True,True,False,2010_05_09
2010-05-23,2010-05-29,2010-05-25,4.0,0.803843582132108,0.8400051146683196,0.1297587301759947,-0.2,0.9993,292975.0,0.23901926839177703,False,True,True,False,2010_05_25
2010-05-30,2010-06-05,2010-05-25,11.0,0.803843582132108,0.8400051146683196,0.1297587301759947,-0.2,0.9993,292975.0,0.23901926839177703,False,True,True,False,2010_05_25
2010-06-06,2010-06-12,2010-06-10,2.0,0.8126264338297675,0.8479276716072247,0.1100660020975054,-0.2,0.9994,709866.0,0.5791335505630077,False,True,True,False,2010_06_10
2010-06-13,2010-06-19,2010-06-10,9.0,0.8126264338297675,0.8479276716072247,0.1100660020975054,-0.2,0.9994,709866.0,0.5791335505630077,False,True,True,False,2010_06_10
2010-06-20,2010-06-26,2010-06-26,0.0,0.8090885753312178,0.8398846442746207,0.1166825966409789,-0.2,0.9993,661593.0,0.5397507460811364,False,True,True,False,2010_06_26
2010-06-27,2010-07-03,2010-06-26,7.0,0.8090885753312178,0.8398846442746207,0.1166825966409789,-0.2,0.9993,661593.0,0.5397507460811364,False,True,True,False,2010_06_26
2010-07-04,2010-07-10,2010-06-26,14.0,0.8090885753312178,0.8398846442746207,0.1166825966409789,-0.2,0.9993,661593.0,0.5397507460811364,False,True,True,False,2010_06_26
2010-07-11,2010-07-17,2010-07-12,5.0,0.8383677408322623,0.8554541960411851,0.0843054601294937,-0.2,0.9992,1215994.0,0.992050503451798,False,True,True,False,2010_07_12
2010-07-18,2010-07-24,2010-07-12,12.0,0.8383677408322623,0.8554541960411851,0.0843054601294937,-0.2,0.9992,1215994.0,0.992050503451798,False,True,True,False,2010_07_12
2010-07-25,2010-07-31,2010-07-28,3.0,0.8289775349698777,0.8395945456557163,0.0929499366471769,-0.2,0.9993,1196294.0,0.9759785533286885,False,True,True,False,2010_07_28
2010-08-01,2010-08-07,2010-07-28,10.0,0.8289775349698777,0.8395945456557163,0.0929499366471769,-0.2,0.9993,1196294.0,0.9759785533286885,False,True,True,False,2010_07_28
2010-08-08,2010-08-14,2010-08-13,1.0,0.8270346103584058,0.8398643739815109,0.0868076759519348,-0.2,0.9991,1215051.0,0.991281171016971,False,True,True,False,2010_08_13
2010-08-15,2010-08-21,2010-08-13,8.0,0.8270346103584058,0.8398643739815109,0.0868076759519348,-0.2,0.9991,1215051.0,0.991281171016971,False,True,True,False,2010_08_13
2010-08-22,2010-08-28,2010-08-13,15.0,0.8270346103584058,0.8398643739815109,0.0868076759519348,-0.2,0.9991,1215051.0,0.991281171016971,False,True,True,False,2010_08_13
2010-08-29,2010-09-04,2010-08-29,6.0,0.816202918205994,0.8242331764167886,0.0848878098723172,-0.2,0.9994,1150722.0,0.9387993192672496,False,True,True,False,2010_08_29
2010-09-05,2010-09-11,2010-08-29,13.0,0.816202918205994,0.8242331764167886,0.0848878098723172,-0.2,0.9994,1150722.0,0.9387993192672496,False,True,True,False,2010_08_29
2010-09-12,2010-09-18,2010-09-14,4.0,0.828422108121125,0.8478340608569827,0.0905606125971874,-0.2,0.9988,1212966.0,0.9895801549760226,False,True,True,False,2010_09_14
2010-09-19,2010-09-25,2010-09-14,11.0,0.828422108121125,0.8478340608569827,0.0905606125971874,-0.2,0.9988,1212966.0,0.9895801549760226,False,True,True,False,2010_09_14
2010-09-26,2010-10-02,2010-09-30,2.0,0.803855370542682,0.8085737555118185,0.0878354794856624,-0.1997,0.9993,1058883.0,0.863873845797389,False,True,True,False,2010_09_30
2010-10-03,2010-10-09,2010-09-30,9.0,0.803855370542682,0.8085737555118185,0.0878354794856624,-0.1997,0.9993,1058883.0,0.863873845797389,False,True,True,False,2010_09_30
2010-10-10,2010-10-16,2010-10-16,0.0,0.8308486618860734,0.8554030507070691,0.0996143579201765,-0.2,0.9995,777615.0,0.6344055581209035,False,True,True,False,2010_10_16
2010-10-17,2010-10-23,2010-10-16,7.0,0.8308486618860734,0.8554030507070691,0.0996143579201765,-0.2,0.9995,777615.0,0.6344055581209035,False,True,True,False,2010_10_16
2010-10-24,2010-10-30,2010-10-16,14.0,0.8308486618860734,0.8554030507070691,0.0996143579201765,-0.2,0.9995,777615.0,0.6344055581209035,False,True,True,False,2010_10_16
2010-10-31,2010-11-06,2010-11-01,5.0,0.8265759332659872,0.8401122977343704,0.0834143951361843,-0.1997,0.9992,1004545.0,0.8195430018486822,False,True,True,False,2010_11_01
2010-11-07,2010-11-13,2010-11-01,12.0,0.8265759332659872,0.8401122977343704,0.0834143951361843,-0.1997,0.9992,1004545.0,0.8195430018486822,False,True,True,False,2010_11_01
2010-11-14,2010-11-20,2010-11-17,3.0,0.8107668251006044,0.8242550806276606,0.1007790630519199,-0.2,0.9994,750763.0,0.6124987558515768,False,True,True,False,2010_11_17
2010-11-21,2010-11-27,2010-11-17,10.0,0.8107668251006044,0.8242550806276606,0.1007790630519199,-0.2,0.9994,750763.0,0.6124987558515768,False,True,True,False,2010_11_17
2010-11-28,2010-12-04,2010-12-03,1.0,0.8274183667212107,0.847725638298676,0.0972342174407541,-0.2,0.9994,574541.0,0.46873067490768827,False,True,True,False,2010_12_03
2010-12-05,2010-12-11,2010-12-03,8.0,0.8274183667212107,0.847725638298676,0.0972342174407541,-0.2,0.9994,574541.0,0.46873067490768827,False,True,True,False,2010_12_03
2010-12-12,2010-12-18,2010-12-03,15.0,0.8274183667212107,0.847725638298676,0.0972342174407541,-0.2,0.9994,574541.0,0.46873067490768827,False,True,True,False,2010_12_03
2010-12-19,2010-12-25,2010-12-19,6.0,0.855284189475672,0.8712820316641532,0.095156338303832,-0.1997,0.9993,1220480.0,0.9957103394036898,False,True,True,False,2010_12_19
2010-12-26,2011-01-01,2011-01-01,0.0,0.8505984997637157,0.8712422339863557,0.0934616917213017,-0.2,0.9992,1210172.0,0.9873007118976486,False,True,True,False,2011_01_01
2011-01-02,2011-01-08,2011-01-01,7.0,0.8505984997637157,0.8712422339863557,0.0934616917213017,-0.2,0.9992,1210172.0,0.9873007118976486,False,True,True,False,2011_01_01
2011-01-09,2011-01-15,2011-01-01,14.0,0.8505984997637157,0.8712422339863557,0.0934616917213017,-0.2,0.9992,1210172.0,0.9873007118976486,False,True,True,False,2011_01_01
2011-01-16,2011-01-22,2011-01-17,5.0,0.799523183161791,0.8086534961683522,0.08280276002684,-0.1991,0.9991,822020.0,0.6706327127004302,False,True,True,False,2011_01_17
2011-01-23,2011-01-29,2011-01-17,12.0,0.799523183161791,0.8086534961683522,0.08280276002684,-0.1991,0.9991,822020.0,0.6706327127004302,False,True,True,False,2011_01_17
2011-01-30,2011-02-05,2011-02-02,3.0,0.800289213205927,0.8085306611835721,0.1011862747217533,-0.1987,0.9994,189439.0,0.1545509725569412,True,True,True,False,2011_02_02
2011-02-06,2011-02-12,2011-02-02,10.0,0.800289213205927,0.8085306611835721,0.1011862747217533,-0.1987,0.9994,189439.0,0.1545509725569412,True,True,True,False,2011_02_02
2011-02-13,2011-02-19,2011-02-18,1.0,0.8223234378551855,0.8555079515816092,0.1288195690620131,-0.199,0.9994,239748.0,0.19559481716321106,False,True,True,False,2011_02_18
2011-02-20,2011-02-26,2011-02-18,8.0,0.8223234378551855,0.8555079515816092,0.1288195690620131,-0.199,0.9994,239748.0,0.19559481716321106,False,True,True,False,2011_02_18
2011-02-27,2011-03-05,2011-02-18,15.0,0.8223234378551855,0.8555079515816092,0.1288195690620131,-0.199,0.9994,239748.0,0.19559481716321106,False,True,True,False,2011_02_18
2011-03-06,2011-03-12,2011-03-06,6.0,0.8371300599997612,0.8554238949760937,0.1003576045820975,-0.2,0.9993,930105.0,0.7588122420941507,False,True,True,False,2011_03_06
2011-03-13,2011-03-19,2011-03-06,13.0,0.8371300599997612,0.8554238949760937,0.1003576045820975,-0.2,0.9993,930105.0,0.7588122420941507,False,True,True,False,2011_03_06
2011-03-20,2011-03-26,2011-03-22,4.0,0.8151426821466757,0.8476658404745314,0.1295787001546768,-0.2,0.9994,397387.0,0.32420223571432066,False,True,True,False,2011_03_22
2011-03-27,2011-04-02,2011-03-22,11.0,0.8151426821466757,0.8476658404745314,0.1295787001546768,-0.2,0.9994,397387.0,0.32420223571432066,False,True,True,False,2011_03_22
2011-04-03,2011-04-09,2011-04-07,2.0,0.806951907483053,0.8475973927869429,0.1468128378108432,-0.2,0.9995,325805.0,0.26580313248018744,False,True,True,False,2011_04_07
2011-04-10,2011-04-16,2011-04-07,9.0,0.806951907483053,0.8475973927869429,0.1468128378108432,-0.2,0.9995,325805.0,0.26580313248018744,False,True,True,False,2011_04_07
2011-04-17,2011-04-23,2011-04-23,0.0,0.8045094900687484,0.8320671918618091,0.126334501812446,-0.2,0.9993,294202.0,0.24002029797558697,False,True,True,False,2011_04_23
2011-04-24,2011-04-30,2011-04-23,7.0,0.8045094900687484,0.8320671918618091,0.126334501812446,-0.2,0.9993,294202.0,0.24002029797558697,False,True,True,False,2011_04_23
2011-05-01,2011-05-07,2011-04-23,14.0,0.8045094900687484,0.8320671918618091,0.126334501812446,-0.2,0.9993,294202.0,0.24002029797558697,False,True,True,False,2011_04_23
2011-05-08,2011-05-14,2011-05-09,5.0,0.8206469658441149,0.8555270680801487,0.133272576374858,-0.2,0.9995,511742.0,0.4174970507563607,False,True,True,False,2011_05_09
2011-05-15,2011-05-21,2011-05-09,12.0,0.8206469658441149,0.8555270680801487,0.133272576374858,-0.2,0.9995,511742.0,0.4174970507563607,False,True,True,False,2011_05_09
2011-05-22,2011-05-28,2011-05-25,3.0,0.8089660110919387,0.8242187513414554,0.0952219346741104,-0.2,0.9993,1081923.0,0.8826706849261424,False,True,True,False,2011_05_25
2011-05-29,2011-06-04,2011-05-25,10.0,0.8089660110919387,0.8242187513414554,0.0952219346741104,-0.2,0.9993,1081923.0,0.8826706849261424,False,True,True,False,2011_05_25
2011-06-05,2011-06-11,2011-06-10,1.0,0.825835362696758,0.8555108861452213,0.1037681109294092,-0.2,0.9992,728721.0,0.5945161200843899,False,True,True,False,2011_06_10
2011-06-12,2011-06-18,2011-06-10,8.0,0.825835362696758,0.8555108861452213,0.1037681109294092,-0.2,0.9992,728721.0,0.5945161200843899,False,True,True,False,2011_06_10
2011-06-19,2011-06-25,2011-06-10,15.0,0.825835362696758,0.8555108861452213,0.1037681109294092,-0.2,0.9992,728721.0,0.5945161200843899,False,True,True,False,2011_06_10
2011-06-26,2011-07-02,2011-06-26,6.0,0.8138641759221459,0.8478295813853578,0.1173698671582007,-0.2,0.9994,439100.0,0.35823316238869973,False,True,True,False,2011_06_26
2011-07-03,2011-07-09,2011-06-26,13.0,0.8138641759221459,0.8478295813853578,0.1173698671582007,-0.2,0.9994,439100.0,0.35823316238869973,False,True,True,False,2011_06_26
2011-07-10,2011-07-16,2011-07-12,4.0,0.8327060930990522,0.8556183166307132,0.0936344727046871,-0.2,0.9994,1047327.0,0.8544460561718736,False,True,True,False,2011_07_12
2011-07-17,2011-07-23,2011-07-12,11.0,0.8327060930990522,0.8556183166307132,0.0936344727046871,-0.2,0.9994,1047327.0,0.8544460561718736,False,True,True,False,2011_07_12
2011-07-24,2011-07-30,2011-07-28,2.0,0.8373751175329154,0.8476122812090836,0.0798167939471736,-0.2,0.9993,1218573.0,0.9941545419983716,False,True,True,False,2011_07_28
2011-07-31,2011-08-06,2011-07-28,9.0,0.8373751175329154,0.8476122812090836,0.0798167939471736,-0.2,0.9993,1218573.0,0.9941545419983716,False,True,True,False,2011_07_28
2011-08-07,2011-08-13,2011-08-13,0.0,0.8330683525968529,0.8396503571402242,0.0865746276706711,-0.2,0.9992,1156888.0,0.9438297580722798,False,True,True,False,2011_08_13
2011-08-14,2011-08-20,2011-08-13,7.0,0.8330683525968529,0.8396503571402242,0.0865746276706711,-0.2,0.9992,1156888.0,0.9438297580722798,False,True,True,False,2011_08_13
2011-08-21,2011-08-27,2011-08-13,14.0,0.8330683525968529,0.8396503571402242,0.0865746276706711,-0.2,0.9992,1156888.0,0.9438297580722798,False,True,True,False,2011_08_13
2011-08-28,2011-09-03,2011-08-29,5.0,0.8415231403866946,0.8554565204915966,0.0847089289588727,-0.2,0.9991,1207745.0,0.9853206802758828,False,True,True,False,2011_08_29
2011-09-04,2011-09-10,2011-08-29,12.0,0.8415231403866946,0.8554565204915966,0.0847089289588727,-0.2,0.9991,1207745.0,0.9853206802758828,False,True,True,False,2011_08_29
2011-09-11,2011-09-17,2011-09-14,3.0,0.8298290703076825,0.8474662975119921,0.1050039331220004,-0.2,0.9992,1018887.0,0.8312437078723186,False,True,True,False,2011_09_14
2011-09-18,2011-09-24,2011-09-14,10.0,0.8298290703076825,0.8474662975119921,0.1050039331220004,-0.2,0.9992,1018887.0,0.8312437078723186,False,True,True,False,2011_09_14
2011-09-25,2011-10-01,2011-09-30,1.0,0.8395162514251505,0.8711544130707807,0.1110728258363934,-0.2,0.9994,395771.0,0.3228838463032067,False,True,True,False,2011_09_30
2011-10-02,2011-10-08,2011-09-30,8.0,0.8395162514251505,0.8711544130707807,0.1110728258363934,-0.2,0.9994,395771.0,0.3228838463032067,False,True,True,False,2011_09_30
2011-10-09,2011-10-15,2011-09-30,15.0,0.8395162514251505,0.8711544130707807,0.1110728258363934,-0.2,0.9994,395771.0,0.3228838463032067,False,True,True,False,2011_09_30
2011-10-16,2011-10-22,2011-10-16,6.0,0.8541652730814275,0.8708620774067921,0.0903475599452134,-0.2,0.9995,1030841.0,0.8409961998404226,False,True,True,False,2011_10_16
2011-10-23,2011-10-29,2011-10-16,13.0,0.8541652730814275,0.8708620774067921,0.0903475599452134,-0.2,0.9995,1030841.0,0.8409961998404226,False,True,True,False,2011_10_16
2011-10-30,2011-11-05,2011-11-01,4.0,0.8350505144453356,0.8475420447683961,0.1070537764739194,-0.2,0.9995,719471.0,0.5869696460418132,False,True,True,False,2011_11_01
2011-11-06,2011-11-12,2011-11-01,11.0,0.8350505144453356,0.8475420447683961,0.1070537764739194,-0.2,0.9995,719471.0,0.5869696460418132,False,True,True,False,2011_11_01
2011-11-13,2011-11-19,2011-11-17,2.0,0.8346857600211394,0.8631372409780608,0.1220927567557855,-0.2,0.9996,684641.0,0.5585541118901429,False,True,True,False,2011_11_17
2011-11-20,2011-11-26,2011-11-17,9.0,0.8346857600211394,0.8631372409780608,0.1220927567557855,-0.2,0.9996,684641.0,0.5585541118901429,False,True,True,False,2011_11_17
2011-11-27,2011-12-03,2011-12-03,0.0,0.8345311698225412,0.8710735265105771,0.1287267149018933,-0.199,0.9995,347201.0,0.2832587388169413,False,True,True,False,2011_12_03
2011-12-04,2011-12-10,2011-12-03,7.0,0.8345311698225412,0.8710735265105771,0.1287267149018933,-0.199,0.9995,347201.0,0.2832587388169413,False,True,True,False,2011_12_03
2011-12-11,2011-12-17,2011-12-03,14.0,0.8345311698225412,0.8710735265105771,0.1287267149018933,-0.199,0.9995,347201.0,0.2832587388169413,False,True,True,False,2011_12_03
2011-12-18,2011-12-24,2011-12-19,5.0,0.8411210584347989,0.8631968472913614,0.1028087291525623,-0.1933,0.9996,98297.0,0.08019413610412665,True,True,True,False,2011_12_19
2011-12-25,2011-12-31,2011-12-19,12.0,0.8411210584347989,0.8631968472913614,0.1028087291525623,-0.1933,0.9996,98297.0,0.08019413610412665,True,True,True,False,2011_12_19
2012-01-01,2012-01-07,2012-01-01,6.0,0.8070674634942767,0.8242859894692532,0.1078084164669197,-0.1993,0.9996,554091.0,0.4520468485108563,False,True,True,False,2012_01_01
2012-01-08,2012-01-14,2012-01-01,13.0,0.8070674634942767,0.8242859894692532,0.1078084164669197,-0.1993,0.9996,554091.0,0.4520468485108563,False,True,True,False,2012_01_01
2012-01-15,2012-01-21,2012-01-17,4.0,0.8364593290775882,0.8476483642306658,0.0881447794292389,-0.2,0.9993,1091624.0,0.8905851005679843,False,True,True,False,2012_01_17
2012-01-22,2012-01-28,2012-01-17,11.0,0.8364593290775882,0.8476483642306658,0.0881447794292389,-0.2,0.9993,1091624.0,0.8905851005679843,False,True,True,False,2012_01_17
2012-01-29,2012-02-04,2012-02-02,2.0,0.8133468495107247,0.8321228145938655,0.0924349566649261,-0.2,0.9991,1158894.0,0.9454663231457293,False,True,True,False,2012_02_02
2012-02-05,2012-02-11,2012-02-02,9.0,0.8133468495107247,0.8321228145938655,0.0924349566649261,-0.2,0.9991,1158894.0,0.9454663231457293,False,True,True,False,2012_02_02
2012-02-12,2012-02-18,2012-02-18,0.0,0.8175848052941385,0.8320724987886567,0.1021229738731824,-0.1993,0.9991,445049.0,0.36308656499186615,False,True,True,False,2012_02_18
2012-02-19,2012-02-25,2012-02-18,7.0,0.8175848052941385,0.8320724987886567,0.1021229738731824,-0.1993,0.9991,445049.0,0.36308656499186615,False,True,True,False,2012_02_18
2012-02-26,2012-03-03,2012-02-18,14.0,0.8175848052941385,0.8320724987886567,0.1021229738731824,-0.1993,0.9991,445049.0,0.36308656499186615,False,True,True,False,2012_02_18
2012-03-04,2012-03-10,2012-03-05,5.0,0.8106181723599788,0.8399858066591235,0.1185620751078523,-0.199,0.9994,271645.0,0.22161750716711076,False,True,True,False,2012_03_05
2012-03-11,2012-03-17,2012-03-05,12.0,0.8106181723599788,0.8399858066591235,0.1185620751078523,-0.199,0.9994,271645.0,0.22161750716711076,False,True,True,False,2012_03_05
2012-03-18,2012-03-24,2012-03-21,3.0,0.8251906644426118,0.8554784496870952,0.1061811044974821,-0.2,0.9994,855761.0,0.6981598025026555,False,True,True,False,2012_03_21
2012-03-25,2012-03-31,2012-03-21,10.0,0.8251906644426118,0.8554784496870952,0.1061811044974821,-0.2,0.9994,855761.0,0.6981598025026555,False,True,True,False,2012_03_21
2012-04-01,2012-04-07,2012-04-06,1.0,0.8007135565344774,0.8322412460309044,0.1279186329571055,-0.2,0.9995,343753.0,0.28044573962788133,False,True,True,False,2012_04_06
2012-04-08,2012-04-14,2012-04-06,8.0,0.8007135565344774,0.8322412460309044,0.1279186329571055,-0.2,0.9995,343753.0,0.28044573962788133,False,True,True,False,2012_04_06
2012-04-15,2012-04-21,2012-04-06,15.0,0.8007135565344774,0.8322412460309044,0.1279186329571055,-0.2,0.9995,343753.0,0.28044573962788133,False,True,True,False,2012_04_06
2012-04-22,2012-04-28,2012-04-22,6.0,0.8096457056652039,0.8555162828316579,0.1407471917874583,-0.1994,0.9994,276885.0,0.22589248273285156,False,True,True,False,2012_04_22
2012-04-29,2012-05-05,2012-04-22,13.0,0.8096457056652039,0.8555162828316579,0.1407471917874583,-0.1994,0.9994,276885.0,0.22589248273285156,False,True,True,False,2012_04_22
2012-05-06,2012-05-12,2012-05-08,4.0,0.8166352403027455,0.8399970647031422,0.0995896718155222,-0.2,0.9992,700603.0,0.5715764706650198,False,True,True,False,2012_05_08
2012-05-13,2012-05-19,2012-05-08,11.0,0.8166352403027455,0.8399970647031422,0.0995896718155222,-0.2,0.9992,700603.0,0.5715764706650198,False,True,True,False,2012_05_08
2012-05-20,2012-05-26,2012-05-24,2.0,0.8234288513371012,0.8476771989744514,0.101647068154829,-0.2,0.9993,906127.0,0.7392501497057283,False,True,True,False,2012_05_24
2012-05-27,2012-06-02,2012-05-24,9.0,0.8234288513371012,0.8476771989744514,0.101647068154829,-0.2,0.9993,906127.0,0.7392501497057283,False,True,True,False,2012_05_24
2012-06-03,2012-06-09,2012-06-09,0.0,0.845107435764293,0.8631635333348955,0.0845599719407636,-0.2,0.9991,1188893.0,0.9699405582595955,False,True,True,False,2012_06_09
2012-06-10,2012-06-16,2012-06-09,7.0,0.845107435764293,0.8631635333348955,0.0845599719407636,-0.2,0.9991,1188893.0,0.9699405582595955,False,True,True,False,2012_06_09
2012-06-17,2012-06-23,2012-06-09,14.0,0.845107435764293,0.8631635333348955,0.0845599719407636,-0.2,0.9991,1188893.0,0.9699405582595955,False,True,True,False,2012_06_09
2012-06-24,2012-06-30,2012-06-25,5.0,0.8137671190731188,0.8398674605423422,0.1008734875647039,-0.2,0.9994,855639.0,0.6980602706287967,False,True,True,False,2012_06_25
2012-07-01,2012-07-07,2012-06-25,12.0,0.8137671190731188,0.8398674605423422,0.1008734875647039,-0.2,0.9994,855639.0,0.6980602706287967,False,True,True,False,2012_06_25
2012-07-08,2012-07-14,2012-07-11,3.0,0.8288690514234651,0.8555488889836554,0.1005562974780783,-0.2,0.9994,1033318.0,0.84301702321377,False,True,True,False,2012_07_11
2012-07-15,2012-07-21,2012-07-11,10.0,0.8288690514234651,0.8555488889836554,0.1005562974780783,-0.2,0.9994,1033318.0,0.84301702321377,False,True,True,False,2012_07_11
2012-07-22,2012-07-28,2012-07-27,1.0,0.8500460246198144,0.8633200155019802,0.0759742538581792,-0.2,0.9988,1220437.0,0.9956752584973297,False,True,True,False,2012_07_27
2012-07-29,2012-08-04,2012-07-27,8.0,0.8500460246198144,0.8633200155019802,0.0759742538581792,-0.2,0.9988,1220437.0,0.9956752584973297,False,True,True,False,2012_07_27
2012-08-05,2012-08-11,2012-07-27,15.0,0.8500460246198144,0.8633200155019802,0.0759742538581792,-0.2,0.9988,1220437.0,0.9956752584973297,False,True,True,False,2012_07_27
2012-08-12,2012-08-18,2012-08-12,6.0,0.8510387216865267,0.8633733638940166,0.0824554204627971,-0.2,0.9965,1221936.0,0.996898195209743,False,True,True,False,2012_08_12
2012-08-19,2012-08-25,2012-08-12,13.0,0.8510387216865267,0.8633733638940166,0.0824554204627971,-0.2,0.9965,1221936.0,0.996898195209743,False,True,True,False,2012_08_12
2012-08-26,2012-09-01,2012-08-28,4.0,0.8436855159016643,0.8555033104413501,0.0920175552111162,-0.2,0.998,1223554.0,0.9982182162909202,False,True,True,False,2012_08_28
2012-09-02,2012-09-08,2012-08-28,11.0,0.8436855159016643,0.8555033104413501,0.0920175552111162,-0.2,0.998,1223554.0,0.9982182162909202,False,True,True,False,2012_08_28
2012-09-09,2012-09-15,2012-09-13,2.0,0.8413218909275617,0.8555490623131751,0.0902799482264582,-0.2,0.998,1223078.0,0.9978298788158644,False,True,True,False,2012_09_13
2012-09-16,2012-09-22,2012-09-13,9.0,0.8413218909275617,0.8555490623131751,0.0902799482264582,-0.2,0.998,1223078.0,0.9978298788158644,False,True,True,False,2012_09_13
2012-09-23,2012-09-29,2012-09-29,0.0,0.8424131330352163,0.8633679713342097,0.0985651247410662,-0.2,0.9993,1055568.0,0.8611693526675358,False,True,True,False,2012_09_29
2012-09-30,2012-10-06,2012-09-29,7.0,0.8424131330352163,0.8633679713342097,0.0985651247410662,-0.2,0.9993,1055568.0,0.8611693526675358,False,True,True,False,2012_09_29
2012-10-07,2012-10-13,2012-09-29,14.0,0.8424131330352163,0.8633679713342097,0.0985651247410662,-0.2,0.9993,1055568.0,0.8611693526675358,False,True,True,False,2012_09_29
2012-10-14,2012-10-20,2012-10-15,5.0,0.829564269858689,0.8475874607226209,0.1056464137108128,-0.2,0.9995,938049.0,0.7652932355854187,False,True,True,False,2012_10_15
2012-10-21,2012-10-27,2012-10-15,12.0,0.829564269858689,0.8475874607226209,0.1056464137108128,-0.2,0.9995,938049.0,0.7652932355854187,False,True,True,False,2012_10_15
2012-10-28,2012-11-03,2012-10-31,3.0,0.8471435341954423,0.8632582318979599,0.0945610959770938,-0.2,0.9993,1154011.0,0.9414826006862804,False,True,True,False,2012_10_31
2012-11-04,2012-11-10,2012-10-31,10.0,0.8471435341954423,0.8632582318979599,0.0945610959770938,-0.2,0.9993,1154011.0,0.9414826006862804,False,True,True,False,2012_10_31
2012-11-11,2012-11-17,2012-11-16,1.0,0.8414248742573219,0.8631740511727051,0.1034662586443343,-0.2,0.9993,487489.0,0.3977106037342401,False,True,True,False,2012_11_16
2012-11-18,2012-11-24,2012-11-16,8.0,0.8414248742573219,0.8631740511727051,0.1034662586443343,-0.2,0.9993,487489.0,0.3977106037342401,False,True,True,False,2012_11_16
2012-11-25,2012-12-01,2012-11-16,15.0,0.8414248742573219,0.8631740511727051,0.1034662586443343,-0.2,0.9993,487489.0,0.3977106037342401,False,True,True,False,2012_11_16
2012-12-02,2012-12-08,2012-12-02,6.0,0.8299441998631454,0.8555508089350001,0.1177319559799194,-0.2,0.9995,837518.0,0.6832765240206309,False,True,True,False,2012_12_02
2012-12-09,2012-12-15,2012-12-02,13.0,0.8299441998631454,0.8555508089350001,0.1177319559799194,-0.2,0.9995,837518.0,0.6832765240206309,False,True,True,False,2012_12_02
2012-12-16,2012-12-22,2012-12-18,4.0,0.8366432399991567,0.8633127002775745,0.1167700522333519,-0.1995,0.9995,533973.0,0.4356338793445255,False,True,True,False,2012_12_18
2012-12-23,2012-12-29,2012-12-18,11.0,0.8366432399991567,0.8633127002775745,0.1167700522333519,-0.1995,0.9995,533973.0,0.4356338793445255,False,True,True,False,2012_12_18
2012-12-30,2013-01-05,2013-01-01,4.0,0.8571219031836134,0.8790622113334781,0.0973836328411904,-0.2,0.9993,618101.0,0.5042684488854877,False,True,True,False,2013_01_01
2013-01-06,2013-01-12,2013-01-01,11.0,0.8571219031836134,0.8790622113334781,0.0973836328411904,-0.2,0.9993,618101.0,0.5042684488854877,False,True,True,False,2013_01_01
2013-01-13,2013-01-19,2013-01-17,2.0,0.8192319377287849,0.83986209247499,0.1049609597109517,-0.2,0.9994,965000.0,0.7872808055228768,False,True,True,False,2013_01_17
2013-01-20,2013-01-26,2013-01-17,9.0,0.8192319377287849,0.83986209247499,0.1049609597109517,-0.2,0.9994,965000.0,0.7872808055228768,False,True,True,False,2013_01_17
2013-01-27,2013-02-02,2013-02-02,0.0,0.8006033655606458,0.8398857031536646,0.1424473551594228,-0.2,0.9995,236399.0,0.19286258564228245,False,True,True,False,2013_02_02
2013-02-03,2013-02-09,2013-02-02,7.0,0.8006033655606458,0.8398857031536646,0.1424473551594228,-0.2,0.9995,236399.0,0.19286258564228245,False,True,True,False,2013_02_02
2013-02-10,2013-02-16,2013-02-02,14.0,0.8006033655606458,0.8398857031536646,0.1424473551594228,-0.2,0.9995,236399.0,0.19286258564228245,False,True,True,False,2013_02_02
2013-02-17,2013-02-23,2013-02-18,5.0,0.8091168619131751,0.85556800023633,0.1525794945606548,-0.1998,0.9992,99023.0,0.08078643233708999,True,True,True,False,2013_02_18
2013-02-24,2013-03-02,2013-02-18,12.0,0.8091168619131751,0.85556800023633,0.1525794945606548,-0.1998,0.9992,99023.0,0.08078643233708999,True,True,True,False,2013_02_18
2013-03-03,2013-03-09,2013-03-06,3.0,0.8140470200897972,0.8399892411454025,0.11567367146017,-0.2,0.9995,450266.0,0.36734277635187945,False,True,True,False,2013_03_06
2013-03-10,2013-03-16,2013-03-06,10.0,0.8140470200897972,0.8399892411454025,0.11567367146017,-0.2,0.9995,450266.0,0.36734277635187945,False,True,True,False,2013_03_06
2013-03-17,2013-03-23,2013-03-22,1.0,0.8318645386658883,0.8474151118995545,0.1192304760728963,-0.2,0.9995,810889.0,0.6615516529633576,False,True,True,False,2013_03_22
2013-03-24,2013-03-30,2013-03-22,8.0,0.8318645386658883,0.8474151118995545,0.1192304760728963,-0.2,0.9995,810889.0,0.6615516529633576,False,True,True,False,2013_03_22
2013-03-31,2013-04-06,2013-03-22,15.0,0.8318645386658883,0.8474151118995545,0.1192304760728963,-0.2,0.9995,810889.0,0.6615516529633576,False,True,True,False,2013_03_22
2013-04-07,2013-04-13,2013-04-07,6.0,0.8333281504003173,0.8634620629221457,0.0990415670225444,-0.2,0.9992,856763.0,0.6989772692043488,False,True,True,False,2013_04_07
2013-04-14,2013-04-20,2013-04-07,13.0,0.8333281504003173,0.8634620629221457,0.0990415670225444,-0.2,0.9992,856763.0,0.6989772692043488,False,True,True,False,2013_04_07
2013-04-21,2013-04-27,2013-04-23,4.0,0.8427393060108341,0.8554282920100496,0.0870126932639281,-0.2,0.9991,1219992.0,0.9953122119082545,False,True,True,False,2013_04_23
2013-04-28,2013-05-04,2013-04-23,11.0,0.8427393060108341,0.8554282920100496,0.0870126932639281,-0.2,0.9991,1219992.0,0.9953122119082545,False,True,True,False,2013_04_23
2013-05-05,2013-05-11,2013-05-09,2.0,0.8162261202367824,0.8556204549449392,0.1278193292443071,-0.2,0.9994,296000.0,0.24148716936245757,False,True,True,False,2013_05_09
2013-05-12,2013-05-18,2013-05-09,9.0,0.8162261202367824,0.8556204549449392,0.1278193292443071,-0.2,0.9994,296000.0,0.24148716936245757,False,True,True,False,2013_05_09
2013-05-19,2013-05-25,2013-05-25,0.0,0.8287561507775465,0.8634323756417992,0.1206115451588743,-0.2,0.9993,782634.0,0.6385002341446541,False,True,True,False,2013_05_25
2013-05-26,2013-06-01,2013-05-25,7.0,0.8287561507775465,0.8634323756417992,0.1206115451588743,-0.2,0.9993,782634.0,0.6385002341446541,False,True,True,False,2013_05_25
2013-06-02,2013-06-08,2013-05-25,14.0,0.8287561507775465,0.8634323756417992,0.1206115451588743,-0.2,0.9993,782634.0,0.6385002341446541,False,True,True,False,2013_05_25
2013-06-09,2013-06-15,2013-06-10,5.0,0.8387586519850593,0.8711339228475937,0.1121484225927644,-0.2,0.9994,801688.0,0.6540451548373306,False,True,True,False,2013_06_10
2013-06-16,2013-06-22,2013-06-10,12.0,0.8387586519850593,0.8711339228475937,0.1121484225927644,-0.2,0.9994,801688.0,0.6540451548373306,False,True,True,False,2013_06_10
2013-06-23,2013-06-29,2013-06-26,3.0,0.8405480552956934,0.8554764454007651,0.0834069785788624,-0.2,0.9993,1129031.0,0.921103041596165,False,True,True,False,2013_06_26
2013-06-30,2013-07-06,2013-06-26,10.0,0.8405480552956934,0.8554764454007651,0.0834069785788624,-0.2,0.9993,1129031.0,0.921103041596165,False,True,True,False,2013_06_26
2013-07-07,2013-07-13,2013-07-12,1.0,0.8367676925840359,0.8554490027832528,0.09678372168824,-0.2,0.9995,960851.0,0.7838959059766443,False,True,True,False,2013_07_12
2013-07-14,2013-07-20,2013-07-12,8.0,0.8367676925840359,0.8554490027832528,0.09678372168824,-0.2,0.9995,960851.0,0.7838959059766443,False,True,True,False,2013_07_12
2013-07-21,2013-07-27,2013-07-12,15.0,0.8367676925840359,0.8554490027832528,0.09678372168824,-0.2,0.9995,960851.0,0.7838959059766443,False,True,True,False,2013_07_12
2013-07-28,2013-08-03,2013-07-28,6.0,0.8384760631354206,0.8554839987638224,0.0888493617313966,-0.2,0.999,1156809.0,0.9437653071047809,False,True,True,False,2013_07_28
2013-08-04,2013-08-10,2013-07-28,13.0,0.8384760631354206,0.8554839987638224,0.0888493617313966,-0.2,0.999,1156809.0,0.9437653071047809,False,True,True,False,2013_07_28
2013-08-11,2013-08-17,2013-08-13,4.0,0.8282690461448702,0.839896243174201,0.0845135647241607,-0.2,0.9994,1022064.0,0.8338356157678068,False,True,True,False,2013_08_13
2013-08-18,2013-08-24,2013-08-13,11.0,0.8282690461448702,0.839896243174201,0.0845135647241607,-0.2,0.9994,1022064.0,0.8338356157678068,False,True,True,False,2013_08_13
2013-08-25,2013-08-31,2013-08-29,2.0,0.845432362692923,0.8554246600138788,0.0794986469677238,-0.2,0.9992,1220623.0,0.995827003813213,False,True,True,False,2013_08_29
2013-09-01,2013-09-07,2013-08-29,9.0,0.845432362692923,0.8554246600138788,0.0794986469677238,-0.2,0.9992,1220623.0,0.995827003813213,False,True,True,False,2013_08_29
2013-09-08,2013-09-14,2013-09-14,0.0,0.8303567605774594,0.8397541421504608,0.0786248569315743,-0.2,0.9979,1207630.0,0.9852268592472453,False,True,True,False,2013_09_14
2013-09-15,2013-09-21,2013-09-14,7.0,0.8303567605774594,0.8397541421504608,0.0786248569315743,-0.2,0.9979,1207630.0,0.9852268592472453,False,True,True,False,2013_09_14
2013-09-22,2013-09-28,2013-09-14,14.0,0.8303567605774594,0.8397541421504608,0.0786248569315743,-0.2,0.9979,1207630.0,0.9852268592472453,False,True,True,False,2013_09_14
2013-09-29,2013-10-05,2013-09-30,5.0,0.8091925459238815,0.8243481610703421,0.0941199164628965,-0.1997,0.9992,950890.0,0.7757693732265786,False,True,True,False,2013_09_30
2013-10-06,2013-10-12,2013-09-30,12.0,0.8091925459238815,0.8243481610703421,0.0941199164628965,-0.1997,0.9992,950890.0,0.7757693732265786,False,True,True,False,2013_09_30
2013-10-13,2013-10-19,2013-10-16,3.0,0.8455245085967651,0.8632110796974174,0.1045450319331418,-0.2,0.9993,1037485.0,0.8464166077905719,False,True,True,False,2013_10_16
2013-10-20,2013-10-26,2013-10-16,10.0,0.8455245085967651,0.8632110796974174,0.1045450319331418,-0.2,0.9993,1037485.0,0.8464166077905719,False,True,True,False,2013_10_16
2013-10-27,2013-11-02,2013-11-01,1.0,0.8488963505579186,0.8789319464705888,0.1274798357079033,-0.1998,0.9995,717380.0,0.585263734990675,False,True,True,False,2013_11_01
2013-11-03,2013-11-09,2013-11-01,8.0,0.8488963505579186,0.8789319464705888,0.1274798357079033,-0.1998,0.9995,717380.0,0.585263734990675,False,True,True,False,2013_11_01
2013-11-10,2013-11-16,2013-11-01,15.0,0.8488963505579186,0.8789319464705888,0.1274798357079033,-0.1998,0.9995,717380.0,0.585263734990675,False,True,True,False,2013_11_01
2013-11-17,2013-11-23,2013-11-17,6.0,0.8299935770732841,0.8475624374645828,0.1109355147953209,-0.2,0.9996,572808.0,0.4673168327978736,False,True,True,False,2013_11_17
2013-11-24,2013-11-30,2013-11-17,13.0,0.8299935770732841,0.8475624374645828,0.1109355147953209,-0.2,0.9996,572808.0,0.4673168327978736,False,True,True,False,2013_11_17
2013-12-01,2013-12-07,2013-12-03,4.0,0.8465869407378593,0.8788759743799597,0.1283136645781755,-0.2,0.9995,810052.0,0.6608687990418833,False,True,True,False,2013_12_03
2013-12-08,2013-12-14,2013-12-03,11.0,0.8465869407378593,0.8788759743799597,0.1283136645781755,-0.2,0.9995,810052.0,0.6608687990418833,False,True,True,False,2013_12_03
2013-12-15,2013-12-21,2013-12-19,2.0,0.8447040393886157,0.8633100643653174,0.0996510298796967,-0.2,0.9995,1198487.0,0.9777676795530529,False,True,True,False,2013_12_19
2013-12-22,2013-12-28,2013-12-19,9.0,0.8447040393886157,0.8633100643653174,0.0996510298796967,-0.2,0.9995,1198487.0,0.9777676795530529,False,True,True,False,2013_12_19
2013-12-29,2014-01-04,2014-01-01,3.0,0.8205326107668816,0.8319764906001277,0.106687450408021,-0.1997,0.9994,368313.0,0.30048264800471225,False,True,True,False,2014_01_01
2014-01-05,2014-01-11,2014-01-01,10.0,0.8205326107668816,0.8319764906001277,0.106687450408021,-0.1997,0.9994,368313.0,0.30048264800471225,False,True,True,False,2014_01_01
2014-01-12,2014-01-18,2014-01-17,1.0,0.8149250724466157,0.8242260350636111,0.0907465622069709,-0.2,0.9995,1101518.0,0.8986569723709308,False,True,True,False,2014_01_17
2014-01-19,2014-01-25,2014-01-17,8.0,0.8149250724466157,0.8242260350636111,0.0907465622069709,-0.2,0.9995,1101518.0,0.8986569723709308,False,True,True,False,2014_01_17
2014-01-26,2014-02-01,2014-01-17,15.0,0.8149250724466157,0.8242260350636111,0.0907465622069709,-0.2,0.9995,1101518.0,0.8986569723709308,False,True,True,False,2014_01_17
2014-02-02,2014-02-08,2014-02-02,6.0,0.8127425150186738,0.8478134553299422,0.1082407975366217,-0.1952,0.9992,356609.0,0.29093411479451564,False,True,True,False,2014_02_02
2014-02-09,2014-02-15,2014-02-02,13.0,0.8127425150186738,0.8478134553299422,0.1082407975366217,-0.1952,0.9992,356609.0,0.29093411479451564,False,True,True,False,2014_02_02
2014-02-16,2014-02-22,2014-02-18,4.0,0.8030917704683699,0.8243000482401369,0.0957205044575891,-0.1998,0.9993,199279.0,0.16257878926817965,True,True,True,False,2014_02_18
2014-02-23,2014-03-01,2014-02-18,11.0,0.8030917704683699,0.8243000482401369,0.0957205044575891,-0.1998,0.9993,199279.0,0.16257878926817965,True,True,True,False,2014_02_18
2014-03-02,2014-03-08,2014-03-06,2.0,0.7990115751135933,0.8242121727756186,0.1063777110025466,-0.1998,0.9992,260407.0,0.21244915308165366,False,True,True,False,2014_03_06
2014-03-09,2014-03-15,2014-03-06,9.0,0.7990115751135933,0.8242121727756186,0.1063777110025466,-0.1998,0.9992,260407.0,0.21244915308165366,False,True,True,False,2014_03_06
2014-03-16,2014-03-22,2014-03-22,0.0,0.8307394708708119,0.8476982610184075,0.1094157141743828,-0.2,0.9995,1161440.0,0.9475434391362592,False,True,True,False,2014_03_22
2014-03-23,2014-03-29,2014-03-22,7.0,0.8307394708708119,0.8476982610184075,0.1094157141743828,-0.2,0.9995,1161440.0,0.9475434391362592,False,True,True,False,2014_03_22
2014-03-30,2014-04-05,2014-03-22,14.0,0.8307394708708119,0.8476982610184075,0.1094157141743828,-0.2,0.9995,1161440.0,0.9475434391362592,False,True,True,False,2014_03_22
2014-04-06,2014-04-12,2014-04-07,5.0,0.8304343599519609,0.8555552785930907,0.1050219713725842,-0.2,0.9995,817991.0,0.6673457133579933,False,True,True,False,2014_04_07
2014-04-13,2014-04-19,2014-04-07,12.0,0.8304343599519609,0.8555552785930907,0.1050219713725842,-0.2,0.9995,817991.0,0.6673457133579933,False,True,True,False,2014_04_07
2014-04-20,2014-04-26,2014-04-23,3.0,0.8142436763375658,0.8477204266944861,0.1235836280214196,-0.2,0.9993,547996.0,0.44707433399307195,False,True,True,False,2014_04_23
2014-04-27,2014-05-03,2014-04-23,10.0,0.8142436763375658,0.8477204266944861,0.1235836280214196,-0.2,0.9993,547996.0,0.44707433399307195,False,True,True,False,2014_04_23
2014-05-04,2014-05-10,2014-05-09,1.0,0.8204512196657453,0.8478660003650469,0.1082201765902984,-0.2,0.9994,571671.0,0.4663892283669104,False,True,True,False,2014_05_09
2014-05-11,2014-05-17,2014-05-09,8.0,0.8204512196657453,0.8478660003650469,0.1082201765902984,-0.2,0.9994,571671.0,0.4663892283669104,False,True,True,False,2014_05_09
2014-05-18,2014-05-24,2014-05-09,15.0,0.8204512196657453,0.8478660003650469,0.1082201765902984,-0.2,0.9994,571671.0,0.4663892283669104,False,True,True,False,2014_05_09
2014-05-25,2014-05-31,2014-05-25,6.0,0.8087791784141243,0.8320259971795676,0.1164438969944905,-0.2,0.9994,735862.0,0.6003419980452592,False,True,True,False,2014_05_25
2014-06-01,2014-06-07,2014-05-25,13.0,0.8087791784141243,0.8320259971795676,0.1164438969944905,-0.2,0.9994,735862.0,0.6003419980452592,False,True,True,False,2014_05_25
2014-06-08,2014-06-14,2014-06-10,4.0,0.8003628368284551,0.8399851568900261,0.1395662053842464,-0.2,0.9995,345120.0,0.2815609861161194,False,True,True,False,2014_06_10
2014-06-15,2014-06-21,2014-06-10,11.0,0.8003628368284551,0.8399851568900261,0.1395662053842464,-0.2,0.9995,345120.0,0.2815609861161194,False,True,True,False,2014_06_10
2014-06-22,2014-06-28,2014-06-26,2.0,0.8186939451636619,0.8555377968343092,0.1188546105978631,-0.2,0.9994,671354.0,0.5477141118248762,False,True,True,False,2014_06_26
2014-06-29,2014-07-05,2014-06-26,9.0,0.8186939451636619,0.8555377968343092,0.1188546105978631,-0.2,0.9994,671354.0,0.5477141118248762,False,True,True,False,2014_06_26
2014-07-06,2014-07-12,2014-07-12,0.0,0.8086982868000917,0.8399928840754849,0.123120837411645,-0.2,0.9995,368587.0,0.30070618680337885,False,True,True,False,2014_07_12
2014-07-13,2014-07-19,2014-07-12,7.0,0.8086982868000917,0.8399928840754849,0.123120837411645,-0.2,0.9995,368587.0,0.30070618680337885,False,True,True,False,2014_07_12
2014-07-20,2014-07-26,2014-07-12,14.0,0.8086982868000917,0.8399928840754849,0.123120837411645,-0.2,0.9995,368587.0,0.30070618680337885,False,True,True,False,2014_07_12
2014-07-27,2014-08-02,2014-07-28,5.0,0.8345289950826587,0.855601213305842,0.0970761721199465,-0.2,0.9994,1109757.0,0.9053786371965298,False,True,True,False,2014_07_28
2014-08-03,2014-08-09,2014-07-28,12.0,0.8345289950826587,0.855601213305842,0.0970761721199465,-0.2,0.9994,1109757.0,0.9053786371965298,False,True,True,False,2014_07_28
2014-08-10,2014-08-16,2014-08-13,3.0,0.8291636589559718,0.847716038902101,0.0964100024216752,-0.2,0.9994,1069921.0,0.8728790328765201,False,True,True,False,2014_08_13
2014-08-17,2014-08-23,2014-08-13,10.0,0.8291636589559718,0.847716038902101,0.0964100024216752,-0.2,0.9994,1069921.0,0.8728790328765201,False,True,True,False,2014_08_13
2014-08-24,2014-08-30,2014-08-29,1.0,0.8402222263492123,0.8476741922035133,0.0801130087932735,-0.2,0.9948,1221198.0,0.9962961089564002,False,True,True,False,2014_08_29
2014-08-31,2014-09-06,2014-08-29,8.0,0.8402222263492123,0.8476741922035133,0.0801130087932735,-0.2,0.9948,1221198.0,0.9962961089564002,False,True,True,False,2014_08_29
2014-09-07,2014-09-13,2014-08-29,15.0,0.8402222263492123,0.8476741922035133,0.0801130087932735,-0.2,0.9948,1221198.0,0.9962961089564002,False,True,True,False,2014_08_29
2014-09-14,2014-09-20,2014-09-14,6.0,0.8317510997186209,0.8395710060982348,0.0922834293532465,-0.2,0.9994,1169844.0,0.954399716742077,False,True,True,False,2014_09_14
2014-09-21,2014-09-27,2014-09-14,13.0,0.8317510997186209,0.8395710060982348,0.0922834293532465,-0.2,0.9994,1169844.0,0.954399716742077,False,True,True,False,2014_09_14
2014-09-28,2014-10-04,2014-09-30,4.0,0.841077234532353,0.8554540254532936,0.0848666999164273,-0.2,0.9993,1159297.0,0.9457951046634762,False,True,True,False,2014_09_30
2014-10-05,2014-10-11,2014-09-30,11.0,0.841077234532353,0.8554540254532936,0.0848666999164273,-0.2,0.9993,1159297.0,0.9457951046634762,False,True,True,False,2014_09_30
2014-10-12,2014-10-18,2014-10-16,2.0,0.8414783623422519,0.8633406955911678,0.1005407418626595,-0.2,0.9994,936457.0,0.7639944262150639,False,True,True,False,2014_10_16
2014-10-19,2014-10-25,2014-10-16,9.0,0.8414783623422519,0.8633406955911678,0.1005407418626595,-0.2,0.9994,936457.0,0.7639944262150639,False,True,True,False,2014_10_16
2014-10-26,2014-11-01,2014-11-01,0.0,0.8256118118009664,0.8476090296608646,0.112756472218037,-0.1997,0.9995,400232.0,0.32652328637930783,False,True,True,False,2014_11_01
2014-11-02,2014-11-08,2014-11-01,7.0,0.8256118118009664,0.8476090296608646,0.112756472218037,-0.1997,0.9995,400232.0,0.32652328637930783,False,True,True,False,2014_11_01
2014-11-09,2014-11-15,2014-11-01,14.0,0.8256118118009664,0.8476090296608646,0.112756472218037,-0.1997,0.9995,400232.0,0.32652328637930783,False,True,True,False,2014_11_01
2014-11-16,2014-11-22,2014-11-17,5.0,0.8486335399822429,0.878837102779911,0.1235927265787133,-0.2,0.9994,907287.0,0.7401965183424191,False,True,True,False,2014_11_17
2014-11-23,2014-11-29,2014-11-17,12.0,0.8486335399822429,0.878837102779911,0.1235927265787133,-0.2,0.9994,907287.0,0.7401965183424191,False,True,True,False,2014_11_17
2014-11-30,2014-12-06,2014-12-03,3.0,0.8277396936435862,0.855417271046618,0.1159628080991101,-0.2,0.9993,816333.0,0.6659930588755509,False,True,True,False,2014_12_03
2014-12-07,2014-12-13,2014-12-03,10.0,0.8277396936435862,0.855417271046618,0.1159628080991101,-0.2,0.9993,816333.0,0.6659930588755509,False,True,True,False,2014_12_03
2014-12-14,2014-12-20,2014-12-19,1.0,0.8305093234539249,0.8555886375351538,0.1194147871286479,-0.2,0.9992,510781.0,0.4167130332909643,False,True,True,False,2014_12_19
2014-12-21,2014-12-27,2014-12-19,8.0,0.8305093234539249,0.8555886375351538,0.1194147871286479,-0.2,0.9992,510781.0,0.4167130332909643,False,True,True,False,2014_12_19
2014-12-28,2015-01-03,2015-01-01,2.0,0.8211570380044338,0.8556047713435099,0.1116330574806307,-0.1989,0.9995,69091.0,0.05636685817034309,True,True,True,False,2015_01_01
2015-01-04,2015-01-10,2015-01-01,9.0,0.8211570380044338,0.8556047713435099,0.1116330574806307,-0.1989,0.9995,69091.0,0.05636685817034309,True,True,True,False,2015_01_01
2015-01-11,2015-01-17,2015-01-17,0.0,0.8261694724613597,0.8867753272464987,0.1714589864616289,-0.1981,0.9996,278727.0,0.22739525086111387,False,True,True,False,2015_01_17
2015-01-18,2015-01-24,2015-01-17,7.0,0.8261694724613597,0.8867753272464987,0.1714589864616289,-0.1981,0.9996,278727.0,0.22739525086111387,False,True,True,False,2015_01_17
2015-01-25,2015-01-31,2015-01-17,14.0,0.8261694724613597,0.8867753272464987,0.1714589864616289,-0.1981,0.9996,278727.0,0.22739525086111387,False,True,True,False,2015_01_17
2015-02-01,2015-02-07,2015-02-02,5.0,0.7844695255022698,0.7929216823614555,0.1020351846559436,-0.2,0.9992,350899.0,0.28627569676390874,False,True,True,False,2015_02_02
2015-02-08,2015-02-14,2015-02-02,12.0,0.7844695255022698,0.7929216823614555,0.1020351846559436,-0.2,0.9992,350899.0,0.28627569676390874,False,True,True,False,2015_02_02
2015-02-15,2015-02-21,2015-02-18,3.0,0.8269458660295682,0.8475614098900923,0.1075240159009311,-0.2,0.9992,362741.0,0.2959368152084703,False,True,True,False,2015_02_18
2015-02-22,2015-02-28,2015-02-18,10.0,0.8269458660295682,0.8475614098900923,0.1075240159009311,-0.2,0.9992,362741.0,0.2959368152084703,False,True,True,False,2015_02_18
2015-03-01,2015-03-07,2015-03-06,1.0,0.7961298043278512,0.832151565954045,0.1283149831050156,-0.1994,0.9991,51510.0,0.042023662479257394,True,True,True,False,2015_03_06
2015-03-08,2015-03-14,2015-03-06,8.0,0.7961298043278512,0.832151565954045,0.1283149831050156,-0.1994,0.9991,51510.0,0.042023662479257394,True,True,True,False,2015_03_06
2015-03-15,2015-03-21,2015-03-06,15.0,0.7961298043278512,0.832151565954045,0.1283149831050156,-0.1994,0.9991,51510.0,0.042023662479257394,True,True,True,False,2015_03_06
2015-03-22,2015-03-28,2015-03-22,6.0,0.8117024955010523,0.8399837372596725,0.1114868000756115,-0.1996,0.9993,429148.0,0.3501139721539187,False,True,True,False,2015_03_22
2015-03-29,2015-04-04,2015-03-22,13.0,0.8117024955010523,0.8399837372596725,0.1114868000756115,-0.1996,0.9993,429148.0,0.3501139721539187,False,True,True,False,2015_03_22
2015-04-05,2015-04-11,2015-04-07,4.0,0.8088382500764171,0.8398517767973042,0.1170111094063032,-0.1996,0.9993,374881.0,0.30584105249245763,False,True,True,False,2015_04_07
2015-04-12,2015-04-18,2015-04-07,11.0,0.8088382500764171,0.8398517767973042,0.1170111094063032,-0.1996,0.9993,374881.0,0.30584105249245763,False,True,True,False,2015_04_07
2015-04-19,2015-04-25,2015-04-23,2.0,0.8103799661283603,0.8476953747929714,0.1133460373807857,-0.2,0.9994,238777.0,0.19480264134749842,False,True,True,False,2015_04_23
2015-04-26,2015-05-02,2015-04-23,9.0,0.8103799661283603,0.8476953747929714,0.1133460373807857,-0.2,0.9994,238777.0,0.19480264134749842,False,True,True,False,2015_04_23
2015-05-03,2015-05-09,2015-05-09,0.0,0.8152479761250727,0.8478076341852476,0.1046456052130828,-0.2,0.9995,322718.0,0.2632846497375459,False,True,True,False,2015_05_09
2015-05-10,2015-05-16,2015-05-09,7.0,0.8152479761250727,0.8478076341852476,0.1046456052130828,-0.2,0.9995,322718.0,0.2632846497375459,False,True,True,False,2015_05_09
2015-05-17,2015-05-23,2015-05-09,14.0,0.8152479761250727,0.8478076341852476,0.1046456052130828,-0.2,0.9995,322718.0,0.2632846497375459,False,True,True,False,2015_05_09
2015-05-24,2015-05-30,2015-05-25,5.0,0.8098677489480569,0.8476911044753392,0.1303945935878057,-0.2,0.9994,313546.0,0.2558018108274362,False,True,True,False,2015_05_25
2015-05-31,2015-06-06,2015-05-25,12.0,0.8098677489480569,0.8476911044753392,0.1303945935878057,-0.2,0.9994,313546.0,0.2558018108274362,False,True,True,False,2015_05_25
2015-06-07,2015-06-13,2015-06-10,3.0,0.8070349238286182,0.8477733460495279,0.1336484751016873,-0.1997,0.9994,592028.0,0.4829971821058007,False,True,True,False,2015_06_10
2015-06-14,2015-06-20,2015-06-10,10.0,0.8070349238286182,0.8477733460495279,0.1336484751016873,-0.1997,0.9994,592028.0,0.4829971821058007,False,True,True,False,2015_06_10
2015-06-21,2015-06-27,2015-06-26,1.0,0.82540141180259,0.8554890002069062,0.099070177263797,-0.2,0.9993,882106.0,0.7196529764109459,False,True,True,False,2015_06_26
2015-06-28,2015-07-04,2015-06-26,8.0,0.82540141180259,0.8554890002069062,0.099070177263797,-0.2,0.9993,882106.0,0.7196529764109459,False,True,True,False,2015_06_26
2015-07-05,2015-07-11,2015-06-26,15.0,0.82540141180259,0.8554890002069062,0.099070177263797,-0.2,0.9993,882106.0,0.7196529764109459,False,True,True,False,2015_06_26
2015-07-12,2015-07-18,2015-07-12,6.0,0.8243129817088665,0.8397459203280226,0.0879480466165208,-0.2,0.9993,1062875.0,0.8671306592436556,False,True,True,False,2015_07_12
2015-07-19,2015-07-25,2015-07-12,13.0,0.8243129817088665,0.8397459203280226,0.0879480466165208,-0.2,0.9993,1062875.0,0.8671306592436556,False,True,True,False,2015_07_12
2015-07-26,2015-08-01,2015-07-28,4.0,0.8363481609378194,0.8474634033996497,0.0876934000156099,-0.2,0.9993,1172264.0,0.9563740375186215,False,True,True,False,2015_07_28
2015-08-02,2015-08-08,2015-07-28,11.0,0.8363481609378194,0.8474634033996497,0.0876934000156099,-0.2,0.9993,1172264.0,0.9563740375186215,False,True,True,False,2015_07_28
2015-08-09,2015-08-15,2015-08-13,2.0,0.8417953262361602,0.8634387738601995,0.0967577408211207,-0.2,0.9993,1197841.0,0.97724065012262,False,True,True,False,2015_08_13
2015-08-16,2015-08-22,2015-08-13,9.0,0.8417953262361602,0.8634387738601995,0.0967577408211207,-0.2,0.9993,1197841.0,0.97724065012262,False,True,True,False,2015_08_13
2015-08-23,2015-08-29,2015-08-29,0.0,0.8251089535006293,0.8397904564111149,0.0898694296164057,-0.2,0.9989,1207879.0,0.9854300021701212,False,True,True,False,2015_08_29
2015-08-30,2015-09-05,2015-08-29,7.0,0.8251089535006293,0.8397904564111149,0.0898694296164057,-0.2,0.9989,1207879.0,0.9854300021701212,False,True,True,False,2015_08_29
2015-09-06,2015-09-12,2015-08-29,14.0,0.8251089535006293,0.8397904564111149,0.0898694296164057,-0.2,0.9989,1207879.0,0.9854300021701212,False,True,True,False,2015_08_29
2015-09-13,2015-09-19,2015-09-14,5.0,0.8521152029588597,0.8712622939583173,0.0936579880605568,-0.2,0.9993,1220843.0,0.9960064875201715,False,True,True,False,2015_09_14
2015-09-20,2015-09-26,2015-09-14,12.0,0.8521152029588597,0.8712622939583173,0.0936579880605568,-0.2,0.9993,1220843.0,0.9960064875201715,False,True,True,False,2015_09_14
2015-09-27,2015-10-03,2015-09-30,3.0,0.8347299611465641,0.8319074722230215,0.0857934887156108,-0.2,0.9992,1032342.0,0.8422207682228992,False,True,True,False,2015_09_30
2015-10-04,2015-10-10,2015-09-30,10.0,0.8347299611465641,0.8319074722230215,0.0857934887156108,-0.2,0.9992,1032342.0,0.8422207682228992,False,True,True,False,2015_09_30
2015-10-11,2015-10-17,2015-10-16,1.0,0.8380996676166754,0.8476561097149501,0.0929548966294583,-0.2,0.9992,1213380.0,0.9899179106791174,False,True,True,False,2015_10_16
2015-10-18,2015-10-24,2015-10-16,8.0,0.8380996676166754,0.8476561097149501,0.0929548966294583,-0.2,0.9992,1213380.0,0.9899179106791174,False,True,True,False,2015_10_16
2015-10-25,2015-10-31,2015-10-16,15.0,0.8380996676166754,0.8476561097149501,0.0929548966294583,-0.2,0.9992,1213380.0,0.9899179106791174,False,True,True,False,2015_10_16
2015-11-01,2015-11-07,2015-11-01,6.0,0.865224217190688,0.8946378443226524,0.116298741154118,-0.2,0.9995,500703.0,0.4084910478421979,False,True,True,False,2015_11_01
2015-11-08,2015-11-14,2015-11-01,13.0,0.865224217190688,0.8946378443226524,0.116298741154118,-0.2,0.9995,500703.0,0.4084910478421979,False,True,True,False,2015_11_01
2015-11-15,2015-11-21,2015-11-17,4.0,0.8464264593094741,0.8631425627954484,0.1164346409871203,-0.2,0.9995,856403.0,0.698683568592962,False,True,True,False,2015_11_17
2015-11-22,2015-11-28,2015-11-17,11.0,0.8464264593094741,0.8631425627954484,0.1164346409871203,-0.2,0.9995,856403.0,0.698683568592962,False,True,True,False,2015_11_17
2015-11-29,2015-12-05,2015-12-03,2.0,0.8634860894580814,0.8868383580528637,0.1042550515594864,-0.2,0.9993,1131443.0,0.9230708356924563,False,True,True,False,2015_12_03
2015-12-06,2015-12-12,2015-12-03,9.0,0.8634860894580814,0.8868383580528637,0.1042550515594864,-0.2,0.9993,1131443.0,0.9230708356924563,False,True,True,False,2015_12_03
2015-12-13,2015-12-19,2015-12-19,0.0,0.825991051361952,0.8710127371088492,0.150462855395523,-0.1988,0.9993,253916.0,0.20715356789134381,False,True,True,False,2015_12_19
2015-12-20,2015-12-26,2015-12-19,7.0,0.825991051361952,0.8710127371088492,0.150462855395523,-0.1988,0.9993,253916.0,0.20715356789134381,False,True,True,False,2015_12_19
2015-12-27,2016-01-02,2016-01-01,1.0,0.8337740432837183,0.8555218629564254,0.1080722483484662,-0.2,0.9995,912311.0,0.7442952735413277,False,True,True,False,2016_01_01
2016-01-03,2016-01-09,2016-01-01,8.0,0.8337740432837183,0.8555218629564254,0.1080722483484662,-0.2,0.9995,912311.0,0.7442952735413277,False,True,True,False,2016_01_01
2016-01-10,2016-01-16,2016-01-01,15.0,0.8337740432837183,0.8555218629564254,0.1080722483484662,-0.2,0.9995,912311.0,0.7442952735413277,False,True,True,False,2016_01_01
2016-01-17,2016-01-23,2016-01-17,6.0,0.8549793714878339,0.87105702695289,0.0851922356110595,-0.1963,0.9995,689844.0,0.5627989015597135,False,True,True,False,2016_01_17
2016-01-24,2016-01-30,2016-01-17,13.0,0.8549793714878339,0.87105702695289,0.0851922356110595,-0.1963,0.9995,689844.0,0.5627989015597135,False,True,True,False,2016_01_17
2016-01-31,2016-02-06,2016-02-02,4.0,0.7649075048527024,0.8009177835736114,0.1491382631877836,-0.1887,0.9995,82828.0,0.06757398399984337,True,True,True,False,2016_02_02
2016-02-07,2016-02-13,2016-02-02,11.0,0.7649075048527024,0.8009177835736114,0.1491382631877836,-0.1887,0.9995,82828.0,0.06757398399984337,True,True,True,False,2016_02_02
2016-02-14,2016-02-20,2016-02-18,2.0,0.8102430792946635,0.8556915639424171,0.1607053023296231,-0.1925,0.9991,14589.0,0.011902217276448964,True,True,True,False,2016_02_18
2016-02-21,2016-02-27,2016-02-18,9.0,0.8102430792946635,0.8556915639424171,0.1607053023296231,-0.1925,0.9991,14589.0,0.011902217276448964,True,True,True,False,2016_02_18
2016-02-28,2016-03-05,2016-03-05,0.0,0.8051323555249108,0.8319639387972905,0.1322784685626166,-0.1985,0.9993,339971.0,0.27736025153825694,False,True,True,False,2016_03_05
2016-03-06,2016-03-12,2016-03-05,7.0,0.8051323555249108,0.8319639387972905,0.1322784685626166,-0.1985,0.9993,339971.0,0.27736025153825694,False,True,True,False,2016_03_05
2016-03-13,2016-03-19,2016-03-05,14.0,0.8051323555249108,0.8319639387972905,0.1322784685626166,-0.1985,0.9993,339971.0,0.27736025153825694,False,True,True,False,2016_03_05
2016-03-20,2016-03-26,2016-03-21,5.0,0.8250807280960171,0.8475655749246193,0.1036476340153148,-0.1998,0.9994,239378.0,0.195292958201508,False,True,True,False,2016_03_21
2016-03-27,2016-04-02,2016-03-21,12.0,0.8250807280960171,0.8475655749246193,0.1036476340153148,-0.1998,0.9994,239378.0,0.195292958201508,False,True,True,False,2016_03_21
2016-04-03,2016-04-09,2016-04-06,3.0,0.8099233472004712,0.8477759755799708,0.1452143910172383,-0.2,0.9996,314898.0,0.25690481979019986,False,True,True,False,2016_04_06
2016-04-10,2016-04-16,2016-04-06,10.0,0.8099233472004712,0.8477759755799708,0.1452143910172383,-0.2,0.9996,314898.0,0.25690481979019986,False,True,True,False,2016_04_06
2016-04-17,2016-04-23,2016-04-22,1.0,0.8433591786807957,0.8712006278754792,0.1106405073516734,-0.2,0.9994,989578.0,0.8073323989302771,False,True,True,False,2016_04_22
2016-04-24,2016-04-30,2016-04-22,8.0,0.8433591786807957,0.8712006278754792,0.1106405073516734,-0.2,0.9994,989578.0,0.8073323989302771,False,True,True,False,2016_04_22
2016-05-01,2016-05-07,2016-04-22,15.0,0.8433591786807957,0.8712006278754792,0.1106405073516734,-0.2,0.9994,989578.0,0.8073323989302771,False,True,True,False,2016_04_22
2016-05-08,2016-05-14,2016-05-08,6.0,0.8231487549078259,0.8632575946602153,0.1413106946857436,-0.2,0.9994,497441.0,0.40582979396902114,False,True,True,False,2016_05_08
2016-05-15,2016-05-21,2016-05-08,13.0,0.8231487549078259,0.8632575946602153,0.1413106946857436,-0.2,0.9994,497441.0,0.40582979396902114,False,True,True,False,2016_05_08
2016-05-22,2016-05-28,2016-05-24,4.0,0.8419284309859177,0.8633520557103266,0.0879483938708525,-0.2,0.9993,867797.0,0.7079791929433533,False,True,True,False,2016_05_24
2016-05-29,2016-06-04,2016-05-24,11.0,0.8419284309859177,0.8633520557103266,0.0879483938708525,-0.2,0.9993,867797.0,0.7079791929433533,False,True,True,False,2016_05_24
2016-06-05,2016-06-11,2016-06-09,2.0,0.8232139733464195,0.855619461525092,0.1159996645608426,-0.2,0.9994,550679.0,0.449263219382935,False,True,True,False,2016_06_09
2016-06-12,2016-06-18,2016-06-09,9.0,0.8232139733464195,0.855619461525092,0.1159996645608426,-0.2,0.9994,550679.0,0.449263219382935,False,True,True,False,2016_06_09
2016-06-19,2016-06-25,2016-06-25,0.0,0.8162924121560774,0.8399902470808792,0.104629844263375,-0.1993,0.9995,283323.0,0.231144828666485,False,True,True,False,2016_06_25
2016-06-26,2016-07-02,2016-06-25,7.0,0.8162924121560774,0.8399902470808792,0.104629844263375,-0.1993,0.9995,283323.0,0.231144828666485,False,True,True,False,2016_06_25
2016-07-03,2016-07-09,2016-06-25,14.0,0.8162924121560774,0.8399902470808792,0.104629844263375,-0.1993,0.9995,283323.0,0.231144828666485,False,True,True,False,2016_06_25
2016-07-10,2016-07-16,2016-07-11,5.0,0.830629959108513,0.8474292737374094,0.0928839360308799,-0.2,0.9992,1096164.0,0.8942889916115841,False,True,True,False,2016_07_11
2016-07-17,2016-07-23,2016-07-11,12.0,0.830629959108513,0.8474292737374094,0.0928839360308799,-0.2,0.9992,1096164.0,0.8942889916115841,False,True,True,False,2016_07_11
2016-07-24,2016-07-30,2016-07-27,3.0,0.8236179312826288,0.8398288333204861,0.0912902756377164,-0.2,0.9995,1033081.0,0.8428236703112737,False,True,True,False,2016_07_27
2016-07-31,2016-08-06,2016-07-27,10.0,0.8236179312826288,0.8398288333204861,0.0912902756377164,-0.2,0.9995,1033081.0,0.8428236703112737,False,True,True,False,2016_07_27
2016-08-07,2016-08-13,2016-08-12,1.0,0.8281442765797211,0.8398489747331487,0.0879197361413241,-0.2,0.9983,1219573.0,0.9949703770300015,False,True,True,False,2016_08_12
2016-08-14,2016-08-20,2016-08-12,8.0,0.8281442765797211,0.8398489747331487,0.0879197361413241,-0.2,0.9983,1219573.0,0.9949703770300015,False,True,True,False,2016_08_12
2016-08-21,2016-08-27,2016-08-12,15.0,0.8281442765797211,0.8398489747331487,0.0879197361413241,-0.2,0.9983,1219573.0,0.9949703770300015,False,True,True,False,2016_08_12
2016-08-28,2016-09-03,2016-08-28,6.0,0.8224197505772683,0.8477323865620714,0.1018849368238825,-0.2,0.9993,997360.0,0.8136812271464212,False,True,True,False,2016_08_28
2016-09-04,2016-09-10,2016-08-28,13.0,0.8224197505772683,0.8477323865620714,0.1018849368238825,-0.2,0.9993,997360.0,0.8136812271464212,False,True,True,False,2016_08_28
2016-09-11,2016-09-17,2016-09-13,4.0,0.8305661078643733,0.8476958253204835,0.0955826111995528,-0.2,0.9994,1123042.0,0.9162170055917334,False,True,True,False,2016_09_13
2016-09-18,2016-09-24,2016-09-13,11.0,0.8305661078643733,0.8476958253204835,0.0955826111995528,-0.2,0.9994,1123042.0,0.9162170055917334,False,True,True,False,2016_09_13
2016-09-25,2016-10-01,2016-09-29,2.0,0.833954486207714,0.8554513024155947,0.1017774221137335,-0.2,0.9994,765890.0,0.6248398923750427,False,True,True,False,2016_09_29
2016-10-02,2016-10-08,2016-09-29,9.0,0.833954486207714,0.8554513024155947,0.1017774221137335,-0.2,0.9994,765890.0,0.6248398923750427,False,True,True,False,2016_09_29
2016-10-09,2016-10-15,2016-10-15,0.0,0.8254280228715873,0.8398054712706766,0.0934535303588808,-0.2,0.9992,1101176.0,0.8983779567901133,False,True,True,False,2016_10_15
2016-10-16,2016-10-22,2016-10-15,7.0,0.8254280228715873,0.8398054712706766,0.0934535303588808,-0.2,0.9992,1101176.0,0.8983779567901133,False,True,True,False,2016_10_15
2016-10-23,2016-10-29,2016-10-15,14.0,0.8254280228715873,0.8398054712706766,0.0934535303588808,-0.2,0.9992,1101176.0,0.8983779567901133,False,True,True,False,2016_10_15
2016-10-30,2016-11-05,2016-10-31,5.0,0.8336600128387011,0.8476226383603405,0.0972104562734346,-0.2,0.9994,1069371.0,0.8724303236091236,False,True,True,False,2016_10_31
2016-11-06,2016-11-12,2016-10-31,12.0,0.8336600128387011,0.8476226383603405,0.0972104562734346,-0.2,0.9994,1069371.0,0.8724303236091236,False,True,True,False,2016_10_31
2016-11-13,2016-11-19,2016-11-16,3.0,0.8439413973891899,0.8633401330416233,0.1051628970090504,-0.2,0.9995,1069688.0,0.8726889433141504,False,True,True,False,2016_11_16
2016-11-20,2016-11-26,2016-11-16,10.0,0.8439413973891899,0.8633401330416233,0.1051628970090504,-0.2,0.9995,1069688.0,0.8726889433141504,False,True,True,False,2016_11_16
2016-11-27,2016-12-03,2016-12-02,1.0,0.8328953545865259,0.8553926807421036,0.1106540095360482,-0.2,0.9995,506470.0,0.4131959684696077,False,True,True,False,2016_12_02
2016-12-04,2016-12-10,2016-12-02,8.0,0.8328953545865259,0.8553926807421036,0.1106540095360482,-0.2,0.9995,506470.0,0.4131959684696077,False,True,True,False,2016_12_02
2016-12-11,2016-12-17,2016-12-02,15.0,0.8328953545865259,0.8553926807421036,0.1106540095360482,-0.2,0.9995,506470.0,0.4131959684696077,False,True,True,False,2016_12_02
2016-12-18,2016-12-24,2016-12-18,6.0,0.8245745361690795,0.8398033948201084,0.1036012269418032,-0.2,0.9994,856545.0,0.6987994171674534,False,True,True,False,2016_12_18
2016-12-25,2016-12-31,2016-12-18,13.0,0.8245745361690795,0.8398033948201084,0.1036012269418032,-0.2,0.9994,856545.0,0.6987994171674534,False,True,True,False,2016_12_18
2017-01-01,2017-01-07,2017-01-01,6.0,0.8265755923657225,0.8633571199957535,0.1261466220778163,-0.1808,0.9994,91509.0,0.07465624790942273,True,True,True,False,2017_01_01
2017-01-08,2017-01-14,2017-01-01,13.0,0.8265755923657225,0.8633571199957535,0.1261466220778163,-0.1808,0.9994,91509.0,0.07465624790942273,True,True,True,False,2017_01_01
2017-01-15,2017-01-21,2017-01-17,4.0,0.841830101636033,0.8632846450582883,0.1025903934097664,-0.2,0.9992,595513.0,0.485840367191031,False,True,True,False,2017_01_17
2017-01-22,2017-01-28,2017-01-17,11.0,0.841830101636033,0.8632846450582883,0.1025903934097664,-0.2,0.9992,595513.0,0.485840367191031,False,True,True,False,2017_01_17
2017-01-29,2017-02-04,2017-02-02,2.0,0.8223710813023132,0.8400025155624505,0.1007047248971858,-0.2,0.9986,1162692.0,0.9485648645958598,False,True,True,False,2017_02_02
2017-02-05,2017-02-11,2017-02-02,9.0,0.8223710813023132,0.8400025155624505,0.1007047248971858,-0.2,0.9986,1162692.0,0.9485648645958598,False,True,True,False,2017_02_02
2017-02-12,2017-02-18,2017-02-18,0.0,0.8108141762897596,0.8242801672303608,0.1057187199995863,-0.2,0.9995,1026994.0,0.8378576824737424,False,True,True,False,2017_02_18
2017-02-19,2017-02-25,2017-02-18,7.0,0.8108141762897596,0.8242801672303608,0.1057187199995863,-0.2,0.9995,1026994.0,0.8378576824737424,False,True,True,False,2017_02_18
2017-02-26,2017-03-04,2017-02-18,14.0,0.8108141762897596,0.8242801672303608,0.1057187199995863,-0.2,0.9995,1026994.0,0.8378576824737424,False,True,True,False,2017_02_18
2017-03-05,2017-03-11,2017-03-06,5.0,0.8028924091879657,0.8243542069054193,0.109055685097461,-0.2,0.9994,702747.0,0.5733256209728343,False,True,True,False,2017_03_06
2017-03-12,2017-03-18,2017-03-06,12.0,0.8028924091879657,0.8243542069054193,0.109055685097461,-0.2,0.9994,702747.0,0.5733256209728343,False,True,True,False,2017_03_06
2017-03-19,2017-03-25,2017-03-22,3.0,0.801323130964561,0.8398998624849029,0.1505578943019725,-0.2,0.9995,227866.0,0.1859010653173843,False,True,True,False,2017_03_22
2017-03-26,2017-04-01,2017-03-22,10.0,0.801323130964561,0.8398998624849029,0.1505578943019725,-0.2,0.9995,227866.0,0.1859010653173843,False,True,True,False,2017_03_22
2017-04-02,2017-04-08,2017-04-07,1.0,0.822414778054407,0.8477016127439814,0.1037461219693789,-0.2,0.9994,449363.0,0.3666060773183176,False,True,True,False,2017_04_07
2017-04-09,2017-04-15,2017-04-07,8.0,0.822414778054407,0.8477016127439814,0.1037461219693789,-0.2,0.9994,449363.0,0.3666060773183176,False,True,True,False,2017_04_07
2017-04-16,2017-04-22,2017-04-07,15.0,0.822414778054407,0.8477016127439814,0.1037461219693789,-0.2,0.9994,449363.0,0.3666060773183176,False,True,True,False,2017_04_07
2017-04-23,2017-04-29,2017-04-23,6.0,0.825531836583929,0.8633194812088726,0.1248611257154648,-0.1996,0.9995,340276.0,0.27760908122290406,False,True,True,False,2017_04_23
2017-04-30,2017-05-06,2017-04-23,13.0,0.825531836583929,0.8633194812088726,0.1248611257154648,-0.1996,0.9995,340276.0,0.27760908122290406,False,True,True,False,2017_04_23
2017-05-07,2017-05-13,2017-05-09,4.0,0.8128604918687865,0.8399752075747576,0.1195508801972116,-0.2,0.9995,492491.0,0.401791410562453,False,True,True,False,2017_05_09
2017-05-14,2017-05-20,2017-05-09,11.0,0.8128604918687865,0.8399752075747576,0.1195508801972116,-0.2,0.9995,492491.0,0.401791410562453,False,True,True,False,2017_05_09
2017-05-21,2017-05-27,2017-05-25,2.0,0.8333963762939686,0.8556733261669155,0.1031441983912573,-0.2,0.9995,913669.0,0.7454031775142812,False,True,True,False,2017_05_25
2017-05-28,2017-06-03,2017-05-25,9.0,0.8333963762939686,0.8556733261669155,0.1031441983912573,-0.2,0.9995,913669.0,0.7454031775142812,False,True,True,False,2017_05_25
2017-06-04,2017-06-10,2017-06-10,0.0,0.8272170351040213,0.8555855156456021,0.1151057786699225,-0.2,0.9995,640891.0,0.5228613292563338,False,True,True,False,2017_06_10
2017-06-11,2017-06-17,2017-06-10,7.0,0.8272170351040213,0.8555855156456021,0.1151057786699225,-0.2,0.9995,640891.0,0.5228613292563338,False,True,True,False,2017_06_10
2017-06-18,2017-06-24,2017-06-10,14.0,0.8272170351040213,0.8555855156456021,0.1151057786699225,-0.2,0.9995,640891.0,0.5228613292563338,False,True,True,False,2017_06_10
2017-06-25,2017-07-01,2017-06-26,5.0,0.83357742747651,0.8633850054484643,0.1139948397277382,-0.2,0.9993,826995.0,0.6746914919827891,False,True,True,False,2017_06_26
2017-07-02,2017-07-08,2017-06-26,12.0,0.83357742747651,0.8633850054484643,0.1139948397277382,-0.2,0.9993,826995.0,0.6746914919827891,False,True,True,False,2017_06_26
2017-07-09,2017-07-15,2017-07-12,3.0,0.8503238578008884,0.8633296401181232,0.0820188807056629,-0.2,0.9992,1220404.0,0.995648335941286,False,True,True,False,2017_07_12
2017-07-16,2017-07-22,2017-07-12,10.0,0.8503238578008884,0.8633296401181232,0.0820188807056629,-0.2,0.9992,1220404.0,0.995648335941286,False,True,True,False,2017_07_12
2017-07-23,2017-07-29,2017-07-28,1.0,0.8436911322960198,0.8554878514197203,0.0844247818557956,-0.2,0.9889,1220004.0,0.995322001928634,False,True,True,False,2017_07_28
2017-07-30,2017-08-05,2017-07-28,8.0,0.8436911322960198,0.8554878514197203,0.0844247818557956,-0.2,0.9889,1220004.0,0.995322001928634,False,True,True,False,2017_07_28
2017-08-06,2017-08-12,2017-07-28,15.0,0.8436911322960198,0.8554878514197203,0.0844247818557956,-0.2,0.9889,1220004.0,0.995322001928634,False,True,True,False,2017_07_28
2017-08-13,2017-08-19,2017-08-13,6.0,0.8312009677747434,0.8477018442868253,0.0838469713418358,-0.2,0.9994,1202269.0,0.9808531676426773,False,True,True,False,2017_08_13
2017-08-20,2017-08-26,2017-08-13,13.0,0.8312009677747434,0.8477018442868253,0.0838469713418358,-0.2,0.9994,1202269.0,0.9808531676426773,False,True,True,False,2017_08_13
2017-08-27,2017-09-02,2017-08-29,4.0,0.8437386118622616,0.8632657985159679,0.0940688991528896,-0.1998,0.9967,1222456.0,0.9973224294261905,False,True,True,False,2017_08_29
2017-09-03,2017-09-09,2017-08-29,11.0,0.8437386118622616,0.8632657985159679,0.0940688991528896,-0.1998,0.9967,1222456.0,0.9973224294261905,False,True,True,False,2017_08_29
2017-09-10,2017-09-16,2017-09-14,2.0,0.8239186697715212,0.8477397160984868,0.1123590073186201,-0.1995,0.9995,395405.0,0.3225852506816302,False,True,True,False,2017_09_14
2017-09-17,2017-09-23,2017-09-14,9.0,0.8239186697715212,0.8477397160984868,0.1123590073186201,-0.1995,0.9995,395405.0,0.3225852506816302,False,True,True,False,2017_09_14
2017-09-24,2017-09-30,2017-09-30,0.0,0.832028369091222,0.839824242146063,0.08988759068915,-0.2,0.9993,1094799.0,0.8931753767934093,False,True,True,False,2017_09_30
2017-10-01,2017-10-07,2017-09-30,7.0,0.832028369091222,0.839824242146063,0.08988759068915,-0.2,0.9993,1094799.0,0.8931753767934093,False,True,True,False,2017_09_30
2017-10-08,2017-10-14,2017-09-30,14.0,0.832028369091222,0.839824242146063,0.08988759068915,-0.2,0.9993,1094799.0,0.8931753767934093,False,True,True,False,2017_09_30
2017-10-15,2017-10-21,2017-10-16,5.0,0.8351953428725349,0.8556487603638431,0.0949975360447377,-0.2,0.9995,482743.0,0.3938386506741245,False,True,True,False,2017_10_16
2017-10-22,2017-10-28,2017-10-16,12.0,0.8351953428725349,0.8556487603638431,0.0949975360447377,-0.2,0.9995,482743.0,0.3938386506741245,False,True,True,False,2017_10_16
2017-10-29,2017-11-04,2017-11-01,3.0,0.844161893094566,0.8790481903057862,0.1241985600515615,-0.1998,0.9996,459101.0,0.3745506788563298,False,True,True,False,2017_11_01
2017-11-05,2017-11-11,2017-11-01,10.0,0.844161893094566,0.8790481903057862,0.1241985600515615,-0.1998,0.9996,459101.0,0.3745506788563298,False,True,True,False,2017_11_01
2017-11-12,2017-11-18,2017-11-17,1.0,0.8278520401901568,0.8552628881359462,0.1262398842128242,-0.2,0.9995,628494.0,0.5127474223692176,False,True,True,False,2017_11_17
2017-11-19,2017-11-25,2017-11-17,8.0,0.8278520401901568,0.8552628881359462,0.1262398842128242,-0.2,0.9995,628494.0,0.5127474223692176,False,True,True,False,2017_11_17
2017-11-26,2017-12-02,2017-11-17,15.0,0.8278520401901568,0.8552628881359462,0.1262398842128242,-0.2,0.9995,628494.0,0.5127474223692176,False,True,True,False,2017_11_17
2017-12-03,2017-12-09,2017-12-03,6.0,0.8306648508120237,0.8632962099267794,0.1268080305431182,-0.1998,0.9994,629713.0,0.5137419252727744,False,True,True,False,2017_12_03
2017-12-10,2017-12-16,2017-12-03,13.0,0.8306648508120237,0.8632962099267794,0.1268080305431182,-0.1998,0.9994,629713.0,0.5137419252727744,False,True,True,False,2017_12_03
2017-12-17,2017-12-23,2017-12-19,4.0,0.8353510057737195,0.8554492956360096,0.1033644440209238,-0.2,0.9995,533138.0,0.43495265709311454,False,True,True,False,2017_12_19
2017-12-24,2017-12-30,2017-12-19,11.0,0.8353510057737195,0.8554492956360096,0.1033644440209238,-0.2,0.9995,533138.0,0.43495265709311454,False,True,True,False,2017_12_19
2017-12-31,2018-01-06,2018-01-01,5.0,0.8383855998908147,0.8633454316648097,0.1242539554371502,-0.2,0.9993,588531.0,0.4801442070001909,False,True,True,False,2018_01_01
2018-01-07,2018-01-13,2018-01-01,12.0,0.8383855998908147,0.8633454316648097,0.1242539554371502,-0.2,0.9993,588531.0,0.4801442070001909,False,True,True,False,2018_01_01
2018-01-14,2018-01-20,2018-01-17,3.0,0.8070163858776115,0.8399636500135003,0.1349822229744943,-0.2,0.9995,247703.0,0.20208478483982711,False,True,True,False,2018_01_17
2018-01-21,2018-01-27,2018-01-17,10.0,0.8070163858776115,0.8399636500135003,0.1349822229744943,-0.2,0.9995,247703.0,0.20208478483982711,False,True,True,False,2018_01_17
2018-01-28,2018-02-03,2018-02-02,1.0,0.8335182554820052,0.8395960798966738,0.0968646077964248,-0.199,0.999,1151851.0,0.9397203970179598,False,True,True,False,2018_02_02
2018-02-04,2018-02-10,2018-02-02,8.0,0.8335182554820052,0.8395960798966738,0.0968646077964248,-0.199,0.999,1151851.0,0.9397203970179598,False,True,True,False,2018_02_02
2018-02-11,2018-02-17,2018-02-02,15.0,0.8335182554820052,0.8395960798966738,0.0968646077964248,-0.199,0.999,1151851.0,0.9397203970179598,False,True,True,False,2018_02_02
2018-02-18,2018-02-24,2018-02-18,6.0,0.8358150472474782,0.855568345033363,0.0940871578834512,-0.1976,0.9993,767422.0,0.6260897516434997,False,True,True,False,2018_02_18
2018-02-25,2018-03-03,2018-02-18,13.0,0.8358150472474782,0.855568345033363,0.0940871578834512,-0.1976,0.9993,767422.0,0.6260897516434997,False,True,True,False,2018_02_18
2018-03-04,2018-03-10,2018-03-06,4.0,0.8090897923952212,0.824262282510499,0.0855440837607571,-0.2,0.9995,513523.0,0.41895005294769355,False,True,True,False,2018_03_06
2018-03-11,2018-03-17,2018-03-06,11.0,0.8090897923952212,0.824262282510499,0.0855440837607571,-0.2,0.9995,513523.0,0.41895005294769355,False,True,True,False,2018_03_06
2018-03-18,2018-03-24,2018-03-22,2.0,0.8276515178166431,0.8555103314035902,0.1121198000793331,-0.2,0.9994,771887.0,0.6297324550597273,False,True,True,False,2018_03_22
2018-03-25,2018-03-31,2018-03-22,9.0,0.8276515178166431,0.8555103314035902,0.1121198000793331,-0.2,0.9994,771887.0,0.6297324550597273,False,True,True,False,2018_03_22
2018-04-01,2018-04-07,2018-04-07,0.0,0.8143718487453528,0.83988293636508,0.1119188247399156,-0.2,0.9995,267830.0,0.2185050965214426,False,True,True,False,2018_04_07
2018-04-08,2018-04-14,2018-04-07,7.0,0.8143718487453528,0.83988293636508,0.1119188247399156,-0.2,0.9995,267830.0,0.2185050965214426,False,True,True,False,2018_04_07
2018-04-15,2018-04-21,2018-04-07,14.0,0.8143718487453528,0.83988293636508,0.1119188247399156,-0.2,0.9995,267830.0,0.2185050965214426,False,True,True,False,2018_04_07
2018-04-22,2018-04-28,2018-04-23,5.0,0.7825683673979256,0.8322455384418072,0.1647823511059468,-0.2,0.9993,150194.0,0.12253352674062483,True,True,True,False,2018_04_23
2018-04-29,2018-05-05,2018-04-23,12.0,0.7825683673979256,0.8322455384418072,0.1647823511059468,-0.2,0.9993,150194.0,0.12253352674062483,True,True,True,False,2018_04_23
2018-05-06,2018-05-12,2018-05-09,3.0,0.7992442043017226,0.8399535647849308,0.1354697094153143,-0.2,0.9994,408397.0,0.33318457941256613,False,True,True,False,2018_05_09
2018-05-13,2018-05-19,2018-05-09,10.0,0.7992442043017226,0.8399535647849308,0.1354697094153143,-0.2,0.9994,408397.0,0.33318457941256613,False,True,True,False,2018_05_09
2018-05-20,2018-05-26,2018-05-25,1.0,0.8151748116977735,0.8555574187017245,0.1276893822018794,-0.2,0.9994,313799.0,0.2560082170904386,False,True,True,False,2018_05_25
2018-05-27,2018-06-02,2018-05-25,8.0,0.8151748116977735,0.8555574187017245,0.1276893822018794,-0.2,0.9994,313799.0,0.2560082170904386,False,True,True,False,2018_05_25
2018-06-03,2018-06-09,2018-05-25,15.0,0.8151748116977735,0.8555574187017245,0.1276893822018794,-0.2,0.9994,313799.0,0.2560082170904386,False,True,True,False,2018_05_25
2018-06-10,2018-06-16,2018-06-10,6.0,0.8191817162043129,0.8555394485950226,0.1202915291208384,-0.2,0.9994,725111.0,0.5915709556202059,False,True,True,False,2018_06_10
2018-06-17,2018-06-23,2018-06-10,13.0,0.8191817162043129,0.8555394485950226,0.1202915291208384,-0.2,0.9994,725111.0,0.5915709556202059,False,True,True,False,2018_06_10
2018-06-24,2018-06-30,2018-06-26,4.0,0.8307882945668043,0.8479546869348683,0.0864186621843947,-0.2,0.9984,1106097.0,0.9023926809807642,False,True,True,False,2018_06_26
2018-07-01,2018-07-07,2018-06-26,11.0,0.8307882945668043,0.8479546869348683,0.0864186621843947,-0.2,0.9984,1106097.0,0.9023926809807642,False,True,True,False,2018_06_26
2018-07-08,2018-07-14,2018-07-12,2.0,0.8323360121050446,0.8554885154472885,0.089315838373609,-0.1995,0.9993,1157831.0,0.9445990905071068,False,True,True,False,2018_07_12
2018-07-15,2018-07-21,2018-07-12,9.0,0.8323360121050446,0.8554885154472885,0.089315838373609,-0.1995,0.9993,1157831.0,0.9445990905071068,False,True,True,False,2018_07_12
2018-07-22,2018-07-28,2018-07-28,0.0,0.8234961962206008,0.8475200445316882,0.1000513685451631,-0.2,0.9994,989567.0,0.8073234247449291,False,True,True,False,2018_07_28
2018-07-29,2018-08-04,2018-07-28,7.0,0.8234961962206008,0.8475200445316882,0.1000513685451631,-0.2,0.9994,989567.0,0.8073234247449291,False,True,True,False,2018_07_28
2018-08-05,2018-08-11,2018-07-28,14.0,0.8234961962206008,0.8475200445316882,0.1000513685451631,-0.2,0.9994,989567.0,0.8073234247449291,False,True,True,False,2018_07_28
2018-08-12,2018-08-18,2018-08-13,5.0,0.8350122555220264,0.8475522443075677,0.0889890685123444,-0.2,0.9991,1193445.0,0.9736542393235749,False,True,True,False,2018_08_13
2018-08-19,2018-08-25,2018-08-13,12.0,0.8350122555220264,0.8475522443075677,0.0889890685123444,-0.2,0.9991,1193445.0,0.9736542393235749,False,True,True,False,2018_08_13
2018-08-26,2018-09-01,2018-08-29,3.0,0.8410643086617104,0.8476335007903895,0.0860647966365564,-0.2,0.9989,1177879.0,0.9609549512212234,False,True,True,False,2018_08_29
2018-09-02,2018-09-08,2018-08-29,10.0,0.8410643086617104,0.8476335007903895,0.0860647966365564,-0.2,0.9989,1177879.0,0.9609549512212234,False,True,True,False,2018_08_29
2018-09-09,2018-09-15,2018-09-14,1.0,0.836015467571043,0.8476299258812506,0.0859779000951162,-0.2,0.9983,1217679.0,0.9934251854800944,False,True,True,False,2018_09_14
2018-09-16,2018-09-22,2018-09-14,8.0,0.836015467571043,0.8476299258812506,0.0859779000951162,-0.2,0.9983,1217679.0,0.9934251854800944,False,True,True,False,2018_09_14
2018-09-23,2018-09-29,2018-09-14,15.0,0.836015467571043,0.8476299258812506,0.0859779000951162,-0.2,0.9983,1217679.0,0.9934251854800944,False,True,True,False,2018_09_14
2018-09-30,2018-10-06,2018-09-30,6.0,0.8213671336624845,0.8398920398452124,0.0918309664500058,-0.1997,0.9993,774033.0,0.6314832370376051,False,True,True,False,2018_09_30
2018-10-07,2018-10-13,2018-09-30,13.0,0.8213671336624845,0.8398920398452124,0.0918309664500058,-0.1997,0.9993,774033.0,0.6314832370376051,False,True,True,False,2018_09_30
2018-10-14,2018-10-20,2018-10-16,4.0,0.8352618575801205,0.8475847659609158,0.0944597589524554,-0.2,0.9995,1010541.0,0.8244347486983352,False,True,True,False,2018_10_16
2018-10-21,2018-10-27,2018-10-16,11.0,0.8352618575801205,0.8475847659609158,0.0944597589524554,-0.2,0.9995,1010541.0,0.8244347486983352,False,True,True,False,2018_10_16
2018-10-28,2018-11-03,2018-11-01,2.0,0.839162086973208,0.8633985781004122,0.1083707342729978,-0.2,0.9994,787431.0,0.6424137947913828,False,True,True,False,2018_11_01
2018-11-04,2018-11-10,2018-11-01,9.0,0.839162086973208,0.8633985781004122,0.1083707342729978,-0.2,0.9994,787431.0,0.6424137947913828,False,True,True,False,2018_11_01
2018-11-11,2018-11-17,2018-11-17,0.0,0.8428145527473903,0.8711487811390239,0.1115768837516151,-0.2,0.9994,447031.0,0.3647035500245566,False,True,True,False,2018_11_17
2018-11-18,2018-11-24,2018-11-17,7.0,0.8428145527473903,0.8711487811390239,0.1115768837516151,-0.2,0.9994,447031.0,0.3647035500245566,False,True,True,False,2018_11_17
2018-11-25,2018-12-01,2018-11-17,14.0,0.8428145527473903,0.8711487811390239,0.1115768837516151,-0.2,0.9994,447031.0,0.3647035500245566,False,True,True,False,2018_11_17
2018-12-02,2018-12-08,2018-12-03,5.0,0.8398851934284577,0.8633567720632067,0.1132587764187219,-0.2,0.9995,641677.0,0.5235025755911948,False,True,True,False,2018_12_03
2018-12-09,2018-12-15,2018-12-03,12.0,0.8398851934284577,0.8633567720632067,0.1132587764187219,-0.2,0.9995,641677.0,0.5235025755911948,False,True,True,False,2018_12_03
2018-12-16,2018-12-22,2018-12-19,3.0,0.8214865626150503,0.8477048374979713,0.1020029994769178,-0.1986,0.9993,232387.0,0.1895894554953832,False,True,True,False,2018_12_19
2018-12-23,2018-12-29,2018-12-19,10.0,0.8214865626150503,0.8477048374979713,0.1020029994769178,-0.1986,0.9993,232387.0,0.1895894554953832,False,True,True,False,2018_12_19
2018-12-30,2019-01-05,2019-01-01,4.0,0.833261607795213,0.8633140047543629,0.1104671548234673,-0.1977,0.9996,324636.0,0.26484942132821204,False,True,True,False,2019_01_01
2019-01-06,2019-01-12,2019-01-01,11.0,0.833261607795213,0.8633140047543629,0.1104671548234673,-0.1977,0.9996,324636.0,0.26484942132821204,False,True,True,False,2019_01_01
2019-01-13,2019-01-19,2019-01-17,2.0,0.8036163976571652,0.8398545495267372,0.1512484066993581,-0.2,0.9996,60789.0,0.04959379573775146,True,True,True,False,2019_01_17
2019-01-20,2019-01-26,2019-01-17,9.0,0.8036163976571652,0.8398545495267372,0.1512484066993581,-0.2,0.9996,60789.0,0.04959379573775146,True,True,True,False,2019_01_17
2019-01-27,2019-02-02,2019-02-02,0.0,0.8080750108478661,0.8241562028450201,0.088485950425018,-0.1995,0.9993,350722.0,0.2861312939633103,False,True,True,False,2019_02_02
2019-02-03,2019-02-09,2019-02-02,7.0,0.8080750108478661,0.8241562028450201,0.088485950425018,-0.1995,0.9993,350722.0,0.2861312939633103,False,True,True,False,2019_02_02
2019-02-10,2019-02-16,2019-02-02,14.0,0.8080750108478661,0.8241562028450201,0.088485950425018,-0.1995,0.9993,350722.0,0.2861312939633103,False,True,True,False,2019_02_02
2019-02-17,2019-02-23,2019-02-18,5.0,0.8391994646053927,0.8475906290844777,0.1043056712902449,-0.1956,0.9991,407872.0,0.3327562660209604,False,True,True,False,2019_02_18
2019-02-24,2019-03-02,2019-02-18,12.0,0.8391994646053927,0.8475906290844777,0.1043056712902449,-0.1956,0.9991,407872.0,0.3327562660209604,False,True,True,False,2019_02_18
2019-03-03,2019-03-09,2019-03-06,3.0,0.8336892903541306,0.8634200365681155,0.1035343853837263,-0.1998,0.9994,171831.0,0.1401857493200015,True,True,True,False,2019_03_06
2019-03-10,2019-03-16,2019-03-06,10.0,0.8336892903541306,0.8634200365681155,0.1035343853837263,-0.1998,0.9994,171831.0,0.1401857493200015,True,True,True,False,2019_03_06
2019-03-17,2019-03-23,2019-03-22,1.0,0.8470473274971738,0.863197848863874,0.0941569401889212,-0.2,0.9994,1112137.0,0.907320324571809,False,True,True,False,2019_03_22
2019-03-24,2019-03-30,2019-03-22,8.0,0.8470473274971738,0.863197848863874,0.0941569401889212,-0.2,0.9994,1112137.0,0.907320324571809,False,True,True,False,2019_03_22
2019-03-31,2019-04-06,2019-03-22,15.0,0.8470473274971738,0.863197848863874,0.0941569401889212,-0.2,0.9994,1112137.0,0.907320324571809,False,True,True,False,2019_03_22
2019-04-07,2019-04-13,2019-04-07,6.0,0.8199904997809181,0.8555718722098555,0.122568064488892,-0.2,0.9995,542297.0,0.442424890147813,False,True,True,False,2019_04_07
2019-04-14,2019-04-20,2019-04-07,13.0,0.8199904997809181,0.8555718722098555,0.122568064488892,-0.2,0.9995,542297.0,0.442424890147813,False,True,True,False,2019_04_07
2019-04-21,2019-04-27,2019-04-23,4.0,0.8014119829127437,0.8398500292977533,0.1563988656124029,-0.2,0.9994,262777.0,0.2143826821066166,False,True,True,False,2019_04_23
2019-04-28,2019-05-04,2019-04-23,11.0,0.8014119829127437,0.8398500292977533,0.1563988656124029,-0.2,0.9994,262777.0,0.2143826821066166,False,True,True,False,2019_04_23
2019-05-05,2019-05-11,2019-05-09,2.0,0.8148614911185628,0.8476708607641712,0.1322712658091397,-0.2,0.9995,457070.0,0.3728937179070894,False,True,True,False,2019_05_09
2019-05-12,2019-05-18,2019-05-09,9.0,0.8148614911185628,0.8476708607641712,0.1322712658091397,-0.2,0.9995,457070.0,0.3728937179070894,False,True,True,False,2019_05_09
2019-05-19,2019-05-25,2019-05-25,0.0,0.8273935384548224,0.8556428394808496,0.1142924676415079,-0.2,0.9994,673964.0,0.5498434412574302,False,True,True,False,2019_05_25
2019-05-26,2019-06-01,2019-05-25,7.0,0.8273935384548224,0.8556428394808496,0.1142924676415079,-0.2,0.9994,673964.0,0.5498434412574302,False,True,True,False,2019_05_25
2019-06-02,2019-06-08,2019-05-25,14.0,0.8273935384548224,0.8556428394808496,0.1142924676415079,-0.2,0.9994,673964.0,0.5498434412574302,False,True,True,False,2019_05_25
2019-06-09,2019-06-15,2019-06-10,5.0,0.8207531333144482,0.8634859354281438,0.1339816028087179,-0.2,0.9995,366837.0,0.2992784754980265,False,True,True,False,2019_06_10
2019-06-16,2019-06-22,2019-06-10,12.0,0.8207531333144482,0.8634859354281438,0.1339816028087179,-0.2,0.9995,366837.0,0.2992784754980265,False,True,True,False,2019_06_10
2019-06-23,2019-06-29,2019-06-26,3.0,0.8245409213581826,0.8555223956585846,0.1149841195575526,-0.2,0.9995,611050.0,0.49851599607746516,False,True,True,False,2019_06_26
2019-06-30,2019-07-06,2019-06-26,10.0,0.8245409213581826,0.8555223956585846,0.1149841195575526,-0.2,0.9995,611050.0,0.49851599607746516,False,True,True,False,2019_06_26
2019-07-07,2019-07-13,2019-07-12,1.0,0.8293144303842277,0.8712664794513991,0.1210169193174311,-0.2,0.9995,422114.0,0.3443753885414338,False,True,True,False,2019_07_12
2019-07-14,2019-07-20,2019-07-12,8.0,0.8293144303842277,0.8712664794513991,0.1210169193174311,-0.2,0.9995,422114.0,0.3443753885414338,False,True,True,False,2019_07_12
2019-07-21,2019-07-27,2019-07-12,15.0,0.8293144303842277,0.8712664794513991,0.1210169193174311,-0.2,0.9995,422114.0,0.3443753885414338,False,True,True,False,2019_07_12
2019-07-28,2019-08-03,2019-07-28,6.0,0.84441970231716,0.8633718966885253,0.0903435404466272,-0.2,0.9991,1191455.0,0.9720307276106314,False,True,True,False,2019_07_28
2019-08-04,2019-08-10,2019-07-28,13.0,0.84441970231716,0.8633718966885253,0.0903435404466272,-0.2,0.9991,1191455.0,0.9720307276106314,False,True,True,False,2019_07_28
2019-08-11,2019-08-17,2019-08-13,4.0,0.8442013602020046,0.8633288781501941,0.1011606732040676,-0.2,0.9991,1212840.0,0.9894773597620372,False,True,True,False,2019_08_13
2019-08-18,2019-08-24,2019-08-13,11.0,0.8442013602020046,0.8633288781501941,0.1011606732040676,-0.2,0.9991,1212840.0,0.9894773597620372,False,True,True,False,2019_08_13
2019-08-25,2019-08-31,2019-08-29,2.0,0.8311156263101523,0.8399148824942648,0.0864260150553341,-0.2,0.9993,1222103.0,0.9970344396600253,False,True,True,False,2019_08_29
2019-09-01,2019-09-07,2019-08-29,9.0,0.8311156263101523,0.8399148824942648,0.0864260150553341,-0.2,0.9993,1222103.0,0.9970344396600253,False,True,True,False,2019_08_29
2019-09-08,2019-09-14,2019-09-14,0.0,0.8326585854005384,0.8397481027004214,0.0927490147174582,-0.2,0.9992,1183377.0,0.9654404122251248,False,True,True,False,2019_09_14
2019-09-15,2019-09-21,2019-09-14,7.0,0.8326585854005384,0.8397481027004214,0.0927490147174582,-0.2,0.9992,1183377.0,0.9654404122251248,False,True,True,False,2019_09_14
2019-09-22,2019-09-28,2019-09-14,14.0,0.8326585854005384,0.8397481027004214,0.0927490147174582,-0.2,0.9992,1183377.0,0.9654404122251248,False,True,True,False,2019_09_14
2019-09-29,2019-10-05,2019-09-30,5.0,0.857204217151216,0.8789625174086965,0.0962579685343904,-0.1995,0.9994,707892.0,0.5775230922105703,False,True,True,False,2019_09_30
2019-10-06,2019-10-12,2019-09-30,12.0,0.857204217151216,0.8789625174086965,0.0962579685343904,-0.1995,0.9994,707892.0,0.5775230922105703,False,True,True,False,2019_09_30
2019-10-13,2019-10-19,2019-10-16,3.0,0.8268855729069159,0.8475978705476337,0.1143794427342926,-0.1998,0.9995,323554.0,0.26396668782398847,False,True,True,False,2019_10_16
2019-10-20,2019-10-26,2019-10-16,10.0,0.8268855729069159,0.8475978705476337,0.1143794427342926,-0.1998,0.9995,323554.0,0.26396668782398847,False,True,True,False,2019_10_16
2019-10-27,2019-11-02,2019-11-01,1.0,0.8315527072110238,0.8555189266647325,0.123143900521698,-0.2,0.9995,559803.0,0.45670689821152644,False,True,True,False,2019_11_01
2019-11-03,2019-11-09,2019-11-01,8.0,0.8315527072110238,0.8555189266647325,0.123143900521698,-0.2,0.9995,559803.0,0.45670689821152644,False,True,True,False,2019_11_01
2019-11-10,2019-11-16,2019-11-01,15.0,0.8315527072110238,0.8555189266647325,0.123143900521698,-0.2,0.9995,559803.0,0.45670689821152644,False,True,True,False,2019_11_01
2019-11-17,2019-11-23,2019-11-17,6.0,0.8314131437191016,0.8555113562992733,0.1238265587529789,-0.2,0.9996,593066.0,0.4838440188686326,False,True,True,False,2019_11_17
2019-11-24,2019-11-30,2019-11-17,13.0,0.8314131437191016,0.8555113562992733,0.1238265587529789,-0.2,0.9996,593066.0,0.4838440188686326,False,True,True,False,2019_11_17
2019-12-01,2019-12-07,2019-12-03,4.0,0.8386179066254754,0.8633306791821448,0.1137192618024805,-0.2,0.9996,488173.0,0.398268634895875,False,True,True,False,2019_12_03
2019-12-08,2019-12-14,2019-12-03,11.0,0.8386179066254754,0.8633306791821448,0.1137192618024805,-0.2,0.9996,488173.0,0.398268634895875,False,True,True,False,2019_12_03
2019-12-15,2019-12-21,2019-12-19,2.0,0.8219072635812591,0.8554215572859708,0.136435620008228,-0.2,0.9995,536506.0,0.4377003894796441,False,True,True,False,2019_12_19
2019-12-22,2019-12-28,2019-12-19,9.0,0.8219072635812591,0.8554215572859708,0.136435620008228,-0.2,0.9995,536506.0,0.4377003894796441,False,True,True,False,2019_12_19
2019-12-29,2020-01-04,2020-01-01,3.0,0.8383751370936129,0.8555609144210735,0.0940882092753197,-0.2,0.9874,1221106.0,0.9962210521334902,False,True,True,False,2020_01_01
2020-01-05,2020-01-11,2020-01-01,10.0,0.8383751370936129,0.8555609144210735,0.0940882092753197,-0.2,0.9874,1221106.0,0.9962210521334902,False,True,True,False,2020_01_01
2020-01-12,2020-01-18,2020-01-17,1.0,0.8068610799030338,0.816395101525971,0.0899752090957679,-0.2,0.9991,1093146.0,0.8918268014861251,False,True,True,False,2020_01_17
2020-01-19,2020-01-25,2020-01-17,8.0,0.8068610799030338,0.816395101525971,0.0899752090957679,-0.2,0.9991,1093146.0,0.8918268014861251,False,True,True,False,2020_01_17
2020-01-26,2020-02-01,2020-01-17,15.0,0.8068610799030338,0.816395101525971,0.0899752090957679,-0.2,0.9991,1093146.0,0.8918268014861251,False,True,True,False,2020_01_17
2020-02-02,2020-02-08,2020-02-02,6.0,0.8184685334708636,0.8320285774355128,0.093732016536913,-0.1997,0.9994,782862.0,0.6386862445318657,False,True,True,False,2020_02_02
2020-02-09,2020-02-15,2020-02-02,13.0,0.8184685334708636,0.8320285774355128,0.093732016536913,-0.1997,0.9994,782862.0,0.6386862445318657,False,True,True,False,2020_02_02
2020-02-16,2020-02-22,2020-02-18,4.0,0.8095381212059354,0.8321728457498471,0.1135706852829619,-0.1888,0.9991,154168.0,0.12577565515632216,True,True,True,False,2020_02_18
2020-02-23,2020-02-29,2020-02-18,11.0,0.8095381212059354,0.8321728457498471,0.1135706852829619,-0.1888,0.9991,154168.0,0.12577565515632216,True,True,True,False,2020_02_18
2020-03-01,2020-03-07,2020-03-05,2.0,0.8149958202624699,0.8554591649914304,0.1431974886842335,-0.2,0.9996,415645.0,0.33909775172181983,False,True,True,False,2020_03_05
2020-03-08,2020-03-14,2020-03-05,9.0,0.8149958202624699,0.8554591649914304,0.1431974886842335,-0.2,0.9996,415645.0,0.33909775172181983,False,True,True,False,2020_03_05
2020-03-15,2020-03-21,2020-03-21,0.0,0.8461769734939527,0.8711530209699565,0.1018491933136079,-0.1997,0.9995,597689.0,0.48761562421985777,False,True,True,False,2020_03_21
2020-03-22,2020-03-28,2020-03-21,7.0,0.8461769734939527,0.8711530209699565,0.1018491933136079,-0.1997,0.9995,597689.0,0.48761562421985777,False,True,True,False,2020_03_21
2020-03-29,2020-04-04,2020-03-21,14.0,0.8461769734939527,0.8711530209699565,0.1018491933136079,-0.1997,0.9995,597689.0,0.48761562421985777,False,True,True,False,2020_03_21
2020-04-05,2020-04-11,2020-04-06,5.0,0.8293751401940577,0.8555005415074695,0.1023990714584845,-0.1994,0.9994,772845.0,0.6305140250200287,False,True,True,False,2020_04_06
2020-04-12,2020-04-18,2020-04-06,12.0,0.8293751401940577,0.8555005415074695,0.1023990714584845,-0.1994,0.9994,772845.0,0.6305140250200287,False,True,True,False,2020_04_06
2020-04-19,2020-04-25,2020-04-22,3.0,0.8455144599274179,0.8789302449821431,0.1209559026785032,-0.2,0.9994,703046.0,0.5735695556472916,False,True,True,False,2020_04_22
2020-04-26,2020-05-02,2020-04-22,10.0,0.8455144599274179,0.8789302449821431,0.1209559026785032,-0.2,0.9994,703046.0,0.5735695556472916,False,True,True,False,2020_04_22
2020-05-03,2020-05-09,2020-05-08,1.0,0.8291378305261656,0.8632657473947914,0.1358875624850911,-0.2,0.9994,675991.0,0.5514971388665441,False,True,True,False,2020_05_08
2020-05-10,2020-05-16,2020-05-08,8.0,0.8291378305261656,0.8632657473947914,0.1358875624850911,-0.2,0.9994,675991.0,0.5514971388665441,False,True,True,False,2020_05_08
2020-05-17,2020-05-23,2020-05-08,15.0,0.8291378305261656,0.8632657473947914,0.1358875624850911,-0.2,0.9994,675991.0,0.5514971388665441,False,True,True,False,2020_05_08
2020-05-24,2020-05-30,2020-05-24,6.0,0.8210229381122204,0.8477728454119601,0.1078171330336043,-0.2,0.9994,792271.0,0.6463624363444717,False,True,True,False,2020_05_24
2020-05-31,2020-06-06,2020-05-24,13.0,0.8210229381122204,0.8477728454119601,0.1078171330336043,-0.2,0.9994,792271.0,0.6463624363444717,False,True,True,False,2020_05_24
2020-06-07,2020-06-13,2020-06-09,4.0,0.8388804161096886,0.8711401159828533,0.1171957835614069,-0.2,0.9993,813475.0,0.6636614023551526,False,True,True,False,2020_06_09
2020-06-14,2020-06-20,2020-06-09,11.0,0.8388804161096886,0.8711401159828533,0.1171957835614069,-0.2,0.9993,813475.0,0.6636614023551526,False,True,True,False,2020_06_09
2020-06-21,2020-06-27,2020-06-25,2.0,0.8222300599905984,0.8555842408398399,0.1264130885424227,-0.2,0.9994,847890.0,0.6917383649686965,False,True,True,False,2020_06_25
2020-06-28,2020-07-04,2020-06-25,9.0,0.8222300599905984,0.8555842408398399,0.1264130885424227,-0.2,0.9994,847890.0,0.6917383649686965,False,True,True,False,2020_06_25
2020-07-05,2020-07-11,2020-07-11,0.0,0.8319348209511503,0.8478451049393078,0.09664628949618,-0.2,0.9992,1098766.0,0.8964117943638853,False,True,True,False,2020_07_11
2020-07-12,2020-07-18,2020-07-11,7.0,0.8319348209511503,0.8478451049393078,0.09664628949618,-0.2,0.9992,1098766.0,0.8964117943638853,False,True,True,False,2020_07_11
2020-07-19,2020-07-25,2020-07-11,14.0,0.8319348209511503,0.8478451049393078,0.09664628949618,-0.2,0.9992,1098766.0,0.8964117943638853,False,True,True,False,2020_07_11
2020-07-26,2020-08-01,2020-07-27,5.0,0.8434432745919329,0.8632434469751898,0.0959560679918649,-0.2,0.9991,1217031.0,0.9928965243795983,False,True,True,False,2020_07_27
2020-08-02,2020-08-08,2020-07-27,12.0,0.8434432745919329,0.8632434469751898,0.0959560679918649,-0.2,0.9991,1217031.0,0.9928965243795983,False,True,True,False,2020_07_27
2020-08-09,2020-08-15,2020-08-12,3.0,0.82898137856328,0.8398590565669085,0.0934356849772368,-0.2,0.9994,1213260.0,0.9898200104753218,False,True,True,False,2020_08_12
2020-08-16,2020-08-22,2020-08-12,10.0,0.82898137856328,0.8398590565669085,0.0934356849772368,-0.2,0.9994,1213260.0,0.9898200104753218,False,True,True,False,2020_08_12
2020-08-23,2020-08-29,2020-08-28,1.0,0.8346889428827519,0.8476792337299625,0.0969091021217961,-0.2,0.9986,1178747.0,0.9616630960286783,False,True,True,False,2020_08_28
2020-08-30,2020-09-05,2020-08-28,8.0,0.8346889428827519,0.8476792337299625,0.0969091021217961,-0.2,0.9986,1178747.0,0.9616630960286783,False,True,True,False,2020_08_28
2020-09-06,2020-09-12,2020-08-28,15.0,0.8346889428827519,0.8476792337299625,0.0969091021217961,-0.2,0.9986,1178747.0,0.9616630960286783,False,True,True,False,2020_08_28
2020-09-13,2020-09-19,2020-09-13,6.0,0.8373374948318659,0.8475391607722732,0.0966922096491113,-0.2,0.9993,1080644.0,0.8816272319206878,False,True,True,False,2020_09_13
2020-09-20,2020-09-26,2020-09-13,13.0,0.8373374948318659,0.8475391607722732,0.0966922096491113,-0.2,0.9993,1080644.0,0.8816272319206878,False,True,True,False,2020_09_13
2020-09-27,2020-10-03,2020-09-29,4.0,0.836458564508863,0.8475365287396011,0.0961334210272989,-0.2,0.9991,1211561.0,0.9884339067565826,False,True,True,False,2020_09_29
2020-10-04,2020-10-10,2020-09-29,11.0,0.836458564508863,0.8475365287396011,0.0961334210272989,-0.2,0.9991,1211561.0,0.9884339067565826,False,True,True,False,2020_09_29
2020-10-11,2020-10-17,2020-10-15,2.0,0.8446655031040288,0.8553057642304263,0.0920644701030795,-0.2,0.9993,1004891.0,0.8198252807696261,False,True,True,False,2020_10_15
2020-10-18,2020-10-24,2020-10-15,9.0,0.8446655031040288,0.8553057642304263,0.0920644701030795,-0.2,0.9993,1004891.0,0.8198252807696261,False,True,True,False,2020_10_15
2020-10-25,2020-10-31,2020-10-31,0.0,0.8353696463571058,0.8556707505917116,0.1027098796976226,-0.2,0.9995,752221.0,0.6136882433276932,False,True,True,False,2020_10_31
2020-11-01,2020-11-07,2020-10-31,7.0,0.8353696463571058,0.8556707505917116,0.1027098796976226,-0.2,0.9995,752221.0,0.6136882433276932,False,True,True,False,2020_10_31
2020-11-08,2020-11-14,2020-10-31,14.0,0.8353696463571058,0.8556707505917116,0.1027098796976226,-0.2,0.9995,752221.0,0.6136882433276932,False,True,True,False,2020_10_31
2020-11-15,2020-11-21,2020-11-16,5.0,0.837158649708258,0.8554137361945348,0.107601860829967,-0.2,0.9994,885039.0,0.7220458205587165,False,True,True,False,2020_11_16
2020-11-22,2020-11-28,2020-11-16,12.0,0.837158649708258,0.8554137361945348,0.107601860829967,-0.2,0.9994,885039.0,0.7220458205587165,False,True,True,False,2020_11_16
2020-11-29,2020-12-05,2020-12-02,3.0,0.8268669910706844,0.8632525326621328,0.1332198729635721,-0.2,0.9994,302233.0,0.24657226911460686,False,True,True,False,2020_12_02
2020-12-06,2020-12-12,2020-12-02,10.0,0.8268669910706844,0.8632525326621328,0.1332198729635721,-0.2,0.9994,302233.0,0.24657226911460686,False,True,True,False,2020_12_02
2020-12-13,2020-12-19,2020-12-18,1.0,0.8128539100030119,0.8399813543041924,0.1106576350242737,-0.2,0.9994,726077.0,0.5923590522607605,False,True,True,False,2020_12_18
2020-12-20,2020-12-26,2020-12-18,8.0,0.8128539100030119,0.8399813543041924,0.1106576350242737,-0.2,0.9994,726077.0,0.5923590522607605,False,True,True,False,2020_12_18
2020-12-27,2021-01-02,2021-01-01,1.0,0.8101627723561865,0.8477419291613277,0.1552616631235262,-0.1996,0.9995,234644.0,0.19143079516177192,False,True,True,False,2021_01_01
2021-01-03,2021-01-09,2021-01-01,8.0,0.8101627723561865,0.8477419291613277,0.1552616631235262,-0.1996,0.9995,234644.0,0.19143079516177192,False,True,True,False,2021_01_01
2021-01-10,2021-01-16,2021-01-01,15.0,0.8101627723561865,0.8477419291613277,0.1552616631235262,-0.1996,0.9995,234644.0,0.19143079516177192,False,True,True,False,2021_01_01
2021-01-17,2021-01-23,2021-01-17,6.0,0.8372193408908428,0.8476607416618491,0.1067739331851893,-0.1995,0.9991,1165247.0,0.9506493231016743,False,True,True,False,2021_01_17
2021-01-24,2021-01-30,2021-01-17,13.0,0.8372193408908428,0.8476607416618491,0.1067739331851893,-0.1995,0.9991,1165247.0,0.9506493231016743,False,True,True,False,2021_01_17
2021-01-31,2021-02-06,2021-02-02,4.0,0.8289272487701697,0.8555168834358302,0.1140522697758327,-0.2,0.9992,809001.0,0.6600113564236403,False,True,True,False,2021_02_02
2021-02-07,2021-02-13,2021-02-02,11.0,0.8289272487701697,0.8555168834358302,0.1140522697758327,-0.2,0.9992,809001.0,0.6600113564236403,False,True,True,False,2021_02_02
2021-02-14,2021-02-20,2021-02-18,2.0,0.8261669369726199,0.8554905040623637,0.0952398755332334,-0.0853,0.9995,75283.0,0.06141850868619558,True,True,True,False,2021_02_18
2021-02-21,2021-02-27,2021-02-18,9.0,0.8261669369726199,0.8554905040623637,0.0952398755332334,-0.0853,0.9995,75283.0,0.06141850868619558,True,True,True,False,2021_02_18
2021-02-28,2021-03-06,2021-03-06,0.0,0.8191475297157228,0.8398770637146384,0.1243500985815922,-0.1985,0.9995,158785.0,0.1295423654973575,True,True,True,False,2021_03_06
2021-03-07,2021-03-13,2021-03-06,7.0,0.8191475297157228,0.8398770637146384,0.1243500985815922,-0.1985,0.9995,158785.0,0.1295423654973575,True,True,True,False,2021_03_06
2021-03-14,2021-03-20,2021-03-06,14.0,0.8191475297157228,0.8398770637146384,0.1243500985815922,-0.1985,0.9995,158785.0,0.1295423654973575,True,True,True,False,2021_03_06
2021-03-21,2021-03-27,2021-03-22,5.0,0.802387716173757,0.84776563676691,0.1484464940031924,-0.2,0.9995,312385.0,0.2548546263557139,False,True,True,False,2021_03_22
2021-03-28,2021-04-03,2021-03-22,12.0,0.802387716173757,0.84776563676691,0.1484464940031924,-0.2,0.9995,312385.0,0.2548546263557139,False,True,True,False,2021_03_22
2021-04-04,2021-04-10,2021-04-07,3.0,0.8147690763897819,0.8319921680849287,0.1061223960285098,-0.2,0.9993,736669.0,0.6010003769157846,False,True,True,False,2021_04_07
2021-04-11,2021-04-17,2021-04-07,10.0,0.8147690763897819,0.8319921680849287,0.1061223960285098,-0.2,0.9993,736669.0,0.6010003769157846,False,True,True,False,2021_04_07
2021-04-18,2021-04-24,2021-04-23,1.0,0.8277303005738281,0.8633668441041269,0.1243783745685658,-0.1995,0.9995,481014.0,0.39242807190443635,False,True,True,False,2021_04_23
2021-04-25,2021-05-01,2021-04-23,8.0,0.8277303005738281,0.8633668441041269,0.1243783745685658,-0.1995,0.9995,481014.0,0.39242807190443635,False,True,True,False,2021_04_23
2021-05-02,2021-05-08,2021-04-23,15.0,0.8277303005738281,0.8633668441041269,0.1243783745685658,-0.1995,0.9995,481014.0,0.39242807190443635,False,True,True,False,2021_04_23
2021-05-09,2021-05-15,2021-05-09,6.0,0.8176150723295194,0.8632995641648684,0.1530371493258875,-0.2,0.9994,238599.0,0.19465742271186828,False,True,True,False,2021_05_09
2021-05-16,2021-05-22,2021-05-09,13.0,0.8176150723295194,0.8632995641648684,0.1530371493258875,-0.2,0.9994,238599.0,0.19465742271186828,False,True,True,False,2021_05_09
2021-05-23,2021-05-29,2021-05-25,4.0,0.8341353222064357,0.863135398766542,0.1126541055958142,-0.2,0.9993,954457.0,0.7786794567844025,False,True,True,False,2021_05_25
2021-05-30,2021-06-05,2021-05-25,11.0,0.8341353222064357,0.863135398766542,0.1126541055958142,-0.2,0.9993,954457.0,0.7786794567844025,False,True,True,False,2021_05_25
2021-06-06,2021-06-12,2021-06-10,2.0,0.8281728153674868,0.8556652833061273,0.1071942799118108,-0.2,0.9995,898453.0,0.7329894316730002,False,True,True,False,2021_06_10
2021-06-13,2021-06-19,2021-06-10,9.0,0.8281728153674868,0.8556652833061273,0.1071942799118108,-0.2,0.9995,898453.0,0.7329894316730002,False,True,True,False,2021_06_10
2021-06-20,2021-06-26,2021-06-26,0.0,0.8387220786541767,0.8554292846191176,0.0928979696536353,-0.2,0.9993,1068107.0,0.8713991081291435,False,True,True,False,2021_06_26
2021-06-27,2021-07-03,2021-06-26,7.0,0.8387220786541767,0.8554292846191176,0.0928979696536353,-0.2,0.9993,1068107.0,0.8713991081291435,False,True,True,False,2021_06_26
2021-07-04,2021-07-10,2021-06-26,14.0,0.8387220786541767,0.8554292846191176,0.0928979696536353,-0.2,0.9993,1068107.0,0.8713991081291435,False,True,True,False,2021_06_26
2021-07-11,2021-07-17,2021-07-12,5.0,0.8361519255744012,0.8556042787194814,0.1045570494187595,-0.1997,0.9994,973594.0,0.7942920917847044,False,True,True,False,2021_07_12
2021-07-18,2021-07-24,2021-07-12,12.0,0.8361519255744012,0.8556042787194814,0.1045570494187595,-0.1997,0.9994,973594.0,0.7942920917847044,False,True,True,False,2021_07_12
2021-07-25,2021-07-31,2021-07-28,3.0,0.8460766471265427,0.8630787332922024,0.1031024652555397,-0.2,0.9994,1195781.0,0.9755600299574624,False,True,True,False,2021_07_28
2021-08-01,2021-08-07,2021-07-28,10.0,0.8460766471265427,0.8630787332922024,0.1031024652555397,-0.2,0.9994,1195781.0,0.9755600299574624,False,True,True,False,2021_07_28
2021-08-08,2021-08-14,2021-08-13,1.0,0.8315154905755247,0.8476898487510152,0.0940871209422785,-0.2,0.9993,1178719.0,0.9616402526477926,False,True,True,False,2021_08_13
2021-08-15,2021-08-21,2021-08-13,8.0,0.8315154905755247,0.8476898487510152,0.0940871209422785,-0.2,0.9993,1178719.0,0.9616402526477926,False,True,True,False,2021_08_13
2021-08-22,2021-08-28,2021-08-13,15.0,0.8315154905755247,0.8476898487510152,0.0940871209422785,-0.2,0.9993,1178719.0,0.9616402526477926,False,True,True,False,2021_08_13
2021-08-29,2021-09-04,2021-08-29,6.0,0.8424895269332701,0.855395692507969,0.0857394484597022,-0.1997,0.9993,1213978.0,0.9904057800280321,False,True,True,False,2021_08_29
2021-09-05,2021-09-11,2021-08-29,13.0,0.8424895269332701,0.855395692507969,0.0857394484597022,-0.1997,0.9993,1213978.0,0.9904057800280321,False,True,True,False,2021_08_29
2021-09-12,2021-09-18,2021-09-14,4.0,0.8330630154524716,0.8475927789247173,0.090990565127549,-0.2,0.9992,1121531.0,0.9149842788589405,False,True,True,False,2021_09_14
2021-09-19,2021-09-25,2021-09-14,11.0,0.8330630154524716,0.8475927789247173,0.090990565127549,-0.2,0.9992,1121531.0,0.9149842788589405,False,True,True,False,2021_09_14
2021-09-26,2021-10-02,2021-09-30,2.0,0.8358402902704415,0.8473117991253273,0.0967725056662479,-0.2,0.9995,1103067.0,0.8999207008349256,False,True,True,False,2021_09_30
2021-10-03,2021-10-09,2021-09-30,9.0,0.8358402902704415,0.8473117991253273,0.0967725056662479,-0.2,0.9995,1103067.0,0.8999207008349256,False,True,True,False,2021_09_30
2021-10-10,2021-10-16,2021-10-16,0.0,0.8297955386990591,0.8477043399355146,0.0980868199884189,-0.1995,0.9995,566785.0,0.46240305840236656,False,True,True,False,2021_10_16
2021-10-17,2021-10-23,2021-10-16,7.0,0.8297955386990591,0.8477043399355146,0.0980868199884189,-0.1995,0.9995,566785.0,0.46240305840236656,False,True,True,False,2021_10_16
2021-10-24,2021-10-30,2021-10-16,14.0,0.8297955386990591,0.8477043399355146,0.0980868199884189,-0.1995,0.9995,566785.0,0.46240305840236656,False,True,True,False,2021_10_16
2021-10-31,2021-11-06,2021-11-01,5.0,0.8383457983591742,0.8633063725197694,0.1143414572801718,-0.2,0.9995,590405.0,0.4816730818494654,False,True,True,False,2021_11_01
2021-11-07,2021-11-13,2021-11-01,12.0,0.8383457983591742,0.8633063725197694,0.1143414572801718,-0.2,0.9995,590405.0,0.4816730818494654,False,True,True,False,2021_11_01
2021-11-14,2021-11-20,2021-11-17,3.0,0.8476740989455819,0.8710141067118077,0.1134096281650594,-0.2,0.9993,1088970.0,0.8884198743940386,False,True,True,False,2021_11_17
2021-11-21,2021-11-27,2021-11-17,10.0,0.8476740989455819,0.8710141067118077,0.1134096281650594,-0.2,0.9993,1088970.0,0.8884198743940386,False,True,True,False,2021_11_17
2021-11-28,2021-12-04,2021-12-03,1.0,0.8461669938833212,0.8631367245951929,0.1086223161076803,-0.2,0.9995,858275.0,0.7002108117721731,False,True,True,False,2021_12_03
2021-12-05,2021-12-11,2021-12-03,8.0,0.8461669938833212,0.8631367245951929,0.1086223161076803,-0.2,0.9995,858275.0,0.7002108117721731,False,True,True,False,2021_12_03
2021-12-12,2021-12-18,2021-12-03,15.0,0.8461669938833212,0.8631367245951929,0.1086223161076803,-0.2,0.9995,858275.0,0.7002108117721731,False,True,True,False,2021_12_03
2021-12-19,2021-12-25,2021-12-19,6.0,0.8104498747862874,0.8163524099605237,0.0936837156150447,-0.1997,0.9995,989918.0,0.8076097828410312,False,True,True,False,2021_12_19
2021-12-26,2022-01-01,2022-01-01,0.0,0.8623211082545273,0.8790577002048132,0.1016501321982785,-0.2,0.9995,1225112.0,0.9994892872701997,False,True,True,False,2022_01_01
2022-01-02,2022-01-08,2022-01-01,7.0,0.8623211082545273,0.8790577002048132,0.1016501321982785,-0.2,0.9995,1225112.0,0.9994892872701997,False,True,True,False,2022_01_01
2022-01-09,2022-01-15,2022-01-01,14.0,0.8623211082545273,0.8790577002048132,0.1016501321982785,-0.2,0.9995,1225112.0,0.9994892872701997,False,True,True,False,2022_01_01
2022-01-16,2022-01-22,2022-01-17,5.0,0.85915928037036,0.8790055810085212,0.092744836713412,-0.184,0.9993,622794.0,0.508097162688927,False,True,True,False,2022_01_17
2022-01-23,2022-01-29,2022-01-17,12.0,0.85915928037036,0.8790055810085212,0.092744836713412,-0.184,0.9993,622794.0,0.508097162688927,False,True,True,False,2022_01_17
2022-01-30,2022-02-05,2022-02-02,3.0,0.8175094578407028,0.8398668156565867,0.1085789786228958,-0.1997,0.9994,329992.0,0.26921903375762196,False,True,True,False,2022_02_02
2022-02-06,2022-02-12,2022-02-02,10.0,0.8175094578407028,0.8398668156565867,0.1085789786228958,-0.1997,0.9994,329992.0,0.26921903375762196,False,True,True,False,2022_02_02
2022-02-13,2022-02-19,2022-02-18,1.0,0.8222673932807402,0.8320950805321609,0.1118377087680557,-0.2,0.9995,456515.0,0.37244092946453483,False,True,True,False,2022_02_18
2022-02-20,2022-02-26,2022-02-18,8.0,0.8222673932807402,0.8320950805321609,0.1118377087680557,-0.2,0.9995,456515.0,0.37244092946453483,False,True,True,False,2022_02_18
2022-02-27,2022-03-05,2022-02-18,15.0,0.8222673932807402,0.8320950805321609,0.1118377087680557,-0.2,0.9995,456515.0,0.37244092946453483,False,True,True,False,2022_02_18
2022-03-06,2022-03-12,2022-03-06,6.0,0.8166771524086702,0.8557007765274591,0.1279888093113818,-0.1991,0.9995,45125.0,0.03681455580230033,True,True,True,False,2022_03_06
2022-03-13,2022-03-19,2022-03-06,13.0,0.8166771524086702,0.8557007765274591,0.1279888093113818,-0.1991,0.9995,45125.0,0.03681455580230033,True,True,True,False,2022_03_06
2022-03-20,2022-03-26,2022-03-22,4.0,0.8157916012350269,0.8399772781010847,0.1112775081811433,-0.2,0.999,637887.0,0.5204105608213174,False,True,True,False,2022_03_22
2022-03-27,2022-04-02,2022-03-22,11.0,0.8157916012350269,0.8399772781010847,0.1112775081811433,-0.2,0.999,637887.0,0.5204105608213174,False,True,True,False,2022_03_22
2022-04-03,2022-04-09,2022-04-07,2.0,0.8016015246391145,0.8244704742907868,0.1210307915448326,-0.1993,0.9994,132418.0,0.1080312432183713,True,True,True,False,2022_04_07
2022-04-10,2022-04-16,2022-04-07,9.0,0.8016015246391145,0.8244704742907868,0.1210307915448326,-0.1993,0.9994,132418.0,0.1080312432183713,True,True,True,False,2022_04_07
2022-04-17,2022-04-23,2022-04-23,0.0,0.8331234807577566,0.863366825954926,0.1139278373948537,-0.2,0.9995,678785.0,0.5537765819449181,False,True,True,False,2022_04_23
2022-04-24,2022-04-30,2022-04-23,7.0,0.8331234807577566,0.863366825954926,0.1139278373948537,-0.2,0.9995,678785.0,0.5537765819449181,False,True,True,False,2022_04_23
2022-05-01,2022-05-07,2022-04-23,14.0,0.8331234807577566,0.863366825954926,0.1139278373948537,-0.2,0.9995,678785.0,0.5537765819449181,False,True,True,False,2022_04_23
2022-05-08,2022-05-14,2022-05-09,5.0,0.8336988441755427,0.8869148612537916,0.1488397430704335,-0.2,0.9995,412587.0,0.3366029281950955,False,True,True,False,2022_05_09
2022-05-15,2022-05-21,2022-05-09,12.0,0.8336988441755427,0.8869148612537916,0.1488397430704335,-0.2,0.9995,412587.0,0.3366029281950955,False,True,True,False,2022_05_09
2022-05-22,2022-05-28,2022-05-25,3.0,0.7947300442356614,0.8165120920895103,0.108772275808404,-0.2,0.9994,610626.0,0.4981700820240541,False,True,True,False,2022_05_25
2022-05-29,2022-06-04,2022-05-25,10.0,0.7947300442356614,0.8165120920895103,0.108772275808404,-0.2,0.9994,610626.0,0.4981700820240541,False,True,True,False,2022_05_25
2022-06-05,2022-06-11,2022-06-10,1.0,0.8318148060605561,0.8473509680778256,0.0897973626547675,-0.2,0.9991,1175622.0,0.9591136115548348,False,True,True,False,2022_06_10
2022-06-12,2022-06-18,2022-06-10,8.0,0.8318148060605561,0.8473509680778256,0.0897973626547675,-0.2,0.9991,1175622.0,0.9591136115548348,False,True,True,False,2022_06_10
2022-06-19,2022-06-25,2022-06-10,15.0,0.8318148060605561,0.8473509680778256,0.0897973626547675,-0.2,0.9991,1175622.0,0.9591136115548348,False,True,True,False,2022_06_10
2022-06-26,2022-07-02,2022-06-26,6.0,0.8200793546046803,0.8319478050253528,0.0881829625740504,-0.2,0.9994,1105703.0,0.902071241978302,False,True,True,False,2022_06_26
2022-07-03,2022-07-09,2022-06-26,13.0,0.8200793546046803,0.8319478050253528,0.0881829625740504,-0.2,0.9994,1105703.0,0.902071241978302,False,True,True,False,2022_06_26
2022-07-10,2022-07-16,2022-07-12,4.0,0.8154430109465263,0.8398215629458895,0.109928906107692,-0.2,0.9993,1063335.0,0.8675059433582054,False,True,True,False,2022_07_12
2022-07-17,2022-07-23,2022-07-12,11.0,0.8154430109465263,0.8398215629458895,0.109928906107692,-0.2,0.9993,1063335.0,0.8675059433582054,False,True,True,False,2022_07_12
2022-07-24,2022-07-30,2022-07-28,2.0,0.8205130975634669,0.8399409338793359,0.1087314543428543,-0.2,0.9992,918037.0,0.7489667449324408,False,True,True,False,2022_07_28
2022-07-31,2022-08-06,2022-07-28,9.0,0.8205130975634669,0.8399409338793359,0.1087314543428543,-0.2,0.9992,918037.0,0.7489667449324408,False,True,True,False,2022_07_28
2022-08-07,2022-08-13,2022-08-13,0.0,0.8373337231073468,0.8478250032805924,0.0935895717079772,-0.2,0.9984,1225738.0,1.0,False,True,True,False,2022_08_13
2022-08-14,2022-08-20,2022-08-13,7.0,0.8373337231073468,0.8478250032805924,0.0935895717079772,-0.2,0.9984,1225738.0,1.0,False,True,True,False,2022_08_13
2022-08-21,2022-08-27,2022-08-13,14.0,0.8373337231073468,0.8478250032805924,0.0935895717079772,-0.2,0.9984,1225738.0,1.0,False,True,True,False,2022_08_13
2022-08-28,2022-09-03,2022-08-29,5.0,0.8505838083724625,0.8632564238436584,0.0907600499105991,-0.2,0.997,1222588.0,0.9974301196503658,False,True,True,False,2022_08_29
2022-09-04,2022-09-10,2022-08-29,12.0,0.8505838083724625,0.8632564238436584,0.0907600499105991,-0.2,0.997,1222588.0,0.9974301196503658,False,True,True,False,2022_08_29
2022-09-11,2022-09-17,2022-09-14,3.0,0.8402326169799509,0.8553795529801739,0.0915657950224298,-0.2,0.9958,1221806.0,0.9967921366556312,False,True,True,False,2022_09_14
2022-09-18,2022-09-24,2022-09-14,10.0,0.8402326169799509,0.8553795529801739,0.0915657950224298,-0.2,0.9958,1221806.0,0.9967921366556312,False,True,True,False,2022_09_14
2022-09-25,2022-10-01,2022-09-30,1.0,0.8486828768671753,0.8711939892497477,0.0956920025599515,-0.2,0.9968,1216860.0,0.9927570165891896,False,True,True,False,2022_09_30
2022-10-02,2022-10-08,2022-09-30,8.0,0.8486828768671753,0.8711939892497477,0.0956920025599515,-0.2,0.9968,1216860.0,0.9927570165891896,False,True,True,False,2022_09_30
2022-10-09,2022-10-15,2022-09-30,15.0,0.8486828768671753,0.8711939892497477,0.0956920025599515,-0.2,0.9968,1216860.0,0.9927570165891896,False,True,True,False,2022_09_30
2022-10-16,2022-10-22,2022-10-16,6.0,0.8435680306784102,0.8632338274049542,0.1119833594873885,-0.2,0.9995,912309.0,0.7442936418712645,False,True,True,False,2022_10_16
2022-10-23,2022-10-29,2022-10-16,13.0,0.8435680306784102,0.8632338274049542,0.1119833594873885,-0.2,0.9995,912309.0,0.7442936418712645,False,True,True,False,2022_10_16
2022-10-30,2022-11-05,2022-11-01,4.0,0.8327399171734073,0.8397817451922444,0.0973154583104681,-0.2,0.9992,1217663.0,0.9934121321195883,False,True,True,False,2022_11_01
2022-11-06,2022-11-12,2022-11-01,11.0,0.8327399171734073,0.8397817451922444,0.0973154583104681,-0.2,0.9992,1217663.0,0.9934121321195883,False,True,True,False,2022_11_01
2022-11-13,2022-11-19,2022-11-17,2.0,0.8269841340860856,0.8398608633451708,0.0989235366424645,-0.2,0.9994,1164735.0,0.9502316155654797,False,True,True,False,2022_11_17
2022-11-20,2022-11-26,2022-11-17,9.0,0.8269841340860856,0.8398608633451708,0.0989235366424645,-0.2,0.9994,1164735.0,0.9502316155654797,False,True,True,False,2022_11_17
2022-11-27,2022-12-03,2022-12-03,0.0,0.8356730712507815,0.8633140827818787,0.1117241251775898,-0.2,0.9995,710686.0,0.5798025352889443,False,True,True,False,2022_12_03
2022-12-04,2022-12-10,2022-12-03,7.0,0.8356730712507815,0.8633140827818787,0.1117241251775898,-0.2,0.9995,710686.0,0.5798025352889443,False,True,True,False,2022_12_03
2022-12-11,2022-12-17,2022-12-03,14.0,0.8356730712507815,0.8633140827818787,0.1117241251775898,-0.2,0.9995,710686.0,0.5798025352889443,False,True,True,False,2022_12_03
2022-12-18,2022-12-24,2022-12-19,5.0,0.861943394388492,0.8710639459253393,0.0993390663182512,-0.1994,0.9993,975742.0,0.7960445054326455,False,True,True,False,2022_12_19
2022-12-25,2022-12-31,2022-12-19,12.0,0.861943394388492,0.8710639459253393,0.0993390663182512,-0.1994,0.9993,975742.0,0.7960445054326455,False,True,True,False,2022_12_19
2023-01-01,2023-01-07,2023-01-01,6.0,0.8279236730201464,0.8475848090431016,0.1087657778816957,-0.1994,0.9995,586821.0,0.47874912909610373,False,True,True,False,2023_01_01
2023-01-08,2023-01-14,2023-01-01,13.0,0.8279236730201464,0.8475848090431016,0.1087657778816957,-0.1994,0.9995,586821.0,0.47874912909610373,False,True,True,False,2023_01_01
2023-01-15,2023-01-21,2023-01-17,4.0,0.8364674121146017,0.8475645904755538,0.0982220586195813,-0.2,0.9995,1183959.0,0.9659152282135334,False,True,True,False,2023_01_17
2023-01-22,2023-01-28,2023-01-17,11.0,0.8364674121146017,0.8475645904755538,0.0982220586195813,-0.2,0.9995,1183959.0,0.9659152282135334,False,True,True,False,2023_01_17
2023-01-29,2023-02-04,2023-02-02,2.0,0.8247791359164286,0.8398787663242367,0.0870714310202627,-0.1988,0.9995,597847.0,0.48774452615485525,False,True,True,False,2023_02_02
2023-02-05,2023-02-11,2023-02-02,9.0,0.8247791359164286,0.8398787663242367,0.0870714310202627,-0.1988,0.9995,597847.0,0.48774452615485525,False,True,True,False,2023_02_02
2023-02-12,2023-02-18,2023-02-18,0.0,0.8171084605244535,0.824263875977778,0.105999898735898,-0.1986,0.9992,382290.0,0.3118855742418037,False,True,True,False,2023_02_18
2023-02-19,2023-02-25,2023-02-18,7.0,0.8171084605244535,0.824263875977778,0.105999898735898,-0.1986,0.9992,382290.0,0.3118855742418037,False,True,True,False,2023_02_18
2023-02-26,2023-03-04,2023-02-18,14.0,0.8171084605244535,0.824263875977778,0.105999898735898,-0.1986,0.9992,382290.0,0.3118855742418037,False,True,True,False,2023_02_18
2023-03-05,2023-03-11,2023-03-06,5.0,0.8404007982709427,0.8475385487185787,0.0965868964835793,-0.1968,0.9993,953526.0,0.7779199143699551,False,True,True,False,2023_03_06
2023-03-12,2023-03-18,2023-03-06,12.0,0.8404007982709427,0.8475385487185787,0.0965868964835793,-0.1968,0.9993,953526.0,0.7779199143699551,False,True,True,False,2023_03_06
2023-03-19,2023-03-25,2023-03-22,3.0,0.8446306076046565,0.8634879637777665,0.095046400784604,-0.1978,0.9993,945051.0,0.7710057124768914,False,True,True,False,2023_03_22
2023-03-26,2023-04-01,2023-03-22,10.0,0.8446306076046565,0.8634879637777665,0.095046400784604,-0.1978,0.9993,945051.0,0.7710057124768914,False,True,True,False,2023_03_22
2023-04-02,2023-04-08,2023-04-07,1.0,0.8115880918440979,0.8318753650492448,0.1254613785917878,-0.2,0.9993,477174.0,0.38929526538297743,False,True,True,False,2023_04_07
2023-04-09,2023-04-15,2023-04-07,8.0,0.8115880918440979,0.8318753650492448,0.1254613785917878,-0.2,0.9993,477174.0,0.38929526538297743,False,True,True,False,2023_04_07
2023-04-16,2023-04-22,2023-04-07,15.0,0.8115880918440979,0.8318753650492448,0.1254613785917878,-0.2,0.9993,477174.0,0.38929526538297743,False,True,True,False,2023_04_07
2023-04-23,2023-04-29,2023-04-23,6.0,0.8010484523639475,0.832216887697452,0.1165678561233036,-0.2,0.9995,266257.0,0.21722178801668873,False,True,True,False,2023_04_23
2023-04-30,2023-05-06,2023-04-23,13.0,0.8010484523639475,0.832216887697452,0.1165678561233036,-0.2,0.9995,266257.0,0.21722178801668873,False,True,True,False,2023_04_23
2023-05-07,2023-05-13,2023-05-09,4.0,0.8238201723240312,0.8711101055446417,0.1523553916401302,-0.2,0.9993,396548.0,0.32351775012278317,False,True,True,False,2023_05_09
2023-05-14,2023-05-20,2023-05-09,11.0,0.8238201723240312,0.8711101055446417,0.1523553916401302,-0.2,0.9993,396548.0,0.32351775012278317,False,True,True,False,2023_05_09
2023-05-21,2023-05-27,2023-05-25,2.0,0.8395905232210115,0.8712004502016635,0.1176342663439759,-0.2,0.9994,662567.0,0.540545369401944,False,True,True,False,2023_05_25
2023-05-28,2023-06-03,2023-05-25,9.0,0.8395905232210115,0.8712004502016635,0.1176342663439759,-0.2,0.9994,662567.0,0.540545369401944,False,True,True,False,2023_05_25
2023-06-04,2023-06-10,2023-06-10,0.0,0.8213584190157607,0.8476995915992769,0.1125287291639989,-0.2,0.9993,867895.0,0.708059144776453,False,True,True,False,2023_06_10
2023-06-11,2023-06-17,2023-06-10,7.0,0.8213584190157607,0.8476995915992769,0.1125287291639989,-0.2,0.9993,867895.0,0.708059144776453,False,True,True,False,2023_06_10
2023-06-18,2023-06-24,2023-06-10,14.0,0.8213584190157607,0.8476995915992769,0.1125287291639989,-0.2,0.9993,867895.0,0.708059144776453,False,True,True,False,2023_06_10
2023-06-25,2023-07-01,2023-06-26,5.0,0.8396487886484119,0.8632221002112088,0.1057609057125339,-0.2,0.9994,1120855.0,0.9144327743775587,False,True,True,False,2023_06_26
2023-07-02,2023-07-08,2023-06-26,12.0,0.8396487886484119,0.8632221002112088,0.1057609057125339,-0.2,0.9994,1120855.0,0.9144327743775587,False,True,True,False,2023_06_26
2023-07-09,2023-07-15,2023-07-12,3.0,0.8306675879122389,0.8476526390213233,0.0936404127460793,-0.2,0.9989,1200019.0,0.97901753882151,False,True,True,False,2023_07_12
2023-07-16,2023-07-22,2023-07-12,10.0,0.8306675879122389,0.8476526390213233,0.0936404127460793,-0.2,0.9989,1200019.0,0.97901753882151,False,True,True,False,2023_07_12
2023-07-23,2023-07-29,2023-07-28,1.0,0.8480561193104502,0.8710945004106385,0.0951600733352571,-0.2,0.9992,1194129.0,0.9742122704852098,False,True,True,False,2023_07_28
2023-07-30,2023-08-05,2023-07-28,8.0,0.8480561193104502,0.8710945004106385,0.0951600733352571,-0.2,0.9992,1194129.0,0.9742122704852098,False,True,True,False,2023_07_28
2023-08-06,2023-08-12,2023-07-28,15.0,0.8480561193104502,0.8710945004106385,0.0951600733352571,-0.2,0.9992,1194129.0,0.9742122704852098,False,True,True,False,2023_07_28
2023-08-13,2023-08-19,2023-08-13,6.0,0.8408148134634554,0.8476505383058153,0.0843319302109781,-0.2,0.9878,1223224.0,0.9979489907304824,False,True,True,False,2023_08_13
2023-08-20,2023-08-26,2023-08-13,13.0,0.8408148134634554,0.8476505383058153,0.0843319302109781,-0.2,0.9878,1223224.0,0.9979489907304824,False,True,True,False,2023_08_13
2023-08-27,2023-09-02,2023-08-29,4.0,0.8519918609977184,0.8632999338409953,0.0909327350419668,-0.2,0.9965,1225137.0,0.9995096831459904,False,True,True,False,2023_08_29
2023-09-03,2023-09-09,2023-08-29,11.0,0.8519918609977184,0.8632999338409953,0.0909327350419668,-0.2,0.9965,1225137.0,0.9995096831459904,False,True,True,False,2023_08_29
2023-09-10,2023-09-16,2023-09-14,2.0,0.8533399009244214,0.8711246428223176,0.087128996640992,-0.2,0.998,1222537.0,0.9973885120637526,False,True,True,False,2023_09_14
2023-09-17,2023-09-23,2023-09-14,9.0,0.8533399009244214,0.8711246428223176,0.087128996640992,-0.2,0.998,1222537.0,0.9973885120637526,False,True,True,False,2023_09_14
2023-09-24,2023-09-30,2023-09-30,0.0,0.8496298065801017,0.8632818060183126,0.0904708085202191,-0.2,0.9992,1211921.0,0.9887276073679694,False,True,True,False,2023_09_30
2023-10-01,2023-10-07,2023-09-30,7.0,0.8496298065801017,0.8632818060183126,0.0904708085202191,-0.2,0.9992,1211921.0,0.9887276073679694,False,True,True,False,2023_09_30
2023-10-08,2023-10-14,2023-09-30,14.0,0.8496298065801017,0.8632818060183126,0.0904708085202191,-0.2,0.9992,1211921.0,0.9887276073679694,False,True,True,False,2023_09_30
2023-10-15,2023-10-21,2023-10-16,5.0,0.8399042859773121,0.8474682002772295,0.0929930485652049,-0.2,0.9992,1021291.0,0.8332049752883569,False,True,True,False,2023_10_16
2023-10-22,2023-10-28,2023-10-16,12.0,0.8399042859773121,0.8474682002772295,0.0929930485652049,-0.2,0.9992,1021291.0,0.8332049752883569,False,True,True,False,2023_10_16
2023-10-29,2023-11-04,2023-11-01,3.0,0.8602431635150024,0.8789594991208811,0.1000665773667625,-0.2,0.9994,990906.0,0.8084158278522816,False,True,True,False,2023_11_01
2023-11-05,2023-11-11,2023-11-01,10.0,0.8602431635150024,0.8789594991208811,0.1000665773667625,-0.2,0.9994,990906.0,0.8084158278522816,False,True,True,False,2023_11_01
2023-11-12,2023-11-18,2023-11-17,1.0,0.8435581041094504,0.8554237300212766,0.0927635630285347,-0.2,0.9992,1185475.0,0.9671520341214843,False,True,True,False,2023_11_17
2023-11-19,2023-11-25,2023-11-17,8.0,0.8435581041094504,0.8554237300212766,0.0927635630285347,-0.2,0.9992,1185475.0,0.9671520341214843,False,True,True,False,2023_11_17
2023-11-26,2023-12-02,2023-11-17,15.0,0.8435581041094504,0.8554237300212766,0.0927635630285347,-0.2,0.9992,1185475.0,0.9671520341214843,False,True,True,False,2023_11_17
2023-12-03,2023-12-09,2023-12-03,6.0,0.8547199620037126,0.8790827303629704,0.1017877829724609,-0.1998,0.9993,523729.0,0.42727646528050856,False,True,True,False,2023_12_03
2023-12-10,2023-12-16,2023-12-03,13.0,0.8547199620037126,0.8790827303629704,0.1017877829724609,-0.1998,0.9993,523729.0,0.42727646528050856,False,True,True,False,2023_12_03
2023-12-17,2023-12-23,2023-12-19,4.0,0.8389612314748974,0.8633527246373581,0.1135845825972193,-0.2,0.9994,838554.0,0.6841217291133994,False,True,True,False,2023_12_19
2023-12-24,2023-12-30,2023-12-19,11.0,0.8389612314748974,0.8633527246373581,0.1135845825972193,-0.2,0.9994,838554.0,0.6841217291133994,False,True,True,False,2023_12_19
