date,surface_pressure_hpa_mean,surface_pressure_hpa_min,surface_pressure_hpa_max,observations_6hourly,complete_day
2000-01-01,990.6480769230769,988.7384615384616,992.9423076923076,4,True
2000-01-02,990.2442307692309,988.1653846153847,992.7846153846153,4,True
2000-01-03,990.0423076923076,988.2307692307692,992.2461538461539,4,True
2000-01-04,989.6153846153846,987.5153846153847,991.7538461538461,4,True
2000-01-05,989.814423076923,987.5615384615385,991.5615384615385,4,True
2000-01-06,990.9346153846154,988.7923076923076,992.8576923076923,4,True
2000-01-07,991.1913461538462,989.6730769230769,992.9653846153847,4,True
2000-01-08,990.8961538461539,989.3307692307692,992.5923076923077,4,True
2000-01-09,990.6576923076923,988.8076923076924,992.5961538461539,4,True
2000-01-10,990.8288461538461,989.3076923076924,992.5230769230769,4,True
2000-01-11,990.9384615384615,988.8807692307693,992.4846153846153,4,True
2000-01-12,990.5326923076923,988.8692307692307,992.5,4,True
2000-01-13,990.4586538461538,987.8923076923077,992.7192307692308,4,True
2000-01-14,990.1038461538462,988.0153846153847,992.1384615384616,4,True
2000-01-15,990.0990384615385,987.9346153846153,992.3115384615385,4,True
2000-01-16,990.2711538461539,987.9615384615385,992.4076923076923,4,True
2000-01-17,991.4211538461539,988.5846153846153,993.7576923076923,4,True
2000-01-18,993.6509615384615,989.8807692307693,995.9730769230769,4,True
2000-01-19,995.6615384615385,994.7730769230769,996.4307692307692,4,True
2000-01-20,995.4432692307691,993.9807692307692,996.2730769230769,4,True
2000-01-21,994.7509615384615,993.9153846153847,995.4807692307692,4,True
2000-01-22,994.5173076923077,992.3269230769231,995.7807692307692,4,True
2000-01-23,995.0759615384616,993.3423076923077,996.2076923076924,4,True
2000-01-24,993.7163461538462,992.7,994.8307692307692,4,True
2000-01-25,992.7355769230769,991.7,993.7730769230769,4,True
2000-01-26,992.2230769230769,990.4846153846153,993.2115384615385,4,True
2000-01-27,993.6884615384615,990.9538461538461,995.303846153846,4,True
2000-01-28,994.7394230769231,993.8923076923077,995.9576923076924,4,True
2000-01-29,993.1211538461539,991.9384615384615,993.946153846154,4,True
2000-01-30,992.7980769230769,990.8115384615385,994.3692307692307,4,True
2000-01-31,994.6086538461539,992.4807692307692,995.6576923076923,4,True
2000-02-01,996.7442307692309,995.0307692307692,997.696153846154,4,True
2000-02-02,996.4855769230769,995.5807692307692,997.3807692307693,4,True
2000-02-03,995.5144230769231,994.6307692307693,996.1076923076923,4,True
2000-02-04,995.0548076923077,994.0884615384616,995.7769230769231,4,True
2000-02-05,995.7923076923076,993.7346153846153,996.7730769230769,4,True
2000-02-06,996.5211538461538,994.5923076923077,997.5346153846153,4,True
2000-02-07,996.9240384615384,995.6461538461539,997.6538461538461,4,True
2000-02-08,996.3336538461538,995.4038461538461,997.4,4,True
2000-02-09,994.2855769230769,993.0461538461539,995.6807692307692,4,True
2000-02-10,992.5134615384616,990.8769230769232,993.9269230769231,4,True
2000-02-11,992.4461538461538,989.7884615384615,994.4230769230769,4,True
2000-02-12,992.3490384615385,990.0769230769231,993.9115384615384,4,True
2000-02-13,991.6442307692307,989.1653846153847,993.1423076923077,4,True
2000-02-14,992.314423076923,989.0423076923076,994.2769230769231,4,True
2000-02-15,994.6490384615385,992.0307692307692,996.3846153846154,4,True
2000-02-16,995.5865384615385,993.8230769230769,996.9846153846153,4,True
2000-02-17,995.9413461538461,994.7153846153847,996.5807692307692,4,True
2000-02-18,995.2298076923076,994.4846153846153,995.8076923076924,4,True
2000-02-19,994.95,993.5769230769231,996.0038461538461,4,True
2000-02-20,995.7682692307692,993.8961538461539,996.7730769230769,4,True
2000-02-21,994.8413461538462,993.6923076923076,995.5384615384615,4,True
2000-02-22,993.2413461538462,992.4153846153847,994.1269230769232,4,True
2000-02-23,992.8951923076922,991.6807692307692,994.1461538461539,4,True
2000-02-24,992.9951923076923,991.8307692307692,993.9269230769231,4,True
2000-02-25,992.7192307692308,991.3923076923077,993.5423076923076,4,True
2000-02-26,993.9625,991.6653846153847,995.2307692307692,4,True
2000-02-27,994.751923076923,993.6615384615384,995.4538461538461,4,True
2000-02-28,993.0740384615384,992.0038461538461,993.7,4,True
2000-02-29,994.1951923076923,992.3,995.1653846153847,4,True
2000-03-01,995.6865384615385,993.4038461538461,997.2692307692308,4,True
2000-03-02,995.6019230769231,994.8076923076924,996.3730769230768,4,True
2000-03-03,993.8028846153846,992.7576923076923,995.0153846153847,4,True
2000-03-04,993.6009615384615,991.6,994.85,4,True
2000-03-05,994.6375,993.2923076923076,995.4307692307692,4,True
2000-03-06,994.8836538461538,993.6884615384615,995.4192307692308,4,True
2000-03-07,995.5490384615385,994.1653846153847,996.3769230769232,4,True
2000-03-08,994.2875,993.3384615384616,995.0423076923076,4,True
2000-03-09,993.2961538461539,991.9307692307692,994.0153846153847,4,True
2000-03-10,993.6480769230769,991.1692307692308,994.8576923076923,4,True
2000-03-11,994.1663461538461,992.3230769230769,995.15,4,True
2000-03-12,994.5403846153847,992.7423076923077,995.6461538461539,4,True
2000-03-13,992.8596153846154,991.4269230769231,994.2653846153847,4,True
2000-03-14,991.3403846153847,990.2269230769231,992.65,4,True
2000-03-15,991.8346153846154,990.0692307692308,993.2038461538461,4,True
2000-03-16,992.8451923076923,991.3846153846154,994.3884615384616,4,True
2000-03-17,993.2269230769231,992.3615384615384,994.4923076923077,4,True
2000-03-18,992.3499999999999,991.1923076923076,993.6884615384615,4,True
2000-03-19,991.2201923076923,989.6461538461539,993.0346153846153,4,True
2000-03-20,991.5028846153846,989.0769230769231,993.3115384615385,4,True
2000-03-21,992.4278846153846,991.0461538461539,993.75,4,True
2000-03-22,993.4105769230769,991.9192307692308,994.4038461538461,4,True
2000-03-23,993.1221153846154,992.2423076923077,994.15,4,True
2000-03-24,992.2624999999999,990.5730769230769,993.0346153846153,4,True
2000-03-25,994.0009615384615,992.5153846153847,995.1153846153846,4,True
2000-03-26,995.1125,994.1923076923076,995.946153846154,4,True
2000-03-27,993.5519230769231,992.4653846153847,994.2076923076924,4,True
2000-03-28,993.9000000000001,992.1076923076923,995.0076923076923,4,True
2000-03-29,995.5846153846153,994.1230769230768,996.3115384615385,4,True
2000-03-30,995.0173076923077,994.3769230769232,995.75,4,True
2000-03-31,994.2394230769231,993.3576923076923,995.1846153846153,4,True
2000-04-01,994.2788461538462,993.0115384615384,995.5576923076924,4,True
2000-04-02,996.303846153846,994.6538461538461,997.1615384615384,4,True
2000-04-03,996.1182692307693,995.3769230769232,997.0192307692308,4,True
2000-04-04,994.625,993.7884615384615,995.2423076923077,4,True
2000-04-05,994.6740384615384,993.6576923076923,995.4192307692308,4,True
2000-04-06,995.3269230769231,994.2307692307692,996.0,4,True
2000-04-07,995.010576923077,994.2807692307692,995.5576923076924,4,True
2000-04-08,994.0971153846154,993.4884615384616,994.6653846153847,4,True
2000-04-09,994.3894230769231,993.1461538461539,995.1769230769231,4,True
2000-04-10,994.6067307692308,993.4692307692308,995.0423076923076,4,True
2000-04-11,994.9115384615384,993.6,995.6884615384615,4,True
2000-04-12,995.4211538461539,994.8884615384616,995.8230769230769,4,True
2000-04-13,995.05,994.2846153846153,995.9384615384615,4,True
2000-04-14,994.1076923076923,993.1307692307693,995.5769230769231,4,True
2000-04-15,994.8509615384615,992.5269230769231,996.5884615384616,4,True
2000-04-16,996.4653846153847,995.2153846153847,997.196153846154,4,True
2000-04-17,995.3336538461539,993.5192307692308,996.6,4,True
2000-04-18,994.0778846153846,992.9923076923077,995.2576923076923,4,True
2000-04-19,993.8278846153846,992.2153846153847,995.3076923076924,4,True
2000-04-20,995.1971153846155,994.2807692307692,995.8846153846154,4,True
2000-04-21,995.5451923076923,994.8846153846154,996.4653846153847,4,True
2000-04-22,994.7817307692308,993.4615384615385,995.8346153846153,4,True
2000-04-23,994.2317307692308,992.6653846153847,995.05,4,True
2000-04-24,994.6913461538461,994.053846153846,995.6076923076923,4,True
2000-04-25,995.2326923076923,994.4346153846153,995.7846153846153,4,True
2000-04-26,995.4826923076923,994.1615384615384,996.2115384615385,4,True
2000-04-27,996.2067307692308,994.5230769230769,997.196153846154,4,True
2000-04-28,996.6990384615384,995.2615384615384,997.4846153846153,4,True
2000-04-29,997.2471153846154,996.25,998.1076923076923,4,True
2000-04-30,996.6278846153846,995.6769230769231,997.85,4,True
2000-05-01,995.0086538461538,993.8230769230769,996.1230769230768,4,True
2000-05-02,993.8355769230769,992.6192307692307,994.8230769230769,4,True
2000-05-03,993.9538461538461,992.7653846153847,994.6615384615384,4,True
2000-05-04,994.0923076923077,993.2692307692308,994.9384615384615,4,True
2000-05-05,994.8692307692306,993.9730769230769,995.6846153846153,4,True
2000-05-06,995.7730769230769,994.9038461538461,996.7653846153847,4,True
2000-05-07,995.5182692307692,994.9038461538461,996.0384615384615,4,True
2000-05-08,995.9173076923078,994.5269230769231,996.7038461538461,4,True
2000-05-09,996.6423076923077,995.0,997.2384615384616,4,True
2000-05-10,997.8951923076922,996.7961538461539,998.6230769230768,4,True
2000-05-11,997.7413461538462,997.0807692307692,998.2807692307692,4,True
2000-05-12,996.5076923076923,995.5384615384615,997.2230769230769,4,True
2000-05-13,995.9807692307693,994.7769230769231,996.8461538461539,4,True
2000-05-14,995.6326923076923,994.1269230769232,996.3769230769232,4,True
2000-05-15,995.5721153846154,995.0076923076923,996.2769230769231,4,True
2000-05-16,994.5394230769231,993.7807692307692,995.2076923076924,4,True
2000-05-17,995.0134615384616,992.7192307692308,996.1038461538461,4,True
2000-05-18,997.1423076923077,995.7730769230769,998.0615384615385,4,True
2000-05-19,997.4711538461538,996.5884615384616,998.0384615384615,4,True
2000-05-20,997.2711538461538,996.2076923076924,997.9230769230769,4,True
2000-05-21,997.8355769230769,996.2615384615384,998.65,4,True
2000-05-22,998.6490384615385,997.6192307692307,999.1884615384615,4,True
2000-05-23,999.5423076923076,998.0615384615385,1000.2346153846153,4,True
2000-05-24,999.4221153846154,998.8884615384616,999.696153846154,4,True
2000-05-25,998.2557692307693,997.8730769230768,998.5730769230769,4,True
2000-05-26,996.810576923077,995.8384615384616,997.7076923076924,4,True
2000-05-27,996.875,995.5423076923076,997.7423076923077,4,True
2000-05-28,996.5942307692308,995.7884615384615,997.4730769230769,4,True
2000-05-29,995.2461538461539,994.4692307692308,996.1423076923077,4,True
2000-05-30,994.2182692307692,992.8653846153846,995.1346153846154,4,True
2000-05-31,995.8192307692308,994.0923076923077,997.0038461538461,4,True
2000-06-01,997.1576923076923,995.8923076923077,997.7653846153847,4,True
2000-06-02,997.6423076923077,996.4961538461539,998.1576923076923,4,True
2000-06-03,997.8625,996.3769230769232,998.9269230769231,4,True
2000-06-04,998.3,996.9346153846153,999.0884615384616,4,True
2000-06-05,998.4826923076923,997.5269230769231,999.1615384615384,4,True
2000-06-06,998.2403846153846,997.1307692307693,999.2192307692308,4,True
2000-06-07,998.1490384615385,997.3269230769231,998.7615384615384,4,True
2000-06-08,998.5682692307693,997.1576923076923,999.7153846153847,4,True
2000-06-09,999.1346153846154,997.9423076923076,1000.2115384615385,4,True
2000-06-10,999.0394230769231,998.3076923076924,999.4038461538461,4,True
2000-06-11,998.2336538461539,997.1384615384616,999.2769230769231,4,True
2000-06-12,997.5730769230769,996.5346153846153,998.2846153846153,4,True
2000-06-13,996.626923076923,996.3653846153846,997.0230769230769,4,True
2000-06-14,995.2365384615385,994.0153846153847,996.5153846153847,4,True
2000-06-15,994.7115384615385,993.2923076923076,995.9269230769231,4,True
2000-06-16,994.9326923076923,993.9384615384615,995.4615384615385,4,True
2000-06-17,996.4932692307692,995.2,997.5807692307692,4,True
2000-06-18,998.8913461538461,997.7807692307692,999.8076923076924,4,True
2000-06-19,998.6432692307692,997.3961538461539,999.7961538461539,4,True
2000-06-20,998.5240384615386,997.4884615384616,999.3461538461539,4,True
2000-06-21,998.0692307692308,996.696153846154,999.1346153846154,4,True
2000-06-22,998.3375,997.2192307692308,999.1923076923076,4,True
2000-06-23,998.1211538461539,997.3461538461539,999.0230769230769,4,True
2000-06-24,996.6625,995.8576923076923,997.4692307692308,4,True
2000-06-25,996.3682692307692,995.0230769230769,997.1,4,True
2000-06-26,996.7211538461538,995.2884615384615,997.5115384615384,4,True
2000-06-27,997.3778846153846,995.5961538461539,998.2269230769231,4,True
2000-06-28,997.2326923076923,996.4076923076923,997.8923076923077,4,True
2000-06-29,996.0326923076923,994.7115384615385,997.4192307692308,4,True
2000-06-30,996.0057692307693,994.2307692307692,997.1807692307692,4,True
2000-07-01,996.464423076923,995.7538461538461,997.4846153846153,4,True
2000-07-02,996.6240384615385,995.5461538461539,997.5230769230769,4,True
2000-07-03,997.0375,995.5269230769231,998.3153846153847,4,True
2000-07-04,997.9826923076923,997.3423076923077,998.6,4,True
2000-07-05,998.6019230769231,997.803846153846,999.3076923076924,4,True
2000-07-06,997.4221153846154,996.6769230769231,998.0884615384616,4,True
2000-07-07,996.4317307692307,995.0692307692308,997.2307692307692,4,True
2000-07-08,996.1413461538461,994.6346153846154,996.8884615384616,4,True
2000-07-09,996.2307692307693,995.0730769230769,996.8576923076923,4,True
2000-07-10,996.5451923076923,994.9923076923077,997.35,4,True
2000-07-11,997.3740384615385,995.7076923076924,998.4192307692308,4,True
2000-07-12,998.9499999999999,997.65,999.8115384615385,4,True
2000-07-13,1000.8538461538461,999.6807692307692,1001.7038461538461,4,True
2000-07-14,1002.0086538461538,1000.8384615384616,1002.9538461538461,4,True
2000-07-15,1000.3836538461538,999.7307692307692,1000.8230769230769,4,True
2000-07-16,999.2759615384615,997.8923076923077,1000.0653846153847,4,True
2000-07-17,999.0711538461538,998.5576923076924,999.8576923076923,4,True
2000-07-18,996.9538461538461,995.9423076923076,997.9076923076923,4,True
2000-07-19,996.7903846153847,994.5692307692308,998.1653846153847,4,True
2000-07-20,997.8798076923076,997.0423076923076,998.803846153846,4,True
2000-07-21,996.3663461538462,995.4730769230769,997.0038461538461,4,True
2000-07-22,995.6432692307692,994.0,996.8269230769231,4,True
2000-07-23,996.7538461538461,994.9884615384616,998.0730769230769,4,True
2000-07-24,998.7769230769231,997.2807692307692,999.4923076923077,4,True
2000-07-25,999.2663461538461,998.3884615384616,1000.4884615384616,4,True
2000-07-26,998.6125,996.6230769230768,1000.4076923076923,4,True
2000-07-27,998.3307692307692,996.8461538461539,999.2346153846153,4,True
2000-07-28,997.8346153846154,996.8346153846153,999.0307692307692,4,True
2000-07-29,997.3509615384615,995.9192307692308,998.2115384615385,4,True
2000-07-30,997.0538461538462,996.1923076923076,997.6730769230769,4,True
2000-07-31,996.5615384615385,994.7653846153847,998.0038461538461,4,True
2000-08-01,996.3548076923078,995.6,997.6384615384616,4,True
2000-08-02,995.3557692307692,993.8692307692307,996.3346153846153,4,True
2000-08-03,996.8259615384615,994.7538461538461,998.0615384615385,4,True
2000-08-04,998.9875000000001,997.4384615384615,1000.0653846153847,4,True
2000-08-05,999.0903846153847,997.6884615384615,1000.2,4,True
2000-08-06,997.2230769230769,995.6038461538461,998.1423076923077,4,True
2000-08-07,997.4528846153846,995.8153846153847,998.6346153846154,4,True
2000-08-08,997.1644230769232,995.9576923076924,997.7576923076923,4,True
2000-08-09,997.6567307692308,996.0653846153847,998.9115384615384,4,True
2000-08-10,998.6259615384615,996.6692307692308,999.9730769230769,4,True
2000-08-11,1000.6557692307692,998.4730769230769,1002.1730769230769,4,True
2000-08-12,1000.2538461538462,998.946153846154,1001.2461538461539,4,True
2000-08-13,998.5961538461538,997.2153846153847,999.6038461538461,4,True
2000-08-14,998.5567307692309,997.0230769230769,999.4269230769231,4,True
2000-08-15,998.9701923076923,997.5615384615385,999.5730769230769,4,True
2000-08-16,999.3125,997.4423076923076,1000.6307692307693,4,True
2000-08-17,997.8336538461539,997.1384615384616,998.3461538461539,4,True
2000-08-18,997.6125,995.8230769230769,998.5769230769231,4,True
2000-08-19,998.9471153846154,997.0076923076923,1000.0115384615384,4,True
2000-08-20,998.3451923076923,997.6923076923076,999.1769230769231,4,True
2000-08-21,996.6317307692308,995.2576923076923,997.4730769230769,4,True
2000-08-22,996.5009615384615,995.1576923076923,997.9769230769231,4,True
2000-08-23,996.1807692307692,995.7,996.7423076923077,4,True
2000-08-24,995.2932692307692,993.1923076923076,996.1884615384615,4,True
2000-08-25,995.2240384615384,993.4884615384616,996.4807692307692,4,True
2000-08-26,994.5403846153846,993.6615384615384,995.4038461538461,4,True
2000-08-27,994.1538461538462,992.5230769230769,995.3884615384616,4,True
2000-08-28,994.3096153846154,993.0192307692308,995.3230769230769,4,True
2000-08-29,993.598076923077,992.3153846153847,994.6846153846153,4,True
2000-08-30,993.2307692307693,991.0346153846153,995.0115384615384,4,True
2000-08-31,993.7653846153846,991.5615384615385,995.7961538461539,4,True
2000-09-01,993.925,992.1230769230768,995.7192307692308,4,True
2000-09-02,992.4336538461539,991.3192307692308,993.7730769230769,4,True
2000-09-03,992.9,990.4115384615384,994.7576923076923,4,True
2000-09-04,994.7173076923077,992.9307692307692,996.1038461538461,4,True
2000-09-05,995.1298076923077,994.0423076923076,996.1269230769232,4,True
2000-09-06,993.7115384615385,991.9192307692308,995.3192307692308,4,True
2000-09-07,993.2019230769231,991.8730769230768,994.3346153846153,4,True
2000-09-08,991.7375,990.9307692307692,993.1115384615384,4,True
2000-09-09,992.1009615384615,990.3576923076923,993.0807692307692,4,True
2000-09-10,992.876923076923,991.5461538461539,993.9307692307692,4,True
2000-09-11,993.3086538461539,991.3923076923077,994.3384615384616,4,True
2000-09-12,993.1644230769231,991.65,994.8076923076924,4,True
2000-09-13,993.8682692307693,992.1,995.3076923076924,4,True
2000-09-14,995.1615384615385,992.6769230769231,996.696153846154,4,True
2000-09-15,996.1451923076924,994.5423076923076,997.6269230769232,4,True
2000-09-16,997.1211538461538,995.5192307692308,998.3692307692307,4,True
2000-09-17,997.7932692307692,996.2269230769231,998.8615384615384,4,True
2000-09-18,997.0567307692307,996.3192307692308,998.0615384615385,4,True
2000-09-19,997.0653846153847,995.9961538461539,998.1884615384615,4,True
2000-09-20,996.1144230769231,994.8076923076924,997.4615384615385,4,True
2000-09-21,994.876923076923,993.9576923076924,996.0692307692308,4,True
2000-09-22,994.5221153846154,992.5307692307692,995.7961538461539,4,True
2000-09-23,994.8711538461539,994.4,995.4269230769231,4,True
2000-09-24,992.6951923076923,991.6615384615384,993.8230769230769,4,True
2000-09-25,993.1788461538462,990.3461538461539,994.9,4,True
2000-09-26,996.9490384615384,994.5038461538461,998.803846153846,4,True
2000-09-27,997.9961538461539,996.5807692307692,999.0076923076923,4,True
2000-09-28,995.6884615384615,994.4807692307692,996.8423076923077,4,True
2000-09-29,994.176923076923,992.6230769230768,995.6769230769231,4,True
2000-09-30,995.6596153846153,993.8230769230769,996.9769230769231,4,True
2000-10-01,996.7221153846153,995.9,997.7115384615385,4,True
2000-10-02,997.1038461538461,995.9846153846153,998.4884615384616,4,True
2000-10-03,996.2538461538461,995.0307692307692,997.6807692307692,4,True
2000-10-04,994.9173076923078,994.0076923076923,996.3076923076924,4,True
2000-10-05,995.035576923077,993.9153846153847,997.0769230769231,4,True
2000-10-06,995.4605769230769,994.3269230769231,996.696153846154,4,True
2000-10-07,995.3394230769231,993.8923076923077,996.7653846153847,4,True
2000-10-08,995.1548076923077,994.4153846153847,996.8230769230769,4,True
2000-10-09,995.1509615384615,994.4961538461539,996.4115384615384,4,True
2000-10-10,995.7846153846153,994.3884615384616,997.4346153846153,4,True
2000-10-11,996.1115384615384,994.7,997.696153846154,4,True
2000-10-12,995.2115384615386,994.3769230769232,996.6769230769231,4,True
2000-10-13,994.3846153846154,992.8461538461539,996.1615384615384,4,True
2000-10-14,995.5461538461539,993.7153846153847,997.2,4,True
2000-10-15,995.7865384615385,995.2076923076924,996.8730769230768,4,True
2000-10-16,995.7432692307692,995.0730769230769,997.0230769230769,4,True
2000-10-17,995.5701923076923,994.4884615384616,996.9846153846153,4,True
2000-10-18,996.1278846153846,994.6269230769232,997.7923076923076,4,True
2000-10-19,995.8971153846153,994.6423076923077,997.4038461538461,4,True
2000-10-20,994.8134615384615,994.053846153846,996.1230769230768,4,True
2000-10-21,994.525,993.6423076923077,995.85,4,True
2000-10-22,992.9336538461538,992.2576923076923,994.5038461538461,4,True
2000-10-23,992.1048076923076,990.4538461538461,994.5307692307692,4,True
2000-10-24,991.6576923076923,990.8846153846154,992.8730769230768,4,True
2000-10-25,992.260576923077,991.25,993.6384615384616,4,True
2000-10-26,992.5278846153847,991.6153846153846,993.8384615384616,4,True
2000-10-27,994.0807692307692,992.5769230769231,995.7269230769231,4,True
2000-10-28,994.9288461538462,993.9884615384616,996.6076923076923,4,True
2000-10-29,993.4403846153846,992.7884615384615,994.9538461538461,4,True
2000-10-30,993.3221153846154,992.6230769230768,994.3961538461539,4,True
2000-10-31,993.276923076923,992.1538461538461,994.4653846153847,4,True
2000-11-01,992.775,990.8461538461539,994.6076923076923,4,True
2000-11-02,991.5336538461538,990.0346153846153,993.4923076923077,4,True
2000-11-03,990.4807692307693,989.1153846153846,992.45,4,True
2000-11-04,989.7240384615384,988.4346153846153,991.4807692307692,4,True
2000-11-05,987.8932692307692,986.5923076923077,989.7038461538461,4,True
2000-11-06,988.7336538461539,986.1769230769231,990.5384615384615,4,True
2000-11-07,989.7701923076922,988.4576923076924,991.1615384615384,4,True
2000-11-08,989.4923076923077,988.5346153846153,990.8576923076923,4,True
2000-11-09,988.6153846153845,987.3692307692307,990.9615384615385,4,True
2000-11-10,987.8057692307692,985.9961538461539,990.3076923076924,4,True
2000-11-11,988.5230769230769,987.0115384615384,990.5923076923077,4,True
2000-11-12,988.3634615384615,986.5884615384616,990.4846153846153,4,True
2000-11-13,988.008653846154,985.9653846153847,990.2961538461539,4,True
2000-11-14,988.9259615384615,986.9038461538461,991.7423076923077,4,True
2000-11-15,989.7682692307692,987.8269230769231,991.95,4,True
2000-11-16,991.25,989.2961538461539,993.0038461538461,4,True
2000-11-17,992.7259615384615,991.7807692307692,994.3115384615385,4,True
2000-11-18,994.248076923077,993.2615384615384,995.4538461538461,4,True
2000-11-19,993.0509615384615,991.7192307692308,994.6038461538461,4,True
2000-11-20,992.7211538461538,990.2153846153847,994.5653846153847,4,True
2000-11-21,994.114423076923,992.7538461538461,995.65,4,True
2000-11-22,995.4125,993.7115384615385,997.4076923076923,4,True
2000-11-23,995.8701923076924,995.1576923076923,997.4,4,True
2000-11-24,995.6067307692308,994.8576923076923,997.2038461538461,4,True
2000-11-25,995.6567307692308,994.3346153846153,997.053846153846,4,True
2000-11-26,995.3692307692307,994.1038461538461,997.053846153846,4,True
2000-11-27,993.9557692307692,992.5,995.5461538461539,4,True
2000-11-28,994.4451923076922,992.9730769230769,995.9615384615385,4,True
2000-11-29,995.2057692307693,994.0615384615385,996.946153846154,4,True
2000-11-30,995.4028846153847,993.9692307692308,997.0807692307692,4,True
2000-12-01,995.1798076923077,993.6576923076923,996.8923076923077,4,True
2000-12-02,994.5519230769231,993.4576923076924,996.2423076923077,4,True
2000-12-03,994.1509615384615,993.1192307692307,996.1230769230768,4,True
2000-12-04,992.75,991.5961538461539,994.9538461538461,4,True
2000-12-05,993.075,991.6269230769232,995.5346153846153,4,True
2000-12-06,994.2711538461539,992.6692307692308,996.6307692307693,4,True
2000-12-07,994.7451923076923,993.803846153846,996.4769230769231,4,True
2000-12-08,995.3836538461538,993.65,996.7807692307692,4,True
2000-12-09,996.8875,996.1461538461539,998.1884615384615,4,True
2000-12-10,995.5394230769231,994.1730769230769,996.9269230769231,4,True
2000-12-11,992.9201923076923,991.7076923076924,994.696153846154,4,True
2000-12-12,991.5346153846153,990.0038461538461,993.8423076923077,4,True
2000-12-13,992.8201923076923,990.9,995.1730769230769,4,True
2000-12-14,992.6596153846153,991.3961538461539,994.8230769230769,4,True
2000-12-15,991.0990384615384,989.4884615384616,993.2346153846153,4,True
2000-12-16,990.8403846153847,988.5961538461539,993.2961538461539,4,True
2000-12-17,992.9326923076924,990.9576923076924,995.2384615384616,4,True
2000-12-18,992.2644230769231,990.7730769230769,994.7692307692308,4,True
2000-12-19,992.5028846153846,990.2961538461539,994.5576923076924,4,True
2000-12-20,993.6586538461538,991.8884615384616,995.5115384615384,4,True
2000-12-21,994.2942307692308,993.3692307692307,995.7461538461539,4,True
2000-12-22,995.0721153846154,993.3307692307692,996.4230769230769,4,True
2000-12-23,995.6240384615385,994.5615384615385,997.5384615384615,4,True
2000-12-24,995.7355769230769,994.2576923076923,997.0076923076923,4,True
2000-12-25,995.0913461538462,994.75,996.0115384615384,4,True
2000-12-26,994.4576923076922,992.8615384615384,996.2,4,True
2000-12-27,994.125,992.8961538461539,995.9307692307692,4,True
2000-12-28,994.1288461538461,992.9269230769231,995.8,4,True
2000-12-29,994.4115384615385,992.6846153846153,996.2653846153847,4,True
2000-12-30,994.5855769230769,993.5192307692308,995.9769230769231,4,True
2000-12-31,995.4798076923076,993.6076923076923,997.0730769230769,4,True
2001-01-01,996.2615384615384,994.5769230769231,997.6538461538461,4,True
2001-01-02,996.7423076923077,995.9307692307692,997.5269230769231,4,True
2001-01-03,995.5346153846153,994.4807692307692,996.7038461538461,4,True
2001-01-04,994.4769230769231,993.7423076923077,995.2846153846153,4,True
2001-01-05,993.8846153846154,992.4115384615384,995.2653846153847,4,True
2001-01-06,993.7086538461539,991.8769230769232,994.9653846153847,4,True
2001-01-07,993.7317307692308,992.1538461538461,994.7961538461539,4,True
2001-01-08,993.3740384615385,991.8384615384616,995.0269230769231,4,True
2001-01-09,993.0884615384615,991.6576923076923,995.0307692307692,4,True
2001-01-10,992.2346153846154,990.5923076923077,994.1423076923077,4,True
2001-01-11,992.7375,990.6884615384615,994.9884615384616,4,True
2001-01-12,993.9365384615385,992.2,995.5576923076924,4,True
2001-01-13,993.8605769230769,992.3807692307693,995.2538461538461,4,True
2001-01-14,994.3153846153847,991.6884615384615,995.7153846153847,4,True
2001-01-15,994.6567307692308,993.4730769230769,995.8538461538461,4,True
2001-01-16,994.3807692307693,993.1653846153847,995.0884615384616,4,True
2001-01-17,994.7019230769231,993.3461538461539,995.5153846153847,4,True
2001-01-18,995.2644230769231,994.1038461538461,995.8615384615384,4,True
2001-01-19,996.3759615384615,995.0153846153847,997.4423076923076,4,True
2001-01-20,997.9673076923077,996.3576923076923,998.9730769230769,4,True
2001-01-21,997.5999999999999,996.3,998.3846153846154,4,True
2001-01-22,996.1394230769231,994.9423076923076,996.6269230769232,4,True
2001-01-23,996.6355769230769,995.0615384615385,997.8923076923077,4,True
2001-01-24,997.508653846154,996.1653846153847,998.4769230769231,4,True
2001-01-25,997.9288461538462,997.2730769230769,998.7461538461539,4,True
2001-01-26,996.9615384615385,996.4230769230769,997.5192307692308,4,True
2001-01-27,995.9528846153846,994.8538461538461,996.6076923076923,4,True
2001-01-28,996.1403846153846,994.8230769230769,996.8346153846153,4,True
2001-01-29,996.2951923076923,995.6576923076923,997.4076923076923,4,True
2001-01-30,994.9,994.2230769230769,996.0115384615384,4,True
2001-01-31,993.55,991.9730769230769,995.1846153846153,4,True
2001-02-01,993.0038461538461,990.9846153846153,994.7269230769231,4,True
2001-02-02,993.0125,991.5769230769231,994.7769230769231,4,True
2001-02-03,992.3923076923077,989.7423076923077,994.0,4,True
2001-02-04,994.8038461538462,991.8230769230769,996.9423076923076,4,True
2001-02-05,996.2913461538461,994.6846153846153,997.3576923076923,4,True
2001-02-06,996.5278846153847,994.8807692307693,997.6576923076923,4,True
2001-02-07,996.4942307692307,995.3538461538461,997.3153846153847,4,True
2001-02-08,996.7125,995.5346153846153,997.4730769230769,4,True
2001-02-09,994.9740384615385,994.2538461538461,995.4269230769231,4,True
2001-02-10,993.8634615384615,992.3423076923077,994.6615384615384,4,True
2001-02-11,994.2096153846154,992.1115384615384,995.8115384615385,4,True
2001-02-12,995.0317307692308,993.2384615384616,997.0307692307692,4,True
2001-02-13,995.6423076923077,994.6384615384616,996.2346153846153,4,True
2001-02-14,995.1076923076923,994.6192307692307,996.1461538461539,4,True
2001-02-15,994.0394230769231,992.7038461538461,994.8769230769232,4,True
2001-02-16,994.7548076923077,992.3653846153846,996.1653846153847,4,True
2001-02-17,995.3788461538462,993.196153846154,996.7769230769231,4,True
2001-02-18,995.1317307692308,993.9884615384616,995.9230769230769,4,True
2001-02-19,994.5230769230769,993.0115384615384,995.9692307692308,4,True
2001-02-20,994.8903846153846,994.0615384615385,995.6807692307692,4,True
2001-02-21,993.2711538461539,992.45,993.85,4,True
2001-02-22,992.7990384615385,991.8384615384616,993.3115384615385,4,True
2001-02-23,992.4701923076923,990.9807692307692,994.0307692307692,4,True
2001-02-24,993.7692307692307,991.4730769230769,995.2384615384616,4,True
2001-02-25,995.4942307692307,994.3846153846154,997.1230769230768,4,True
2001-02-26,994.8817307692308,994.05,995.4576923076924,4,True
2001-02-27,993.3038461538462,991.9038461538461,994.2153846153847,4,True
2001-02-28,992.6807692307692,991.1692307692308,993.6153846153846,4,True
2001-03-01,993.0211538461539,992.3961538461539,993.6192307692307,4,True
2001-03-02,994.2134615384615,993.1923076923076,995.0884615384616,4,True
2001-03-03,994.6105769230769,993.2230769230769,995.5,4,True
2001-03-04,996.2394230769231,995.5153846153847,996.9076923076923,4,True
2001-03-05,996.6509615384616,996.1153846153846,997.6,4,True
2001-03-06,995.0259615384615,994.15,995.7538461538461,4,True
2001-03-07,994.6846153846154,992.1,996.5230769230769,4,True
2001-03-08,995.7105769230769,994.7,996.7192307692308,4,True
2001-03-09,995.425,994.4,996.4692307692308,4,True
2001-03-10,994.8221153846154,993.7807692307692,995.9846153846153,4,True
2001-03-11,995.4230769230769,994.7461538461539,996.4230769230769,4,True
2001-03-12,995.3336538461539,993.3653846153846,996.8961538461539,4,True
2001-03-13,993.9942307692309,992.8538461538461,995.2769230769231,4,True
2001-03-14,992.3163461538462,991.0192307692308,993.25,4,True
2001-03-15,991.8480769230769,990.4423076923076,992.5346153846153,4,True
2001-03-16,993.7557692307693,991.5961538461539,995.0884615384616,4,True
2001-03-17,995.2125,993.7538461538461,996.4115384615384,4,True
2001-03-18,993.8413461538462,992.6307692307693,994.6807692307692,4,True
2001-03-19,991.9105769230769,990.8423076923077,992.6576923076923,4,True
2001-03-20,992.6125,991.2038461538461,994.2346153846153,4,True
2001-03-21,993.5798076923077,992.8076923076924,994.3423076923077,4,True
2001-03-22,994.0586538461539,993.6192307692307,994.4615384615385,4,True
2001-03-23,993.1884615384615,992.0346153846153,994.15,4,True
2001-03-24,992.6019230769231,991.25,993.6538461538461,4,True
2001-03-25,994.0807692307692,992.3576923076923,995.4846153846153,4,True
2001-03-26,995.4298076923077,994.7961538461539,995.9076923076923,4,True
2001-03-27,995.7442307692309,995.1923076923076,996.446153846154,4,True
2001-03-28,995.2701923076922,994.5423076923076,995.9384615384615,4,True
2001-03-29,995.4336538461539,993.5461538461539,996.6692307692308,4,True
2001-03-30,995.6942307692308,994.7115384615385,996.9692307692308,4,True
2001-03-31,995.7163461538462,995.2038461538461,996.2653846153847,4,True
2001-04-01,994.9250000000001,994.3192307692308,995.5153846153847,4,True
2001-04-02,995.0471153846154,992.9423076923076,996.2076923076924,4,True
2001-04-03,996.0365384615385,994.7653846153847,997.0653846153847,4,True
2001-04-04,995.3740384615385,994.3615384615384,995.9730769230769,4,True
2001-04-05,994.0721153846154,993.2923076923076,995.2038461538461,4,True
2001-04-06,994.4605769230769,992.8461538461539,995.4076923076923,4,True
2001-04-07,995.8634615384615,994.1615384615384,996.6884615384615,4,True
2001-04-08,997.5423076923076,996.5807692307692,998.4692307692308,4,True
2001-04-09,996.2903846153846,994.3230769230769,997.3076923076924,4,True
2001-04-10,993.9548076923078,992.696153846154,994.8461538461539,4,True
2001-04-11,994.1048076923076,992.5346153846153,995.0,4,True
2001-04-12,996.0673076923077,994.7730769230769,997.3384615384616,4,True
2001-04-13,996.7038461538461,995.9961538461539,997.5115384615384,4,True
2001-04-14,995.7346153846154,994.7230769230769,996.4769230769231,4,True
2001-04-15,996.1596153846153,994.696153846154,996.8538461538461,4,True
2001-04-16,997.1798076923076,995.5769230769231,998.2846153846153,4,True
2001-04-17,998.3961538461539,996.8192307692308,999.4961538461539,4,True
2001-04-18,998.1692307692308,996.8884615384616,999.1153846153846,4,True
2001-04-19,995.7182692307692,994.4230769230769,996.6384615384616,4,True
2001-04-20,995.1730769230769,993.0730769230769,996.4076923076923,4,True
2001-04-21,995.2759615384616,993.7269230769231,996.7346153846153,4,True
2001-04-22,993.4788461538461,992.2423076923077,994.3692307692307,4,True
2001-04-23,991.2394230769231,990.3769230769232,992.3807692307693,4,True
2001-04-24,992.7971153846154,989.8769230769232,994.6346153846154,4,True
2001-04-25,996.3942307692308,993.9884615384616,997.5192307692308,4,True
2001-04-26,997.1240384615385,996.9230769230769,997.4076923076923,4,True
2001-04-27,995.8990384615385,995.2192307692308,996.6269230769232,4,True
2001-04-28,995.6432692307692,994.5153846153847,996.1461538461539,4,True
2001-04-29,995.8730769230768,994.6923076923076,996.9730769230769,4,True
2001-04-30,996.0413461538461,995.5769230769231,997.1576923076923,4,True
2001-05-01,995.3528846153846,995.0884615384616,995.6884615384615,4,True
2001-05-02,995.0673076923076,993.7538461538461,996.3769230769232,4,True
2001-05-03,996.3980769230769,995.1076923076923,996.9384615384615,4,True
2001-05-04,996.45,996.0307692307692,996.9653846153847,4,True
2001-05-05,996.3163461538462,995.7,997.0884615384616,4,True
2001-05-06,994.7721153846154,993.9846153846153,995.6153846153846,4,True
2001-05-07,994.2711538461539,992.9923076923077,995.7153846153847,4,True
2001-05-08,994.3211538461538,993.2423076923077,995.7730769230769,4,True
2001-05-09,994.0125,993.05,995.0423076923076,4,True
2001-05-10,994.625,993.7384615384616,995.5307692307692,4,True
2001-05-11,995.2336538461539,994.2653846153847,995.9153846153847,4,True
2001-05-12,995.0182692307692,992.8346153846153,996.2076923076924,4,True
2001-05-13,996.1625,994.553846153846,997.45,4,True
2001-05-14,997.2961538461539,996.7,997.6846153846153,4,True
2001-05-15,997.3759615384615,996.303846153846,998.1615384615384,4,True
2001-05-16,995.8125,995.2423076923077,996.6115384615384,4,True
2001-05-17,996.0144230769231,994.4384615384615,997.6038461538461,4,True
2001-05-18,997.5721153846154,995.9576923076924,998.9653846153847,4,True
2001-05-19,997.1442307692307,996.3307692307692,997.9615384615385,4,True
2001-05-20,996.4673076923077,995.5769230769231,997.0,4,True
2001-05-21,996.9923076923077,996.1423076923077,997.8846153846154,4,True
2001-05-22,997.0384615384614,996.3,997.9307692307692,4,True
2001-05-23,996.3048076923077,994.85,997.3346153846153,4,True
2001-05-24,996.9798076923076,995.1192307692307,997.8961538461539,4,True
2001-05-25,996.8932692307692,996.0384615384615,997.8730769230768,4,True
2001-05-26,995.4115384615385,994.5461538461539,996.2653846153847,4,True
2001-05-27,995.1990384615385,994.4576923076924,995.9346153846153,4,True
2001-05-28,995.535576923077,994.2153846153847,996.2230769230769,4,True
2001-05-29,997.3903846153846,996.2884615384615,998.3884615384616,4,True
2001-05-30,998.5336538461538,997.8730769230768,999.2730769230769,4,True
2001-05-31,997.9221153846154,996.2961538461539,999.3576923076923,4,True
2001-06-01,997.3346153846153,995.9115384615384,998.5230769230769,4,True
2001-06-02,996.775,995.3807692307693,997.9076923076923,4,True
2001-06-03,996.8932692307692,995.5384615384615,998.053846153846,4,True
2001-06-04,997.4211538461539,995.6423076923077,998.6,4,True
2001-06-05,998.3326923076924,997.2461538461539,999.0153846153847,4,True
2001-06-06,998.1567307692308,997.5769230769231,998.7269230769231,4,True
2001-06-07,997.6826923076923,996.3730769230768,998.4076923076923,4,True
2001-06-08,997.7586538461538,996.5615384615385,998.3807692307693,4,True
2001-06-09,998.8836538461538,997.5769230769231,999.5615384615385,4,True
2001-06-10,999.3115384615385,997.8692307692307,1000.6538461538461,4,True
2001-06-11,1000.6182692307691,1000.2230769230769,1000.9423076923076,4,True
2001-06-12,999.3490384615385,998.4576923076924,999.9576923076924,4,True
2001-06-13,998.2153846153846,997.25,998.9807692307692,4,True
2001-06-14,997.2038461538461,996.7192307692308,997.6884615384615,4,True
2001-06-15,996.5461538461539,995.3615384615384,997.2730769230769,4,True
2001-06-16,995.5432692307693,993.6730769230769,996.6230769230768,4,True
2001-06-17,996.1201923076924,994.6153846153846,997.0115384615384,4,True
2001-06-18,997.2336538461539,995.8769230769232,998.2576923076923,4,True
2001-06-19,998.6471153846153,997.1846153846153,999.4423076923076,4,True
2001-06-20,1000.1336538461538,998.9807692307692,1000.8115384615385,4,True
2001-06-21,1001.7971153846154,1000.0461538461539,1002.9846153846153,4,True
2001-06-22,1001.5326923076923,1000.4538461538461,1002.4807692307692,4,True
2001-06-23,1000.6201923076923,999.8692307692307,1001.5115384615384,4,True
2001-06-24,999.026923076923,997.9807692307692,999.7846153846153,4,True
2001-06-25,998.4894230769231,996.4615384615385,1000.1269230769232,4,True
2001-06-26,1000.6240384615385,998.3192307692308,1002.2961538461539,4,True
2001-06-27,1002.1721153846154,1001.0576923076924,1002.9,4,True
2001-06-28,1001.214423076923,1000.6230769230768,1001.6576923076923,4,True
2001-06-29,1000.0730769230769,999.303846153846,1000.9269230769231,4,True
2001-06-30,998.4971153846154,997.6,999.75,4,True
2001-07-01,997.6932692307693,995.4269230769231,999.2730769230769,4,True
2001-07-02,998.5721153846154,997.2961538461539,999.7230769230769,4,True
2001-07-03,999.8,998.6346153846154,1000.4769230769231,4,True
2001-07-04,998.5432692307693,997.5461538461539,999.5653846153847,4,True
2001-07-05,997.7182692307692,996.0076923076923,999.1,4,True
2001-07-06,998.5932692307692,996.4884615384616,999.9269230769231,4,True
2001-07-07,999.2576923076923,998.4538461538461,999.5884615384616,4,True
2001-07-08,999.1557692307692,997.8192307692308,999.9346153846153,4,True
2001-07-09,998.4942307692309,997.3769230769232,999.0692307692308,4,True
2001-07-10,997.3442307692308,996.3307692307692,997.7807692307692,4,True
2001-07-11,996.5971153846153,995.5230769230769,997.4846153846153,4,True
2001-07-12,997.4365384615385,995.1153846153846,999.0192307692308,4,True
2001-07-13,997.8807692307691,997.0923076923077,998.5846153846153,4,True
2001-07-14,997.4067307692308,996.4615384615385,998.2307692307692,4,True
2001-07-15,997.2836538461538,995.5769230769231,998.2230769230769,4,True
2001-07-16,996.7894230769231,995.8153846153847,997.8192307692308,4,True
2001-07-17,996.2355769230769,994.6576923076923,996.9153846153847,4,True
2001-07-18,996.6413461538461,995.1807692307692,997.4884615384616,4,True
2001-07-19,997.3451923076923,996.1884615384615,998.1384615384616,4,True
2001-07-20,997.4048076923077,996.446153846154,997.8615384615384,4,True
2001-07-21,996.9442307692308,996.1192307692307,997.5384615384615,4,True
2001-07-22,997.6519230769231,996.0884615384616,998.6192307692307,4,True
2001-07-23,998.9653846153847,997.7846153846153,999.9846153846153,4,True
2001-07-24,998.6903846153846,997.9769230769231,999.5423076923076,4,True
2001-07-25,997.776923076923,996.7884615384615,998.6192307692307,4,True
2001-07-26,996.7884615384615,995.5,997.8346153846153,4,True
2001-07-27,998.6682692307693,996.1692307692308,1000.0884615384616,4,True
2001-07-28,1000.6951923076923,998.8692307692307,1001.5730769230769,4,True
2001-07-29,1000.1807692307692,998.8769230769232,1000.9038461538461,4,True
2001-07-30,997.5942307692308,996.4230769230769,998.6076923076923,4,True
2001-07-31,997.5865384615385,995.3538461538461,999.1076923076923,4,True
2001-08-01,998.8298076923077,997.05,999.7461538461539,4,True
2001-08-02,999.0836538461539,998.3961538461539,999.9961538461539,4,True
2001-08-03,998.0567307692307,996.5038461538461,999.15,4,True
2001-08-04,998.3413461538462,996.5461538461539,999.7807692307692,4,True
2001-08-05,998.4173076923076,996.7038461538461,999.7576923076923,4,True
2001-08-06,997.5,996.1115384615384,998.3115384615385,4,True
2001-08-07,998.6980769230769,996.9423076923076,999.8615384615384,4,True
2001-08-08,998.9221153846154,998.1923076923076,999.4615384615385,4,True
2001-08-09,998.8980769230769,997.4769230769231,999.85,4,True
2001-08-10,999.3894230769231,997.196153846154,1000.6307692307693,4,True
2001-08-11,999.2173076923077,998.5846153846153,999.9576923076924,4,True
2001-08-12,998.0,996.9115384615384,999.1653846153847,4,True
2001-08-13,996.5173076923077,995.4153846153847,997.3307692307692,4,True
2001-08-14,996.2269230769232,994.8961538461539,997.0076923076923,4,True
2001-08-15,996.3096153846153,994.4692307692308,997.7538461538461,4,True
2001-08-16,998.6701923076923,996.9576923076924,999.8923076923077,4,True
2001-08-17,998.2817307692308,997.2307692307692,998.7346153846153,4,True
2001-08-18,997.010576923077,996.5923076923077,997.4653846153847,4,True
2001-08-19,996.3673076923077,994.7269230769231,997.0461538461539,4,True
2001-08-20,997.8605769230769,995.2307692307692,999.2576923076923,4,True
2001-08-21,1000.0759615384616,998.7461538461539,1001.2,4,True
2001-08-22,999.366346153846,998.6538461538461,1000.0807692307692,4,True
2001-08-23,997.8596153846154,997.3461538461539,998.5461538461539,4,True
2001-08-24,996.5557692307692,994.6807692307692,997.5923076923077,4,True
2001-08-25,995.9240384615384,994.3961538461539,997.0615384615385,4,True
2001-08-26,995.9336538461539,995.0192307692308,996.8961538461539,4,True
2001-08-27,995.7355769230769,993.9076923076923,996.6,4,True
2001-08-28,996.4721153846153,995.4653846153847,997.55,4,True
2001-08-29,996.3932692307692,995.35,996.8653846153846,4,True
2001-08-30,996.6221153846154,995.9076923076923,997.5153846153847,4,True
2001-08-31,996.4711538461538,995.7730769230769,997.5192307692308,4,True
2001-09-01,996.1509615384615,995.0846153846153,997.4076923076923,4,True
2001-09-02,995.0125,993.9538461538461,996.3230769230769,4,True
2001-09-03,994.6432692307692,993.4,995.4192307692308,4,True
2001-09-04,995.6711538461539,993.8807692307693,996.8884615384616,4,True
2001-09-05,997.1076923076923,995.4307692307692,997.8346153846153,4,True
2001-09-06,997.8,996.4692307692308,998.2884615384615,4,True
2001-09-07,996.3086538461539,994.4615384615385,997.3692307692307,4,True
2001-09-08,993.7874999999999,992.1769230769231,995.3692307692307,4,True
2001-09-09,994.7721153846154,993.4576923076924,996.1192307692307,4,True
2001-09-10,995.1903846153846,993.1115384615384,997.2115384615385,4,True
2001-09-11,995.2355769230769,994.2730769230769,996.1461538461539,4,True
2001-09-12,995.0519230769231,994.1461538461539,995.8192307692308,4,True
2001-09-13,993.9865384615384,993.0692307692308,995.0692307692308,4,True
2001-09-14,995.3682692307692,992.75,997.4115384615384,4,True
2001-09-15,996.7653846153846,995.8384615384616,997.8153846153847,4,True
2001-09-16,996.8192307692309,995.7653846153847,998.4153846153847,4,True
2001-09-17,997.1153846153846,995.5038461538461,998.1307692307693,4,True
2001-09-18,996.8615384615384,995.9384615384615,997.7384615384616,4,True
2001-09-19,995.3048076923077,994.1576923076923,996.7730769230769,4,True
2001-09-20,994.5201923076922,993.4307692307692,995.7230769230769,4,True
2001-09-21,994.7375,992.6846153846153,996.4769230769231,4,True
2001-09-22,994.7365384615384,993.7884615384615,995.4076923076923,4,True
2001-09-23,995.25,993.9923076923077,996.4846153846153,4,True
2001-09-24,994.4490384615384,993.1538461538461,995.8692307692307,4,True
2001-09-25,993.7990384615384,992.6,995.4192307692308,4,True
2001-09-26,993.9663461538462,992.0153846153847,995.6884615384615,4,True
2001-09-27,993.65,993.0961538461539,994.803846153846,4,True
2001-09-28,993.5788461538461,992.053846153846,994.5730769230769,4,True
2001-09-29,996.0,994.0076923076923,998.0,4,True
2001-09-30,996.7634615384616,995.3961538461539,998.6153846153846,4,True
2001-10-01,995.0932692307692,993.4076923076923,996.35,4,True
2001-10-02,994.123076923077,992.1,995.9769230769231,4,True
2001-10-03,996.3067307692307,993.95,997.9615384615385,4,True
2001-10-04,996.3894230769231,995.9730769230769,997.0576923076924,4,True
2001-10-05,996.1038461538462,995.196153846154,996.9615384615385,4,True
2001-10-06,995.8894230769231,994.2653846153847,996.9615384615385,4,True
2001-10-07,995.3009615384615,994.3576923076923,996.1346153846154,4,True
2001-10-08,993.5759615384616,992.5807692307692,994.8269230769231,4,True
2001-10-09,992.8375,991.7230769230769,994.8846153846154,4,True
2001-10-10,992.0057692307693,990.7384615384616,994.1269230769232,4,True
2001-10-11,992.1201923076923,990.553846153846,993.7307692307692,4,True
2001-10-12,993.4673076923077,991.803846153846,994.9538461538461,4,True
2001-10-13,994.616346153846,993.2230769230769,996.2615384615384,4,True
2001-10-14,994.7259615384615,993.3384615384616,996.1692307692308,4,True
2001-10-15,992.5298076923077,992.0923076923077,993.1923076923076,4,True
2001-10-16,992.073076923077,991.4230769230769,993.1038461538461,4,True
2001-10-17,991.901923076923,990.9038461538461,993.0307692307692,4,True
2001-10-18,992.2769230769231,991.3115384615385,993.6384615384616,4,True
2001-10-19,992.3432692307692,991.6807692307692,993.5307692307692,4,True
2001-10-20,991.8230769230769,990.7692307692308,993.4846153846153,4,True
2001-10-21,992.7711538461539,991.3807692307693,994.5230769230769,4,True
2001-10-22,993.2221153846153,991.8,994.6115384615384,4,True
2001-10-23,993.35,992.7038461538461,994.3884615384616,4,True
2001-10-24,993.7548076923077,992.0653846153847,995.2576923076923,4,True
2001-10-25,995.2971153846154,994.3923076923077,996.9038461538461,4,True
2001-10-26,995.7403846153846,994.9615384615385,996.8769230769232,4,True
2001-10-27,994.3721153846153,993.303846153846,995.0346153846153,4,True
2001-10-28,992.2711538461539,991.15,993.9769230769231,4,True
2001-10-29,992.4144230769231,990.3923076923077,994.6384615384616,4,True
2001-10-30,992.4086538461539,991.0961538461539,993.8153846153847,4,True
2001-10-31,993.3336538461538,992.1846153846153,995.0038461538461,4,True
2001-11-01,993.5490384615384,992.2576923076923,994.5923076923077,4,True
2001-11-02,992.2230769230769,991.5230769230769,992.6038461538461,4,True
2001-11-03,991.8711538461539,990.4153846153847,993.6423076923077,4,True
2001-11-04,990.8230769230769,988.8576923076923,993.0269230769231,4,True
2001-11-05,992.175,990.6846153846153,993.8461538461539,4,True
2001-11-06,993.2461538461539,992.2653846153847,994.5730769230769,4,True
2001-11-07,994.6096153846154,992.8538461538461,996.2076923076924,4,True
2001-11-08,996.0576923076924,995.4,997.2461538461539,4,True
2001-11-09,994.698076923077,992.7153846153847,996.2461538461539,4,True
2001-11-10,993.5740384615384,992.3884615384616,995.2923076923076,4,True
2001-11-11,993.1980769230769,992.2192307692308,994.7576923076923,4,True
2001-11-12,993.8355769230769,992.4269230769231,995.0923076923077,4,True
2001-11-13,994.310576923077,993.8269230769231,995.0346153846153,4,True
2001-11-14,992.5451923076923,990.4269230769231,994.0730769230769,4,True
2001-11-15,991.1307692307693,989.7076923076924,993.0653846153847,4,True
2001-11-16,992.1538461538462,989.7923076923076,994.5307692307692,4,True
2001-11-17,993.464423076923,992.7923076923076,995.1423076923077,4,True
2001-11-18,992.7721153846154,991.5307692307692,994.5269230769231,4,True
2001-11-19,993.3326923076922,992.0692307692308,994.6730769230769,4,True
2001-11-20,993.0730769230769,992.2384615384616,994.0346153846153,4,True
2001-11-21,992.7336538461539,992.0192307692308,993.6115384615384,4,True
2001-11-22,994.2423076923077,992.9192307692308,995.55,4,True
2001-11-23,993.425,992.0730769230769,994.6115384615384,4,True
2001-11-24,990.8913461538461,989.4423076923076,992.2576923076923,4,True
2001-11-25,990.3249999999999,988.3730769230768,992.4923076923077,4,True
2001-11-26,990.6326923076923,988.9807692307692,992.3307692307692,4,True
2001-11-27,991.4490384615385,990.5,993.0615384615385,4,True
2001-11-28,992.7788461538462,992.1153846153846,993.9307692307692,4,True
2001-11-29,992.7182692307692,991.5192307692308,994.2230769230769,4,True
2001-11-30,989.9538461538461,987.8,991.5461538461539,4,True
2001-12-01,989.2384615384615,987.0038461538461,991.5038461538461,4,True
2001-12-02,990.7644230769231,988.6769230769231,992.7269230769231,4,True
2001-12-03,991.7971153846154,990.9076923076923,993.1846153846153,4,True
2001-12-04,991.6730769230769,990.4961538461539,993.7807692307692,4,True
2001-12-05,991.5230769230769,990.4,992.5576923076924,4,True
2001-12-06,991.7038461538461,990.9115384615384,993.6692307692308,4,True
2001-12-07,991.6336538461538,990.5461538461539,992.5576923076924,4,True
2001-12-08,990.9307692307692,990.053846153846,991.9692307692308,4,True
2001-12-09,991.4480769230769,990.0192307692308,992.7076923076924,4,True
2001-12-10,991.5288461538462,990.55,992.4230769230769,4,True
2001-12-11,992.3423076923077,991.6461538461539,993.5769230769231,4,True
2001-12-12,992.2596153846155,991.2807692307692,994.1115384615384,4,True
2001-12-13,990.9057692307692,988.8384615384616,992.4230769230769,4,True
2001-12-14,989.3884615384616,987.7807692307692,991.3423076923077,4,True
2001-12-15,990.7451923076924,989.4576923076924,992.5384615384615,4,True
2001-12-16,992.5884615384615,991.8269230769231,993.6923076923076,4,True
2001-12-17,992.376923076923,991.3115384615385,993.5923076923077,4,True
2001-12-18,991.4451923076923,990.5423076923076,992.8076923076924,4,True
2001-12-19,992.4221153846154,991.3807692307693,993.4307692307692,4,True
2001-12-20,993.2721153846154,992.5884615384616,994.5192307692308,4,True
2001-12-21,993.1682692307692,991.6346153846154,994.0846153846153,4,True
2001-12-22,991.8557692307693,990.7076923076924,993.2230769230769,4,True
2001-12-23,992.4913461538463,991.7653846153847,993.8576923076923,4,True
2001-12-24,994.0423076923078,993.2923076923076,994.8576923076923,4,True
2001-12-25,994.875,993.6384615384616,996.1846153846153,4,True
2001-12-26,994.875,994.3307692307692,995.7,4,True
2001-12-27,993.9326923076924,993.1076923076923,994.9923076923077,4,True
2001-12-28,993.6442307692307,992.1884615384615,995.1923076923076,4,True
2001-12-29,994.2086538461539,992.2076923076924,995.8,4,True
2001-12-30,994.1586538461538,992.2923076923076,995.5038461538461,4,True
2001-12-31,992.6615384615385,991.25,994.0423076923076,4,True
2002-01-01,991.6759615384616,989.8384615384616,993.8423076923077,4,True
2002-01-02,993.1576923076923,991.1038461538461,994.9730769230769,4,True
2002-01-03,994.0221153846153,991.9807692307692,996.0346153846153,4,True
2002-01-04,994.125,992.5115384615384,995.8076923076924,4,True
2002-01-05,994.0865384615385,992.0461538461539,996.303846153846,4,True
2002-01-06,993.2951923076923,991.7346153846153,995.0884615384616,4,True
2002-01-07,992.4557692307692,990.9653846153847,994.3538461538461,4,True
2002-01-08,992.4201923076923,990.2576923076923,994.4692307692308,4,True
2002-01-09,992.7346153846154,990.6,994.7538461538461,4,True
2002-01-10,993.4875,991.5153846153847,995.0307692307692,4,True
2002-01-11,993.8615384615384,992.25,995.7115384615385,4,True
2002-01-12,993.8000000000001,992.4076923076923,995.75,4,True
2002-01-13,993.3682692307692,992.1384615384616,994.3846153846154,4,True
2002-01-14,993.6519230769231,991.8884615384616,995.2,4,True
2002-01-15,993.5865384615385,992.1038461538461,995.4115384615384,4,True
2002-01-16,992.5326923076923,991.6192307692307,993.1538461538461,4,True
2002-01-17,991.9778846153846,990.8923076923077,993.196153846154,4,True
2002-01-18,992.7413461538462,990.4961538461539,994.3307692307692,4,True
2002-01-19,994.176923076923,992.7846153846153,995.4538461538461,4,True
2002-01-20,994.0201923076922,992.9346153846153,995.2038461538461,4,True
2002-01-21,994.5701923076923,992.3384615384616,995.9038461538461,4,True
2002-01-22,995.873076923077,994.5884615384616,997.0192307692308,4,True
2002-01-23,995.975,994.4576923076924,997.0730769230769,4,True
2002-01-24,995.5759615384616,994.6269230769232,995.9923076923077,4,True
2002-01-25,995.3451923076924,993.5307692307692,996.3769230769232,4,True
2002-01-26,995.1394230769231,993.5769230769231,995.7230769230769,4,True
2002-01-27,995.725,994.3115384615385,996.3923076923077,4,True
2002-01-28,994.876923076923,994.3653846153846,995.2769230769231,4,True
2002-01-29,994.1125,993.1269230769232,994.8730769230768,4,True
2002-01-30,994.3086538461538,992.9115384615384,995.2384615384616,4,True
2002-01-31,994.5653846153846,993.1269230769232,995.6884615384615,4,True
2002-02-01,995.2634615384616,993.7076923076924,996.3692307692307,4,True
2002-02-02,996.2798076923077,994.7538461538461,997.1384615384616,4,True
2002-02-03,996.7086538461539,995.696153846154,997.4346153846153,4,True
2002-02-04,995.7375,994.8346153846153,996.7115384615385,4,True
2002-02-05,994.3067307692309,993.0615384615385,995.4923076923077,4,True
2002-02-06,994.4067307692308,993.2730769230769,995.2269230769231,4,True
2002-02-07,994.0201923076922,993.1461538461539,994.7230769230769,4,True
2002-02-08,993.7721153846154,992.8192307692308,994.9653846153847,4,True
2002-02-09,993.5461538461539,992.6807692307692,994.696153846154,4,True
2002-02-10,993.8173076923077,993.0884615384616,994.8423076923077,4,True
2002-02-11,993.1067307692308,992.35,993.9384615384615,4,True
2002-02-12,993.5355769230769,991.3961538461539,995.3807692307693,4,True
2002-02-13,994.4605769230769,992.8576923076923,995.7153846153847,4,True
2002-02-14,993.9605769230769,992.7769230769231,995.2153846153847,4,True
2002-02-15,993.6442307692308,992.0615384615385,994.6038461538461,4,True
2002-02-16,995.2586538461538,993.5307692307692,996.1384615384616,4,True
2002-02-17,995.5961538461538,994.7884615384615,996.5076923076923,4,True
2002-02-18,994.8,994.3538461538461,995.4576923076924,4,True
2002-02-19,994.0884615384615,993.4615384615385,994.6807692307692,4,True
2002-02-20,993.9663461538462,992.9346153846153,994.8576923076923,4,True
2002-02-21,993.8423076923077,992.2807692307692,994.4076923076923,4,True
2002-02-22,993.7576923076923,993.1384615384616,994.1269230769232,4,True
2002-02-23,993.7538461538461,992.5115384615384,994.6461538461539,4,True
2002-02-24,994.9173076923076,993.4115384615384,996.1807692307692,4,True
2002-02-25,996.4019230769231,995.3846153846154,997.3461538461539,4,True
2002-02-26,994.1884615384615,992.5807692307692,995.1230769230768,4,True
2002-02-27,991.885576923077,990.2461538461539,993.7192307692308,4,True
2002-02-28,992.0355769230769,990.4846153846153,993.3076923076924,4,True
2002-03-01,993.5807692307692,992.3846153846154,994.8846153846154,4,True
2002-03-02,995.1548076923077,993.7076923076924,995.95,4,True
2002-03-03,995.275,994.7076923076924,996.1307692307693,4,True
2002-03-04,994.5057692307693,993.1038461538461,995.5384615384615,4,True
2002-03-05,994.7317307692308,993.1230769230768,995.5692307692308,4,True
2002-03-06,994.9403846153846,993.8884615384616,995.5115384615384,4,True
2002-03-07,993.9913461538462,993.2769230769231,994.6538461538461,4,True
2002-03-08,993.7182692307692,992.6346153846154,994.9769230769231,4,True
2002-03-09,994.5865384615385,992.0,996.3230769230769,4,True
2002-03-10,994.8240384615385,992.9384615384615,995.9923076923077,4,True
2002-03-11,994.1115384615385,993.3076923076924,994.8769230769232,4,True
2002-03-12,994.3375000000001,992.6269230769232,996.3153846153847,4,True
2002-03-13,995.9153846153847,994.5653846153847,996.8461538461539,4,True
2002-03-14,995.7865384615385,995.1038461538461,996.6692307692308,4,True
2002-03-15,993.9961538461539,992.9230769230769,994.9153846153847,4,True
2002-03-16,993.6865384615385,992.0692307692308,995.2807692307692,4,True
2002-03-17,993.0836538461539,991.4,994.7153846153847,4,True
2002-03-18,993.3278846153846,991.5,994.3615384615384,4,True
2002-03-19,993.2153846153847,992.7769230769231,993.6461538461539,4,True
2002-03-20,992.8807692307691,991.4,994.2115384615385,4,True
2002-03-21,994.3423076923077,993.5769230769231,995.0923076923077,4,True
2002-03-22,994.5057692307693,993.3769230769232,995.7115384615385,4,True
2002-03-23,994.260576923077,993.1153846153846,995.0461538461539,4,True
2002-03-24,994.260576923077,993.2192307692308,995.8,4,True
2002-03-25,993.776923076923,992.9923076923077,994.3461538461539,4,True
2002-03-26,994.1067307692308,993.2961538461539,994.5884615384616,4,True
2002-03-27,993.5548076923077,992.7115384615385,994.2269230769231,4,True
2002-03-28,993.8413461538462,992.3807692307693,995.1076923076923,4,True
2002-03-29,993.9115384615385,992.8192307692308,995.0653846153847,4,True
2002-03-30,993.5038461538461,992.4576923076924,994.7615384615384,4,True
2002-03-31,994.0673076923077,992.6692307692308,994.8615384615384,4,True
2002-04-01,994.3903846153846,993.7192307692308,995.1692307692308,4,True
2002-04-02,993.425,992.5038461538461,994.2115384615385,4,True
2002-04-03,994.8528846153846,993.7423076923077,995.7538461538461,4,True
2002-04-04,996.741346153846,996.2538461538461,997.15,4,True
2002-04-05,996.2538461538461,996.0038461538461,996.5461538461539,4,True
2002-04-06,993.8423076923077,993.15,994.35,4,True
2002-04-07,992.6605769230769,991.1,993.5192307692308,4,True
2002-04-08,993.3423076923077,991.8615384615384,994.2153846153847,4,True
2002-04-09,995.1201923076924,993.8884615384616,996.0423076923076,4,True
2002-04-10,994.8990384615385,994.2692307692308,995.5423076923076,4,True
2002-04-11,993.4134615384615,992.4807692307692,994.4076923076923,4,True
2002-04-12,992.2019230769231,990.4538461538461,993.553846153846,4,True
2002-04-13,993.0875,991.5384615384615,994.2769230769231,4,True
2002-04-14,993.8230769230769,992.7346153846153,994.8653846153846,4,True
2002-04-15,994.5778846153846,993.3538461538461,995.4038461538461,4,True
2002-04-16,994.85,994.2,995.7346153846153,4,True
2002-04-17,995.2403846153845,994.1615384615384,996.5461538461539,4,True
2002-04-18,994.0394230769231,992.8076923076924,995.2076923076924,4,True
2002-04-19,994.010576923077,993.2692307692308,994.6115384615384,4,True
2002-04-20,993.4923076923077,992.8769230769232,993.803846153846,4,True
2002-04-21,993.4278846153846,992.45,994.3653846153846,4,True
2002-04-22,993.8211538461538,992.5153846153847,994.4846153846153,4,True
2002-04-23,994.1076923076923,993.4038461538461,994.4923076923077,4,True
2002-04-24,993.3028846153846,992.5692307692308,994.1423076923077,4,True
2002-04-25,993.8528846153847,993.196153846154,994.7730769230769,4,True
2002-04-26,993.6509615384615,992.6923076923076,994.5576923076924,4,True
2002-04-27,994.4317307692307,993.2423076923077,995.2884615384615,4,True
2002-04-28,994.9105769230769,994.3115384615385,995.5038461538461,4,True
2002-04-29,995.1394230769231,993.9192307692308,995.8346153846153,4,True
2002-04-30,995.2788461538462,993.1769230769231,996.5807692307692,4,True
2002-05-01,995.4990384615385,993.8730769230768,996.3076923076924,4,True
2002-05-02,995.935576923077,995.1384615384616,996.75,4,True
2002-05-03,995.1019230769231,994.196153846154,995.9,4,True
2002-05-04,994.876923076923,993.8269230769231,995.4115384615384,4,True
2002-05-05,996.4913461538462,995.1,997.5730769230769,4,True
2002-05-06,997.4298076923077,995.9346153846153,998.2769230769231,4,True
2002-05-07,997.498076923077,996.4307692307692,997.9576923076924,4,True
2002-05-08,997.2682692307692,996.6615384615384,997.9615384615385,4,True
2002-05-09,996.4086538461538,994.696153846154,997.7,4,True
2002-05-10,996.9663461538462,995.0769230769231,998.3538461538461,4,True
2002-05-11,997.725,996.3307692307692,998.6115384615384,4,True
2002-05-12,998.1221153846153,997.4346153846153,998.7153846153847,4,True
2002-05-13,997.1278846153846,996.2230769230769,997.7769230769231,4,True
2002-05-14,995.6980769230769,994.6346153846154,996.5423076923076,4,True
2002-05-15,995.8278846153846,993.9,997.1807692307692,4,True
2002-05-16,995.9346153846154,995.1846153846153,996.8153846153847,4,True
2002-05-17,995.3442307692308,994.4846153846153,995.7653846153847,4,True
2002-05-18,994.7144230769231,994.4653846153847,994.9692307692308,4,True
2002-05-19,994.9461538461538,993.7423076923077,995.7192307692308,4,True
2002-05-20,995.4826923076923,994.3807692307693,996.5692307692308,4,True
2002-05-21,995.2769230769231,994.0615384615385,996.7961538461539,4,True
2002-05-22,995.3259615384616,994.9153846153847,995.8807692307693,4,True
2002-05-23,996.6980769230769,995.9576923076924,997.4384615384615,4,True
2002-05-24,996.7826923076923,996.1884615384615,997.4230769230769,4,True
2002-05-25,996.4336538461539,995.5961538461539,996.9884615384616,4,True
2002-05-26,995.6701923076923,995.2346153846153,996.1846153846153,4,True
2002-05-27,994.4307692307692,993.7846153846153,995.1538461538461,4,True
2002-05-28,993.7413461538462,992.7615384615384,994.85,4,True
2002-05-29,994.2288461538461,992.7769230769231,995.05,4,True
2002-05-30,995.2730769230769,994.0192307692308,995.8884615384616,4,True
2002-05-31,996.55,995.1038461538461,997.4384615384615,4,True
2002-06-01,997.9125,996.6153846153846,998.5346153846153,4,True
2002-06-02,996.5913461538462,995.6269230769232,997.55,4,True
2002-06-03,996.1673076923078,995.2192307692308,997.1769230769231,4,True
2002-06-04,996.2182692307692,995.1076923076923,997.4115384615384,4,True
2002-06-05,995.8298076923077,994.8307692307692,996.5307692307692,4,True
2002-06-06,995.8913461538461,994.9423076923076,996.4692307692308,4,True
2002-06-07,996.2451923076924,995.0192307692308,997.05,4,True
2002-06-08,996.8634615384615,995.8653846153846,997.2615384615384,4,True
2002-06-09,997.3038461538462,996.6769230769231,997.7615384615384,4,True
2002-06-10,997.1278846153846,996.1884615384615,998.0884615384616,4,True
2002-06-11,997.7326923076923,996.1269230769232,998.696153846154,4,True
2002-06-12,998.6788461538462,997.7038461538461,999.4192307692308,4,True
2002-06-13,997.7307692307693,996.6615384615384,998.6884615384615,4,True
2002-06-14,998.1461538461538,996.0230769230769,999.5807692307692,4,True
2002-06-15,999.6086538461539,998.1538461538461,1000.6923076923076,4,True
2002-06-16,1000.0586538461539,998.9192307692308,1001.0076923076923,4,True
2002-06-17,998.9894230769231,998.6769230769231,999.2961538461539,4,True
2002-06-18,998.0413461538461,996.6346153846154,999.0807692307692,4,True
2002-06-19,999.7461538461538,998.1769230769231,1001.0846153846153,4,True
2002-06-20,1000.2278846153846,999.6692307692308,1000.9384615384615,4,True
2002-06-21,1000.2634615384616,999.6769230769231,1000.8192307692308,4,True
2002-06-22,1000.6009615384615,998.8615384615384,1001.9423076923076,4,True
2002-06-23,1001.0586538461538,999.6846153846153,1001.8076923076924,4,True
2002-06-24,1001.0009615384615,999.5615384615385,1002.0153846153847,4,True
2002-06-25,1001.9769230769231,1000.6461538461539,1002.5884615384616,4,True
2002-06-26,1002.6096153846154,1001.3461538461539,1003.3653846153846,4,True
2002-06-27,1001.3365384615385,1000.8615384615384,1001.6653846153847,4,True
2002-06-28,999.7509615384615,999.0769230769231,1000.2692307692308,4,True
2002-06-29,998.8461538461538,997.9884615384616,999.7615384615384,4,True
2002-06-30,999.4759615384615,997.2,1000.8961538461539,4,True
2002-07-01,1001.0836538461539,999.4769230769231,1002.6307692307693,4,True
2002-07-02,1001.2009615384616,1000.0115384615384,1001.9192307692308,4,True
2002-07-03,998.7115384615385,997.6730769230769,999.3961538461539,4,True
2002-07-04,999.1798076923077,997.7846153846153,1000.1346153846154,4,True
2002-07-05,999.7076923076922,998.8346153846153,1000.5,4,True
2002-07-06,998.885576923077,998.0576923076924,999.6576923076923,4,True
2002-07-07,997.9365384615385,996.4923076923077,998.9692307692308,4,True
2002-07-08,998.6413461538461,996.7230769230769,999.6269230769232,4,True
2002-07-09,998.8067307692309,997.9038461538461,999.9615384615385,4,True
2002-07-10,998.9605769230769,997.7538461538461,999.9038461538461,4,True
2002-07-11,999.9711538461538,998.5923076923077,1000.5692307692308,4,True
2002-07-12,999.5711538461538,998.5,1000.4846153846153,4,True
2002-07-13,999.975,998.5961538461539,1000.8538461538461,4,True
2002-07-14,999.3519230769231,998.5653846153847,999.9384615384615,4,True
2002-07-15,998.8932692307692,998.2461538461539,999.6384615384616,4,True
2002-07-16,998.1346153846154,996.8653846153846,999.2423076923077,4,True
2002-07-17,999.3259615384616,997.3423076923077,1000.3923076923077,4,True
2002-07-18,1000.4788461538462,999.7884615384615,1001.1769230769231,4,True
2002-07-19,999.9384615384615,999.0769230769231,1000.6769230769231,4,True
2002-07-20,997.8182692307691,996.7038461538461,998.7153846153847,4,True
2002-07-21,996.3365384615385,995.2038461538461,997.3769230769232,4,True
2002-07-22,995.3778846153847,993.4192307692308,996.6807692307692,4,True
2002-07-23,996.7413461538462,994.803846153846,997.75,4,True
2002-07-24,997.675,996.4615384615385,998.9346153846153,4,True
2002-07-25,997.7557692307693,996.0192307692308,998.7923076923076,4,True
2002-07-26,999.1509615384616,997.6884615384615,1000.3,4,True
2002-07-27,998.7961538461539,997.95,999.75,4,True
2002-07-28,999.6884615384615,997.8076923076924,1000.7269230769231,4,True
2002-07-29,1000.7125,999.6846153846153,1001.8730769230768,4,True
2002-07-30,1000.9115384615385,1000.3461538461539,1001.4961538461539,4,True
2002-07-31,999.1971153846155,998.1576923076923,1000.0961538461539,4,True
2002-08-01,998.1615384615384,996.2846153846153,999.2807692307692,4,True
2002-08-02,998.9971153846154,997.4423076923076,1000.0153846153847,4,True
2002-08-03,1000.3519230769232,998.7884615384615,1001.8153846153847,4,True
2002-08-04,999.3317307692307,998.7730769230769,1000.0307692307692,4,True
2002-08-05,996.9884615384615,996.1384615384616,998.0423076923076,4,True
2002-08-06,996.4567307692307,994.9230769230769,997.5423076923076,4,True
2002-08-07,997.3375,995.8346153846153,998.7923076923076,4,True
2002-08-08,998.3480769230769,997.0384615384615,999.0346153846153,4,True
2002-08-09,997.7798076923077,996.7461538461539,998.9730769230769,4,True
2002-08-10,997.1278846153846,995.6576923076923,998.2269230769231,4,True
2002-08-11,997.2278846153846,995.3576923076923,998.5076923076923,4,True
2002-08-12,997.8086538461538,996.35,999.0846153846153,4,True
2002-08-13,998.3932692307692,997.3538461538461,998.9846153846153,4,True
2002-08-14,997.1730769230769,995.6615384615384,997.8923076923077,4,True
2002-08-15,998.2048076923077,996.4538461538461,999.2192307692308,4,True
2002-08-16,999.3086538461539,998.2038461538461,1000.6038461538461,4,True
2002-08-17,998.9576923076922,997.8538461538461,999.8269230769231,4,True
2002-08-18,997.2403846153846,996.4576923076924,998.2384615384616,4,True
2002-08-19,995.8375,994.6538461538461,996.6153846153846,4,True
2002-08-20,996.0528846153846,993.8423076923077,997.55,4,True
2002-08-21,997.4269230769231,996.696153846154,998.65,4,True
2002-08-22,997.3759615384615,995.7884615384615,998.7230769230769,4,True
2002-08-23,996.3759615384615,995.5884615384616,997.5153846153847,4,True
2002-08-24,995.5538461538462,993.8192307692308,996.5346153846153,4,True
2002-08-25,996.1067307692308,995.0923076923077,997.0884615384616,4,True
2002-08-26,995.2394230769231,994.5230769230769,995.9884615384616,4,True
2002-08-27,995.260576923077,993.8153846153847,996.4769230769231,4,True
2002-08-28,993.8596153846154,992.2730769230769,994.7923076923076,4,True
2002-08-29,992.1096153846154,990.7115384615385,993.2653846153847,4,True
2002-08-30,992.876923076923,991.3153846153847,993.8807692307693,4,True
2002-08-31,993.8298076923077,991.55,995.5692307692308,4,True
2002-09-01,995.2028846153846,994.3076923076924,996.15,4,True
2002-09-02,995.614423076923,994.3538461538461,996.6269230769232,4,True
2002-09-03,996.2346153846154,994.3615384615384,997.75,4,True
2002-09-04,997.5673076923077,995.5730769230769,999.2,4,True
2002-09-05,996.6182692307692,996.0423076923076,997.4076923076923,4,True
2002-09-06,995.4528846153846,994.2730769230769,996.8384615384616,4,True
2002-09-07,996.4846153846154,994.2038461538461,998.0346153846153,4,True
2002-09-08,998.1038461538461,997.0423076923076,998.7346153846153,4,True
2002-09-09,997.2826923076923,996.303846153846,998.0653846153847,4,True
2002-09-10,996.6240384615385,995.6230769230768,997.7346153846153,4,True
2002-09-11,996.0278846153847,994.8230769230769,997.6192307692307,4,True
2002-09-12,994.5221153846154,992.9538461538461,996.1153846153846,4,True
2002-09-13,994.6663461538461,993.4884615384616,995.6115384615384,4,True
2002-09-14,994.435576923077,993.5384615384615,995.4730769230769,4,True
2002-09-15,993.8432692307692,992.3576923076923,995.3230769230769,4,True
2002-09-16,993.3240384615384,991.7307692307692,995.0692307692308,4,True
2002-09-17,993.6278846153846,991.9730769230769,994.9307692307692,4,True
2002-09-18,995.3548076923076,993.9846153846153,996.4730769230769,4,True
2002-09-19,995.5884615384615,994.8576923076923,996.7307692307692,4,True
2002-09-20,995.435576923077,993.9923076923077,996.5615384615385,4,True
2002-09-21,995.7201923076923,994.8115384615385,997.0692307692308,4,True
2002-09-22,995.1067307692308,993.9961538461539,996.6730769230769,4,True
2002-09-23,993.0923076923077,991.8730769230768,994.7384615384616,4,True
2002-09-24,992.7903846153847,990.7230769230769,994.5961538461539,4,True
2002-09-25,992.6884615384615,991.6153846153846,993.8461538461539,4,True
2002-09-26,991.9961538461539,990.9038461538461,993.8423076923077,4,True
2002-09-27,994.2307692307693,991.1307692307693,996.2807692307692,4,True
2002-09-28,996.1548076923077,995.2461538461539,997.3307692307692,4,True
2002-09-29,996.3,995.6615384615384,997.6307692307693,4,True
2002-09-30,995.0682692307693,994.1076923076923,996.3615384615384,4,True
2002-10-01,995.3125,993.8538461538461,996.4423076923076,4,True
2002-10-02,995.6932692307693,995.0884615384616,996.6615384615384,4,True
2002-10-03,994.2769230769231,992.6384615384616,995.9653846153847,4,True
2002-10-04,993.4596153846154,991.8538461538461,995.0576923076924,4,True
2002-10-05,993.5990384615385,992.3884615384616,995.1653846153847,4,True
2002-10-06,993.3817307692308,992.2269230769231,994.1115384615384,4,True
2002-10-07,991.9586538461538,990.9384615384615,993.3423076923077,4,True
2002-10-08,992.7538461538461,990.0230769230769,995.1807692307692,4,True
2002-10-09,993.7,993.0461538461539,994.8461538461539,4,True
2002-10-10,992.8528846153846,992.0076923076923,994.3269230769231,4,True
2002-10-11,993.6259615384615,992.1307692307693,994.9346153846153,4,True
2002-10-12,994.9336538461539,993.3846153846154,996.1692307692308,4,True
2002-10-13,995.876923076923,994.7153846153847,997.5346153846153,4,True
2002-10-14,994.4423076923076,993.2038461538461,995.6923076923076,4,True
2002-10-15,993.323076923077,992.0884615384616,994.7576923076923,4,True
2002-10-16,994.2971153846154,993.3269230769231,996.1192307692307,4,True
2002-10-17,994.3778846153846,993.5461538461539,995.2423076923077,4,True
2002-10-18,994.4221153846154,993.2346153846153,995.1,4,True
2002-10-19,993.8451923076923,992.8807692307693,995.2346153846153,4,True
2002-10-20,992.7269230769231,991.5038461538461,993.3884615384616,4,True
2002-10-21,993.6740384615384,992.8384615384616,994.7192307692308,4,True
2002-10-22,994.5048076923076,992.9346153846153,996.1884615384615,4,True
2002-10-23,994.5951923076923,993.8807692307693,995.2346153846153,4,True
2002-10-24,993.9375,992.3,994.55,4,True
2002-10-25,992.4413461538461,991.5,993.4653846153847,4,True
2002-10-26,992.5336538461538,991.6576923076923,994.15,4,True
2002-10-27,992.2884615384615,991.5153846153847,992.7615384615384,4,True
2002-10-28,991.7471153846154,990.4038461538461,993.0769230769231,4,True
2002-10-29,991.9653846153846,991.3615384615384,992.9730769230769,4,True
2002-10-30,991.975,989.95,993.5461538461539,4,True
2002-10-31,992.0038461538461,991.6538461538461,992.4076923076923,4,True
2002-11-01,993.7865384615385,992.2,994.6269230769232,4,True
2002-11-02,993.9346153846154,993.4038461538461,994.4230769230769,4,True
2002-11-03,993.7932692307693,993.3192307692308,994.6461538461539,4,True
2002-11-04,993.8067307692309,992.8576923076923,994.946153846154,4,True
2002-11-05,993.5384615384615,992.3730769230768,995.1730769230769,4,True
2002-11-06,994.7201923076923,994.0115384615384,995.7269230769231,4,True
2002-11-07,996.3932692307692,995.4884615384616,996.9576923076924,4,True
2002-11-08,995.1057692307693,993.4153846153847,996.5230769230769,4,True
2002-11-09,994.6528846153846,993.6538461538461,996.0115384615384,4,True
2002-11-10,993.9423076923076,992.3807692307693,995.75,4,True
2002-11-11,994.4951923076924,993.5192307692308,995.75,4,True
2002-11-12,995.4721153846154,993.95,996.6653846153847,4,True
2002-11-13,995.6951923076922,994.9846153846153,996.803846153846,4,True
2002-11-14,995.7096153846153,994.9846153846153,996.5423076923076,4,True
2002-11-15,995.5317307692308,994.7461538461539,996.6038461538461,4,True
2002-11-16,995.0153846153846,994.0461538461539,996.05,4,True
2002-11-17,995.0461538461539,994.2192307692308,996.4730769230769,4,True
2002-11-18,993.7980769230769,992.8230769230769,995.1538461538461,4,True
2002-11-19,992.8759615384615,991.8269230769231,994.5423076923076,4,True
2002-11-20,992.7971153846154,991.8076923076924,994.1192307692307,4,True
2002-11-21,993.6384615384616,992.0961538461539,995.2461538461539,4,True
2002-11-22,995.45,994.3346153846153,996.803846153846,4,True
2002-11-23,996.6653846153846,996.3884615384616,997.3807692307693,4,True
2002-11-24,995.5394230769231,995.2807692307692,996.2153846153847,4,True
2002-11-25,993.8692307692307,992.9615384615385,994.9,4,True
2002-11-26,994.0759615384615,991.8846153846154,995.2346153846153,4,True
2002-11-27,994.251923076923,993.6576923076923,995.1269230769232,4,True
2002-11-28,993.6740384615384,992.5153846153847,994.3576923076923,4,True
2002-11-29,994.426923076923,993.2038461538461,995.4346153846153,4,True
2002-11-30,994.3701923076924,993.3884615384616,995.8423076923077,4,True
2002-12-01,994.5,992.9153846153847,995.553846153846,4,True
2002-12-02,994.4125,993.4884615384616,995.4730769230769,4,True
2002-12-03,994.0971153846153,993.0769230769231,995.4,4,True
2002-12-04,994.3211538461538,993.0769230769231,995.196153846154,4,True
2002-12-05,994.7605769230769,993.446153846154,996.2423076923077,4,True
2002-12-06,995.2567307692307,993.6038461538461,996.1615384615384,4,True
2002-12-07,994.5076923076923,993.4884615384616,995.4769230769231,4,True
2002-12-08,992.6048076923076,991.0076923076923,994.6153846153846,4,True
2002-12-09,993.3865384615385,991.6384615384616,995.0192307692308,4,True
2002-12-10,994.2884615384614,992.9423076923076,995.9846153846153,4,True
2002-12-11,994.7125,993.3269230769231,996.5230769230769,4,True
2002-12-12,995.4038461538462,993.2961538461539,996.8923076923077,4,True
2002-12-13,995.3028846153846,994.7038461538461,995.9307692307692,4,True
2002-12-14,994.5490384615384,993.4153846153847,995.5769230769231,4,True
2002-12-15,993.9336538461539,992.8230769230769,994.7461538461539,4,True
2002-12-16,993.3625,992.4192307692308,993.8115384615385,4,True
2002-12-17,994.3432692307692,993.4423076923076,994.9269230769231,4,True
2002-12-18,994.9759615384615,993.8461538461539,996.4923076923077,4,True
2002-12-19,994.8884615384615,994.7038461538461,995.0846153846153,4,True
2002-12-20,994.2625,992.6615384615384,995.7692307692308,4,True
2002-12-21,994.7298076923076,993.1884615384615,995.9,4,True
2002-12-22,994.5615384615385,993.3692307692307,995.6,4,True
2002-12-23,994.7336538461539,993.0230769230769,996.0346153846153,4,True
2002-12-24,994.9326923076924,994.0346153846153,995.2692307692308,4,True
2002-12-25,995.7875,994.5269230769231,996.95,4,True
2002-12-26,996.4375,995.3807692307693,997.55,4,True
2002-12-27,996.3432692307692,995.5346153846153,997.3538461538461,4,True
2002-12-28,995.0413461538462,994.196153846154,996.1269230769232,4,True
2002-12-29,994.0326923076923,993.1615384615384,995.0884615384616,4,True
2002-12-30,994.1288461538462,992.196153846154,995.9576923076924,4,True
2002-12-31,995.8355769230769,993.5615384615385,997.6153846153846,4,True
2003-01-01,996.1980769230769,995.1153846153846,997.6,4,True
2003-01-02,994.9490384615385,993.8384615384616,996.0615384615385,4,True
2003-01-03,994.5894230769231,993.2884615384615,996.2461538461539,4,True
2003-01-04,994.2692307692307,993.1846153846153,995.8769230769232,4,True
2003-01-05,994.5528846153846,992.7461538461539,995.7,4,True
2003-01-06,995.6221153846154,994.1076923076923,996.696153846154,4,True
2003-01-07,996.6865384615385,995.2769230769231,997.8384615384616,4,True
2003-01-08,996.1509615384616,995.5576923076924,996.8230769230769,4,True
2003-01-09,995.5961538461538,993.6615384615384,996.9692307692308,4,True
2003-01-10,996.3576923076923,995.3346153846153,996.8307692307692,4,True
2003-01-11,996.4269230769231,995.5461538461539,996.7576923076923,4,True
2003-01-12,995.8875,994.7692307692308,996.3807692307693,4,True
2003-01-13,995.45,994.3076923076924,996.0076923076923,4,True
2003-01-14,994.9932692307692,993.6076923076923,995.7653846153847,4,True
2003-01-15,994.8240384615385,993.3076923076924,995.95,4,True
2003-01-16,995.3625,993.9038461538461,996.3961538461539,4,True
2003-01-17,995.5105769230769,993.7538461538461,996.553846153846,4,True
2003-01-18,994.8884615384616,993.7769230769231,996.2307692307692,4,True
2003-01-19,994.510576923077,992.8153846153847,996.75,4,True
2003-01-20,994.5115384615385,993.3923076923077,996.0269230769231,4,True
2003-01-21,992.660576923077,991.7461538461539,994.2461538461539,4,True
2003-01-22,991.6317307692307,990.2230769230769,993.2346153846153,4,True
2003-01-23,991.9067307692308,989.4615384615385,993.9153846153847,4,True
2003-01-24,993.1365384615384,990.8423076923077,994.7615384615384,4,True
2003-01-25,993.7557692307693,992.2076923076924,995.4076923076923,4,True
2003-01-26,993.7125,992.3153846153847,994.5961538461539,4,True
2003-01-27,993.373076923077,991.9884615384616,994.5923076923077,4,True
2003-01-28,993.1999999999999,992.0038461538461,993.8538461538461,4,True
2003-01-29,994.0048076923077,992.8653846153846,994.8846153846154,4,True
2003-01-30,993.6605769230769,992.8,994.7884615384615,4,True
2003-01-31,993.9000000000001,992.7115384615385,994.9538461538461,4,True
2003-02-01,993.7067307692307,992.7076923076924,994.9,4,True
2003-02-02,994.0307692307692,992.1423076923077,995.1038461538461,4,True
2003-02-03,995.1125,994.0692307692308,996.1461538461539,4,True
2003-02-04,995.4259615384616,994.0384615384615,996.3884615384616,4,True
2003-02-05,994.7576923076923,993.5423076923076,995.25,4,True
2003-02-06,994.6903846153847,993.3653846153846,995.3076923076924,4,True
2003-02-07,994.9480769230769,993.1192307692307,995.7153846153847,4,True
2003-02-08,995.4625000000001,993.8923076923077,996.3153846153847,4,True
2003-02-09,995.6355769230769,994.6384615384616,996.3307692307692,4,True
2003-02-10,995.5365384615385,994.5615384615385,996.2153846153847,4,True
2003-02-11,994.3913461538461,993.05,995.0576923076924,4,True
2003-02-12,994.0346153846154,992.0153846153847,995.0038461538461,4,True
2003-02-13,994.1567307692308,991.8,995.3269230769231,4,True
2003-02-14,993.1826923076923,991.5961538461539,994.4115384615384,4,True
2003-02-15,992.4471153846155,991.7076923076924,993.3153846153847,4,True
2003-02-16,991.9519230769231,990.7153846153847,993.4692307692308,4,True
2003-02-17,991.8855769230769,989.7846153846153,993.8423076923077,4,True
2003-02-18,992.3961538461539,990.6153846153846,993.8884615384616,4,True
2003-02-19,992.4201923076923,990.0961538461539,994.0692307692308,4,True
2003-02-20,992.5807692307692,990.3884615384616,994.1269230769232,4,True
2003-02-21,992.7182692307692,990.6730769230769,993.7153846153847,4,True
2003-02-22,993.5884615384616,991.8269230769231,994.8153846153847,4,True
2003-02-23,994.9557692307692,993.6269230769232,996.5692307692308,4,True
2003-02-24,996.2769230769231,995.6653846153847,997.1576923076923,4,True
2003-02-25,995.060576923077,994.3153846153847,995.7153846153847,4,True
2003-02-26,992.6903846153847,991.7,993.7,4,True
2003-02-27,992.5326923076923,990.9346153846153,993.4076923076923,4,True
2003-02-28,993.7846153846153,992.8115384615385,994.3576923076923,4,True
2003-03-01,993.8923076923077,993.3923076923077,994.6076923076923,4,True
2003-03-02,993.6317307692307,993.1615384615384,994.1346153846154,4,True
2003-03-03,992.785576923077,991.3192307692308,993.9192307692308,4,True
2003-03-04,993.5096153846155,992.3230769230769,994.2653846153847,4,True
2003-03-05,994.651923076923,993.6192307692307,995.7038461538461,4,True
2003-03-06,994.2115384615385,993.2384615384616,994.8692307692307,4,True
2003-03-07,994.3009615384615,992.7307692307692,995.2384615384616,4,True
2003-03-08,994.3990384615385,992.3,995.4076923076923,4,True
2003-03-09,993.4769230769231,992.1346153846154,994.3423076923077,4,True
2003-03-10,992.7942307692308,991.3307692307692,993.7192307692308,4,True
2003-03-11,993.5788461538461,991.7807692307692,994.7038461538461,4,True
2003-03-12,994.3115384615385,993.0384615384615,994.8923076923077,4,True
2003-03-13,993.835576923077,993.2653846153847,994.5384615384615,4,True
2003-03-14,993.4759615384615,992.8769230769232,994.0846153846153,4,True
2003-03-15,993.7836538461538,992.8961538461539,994.6153846153846,4,True
2003-03-16,994.6932692307693,992.8192307692308,995.7038461538461,4,True
2003-03-17,995.0548076923077,993.9384615384615,995.9423076923076,4,True
2003-03-18,993.8346153846154,993.0384615384615,994.5346153846153,4,True
2003-03-19,993.685576923077,992.4923076923077,994.6730769230769,4,True
2003-03-20,994.4163461538461,992.4346153846153,995.8307692307692,4,True
2003-03-21,994.4201923076923,993.2076923076924,996.2576923076923,4,True
2003-03-22,993.6125,991.8384615384616,995.1115384615384,4,True
2003-03-23,993.5115384615385,993.0807692307692,993.9730769230769,4,True
2003-03-24,993.3519230769231,991.9615384615385,994.9192307692308,4,True
2003-03-25,993.8086538461539,993.0769230769231,994.8615384615384,4,True
2003-03-26,993.3980769230769,992.1153846153846,994.2884615384615,4,True
2003-03-27,993.2836538461538,992.3615384615384,994.0230769230769,4,True
2003-03-28,994.8134615384615,993.4384615384615,995.8076923076924,4,True
2003-03-29,995.2884615384615,993.8884615384616,996.1,4,True
2003-03-30,994.9288461538462,994.2153846153847,995.6192307692307,4,True
2003-03-31,993.7548076923076,992.2461538461539,994.85,4,True
2003-04-01,993.7971153846154,992.5423076923076,994.8269230769231,4,True
2003-04-02,994.7413461538462,992.9423076923076,996.1076923076923,4,True
2003-04-03,994.4365384615385,993.4076923076923,995.1423076923077,4,True
2003-04-04,993.7403846153846,993.3076923076924,994.15,4,True
2003-04-05,994.5163461538461,993.1115384615384,995.5192307692308,4,True
2003-04-06,995.1528846153847,994.2269230769231,995.9615384615385,4,True
2003-04-07,993.9913461538462,992.9923076923077,995.1384615384616,4,True
2003-04-08,992.9615384615385,992.2807692307692,993.7692307692308,4,True
2003-04-09,993.3846153846154,991.5692307692308,994.2730769230769,4,True
2003-04-10,994.5307692307692,993.3884615384616,995.5076923076923,4,True
2003-04-11,994.9721153846153,993.5038461538461,995.6269230769232,4,True
2003-04-12,996.2038461538461,995.3807692307693,996.5115384615384,4,True
2003-04-13,999.0673076923077,998.1384615384616,1000.0346153846153,4,True
2003-04-14,1000.1192307692307,999.4692307692308,1001.0346153846153,4,True
2003-04-15,997.9509615384616,997.0961538461539,998.6346153846154,4,True
2003-04-16,995.8028846153846,995.1346153846154,996.5615384615385,4,True
2003-04-17,993.8355769230769,992.5038461538461,995.2192307692308,4,True
2003-04-18,992.9769230769231,991.9346153846153,993.9884615384616,4,True
2003-04-19,993.6490384615385,992.1730769230769,995.0192307692308,4,True
2003-04-20,994.1509615384616,993.0461538461539,995.1307692307693,4,True
2003-04-21,993.3961538461539,993.0576923076924,993.7846153846153,4,True
2003-04-22,993.7625,993.1692307692308,994.6346153846154,4,True
2003-04-23,995.1028846153846,994.0307692307692,995.6576923076923,4,True
2003-04-24,996.3086538461539,995.7653846153847,996.6230769230768,4,True
2003-04-25,995.6163461538462,995.0230769230769,996.2038461538461,4,True
2003-04-26,996.1153846153846,994.9346153846153,996.7846153846153,4,True
2003-04-27,996.875,995.5884615384616,997.5076923076923,4,True
2003-04-28,996.6355769230769,995.9769230769231,997.2576923076923,4,True
2003-04-29,995.8625,995.053846153846,996.1807692307692,4,True
2003-04-30,996.8836538461538,995.8269230769231,998.0115384615384,4,True
2003-05-01,998.285576923077,996.7269230769231,999.7576923076923,4,True
2003-05-02,998.1461538461539,997.7884615384615,998.5653846153847,4,True
2003-05-03,996.7961538461539,996.1615384615384,997.6653846153847,4,True
2003-05-04,995.1951923076923,994.25,996.2384615384616,4,True
2003-05-05,994.4894230769231,992.6,995.696153846154,4,True
2003-05-06,995.5971153846153,994.5,996.2884615384615,4,True
2003-05-07,996.5269230769231,995.9692307692308,997.1423076923077,4,True
2003-05-08,997.8519230769231,996.9115384615384,998.7,4,True
2003-05-09,998.6076923076923,997.8961538461539,999.2961538461539,4,True
2003-05-10,998.0451923076923,997.6807692307692,998.4269230769231,4,True
2003-05-11,997.8086538461539,995.8461538461539,999.196153846154,4,True
2003-05-12,998.6923076923077,997.4153846153847,999.4653846153847,4,True
2003-05-13,998.9134615384615,998.1,999.4653846153847,4,True
2003-05-14,997.4759615384615,996.6038461538461,998.4576923076924,4,True
2003-05-15,997.0230769230769,995.1653846153847,998.0769230769231,4,True
2003-05-16,996.8778846153846,995.8884615384616,997.5461538461539,4,True
2003-05-17,996.3173076923076,995.6,996.9076923076923,4,True
2003-05-18,996.7326923076923,995.4230769230769,997.5346153846153,4,True
2003-05-19,997.6144230769231,995.8115384615385,998.7653846153847,4,True
2003-05-20,996.7846153846153,995.9038461538461,997.7461538461539,4,True
2003-05-21,995.8288461538461,995.1730769230769,996.696153846154,4,True
2003-05-22,994.9423076923077,993.8384615384616,995.8846153846154,4,True
2003-05-23,995.6605769230769,994.0346153846153,996.6807692307692,4,True
2003-05-24,995.6240384615385,994.7923076923076,996.5576923076924,4,True
2003-05-25,995.4153846153847,994.5653846153847,996.3230769230769,4,True
2003-05-26,995.7211538461538,994.7653846153847,996.4923076923077,4,True
2003-05-27,997.3846153846154,995.8192307692308,998.3192307692308,4,True
2003-05-28,998.0115384615385,996.85,998.6730769230769,4,True
2003-05-29,998.1423076923077,997.65,998.5653846153847,4,True
2003-05-30,998.0971153846153,997.3269230769231,999.1192307692307,4,True
2003-05-31,997.7153846153847,996.4269230769231,998.4692307692308,4,True
2003-06-01,997.9375,997.1115384615384,998.6846153846153,4,True
2003-06-02,997.1086538461539,996.2230769230769,998.1423076923077,4,True
2003-06-03,995.6403846153846,994.4269230769231,996.7153846153847,4,True
2003-06-04,995.6509615384616,993.7038461538461,996.5346153846153,4,True
2003-06-05,996.3884615384616,995.1807692307692,997.2346153846153,4,True
2003-06-06,997.2269230769232,995.946153846154,998.0461538461539,4,True
2003-06-07,997.7971153846154,996.3230769230769,998.3692307692307,4,True
2003-06-08,997.6913461538462,996.95,998.2269230769231,4,True
2003-06-09,997.401923076923,996.5923076923077,997.8076923076924,4,True
2003-06-10,997.5298076923077,996.4153846153847,998.3192307692308,4,True
2003-06-11,996.3240384615385,995.2038461538461,997.0961538461539,4,True
2003-06-12,996.1326923076922,995.0846153846153,996.8730769230768,4,True
2003-06-13,995.6817307692307,994.5423076923076,996.55,4,True
2003-06-14,996.2644230769231,994.6115384615384,997.2538461538461,4,True
2003-06-15,996.2865384615385,994.7807692307692,997.7692307692308,4,True
2003-06-16,996.8605769230769,995.7115384615385,997.803846153846,4,True
2003-06-17,996.6519230769231,995.7,997.15,4,True
2003-06-18,996.8894230769231,995.553846153846,997.75,4,True
2003-06-19,997.5355769230769,995.3538461538461,999.0846153846153,4,True
2003-06-20,998.9173076923078,997.8461538461539,1000.1038461538461,4,True
2003-06-21,998.939423076923,998.2846153846153,999.5307692307692,4,True
2003-06-22,998.373076923077,997.6,998.8461538461539,4,True
2003-06-23,997.0663461538461,995.6,998.1346153846154,4,True
2003-06-24,998.5326923076923,996.4961538461539,1000.0846153846153,4,True
2003-06-25,999.6278846153846,997.9807692307692,1000.3538461538461,4,True
2003-06-26,999.3278846153846,998.5307692307692,999.9192307692308,4,True
2003-06-27,997.8961538461539,996.8230769230769,998.8153846153847,4,True
2003-06-28,996.7355769230769,994.5769230769231,997.7153846153847,4,True
2003-06-29,998.8682692307692,997.35,999.7076923076924,4,True
2003-06-30,1000.0298076923077,999.0653846153847,1000.5269230769231,4,True
2003-07-01,998.4528846153846,997.7115384615385,999.2576923076923,4,True
2003-07-02,997.748076923077,996.3384615384616,998.7884615384615,4,True
2003-07-03,998.9836538461539,997.6346153846154,999.8230769230769,4,True
2003-07-04,998.8346153846154,998.0307692307692,999.6615384615384,4,True
2003-07-05,996.3480769230769,995.6730769230769,997.05,4,True
2003-07-06,994.8009615384615,994.0230769230769,995.4807692307692,4,True
2003-07-07,995.2615384615385,993.3230769230769,996.2153846153847,4,True
2003-07-08,996.1971153846155,994.8307692307692,996.9538461538461,4,True
2003-07-09,995.8490384615384,994.7884615384615,996.6192307692307,4,True
2003-07-10,996.5461538461539,995.0423076923076,997.2923076923076,4,True
2003-07-11,997.6326923076924,996.35,998.3192307692308,4,True
2003-07-12,999.7701923076922,997.9730769230769,1000.7846153846153,4,True
2003-07-13,1000.5903846153847,999.0153846153847,1001.7192307692308,4,True
2003-07-14,1000.1336538461538,999.4730769230769,1000.8461538461539,4,True
2003-07-15,997.975,997.3230769230769,998.3923076923077,4,True
2003-07-16,998.3307692307692,995.9923076923077,999.9038461538461,4,True
2003-07-17,1001.1153846153846,999.3692307692307,1002.25,4,True
2003-07-18,1001.1961538461538,1000.3,1001.8076923076924,4,True
2003-07-19,1001.0269230769231,999.7038461538461,1002.0692307692308,4,True
2003-07-20,1001.0134615384616,1000.0653846153847,1001.7269230769231,4,True
2003-07-21,998.8557692307693,998.1461538461539,999.5884615384616,4,True
2003-07-22,999.3903846153846,997.303846153846,1000.4153846153847,4,True
2003-07-23,999.2788461538462,997.7615384615384,1000.1038461538461,4,True
2003-07-24,998.5442307692308,997.5153846153847,999.3615384615384,4,True
2003-07-25,998.8673076923077,997.8846153846154,999.6307692307693,4,True
2003-07-26,1000.0865384615385,998.0153846153847,1001.3884615384616,4,True
2003-07-27,1000.2576923076923,999.4076923076923,1001.0346153846153,4,True
2003-07-28,998.1951923076923,997.1730769230769,998.9269230769231,4,True
2003-07-29,998.0278846153847,996.8730769230768,998.8307692307692,4,True
2003-07-30,999.3576923076923,996.9346153846153,1000.7807692307692,4,True
2003-07-31,999.8240384615385,998.6384615384616,1000.6269230769232,4,True
2003-08-01,997.5596153846154,996.2769230769231,998.3230769230769,4,True
2003-08-02,996.2173076923077,994.4076923076923,997.1115384615384,4,True
2003-08-03,998.060576923077,996.0153846153847,999.2,4,True
2003-08-04,997.7211538461538,996.9384615384615,998.5807692307692,4,True
2003-08-05,996.1067307692308,994.8846153846154,996.6653846153847,4,True
2003-08-06,995.6413461538461,994.55,996.3076923076924,4,True
2003-08-07,996.2384615384616,994.1461538461539,997.4423076923076,4,True
2003-08-08,996.1557692307692,994.8692307692307,997.0923076923077,4,True
2003-08-09,998.0096153846155,995.6461538461539,999.7192307692308,4,True
2003-08-10,1000.3432692307692,998.8923076923077,1001.0269230769231,4,True
2003-08-11,1000.0375,999.2730769230769,1000.446153846154,4,True
2003-08-12,997.9798076923078,997.4538461538461,998.5,4,True
2003-08-13,997.2817307692308,995.65,998.1,4,True
2003-08-14,997.9951923076923,995.9115384615384,999.1115384615384,4,True
2003-08-15,998.0317307692308,997.1884615384615,998.3884615384616,4,True
2003-08-16,998.3192307692308,996.1346153846154,999.8269230769231,4,True
2003-08-17,1000.1298076923077,998.1692307692308,1001.1038461538461,4,True
2003-08-18,1000.4423076923077,999.0884615384616,1001.1269230769232,4,True
2003-08-19,998.7326923076923,998.2692307692308,999.2230769230769,4,True
2003-08-20,997.8634615384616,996.5692307692308,998.8384615384616,4,True
2003-08-21,996.6788461538462,995.7115384615385,997.7153846153847,4,True
2003-08-22,995.2913461538461,994.1230769230768,996.2153846153847,4,True
2003-08-23,996.3538461538462,994.4153846153847,997.4230769230769,4,True
2003-08-24,997.498076923077,996.3615384615384,998.6269230769232,4,True
2003-08-25,996.8759615384615,995.7730769230769,997.6346153846154,4,True
2003-08-26,997.7384615384616,996.0153846153847,999.2307692307692,4,True
2003-08-27,998.2423076923077,997.1307692307693,999.2961538461539,4,True
2003-08-28,998.6192307692307,997.5115384615384,999.5461538461539,4,True
2003-08-29,998.7317307692308,996.7884615384615,1000.0923076923077,4,True
2003-08-30,998.5442307692308,997.0,999.6307692307693,4,True
2003-08-31,998.2490384615385,996.95,998.9269230769231,4,True
2003-09-01,997.7538461538461,996.4653846153847,998.9653846153847,4,True
2003-09-02,997.9740384615385,996.3346153846153,998.8884615384616,4,True
2003-09-03,998.3798076923077,996.6153846153846,999.5307692307692,4,True
2003-09-04,998.0096153846154,997.0038461538461,999.053846153846,4,True
2003-09-05,997.635576923077,995.6384615384616,998.85,4,True
2003-09-06,996.498076923077,995.303846153846,997.6423076923077,4,True
2003-09-07,995.3192307692308,994.0615384615385,996.3807692307693,4,True
2003-09-08,993.864423076923,992.7384615384616,994.9807692307692,4,True
2003-09-09,994.1471153846154,992.6038461538461,995.8384615384616,4,True
2003-09-10,995.5278846153847,994.4153846153847,996.9346153846153,4,True
2003-09-11,997.5807692307692,996.0923076923077,998.696153846154,4,True
2003-09-12,999.3163461538461,997.6230769230768,1000.6538461538461,4,True
2003-09-13,998.6692307692307,997.6576923076923,999.8423076923077,4,True
2003-09-14,996.9067307692308,995.9653846153847,997.7384615384616,4,True
2003-09-15,995.0884615384616,994.2192307692308,995.9269230769231,4,True
2003-09-16,995.0394230769231,992.6576923076923,996.3846153846154,4,True
2003-09-17,996.189423076923,995.1653846153847,997.0384615384615,4,True
2003-09-18,996.2826923076923,995.7,996.9,4,True
2003-09-19,995.1509615384615,993.9730769230769,995.8807692307693,4,True
2003-09-20,993.6298076923077,991.9615384615385,995.0923076923077,4,True
2003-09-21,994.8048076923077,993.0153846153847,996.2153846153847,4,True
2003-09-22,996.4375,994.9884615384616,997.1807692307692,4,True
2003-09-23,996.614423076923,995.7307692307692,997.1230769230768,4,True
2003-09-24,994.6692307692308,993.0153846153847,995.6846153846153,4,True
2003-09-25,992.8846153846154,991.4807692307692,994.1307692307693,4,True
2003-09-26,992.5490384615384,991.2076923076924,994.1384615384616,4,True
2003-09-27,992.178846153846,991.3346153846153,993.7615384615384,4,True
2003-09-28,991.2663461538461,989.4346153846153,992.7038461538461,4,True
2003-09-29,992.8298076923077,991.1038461538461,994.4961538461539,4,True
2003-09-30,995.0096153846154,994.1423076923077,995.9730769230769,4,True
2003-10-01,995.0769230769231,993.9576923076924,996.053846153846,4,True
2003-10-02,993.9346153846154,992.8384615384616,995.1230769230768,4,True
2003-10-03,993.6240384615385,991.6153846153846,995.2115384615385,4,True
2003-10-04,994.0625,992.5346153846153,995.4,4,True
2003-10-05,993.8509615384615,992.8692307692307,995.1115384615384,4,True
2003-10-06,992.7192307692308,991.85,993.9576923076924,4,True
2003-10-07,992.5384615384615,991.2884615384615,993.8615384615384,4,True
2003-10-08,993.3230769230769,992.75,994.8346153846153,4,True
2003-10-09,992.4961538461539,990.8653846153846,993.6769230769231,4,True
2003-10-10,991.7403846153845,990.7346153846153,992.4423076923076,4,True
2003-10-11,992.9644230769231,991.7038461538461,994.1346153846154,4,True
2003-10-12,994.5221153846154,993.9615384615385,995.9884615384616,4,True
2003-10-13,995.1798076923077,994.5807692307692,996.5346153846153,4,True
2003-10-14,995.7576923076924,995.0153846153847,996.8423076923077,4,True
2003-10-15,996.2721153846154,995.6269230769232,996.9846153846153,4,True
2003-10-16,995.3605769230769,994.05,996.553846153846,4,True
2003-10-17,993.7971153846154,992.6423076923077,995.0076923076923,4,True
2003-10-18,991.7644230769231,990.2384615384616,993.6769230769231,4,True
2003-10-19,991.9615384615385,989.8538461538461,994.2346153846153,4,True
2003-10-20,993.6192307692309,992.1769230769231,994.4730769230769,4,True
2003-10-21,994.6403846153846,994.3269230769231,995.3615384615384,4,True
2003-10-22,993.6,992.0269230769231,995.05,4,True
2003-10-23,992.6384615384616,990.6461538461539,994.2807692307692,4,True
2003-10-24,994.3326923076922,992.5076923076923,996.1730769230769,4,True
2003-10-25,994.1846153846154,993.4692307692308,995.2192307692308,4,True
2003-10-26,992.0182692307692,990.15,993.3153846153847,4,True
2003-10-27,989.866346153846,988.553846153846,991.4846153846153,4,True
2003-10-28,990.6788461538462,988.9961538461539,992.1384615384616,4,True
2003-10-29,993.1807692307692,991.4615384615385,994.6692307692308,4,True
2003-10-30,993.5519230769231,992.1115384615384,994.5384615384615,4,True
2003-10-31,991.8480769230769,989.7423076923077,993.3192307692308,4,True
2003-11-01,991.1548076923077,989.8653846153846,992.9384615384615,4,True
2003-11-02,991.5875,990.65,992.3961538461539,4,True
2003-11-03,995.1163461538462,993.7,996.1038461538461,4,True
2003-11-04,994.7288461538461,993.0307692307692,995.7538461538461,4,True
2003-11-05,993.4153846153846,992.4230769230769,994.9807692307692,4,True
2003-11-06,992.9721153846153,991.5923076923077,994.6538461538461,4,True
2003-11-07,992.8932692307692,992.4269230769231,993.5269230769231,4,True
2003-11-08,993.1038461538461,992.3,994.6192307692307,4,True
2003-11-09,992.4211538461539,991.5807692307692,993.55,4,True
2003-11-10,992.4423076923076,990.7230769230769,993.4653846153847,4,True
2003-11-11,993.4230769230769,992.3269230769231,994.7576923076923,4,True
2003-11-12,992.3586538461539,991.2269230769231,993.8384615384616,4,True
2003-11-13,992.9490384615384,991.5346153846153,994.6115384615384,4,True
2003-11-14,993.4961538461539,992.5692307692308,994.8653846153846,4,True
2003-11-15,993.6778846153846,992.5346153846153,994.7692307692308,4,True
2003-11-16,994.4875,993.2961538461539,995.4923076923077,4,True
2003-11-17,993.5182692307692,991.9807692307692,994.55,4,True
2003-11-18,991.5259615384616,990.1,993.2692307692308,4,True
2003-11-19,991.7875,989.8769230769232,994.1230769230768,4,True
2003-11-20,991.4740384615385,990.6230769230768,992.6692307692308,4,True
2003-11-21,992.2865384615384,991.3115384615385,993.2730769230769,4,True
2003-11-22,993.2490384615385,992.6038461538461,994.2269230769231,4,True
2003-11-23,993.0615384615385,992.0230769230769,993.9615384615385,4,True
2003-11-24,991.8846153846154,990.6576923076923,993.05,4,True
2003-11-25,991.1567307692308,988.7153846153847,992.803846153846,4,True
2003-11-26,991.9298076923077,989.8269230769231,993.0730769230769,4,True
2003-11-27,993.2201923076923,992.2192307692308,994.1153846153846,4,True
2003-11-28,993.4653846153847,992.5961538461539,994.4576923076924,4,True
2003-11-29,992.0048076923077,990.0076923076923,993.5961538461539,4,True
2003-11-30,991.214423076923,989.6115384615384,992.7923076923076,4,True
2003-12-01,991.3365384615385,989.9384615384615,992.8384615384616,4,True
2003-12-02,991.9346153846153,990.8230769230769,992.9,4,True
2003-12-03,991.1423076923078,990.2384615384616,992.6769230769231,4,True
2003-12-04,991.6807692307692,990.0346153846153,992.6653846153847,4,True
2003-12-05,992.9471153846154,992.1384615384616,993.8846153846154,4,True
2003-12-06,992.6278846153846,991.4384615384615,993.8730769230768,4,True
2003-12-07,993.0413461538462,992.0,994.1653846153847,4,True
2003-12-08,993.475,992.6153846153846,995.1576923076923,4,True
2003-12-09,993.7605769230769,992.7846153846153,995.2884615384615,4,True
2003-12-10,993.8163461538461,992.6230769230768,995.1307692307693,4,True
2003-12-11,993.0153846153846,992.2576923076923,994.3269230769231,4,True
2003-12-12,993.3259615384616,991.9615384615385,994.9153846153847,4,True
2003-12-13,993.7442307692307,993.2576923076923,994.4346153846153,4,True
2003-12-14,994.4721153846153,993.7692307692308,995.3230769230769,4,True
2003-12-15,994.9567307692307,993.8576923076923,996.1807692307692,4,True
2003-12-16,995.5817307692308,993.7384615384616,996.7730769230769,4,True
2003-12-17,995.9288461538462,994.7769230769231,996.8384615384616,4,True
2003-12-18,996.4134615384614,995.4115384615384,997.2923076923076,4,True
2003-12-19,997.8336538461538,997.1576923076923,999.3115384615385,4,True
2003-12-20,997.6817307692307,996.5807692307692,998.55,4,True
2003-12-21,997.1923076923076,995.8730769230768,998.2884615384615,4,True
2003-12-22,996.0288461538462,995.0269230769231,996.9230769230769,4,True
2003-12-23,993.7903846153846,992.4692307692308,994.8653846153846,4,True
2003-12-24,994.7173076923077,993.3961538461539,996.2730769230769,4,True
2003-12-25,995.6471153846154,994.3653846153846,997.15,4,True
2003-12-26,995.5067307692308,994.0461538461539,997.2692307692308,4,True
2003-12-27,993.3461538461538,990.9846153846153,994.9923076923077,4,True
2003-12-28,990.1346153846154,989.1730769230769,991.803846153846,4,True
2003-12-29,989.7567307692308,988.3807692307693,991.4,4,True
2003-12-30,991.4019230769231,989.8115384615385,993.25,4,True
2003-12-31,992.9432692307691,991.3538461538461,994.2961538461539,4,True
2004-01-01,995.3817307692308,993.4576923076924,996.6730769230769,4,True
2004-01-02,996.1153846153846,995.2807692307692,996.8461538461539,4,True
2004-01-03,994.3913461538461,993.7038461538461,995.0615384615385,4,True
2004-01-04,993.1153846153846,992.1576923076923,993.8884615384616,4,True
2004-01-05,992.6798076923078,991.3076923076924,994.0153846153847,4,True
2004-01-06,992.5836538461539,990.9923076923077,993.9692307692308,4,True
2004-01-07,993.4798076923076,992.803846153846,994.1384615384616,4,True
2004-01-08,994.2884615384615,993.2961538461539,994.8769230769232,4,True
2004-01-09,993.7682692307692,992.4,994.8423076923077,4,True
2004-01-10,992.998076923077,992.35,993.9269230769231,4,True
2004-01-11,992.4153846153846,991.2423076923077,993.6769230769231,4,True
2004-01-12,994.2605769230769,992.6192307692307,995.3923076923077,4,True
2004-01-13,994.2096153846154,992.9807692307692,995.3576923076923,4,True
2004-01-14,992.5980769230769,991.2346153846153,993.9923076923077,4,True
2004-01-15,991.3605769230769,989.4384615384615,992.5423076923076,4,True
2004-01-16,992.3182692307693,990.4269230769231,993.7884615384615,4,True
2004-01-17,993.4182692307693,991.8115384615385,995.0461538461539,4,True
2004-01-18,994.2471153846154,993.446153846154,995.3576923076923,4,True
2004-01-19,992.4096153846154,991.446153846154,993.5769230769231,4,True
2004-01-20,992.0586538461539,990.6307692307693,993.6692307692308,4,True
2004-01-21,991.5769230769231,989.2384615384616,993.2,4,True
2004-01-22,992.4096153846154,991.1,993.7384615384616,4,True
2004-01-23,992.0653846153846,990.25,993.4923076923077,4,True
2004-01-24,992.8134615384615,990.5153846153847,994.3884615384616,4,True
2004-01-25,993.001923076923,990.9230769230769,995.0192307692308,4,True
2004-01-26,993.1451923076922,990.9038461538461,995.2576923076923,4,True
2004-01-27,993.8807692307693,991.8807692307693,995.2961538461539,4,True
2004-01-28,994.0163461538461,991.8884615384616,995.3615384615384,4,True
2004-01-29,993.260576923077,991.8423076923077,994.446153846154,4,True
2004-01-30,992.4057692307692,991.1192307692307,993.5423076923076,4,True
2004-01-31,991.5778846153846,989.7230769230769,993.3384615384616,4,True
2004-02-01,992.3259615384616,989.95,994.2115384615385,4,True
2004-02-02,992.9259615384615,991.0923076923077,994.0115384615384,4,True
2004-02-03,992.4807692307692,991.3346153846153,993.6923076923076,4,True
2004-02-04,991.473076923077,989.7730769230769,992.8384615384616,4,True
2004-02-05,992.3355769230769,989.75,994.2961538461539,4,True
2004-02-06,993.7259615384615,991.4115384615384,995.196153846154,4,True
2004-02-07,994.3971153846154,993.0923076923077,995.2576923076923,4,True
2004-02-08,994.6009615384615,992.9153846153847,996.05,4,True
2004-02-09,995.1528846153846,994.0923076923077,996.4423076923076,4,True
2004-02-10,994.6875,993.3961538461539,995.9730769230769,4,True
2004-02-11,994.3788461538461,992.7576923076923,995.5384615384615,4,True
2004-02-12,994.7990384615384,992.1230769230768,996.1230769230768,4,True
2004-02-13,995.0413461538462,993.7576923076923,996.6923076923076,4,True
2004-02-14,994.3509615384615,992.8461538461539,995.8307692307692,4,True
2004-02-15,993.7240384615384,992.4384615384615,994.8346153846153,4,True
2004-02-16,993.1971153846154,991.6153846153846,994.5846153846153,4,True
2004-02-17,993.7451923076923,991.5384615384615,995.2846153846153,4,True
2004-02-18,994.1048076923078,992.6769230769231,995.303846153846,4,True
2004-02-19,993.8403846153846,992.4846153846153,994.9807692307692,4,True
2004-02-20,993.4124999999999,992.4653846153847,993.8730769230768,4,True
2004-02-21,994.276923076923,993.303846153846,994.8692307692307,4,True
2004-02-22,996.275,994.9730769230769,997.4269230769231,4,True
2004-02-23,997.1673076923078,995.7076923076924,998.1230769230768,4,True
2004-02-24,994.883653846154,993.4961538461539,996.0346153846153,4,True
2004-02-25,993.3778846153846,992.2153846153847,994.3538461538461,4,True
2004-02-26,995.3096153846154,993.2346153846153,996.5269230769231,4,True
2004-02-27,996.3778846153847,995.3269230769231,997.2115384615385,4,True
2004-02-28,994.8038461538462,994.1846153846153,995.85,4,True
2004-02-29,993.6471153846153,992.7307692307692,994.6846153846153,4,True
2004-03-01,993.9048076923077,992.1384615384616,995.1653846153847,4,True
2004-03-02,995.0576923076924,993.7538461538461,995.8576923076923,4,True
2004-03-03,994.8317307692307,994.2461538461539,995.7038461538461,4,True
2004-03-04,994.4519230769231,992.7923076923076,995.1576923076923,4,True
2004-03-05,995.2048076923077,994.0730769230769,996.3384615384616,4,True
2004-03-06,996.2221153846153,995.2692307692308,996.8538461538461,4,True
2004-03-07,995.6826923076923,994.9846153846153,996.2615384615384,4,True
2004-03-08,995.185576923077,993.9192307692308,995.9153846153847,4,True
2004-03-09,995.2740384615385,993.6846153846153,996.2269230769231,4,True
2004-03-10,996.0278846153847,994.0961538461539,997.2192307692308,4,True
2004-03-11,996.0788461538461,995.4615384615385,996.6192307692307,4,True
2004-03-12,994.9173076923076,994.7269230769231,995.1846153846153,4,True
2004-03-13,993.9769230769231,992.6192307692307,995.2,4,True
2004-03-14,994.2836538461538,992.2307692307692,995.9307692307692,4,True
2004-03-15,993.9961538461539,992.7461538461539,994.7807692307692,4,True
2004-03-16,993.8278846153846,992.9307692307692,994.5346153846153,4,True
2004-03-17,992.4288461538462,991.303846153846,993.3269230769231,4,True
2004-03-18,991.8836538461538,991.0384615384615,993.3423076923077,4,True
2004-03-19,992.4365384615385,991.3961538461539,993.5384615384615,4,True
2004-03-20,992.9653846153846,992.0230769230769,993.7230769230769,4,True
2004-03-21,993.0394230769231,991.9346153846153,993.9692307692308,4,True
2004-03-22,993.2932692307693,992.6,993.6615384615384,4,True
2004-03-23,994.7509615384615,993.7538461538461,995.5884615384616,4,True
2004-03-24,994.7528846153847,994.1153846153846,995.6653846153847,4,True
2004-03-25,993.7730769230769,992.3461538461539,994.6923076923076,4,True
2004-03-26,992.8759615384615,992.65,993.4384615384615,4,True
2004-03-27,992.0634615384615,991.4692307692308,992.6153846153846,4,True
2004-03-28,992.2375,991.0769230769231,992.9846153846153,4,True
2004-03-29,992.9567307692308,991.8576923076923,993.5961538461539,4,True
2004-03-30,994.1721153846154,993.3384615384616,995.1730769230769,4,True
2004-03-31,994.5221153846154,993.1884615384615,995.446153846154,4,True
2004-04-01,994.5817307692307,993.4923076923077,995.5461538461539,4,True
2004-04-02,993.9865384615384,992.8153846153847,994.9115384615384,4,True
2004-04-03,994.5278846153847,993.7538461538461,995.6307692307693,4,True
2004-04-04,995.6913461538462,995.0884615384616,995.9884615384616,4,True
2004-04-05,996.2067307692308,994.7692307692308,997.1846153846153,4,True
2004-04-06,996.0451923076923,995.0615384615385,996.7846153846153,4,True
2004-04-07,993.8788461538461,992.65,994.9769230769231,4,True
2004-04-08,993.6971153846154,991.7615384615384,995.0153846153847,4,True
2004-04-09,995.0721153846155,993.4038461538461,995.7,4,True
2004-04-10,995.0192307692308,993.3384615384616,995.9884615384616,4,True
2004-04-11,992.3663461538462,991.1153846153846,993.0115384615384,4,True
2004-04-12,991.5673076923076,990.5384615384615,992.8192307692308,4,True
2004-04-13,993.2471153846154,991.2884615384615,994.9038461538461,4,True
2004-04-14,994.0826923076924,992.8230769230769,995.1,4,True
2004-04-15,993.1048076923078,992.0769230769231,994.0923076923077,4,True
2004-04-16,993.4182692307692,992.2461538461539,994.4115384615384,4,True
2004-04-17,994.9240384615384,994.0923076923077,995.7346153846153,4,True
2004-04-18,996.0701923076923,995.5769230769231,996.7692307692308,4,True
2004-04-19,995.6423076923077,994.6038461538461,996.3846153846154,4,True
2004-04-20,994.4125,993.6692307692308,995.2230769230769,4,True
2004-04-21,993.7038461538461,992.8307692307692,994.946153846154,4,True
2004-04-22,994.0432692307693,992.9769230769231,995.1192307692307,4,True
2004-04-23,994.1038461538461,993.35,995.0346153846153,4,True
2004-04-24,994.6028846153846,993.4269230769231,996.2038461538461,4,True
2004-04-25,995.2855769230769,994.2769230769231,996.1923076923076,4,True
2004-04-26,996.4048076923077,995.0076923076923,997.2769230769231,4,True
2004-04-27,996.0778846153846,994.8692307692307,996.9730769230769,4,True
2004-04-28,996.3153846153846,995.1192307692307,997.4692307692308,4,True
2004-04-29,996.2259615384615,995.3769230769232,997.25,4,True
2004-04-30,994.9836538461539,993.6153846153846,996.2576923076923,4,True
2004-05-01,993.560576923077,992.4384615384615,994.4576923076924,4,True
2004-05-02,993.2567307692308,992.2038461538461,993.9884615384616,4,True
2004-05-03,994.5528846153846,992.5,996.2384615384616,4,True
2004-05-04,995.5884615384616,994.5961538461539,996.0961538461539,4,True
2004-05-05,996.4259615384615,995.9615384615385,996.9884615384616,4,True
2004-05-06,996.9230769230769,995.7115384615385,997.9769230769231,4,True
2004-05-07,998.7875,997.5307692307692,999.65,4,True
2004-05-08,998.9125,998.4307692307692,999.4538461538461,4,True
2004-05-09,997.825,997.0076923076923,998.6615384615384,4,True
2004-05-10,996.6788461538462,995.6461538461539,997.4576923076924,4,True
2004-05-11,995.9990384615385,994.8269230769231,996.8653846153846,4,True
2004-05-12,995.4471153846154,994.5115384615384,996.4269230769231,4,True
2004-05-13,994.3,993.6153846153846,995.2807692307692,4,True
2004-05-14,993.689423076923,992.0846153846153,995.3923076923077,4,True
2004-05-15,993.8961538461538,992.7807692307692,994.8307692307692,4,True
2004-05-16,995.8394230769231,994.4153846153847,996.7615384615384,4,True
2004-05-17,996.2365384615384,995.4961538461539,996.9692307692308,4,True
2004-05-18,995.4125,994.4076923076923,996.4807692307692,4,True
2004-05-19,996.5480769230769,994.7615384615384,998.1153846153846,4,True
2004-05-20,998.7817307692308,996.8730769230768,999.6730769230769,4,True
2004-05-21,998.4846153846154,997.1846153846153,999.45,4,True
2004-05-22,996.8961538461539,996.1730769230769,997.7423076923077,4,True
2004-05-23,995.9817307692308,995.25,997.0576923076924,4,True
2004-05-24,996.3961538461538,995.1461538461539,997.8538461538461,4,True
2004-05-25,996.6634615384615,995.3115384615385,997.6576923076923,4,True
2004-05-26,997.0134615384616,995.9884615384616,997.9038461538461,4,True
2004-05-27,997.5759615384616,996.2884615384615,998.1192307692307,4,True
2004-05-28,998.2173076923077,997.2423076923077,998.7730769230769,4,True
2004-05-29,998.2769230769231,997.2423076923077,999.4230769230769,4,True
2004-05-30,998.0394230769231,997.0192307692308,998.8384615384616,4,True
2004-05-31,997.9711538461538,997.3076923076924,998.8461538461539,4,True
2004-06-01,997.4961538461539,996.5769230769231,998.0615384615385,4,True
2004-06-02,998.3778846153846,996.55,999.5923076923077,4,True
2004-06-03,999.9134615384614,998.4423076923076,1000.6423076923077,4,True
2004-06-04,999.9846153846154,999.2076923076924,1000.4384615384615,4,True
2004-06-05,998.803846153846,998.0769230769231,999.5115384615384,4,True
2004-06-06,997.7355769230769,996.45,998.5461538461539,4,True
2004-06-07,998.8884615384616,997.4384615384615,999.8730769230768,4,True
2004-06-08,999.7144230769231,998.0038461538461,1000.5653846153847,4,True
2004-06-09,999.1875,998.1615384615384,1000.1307692307693,4,True
2004-06-10,997.6596153846153,996.5192307692308,998.9346153846153,4,True
2004-06-11,998.6375,996.3923076923077,1000.1307692307693,4,True
2004-06-12,1000.8971153846154,998.75,1002.2730769230769,4,True
2004-06-13,1002.3903846153846,1001.3346153846153,1003.0769230769231,4,True
2004-06-14,1001.1259615384615,999.7884615384615,1001.9538461538461,4,True
2004-06-15,999.325,998.8961538461539,999.9423076923076,4,True
2004-06-16,998.9528846153846,998.1269230769232,999.5461538461539,4,True
2004-06-17,999.1990384615385,998.2846153846153,999.7961538461539,4,True
2004-06-18,999.189423076923,997.9846153846153,999.9115384615384,4,True
2004-06-19,1000.6913461538462,999.1,1001.7461538461539,4,True
2004-06-20,1000.3471153846153,999.8423076923077,1000.8653846153846,4,True
2004-06-21,999.1490384615385,997.8192307692308,1000.3961538461539,4,True
2004-06-22,999.5923076923077,997.6038461538461,1000.9269230769231,4,True
2004-06-23,1000.1240384615385,999.0807692307692,1001.2769230769231,4,True
2004-06-24,998.9634615384615,997.8115384615385,1000.4,4,True
2004-06-25,997.7259615384615,997.0653846153847,998.2769230769231,4,True
2004-06-26,997.3932692307693,996.446153846154,998.3269230769231,4,True
2004-06-27,998.0932692307692,996.0730769230769,999.1423076923077,4,True
2004-06-28,999.0307692307692,998.3384615384616,1000.0461538461539,4,True
2004-06-29,997.9682692307692,997.0884615384616,998.8192307692308,4,True
2004-06-30,997.7153846153847,995.9576923076924,998.7961538461539,4,True
2004-07-01,998.6740384615384,997.3884615384616,999.7423076923077,4,True
2004-07-02,997.7278846153846,996.5115384615384,998.2961538461539,4,True
2004-07-03,997.4471153846154,995.7692307692308,998.5230769230769,4,True
2004-07-04,998.3451923076923,996.9269230769231,999.4230769230769,4,True
2004-07-05,998.6865384615385,996.8923076923077,999.8615384615384,4,True
2004-07-06,999.1644230769231,998.1923076923076,1000.0076923076923,4,True
2004-07-07,996.4375,994.5615384615385,997.6038461538461,4,True
2004-07-08,994.7644230769231,992.6884615384615,996.1653846153847,4,True
2004-07-09,995.1644230769231,993.0076923076923,996.3346153846153,4,True
2004-07-10,995.9653846153847,995.0461538461539,996.8692307692307,4,True
2004-07-11,996.5855769230769,995.0923076923077,997.7307692307692,4,True
2004-07-12,996.8182692307691,995.9269230769231,997.7538461538461,4,True
2004-07-13,995.6625,994.7115384615385,996.8115384615385,4,True
2004-07-14,996.051923076923,994.9538461538461,996.9923076923077,4,True
2004-07-15,996.75,995.1038461538461,997.6576923076923,4,True
2004-07-16,997.7336538461539,995.8769230769232,998.8769230769232,4,True
2004-07-17,998.8134615384615,997.4346153846153,1000.3230769230769,4,True
2004-07-18,998.7346153846154,997.6153846153846,999.3076923076924,4,True
2004-07-19,998.8788461538461,997.8884615384616,999.7,4,True
2004-07-20,998.9538461538461,997.696153846154,999.4769230769231,4,True
2004-07-21,998.6076923076923,997.7730769230769,999.3615384615384,4,True
2004-07-22,996.9076923076923,995.85,997.9615384615385,4,True
2004-07-23,996.4144230769231,994.5730769230769,997.4423076923076,4,True
2004-07-24,997.2528846153846,995.4961538461539,998.35,4,True
2004-07-25,997.9269230769231,996.4807692307692,998.6423076923077,4,True
2004-07-26,998.1750000000001,996.85,998.8192307692308,4,True
2004-07-27,999.0903846153847,998.3076923076924,999.9,4,True
2004-07-28,997.7336538461539,996.3769230769232,998.9692307692308,4,True
2004-07-29,996.6567307692308,995.3269230769231,997.5884615384616,4,True
2004-07-30,997.8326923076922,995.4769230769231,999.3230769230769,4,True
2004-07-31,999.7451923076924,998.2615384615384,1000.7384615384616,4,True
2004-08-01,999.3057692307692,998.0653846153847,1000.2038461538461,4,True
2004-08-02,997.9432692307693,996.8653846153846,998.4153846153847,4,True
2004-08-03,997.3836538461538,996.0230769230769,998.3884615384616,4,True
2004-08-04,997.7961538461539,996.1384615384616,998.7,4,True
2004-08-05,998.2528846153846,996.6269230769232,999.7807692307692,4,True
2004-08-06,998.3961538461539,996.3461538461539,999.7423076923077,4,True
2004-08-07,1000.0711538461538,997.5769230769231,1001.4230769230769,4,True
2004-08-08,1001.5875,1000.3730769230768,1002.6423076923077,4,True
2004-08-09,1001.185576923077,999.946153846154,1002.1346153846154,4,True
2004-08-10,1000.2019230769231,999.0923076923077,1001.2538461538461,4,True
2004-08-11,1000.0528846153846,998.5846153846153,1001.4538461538461,4,True
2004-08-12,999.3615384615384,997.8230769230769,1000.4269230769231,4,True
2004-08-13,999.4836538461539,998.3923076923077,1000.0692307692308,4,True
2004-08-14,998.301923076923,997.5923076923077,999.2692307692308,4,True
2004-08-15,997.9307692307692,996.303846153846,998.8384615384616,4,True
2004-08-16,997.4019230769231,996.1653846153847,998.3230769230769,4,True
2004-08-17,996.65,995.1769230769231,997.9192307692308,4,True
2004-08-18,997.0673076923076,995.9846153846153,997.9192307692308,4,True
2004-08-19,999.1134615384615,997.7230769230769,999.9153846153847,4,True
2004-08-20,998.7884615384615,997.3576923076923,999.6153846153846,4,True
2004-08-21,996.9413461538461,996.0769230769231,997.8615384615384,4,True
2004-08-22,996.5230769230769,994.7269230769231,997.6115384615384,4,True
2004-08-23,996.6961538461538,995.0846153846153,997.6230769230768,4,True
2004-08-24,997.6374999999999,996.2538461538461,998.4807692307692,4,True
2004-08-25,997.9894230769231,996.5961538461539,998.7923076923076,4,True
2004-08-26,997.491346153846,996.4692307692308,998.6230769230768,4,True
2004-08-27,996.3269230769231,995.5230769230769,997.5307692307692,4,True
2004-08-28,995.2855769230769,993.7307692307692,996.6192307692307,4,True
2004-08-29,995.9451923076923,993.8115384615385,997.3384615384616,4,True
2004-08-30,997.5451923076923,996.0346153846153,998.8115384615385,4,True
2004-08-31,997.8894230769231,997.0653846153847,999.0884615384616,4,True
2004-09-01,996.7451923076924,994.9538461538461,998.1076923076923,4,True
2004-09-02,995.1942307692308,993.5,996.5115384615384,4,True
2004-09-03,996.4057692307692,994.6538461538461,997.3576923076923,4,True
2004-09-04,996.7009615384616,995.3576923076923,997.4769230769231,4,True
2004-09-05,995.3692307692307,994.4153846153847,995.9846153846153,4,True
2004-09-06,994.4471153846154,993.9346153846153,995.0115384615384,4,True
2004-09-07,993.126923076923,991.5192307692308,994.2730769230769,4,True
2004-09-08,991.9653846153847,990.4307692307692,992.8307692307692,4,True
2004-09-09,993.2211538461538,991.6884615384615,993.8653846153846,4,True
2004-09-10,995.5817307692307,994.3269230769231,997.1769230769231,4,True
2004-09-11,995.071153846154,994.7884615384615,995.4153846153847,4,True
2004-09-12,995.6682692307693,994.6269230769232,996.7269230769231,4,True
2004-09-13,997.8721153846154,997.0115384615384,998.6692307692308,4,True
2004-09-14,997.6288461538461,996.7269230769231,998.65,4,True
2004-09-15,996.3951923076924,994.946153846154,998.0807692307692,4,True
2004-09-16,996.1259615384615,994.8269230769231,997.8423076923077,4,True
2004-09-17,995.925,993.9961538461539,997.2615384615384,4,True
2004-09-18,996.089423076923,995.3961538461539,996.7961538461539,4,True
2004-09-19,995.6278846153846,994.3115384615385,996.7038461538461,4,True
2004-09-20,995.2557692307693,994.1653846153847,996.5769230769231,4,True
2004-09-21,995.2750000000001,993.6769230769231,996.9653846153847,4,True
2004-09-22,995.9634615384615,994.9692307692308,997.2192307692308,4,True
2004-09-23,995.5673076923077,993.9961538461539,996.6153846153846,4,True
2004-09-24,995.5221153846154,994.0269230769231,996.3807692307693,4,True
2004-09-25,994.4576923076922,993.1153846153846,996.0346153846153,4,True
2004-09-26,994.4913461538462,993.0423076923076,995.8923076923077,4,True
2004-09-27,995.5923076923077,994.6384615384616,996.9423076923076,4,True
2004-09-28,995.0557692307692,993.6384615384616,996.1923076923076,4,True
2004-09-29,994.3846153846154,992.85,995.3730769230768,4,True
2004-09-30,994.4913461538462,993.1653846153847,996.2730769230769,4,True
2004-10-01,994.7605769230769,993.5115384615384,995.4961538461539,4,True
2004-10-02,995.3519230769231,994.7692307692308,996.2153846153847,4,True
2004-10-03,994.2278846153847,993.2730769230769,995.0192307692308,4,True
2004-10-04,993.3298076923077,991.5576923076924,994.7615384615384,4,True
2004-10-05,994.3894230769231,993.7576923076923,995.65,4,True
2004-10-06,995.5221153846153,994.8730769230768,996.4384615384615,4,True
2004-10-07,995.9173076923078,995.5423076923076,996.6038461538461,4,True
2004-10-08,994.2692307692307,992.4769230769231,995.0,4,True
2004-10-09,992.175,991.1269230769232,993.6846153846153,4,True
2004-10-10,992.7096153846154,991.8153846153847,994.5307692307692,4,True
2004-10-11,993.439423076923,992.2576923076923,994.8230769230769,4,True
2004-10-12,992.4596153846154,990.5807692307692,993.85,4,True
2004-10-13,991.776923076923,990.5,993.5,4,True
2004-10-14,991.9759615384614,990.7807692307692,993.3846153846154,4,True
2004-10-15,992.7192307692308,991.2538461538461,994.2192307692308,4,True
2004-10-16,992.6471153846154,991.3423076923077,994.7923076923076,4,True
2004-10-17,992.6615384615385,991.2576923076923,994.3769230769232,4,True
2004-10-18,991.9807692307693,990.5076923076923,993.9076923076923,4,True
2004-10-19,992.3576923076923,990.3115384615385,994.1884615384615,4,True
2004-10-20,993.5076923076923,991.9576923076924,995.2692307692308,4,True
2004-10-21,994.1932692307693,992.5846153846153,995.75,4,True
2004-10-22,993.3701923076924,992.1269230769232,994.9153846153847,4,True
2004-10-23,993.4173076923078,992.6461538461539,994.7538461538461,4,True
2004-10-24,994.1596153846153,993.65,995.1038461538461,4,True
2004-10-25,993.5807692307692,992.4384615384615,994.7384615384616,4,True
2004-10-26,992.7875,992.0076923076923,994.1807692307692,4,True
2004-10-27,992.4663461538462,991.1,994.1769230769231,4,True
2004-10-28,993.6240384615385,992.3884615384616,995.6384615384616,4,True
2004-10-29,993.9682692307692,993.0730769230769,995.8730769230768,4,True
2004-10-30,993.4980769230768,992.0730769230769,994.8615384615384,4,True
2004-10-31,992.4326923076924,991.0269230769231,994.0423076923076,4,True
2004-11-01,993.2307692307692,992.2269230769231,994.6346153846154,4,True
2004-11-02,993.3692307692307,992.5807692307692,994.0653846153847,4,True
2004-11-03,992.3298076923077,991.6307692307693,993.1076923076923,4,True
2004-11-04,992.3038461538462,991.2846153846153,993.6384615384616,4,True
2004-11-05,992.8509615384614,991.5846153846153,994.1923076923076,4,True
2004-11-06,993.6663461538461,992.4730769230769,995.1423076923077,4,True
2004-11-07,993.8384615384615,992.8923076923077,995.0,4,True
2004-11-08,995.2,994.9115384615384,995.5769230769231,4,True
2004-11-09,994.3182692307691,992.7730769230769,995.3230769230769,4,True
2004-11-10,992.3173076923077,991.0461538461539,994.0884615384616,4,True
2004-11-11,990.9336538461538,989.1230769230768,992.6,4,True
2004-11-12,990.2634615384616,989.0576923076924,991.4423076923076,4,True
2004-11-13,990.5759615384616,989.3384615384616,992.0884615384616,4,True
2004-11-14,991.3298076923077,990.7807692307692,992.8115384615385,4,True
2004-11-15,992.6615384615385,991.75,994.1615384615384,4,True
2004-11-16,992.5144230769231,991.5115384615384,994.1653846153847,4,True
2004-11-17,992.9115384615384,991.9115384615384,994.8692307692307,4,True
2004-11-18,993.7451923076923,992.7615384615384,995.2884615384615,4,True
2004-11-19,994.5317307692308,993.9961538461539,994.9846153846153,4,True
2004-11-20,995.3615384615384,994.4807692307692,996.6423076923077,4,True
2004-11-21,995.3009615384615,994.0,997.0923076923077,4,True
2004-11-22,994.5432692307693,993.0115384615384,995.9307692307692,4,True
2004-11-23,992.9721153846153,991.9961538461539,994.3576923076923,4,True
2004-11-24,993.0480769230769,991.05,994.7384615384616,4,True
2004-11-25,993.873076923077,992.3269230769231,995.2307692307692,4,True
2004-11-26,994.3663461538462,993.2,995.3230769230769,4,True
2004-11-27,992.3932692307692,990.6576923076923,994.0769230769231,4,True
2004-11-28,990.8509615384615,989.5692307692308,992.3346153846153,4,True
2004-11-29,991.6923076923076,990.3961538461539,993.2076923076924,4,True
2004-11-30,992.3355769230769,990.5923076923077,993.7461538461539,4,True
2004-12-01,993.1086538461539,991.696153846154,994.2423076923077,4,True
2004-12-02,992.6605769230769,991.9076923076923,993.6923076923076,4,True
2004-12-03,992.3903846153846,991.7615384615384,992.9307692307692,4,True
2004-12-04,993.6673076923078,992.3,994.7576923076923,4,True
2004-12-05,994.7259615384615,992.5730769230769,995.75,4,True
2004-12-06,995.3836538461538,994.7769230769231,996.3346153846153,4,True
2004-12-07,994.1798076923077,992.8961538461539,995.8230769230769,4,True
2004-12-08,992.9846153846154,990.9230769230769,994.45,4,True
2004-12-09,992.9653846153847,991.8423076923077,994.2384615384616,4,True
2004-12-10,993.0528846153845,992.1153846153846,994.2192307692308,4,True
2004-12-11,993.075,991.5923076923077,994.3,4,True
2004-12-12,993.4201923076923,992.0769230769231,994.6,4,True
2004-12-13,994.2701923076922,993.1807692307692,995.1846153846153,4,True
2004-12-14,994.4365384615385,993.5653846153847,995.4423076923076,4,True
2004-12-15,993.623076923077,992.7846153846153,994.7,4,True
2004-12-16,993.3432692307692,992.5269230769231,994.303846153846,4,True
2004-12-17,993.0259615384615,992.0692307692308,994.0076923076923,4,True
2004-12-18,992.0221153846154,990.5615384615385,993.7307692307692,4,True
2004-12-19,992.5807692307692,991.2,994.3730769230768,4,True
2004-12-20,993.0134615384616,991.7423076923077,994.4230769230769,4,True
2004-12-21,993.0884615384615,992.0076923076923,994.5730769230769,4,True
2004-12-22,993.0673076923077,991.6346153846154,994.2653846153847,4,True
2004-12-23,992.0682692307693,991.0269230769231,993.0807692307692,4,True
2004-12-24,990.9048076923077,989.4807692307692,992.4230769230769,4,True
2004-12-25,989.4105769230769,987.1115384615384,991.3730769230768,4,True
2004-12-26,991.0990384615384,988.7769230769231,993.2230769230769,4,True
2004-12-27,993.1326923076922,991.2615384615384,994.6923076923076,4,True
2004-12-28,993.8394230769231,992.7153846153847,995.1307692307693,4,True
2004-12-29,994.2346153846154,993.0269230769231,995.6230769230768,4,True
2004-12-30,993.7076923076924,992.2653846153847,995.0769230769231,4,True
2004-12-31,994.3028846153846,992.2730769230769,995.8653846153846,4,True
2005-01-01,994.2615384615384,992.6115384615384,996.0423076923076,4,True
2005-01-02,994.5317307692308,993.8076923076924,995.4730769230769,4,True
2005-01-03,993.801923076923,992.5730769230769,994.9846153846153,4,True
2005-01-04,993.5403846153847,992.5461538461539,994.4153846153847,4,True
2005-01-05,993.2211538461538,992.196153846154,994.1307692307693,4,True
2005-01-06,992.4278846153845,991.6115384615384,992.9923076923077,4,True
2005-01-07,993.7211538461538,992.2115384615385,994.7153846153847,4,True
2005-01-08,994.7903846153846,993.9769230769231,995.2192307692308,4,True
2005-01-09,994.0028846153846,992.9961538461539,994.95,4,True
2005-01-10,993.0596153846154,991.4807692307692,994.3730769230768,4,True
2005-01-11,993.05,991.696153846154,994.5230769230769,4,True
2005-01-12,993.4538461538461,992.3,994.7153846153847,4,True
2005-01-13,994.0038461538461,992.55,995.4538461538461,4,True
2005-01-14,993.1394230769231,991.7807692307692,994.4,4,True
2005-01-15,990.8067307692307,989.7538461538461,992.1038461538461,4,True
2005-01-16,989.4384615384615,987.5346153846153,991.0923076923077,4,True
2005-01-17,989.4644230769231,987.3961538461539,991.6923076923076,4,True
2005-01-18,990.0096153846154,988.5461538461539,990.9192307692308,4,True
2005-01-19,991.2750000000001,989.3153846153847,993.05,4,True
2005-01-20,991.0865384615385,989.4884615384616,992.5807692307692,4,True
2005-01-21,991.7221153846153,989.2423076923077,993.6884615384615,4,True
2005-01-22,992.7153846153847,990.3730769230768,994.6576923076923,4,True
2005-01-23,994.1153846153845,992.2923076923076,995.9961538461539,4,True
2005-01-24,993.975,992.7,995.6653846153847,4,True
2005-01-25,993.5076923076923,992.5846153846153,995.0230769230769,4,True
2005-01-26,992.6048076923078,991.2076923076924,994.1653846153847,4,True
2005-01-27,993.2865384615384,991.3346153846153,994.7307692307692,4,True
2005-01-28,992.0019230769232,990.6653846153847,993.7192307692308,4,True
2005-01-29,991.2259615384615,989.6615384615384,992.4653846153847,4,True
2005-01-30,990.7846153846153,989.9961538461539,991.9692307692308,4,True
2005-01-31,990.0173076923077,988.8923076923077,991.4307692307692,4,True
2005-02-01,990.6019230769231,989.3769230769232,991.7615384615384,4,True
2005-02-02,990.9884615384616,990.0153846153847,991.7,4,True
2005-02-03,993.7076923076924,991.6153846153846,994.9653846153847,4,True
2005-02-04,995.7923076923076,994.3230769230769,996.8576923076923,4,True
2005-02-05,996.2278846153847,995.3076923076924,996.8076923076924,4,True
2005-02-06,995.3894230769231,994.4923076923077,995.9192307692308,4,True
2005-02-07,994.2182692307691,992.9115384615384,995.2346153846153,4,True
2005-02-08,992.3903846153846,991.2076923076924,993.4538461538461,4,True
2005-02-09,992.0384615384614,990.8846153846154,992.7923076923076,4,True
2005-02-10,992.3721153846154,990.9538461538461,993.4,4,True
2005-02-11,992.3932692307692,991.9115384615384,992.9576923076924,4,True
2005-02-12,993.6413461538461,992.8615384615384,994.2346153846153,4,True
2005-02-13,993.6259615384615,992.6884615384615,994.4,4,True
2005-02-14,993.8346153846154,992.7884615384615,995.1461538461539,4,True
2005-02-15,993.2682692307692,992.5115384615384,994.0923076923077,4,True
2005-02-16,991.2355769230769,990.1461538461539,992.2615384615384,4,True
2005-02-17,990.8596153846154,988.1307692307693,992.3961538461539,4,True
2005-02-18,992.2615384615385,989.4307692307692,993.7153846153847,4,True
2005-02-19,993.8528846153847,992.65,994.9,4,True
2005-02-20,995.2442307692307,994.4653846153847,995.8884615384616,4,True
2005-02-21,994.9442307692308,993.6461538461539,996.1538461538461,4,True
2005-02-22,993.2538461538462,992.35,994.1269230769232,4,True
2005-02-23,992.3788461538462,991.25,993.5153846153847,4,True
2005-02-24,993.825,991.9692307692308,995.2461538461539,4,True
2005-02-25,994.3461538461538,992.8576923076923,995.1269230769232,4,True
2005-02-26,994.410576923077,993.8,994.7653846153847,4,True
2005-02-27,993.7442307692307,992.9153846153847,994.2961538461539,4,True
2005-02-28,994.0028846153846,993.2884615384615,994.8192307692308,4,True
2005-03-01,994.1173076923077,993.1076923076923,994.9384615384615,4,True
2005-03-02,994.1653846153846,992.8423076923077,995.1384615384616,4,True
2005-03-03,994.0442307692308,993.3961538461539,994.7115384615385,4,True
2005-03-04,994.1471153846154,993.1269230769232,994.9730769230769,4,True
2005-03-05,995.4865384615384,994.553846153846,995.9769230769231,4,True
2005-03-06,995.6432692307692,994.7576923076923,996.5038461538461,4,True
2005-03-07,994.7865384615385,993.7807692307692,995.8923076923077,4,True
2005-03-08,993.9259615384615,993.05,994.8730769230768,4,True
2005-03-09,993.8182692307693,992.7038461538461,994.4423076923076,4,True
2005-03-10,993.7807692307692,992.2653846153847,994.7692307692308,4,True
2005-03-11,994.3240384615385,992.6692307692308,995.3769230769232,4,True
2005-03-12,994.7403846153846,993.2653846153847,995.7423076923077,4,True
2005-03-13,994.4317307692307,993.6692307692308,995.3538461538461,4,True
2005-03-14,993.3596153846154,992.1730769230769,994.3807692307693,4,True
2005-03-15,993.0144230769231,991.1461538461539,994.0576923076924,4,True
2005-03-16,993.525,992.0769230769231,994.5461538461539,4,True
2005-03-17,994.7509615384615,993.4192307692308,996.2153846153847,4,True
2005-03-18,994.4384615384615,993.3230769230769,995.3807692307693,4,True
2005-03-19,995.0961538461538,994.2153846153847,995.9730769230769,4,True
2005-03-20,994.3807692307691,993.4307692307692,995.1576923076923,4,True
2005-03-21,994.8096153846154,993.65,995.7615384615384,4,True
2005-03-22,994.9663461538462,993.1769230769231,995.9307692307692,4,True
2005-03-23,996.2259615384615,994.1615384615384,997.1192307692307,4,True
2005-03-24,997.4875,996.4615384615385,998.0384615384615,4,True
2005-03-25,996.75,996.0807692307692,997.6230769230768,4,True
2005-03-26,995.1394230769231,994.3692307692307,995.8576923076923,4,True
2005-03-27,994.6115384615384,993.4230769230769,995.2923076923076,4,True
2005-03-28,994.6394230769231,993.3615384615384,995.6076923076923,4,True
2005-03-29,994.073076923077,992.9961538461539,995.05,4,True
2005-03-30,993.9471153846154,992.6730769230769,995.0730769230769,4,True
2005-03-31,993.7759615384615,992.1653846153847,994.6615384615384,4,True
2005-04-01,994.2980769230769,993.3115384615385,995.196153846154,4,True
2005-04-02,993.8201923076923,992.3538461538461,995.6846153846153,4,True
2005-04-03,994.8875,993.2038461538461,996.6038461538461,4,True
2005-04-04,995.1432692307692,994.5923076923077,995.8538461538461,4,True
2005-04-05,995.1634615384615,994.3576923076923,996.0307692307692,4,True
2005-04-06,995.7548076923076,994.9,996.5923076923077,4,True
2005-04-07,995.0548076923077,994.2653846153847,996.0115384615384,4,True
2005-04-08,995.2048076923077,994.4153846153847,996.1576923076923,4,True
2005-04-09,995.3153846153846,994.6307692307693,995.9615384615385,4,True
2005-04-10,995.0682692307693,994.1230769230768,996.1653846153847,4,True
2005-04-11,993.65,992.7230769230769,994.6807692307692,4,True
2005-04-12,993.1576923076923,991.9846153846153,994.2653846153847,4,True
2005-04-13,994.3298076923077,992.9538461538461,995.2807692307692,4,True
2005-04-14,994.485576923077,993.7653846153847,994.95,4,True
2005-04-15,995.0596153846154,994.3153846153847,995.95,4,True
2005-04-16,995.3346153846154,994.0961538461539,996.1884615384615,4,True
2005-04-17,996.2346153846154,995.7538461538461,996.7807692307692,4,True
2005-04-18,995.0259615384615,994.6692307692308,995.6923076923076,4,True
2005-04-19,994.185576923077,993.3115384615385,995.3,4,True
2005-04-20,993.3471153846153,992.3192307692308,994.2307692307692,4,True
2005-04-21,993.8096153846154,993.3192307692308,994.9076923076923,4,True
2005-04-22,994.1365384615385,992.6769230769231,995.2,4,True
2005-04-23,993.35,992.25,994.5884615384616,4,True
2005-04-24,993.376923076923,991.8538461538461,994.6769230769231,4,True
2005-04-25,993.5259615384615,992.45,995.2923076923076,4,True
2005-04-26,995.373076923077,994.7269230769231,995.7769230769231,4,True
2005-04-27,996.5250000000001,995.5576923076924,997.2961538461539,4,True
2005-04-28,996.6682692307693,995.9269230769231,997.7423076923077,4,True
2005-04-29,995.5144230769231,994.4807692307692,996.7384615384616,4,True
2005-04-30,996.5865384615385,995.6576923076923,997.5769230769231,4,True
2005-05-01,998.0201923076922,997.3423076923077,998.9307692307692,4,True
2005-05-02,997.3394230769231,996.0769230769231,998.2115384615385,4,True
2005-05-03,995.9634615384615,995.1538461538461,997.1730769230769,4,True
2005-05-04,995.2355769230769,993.3,996.9269230769231,4,True
2005-05-05,995.7105769230768,994.7346153846153,997.0038461538461,4,True
2005-05-06,995.8067307692307,994.2884615384615,996.7346153846153,4,True
2005-05-07,994.9990384615385,993.8576923076923,996.1384615384616,4,True
2005-05-08,994.9682692307692,994.0923076923077,996.0576923076924,4,True
2005-05-09,995.0490384615384,994.0153846153847,995.8538461538461,4,True
2005-05-10,995.1019230769231,994.4538461538461,996.0807692307692,4,True
2005-05-11,995.0384615384615,994.3307692307692,995.8961538461539,4,True
2005-05-12,995.5028846153846,994.5269230769231,995.9846153846153,4,True
2005-05-13,995.3509615384614,994.7538461538461,995.9846153846153,4,True
2005-05-14,994.2413461538462,993.5269230769231,995.25,4,True
2005-05-15,993.748076923077,992.1615384615384,994.9230769230769,4,True
2005-05-16,994.2913461538461,993.0307692307692,995.05,4,True
2005-05-17,994.6480769230769,993.5653846153847,995.8615384615384,4,True
2005-05-18,993.8567307692308,992.4884615384616,994.8615384615384,4,True
2005-05-19,992.5596153846154,991.7346153846153,993.5153846153847,4,True
2005-05-20,991.8442307692308,990.8230769230769,993.0230769230769,4,True
2005-05-21,993.0288461538462,991.5346153846153,994.4423076923076,4,True
2005-05-22,994.0278846153847,993.0,995.5884615384616,4,True
2005-05-23,993.9375,993.3538461538461,994.6807692307692,4,True
2005-05-24,992.935576923077,992.1346153846154,993.8615384615384,4,True
2005-05-25,992.8336538461539,991.5307692307692,994.2192307692308,4,True
2005-05-26,996.0076923076923,994.2076923076924,997.5807692307692,4,True
2005-05-27,997.5365384615384,996.2923076923076,998.5884615384616,4,True
2005-05-28,997.6951923076923,996.8,998.5846153846153,4,True
2005-05-29,996.4942307692307,995.1461538461539,997.4153846153847,4,True
2005-05-30,995.8836538461538,994.45,997.05,4,True
2005-05-31,996.4903846153846,994.8961538461539,997.7,4,True
2005-06-01,997.1221153846153,996.5846153846153,997.553846153846,4,True
2005-06-02,996.8413461538462,995.7269230769231,997.6923076923076,4,True
2005-06-03,995.1971153846155,994.2961538461539,996.0884615384616,4,True
2005-06-04,995.4807692307693,994.1576923076923,996.5576923076924,4,True
2005-06-05,996.55,995.5884615384616,997.4846153846153,4,True
2005-06-06,997.223076923077,996.3307692307692,998.25,4,True
2005-06-07,996.4951923076923,995.4692307692308,997.2923076923076,4,True
2005-06-08,994.9846153846154,994.0230769230769,995.5230769230769,4,True
2005-06-09,996.3605769230769,994.1153846153846,997.7692307692308,4,True
2005-06-10,997.4596153846154,996.45,998.4307692307692,4,True
2005-06-11,996.3855769230769,995.6884615384615,997.2615384615384,4,True
2005-06-12,995.6144230769231,994.5192307692308,996.4153846153847,4,True
2005-06-13,995.325,994.1692307692308,996.4384615384615,4,True
2005-06-14,995.5519230769231,993.8615384615384,996.696153846154,4,True
2005-06-15,997.6278846153846,996.05,998.7615384615384,4,True
2005-06-16,998.2298076923078,996.5153846153847,999.1615384615384,4,True
2005-06-17,997.7894230769231,996.9653846153847,998.4038461538461,4,True
2005-06-18,997.3403846153847,996.5423076923076,998.1,4,True
2005-06-19,995.9817307692308,995.1230769230768,996.8923076923077,4,True
2005-06-20,995.5615384615385,994.2576923076923,996.6192307692307,4,True
2005-06-21,997.2721153846154,995.1269230769232,998.95,4,True
2005-06-22,998.6105769230769,997.1615384615384,999.6,4,True
2005-06-23,999.6,997.6230769230768,1000.9692307692308,4,True
2005-06-24,1000.0749999999999,998.9423076923076,1000.7307692307692,4,True
2005-06-25,998.4230769230769,997.3576923076923,999.3615384615384,4,True
2005-06-26,996.5307692307692,995.3307692307692,997.5615384615385,4,True
2005-06-27,996.0673076923076,994.7846153846153,997.2346153846153,4,True
2005-06-28,995.7346153846154,994.2692307692308,996.3,4,True
2005-06-29,997.2769230769231,995.3423076923077,998.3538461538461,4,True
2005-06-30,998.8461538461538,997.5230769230769,999.8423076923077,4,True
2005-07-01,998.6442307692307,997.7576923076923,999.2653846153847,4,True
2005-07-02,998.3057692307692,997.4346153846153,999.2461538461539,4,True
2005-07-03,997.7432692307692,996.7153846153847,998.7615384615384,4,True
2005-07-04,997.1615384615385,995.6884615384615,998.3192307692308,4,True
2005-07-05,996.4451923076923,994.8115384615385,997.4076923076923,4,True
2005-07-06,997.9432692307691,995.3615384615384,999.303846153846,4,True
2005-07-07,1001.1009615384614,999.4846153846153,1002.1230769230768,4,True
2005-07-08,1001.75,1000.8153846153847,1002.9653846153847,4,True
2005-07-09,999.8471153846153,999.0,1000.7769230769231,4,True
2005-07-10,999.8057692307692,998.3615384615384,1000.8769230769232,4,True
2005-07-11,999.8759615384615,998.303846153846,1001.0115384615384,4,True
2005-07-12,999.7124999999999,998.9384615384615,1000.8730769230768,4,True
2005-07-13,997.535576923077,996.8807692307693,998.2730769230769,4,True
2005-07-14,995.375,994.8269230769231,996.2538461538461,4,True
2005-07-15,993.8596153846154,992.4153846153847,995.4423076923076,4,True
2005-07-16,994.6173076923077,992.5269230769231,995.9269230769231,4,True
2005-07-17,995.741346153846,994.5384615384615,996.9615384615385,4,True
2005-07-18,996.5730769230769,995.2230769230769,997.3615384615384,4,True
2005-07-19,996.8692307692307,995.3230769230769,997.696153846154,4,True
2005-07-20,997.8807692307693,996.1923076923076,998.7153846153847,4,True
2005-07-21,998.3240384615385,997.0807692307692,999.2,4,True
2005-07-22,998.6105769230769,997.0961538461539,999.6269230769232,4,True
2005-07-23,999.501923076923,997.9269230769231,1000.7423076923077,4,True
2005-07-24,998.5413461538462,997.4269230769231,999.2192307692308,4,True
2005-07-25,998.6509615384616,997.3769230769232,999.7038461538461,4,True
2005-07-26,999.6115384615384,998.0692307692308,1000.8153846153847,4,True
2005-07-27,1000.0932692307692,998.5769230769231,1001.3615384615384,4,True
2005-07-28,998.526923076923,997.7038461538461,999.6038461538461,4,True
2005-07-29,997.8009615384615,996.3692307692307,999.0269230769231,4,True
2005-07-30,997.4788461538461,996.35,998.1423076923077,4,True
2005-07-31,997.0942307692308,996.0,997.9115384615384,4,True
2005-08-01,997.1038461538461,995.1423076923077,998.1423076923077,4,True
2005-08-02,997.7201923076923,996.5653846153847,998.7115384615385,4,True
2005-08-03,996.9509615384616,996.0076923076923,998.0461538461539,4,True
2005-08-04,996.3605769230769,994.6,997.446153846154,4,True
2005-08-05,996.2701923076922,995.2807692307692,997.2961538461539,4,True
2005-08-06,995.6692307692308,993.9884615384616,996.7846153846153,4,True
2005-08-07,996.9673076923077,994.9269230769231,998.3884615384616,4,True
2005-08-08,997.3490384615385,995.8307692307692,998.2653846153847,4,True
2005-08-09,998.175,996.8692307692307,999.15,4,True
2005-08-10,999.3355769230769,998.0423076923076,1000.4615384615385,4,True
2005-08-11,998.9048076923077,997.4538461538461,1000.4115384615384,4,True
2005-08-12,997.4211538461539,996.4153846153847,998.3730769230768,4,True
2005-08-13,995.3048076923077,994.1461538461539,996.6346153846154,4,True
2005-08-14,994.1990384615385,992.6769230769231,995.6269230769232,4,True
2005-08-15,994.6105769230769,992.4769230769231,995.7807692307692,4,True
2005-08-16,996.7182692307692,995.803846153846,997.1115384615384,4,True
2005-08-17,995.6009615384615,994.8769230769232,996.4576923076924,4,True
2005-08-18,996.1134615384616,994.4576923076924,997.0153846153847,4,True
2005-08-19,998.6875,997.2115384615385,1000.1153846153846,4,True
2005-08-20,999.1201923076924,998.5461538461539,999.6615384615384,4,True
2005-08-21,997.1596153846154,995.8153846153847,997.7692307692308,4,True
2005-08-22,994.1932692307693,993.0,995.1423076923077,4,True
2005-08-23,993.2615384615384,991.1115384615384,994.9038461538461,4,True
2005-08-24,994.4557692307692,992.5076923076923,995.35,4,True
2005-08-25,996.9634615384615,994.8115384615385,998.2269230769231,4,True
2005-08-26,996.5673076923077,996.2076923076924,997.1076923076923,4,True
2005-08-27,995.6990384615385,994.35,996.6153846153846,4,True
2005-08-28,994.6028846153846,993.6,995.5615384615385,4,True
2005-08-29,994.0586538461539,992.65,995.3653846153846,4,True
2005-08-30,993.8826923076923,992.2615384615384,995.303846153846,4,True
2005-08-31,993.4028846153847,991.75,994.8384615384616,4,True
2005-09-01,994.185576923077,992.1038461538461,995.65,4,True
2005-09-02,995.7653846153846,994.0076923076923,996.7461538461539,4,True
2005-09-03,995.8932692307692,994.2346153846153,997.6730769230769,4,True
2005-09-04,995.2730769230769,994.0461538461539,996.3307692307692,4,True
2005-09-05,995.2086538461539,994.0884615384616,996.3846153846154,4,True
2005-09-06,995.0163461538461,993.6423076923077,996.1923076923076,4,True
2005-09-07,995.2596153846154,993.7,996.4538461538461,4,True
2005-09-08,995.428846153846,993.9807692307692,996.4076923076923,4,True
2005-09-09,995.6490384615385,995.1423076923077,996.2153846153847,4,True
2005-09-10,996.4076923076923,995.0730769230769,997.8846153846154,4,True
2005-09-11,996.5788461538461,995.05,998.1,4,True
2005-09-12,996.876923076923,995.1153846153846,998.0653846153847,4,True
2005-09-13,997.4375,996.45,998.7692307692308,4,True
2005-09-14,998.0384615384615,996.5846153846153,999.3769230769232,4,True
2005-09-15,998.7586538461538,997.6730769230769,1000.053846153846,4,True
2005-09-16,998.1240384615385,996.9538461538461,999.6269230769232,4,True
2005-09-17,995.6615384615384,994.6038461538461,996.8769230769232,4,True
2005-09-18,994.0365384615385,992.6076923076923,995.75,4,True
2005-09-19,994.3538461538461,992.9038461538461,995.7923076923076,4,True
2005-09-20,994.3259615384616,993.1653846153847,995.8884615384616,4,True
2005-09-21,994.3721153846153,993.2230769230769,995.4615384615385,4,True
2005-09-22,992.9365384615385,991.7384615384616,993.6423076923077,4,True
2005-09-23,992.260576923077,990.8461538461539,993.8192307692308,4,True
2005-09-24,993.6086538461539,991.5153846153847,995.2153846153847,4,True
2005-09-25,993.0278846153847,991.8461538461539,994.6884615384615,4,True
2005-09-26,992.6019230769231,990.4884615384616,994.8076923076924,4,True
2005-09-27,995.4759615384615,992.2,997.6538461538461,4,True
2005-09-28,997.089423076923,996.4807692307692,998.3384615384616,4,True
2005-09-29,995.3855769230769,993.8846153846154,996.9038461538461,4,True
2005-09-30,993.5201923076922,992.1346153846154,995.4423076923076,4,True
2005-10-01,993.2163461538462,991.5269230769231,994.8692307692307,4,True
2005-10-02,994.3201923076923,993.0769230769231,996.1461538461539,4,True
2005-10-03,993.8567307692308,992.5192307692308,994.5653846153847,4,True
2005-10-04,992.2961538461539,990.9115384615384,994.0576923076924,4,True
2005-10-05,991.8990384615385,989.9769230769231,993.5346153846153,4,True
2005-10-06,993.9625,991.6923076923076,995.0384615384615,4,True
2005-10-07,994.810576923077,993.9230769230769,996.1307692307693,4,True
2005-10-08,995.6509615384615,994.6307692307693,997.1538461538461,4,True
2005-10-09,996.4701923076923,994.2692307692308,998.8846153846154,4,True
2005-10-10,996.8701923076924,995.7384615384616,998.2576923076923,4,True
2005-10-11,995.3519230769231,993.6230769230768,996.7307692307692,4,True
2005-10-12,993.3788461538461,992.6730769230769,994.7,4,True
2005-10-13,992.1538461538462,990.9384615384615,993.2961538461539,4,True
2005-10-14,992.3096153846154,991.3615384615384,993.7884615384615,4,True
2005-10-15,993.1653846153846,992.4807692307692,994.6769230769231,4,True
2005-10-16,992.3115384615385,990.9423076923076,994.0038461538461,4,True
2005-10-17,992.9942307692307,991.5576923076924,994.6730769230769,4,True
2005-10-18,993.4701923076923,992.1923076923076,994.7538461538461,4,True
2005-10-19,994.1932692307693,993.3692307692307,994.7961538461539,4,True
2005-10-20,994.5884615384615,994.1115384615384,995.1576923076923,4,True
2005-10-21,994.5240384615385,993.8153846153847,995.2615384615384,4,True
2005-10-22,993.5528846153846,992.2538461538461,995.2153846153847,4,True
2005-10-23,993.0336538461539,991.4884615384616,993.9961538461539,4,True
2005-10-24,993.7009615384616,992.2038461538461,995.0692307692308,4,True
2005-10-25,993.3,991.9230769230769,995.0384615384615,4,True
2005-10-26,992.8932692307692,990.9038461538461,994.1346153846154,4,True
2005-10-27,992.1403846153846,990.6115384615384,994.0846153846153,4,True
2005-10-28,992.7538461538461,991.946153846154,994.7192307692308,4,True
2005-10-29,992.6538461538462,991.196153846154,994.0961538461539,4,True
2005-10-30,992.8884615384615,991.6884615384615,994.4846153846153,4,True
2005-10-31,994.0884615384615,993.0846153846153,995.7461538461539,4,True
2005-11-01,994.7442307692307,994.3692307692307,995.0115384615384,4,True
2005-11-02,996.3980769230769,995.8076923076924,997.5192307692308,4,True
2005-11-03,996.5961538461538,996.0384615384615,997.6884615384615,4,True
2005-11-04,995.15,994.0269230769231,996.1307692307693,4,True
2005-11-05,993.2028846153846,991.3769230769232,994.2307692307692,4,True
2005-11-06,993.1480769230769,992.1846153846153,994.4,4,True
2005-11-07,993.1134615384615,992.3769230769232,994.0846153846153,4,True
2005-11-08,993.3423076923077,992.0423076923076,994.196153846154,4,True
2005-11-09,993.8038461538462,993.4692307692308,994.5192307692308,4,True
2005-11-10,993.489423076923,991.9423076923076,994.5653846153847,4,True
2005-11-11,991.9211538461539,990.75,993.5692307692308,4,True
2005-11-12,991.3807692307693,989.8423076923077,992.4038461538461,4,True
2005-11-13,992.2048076923077,991.4423076923076,993.0807692307692,4,True
2005-11-14,991.9173076923078,990.4153846153847,992.5692307692308,4,True
2005-11-15,990.9730769230769,989.9192307692308,992.7730769230769,4,True
2005-11-16,990.7576923076923,989.4576923076924,992.053846153846,4,True
2005-11-17,990.0144230769231,988.5038461538461,991.8884615384616,4,True
2005-11-18,989.9894230769231,988.5,991.8461538461539,4,True
2005-11-19,990.2019230769231,988.6192307692307,991.8769230769232,4,True
2005-11-20,992.3548076923076,991.3,993.7846153846153,4,True
2005-11-21,992.3576923076923,991.6807692307692,993.05,4,True
2005-11-22,991.4519230769231,990.3307692307692,992.5346153846153,4,True
2005-11-23,991.0278846153847,990.2307692307692,992.446153846154,4,True
2005-11-24,990.501923076923,988.6,993.1615384615384,4,True
2005-11-25,992.2730769230769,991.0461538461539,994.2961538461539,4,True
2005-11-26,991.775,989.9923076923077,993.0961538461539,4,True
2005-11-27,991.0096153846154,989.2192307692308,992.4576923076924,4,True
2005-11-28,989.4230769230769,987.4346153846153,991.3846153846154,4,True
2005-11-29,989.435576923077,987.1230769230768,991.4692307692308,4,True
2005-11-30,989.9317307692307,987.8423076923077,992.2153846153847,4,True
2005-12-01,990.9990384615385,989.3576923076923,993.0384615384615,4,True
2005-12-02,991.4221153846154,990.2576923076923,993.0346153846153,4,True
2005-12-03,991.660576923077,990.3461538461539,992.9384615384615,4,True
2005-12-04,992.4798076923078,991.1115384615384,994.2346153846153,4,True
2005-12-05,992.3548076923078,991.65,993.3461538461539,4,True
2005-12-06,990.5875,989.8,990.9307692307692,4,True
2005-12-07,989.6211538461539,988.1153846153846,991.1461538461539,4,True
2005-12-08,990.8182692307693,989.2346153846153,992.5653846153847,4,True
2005-12-09,991.9567307692307,990.3076923076924,993.8615384615384,4,True
2005-12-10,992.4490384615385,990.5461538461539,994.3153846153847,4,True
2005-12-11,992.8586538461539,991.4384615384615,994.5769230769231,4,True
2005-12-12,992.1961538461538,991.0730769230769,993.4923076923077,4,True
2005-12-13,991.9509615384616,990.7846153846153,993.5269230769231,4,True
2005-12-14,991.7759615384615,990.7038461538461,993.2923076923076,4,True
2005-12-15,991.1317307692308,990.3,992.196153846154,4,True
2005-12-16,991.2442307692307,990.0076923076923,992.9230769230769,4,True
2005-12-17,992.8153846153846,991.0423076923076,994.6346153846154,4,True
2005-12-18,994.0807692307692,992.9923076923077,995.4769230769231,4,True
2005-12-19,993.7125,993.0692307692308,994.8115384615385,4,True
2005-12-20,993.8673076923077,992.6346153846154,994.9961538461539,4,True
2005-12-21,994.2480769230768,993.2346153846153,994.75,4,True
2005-12-22,994.275,993.45,995.4423076923076,4,True
2005-12-23,994.2153846153846,992.4807692307692,995.3153846153847,4,True
2005-12-24,993.3913461538461,992.1846153846153,994.35,4,True
2005-12-25,994.1211538461538,993.303846153846,994.7846153846153,4,True
2005-12-26,994.7596153846154,994.0423076923076,995.4923076923077,4,True
2005-12-27,995.2673076923077,994.8,995.8384615384616,4,True
2005-12-28,993.4375,992.1076923076923,994.8384615384616,4,True
2005-12-29,990.6490384615385,989.6807692307692,992.0730769230769,4,True
2005-12-30,990.6576923076923,988.25,992.4846153846153,4,True
2005-12-31,991.7971153846154,989.696153846154,993.9346153846153,4,True
2006-01-01,992.0269230769231,989.9153846153847,993.9961538461539,4,True
2006-01-02,992.0778846153846,989.5192307692308,993.8730769230768,4,True
2006-01-03,992.5980769230769,990.5307692307692,994.25,4,True
2006-01-04,991.5673076923076,990.5384615384615,992.7192307692308,4,True
2006-01-05,990.8913461538461,989.1384615384616,992.0576923076924,4,True
2006-01-06,990.7826923076923,989.1153846153846,992.2038461538461,4,True
2006-01-07,992.864423076923,991.9692307692308,993.7884615384615,4,True
2006-01-08,994.3807692307693,992.7769230769231,995.7307692307692,4,True
2006-01-09,993.9471153846154,992.9538461538461,995.2423076923077,4,True
2006-01-10,992.6942307692308,991.4346153846153,994.1576923076923,4,True
2006-01-11,991.564423076923,990.3653846153846,993.05,4,True
2006-01-12,991.1875,989.3961538461539,992.7961538461539,4,True
2006-01-13,991.7769230769231,989.446153846154,993.4615384615385,4,True
2006-01-14,992.8451923076923,991.0346153846153,994.4846153846153,4,True
2006-01-15,992.6826923076924,991.5153846153847,993.35,4,True
2006-01-16,992.8182692307693,992.2846153846153,993.9692307692308,4,True
2006-01-17,994.1605769230769,992.6269230769232,995.0846153846153,4,True
2006-01-18,995.6509615384615,995.1346153846154,996.1846153846153,4,True
2006-01-19,993.4192307692308,991.3923076923077,994.4730769230769,4,True
2006-01-20,990.5894230769231,989.5730769230769,992.0192307692308,4,True
2006-01-21,991.2278846153846,988.8423076923077,993.2346153846153,4,True
2006-01-22,992.926923076923,991.2923076923076,993.9846153846153,4,True
2006-01-23,993.2317307692308,992.4,993.7923076923076,4,True
2006-01-24,993.0307692307692,991.9192307692308,993.6384615384616,4,True
2006-01-25,994.0307692307692,992.1230769230768,995.1769230769231,4,True
2006-01-26,995.2586538461538,993.3692307692307,995.9807692307692,4,True
2006-01-27,995.8086538461539,995.4653846153847,996.2192307692308,4,True
2006-01-28,995.7875,995.0923076923077,996.7230769230769,4,True
2006-01-29,994.7798076923077,994.5384615384615,995.3884615384616,4,True
2006-01-30,993.875,992.7653846153847,994.7192307692308,4,True
2006-01-31,993.4951923076923,992.6538461538461,994.2192307692308,4,True
2006-02-01,993.5528846153846,992.3692307692307,994.2769230769231,4,True
2006-02-02,993.1490384615385,992.0346153846153,994.1384615384616,4,True
2006-02-03,992.3923076923077,991.9038461538461,992.9846153846153,4,True
2006-02-04,992.8442307692308,991.4423076923076,993.6576923076923,4,True
2006-02-05,993.4259615384616,992.1884615384615,994.2807692307692,4,True
2006-02-06,993.1019230769231,991.1115384615384,994.1384615384616,4,True
2006-02-07,992.6807692307692,991.4076923076923,993.5230769230769,4,True
2006-02-08,991.8625,990.7307692307692,992.5846153846153,4,True
2006-02-09,992.7557692307693,990.2384615384616,994.5730769230769,4,True
2006-02-10,995.0163461538461,992.4423076923076,996.3384615384616,4,True
2006-02-11,995.9192307692308,995.0038461538461,996.5769230769231,4,True
2006-02-12,995.626923076923,994.0923076923077,996.45,4,True
2006-02-13,993.9163461538461,992.4884615384616,994.85,4,True
2006-02-14,993.9057692307692,992.7961538461539,994.7730769230769,4,True
2006-02-15,993.6913461538461,991.75,995.8653846153846,4,True
2006-02-16,993.4817307692308,991.5038461538461,994.7192307692308,4,True
2006-02-17,993.0182692307692,991.553846153846,994.5692307692308,4,True
2006-02-18,992.7394230769231,990.8692307692307,994.3884615384616,4,True
2006-02-19,992.8548076923078,991.4653846153847,993.7884615384615,4,True
2006-02-20,993.5375,992.6807692307692,994.0384615384615,4,True
2006-02-21,993.4576923076924,992.5769230769231,993.8961538461539,4,True
2006-02-22,992.6336538461538,991.4538461538461,993.5653846153847,4,True
2006-02-23,992.1826923076923,990.3923076923077,993.1807692307692,4,True
2006-02-24,992.9605769230769,991.5269230769231,994.1461538461539,4,True
2006-02-25,993.6538461538462,991.8230769230769,994.5269230769231,4,True
2006-02-26,993.6557692307692,993.196153846154,994.1653846153847,4,True
2006-02-27,993.1038461538461,991.8884615384616,993.9923076923077,4,True
2006-02-28,993.1423076923078,991.8230769230769,994.3153846153847,4,True
2006-03-01,993.9721153846153,993.3115384615385,994.5692307692308,4,True
2006-03-02,994.6519230769231,993.4076923076923,995.8923076923077,4,True
2006-03-03,994.2192307692308,993.3423076923077,995.7384615384616,4,True
2006-03-04,994.8163461538461,993.6423076923077,996.0192307692308,4,True
2006-03-05,995.1548076923077,993.9230769230769,995.65,4,True
2006-03-06,995.1903846153846,993.8423076923077,996.1115384615384,4,True
2006-03-07,994.7134615384615,994.2346153846153,995.45,4,True
2006-03-08,993.9625,992.5423076923076,995.3423076923077,4,True
2006-03-09,992.4153846153846,991.1269230769232,993.5,4,True
2006-03-10,993.0,991.9115384615384,993.6153846153846,4,True
2006-03-11,994.4490384615385,993.5653846153847,995.1576923076923,4,True
2006-03-12,994.0865384615385,993.5730769230769,994.7038461538461,4,True
2006-03-13,992.376923076923,991.3884615384616,993.3269230769231,4,True
2006-03-14,991.5375,989.7884615384615,992.6269230769232,4,True
2006-03-15,993.1951923076923,991.7846153846153,994.2807692307692,4,True
2006-03-16,994.0576923076924,992.3961538461539,995.1192307692307,4,True
2006-03-17,993.3875,992.4153846153847,994.6384615384616,4,True
2006-03-18,992.7942307692307,992.0038461538461,993.4846153846153,4,True
2006-03-19,992.7326923076923,991.8230769230769,993.7461538461539,4,True
2006-03-20,992.5971153846153,991.6346153846154,993.553846153846,4,True
2006-03-21,992.9971153846154,991.7538461538461,993.9076923076923,4,True
2006-03-22,994.0288461538462,993.2923076923076,994.4923076923077,4,True
2006-03-23,994.5923076923077,993.7269230769231,995.4923076923077,4,True
2006-03-24,993.5692307692308,992.6653846153847,994.6807692307692,4,True
2006-03-25,992.8182692307693,991.9807692307692,993.7769230769231,4,True
2006-03-26,993.9923076923078,992.7807692307692,995.2653846153847,4,True
2006-03-27,994.4557692307692,993.7884615384615,995.15,4,True
2006-03-28,995.9711538461538,995.0807692307692,996.85,4,True
2006-03-29,995.3086538461538,993.7807692307692,996.6923076923076,4,True
2006-03-30,993.9442307692308,992.6076923076923,994.7923076923076,4,True
2006-03-31,994.8442307692308,993.2846153846153,995.9615384615385,4,True
2006-04-01,995.0096153846155,993.8230769230769,996.1730769230769,4,True
2006-04-02,994.0442307692307,992.803846153846,994.8538461538461,4,True
2006-04-03,993.0307692307692,991.2769230769231,994.3653846153846,4,True
2006-04-04,992.6278846153846,991.5,993.803846153846,4,True
2006-04-05,992.6038461538462,991.9961538461539,993.0615384615385,4,True
2006-04-06,993.064423076923,992.2115384615385,993.7653846153847,4,True
2006-04-07,992.9884615384616,992.6153846153846,993.4153846153847,4,True
2006-04-08,993.8173076923076,992.9653846153847,994.6807692307692,4,True
2006-04-09,993.8211538461538,992.8807692307693,994.696153846154,4,True
2006-04-10,991.8788461538462,990.7961538461539,992.8769230769232,4,True
2006-04-11,991.1644230769231,989.8961538461539,992.6461538461539,4,True
2006-04-12,991.8096153846153,989.5115384615384,993.303846153846,4,True
2006-04-13,992.1961538461538,991.2807692307692,993.4692307692308,4,True
2006-04-14,991.8980769230769,991.3076923076924,992.5461538461539,4,True
2006-04-15,993.0990384615385,991.6153846153846,993.9538461538461,4,True
2006-04-16,994.8557692307693,993.5346153846153,995.7692307692308,4,True
2006-04-17,996.0865384615385,995.7,996.4230769230769,4,True
2006-04-18,996.8298076923077,996.1653846153847,997.9038461538461,4,True
2006-04-19,995.9048076923077,995.196153846154,997.0807692307692,4,True
2006-04-20,995.3653846153846,994.1192307692307,996.5576923076924,4,True
2006-04-21,994.7192307692308,992.8346153846153,996.0461538461539,4,True
2006-04-22,995.7471153846154,993.6846153846153,997.5307692307692,4,True
2006-04-23,995.5625,994.55,996.4692307692308,4,True
2006-04-24,995.2259615384615,994.2730769230769,996.5192307692308,4,True
2006-04-25,995.1326923076923,994.0384615384615,995.9730769230769,4,True
2006-04-26,994.7663461538461,993.4692307692308,996.2423076923077,4,True
2006-04-27,995.7634615384616,995.0076923076923,996.1076923076923,4,True
2006-04-28,995.7596153846154,994.6230769230768,996.3423076923077,4,True
2006-04-29,994.0778846153846,992.9653846153847,995.0923076923077,4,True
2006-04-30,993.3028846153846,991.9730769230769,994.5307692307692,4,True
2006-05-01,994.810576923077,993.196153846154,995.946153846154,4,True
2006-05-02,995.5528846153845,994.5038461538461,996.3115384615385,4,True
2006-05-03,997.2057692307692,996.05,998.1730769230769,4,True
2006-05-04,997.6846153846154,997.0961538461539,998.0346153846153,4,True
2006-05-05,996.25,995.7846153846153,996.6230769230768,4,True
2006-05-06,995.8548076923078,994.9230769230769,996.7961538461539,4,True
2006-05-07,995.8519230769231,994.5653846153847,997.0769230769231,4,True
2006-05-08,995.9240384615384,995.3076923076924,996.2153846153847,4,True
2006-05-09,997.0153846153846,995.4807692307692,998.2423076923077,4,True
2006-05-10,997.9894230769231,996.45,998.9269230769231,4,True
2006-05-11,999.0057692307691,997.8,1000.4384615384615,4,True
2006-05-12,998.1413461538461,997.3153846153847,999.1115384615384,4,True
2006-05-13,997.9423076923077,995.9923076923077,999.45,4,True
2006-05-14,998.8317307692308,997.0307692307692,1000.2923076923076,4,True
2006-05-15,998.2509615384615,996.65,999.4730769230769,4,True
2006-05-16,997.1384615384616,996.0692307692308,998.1,4,True
2006-05-17,996.5913461538462,994.8307692307692,998.3461538461539,4,True
2006-05-18,996.9557692307692,994.85,998.3692307692307,4,True
2006-05-19,996.7596153846154,995.4692307692308,997.9423076923076,4,True
2006-05-20,996.1384615384616,995.7307692307692,996.6653846153847,4,True
2006-05-21,995.3278846153846,994.4346153846153,996.3730769230768,4,True
2006-05-22,996.2221153846153,994.4576923076924,997.7115384615385,4,True
2006-05-23,999.0442307692308,996.2384615384616,1000.6884615384615,4,True
2006-05-24,1000.4471153846154,999.8615384615384,1000.8,4,True
2006-05-25,999.7826923076923,998.9076923076923,1000.3346153846153,4,True
2006-05-26,998.2201923076923,997.1538461538461,998.8807692307693,4,True
2006-05-27,997.5298076923077,996.2038461538461,998.2076923076924,4,True
2006-05-28,997.9375,995.9923076923077,998.8076923076924,4,True
2006-05-29,997.5326923076923,996.8115384615385,998.1730769230769,4,True
2006-05-30,996.7826923076923,995.8653846153846,997.6,4,True
2006-05-31,996.7375,995.6769230769231,997.6884615384615,4,True
2006-06-01,997.2874999999999,996.2038461538461,998.4230769230769,4,True
2006-06-02,997.9259615384615,996.2346153846153,998.8192307692308,4,True
2006-06-03,997.6663461538462,997.0076923076923,998.25,4,True
2006-06-04,996.1875,995.2076923076924,997.15,4,True
2006-06-05,995.275,993.6923076923076,996.1730769230769,4,True
2006-06-06,996.0807692307692,994.5923076923077,997.1115384615384,4,True
2006-06-07,996.4259615384615,994.6807692307692,997.0615384615385,4,True
2006-06-08,996.4875,995.6846153846153,997.3115384615385,4,True
2006-06-09,995.9288461538462,994.9192307692308,997.2769230769231,4,True
2006-06-10,995.2692307692307,993.8192307692308,996.3961538461539,4,True
2006-06-11,995.3461538461538,993.6461538461539,996.8115384615385,4,True
2006-06-12,997.0057692307693,995.7769230769231,998.0923076923077,4,True
2006-06-13,998.0365384615385,997.4192307692308,998.8461538461539,4,True
2006-06-14,998.2894230769231,996.8346153846153,999.35,4,True
2006-06-15,998.0894230769231,997.1153846153846,999.1692307692308,4,True
2006-06-16,997.0269230769231,995.4884615384616,998.1730769230769,4,True
2006-06-17,998.3288461538461,997.0846153846153,999.0153846153847,4,True
2006-06-18,998.6192307692307,997.65,999.5615384615385,4,True
2006-06-19,998.4423076923077,997.2,999.0730769230769,4,True
2006-06-20,998.2,997.7076923076924,998.8076923076924,4,True
2006-06-21,998.185576923077,996.1423076923077,999.2538461538461,4,True
2006-06-22,999.4682692307692,997.5807692307692,1000.5653846153847,4,True
2006-06-23,999.7105769230769,998.45,1000.6153846153846,4,True
2006-06-24,997.8346153846153,997.1807692307692,998.3346153846153,4,True
2006-06-25,996.5461538461539,995.5615384615385,997.6692307692308,4,True
2006-06-26,996.3961538461538,994.5807692307692,997.7846153846153,4,True
2006-06-27,999.1634615384615,997.2576923076923,1000.7230769230769,4,True
2006-06-28,1000.1365384615385,999.2576923076923,1001.2115384615385,4,True
2006-06-29,999.3692307692309,998.0153846153847,1000.2884615384615,4,True
2006-06-30,998.6711538461539,997.6730769230769,999.5846153846153,4,True
2006-07-01,999.0894230769231,997.7884615384615,999.9692307692308,4,True
2006-07-02,1000.5211538461538,999.1615384615384,1001.4192307692308,4,True
2006-07-03,1001.2346153846154,1000.6846153846153,1001.7,4,True
2006-07-04,1000.4932692307692,999.5807692307692,1001.4653846153847,4,True
2006-07-05,999.4519230769231,998.6153846153846,1000.3461538461539,4,True
2006-07-06,999.4817307692308,998.5,1000.3576923076923,4,True
2006-07-07,999.6923076923077,998.8884615384616,1000.3769230769232,4,True
2006-07-08,998.3836538461538,997.6076923076923,999.0307692307692,4,True
2006-07-09,997.3567307692308,996.1423076923077,998.0269230769231,4,True
2006-07-10,996.5490384615384,995.3153846153847,997.6423076923077,4,True
2006-07-11,996.6423076923077,995.0346153846153,997.6153846153846,4,True
2006-07-12,997.2971153846154,995.9923076923077,998.4692307692308,4,True
2006-07-13,996.751923076923,995.4153846153847,997.9423076923076,4,True
2006-07-14,997.4375,996.0615384615385,998.3884615384616,4,True
2006-07-15,999.0711538461538,997.35,999.95,4,True
2006-07-16,999.6451923076924,999.0230769230769,1000.3576923076923,4,True
2006-07-17,998.2721153846153,997.0807692307692,999.1692307692308,4,True
2006-07-18,998.7673076923077,996.7807692307692,1000.2807692307692,4,True
2006-07-19,998.6442307692307,997.4653846153847,999.6346153846154,4,True
2006-07-20,998.3701923076923,996.9076923076923,999.2423076923077,4,True
2006-07-21,998.2740384615385,997.4653846153847,998.6923076923076,4,True
2006-07-22,996.8673076923076,995.9846153846153,997.6384615384616,4,True
2006-07-23,997.4201923076923,995.7,998.0692307692308,4,True
2006-07-24,996.9942307692307,995.6615384615384,998.0461538461539,4,True
2006-07-25,996.3576923076923,995.1346153846154,997.3192307692308,4,True
2006-07-26,994.8259615384616,993.85,995.8307692307692,4,True
2006-07-27,994.775,992.4692307692308,995.8769230769232,4,True
2006-07-28,996.2451923076923,994.5730769230769,996.9615384615385,4,True
2006-07-29,997.3076923076924,996.0269230769231,998.2884615384615,4,True
2006-07-30,997.2125,996.6423076923077,997.9692307692308,4,True
2006-07-31,998.0288461538462,995.9538461538461,999.3692307692307,4,True
2006-08-01,1000.0096153846154,998.3576923076923,1000.6576923076923,4,True
2006-08-02,1001.1326923076922,1000.0846153846153,1002.2269230769231,4,True
2006-08-03,1001.0105769230769,1000.2346153846153,1001.6730769230769,4,True
2006-08-04,998.8875,997.8269230769231,999.9038461538461,4,True
2006-08-05,996.6701923076923,995.4961538461539,997.6230769230768,4,True
2006-08-06,996.3865384615385,994.7384615384616,997.6076923076923,4,True
2006-08-07,995.8528846153847,994.7115384615385,996.8153846153847,4,True
2006-08-08,994.9384615384615,993.0,996.0038461538461,4,True
2006-08-09,994.7413461538462,993.2,995.9346153846153,4,True
2006-08-10,995.0461538461539,993.2461538461539,995.9038461538461,4,True
2006-08-11,996.0048076923077,994.4576923076924,997.0269230769231,4,True
2006-08-12,995.8048076923077,995.1769230769231,996.4192307692308,4,True
2006-08-13,995.0692307692308,993.1038461538461,996.2076923076924,4,True
2006-08-14,995.5875000000001,994.1269230769232,996.5076923076923,4,True
2006-08-15,994.9625,993.9269230769231,995.5115384615384,4,True
2006-08-16,994.5346153846153,993.4269230769231,995.4846153846153,4,True
2006-08-17,994.8596153846154,993.0576923076924,996.2230769230769,4,True
2006-08-18,994.9067307692308,993.5192307692308,995.9192307692308,4,True
2006-08-19,994.9509615384616,993.1769230769231,996.3,4,True
2006-08-20,996.1971153846155,994.2384615384616,997.3846153846154,4,True
2006-08-21,998.425,997.0153846153847,999.6846153846153,4,True
2006-08-22,998.7634615384616,997.7846153846153,999.8153846153847,4,True
2006-08-23,997.2846153846153,996.2076923076924,998.4269230769231,4,True
2006-08-24,995.5951923076923,994.4692307692308,996.8769230769232,4,True
2006-08-25,994.175,993.4269230769231,994.9538461538461,4,True
2006-08-26,993.8317307692307,992.2423076923077,995.2115384615385,4,True
2006-08-27,995.1201923076924,993.2576923076923,996.2576923076923,4,True
2006-08-28,996.5211538461538,995.3576923076923,997.8384615384616,4,True
2006-08-29,996.0557692307693,994.6384615384616,997.2384615384616,4,True
2006-08-30,995.7192307692308,993.6576923076923,997.2615384615384,4,True
2006-08-31,995.3298076923077,994.3576923076923,996.6307692307693,4,True
2006-09-01,995.5317307692308,994.2384615384616,996.7076923076924,4,True
2006-09-02,993.8913461538461,992.6115384615384,995.0730769230769,4,True
2006-09-03,993.9125,992.7807692307692,994.9730769230769,4,True
2006-09-04,994.5413461538461,992.2269230769231,996.2,4,True
2006-09-05,996.3192307692308,994.3692307692307,997.7153846153847,4,True
2006-09-06,998.2259615384615,996.6653846153847,999.2307692307692,4,True
2006-09-07,996.7980769230769,995.7038461538461,997.9346153846153,4,True
2006-09-08,995.3653846153846,994.2,996.946153846154,4,True
2006-09-09,995.3817307692308,993.0269230769231,996.7153846153847,4,True
2006-09-10,996.4173076923076,994.5115384615384,997.8576923076923,4,True
2006-09-11,997.1288461538462,996.0692307692308,997.6269230769232,4,True
2006-09-12,996.0076923076924,995.1807692307692,996.7076923076924,4,True
2006-09-13,995.4826923076923,994.2576923076923,996.4769230769231,4,True
2006-09-14,995.0451923076923,993.6884615384615,996.2384615384616,4,True
2006-09-15,994.0442307692308,992.4846153846153,995.6576923076923,4,True
2006-09-16,994.0278846153847,992.5384615384615,995.2769230769231,4,True
2006-09-17,994.3413461538462,991.9961538461539,996.5115384615384,4,True
2006-09-18,995.7817307692308,993.9346153846153,997.65,4,True
2006-09-19,996.4769230769231,995.4,997.7269230769231,4,True
2006-09-20,996.2182692307692,994.7269230769231,997.5346153846153,4,True
2006-09-21,995.0384615384615,993.1153846153846,996.6038461538461,4,True
2006-09-22,994.7942307692308,993.65,996.2576923076923,4,True
2006-09-23,993.5057692307693,991.5269230769231,995.5,4,True
2006-09-24,994.225,992.6807692307692,995.5692307692308,4,True
2006-09-25,996.1346153846154,994.0615384615385,997.6461538461539,4,True
2006-09-26,997.5875,996.4,999.0576923076924,4,True
2006-09-27,996.9,995.8346153846153,997.946153846154,4,True
2006-09-28,995.5836538461539,994.5115384615384,997.1307692307693,4,True
2006-09-29,994.4769230769231,993.1076923076923,995.95,4,True
2006-09-30,994.1201923076924,992.1115384615384,995.3115384615385,4,True
2006-10-01,994.6125,993.5846153846153,995.5307692307692,4,True
2006-10-02,993.8298076923077,992.6692307692308,995.2884615384615,4,True
2006-10-03,992.5961538461538,991.9230769230769,993.6769230769231,4,True
2006-10-04,992.1086538461539,991.0576923076924,993.053846153846,4,True
2006-10-05,991.8076923076924,990.0346153846153,993.1807692307692,4,True
2006-10-06,993.5451923076923,991.75,994.9961538461539,4,True
2006-10-07,994.5817307692307,993.2846153846153,995.8615384615384,4,True
2006-10-08,994.6028846153847,993.2769230769231,995.9307692307692,4,True
2006-10-09,993.9673076923077,993.0153846153847,995.2346153846153,4,True
2006-10-10,994.1365384615385,992.7346153846153,995.4884615384616,4,True
2006-10-11,993.3288461538461,992.3576923076923,994.6269230769232,4,True
2006-10-12,992.4509615384616,990.1115384615384,993.7153846153847,4,True
2006-10-13,991.2528846153846,989.9807692307692,992.2346153846153,4,True
2006-10-14,990.8509615384614,989.7846153846153,991.6846153846153,4,True
2006-10-15,990.6423076923077,989.3192307692308,992.8846153846154,4,True
2006-10-16,991.9625,991.1230769230768,993.3269230769231,4,True
2006-10-17,992.3817307692308,990.8269230769231,993.7961538461539,4,True
2006-10-18,991.9759615384615,991.2384615384616,993.0153846153847,4,True
2006-10-19,991.15,989.7923076923076,993.0269230769231,4,True
2006-10-20,991.3076923076923,989.9076923076923,993.053846153846,4,True
2006-10-21,992.4096153846153,990.6769230769231,993.3230769230769,4,True
2006-10-22,995.0999999999999,993.65,996.1615384615384,4,True
2006-10-23,995.6423076923077,994.8423076923077,997.1884615384615,4,True
2006-10-24,993.7682692307692,992.7423076923077,995.4538461538461,4,True
2006-10-25,992.939423076923,990.8423076923077,995.4269230769231,4,True
2006-10-26,993.8932692307692,991.6538461538461,995.85,4,True
2006-10-27,992.696153846154,990.7461538461539,993.7384615384616,4,True
2006-10-28,991.5509615384615,990.0807692307692,993.2846153846153,4,True
2006-10-29,991.4528846153846,989.8692307692307,993.1769230769231,4,True
2006-10-30,990.25,989.1846153846153,990.9576923076924,4,True
2006-10-31,990.4163461538462,989.696153846154,991.3807692307693,4,True
2006-11-01,989.9778846153846,988.3,991.6307692307693,4,True
2006-11-02,990.2769230769231,989.2,991.4615384615385,4,True
2006-11-03,990.6490384615385,989.7192307692308,991.9269230769231,4,True
2006-11-04,990.314423076923,989.5,990.9807692307692,4,True
2006-11-05,990.9096153846153,989.4538461538461,992.2923076923076,4,True
2006-11-06,990.0711538461538,988.85,991.8307692307692,4,True
2006-11-07,990.9855769230769,989.8807692307693,991.9076923076923,4,True
2006-11-08,991.9028846153847,991.5769230769231,992.4346153846153,4,True
2006-11-09,992.4442307692308,991.4692307692308,993.9230769230769,4,True
2006-11-10,993.4528846153846,992.6038461538461,995.1576923076923,4,True
2006-11-11,993.9778846153846,992.6346153846154,995.803846153846,4,True
2006-11-12,994.3134615384615,993.7692307692308,994.7192307692308,4,True
2006-11-13,994.0096153846154,992.8307692307692,995.4153846153847,4,True
2006-11-14,993.0730769230769,992.0807692307692,994.4307692307692,4,True
2006-11-15,991.3721153846154,990.7384615384616,992.3923076923077,4,True
2006-11-16,991.8519230769231,989.9038461538461,993.3115384615385,4,True
2006-11-17,992.6067307692308,990.9846153846153,993.9269230769231,4,True
2006-11-18,992.9961538461539,992.0269230769231,994.5423076923076,4,True
2006-11-19,993.7048076923078,993.0192307692308,994.6076923076923,4,True
2006-11-20,995.6057692307693,995.2153846153847,995.9076923076923,4,True
2006-11-21,996.364423076923,995.9961538461539,996.7269230769231,4,True
2006-11-22,994.1278846153846,992.9038461538461,995.8884615384616,4,True
2006-11-23,992.5384615384615,990.7692307692308,994.0192307692308,4,True
2006-11-24,990.5403846153846,989.1384615384616,991.9923076923077,4,True
2006-11-25,991.2557692307693,990.2307692307692,992.7461538461539,4,True
2006-11-26,992.3461538461539,991.196153846154,993.7653846153847,4,True
2006-11-27,992.4894230769231,991.0307692307692,993.4692307692308,4,True
2006-11-28,991.9509615384616,991.3423076923077,993.0615384615385,4,True
2006-11-29,991.4663461538462,989.4576923076924,993.2692307692308,4,True
2006-11-30,992.901923076923,991.0846153846153,994.5461538461539,4,True
2006-12-01,992.7201923076923,991.6461538461539,993.9346153846153,4,True
2006-12-02,991.3346153846154,990.0423076923076,992.9307692307692,4,True
2006-12-03,991.7009615384616,990.8730769230768,992.75,4,True
2006-12-04,991.4846153846154,990.4730769230769,992.7153846153847,4,True
2006-12-05,991.5,990.2,993.0076923076923,4,True
2006-12-06,992.8923076923077,991.7038461538461,993.6576923076923,4,True
2006-12-07,993.248076923077,992.2461538461539,994.2807692307692,4,True
2006-12-08,992.4538461538461,991.3538461538461,993.3192307692308,4,True
2006-12-09,992.8211538461538,991.9,994.0269230769231,4,True
2006-12-10,993.4115384615385,992.8076923076924,994.6576923076923,4,True
2006-12-11,993.4836538461539,992.4153846153847,994.5192307692308,4,True
2006-12-12,994.0038461538461,992.9076923076923,995.4346153846153,4,True
2006-12-13,993.4759615384615,992.6192307692307,994.6576923076923,4,True
2006-12-14,993.4105769230769,992.1153846153846,994.4038461538461,4,True
2006-12-15,993.1057692307693,991.9384615384615,994.1346153846154,4,True
2006-12-16,994.125,992.8807692307693,995.4730769230769,4,True
2006-12-17,994.0769230769231,992.9423076923076,995.6769230769231,4,True
2006-12-18,993.4749999999999,992.5846153846153,994.5192307692308,4,True
2006-12-19,993.589423076923,992.7230769230769,994.7615384615384,4,True
2006-12-20,993.660576923077,992.1653846153847,995.0576923076924,4,True
2006-12-21,994.5115384615384,993.1384615384616,996.1423076923077,4,True
2006-12-22,995.3451923076923,994.3846153846154,996.8346153846153,4,True
2006-12-23,995.4057692307692,994.75,996.2769230769231,4,True
2006-12-24,995.3442307692308,994.5269230769231,996.2269230769231,4,True
2006-12-25,994.1509615384616,992.6,995.2961538461539,4,True
2006-12-26,994.725,993.2038461538461,995.3192307692308,4,True
2006-12-27,995.5557692307692,994.8576923076923,996.45,4,True
2006-12-28,996.6432692307692,995.3269230769231,997.4230769230769,4,True
2006-12-29,997.5432692307693,996.2961538461539,998.25,4,True
2006-12-30,996.2826923076923,995.6384615384616,997.1730769230769,4,True
2006-12-31,995.4317307692309,993.9153846153847,996.5461538461539,4,True
2007-01-01,995.4096153846153,993.7961538461539,996.7115384615385,4,True
2007-01-02,994.6490384615385,992.6730769230769,996.0461538461539,4,True
2007-01-03,995.4826923076923,993.6692307692308,997.0076923076923,4,True
2007-01-04,995.525,994.8269230769231,996.4730769230769,4,True
2007-01-05,994.2173076923077,993.3807692307693,995.1923076923076,4,True
2007-01-06,993.4375,992.4615384615385,994.5230769230769,4,True
2007-01-07,993.7894230769231,992.4538461538461,995.3730769230768,4,True
2007-01-08,993.8663461538462,993.1,994.9961538461539,4,True
2007-01-09,994.4557692307692,993.2884615384615,995.0423076923076,4,True
2007-01-10,994.3384615384616,992.9269230769231,995.5461538461539,4,True
2007-01-11,994.0548076923077,992.8230769230769,995.2538461538461,4,True
2007-01-12,993.9,992.4884615384616,994.8,4,True
2007-01-13,993.0326923076923,992.1423076923077,993.696153846154,4,True
2007-01-14,991.7807692307692,989.7730769230769,993.1192307692307,4,True
2007-01-15,992.2057692307692,990.803846153846,993.2423076923077,4,True
2007-01-16,992.7240384615384,991.7346153846153,993.2038461538461,4,True
2007-01-17,993.175,992.1576923076923,993.9038461538461,4,True
2007-01-18,993.8807692307693,993.0576923076924,995.1269230769232,4,True
2007-01-19,994.4951923076923,992.8,995.3,4,True
2007-01-20,993.7990384615384,992.7576923076923,994.8807692307693,4,True
2007-01-21,994.0384615384615,992.4538461538461,995.3153846153847,4,True
2007-01-22,994.95,994.2269230769231,995.4923076923077,4,True
2007-01-23,994.2182692307692,993.5423076923076,994.9269230769231,4,True
2007-01-24,993.1865384615385,991.7846153846153,993.9269230769231,4,True
2007-01-25,993.2980769230769,992.1884615384615,994.2307692307692,4,True
2007-01-26,993.9673076923077,992.3576923076923,994.85,4,True
2007-01-27,994.4086538461538,992.9769230769231,995.1923076923076,4,True
2007-01-28,995.0173076923077,993.9269230769231,996.1038461538461,4,True
2007-01-29,995.1211538461539,993.7846153846153,996.5307692307692,4,True
2007-01-30,994.675,992.7230769230769,996.2615384615384,4,True
2007-01-31,994.4894230769231,992.4961538461539,995.65,4,True
2007-02-01,994.2461538461539,992.8461538461539,995.5076923076923,4,True
2007-02-02,993.8865384615385,991.8846153846154,995.5653846153847,4,True
2007-02-03,994.2461538461538,992.5038461538461,995.6230769230768,4,True
2007-02-04,993.2009615384616,991.7846153846153,994.4576923076924,4,True
2007-02-05,993.5317307692308,991.9653846153847,994.9384615384615,4,True
2007-02-06,993.5153846153846,991.9,994.8307692307692,4,True
2007-02-07,992.7471153846154,990.9615384615385,994.4384615384615,4,True
2007-02-08,993.0567307692307,990.8192307692308,994.8923076923077,4,True
2007-02-09,993.7028846153846,992.1615384615384,995.4346153846153,4,True
2007-02-10,994.6182692307692,992.4230769230769,996.4346153846153,4,True
2007-02-11,995.0115384615385,993.2884615384615,996.1115384615384,4,True
2007-02-12,994.7221153846153,993.8730769230768,995.5076923076923,4,True
2007-02-13,993.4192307692307,992.1615384615384,994.6192307692307,4,True
2007-02-14,991.7778846153846,990.4576923076924,993.4115384615384,4,True
2007-02-15,990.9701923076923,990.0,992.0,4,True
2007-02-16,989.9605769230769,988.1076923076923,991.8538461538461,4,True
2007-02-17,990.0653846153846,987.5230769230769,992.0038461538461,4,True
2007-02-18,991.1365384615385,988.65,993.0730769230769,4,True
2007-02-19,991.2778846153847,989.6192307692307,992.5961538461539,4,True
2007-02-20,990.9605769230769,989.2769230769231,992.8423076923077,4,True
2007-02-21,990.6673076923076,988.8192307692308,992.4538461538461,4,True
2007-02-22,991.2230769230769,988.3192307692308,992.8538461538461,4,True
2007-02-23,992.998076923077,990.1,994.8769230769232,4,True
2007-02-24,994.2990384615384,991.8692307692307,995.4769230769231,4,True
2007-02-25,994.760576923077,993.5692307692308,995.4576923076924,4,True
2007-02-26,995.8355769230768,994.7846153846153,996.5615384615385,4,True
2007-02-27,994.7423076923077,993.9576923076924,995.6,4,True
2007-02-28,993.0788461538461,992.2730769230769,993.8769230769232,4,True
2007-03-01,991.5461538461539,989.7384615384616,992.3307692307692,4,True
2007-03-02,991.4086538461538,988.9769230769231,992.7615384615384,4,True
2007-03-03,992.8038461538462,991.5153846153847,993.5692307692308,4,True
2007-03-04,993.5096153846154,992.7846153846153,994.3384615384616,4,True
2007-03-05,993.9057692307692,993.2,995.1076923076923,4,True
2007-03-06,995.0913461538462,994.196153846154,996.0038461538461,4,True
2007-03-07,995.6067307692308,994.4153846153847,996.5730769230769,4,True
2007-03-08,994.9461538461538,994.3269230769231,995.6692307692308,4,True
2007-03-09,994.4730769230769,993.1615384615384,995.5730769230769,4,True
2007-03-10,993.4326923076923,992.3076923076924,994.0730769230769,4,True
2007-03-11,994.1721153846154,993.1923076923076,994.7269230769231,4,True
2007-03-12,994.3125,993.1269230769232,995.0807692307692,4,True
2007-03-13,994.260576923077,992.75,994.9961538461539,4,True
2007-03-14,993.5096153846154,992.4076923076923,994.5230769230769,4,True
2007-03-15,993.1480769230769,992.5307692307692,994.0384615384615,4,True
2007-03-16,993.6509615384615,992.4807692307692,994.8,4,True
2007-03-17,994.4182692307693,993.6153846153846,995.4730769230769,4,True
2007-03-18,994.4586538461538,993.9692307692308,995.2192307692308,4,True
2007-03-19,995.1980769230769,993.7230769230769,996.1346153846154,4,True
2007-03-20,996.0980769230769,995.2384615384616,997.1038461538461,4,True
2007-03-21,993.7778846153847,992.6115384615384,994.7384615384616,4,True
2007-03-22,992.1913461538462,990.5076923076923,993.7384615384616,4,True
2007-03-23,991.7932692307693,989.5846153846153,993.2653846153847,4,True
2007-03-24,993.7067307692308,991.5807692307692,995.1692307692308,4,True
2007-03-25,995.2173076923077,994.3307692307692,996.2115384615385,4,True
2007-03-26,993.1740384615384,992.2230769230769,994.0807692307692,4,True
2007-03-27,992.4432692307691,991.3538461538461,993.6153846153846,4,True
2007-03-28,992.7211538461538,991.8769230769232,993.3807692307693,4,True
2007-03-29,993.8057692307692,993.2192307692308,994.3923076923077,4,True
2007-03-30,993.0586538461539,992.5730769230769,993.5461538461539,4,True
2007-03-31,993.1442307692307,991.9038461538461,993.9807692307692,4,True
2007-04-01,993.1067307692308,991.946153846154,993.75,4,True
2007-04-02,994.4307692307692,993.7692307692308,994.9384615384615,4,True
2007-04-03,994.8019230769231,994.0269230769231,995.7538461538461,4,True
2007-04-04,993.8711538461539,993.3538461538461,994.3615384615384,4,True
2007-04-05,993.5625,992.5,994.1923076923076,4,True
2007-04-06,993.9673076923077,992.8538461538461,994.8192307692308,4,True
2007-04-07,994.9317307692307,993.8346153846153,995.55,4,True
2007-04-08,995.5721153846154,994.4538461538461,996.3423076923077,4,True
2007-04-09,996.464423076923,995.9,997.2615384615384,4,True
2007-04-10,995.5153846153846,995.2807692307692,995.9269230769231,4,True
2007-04-11,995.3317307692307,993.9346153846153,996.0807692307692,4,True
2007-04-12,995.935576923077,994.0961538461539,997.5923076923077,4,True
2007-04-13,996.3576923076923,994.5038461538461,997.4230769230769,4,True
2007-04-14,995.7548076923076,994.8730769230768,996.6653846153847,4,True
2007-04-15,995.8201923076923,994.5230769230769,996.8230769230769,4,True
2007-04-16,996.775,995.0923076923077,998.0076923076923,4,True
2007-04-17,995.5432692307693,995.0423076923076,996.0230769230769,4,True
2007-04-18,993.7298076923078,993.1653846153847,994.6,4,True
2007-04-19,994.1086538461539,992.6,994.9692307692308,4,True
2007-04-20,994.7259615384614,993.6230769230768,995.7615384615384,4,True
2007-04-21,995.3115384615385,993.9346153846153,995.8384615384616,4,True
2007-04-22,995.3307692307693,994.9153846153847,995.8769230769232,4,True
2007-04-23,995.0855769230769,994.2038461538461,996.1307692307693,4,True
2007-04-24,995.3490384615385,994.6,995.9576923076924,4,True
2007-04-25,994.6086538461539,993.6384615384616,995.8961538461539,4,True
2007-04-26,994.026923076923,992.8,994.9423076923076,4,True
2007-04-27,994.5596153846153,993.6461538461539,995.3346153846153,4,True
2007-04-28,996.3846153846154,994.8692307692307,997.1076923076923,4,True
2007-04-29,998.0653846153846,996.5076923076923,999.2615384615384,4,True
2007-04-30,997.2423076923077,995.7538461538461,998.0115384615384,4,True
2007-05-01,995.3461538461539,994.4538461538461,995.9153846153847,4,True
2007-05-02,995.8653846153845,994.0846153846153,996.8692307692307,4,True
2007-05-03,996.1625,994.5884615384616,997.15,4,True
2007-05-04,995.6038461538461,994.8961538461539,996.4538461538461,4,True
2007-05-05,994.5509615384615,993.55,995.6346153846154,4,True
2007-05-06,993.6086538461539,992.2769230769231,994.7461538461539,4,True
2007-05-07,992.6884615384615,991.55,993.6346153846154,4,True
2007-05-08,993.060576923077,991.0192307692308,994.5076923076923,4,True
2007-05-09,995.3875,993.7730769230769,996.3961538461539,4,True
2007-05-10,997.7778846153847,995.7269230769231,999.2269230769231,4,True
2007-05-11,999.3894230769231,998.7923076923076,999.9807692307692,4,True
2007-05-12,999.3644230769231,997.8384615384616,1000.2384615384616,4,True
2007-05-13,999.3163461538462,998.4230769230769,1000.2576923076923,4,True
2007-05-14,998.2471153846154,997.0384615384615,998.8961538461539,4,True
2007-05-15,997.6711538461539,996.553846153846,998.7461538461539,4,True
2007-05-16,995.3230769230769,993.9923076923077,996.3884615384616,4,True
2007-05-17,994.4442307692308,991.6884615384615,995.6846153846153,4,True
2007-05-18,995.9048076923077,994.5423076923076,996.6538461538461,4,True
2007-05-19,996.2605769230769,995.3153846153847,997.3230769230769,4,True
2007-05-20,995.8615384615384,994.4038461538461,997.0423076923076,4,True
2007-05-21,994.4336538461539,993.5153846153847,995.4192307692308,4,True
2007-05-22,993.2221153846153,992.3653846153846,994.3807692307693,4,True
2007-05-23,993.1576923076923,991.9423076923076,994.6307692307693,4,True
2007-05-24,995.1432692307692,993.3615384615384,996.5769230769231,4,True
2007-05-25,998.8490384615385,996.5615384615385,1000.2153846153847,4,True
2007-05-26,997.9884615384615,997.1038461538461,998.5115384615384,4,True
2007-05-27,996.3317307692307,995.8269230769231,997.0846153846153,4,True
2007-05-28,996.2663461538461,994.8192307692308,997.4615384615385,4,True
2007-05-29,996.4115384615385,994.6269230769232,997.5884615384616,4,True
2007-05-30,996.6932692307691,995.5423076923076,997.7461538461539,4,True
2007-05-31,997.0567307692307,996.7923076923076,997.4576923076924,4,True
2007-06-01,997.35,996.5192307692308,997.8730769230768,4,True
2007-06-02,997.225,996.2769230769231,997.7769230769231,4,True
2007-06-03,997.2951923076923,996.4961538461539,997.6538461538461,4,True
2007-06-04,998.5894230769231,997.1807692307692,999.4961538461539,4,True
2007-06-05,999.0105769230769,998.3923076923077,999.4115384615384,4,True
2007-06-06,998.1865384615385,997.5,998.6923076923076,4,True
2007-06-07,997.2884615384615,996.6384615384616,997.6692307692308,4,True
2007-06-08,997.1942307692308,996.0846153846153,998.0269230769231,4,True
2007-06-09,996.8442307692308,995.9192307692308,997.6615384615384,4,True
2007-06-10,996.3942307692307,995.053846153846,997.3346153846153,4,True
2007-06-11,996.8019230769231,995.3615384615384,997.6307692307693,4,True
2007-06-12,997.4596153846154,996.9192307692308,997.9576923076924,4,True
2007-06-13,997.2038461538461,997.0692307692308,997.3153846153847,4,True
2007-06-14,996.8480769230769,995.85,997.9346153846153,4,True
2007-06-15,998.4836538461539,997.0384615384615,999.35,4,True
2007-06-16,998.5384615384615,997.3076923076924,999.1307692307693,4,True
2007-06-17,998.5413461538462,997.8423076923077,999.196153846154,4,True
2007-06-18,997.8519230769231,996.7307692307692,998.4230769230769,4,True
2007-06-19,998.2990384615384,996.8884615384616,999.1076923076923,4,True
2007-06-20,998.7221153846154,997.4576923076924,999.5153846153847,4,True
2007-06-21,998.6682692307693,997.7153846153847,999.2615384615384,4,True
2007-06-22,998.6096153846154,997.8269230769231,999.3423076923077,4,True
2007-06-23,997.0567307692309,996.65,997.6269230769232,4,True
2007-06-24,997.1538461538462,995.3807692307693,998.1615384615384,4,True
2007-06-25,998.5663461538461,997.3692307692307,999.6384615384616,4,True
2007-06-26,998.1317307692308,996.9884615384616,998.7192307692308,4,True
2007-06-27,998.1509615384615,997.2115384615385,998.7730769230769,4,True
2007-06-28,998.7971153846154,997.8115384615385,999.7538461538461,4,True
2007-06-29,999.8451923076923,997.9384615384615,1001.3,4,True
2007-06-30,1001.8173076923077,999.8769230769232,1003.3538461538461,4,True
2007-07-01,1002.1625,1001.2038461538461,1002.7923076923076,4,True
2007-07-02,1001.2730769230769,1000.7,1002.1269230769232,4,True
2007-07-03,999.7826923076923,998.7884615384615,1000.3846153846154,4,True
2007-07-04,998.5971153846153,998.3884615384616,998.7307692307692,4,True
2007-07-05,998.0865384615383,997.1576923076923,998.8,4,True
2007-07-06,997.6711538461539,996.0923076923077,998.7423076923077,4,True
2007-07-07,996.6173076923077,995.7076923076924,997.4346153846153,4,True
2007-07-08,995.876923076923,995.0461538461539,996.9615384615385,4,True
2007-07-09,996.7817307692308,994.8730769230768,997.9615384615385,4,True
2007-07-10,997.7509615384615,996.7961538461539,998.5769230769231,4,True
2007-07-11,997.2557692307693,995.7538461538461,998.1269230769232,4,True
2007-07-12,997.0673076923077,996.1230769230768,997.9192307692308,4,True
2007-07-13,997.4432692307693,996.1076923076923,998.4230769230769,4,True
2007-07-14,996.939423076923,995.3115384615385,997.8076923076924,4,True
2007-07-15,997.3326923076922,996.4538461538461,997.7923076923076,4,True
2007-07-16,997.3451923076923,996.25,997.946153846154,4,True
2007-07-17,996.7596153846154,995.7192307692308,997.4269230769231,4,True
2007-07-18,996.2413461538462,993.9307692307692,997.85,4,True
2007-07-19,996.885576923077,995.9923076923077,997.8269230769231,4,True
2007-07-20,996.3298076923077,994.9423076923076,997.3,4,True
2007-07-21,996.0576923076924,994.7730769230769,997.2653846153847,4,True
2007-07-22,995.9163461538462,994.7076923076924,997.0230769230769,4,True
2007-07-23,995.1778846153846,993.9576923076924,996.3538461538461,4,True
2007-07-24,994.4682692307692,992.7807692307692,995.8576923076923,4,True
2007-07-25,995.5009615384615,993.6346153846154,996.85,4,True
2007-07-26,997.7846153846154,996.0461538461539,998.7653846153847,4,True
2007-07-27,1000.0413461538461,998.4730769230769,1001.0192307692308,4,True
2007-07-28,1000.4019230769231,999.3807692307693,1001.5692307692308,4,True
2007-07-29,999.6259615384615,998.2346153846153,1000.8846153846154,4,True
2007-07-30,998.7384615384615,998.1615384615384,999.6461538461539,4,True
2007-07-31,997.2730769230769,995.85,998.4038461538461,4,True
2007-08-01,995.8048076923077,995.1384615384616,996.4384615384615,4,True
2007-08-02,996.0730769230769,994.2538461538461,997.0384615384615,4,True
2007-08-03,997.5596153846154,995.6153846153846,998.4192307692308,4,True
2007-08-04,998.1826923076923,997.0307692307692,999.0846153846153,4,True
2007-08-05,997.9807692307693,997.0961538461539,998.9769230769231,4,True
2007-08-06,996.5711538461538,995.1346153846154,997.9692307692308,4,True
2007-08-07,995.4298076923077,993.6307692307693,996.5307692307692,4,True
2007-08-08,995.0413461538462,994.2923076923076,995.5884615384616,4,True
2007-08-09,994.685576923077,993.25,995.5192307692308,4,True
2007-08-10,996.0384615384615,993.4923076923077,997.3692307692307,4,True
2007-08-11,996.8740384615385,995.3192307692308,998.2461538461539,4,True
2007-08-12,998.3644230769231,997.5576923076924,998.9846153846153,4,True
2007-08-13,997.3971153846154,996.5615384615385,998.1884615384615,4,True
2007-08-14,995.8480769230769,994.5807692307692,996.8923076923077,4,True
2007-08-15,995.1682692307692,993.5038461538461,996.1038461538461,4,True
2007-08-16,995.4625,993.9653846153847,996.2923076923076,4,True
2007-08-17,995.1009615384615,993.8461538461539,996.1269230769232,4,True
2007-08-18,995.8692307692309,995.0576923076924,996.7038461538461,4,True
2007-08-19,995.2644230769231,993.7653846153847,996.7153846153847,4,True
2007-08-20,995.5673076923076,993.5,997.1230769230768,4,True
2007-08-21,996.4538461538461,994.9384615384615,998.0307692307692,4,True
2007-08-22,996.9423076923077,995.7730769230769,998.3961538461539,4,True
2007-08-23,994.7057692307693,993.8115384615385,995.7384615384616,4,True
2007-08-24,992.8326923076924,991.5692307692308,994.0961538461539,4,True
2007-08-25,992.0846153846154,989.6,993.4153846153847,4,True
2007-08-26,993.364423076923,991.5076923076923,995.0846153846153,4,True
2007-08-27,994.5096153846154,992.6923076923076,996.0346153846153,4,True
2007-08-28,995.7442307692307,994.6692307692308,996.8269230769231,4,True
2007-08-29,996.8173076923076,995.0230769230769,998.2615384615384,4,True
2007-08-30,997.4471153846155,996.0153846153847,998.6153846153846,4,True
2007-08-31,998.1980769230769,996.8961538461539,999.4038461538461,4,True
2007-09-01,998.2817307692308,996.9076923076923,998.8846153846154,4,True
2007-09-02,998.1278846153846,997.0807692307692,998.8230769230769,4,True
2007-09-03,997.6942307692308,996.3807692307693,998.2769230769231,4,True
2007-09-04,996.825,996.0769230769231,997.6038461538461,4,True
2007-09-05,996.439423076923,994.7538461538461,997.8961538461539,4,True
2007-09-06,997.3557692307693,995.9884615384616,997.8692307692307,4,True
2007-09-07,997.8894230769231,997.3269230769231,998.3730769230768,4,True
2007-09-08,996.5192307692308,995.7653846153847,997.2576923076923,4,True
2007-09-09,996.0221153846153,994.5115384615384,996.6615384615384,4,True
2007-09-10,995.3538461538461,994.3346153846153,996.3846153846154,4,True
2007-09-11,995.6259615384615,993.8576923076923,996.7807692307692,4,True
2007-09-12,995.7509615384615,994.6192307692307,996.8692307692307,4,True
2007-09-13,995.2855769230769,994.0846153846153,996.1846153846153,4,True
2007-09-14,994.3201923076923,993.3192307692308,995.2,4,True
2007-09-15,994.6413461538461,993.3115384615385,995.55,4,True
2007-09-16,996.0903846153847,994.9961538461539,997.3115384615385,4,True
2007-09-17,995.8067307692309,994.6269230769232,997.0653846153847,4,True
2007-09-18,995.0076923076923,993.45,996.3461538461539,4,True
2007-09-19,994.8548076923078,993.6461538461539,995.8192307692308,4,True
2007-09-20,994.7125,993.303846153846,996.1576923076923,4,True
2007-09-21,995.2923076923076,993.8884615384616,996.8192307692308,4,True
2007-09-22,996.1836538461539,995.3769230769232,997.5384615384615,4,True
2007-09-23,994.6971153846154,993.4807692307692,996.0923076923077,4,True
2007-09-24,993.9519230769231,991.8538461538461,996.05,4,True
2007-09-25,995.4961538461539,993.9653846153847,996.9538461538461,4,True
2007-09-26,997.3923076923077,996.7423076923077,998.696153846154,4,True
2007-09-27,997.2971153846154,996.3615384615384,998.3115384615385,4,True
2007-09-28,995.5221153846154,994.5346153846153,996.7115384615385,4,True
2007-09-29,994.9365384615385,993.8846153846154,996.0461538461539,4,True
2007-09-30,995.9721153846153,994.7230769230769,997.3153846153847,4,True
2007-10-01,997.3480769230769,996.5692307692308,998.8615384615384,4,True
2007-10-02,997.1125000000001,996.2269230769231,998.65,4,True
2007-10-03,995.7721153846154,994.2192307692308,997.5269230769231,4,True
2007-10-04,995.573076923077,994.5692307692308,996.5884615384616,4,True
2007-10-05,993.939423076923,992.7923076923076,995.6038461538461,4,True
2007-10-06,991.55,990.4769230769231,993.1615384615384,4,True
2007-10-07,991.4701923076923,989.7730769230769,992.6115384615384,4,True
2007-10-08,992.9432692307691,991.9615384615385,994.7576923076923,4,True
2007-10-09,994.751923076923,994.0423076923076,996.05,4,True
2007-10-10,994.8548076923078,993.3230769230769,996.2384615384616,4,True
2007-10-11,992.5663461538462,990.8076923076924,994.0115384615384,4,True
2007-10-12,990.6365384615384,989.2,992.6192307692307,4,True
2007-10-13,989.9701923076924,988.5153846153847,991.7692307692308,4,True
2007-10-14,990.4076923076924,988.9884615384616,991.4153846153847,4,True
2007-10-15,991.0942307692308,989.8461538461539,992.5615384615385,4,True
2007-10-16,993.1913461538461,992.1576923076923,994.6423076923077,4,True
2007-10-17,994.3625000000001,993.5884615384616,995.0961538461539,4,True
2007-10-18,993.9721153846153,993.3,994.2115384615385,4,True
2007-10-19,994.6057692307692,993.5461538461539,995.6423076923077,4,True
2007-10-20,994.7951923076923,993.9615384615385,995.9538461538461,4,True
2007-10-21,994.3307692307692,993.053846153846,996.05,4,True
2007-10-22,993.6625,992.35,994.9961538461539,4,True
2007-10-23,994.6144230769231,993.9653846153847,995.2538461538461,4,True
2007-10-24,994.4096153846153,993.0807692307692,995.6846153846153,4,True
2007-10-25,993.0788461538461,991.5807692307692,994.2884615384615,4,True
2007-10-26,992.248076923077,990.7692307692308,994.2961538461539,4,True
2007-10-27,991.5951923076923,990.4846153846153,992.8961538461539,4,True
2007-10-28,991.3913461538461,990.15,993.0461538461539,4,True
2007-10-29,992.2807692307692,991.4307692307692,993.7153846153847,4,True
2007-10-30,993.3134615384615,992.25,994.7153846153847,4,True
2007-10-31,993.3096153846154,992.7384615384616,993.6692307692308,4,True
2007-11-01,991.448076923077,990.0115384615384,992.7461538461539,4,True
2007-11-02,990.1019230769231,988.1,992.5346153846153,4,True
2007-11-03,990.7903846153846,989.1192307692307,992.6461538461539,4,True
2007-11-04,990.55,988.1538461538461,992.3115384615385,4,True
2007-11-05,989.998076923077,988.8538461538461,991.1384615384616,4,True
2007-11-06,991.1692307692308,990.2961538461539,992.6923076923076,4,True
2007-11-07,992.4923076923078,992.1153846153846,993.45,4,True
2007-11-08,992.6999999999999,992.1461538461539,993.2346153846153,4,True
2007-11-09,992.0471153846154,991.4115384615384,993.1653846153847,4,True
2007-11-10,990.9807692307693,989.2884615384615,992.2576923076923,4,True
2007-11-11,991.0057692307691,989.6115384615384,993.053846153846,4,True
2007-11-12,992.0173076923077,990.8115384615385,993.95,4,True
2007-11-13,991.7249999999999,990.5730769230769,992.803846153846,4,True
2007-11-14,991.1086538461539,989.6692307692308,992.8884615384616,4,True
2007-11-15,992.0442307692308,991.2076923076924,993.1153846153846,4,True
2007-11-16,993.1807692307692,992.3615384615384,994.3,4,True
2007-11-17,994.2682692307692,993.1423076923077,995.4307692307692,4,True
2007-11-18,994.9240384615384,994.4307692307692,995.4692307692308,4,True
2007-11-19,994.2365384615384,992.4846153846153,995.6538461538461,4,True
2007-11-20,992.5932692307692,991.2769230769231,994.0076923076923,4,True
2007-11-21,994.2326923076923,992.4423076923076,995.6653846153847,4,True
2007-11-22,995.8442307692308,995.2615384615384,996.4923076923077,4,True
2007-11-23,994.4086538461538,992.446153846154,995.1923076923076,4,True
2007-11-24,992.6442307692307,991.6615384615384,993.9615384615385,4,True
2007-11-25,992.0836538461539,991.0269230769231,993.5307692307692,4,True
2007-11-26,993.2807692307692,991.8423076923077,994.9538461538461,4,True
2007-11-27,993.4634615384616,991.8192307692308,995.1269230769232,4,True
2007-11-28,992.3596153846154,991.4153846153847,993.9846153846153,4,True
2007-11-29,992.0384615384615,990.8384615384616,993.3807692307693,4,True
2007-11-30,991.2298076923078,989.7884615384615,992.6038461538461,4,True
2007-12-01,991.560576923077,990.8461538461539,993.0384615384615,4,True
2007-12-02,992.126923076923,990.7192307692308,994.4192307692308,4,True
2007-12-03,992.5576923076924,991.35,993.3961538461539,4,True
2007-12-04,992.0721153846154,991.1730769230769,993.6538461538461,4,True
2007-12-05,990.9586538461538,988.8307692307692,993.35,4,True
2007-12-06,993.1451923076922,990.8807692307693,995.7538461538461,4,True
2007-12-07,994.4884615384616,993.0576923076924,996.4230769230769,4,True
2007-12-08,992.4240384615384,991.4730769230769,993.9576923076924,4,True
2007-12-09,991.3788461538461,990.25,992.8653846153846,4,True
2007-12-10,990.9798076923076,989.4346153846153,992.5423076923076,4,True
2007-12-11,991.5596153846154,989.9692307692308,993.0,4,True
2007-12-12,992.6317307692308,991.6884615384615,993.9038461538461,4,True
2007-12-13,993.0884615384615,992.2846153846153,993.7153846153847,4,True
2007-12-14,992.5673076923076,991.1038461538461,993.6846153846153,4,True
2007-12-15,991.6442307692307,990.8192307692308,992.6461538461539,4,True
2007-12-16,991.4028846153847,990.3269230769231,993.2,4,True
2007-12-17,992.5990384615385,991.4384615384615,993.3384615384616,4,True
2007-12-18,994.1442307692307,992.7961538461539,995.5423076923076,4,True
2007-12-19,993.714423076923,992.7115384615385,995.1346153846154,4,True
2007-12-20,992.6913461538461,991.3653846153846,993.9730769230769,4,True
2007-12-21,992.2769230769231,991.1692307692308,993.5076923076923,4,True
2007-12-22,992.9221153846154,991.0884615384616,994.1307692307693,4,True
2007-12-23,994.1298076923076,993.1615384615384,995.0,4,True
2007-12-24,993.9480769230769,993.1153846153846,994.9192307692308,4,True
2007-12-25,993.1221153846154,992.2423076923077,994.2538461538461,4,True
2007-12-26,992.4038461538462,991.4307692307692,993.4384615384615,4,True
2007-12-27,992.5788461538461,991.3961538461539,993.3538461538461,4,True
2007-12-28,993.6375,992.1230769230768,994.5961538461539,4,True
2007-12-29,993.4990384615385,991.9423076923076,994.6538461538461,4,True
2007-12-30,993.589423076923,992.2461538461539,994.7961538461539,4,True
2007-12-31,993.0846153846153,992.1615384615384,994.2730769230769,4,True
2008-01-01,993.9576923076924,992.0692307692308,995.0653846153847,4,True
2008-01-02,993.7730769230769,992.6346153846154,995.0076923076923,4,True
2008-01-03,994.214423076923,992.2576923076923,995.3615384615384,4,True
2008-01-04,996.3538461538461,994.5961538461539,997.7576923076923,4,True
2008-01-05,996.5990384615385,996.0961538461539,996.9884615384616,4,True
2008-01-06,996.5432692307693,995.3653846153846,997.1653846153847,4,True
2008-01-07,996.0653846153846,995.3923076923077,996.4923076923077,4,True
2008-01-08,994.2624999999999,993.1153846153846,995.4769230769231,4,True
2008-01-09,992.6346153846155,990.6807692307692,993.8923076923077,4,True
2008-01-10,990.9548076923077,989.5576923076924,992.5076923076923,4,True
2008-01-11,990.0336538461538,988.6576923076923,991.9730769230769,4,True
2008-01-12,990.9942307692307,989.6346153846154,992.1423076923077,4,True
2008-01-13,992.0038461538461,990.5961538461539,993.2730769230769,4,True
2008-01-14,992.2932692307693,991.1384615384616,993.0807692307692,4,True
2008-01-15,992.4990384615385,992.2461538461539,992.9153846153847,4,True
2008-01-16,991.8201923076923,991.2115384615385,992.25,4,True
2008-01-17,992.1365384615385,990.9384615384615,993.1769230769231,4,True
2008-01-18,993.5740384615385,991.9923076923077,994.5423076923076,4,True
2008-01-19,993.7932692307693,991.8384615384616,994.946153846154,4,True
2008-01-20,994.1644230769231,992.9846153846153,995.2769230769231,4,True
2008-01-21,994.6163461538462,993.6461538461539,995.8961538461539,4,True
2008-01-22,993.7567307692307,992.7576923076923,994.9307692307692,4,True
2008-01-23,992.0105769230769,990.3576923076923,993.6846153846153,4,True
2008-01-24,992.7048076923077,991.1423076923077,994.0961538461539,4,True
2008-01-25,993.5134615384616,992.2615384615384,994.6153846153846,4,True
2008-01-26,993.7528846153846,992.7576923076923,994.446153846154,4,True
2008-01-27,992.6942307692308,991.8115384615385,993.8461538461539,4,True
2008-01-28,991.8548076923078,990.4653846153847,993.2923076923076,4,True
2008-01-29,991.4317307692309,990.0576923076924,993.0346153846153,4,True
2008-01-30,991.5576923076923,989.6807692307692,993.3461538461539,4,True
2008-01-31,991.5163461538461,990.2384615384616,992.9307692307692,4,True
2008-02-01,990.8759615384615,988.8615384615384,992.6923076923076,4,True
2008-02-02,990.6961538461538,988.4,992.9807692307692,4,True
2008-02-03,992.1423076923077,989.5269230769231,994.1230769230768,4,True
2008-02-04,994.1115384615384,991.5730769230769,996.1576923076923,4,True
2008-02-05,995.6701923076923,994.35,996.8,4,True
2008-02-06,995.6701923076923,994.4192307692308,997.0769230769231,4,True
2008-02-07,995.126923076923,993.9576923076924,996.6346153846154,4,True
2008-02-08,994.5913461538462,993.1423076923077,995.8346153846153,4,True
2008-02-09,994.1721153846154,993.2692307692308,995.2769230769231,4,True
2008-02-10,994.0528846153846,992.9538461538461,995.4230769230769,4,True
2008-02-11,994.025,992.3307692307692,994.7269230769231,4,True
2008-02-12,994.0288461538462,992.7692307692308,994.6653846153847,4,True
2008-02-13,994.4403846153846,993.3576923076923,995.1653846153847,4,True
2008-02-14,995.4028846153847,993.5346153846153,996.4576923076924,4,True
2008-02-15,995.2096153846154,994.3384615384616,995.9269230769231,4,True
2008-02-16,992.6817307692309,991.9923076923077,993.3807692307693,4,True
2008-02-17,992.0875,990.6115384615384,993.1192307692307,4,True
2008-02-18,993.189423076923,991.5192307692308,994.0038461538461,4,True
2008-02-19,995.0163461538461,993.8769230769232,996.2269230769231,4,True
2008-02-20,994.9557692307692,994.3461538461539,995.4038461538461,4,True
2008-02-21,993.1211538461539,992.3,994.0961538461539,4,True
2008-02-22,993.2932692307692,992.6230769230768,994.1230769230768,4,True
2008-02-23,996.1182692307692,994.1884615384615,997.3692307692307,4,True
2008-02-24,996.4028846153847,995.7884615384615,996.7846153846153,4,True
2008-02-25,995.4259615384616,994.8423076923077,996.1153846153846,4,True
2008-02-26,993.9548076923078,993.1653846153847,994.7692307692308,4,True
2008-02-27,993.8384615384615,992.9923076923077,994.5769230769231,4,True
2008-02-28,994.4519230769231,993.3615384615384,995.2346153846153,4,True
2008-02-29,994.1740384615384,993.0307692307692,995.3269230769231,4,True
2008-03-01,992.6038461538461,991.4846153846153,993.7846153846153,4,True
2008-03-02,990.9951923076924,989.0692307692308,992.4269230769231,4,True
2008-03-03,993.185576923077,991.0230769230769,994.4961538461539,4,True
2008-03-04,994.748076923077,993.2576923076923,995.7846153846153,4,True
2008-03-05,993.9096153846153,992.85,994.7384615384616,4,True
2008-03-06,993.3182692307693,992.5115384615384,993.8769230769232,4,True
2008-03-07,992.6875,991.5923076923077,993.8423076923077,4,True
2008-03-08,992.814423076923,991.3346153846153,993.9346153846153,4,True
2008-03-09,993.5326923076924,992.2769230769231,994.4192307692308,4,True
2008-03-10,993.7846153846153,992.9769230769231,994.6538461538461,4,True
2008-03-11,993.1394230769231,991.6153846153846,994.1807692307692,4,True
2008-03-12,993.5798076923077,992.1423076923077,994.5076923076923,4,True
2008-03-13,995.123076923077,994.0384615384615,995.5307692307692,4,True
2008-03-14,995.6865384615385,994.8730769230768,996.3115384615385,4,True
2008-03-15,995.4076923076923,994.7961538461539,995.9,4,True
2008-03-16,996.0413461538461,995.3807692307693,996.7307692307692,4,True
2008-03-17,996.0980769230769,995.5923076923077,996.5461538461539,4,True
2008-03-18,995.7875,994.4307692307692,996.4730769230769,4,True
2008-03-19,994.975,993.2615384615384,995.8115384615385,4,True
2008-03-20,995.1038461538462,994.5269230769231,995.6461538461539,4,True
2008-03-21,994.7721153846154,993.5730769230769,995.6653846153847,4,True
2008-03-22,994.4076923076923,993.4153846153847,995.0730769230769,4,True
2008-03-23,994.5,993.1730769230769,995.5846153846153,4,True
2008-03-24,995.8490384615385,994.2576923076923,997.1,4,True
2008-03-25,995.8307692307692,994.7653846153847,996.6884615384615,4,True
2008-03-26,994.9048076923077,994.2461538461539,995.5884615384616,4,True
2008-03-27,992.748076923077,991.6230769230768,993.7076923076924,4,True
2008-03-28,991.9201923076923,990.3461538461539,992.8653846153846,4,True
2008-03-29,992.6096153846154,991.3269230769231,993.2423076923077,4,True
2008-03-30,993.6471153846153,992.6923076923076,994.55,4,True
2008-03-31,992.1086538461539,990.9115384615384,993.2576923076923,4,True
2008-04-01,991.0673076923077,990.2961538461539,991.6653846153847,4,True
2008-04-02,990.8134615384615,989.6115384615384,991.6384615384616,4,True
2008-04-03,991.5461538461539,989.9423076923076,992.7807692307692,4,True
2008-04-04,993.8701923076923,992.2615384615384,995.1538461538461,4,True
2008-04-05,995.6942307692308,994.5192307692308,996.5730769230769,4,True
2008-04-06,994.9711538461538,993.5346153846153,996.0461538461539,4,True
2008-04-07,993.8798076923076,992.7230769230769,994.8423076923077,4,True
2008-04-08,992.6980769230769,991.4,993.7346153846153,4,True
2008-04-09,993.4730769230769,991.6230769230768,994.6076923076923,4,True
2008-04-10,993.8125,993.0269230769231,994.5,4,True
2008-04-11,992.5942307692308,991.8615384615384,993.2923076923076,4,True
2008-04-12,992.4201923076923,991.0153846153847,993.4,4,True
2008-04-13,992.7788461538462,991.15,993.6384615384616,4,True
2008-04-14,993.564423076923,992.2692307692308,994.7269230769231,4,True
2008-04-15,993.698076923077,992.8461538461539,994.2192307692308,4,True
2008-04-16,994.4269230769231,993.3230769230769,995.196153846154,4,True
2008-04-17,995.0269230769231,993.7115384615385,995.8884615384616,4,True
2008-04-18,995.6769230769231,995.0384615384615,996.3461538461539,4,True
2008-04-19,995.2615384615385,994.8730769230768,995.5961538461539,4,True
2008-04-20,993.9682692307692,993.2038461538461,994.5692307692308,4,True
2008-04-21,994.5259615384615,993.3576923076923,995.1730769230769,4,True
2008-04-22,994.8673076923077,993.9230769230769,996.1076923076923,4,True
2008-04-23,994.1567307692308,993.2307692307692,995.0153846153847,4,True
2008-04-24,993.9605769230769,993.1384615384616,994.8230769230769,4,True
2008-04-25,992.9990384615385,991.2576923076923,994.0807692307692,4,True
2008-04-26,991.9076923076923,991.2423076923077,992.6461538461539,4,True
2008-04-27,992.373076923077,991.4269230769231,993.2115384615385,4,True
2008-04-28,993.2019230769231,992.3346153846153,994.3615384615384,4,True
2008-04-29,994.4326923076924,993.1346153846154,995.2076923076924,4,True
2008-04-30,993.6932692307693,992.5269230769231,994.7,4,True
2008-05-01,993.7923076923076,992.6076923076923,994.7961538461539,4,True
2008-05-02,993.9096153846153,992.8461538461539,994.7423076923077,4,True
2008-05-03,996.0740384615385,994.6115384615384,996.9192307692308,4,True
2008-05-04,998.1221153846154,997.0115384615384,999.4115384615384,4,True
2008-05-05,997.8596153846154,996.6346153846154,998.55,4,True
2008-05-06,997.2288461538461,996.4730769230769,998.0076923076923,4,True
2008-05-07,995.6682692307693,995.0653846153847,996.1807692307692,4,True
2008-05-08,995.5826923076922,993.4153846153847,996.7115384615385,4,True
2008-05-09,996.3076923076924,994.3807692307693,997.7615384615384,4,True
2008-05-10,997.2951923076923,996.3423076923077,997.7769230769231,4,True
2008-05-11,998.0826923076924,996.4538461538461,998.946153846154,4,True
2008-05-12,997.9942307692307,996.4,998.9346153846153,4,True
2008-05-13,998.4048076923077,997.5615384615385,998.8846153846154,4,True
2008-05-14,998.2115384615385,997.2038461538461,999.1423076923077,4,True
2008-05-15,997.375,996.3538461538461,998.4653846153847,4,True
2008-05-16,996.8269230769231,995.3538461538461,997.6576923076923,4,True
2008-05-17,996.3913461538461,995.5384615384615,997.0384615384615,4,True
2008-05-18,996.2048076923077,995.3730769230768,996.75,4,True
2008-05-19,996.8701923076924,996.2,997.5269230769231,4,True
2008-05-20,996.6846153846154,995.9692307692308,997.1538461538461,4,True
2008-05-21,996.0990384615384,995.6538461538461,996.4269230769231,4,True
2008-05-22,995.9788461538461,994.6846153846153,996.7307692307692,4,True
2008-05-23,996.2625,995.3384615384616,997.0269230769231,4,True
2008-05-24,995.2625,993.8961538461539,996.2115384615385,4,True
2008-05-25,994.9048076923077,994.0461538461539,995.7153846153847,4,True
2008-05-26,993.9721153846153,993.6576923076923,994.2730769230769,4,True
2008-05-27,993.8278846153846,992.7346153846153,994.4615384615385,4,True
2008-05-28,994.5548076923078,993.15,995.446153846154,4,True
2008-05-29,995.2461538461539,994.0576923076924,996.3076923076924,4,True
2008-05-30,995.7990384615384,994.9346153846153,996.4153846153847,4,True
2008-05-31,997.135576923077,996.1115384615384,997.6269230769232,4,True
2008-06-01,999.1528846153847,998.0,1000.0153846153847,4,True
2008-06-02,999.0961538461538,998.5961538461539,999.5769230769231,4,True
2008-06-03,998.4625,997.5115384615384,999.3153846153847,4,True
2008-06-04,997.4442307692308,996.5461538461539,998.4884615384616,4,True
2008-06-05,996.9317307692307,995.1692307692308,998.3692307692307,4,True
2008-06-06,997.8625,996.1269230769232,999.3538461538461,4,True
2008-06-07,998.5326923076923,997.4307692307692,999.1269230769232,4,True
2008-06-08,997.4730769230769,996.5846153846153,997.9884615384616,4,True
2008-06-09,996.7903846153846,995.553846153846,997.6153846153846,4,True
2008-06-10,997.4673076923077,995.7153846153847,998.4538461538461,4,True
2008-06-11,996.9144230769231,996.1192307692307,997.6692307692308,4,True
2008-06-12,996.8538461538461,995.6884615384615,997.7423076923077,4,True
2008-06-13,996.6673076923078,994.6884615384615,998.0961538461539,4,True
2008-06-14,996.6721153846154,995.8538461538461,997.0769230769231,4,True
2008-06-15,996.5413461538462,995.4,997.3769230769232,4,True
2008-06-16,998.7711538461539,997.1423076923077,999.7192307692308,4,True
2008-06-17,999.7798076923077,999.2115384615385,1000.6230769230768,4,True
2008-06-18,997.1846153846154,996.2076923076924,997.9769230769231,4,True
2008-06-19,995.5528846153846,994.3192307692308,996.1153846153846,4,True
2008-06-20,995.7278846153846,994.0769230769231,996.7615384615384,4,True
2008-06-21,996.0865384615385,994.5961538461539,996.9615384615385,4,True
2008-06-22,995.989423076923,995.3423076923077,996.7,4,True
2008-06-23,995.9807692307693,994.7884615384615,996.5961538461539,4,True
2008-06-24,997.5711538461538,996.2115384615385,998.8,4,True
2008-06-25,998.5490384615384,997.7807692307692,999.3769230769232,4,True
2008-06-26,997.0096153846154,996.1923076923076,997.7807692307692,4,True
2008-06-27,996.7115384615385,994.9384615384615,997.6923076923076,4,True
2008-06-28,998.6019230769231,996.4192307692308,999.6192307692307,4,True
2008-06-29,1000.0144230769231,998.6076923076923,1000.9230769230769,4,True
2008-06-30,999.1076923076923,998.446153846154,999.7769230769231,4,True
2008-07-01,998.4211538461539,997.4230769230769,999.0423076923076,4,True
2008-07-02,998.7403846153846,997.2730769230769,999.553846153846,4,True
2008-07-03,999.2105769230769,997.8461538461539,1000.2192307692308,4,True
2008-07-04,999.6586538461538,998.196153846154,1000.4923076923077,4,True
2008-07-05,998.6788461538462,997.8769230769232,999.4115384615384,4,True
2008-07-06,997.0173076923077,996.0653846153847,997.6884615384615,4,True
2008-07-07,997.4884615384615,995.9384615384615,998.2307692307692,4,True
2008-07-08,997.6038461538461,996.5423076923076,998.1576923076923,4,True
2008-07-09,998.0028846153846,996.6423076923077,998.9230769230769,4,True
2008-07-10,998.5913461538462,997.4730769230769,999.1653846153847,4,True
2008-07-11,1000.0740384615384,998.6846153846153,1000.7538461538461,4,True
2008-07-12,1000.0557692307692,999.1384615384616,1000.6692307692308,4,True
2008-07-13,997.814423076923,997.0846153846153,998.3576923076923,4,True
2008-07-14,996.573076923077,994.3653846153846,997.7423076923077,4,True
2008-07-15,998.3913461538461,996.6,999.1846153846153,4,True
2008-07-16,999.1009615384615,998.2692307692308,999.7846153846153,4,True
2008-07-17,997.7557692307691,997.0846153846153,998.3346153846153,4,True
2008-07-18,995.8326923076924,994.5615384615385,996.696153846154,4,True
2008-07-19,996.3538461538461,994.1038461538461,997.2923076923076,4,True
2008-07-20,998.2201923076923,996.2884615384615,999.3846153846154,4,True
2008-07-21,998.2567307692308,997.5346153846153,998.9730769230769,4,True
2008-07-22,997.3201923076923,996.0884615384616,998.2,4,True
2008-07-23,997.5163461538461,995.8230769230769,998.2884615384615,4,True
2008-07-24,997.5423076923078,996.0615384615385,998.6192307692307,4,True
2008-07-25,998.1413461538461,996.5576923076924,999.1230769230768,4,True
2008-07-26,998.0076923076923,997.1615384615384,998.7269230769231,4,True
2008-07-27,997.123076923077,995.7730769230769,997.8346153846153,4,True
2008-07-28,997.8625,995.6538461538461,999.1730769230769,4,True
2008-07-29,998.2730769230769,996.7038461538461,999.0038461538461,4,True
2008-07-30,997.0961538461538,996.0653846153847,997.9923076923077,4,True
2008-07-31,995.0961538461538,994.2,995.8230769230769,4,True
2008-08-01,994.875,992.8730769230768,996.0807692307692,4,True
2008-08-02,995.5009615384616,994.8153846153847,996.3769230769232,4,True
2008-08-03,994.8759615384615,993.25,995.8307692307692,4,True
2008-08-04,995.4730769230769,993.7923076923076,996.9807692307692,4,True
2008-08-05,995.9923076923077,994.1692307692308,996.8115384615385,4,True
2008-08-06,995.8451923076923,994.5884615384616,996.7961538461539,4,True
2008-08-07,996.0942307692308,995.1615384615384,996.6461538461539,4,True
2008-08-08,996.1480769230769,994.7076923076924,996.8923076923077,4,True
2008-08-09,996.8240384615385,995.0384615384615,997.7076923076924,4,True
2008-08-10,997.6115384615384,996.3461538461539,998.2423076923077,4,True
2008-08-11,997.15,996.0,998.1692307692308,4,True
2008-08-12,994.8740384615385,993.7615384615384,995.7576923076923,4,True
2008-08-13,995.125,991.85,996.8461538461539,4,True
2008-08-14,996.4932692307692,995.3269230769231,997.303846153846,4,True
2008-08-15,997.2028846153846,996.0461538461539,998.303846153846,4,True
2008-08-16,995.7653846153846,994.446153846154,996.696153846154,4,True
2008-08-17,993.2163461538462,991.8846153846154,994.7153846153847,4,True
2008-08-18,994.0740384615384,991.6846153846153,995.0769230769231,4,True
2008-08-19,995.9461538461538,995.2038461538461,996.6461538461539,4,True
2008-08-20,995.4961538461539,994.3769230769232,996.1692307692308,4,True
2008-08-21,994.3076923076924,992.9884615384616,995.7423076923077,4,True
2008-08-22,993.9490384615385,991.6730769230769,995.4653846153847,4,True
2008-08-23,995.0413461538461,993.9038461538461,996.2038461538461,4,True
2008-08-24,994.4596153846154,993.7653846153847,995.1384615384616,4,True
2008-08-25,995.989423076923,993.2615384615384,997.9846153846153,4,True
2008-08-26,996.560576923077,996.1192307692307,996.9730769230769,4,True
2008-08-27,995.2086538461539,993.9346153846153,996.3076923076924,4,True
2008-08-28,992.5625,991.4076923076923,993.5769230769231,4,True
2008-08-29,992.1451923076922,990.2846153846153,993.3961538461539,4,True
2008-08-30,993.435576923077,992.5230769230769,994.0192307692308,4,True
2008-08-31,993.7423076923077,991.9346153846153,995.0730769230769,4,True
2008-09-01,995.5961538461538,993.6153846153846,996.7461538461539,4,True
2008-09-02,994.748076923077,994.4076923076923,994.9730769230769,4,True
2008-09-03,993.8461538461538,992.9846153846153,994.6115384615384,4,True
2008-09-04,994.0817307692307,992.4038461538461,995.1384615384616,4,True
2008-09-05,994.9855769230769,993.4730769230769,996.2153846153847,4,True
2008-09-06,995.3451923076923,994.35,996.2615384615384,4,True
2008-09-07,995.1182692307692,993.7538461538461,996.6153846153846,4,True
2008-09-08,995.1317307692308,993.7692307692308,995.9384615384615,4,True
2008-09-09,997.1817307692309,996.2153846153847,997.7730769230769,4,True
2008-09-10,998.446153846154,997.7461538461539,999.4346153846153,4,True
2008-09-11,998.7509615384615,997.7769230769231,999.9269230769231,4,True
2008-09-12,996.5211538461538,995.2384615384616,997.6923076923076,4,True
2008-09-13,995.3278846153846,993.9,996.0076923076923,4,True
2008-09-14,995.2663461538461,994.3923076923077,995.8192307692308,4,True
2008-09-15,995.8432692307692,995.0346153846153,996.4115384615384,4,True
2008-09-16,996.8413461538462,995.7038461538461,997.9653846153847,4,True
2008-09-17,997.6605769230769,996.9038461538461,998.0923076923077,4,True
2008-09-18,996.25,995.0653846153847,997.1115384615384,4,True
2008-09-19,994.7894230769231,993.5769230769231,995.7807692307692,4,True
2008-09-20,993.775,992.0846153846153,995.15,4,True
2008-09-21,995.3230769230769,993.1730769230769,997.2346153846153,4,True
2008-09-22,998.1471153846154,997.2230769230769,998.8384615384616,4,True
2008-09-23,997.1634615384615,995.2923076923076,998.25,4,True
2008-09-24,993.6153846153846,992.3923076923077,994.9076923076923,4,True
2008-09-25,993.939423076923,991.9346153846153,995.8730769230768,4,True
2008-09-26,995.6586538461538,994.2076923076924,997.5653846153847,4,True
2008-09-27,995.2644230769231,993.9807692307692,996.3923076923077,4,True
2008-09-28,994.6884615384615,993.55,996.1115384615384,4,True
2008-09-29,994.2701923076924,992.5884615384616,996.2423076923077,4,True
2008-09-30,995.8951923076924,993.8115384615385,997.3615384615384,4,True
2008-10-01,996.4855769230769,995.5576923076924,997.35,4,True
2008-10-02,994.9548076923077,993.6115384615384,996.1923076923076,4,True
2008-10-03,992.7653846153846,991.1769230769231,994.5423076923076,4,True
2008-10-04,992.6182692307692,991.2038461538461,994.2961538461539,4,True
2008-10-05,992.6394230769231,990.9615384615385,994.5,4,True
2008-10-06,992.8923076923077,992.1615384615384,994.2807692307692,4,True
2008-10-07,994.9548076923078,992.196153846154,997.2269230769231,4,True
2008-10-08,996.6980769230769,995.3307692307692,998.2307692307692,4,True
2008-10-09,996.491346153846,995.8961538461539,996.8346153846153,4,True
2008-10-10,994.7826923076923,993.7884615384615,995.4230769230769,4,True
2008-10-11,992.4605769230769,990.7769230769231,993.8923076923077,4,True
2008-10-12,991.7163461538461,990.1230769230768,993.3961538461539,4,True
2008-10-13,993.110576923077,991.8384615384616,994.0192307692308,4,True
2008-10-14,992.8932692307692,992.5769230769231,993.3,4,True
2008-10-15,993.6615384615384,992.8807692307693,994.8307692307692,4,True
2008-10-16,996.0048076923076,994.4115384615384,997.2846153846153,4,True
2008-10-17,996.7326923076923,995.8076923076924,997.6884615384615,4,True
2008-10-18,995.4192307692308,994.8923076923077,996.3923076923077,4,True
2008-10-19,994.4923076923077,993.3923076923077,995.9653846153847,4,True
2008-10-20,994.6490384615385,993.6153846153846,995.9884615384616,4,True
2008-10-21,994.3336538461538,993.6807692307692,995.4346153846153,4,True
2008-10-22,994.1423076923077,993.3461538461539,995.053846153846,4,True
2008-10-23,994.6778846153846,993.7,995.8076923076924,4,True
2008-10-24,995.8153846153847,994.8076923076924,997.3269230769231,4,True
2008-10-25,994.1730769230769,992.7769230769231,995.0923076923077,4,True
2008-10-26,992.4961538461538,991.1192307692307,994.0346153846153,4,True
2008-10-27,993.5076923076923,992.2153846153847,994.7076923076924,4,True
2008-10-28,993.4894230769231,992.8153846153847,994.0692307692308,4,True
2008-10-29,994.2057692307692,993.7,995.1346153846154,4,True
2008-10-30,994.4971153846154,993.2692307692308,995.6192307692307,4,True
2008-10-31,994.4009615384616,993.7307692307692,995.2769230769231,4,True
2008-11-01,992.7182692307692,990.9576923076924,993.7346153846153,4,True
2008-11-02,992.1961538461538,991.1076923076923,993.1884615384615,4,True
2008-11-03,993.8076923076924,992.7538461538461,994.696153846154,4,True
2008-11-04,995.3259615384616,994.8653846153846,996.196153846154,4,True
2008-11-05,995.4836538461539,994.8884615384616,996.2576923076923,4,True
2008-11-06,995.3663461538462,994.1,996.7115384615385,4,True
2008-11-07,993.6903846153846,991.6769230769231,995.5115384615384,4,True
2008-11-08,992.4634615384615,991.5846153846153,993.7923076923076,4,True
2008-11-09,992.7769230769231,990.9923076923077,994.0461538461539,4,True
2008-11-10,993.5384615384615,991.8307692307692,995.4346153846153,4,True
2008-11-11,993.1807692307693,992.4576923076924,994.7384615384616,4,True
2008-11-12,991.1423076923077,988.6269230769232,992.6615384615384,4,True
2008-11-13,989.6932692307693,988.5230769230769,990.7153846153847,4,True
2008-11-14,989.508653846154,988.9153846153847,990.7730769230769,4,True
2008-11-15,990.1134615384616,989.1384615384616,990.9923076923077,4,True
2008-11-16,990.4144230769232,989.3384615384616,991.8076923076924,4,True
2008-11-17,990.5288461538462,989.2423076923077,991.6807692307692,4,True
2008-11-18,991.1846153846154,989.8653846153846,992.6192307692307,4,True
2008-11-19,991.5471153846154,989.5346153846153,993.2807692307692,4,True
2008-11-20,991.3115384615385,989.803846153846,992.5615384615385,4,True
2008-11-21,991.7009615384616,990.3576923076923,993.0461538461539,4,True
2008-11-22,993.0096153846154,991.8423076923077,994.2615384615384,4,True
2008-11-23,991.6846153846154,990.6115384615384,992.4807692307692,4,True
2008-11-24,991.0673076923077,990.0576923076924,992.0692307692308,4,True
2008-11-25,991.9153846153846,990.7807692307692,992.8153846153847,4,True
2008-11-26,992.9567307692307,991.7923076923076,993.8153846153847,4,True
2008-11-27,993.6067307692308,992.6115384615384,994.9269230769231,4,True
2008-11-28,992.675,990.303846153846,993.7038461538461,4,True
2008-11-29,991.2798076923077,990.2269230769231,992.4615384615385,4,True
2008-11-30,993.0999999999999,991.3730769230768,994.4961538461539,4,True
2008-12-01,995.0596153846154,992.9076923076923,996.6,4,True
2008-12-02,995.5423076923078,994.2807692307692,996.7461538461539,4,True
2008-12-03,993.0221153846153,991.1038461538461,994.5807692307692,4,True
2008-12-04,991.0230769230769,989.7346153846153,992.9192307692308,4,True
2008-12-05,992.6471153846154,991.3076923076924,994.5615384615385,4,True
2008-12-06,994.1182692307692,992.1,995.7576923076923,4,True
2008-12-07,995.2038461538461,994.4307692307692,996.35,4,True
2008-12-08,994.9759615384615,994.25,995.8807692307693,4,True
2008-12-09,995.0182692307692,993.8153846153847,996.4692307692308,4,True
2008-12-10,993.8605769230769,992.3538461538461,995.196153846154,4,True
2008-12-11,991.3557692307692,989.8346153846153,992.9307692307692,4,True
2008-12-12,991.4778846153846,989.8192307692308,992.7461538461539,4,True
2008-12-13,991.7076923076924,990.8461538461539,992.8269230769231,4,True
2008-12-14,993.4663461538462,992.196153846154,994.5846153846153,4,True
2008-12-15,992.9826923076923,991.4153846153847,994.2961538461539,4,True
2008-12-16,991.0855769230769,989.7730769230769,992.6038461538461,4,True
2008-12-17,989.9086538461538,987.553846153846,991.95,4,True
2008-12-18,991.0634615384615,988.2653846153847,993.8846153846154,4,True
2008-12-19,992.1221153846154,990.7846153846153,993.6038461538461,4,True
2008-12-20,991.8375,990.9538461538461,993.1884615384615,4,True
2008-12-21,990.9846153846154,989.2576923076923,992.8846153846154,4,True
2008-12-22,991.1423076923077,989.5461538461539,993.0153846153847,4,True
2008-12-23,992.3269230769231,990.3307692307692,994.0769230769231,4,True
2008-12-24,993.4817307692308,992.3384615384616,994.4692307692308,4,True
2008-12-25,993.0903846153847,991.9,994.3615384615384,4,True
2008-12-26,991.5576923076923,990.5115384615384,992.7384615384616,4,True
2008-12-27,990.8230769230769,989.0192307692308,992.2230769230769,4,True
2008-12-28,990.9942307692307,988.6538461538461,993.1384615384616,4,True
2008-12-29,991.5432692307693,988.7653846153847,993.8192307692308,4,True
2008-12-30,992.3355769230769,990.6576923076923,993.5807692307692,4,True
2008-12-31,992.8875,992.2269230769231,993.7076923076924,4,True
2009-01-01,992.7221153846153,991.8576923076923,994.0269230769231,4,True
2009-01-02,993.5951923076924,992.4153846153847,994.8115384615385,4,True
2009-01-03,993.3317307692307,992.3730769230768,994.4,4,True
2009-01-04,993.4259615384615,992.1884615384615,994.7961538461539,4,True
2009-01-05,994.05,992.9307692307692,994.5192307692308,4,True
2009-01-06,993.2711538461538,992.1576923076923,993.9730769230769,4,True
2009-01-07,992.7528846153846,991.6269230769232,993.25,4,True
2009-01-08,993.5403846153846,991.9538461538461,994.7769230769231,4,True
2009-01-09,994.0163461538461,993.05,994.7307692307692,4,True
2009-01-10,994.8153846153847,993.3769230769232,995.5153846153847,4,True
2009-01-11,995.3528846153846,994.8461538461539,995.7346153846153,4,True
2009-01-12,995.0769230769231,994.6653846153847,995.3307692307692,4,True
2009-01-13,995.4692307692308,994.1538461538461,996.25,4,True
2009-01-14,996.1461538461539,995.1461538461539,996.8115384615385,4,True
2009-01-15,995.5490384615384,994.7769230769231,996.2423076923077,4,True
2009-01-16,994.6086538461539,992.8538461538461,995.9115384615384,4,True
2009-01-17,994.9201923076923,993.1807692307692,995.85,4,True
2009-01-18,995.3971153846154,993.8115384615385,996.2923076923076,4,True
2009-01-19,995.0961538461538,994.1,996.2961538461539,4,True
2009-01-20,995.2086538461538,994.0307692307692,996.3730769230768,4,True
2009-01-21,995.3509615384615,993.9384615384615,996.7461538461539,4,True
2009-01-22,995.5846153846154,994.7807692307692,996.6269230769232,4,True
2009-01-23,995.6423076923077,994.6038461538461,996.9307692307692,4,True
2009-01-24,994.4846153846154,993.15,995.3576923076923,4,True
2009-01-25,992.9182692307692,992.1846153846153,994.0307692307692,4,True
2009-01-26,992.9701923076923,991.6461538461539,994.2846153846153,4,True
2009-01-27,994.0336538461538,992.6730769230769,995.5730769230769,4,True
2009-01-28,993.6240384615385,992.8423076923077,994.6076923076923,4,True
2009-01-29,993.6692307692308,992.9538461538461,994.5038461538461,4,True
2009-01-30,994.4826923076923,993.803846153846,995.8769230769232,4,True
2009-01-31,994.8663461538462,994.05,995.6730769230769,4,True
2009-02-01,994.1567307692308,993.3923076923077,994.7769230769231,4,True
2009-02-02,994.0346153846153,993.0038461538461,994.8423076923077,4,True
2009-02-03,993.9894230769231,992.1730769230769,994.8923076923077,4,True
2009-02-04,995.4451923076923,994.0615384615385,996.1884615384615,4,True
2009-02-05,996.1673076923078,994.7576923076923,996.9230769230769,4,True
2009-02-06,995.564423076923,994.9076923076923,996.5653846153847,4,True
2009-02-07,994.7807692307692,993.1076923076923,995.7538461538461,4,True
2009-02-08,994.5634615384615,993.7192307692308,995.3769230769232,4,True
2009-02-09,993.3711538461539,991.9192307692308,994.4961538461539,4,True
2009-02-10,993.5442307692308,992.0384615384615,994.3730769230768,4,True
2009-02-11,995.2,994.1769230769231,996.0730769230769,4,True
2009-02-12,994.9153846153846,994.45,995.3461538461539,4,True
2009-02-13,994.2875,993.4307692307692,994.8884615384616,4,True
2009-02-14,991.0634615384615,989.8769230769232,992.4884615384616,4,True
2009-02-15,990.8701923076923,988.9115384615384,992.6884615384615,4,True
2009-02-16,991.1461538461539,990.0461538461539,991.8192307692308,4,True
2009-02-17,992.15,990.65,993.303846153846,4,True
2009-02-18,992.573076923077,991.0153846153847,993.6307692307693,4,True
2009-02-19,993.6596153846153,992.3730769230768,994.4076923076923,4,True
2009-02-20,992.975,992.4769230769231,993.5961538461539,4,True
2009-02-21,992.2538461538462,991.1615384615384,992.9615384615385,4,True
2009-02-22,992.9105769230769,990.6807692307692,994.303846153846,4,True
2009-02-23,993.7269230769231,992.6769230769231,994.9076923076923,4,True
2009-02-24,993.4144230769231,992.1730769230769,994.5461538461539,4,True
2009-02-25,992.3000000000001,991.1115384615384,993.0653846153847,4,True
2009-02-26,992.6480769230769,991.4615384615385,994.1538461538461,4,True
2009-02-27,992.4807692307693,991.0769230769231,993.6038461538461,4,True
2009-02-28,993.2125,991.6538461538461,993.9153846153847,4,True
2009-03-01,993.8903846153846,992.6653846153847,994.4,4,True
2009-03-02,994.1730769230769,992.7115384615385,995.1461538461539,4,True
2009-03-03,994.3259615384616,992.9692307692308,995.1153846153846,4,True
2009-03-04,994.5961538461538,993.9807692307692,995.2307692307692,4,True
2009-03-05,994.8519230769231,993.5384615384615,996.1846153846153,4,True
2009-03-06,995.0182692307692,993.5615384615385,995.8153846153847,4,True
2009-03-07,995.3086538461539,994.6038461538461,996.2769230769231,4,True
2009-03-08,993.8788461538461,993.3307692307692,994.696153846154,4,True
2009-03-09,993.614423076923,992.6461538461539,994.4653846153847,4,True
2009-03-10,993.0903846153847,992.5192307692308,993.8615384615384,4,True
2009-03-11,992.2932692307692,991.05,993.1923076923076,4,True
2009-03-12,992.0913461538462,990.8538461538461,992.95,4,True
2009-03-13,992.5442307692308,991.6,993.7076923076924,4,True
2009-03-14,993.4096153846153,992.6923076923076,994.3923076923077,4,True
2009-03-15,994.9384615384615,993.65,995.8423076923077,4,True
2009-03-16,996.0298076923077,994.85,996.8653846153846,4,True
2009-03-17,994.0403846153846,993.7384615384616,994.65,4,True
2009-03-18,993.575,992.1153846153846,994.6,4,True
2009-03-19,993.3615384615384,992.6615384615384,994.0076923076923,4,True
2009-03-20,993.3490384615385,992.8153846153847,993.7769230769231,4,True
2009-03-21,993.1692307692308,992.7038461538461,994.0115384615384,4,True
2009-03-22,993.0413461538462,992.1730769230769,993.4961538461539,4,True
2009-03-23,992.3240384615385,991.0615384615385,993.1653846153847,4,True
2009-03-24,992.7769230769231,991.1153846153846,993.4615384615385,4,True
2009-03-25,992.9230769230769,992.0653846153847,993.8923076923077,4,True
2009-03-26,991.9836538461539,991.0038461538461,992.8846153846154,4,True
2009-03-27,992.5028846153846,991.3961538461539,993.1115384615384,4,True
2009-03-28,993.6759615384616,992.4384615384615,994.4576923076924,4,True
2009-03-29,993.5605769230768,992.6730769230769,994.2346153846153,4,True
2009-03-30,993.4471153846155,992.0269230769231,994.3269230769231,4,True
2009-03-31,994.2490384615385,992.1307692307693,995.4153846153847,4,True
2009-04-01,993.9971153846154,992.8307692307692,994.8846153846154,4,True
2009-04-02,993.8961538461539,992.9576923076924,994.7153846153847,4,True
2009-04-03,993.3076923076924,992.6307692307693,994.1423076923077,4,True
2009-04-04,992.0384615384615,989.9615384615385,993.95,4,True
2009-04-05,992.2884615384615,990.8538461538461,993.7269230769231,4,True
2009-04-06,993.8336538461539,992.3115384615385,994.8576923076923,4,True
2009-04-07,994.7432692307692,993.4192307692308,995.7230769230769,4,True
2009-04-08,994.6500000000001,993.9269230769231,995.5384615384615,4,True
2009-04-09,995.1461538461539,994.3846153846154,995.5807692307692,4,True
2009-04-10,996.125,995.4307692307692,997.0076923076923,4,True
2009-04-11,996.1663461538462,995.7653846153847,996.6384615384616,4,True
2009-04-12,995.2201923076923,994.6,995.9615384615385,4,True
2009-04-13,994.6701923076923,993.8846153846154,995.6192307692307,4,True
2009-04-14,995.3807692307693,993.8423076923077,996.0384615384615,4,True
2009-04-15,996.6288461538461,995.6461538461539,997.7615384615384,4,True
2009-04-16,997.251923076923,996.8307692307692,997.5461538461539,4,True
2009-04-17,995.8567307692308,995.1923076923076,996.3653846153846,4,True
2009-04-18,994.9913461538462,993.8,995.8153846153847,4,True
2009-04-19,994.2778846153847,993.0153846153847,995.2307692307692,4,True
2009-04-20,994.7836538461538,993.6615384615384,995.7576923076923,4,True
2009-04-21,996.0903846153846,995.5692307692308,996.9807692307692,4,True
2009-04-22,996.8096153846154,995.9846153846153,997.4961538461539,4,True
2009-04-23,995.5298076923077,994.4730769230769,996.4653846153847,4,True
2009-04-24,994.6240384615385,993.2923076923076,995.5692307692308,4,True
2009-04-25,994.8711538461538,993.4038461538461,996.0730769230769,4,True
2009-04-26,995.6971153846154,994.0038461538461,997.1153846153846,4,True
2009-04-27,995.9942307692309,994.946153846154,997.0192307692308,4,True
2009-04-28,996.189423076923,995.2846153846153,996.7307692307692,4,True
2009-04-29,995.5346153846153,994.5115384615384,996.5846153846153,4,True
2009-04-30,996.1125,994.7461538461539,997.0923076923077,4,True
2009-05-01,996.9057692307692,996.0769230769231,997.6192307692307,4,True
2009-05-02,996.5028846153846,995.4269230769231,997.3384615384616,4,True
2009-05-03,996.0990384615384,995.3538461538461,997.1192307692307,4,True
2009-05-04,994.9596153846154,992.9730769230769,996.1153846153846,4,True
2009-05-05,993.7182692307692,992.3692307692307,995.3884615384616,4,True
2009-05-06,994.8394230769231,993.5192307692308,996.0692307692308,4,True
2009-05-07,996.0182692307692,995.35,997.15,4,True
2009-05-08,995.564423076923,994.7884615384615,996.7730769230769,4,True
2009-05-09,995.7730769230769,994.2730769230769,996.8423076923077,4,True
2009-05-10,995.5932692307692,994.5307692307692,996.2769230769231,4,True
2009-05-11,995.3307692307692,994.1423076923077,996.1423076923077,4,True
2009-05-12,994.3221153846155,992.5884615384616,995.6269230769232,4,True
2009-05-13,994.8057692307692,993.0653846153847,995.7615384615384,4,True
2009-05-14,994.7461538461538,993.65,996.0846153846153,4,True
2009-05-15,993.5144230769231,991.7461538461539,995.1038461538461,4,True
2009-05-16,993.7721153846154,992.8538461538461,994.8153846153847,4,True
2009-05-17,994.0923076923077,992.7192307692308,994.9923076923077,4,True
2009-05-18,994.8980769230769,993.0769230769231,996.2692307692308,4,True
2009-05-19,996.5125,995.1576923076923,997.0692307692308,4,True
2009-05-20,997.3692307692307,996.3846153846154,998.1269230769232,4,True
2009-05-21,996.7875,995.8653846153846,997.4307692307692,4,True
2009-05-22,996.489423076923,995.0346153846153,997.4384615384615,4,True
2009-05-23,997.3605769230769,995.9346153846153,998.1576923076923,4,True
2009-05-24,997.4230769230769,996.1115384615384,998.0192307692308,4,True
2009-05-25,996.8432692307692,995.9692307692308,997.7115384615385,4,True
2009-05-26,995.6432692307692,994.0769230769231,996.7538461538461,4,True
2009-05-27,995.9115384615384,994.4730769230769,996.5,4,True
2009-05-28,996.3586538461539,994.8,996.9807692307692,4,True
2009-05-29,997.001923076923,995.9038461538461,997.8153846153847,4,True
2009-05-30,997.4846153846154,996.2846153846153,998.3538461538461,4,True
2009-05-31,996.976923076923,995.803846153846,997.7961538461539,4,True
2009-06-01,996.4576923076922,995.1,997.803846153846,4,True
2009-06-02,996.5663461538461,995.0769230769231,997.1923076923076,4,True
2009-06-03,997.6346153846154,996.6807692307692,998.3346153846153,4,True
2009-06-04,998.9067307692308,997.5615384615385,999.696153846154,4,True
2009-06-05,997.9163461538461,997.2615384615384,998.5346153846153,4,True
2009-06-06,998.9192307692308,997.3615384615384,999.8730769230768,4,True
2009-06-07,998.725,998.3730769230768,999.2153846153847,4,True
2009-06-08,997.5971153846153,996.7346153846153,998.45,4,True
2009-06-09,997.2375,995.95,998.1576923076923,4,True
2009-06-10,997.7942307692307,996.803846153846,998.6192307692307,4,True
2009-06-11,997.8201923076922,996.5,998.6846153846153,4,True
2009-06-12,998.5817307692307,998.0653846153847,999.2653846153847,4,True
2009-06-13,999.5278846153846,998.5307692307692,1000.2307692307692,4,True
2009-06-14,998.373076923077,997.2884615384615,998.7576923076923,4,True
2009-06-15,996.2990384615384,995.5076923076923,997.4269230769231,4,True
2009-06-16,995.9317307692309,994.1307692307693,997.3269230769231,4,True
2009-06-17,996.9711538461538,995.9884615384616,998.2423076923077,4,True
2009-06-18,996.0692307692308,995.5269230769231,996.5961538461539,4,True
2009-06-19,995.6221153846154,994.3076923076924,996.5807692307692,4,True
2009-06-20,995.810576923077,994.0307692307692,996.7038461538461,4,True
2009-06-21,995.7307692307693,994.4307692307692,996.45,4,True
2009-06-22,995.8894230769231,994.7,996.8730769230768,4,True
2009-06-23,996.1615384615385,994.6307692307693,997.1269230769232,4,True
2009-06-24,997.3961538461538,995.75,998.1807692307692,4,True
2009-06-25,997.7884615384615,996.6115384615384,998.9730769230769,4,True
2009-06-26,998.1682692307693,996.8230769230769,998.7769230769231,4,True
2009-06-27,999.2173076923077,997.6153846153846,1000.0846153846153,4,True
2009-06-28,1000.3586538461539,999.2153846153847,1001.1115384615384,4,True
2009-06-29,997.4576923076924,996.3384615384616,998.3076923076924,4,True
2009-06-30,996.7326923076923,995.3,997.4692307692308,4,True
2009-07-01,997.1999999999999,995.5846153846153,997.9230769230769,4,True
2009-07-02,997.4682692307692,995.7692307692308,998.3,4,True
2009-07-03,997.4836538461539,996.4115384615384,998.3307692307692,4,True
2009-07-04,997.0096153846154,995.8692307692307,997.6346153846154,4,True
2009-07-05,996.8663461538462,995.1153846153846,998.3884615384616,4,True
2009-07-06,996.9769230769231,994.8884615384616,998.2807692307692,4,True
2009-07-07,997.2692307692308,996.1576923076923,997.9576923076924,4,True
2009-07-08,997.5394230769231,996.1346153846154,998.6807692307692,4,True
2009-07-09,998.4019230769231,997.2423076923077,998.9653846153847,4,True
2009-07-10,998.8519230769231,997.5615384615385,999.8346153846153,4,True
2009-07-11,997.4124999999999,996.2307692307692,998.6423076923077,4,True
2009-07-12,997.4201923076923,994.8807692307693,999.0846153846153,4,True
2009-07-13,997.8894230769231,996.5384615384615,998.8307692307692,4,True
2009-07-14,999.75,997.1730769230769,1001.3884615384616,4,True
2009-07-15,999.5634615384615,998.8461538461539,1000.2346153846153,4,True
2009-07-16,997.9711538461538,997.4192307692308,998.4423076923076,4,True
2009-07-17,998.2019230769231,996.2730769230769,999.3576923076923,4,True
2009-07-18,999.7490384615385,998.1,1000.8961538461539,4,True
2009-07-19,999.3423076923077,998.9307692307692,999.95,4,True
2009-07-20,996.6346153846155,995.8384615384616,997.1384615384616,4,True
2009-07-21,995.0461538461539,993.9538461538461,996.0346153846153,4,True
2009-07-22,994.7096153846154,992.5576923076924,996.4423076923076,4,True
2009-07-23,995.2807692307692,993.8384615384616,996.35,4,True
2009-07-24,995.9605769230769,994.2346153846153,997.2576923076923,4,True
2009-07-25,997.4528846153846,995.7692307692308,998.7115384615385,4,True
2009-07-26,998.6461538461539,997.2,999.6192307692307,4,True
2009-07-27,999.1278846153846,997.1615384615384,1000.1538461538461,4,True
2009-07-28,998.4538461538461,997.7192307692308,999.0730769230769,4,True
2009-07-29,997.0173076923078,995.696153846154,998.1384615384616,4,True
2009-07-30,997.4567307692307,996.053846153846,998.3538461538461,4,True
2009-07-31,997.8682692307692,996.6769230769231,998.9038461538461,4,True
2009-08-01,996.9894230769231,995.9692307692308,997.7269230769231,4,True
2009-08-02,996.7913461538461,995.0846153846153,998.0461538461539,4,True
2009-08-03,997.7326923076923,995.8807692307693,998.9730769230769,4,True
2009-08-04,998.2788461538462,997.0269230769231,999.196153846154,4,True
2009-08-05,996.4028846153847,995.2692307692308,997.5461538461539,4,True
2009-08-06,995.3942307692307,993.7538461538461,996.6653846153847,4,True
2009-08-07,997.5163461538461,996.05,998.8807692307693,4,True
2009-08-08,997.8211538461538,996.0807692307692,999.1769230769231,4,True
2009-08-09,997.7750000000001,996.2653846153847,999.2,4,True
2009-08-10,998.2163461538462,997.1153846153846,999.0961538461539,4,True
2009-08-11,998.1442307692307,997.5,999.4153846153847,4,True
2009-08-12,999.0442307692308,998.2461538461539,999.7807692307692,4,True
2009-08-13,997.176923076923,995.9384615384615,998.1923076923076,4,True
2009-08-14,995.95,994.0346153846153,997.1346153846154,4,True
2009-08-15,995.1567307692308,993.7807692307692,995.9884615384616,4,True
2009-08-16,993.3,992.0346153846153,994.3192307692308,4,True
2009-08-17,993.3711538461539,991.2884615384615,994.5038461538461,4,True
2009-08-18,994.2057692307692,993.4038461538461,994.7115384615385,4,True
2009-08-19,993.2855769230769,992.3846153846154,994.2192307692308,4,True
2009-08-20,992.2711538461538,990.7423076923077,993.7576923076923,4,True
2009-08-21,993.8307692307692,991.6230769230768,995.2576923076923,4,True
2009-08-22,994.3567307692308,993.3192307692308,995.4346153846153,4,True
2009-08-23,992.7038461538461,991.8884615384616,993.8923076923077,4,True
2009-08-24,992.6192307692307,990.2307692307692,994.1269230769232,4,True
2009-08-25,994.9519230769231,993.3730769230768,995.7,4,True
2009-08-26,996.1971153846154,995.4769230769231,997.0615384615385,4,True
2009-08-27,996.9288461538462,996.2461538461539,997.6153846153846,4,True
2009-08-28,997.0336538461538,995.3269230769231,998.3961538461539,4,True
2009-08-29,997.0442307692308,995.7384615384616,997.9538461538461,4,True
2009-08-30,996.2509615384615,995.4884615384616,996.7653846153847,4,True
2009-08-31,995.9826923076923,994.7038461538461,997.2538461538461,4,True
2009-09-01,995.6182692307692,993.7384615384616,996.9807692307692,4,True
2009-09-02,995.5038461538461,993.5615384615385,997.1423076923077,4,True
2009-09-03,995.3317307692307,993.4653846153847,996.8307692307692,4,True
2009-09-04,995.9701923076923,994.4192307692308,996.8423076923077,4,True
2009-09-05,996.6384615384616,995.2961538461539,998.0807692307692,4,True
2009-09-06,997.0625,995.5192307692308,998.4807692307692,4,True
2009-09-07,995.3230769230769,994.7230769230769,995.9269230769231,4,True
2009-09-08,993.2653846153846,992.3115384615385,994.3576923076923,4,True
2009-09-09,993.2105769230769,990.7846153846153,995.1346153846154,4,True
2009-09-10,995.4682692307692,994.0884615384616,996.5807692307692,4,True
2009-09-11,998.5509615384615,996.7615384615384,1000.0884615384616,4,True
2009-09-12,998.1201923076923,996.7230769230769,999.6846153846153,4,True
2009-09-13,996.3461538461538,994.4153846153847,998.2884615384615,4,True
2009-09-14,995.9625,994.3076923076924,997.7615384615384,4,True
2009-09-15,995.6028846153847,994.4923076923077,997.1076923076923,4,True
2009-09-16,994.6298076923076,993.4807692307692,995.8653846153846,4,True
2009-09-17,994.8634615384615,993.3538461538461,996.2923076923076,4,True
2009-09-18,994.8942307692307,994.1846153846153,996.446153846154,4,True
2009-09-19,994.6875,993.3807692307693,996.3961538461539,4,True
2009-09-20,994.2346153846154,992.4307692307692,996.1115384615384,4,True
2009-09-21,993.9,992.7192307692308,995.0615384615385,4,True
2009-09-22,993.6951923076923,992.9384615384615,994.7076923076924,4,True
2009-09-23,993.2201923076923,991.8615384615384,994.8384615384616,4,True
2009-09-24,994.3192307692308,993.1538461538461,995.5038461538461,4,True
2009-09-25,995.2913461538462,994.0,996.3692307692307,4,True
2009-09-26,995.7711538461539,994.5192307692308,996.9884615384616,4,True
2009-09-27,994.3519230769232,992.4153846153847,995.4576923076924,4,True
2009-09-28,995.2711538461539,993.2846153846153,996.6153846153846,4,True
2009-09-29,997.0288461538462,995.8192307692308,998.2038461538461,4,True
2009-09-30,998.1,997.553846153846,999.4653846153847,4,True
2009-10-01,997.0855769230769,996.2923076923076,998.6423076923077,4,True
2009-10-02,996.1778846153846,994.7384615384616,997.2153846153847,4,True
2009-10-03,995.9769230769231,995.0423076923076,997.2269230769231,4,True
2009-10-04,995.339423076923,994.4038461538461,996.2884615384615,4,True
2009-10-05,994.4509615384616,993.5076923076923,995.55,4,True
2009-10-06,993.9346153846154,993.3,994.8115384615385,4,True
2009-10-07,995.0990384615385,993.1807692307692,996.4923076923077,4,True
2009-10-08,996.4557692307692,994.9230769230769,997.4,4,True
2009-10-09,995.810576923077,994.0807692307692,997.2846153846153,4,True
2009-10-10,993.8201923076923,992.4269230769231,995.2269230769231,4,True
2009-10-11,991.4817307692308,990.3269230769231,992.7115384615385,4,True
2009-10-12,991.0096153846155,989.446153846154,992.85,4,True
2009-10-13,991.2384615384616,990.446153846154,992.6153846153846,4,True
2009-10-14,990.8048076923077,990.0923076923077,992.5,4,True
2009-10-15,991.1432692307692,990.5115384615384,991.9730769230769,4,True
2009-10-16,991.5740384615385,989.8653846153846,993.2576923076923,4,True
2009-10-17,993.2865384615384,992.0346153846153,994.6461538461539,4,True
2009-10-18,993.1923076923076,992.1846153846153,994.3423076923077,4,True
2009-10-19,992.1980769230769,991.2730769230769,993.5730769230769,4,True
2009-10-20,990.7557692307693,989.5730769230769,992.25,4,True
2009-10-21,990.8307692307692,989.3884615384616,992.2846153846153,4,True
2009-10-22,990.5144230769231,989.5923076923077,991.9961538461539,4,True
2009-10-23,991.0798076923077,989.9846153846153,992.2192307692308,4,True
2009-10-24,991.7086538461539,991.0615384615385,993.2230769230769,4,True
2009-10-25,992.0740384615385,991.2576923076923,993.8461538461539,4,True
2009-10-26,992.7096153846154,991.7423076923077,994.3384615384616,4,True
2009-10-27,992.0615384615385,991.1692307692308,993.3192307692308,4,True
2009-10-28,992.2326923076923,991.1807692307692,993.4884615384616,4,True
2009-10-29,991.3115384615385,989.75,993.2961538461539,4,True
2009-10-30,990.998076923077,990.1615384615384,991.9961538461539,4,True
2009-10-31,990.3874999999999,989.7538461538461,991.5423076923076,4,True
2009-11-01,989.9615384615385,988.7115384615385,990.9307692307692,4,True
2009-11-02,990.5250000000001,989.05,992.7153846153847,4,True
2009-11-03,990.8605769230769,989.5692307692308,992.5615384615385,4,True
2009-11-04,990.9259615384615,989.8384615384616,992.8,4,True
2009-11-05,990.7644230769231,989.303846153846,992.8,4,True
2009-11-06,989.9923076923078,988.5269230769231,991.5307692307692,4,True
2009-11-07,988.7211538461538,986.9961538461539,990.9884615384616,4,True
2009-11-08,989.9846153846154,988.0846153846153,991.6538461538461,4,True
2009-11-09,990.7942307692308,989.9269230769231,992.1307692307693,4,True
2009-11-10,990.9942307692307,989.8576923076923,992.5307692307692,4,True
2009-11-11,990.6932692307691,989.803846153846,992.1,4,True
2009-11-12,990.2355769230769,988.9961538461539,991.6192307692307,4,True
2009-11-13,991.0634615384615,990.0153846153847,992.4961538461539,4,True
2009-11-14,991.1865384615385,990.1269230769232,992.35,4,True
2009-11-15,990.4576923076922,988.6153846153846,992.6230769230768,4,True
2009-11-16,990.3173076923076,988.3692307692307,992.2269230769231,4,True
2009-11-17,990.4240384615384,988.4038461538461,992.3461538461539,4,True
2009-11-18,991.3894230769231,990.2769230769231,992.8615384615384,4,True
2009-11-19,992.135576923077,990.6730769230769,994.1269230769232,4,True
2009-11-20,991.5846153846154,990.2423076923077,993.3692307692307,4,True
2009-11-21,991.4961538461539,990.0576923076924,992.6615384615384,4,True
2009-11-22,991.9307692307692,990.6461538461539,993.1615384615384,4,True
2009-11-23,992.2701923076924,991.3076923076924,993.8192307692308,4,True
2009-11-24,991.8798076923077,991.2307692307692,992.7653846153847,4,True
2009-11-25,991.1442307692307,990.2307692307692,992.3346153846153,4,True
2009-11-26,991.0778846153846,989.7,992.9230769230769,4,True
2009-11-27,990.925,990.2192307692308,992.0153846153847,4,True
2009-11-28,991.0625,990.4153846153847,992.05,4,True
2009-11-29,991.1019230769231,990.4038461538461,992.1269230769232,4,True
2009-11-30,991.7298076923078,991.0384615384615,992.9653846153847,4,True
2009-12-01,991.8134615384615,990.9384615384615,993.1807692307692,4,True
2009-12-02,991.1288461538461,989.8230769230769,992.3384615384616,4,True
2009-12-03,991.5778846153846,990.1846153846153,993.2730769230769,4,True
2009-12-04,991.2750000000001,989.8461538461539,992.4192307692308,4,True
2009-12-05,990.8375,989.7576923076923,992.35,4,True
2009-12-06,991.1086538461539,989.3961538461539,993.0269230769231,4,True
2009-12-07,991.0057692307691,989.1615384615384,993.0615384615385,4,True
2009-12-08,991.3615384615384,989.8,992.946153846154,4,True
2009-12-09,991.7682692307692,990.3923076923077,992.7038461538461,4,True
2009-12-10,992.1942307692308,991.0038461538461,993.4115384615384,4,True
2009-12-11,992.8288461538461,992.1038461538461,994.0730769230769,4,True
2009-12-12,993.5317307692308,992.3769230769232,994.8538461538461,4,True
2009-12-13,993.4009615384616,992.3423076923077,994.3,4,True
2009-12-14,993.0653846153846,992.5730769230769,994.05,4,True
2009-12-15,993.0105769230769,991.5769230769231,994.35,4,True
2009-12-16,992.7875,992.3307692307692,993.05,4,True
2009-12-17,992.5201923076924,991.9269230769231,993.5346153846153,4,True
2009-12-18,992.1153846153846,990.9115384615384,992.6846153846153,4,True
2009-12-19,993.4644230769231,992.6846153846153,994.2730769230769,4,True
2009-12-20,994.6990384615385,994.1653846153847,995.3192307692308,4,True
2009-12-21,995.0442307692308,994.5153846153847,996.05,4,True
2009-12-22,994.6625,993.3423076923077,995.6846153846153,4,True
2009-12-23,995.260576923077,994.2076923076924,996.446153846154,4,True
2009-12-24,994.2826923076923,992.7961538461539,995.2230769230769,4,True
2009-12-25,993.626923076923,992.4730769230769,994.5653846153847,4,True
2009-12-26,993.2634615384616,992.4846153846153,994.3923076923077,4,True
2009-12-27,993.1942307692308,992.1,994.6653846153847,4,True
2009-12-28,992.2624999999999,991.1,993.4538461538461,4,True
2009-12-29,992.7298076923076,991.5038461538461,994.2153846153847,4,True
2009-12-30,992.8548076923076,990.8538461538461,994.7384615384616,4,True
2009-12-31,994.0673076923076,991.95,995.5346153846153,4,True
2010-01-01,993.4971153846154,992.4884615384616,995.0307692307692,4,True
2010-01-02,991.6653846153846,990.3076923076924,993.5038461538461,4,True
2010-01-03,990.8048076923077,989.15,992.8615384615384,4,True
2010-01-04,991.4346153846153,988.8076923076924,993.1615384615384,4,True
2010-01-05,993.4971153846154,991.8461538461539,994.4846153846153,4,True
2010-01-06,993.7961538461539,992.3346153846153,995.1192307692307,4,True
2010-01-07,993.4211538461539,992.2,994.9269230769231,4,True
2010-01-08,992.875,991.9961538461539,993.8961538461539,4,True
2010-01-09,992.8067307692309,991.0192307692308,994.1730769230769,4,True
2010-01-10,991.6932692307693,990.6,992.8961538461539,4,True
2010-01-11,992.6038461538461,990.7038461538461,994.3115384615385,4,True
2010-01-12,992.8567307692307,991.2346153846153,994.4269230769231,4,True
2010-01-13,992.9528846153846,990.2846153846153,995.0846153846153,4,True
2010-01-14,993.3355769230769,991.8230769230769,994.2769230769231,4,True
2010-01-15,994.4009615384616,992.1653846153847,996.0461538461539,4,True
2010-01-16,995.4788461538461,994.6923076923076,996.0269230769231,4,True
2010-01-17,995.8721153846154,994.4115384615384,996.9846153846153,4,True
2010-01-18,995.7413461538462,994.8230769230769,996.6615384615384,4,True
2010-01-19,993.8923076923077,992.6846153846153,994.9846153846153,4,True
2010-01-20,992.7846153846153,991.1846153846153,994.1615384615384,4,True
2010-01-21,993.4615384615385,991.3923076923077,994.3846153846154,4,True
2010-01-22,993.9057692307692,993.1307692307693,994.4384615384615,4,True
2010-01-23,993.3615384615384,992.7576923076923,993.9769230769231,4,True
2010-01-24,992.2182692307692,990.9038461538461,993.0230769230769,4,True
2010-01-25,992.3509615384615,990.6692307692308,993.4923076923077,4,True
2010-01-26,993.123076923077,992.3923076923077,994.1730769230769,4,True
2010-01-27,992.5394230769231,991.6769230769231,993.6807692307692,4,True
2010-01-28,991.6701923076922,989.9846153846153,992.8846153846154,4,True
2010-01-29,990.9961538461539,989.8461538461539,992.1307692307693,4,True
2010-01-30,990.6134615384615,988.9384615384615,992.0846153846153,4,True
2010-01-31,992.2778846153846,989.8346153846153,994.303846153846,4,True
2010-02-01,993.2028846153846,991.9384615384615,994.2115384615385,4,True
2010-02-02,992.8153846153847,992.0384615384615,993.5384615384615,4,True
2010-02-03,992.651923076923,991.5730769230769,993.6576923076923,4,True
2010-02-04,993.8201923076923,992.2538461538461,994.8192307692308,4,True
2010-02-05,993.1836538461538,991.803846153846,993.9307692307692,4,True
2010-02-06,992.8153846153847,992.2076923076924,993.3576923076923,4,True
2010-02-07,992.5240384615385,990.9,993.3269230769231,4,True
2010-02-08,992.6951923076923,991.946153846154,993.553846153846,4,True
2010-02-09,992.0250000000001,991.3153846153847,992.4153846153847,4,True
2010-02-10,991.0288461538462,990.0269230769231,991.6423076923077,4,True
2010-02-11,989.5423076923076,987.803846153846,991.0730769230769,4,True
2010-02-12,990.8826923076923,988.7884615384615,992.4692307692308,4,True
2010-02-13,991.6490384615385,990.0307692307692,992.803846153846,4,True
2010-02-14,990.5663461538461,988.8115384615385,992.0923076923077,4,True
2010-02-15,990.1086538461539,988.3730769230768,991.3538461538461,4,True
2010-02-16,990.4211538461539,989.7038461538461,991.1769230769231,4,True
2010-02-17,991.525,990.6038461538461,992.2307692307692,4,True
2010-02-18,992.7038461538461,991.1769230769231,994.45,4,True
2010-02-19,993.4365384615385,991.8,994.4961538461539,4,True
2010-02-20,994.2028846153846,993.0,995.1423076923077,4,True
2010-02-21,992.6317307692307,991.3730769230768,994.0307692307692,4,True
2010-02-22,991.7759615384616,991.4269230769231,992.6269230769232,4,True
2010-02-23,991.7740384615385,990.6461538461539,992.4307692307692,4,True
2010-02-24,992.4846153846154,991.3115384615385,993.5807692307692,4,True
2010-02-25,992.8894230769231,992.2769230769231,993.8192307692308,4,True
2010-02-26,992.9490384615385,992.1653846153847,993.8153846153847,4,True
2010-02-27,992.6192307692307,992.3230769230769,992.9115384615384,4,True
2010-02-28,993.3548076923076,992.0730769230769,994.2846153846153,4,True
2010-03-01,993.5509615384616,992.2307692307692,994.7461538461539,4,True
2010-03-02,993.6240384615385,992.6115384615384,994.3615384615384,4,True
2010-03-03,993.4903846153846,992.5807692307692,994.4538461538461,4,True
2010-03-04,993.7538461538462,992.7692307692308,995.0230769230769,4,True
2010-03-05,993.2740384615385,992.1884615384615,994.5192307692308,4,True
2010-03-06,992.5788461538461,991.65,993.6346153846154,4,True
2010-03-07,992.6221153846154,990.7576923076923,993.9384615384615,4,True
2010-03-08,992.0028846153846,990.5923076923077,992.8961538461539,4,True
2010-03-09,991.8394230769231,990.9423076923076,993.1730769230769,4,True
2010-03-10,992.241346153846,992.0384615384615,992.6192307692307,4,True
2010-03-11,993.1105769230769,992.7538461538461,993.3076923076924,4,True
2010-03-12,992.3230769230769,991.1576923076923,993.7769230769231,4,True
2010-03-13,991.6682692307693,990.8153846153847,992.6576923076923,4,True
2010-03-14,992.4759615384615,991.3846153846154,993.8538461538461,4,True
2010-03-15,992.8192307692307,992.053846153846,993.9730769230769,4,True
2010-03-16,992.6769230769231,991.1884615384615,993.6307692307693,4,True
2010-03-17,993.1413461538461,992.5230769230769,993.9192307692308,4,True
2010-03-18,992.8894230769231,992.0423076923076,993.4230769230769,4,True
2010-03-19,993.5903846153847,992.7230769230769,994.7230769230769,4,True
2010-03-20,994.7663461538461,993.8846153846154,995.8923076923077,4,True
2010-03-21,994.8423076923077,994.6423076923077,995.1653846153847,4,True
2010-03-22,992.9346153846153,992.0423076923076,993.7923076923076,4,True
2010-03-23,991.0903846153846,989.7538461538461,992.3653846153846,4,True
2010-03-24,991.9701923076923,989.5307692307692,993.8730769230768,4,True
2010-03-25,993.2115384615385,991.2807692307692,994.3884615384616,4,True
2010-03-26,993.8875,992.5153846153847,994.9692307692308,4,True
2010-03-27,994.1384615384616,993.5923076923077,994.7423076923077,4,True
2010-03-28,992.4875,991.2538461538461,993.9961538461539,4,True
2010-03-29,992.314423076923,990.5653846153847,993.5923076923077,4,True
2010-03-30,992.2163461538462,991.053846153846,993.2730769230769,4,True
2010-03-31,993.5201923076924,992.9615384615385,994.1384615384616,4,True
2010-04-01,993.8057692307692,991.6730769230769,995.053846153846,4,True
2010-04-02,991.6932692307693,990.7076923076924,992.8653846153846,4,True
2010-04-03,990.7057692307692,988.9346153846153,992.3461538461539,4,True
2010-04-04,991.1682692307693,989.9923076923077,992.3538461538461,4,True
2010-04-05,992.9192307692308,992.0884615384616,993.9115384615384,4,True
2010-04-06,993.6596153846154,993.4653846153847,993.8807692307693,4,True
2010-04-07,994.0875,993.4192307692308,994.7192307692308,4,True
2010-04-08,994.1307692307691,993.0807692307692,994.803846153846,4,True
2010-04-09,994.3134615384615,992.8961538461539,995.5153846153847,4,True
2010-04-10,995.1125,993.9653846153847,996.4730769230769,4,True
2010-04-11,993.7644230769231,992.75,994.6884615384615,4,True
2010-04-12,992.375,990.9192307692308,993.6538461538461,4,True
2010-04-13,991.5615384615385,990.0846153846153,992.3615384615384,4,True
2010-04-14,993.5663461538461,992.1923076923076,994.9192307692308,4,True
2010-04-15,994.2788461538462,993.196153846154,994.8923076923077,4,True
2010-04-16,994.2038461538461,993.65,994.7423076923077,4,True
2010-04-17,994.5432692307693,993.4807692307692,995.0076923076923,4,True
2010-04-18,994.4346153846154,992.8230769230769,995.9923076923077,4,True
2010-04-19,995.1807692307692,993.7961538461539,996.25,4,True
2010-04-20,995.2259615384615,994.0038461538461,996.4307692307692,4,True
2010-04-21,994.2442307692309,993.0769230769231,995.0192307692308,4,True
2010-04-22,994.376923076923,993.3076923076924,995.1384615384616,4,True
2010-04-23,993.8298076923077,992.45,995.1692307692308,4,True
2010-04-24,994.9163461538461,993.3807692307693,995.9307692307692,4,True
2010-04-25,994.1125,993.6230769230768,994.8423076923077,4,True
2010-04-26,993.4798076923078,992.4192307692308,994.0230769230769,4,True
2010-04-27,994.7269230769231,993.9230769230769,995.5730769230769,4,True
2010-04-28,995.6432692307692,995.2461538461539,996.0461538461539,4,True
2010-04-29,995.9711538461539,995.0961538461539,996.5153846153847,4,True
2010-04-30,994.998076923077,994.4538461538461,995.7038461538461,4,True
2010-05-01,995.7009615384616,994.8884615384616,996.6923076923076,4,True
2010-05-02,996.0557692307692,995.3192307692308,996.8538461538461,4,True
2010-05-03,994.5980769230769,994.0846153846153,994.9076923076923,4,True
2010-05-04,994.2557692307693,992.4653846153847,995.2653846153847,4,True
2010-05-05,993.6788461538462,992.7692307692308,994.6115384615384,4,True
2010-05-06,993.5903846153847,992.8269230769231,994.35,4,True
2010-05-07,994.6355769230769,993.2423076923077,995.9692307692308,4,True
2010-05-08,995.3826923076923,994.2653846153847,996.2423076923077,4,True
2010-05-09,996.2259615384615,994.9923076923077,997.2730769230769,4,True
2010-05-10,996.7317307692308,996.0192307692308,997.3769230769232,4,True
2010-05-11,997.9528846153846,996.9153846153847,998.9653846153847,4,True
2010-05-12,997.8067307692309,997.1576923076923,998.6038461538461,4,True
2010-05-13,997.1846153846154,996.3,998.2730769230769,4,True
2010-05-14,996.4240384615384,995.2153846153847,997.7961538461539,4,True
2010-05-15,995.0557692307692,993.45,996.6730769230769,4,True
2010-05-16,995.1288461538461,993.2846153846153,996.65,4,True
2010-05-17,994.9548076923077,993.9307692307692,996.1653846153847,4,True
2010-05-18,994.5048076923077,993.5384615384615,995.4230769230769,4,True
2010-05-19,993.8615384615385,992.2769230769231,995.7153846153847,4,True
2010-05-20,994.3721153846154,993.4923076923077,995.3423076923077,4,True
2010-05-21,995.0471153846154,994.75,995.45,4,True
2010-05-22,994.4336538461538,993.6846153846153,995.4115384615384,4,True
2010-05-23,991.4538461538461,990.2807692307692,992.9961538461539,4,True
2010-05-24,990.5230769230769,989.3346153846153,992.0192307692308,4,True
2010-05-25,991.435576923077,989.7307692307692,992.8307692307692,4,True
2010-05-26,992.8221153846155,992.1269230769232,993.2884615384615,4,True
2010-05-27,995.1173076923077,993.8384615384616,996.3230769230769,4,True
2010-05-28,997.175,996.6846153846153,997.6923076923076,4,True
2010-05-29,996.2278846153847,994.7653846153847,996.9153846153847,4,True
2010-05-30,995.3403846153846,993.5346153846153,996.6807692307692,4,True
2010-05-31,997.0865384615385,995.053846153846,998.5923076923077,4,True
2010-06-01,997.3826923076923,997.0769230769231,997.8076923076924,4,True
2010-06-02,997.3326923076922,996.15,998.2923076923076,4,True
2010-06-03,997.6625,996.8615384615384,998.4538461538461,4,True
2010-06-04,998.4298076923077,996.9730769230769,999.7269230769231,4,True
2010-06-05,999.3086538461538,997.7923076923076,1000.2538461538461,4,True
2010-06-06,999.2740384615385,998.7076923076924,999.8576923076923,4,True
2010-06-07,998.3528846153846,997.2192307692308,999.6076923076923,4,True
2010-06-08,998.7038461538461,997.3192307692308,999.8230769230769,4,True
2010-06-09,999.1490384615385,997.8961538461539,1000.1,4,True
2010-06-10,999.5923076923077,999.1038461538461,1000.1230769230768,4,True
2010-06-11,1000.2201923076923,998.7653846153847,1001.2038461538461,4,True
2010-06-12,999.973076923077,999.3076923076924,1000.2461538461539,4,True
2010-06-13,998.7269230769231,998.3,999.2846153846153,4,True
2010-06-14,997.075,996.1576923076923,997.8576923076923,4,True
2010-06-15,996.2221153846153,994.8769230769232,997.1461538461539,4,True
2010-06-16,996.5807692307693,995.0884615384616,997.5653846153847,4,True
2010-06-17,996.4759615384615,995.7076923076924,997.2961538461539,4,True
2010-06-18,995.5480769230769,993.9961538461539,996.3346153846153,4,True
2010-06-19,995.1951923076923,994.1461538461539,996.3115384615385,4,True
2010-06-20,994.0028846153846,992.9807692307692,995.1423076923077,4,True
2010-06-21,994.9086538461538,993.6807692307692,996.5307692307692,4,True
2010-06-22,996.5778846153846,995.5653846153847,997.7346153846153,4,True
2010-06-23,996.9817307692308,995.85,998.2153846153847,4,True
2010-06-24,996.1778846153846,995.5423076923076,996.8615384615384,4,True
2010-06-25,995.939423076923,993.8346153846153,997.4807692307692,4,True
2010-06-26,997.4384615384615,996.5076923076923,998.4230769230769,4,True
2010-06-27,996.4259615384616,995.5653846153847,997.1769230769231,4,True
2010-06-28,996.8451923076923,994.95,998.053846153846,4,True
2010-06-29,997.998076923077,997.1192307692307,999.2730769230769,4,True
2010-06-30,997.6519230769231,997.0192307692308,998.2461538461539,4,True
2010-07-01,997.3596153846154,995.7384615384616,998.5384615384615,4,True
2010-07-02,996.4230769230769,995.7769230769231,997.0153846153847,4,True
2010-07-03,996.2298076923078,994.15,997.4576923076924,4,True
2010-07-04,997.1701923076923,995.9153846153847,997.8576923076923,4,True
2010-07-05,995.948076923077,994.2692307692308,997.0423076923076,4,True
2010-07-06,994.0182692307692,992.75,994.9307692307692,4,True
2010-07-07,993.7807692307692,992.6269230769232,995.1,4,True
2010-07-08,994.5490384615384,993.2153846153847,995.9153846153847,4,True
2010-07-09,995.0173076923077,994.2038461538461,995.5923076923077,4,True
2010-07-10,996.060576923077,994.7846153846153,997.5346153846153,4,True
2010-07-11,995.5048076923076,994.2269230769231,996.55,4,True
2010-07-12,993.9461538461538,993.1,994.8807692307693,4,True
2010-07-13,993.8471153846154,991.6192307692307,995.3769230769232,4,True
2010-07-14,994.2,992.553846153846,995.3884615384616,4,True
2010-07-15,994.8067307692309,993.6653846153847,995.6576923076923,4,True
2010-07-16,996.4788461538461,995.0346153846153,997.1846153846153,4,True
2010-07-17,1000.2249999999999,997.7615384615384,1001.8538461538461,4,True
2010-07-18,1002.2769230769231,1001.0,1003.3884615384616,4,True
2010-07-19,1000.6701923076923,999.9307692307692,1001.2153846153847,4,True
2010-07-20,998.6778846153846,997.7807692307692,999.6653846153847,4,True
2010-07-21,997.1894230769232,995.9653846153847,998.696153846154,4,True
2010-07-22,996.4201923076923,994.0269230769231,998.0384615384615,4,True
2010-07-23,997.3548076923078,995.5653846153847,999.0,4,True
2010-07-24,998.0711538461538,997.0846153846153,999.3153846153847,4,True
2010-07-25,997.0711538461538,996.1307692307693,997.8730769230768,4,True
2010-07-26,996.8221153846155,995.5192307692308,997.7846153846153,4,True
2010-07-27,996.9625,995.6192307692307,997.8423076923077,4,True
2010-07-28,998.3865384615385,997.2615384615384,999.2961538461539,4,True
2010-07-29,997.8038461538462,996.5384615384615,998.6576923076923,4,True
2010-07-30,995.1057692307693,993.5576923076924,995.7846153846153,4,True
2010-07-31,992.5009615384615,991.4538461538461,994.0884615384616,4,True
2010-08-01,992.3365384615385,990.5884615384616,993.9846153846153,4,True
2010-08-02,994.5826923076922,992.7461538461539,995.7615384615384,4,True
2010-08-03,996.0990384615384,995.1423076923077,996.9769230769231,4,True
2010-08-04,996.8807692307693,995.9730769230769,997.7653846153847,4,True
2010-08-05,998.1682692307693,995.5653846153847,999.8153846153847,4,True
2010-08-06,999.0855769230769,997.3269230769231,1000.1576923076923,4,True
2010-08-07,997.7355769230769,996.8615384615384,998.6884615384615,4,True
2010-08-08,996.6875,995.0846153846153,998.1384615384616,4,True
2010-08-09,996.5576923076923,994.6692307692308,998.1384615384616,4,True
2010-08-10,996.4788461538461,994.7346153846153,997.5192307692308,4,True
2010-08-11,996.635576923077,995.2653846153847,997.9192307692308,4,True
2010-08-12,995.825,994.1076923076923,997.3653846153846,4,True
2010-08-13,996.7221153846153,994.8538461538461,998.2730769230769,4,True
2010-08-14,998.0798076923077,996.7269230769231,999.2384615384616,4,True
2010-08-15,998.251923076923,997.6,998.9692307692308,4,True
2010-08-16,996.8403846153847,995.7423076923077,998.0307692307692,4,True
2010-08-17,996.2971153846154,993.696153846154,997.9076923076923,4,True
2010-08-18,996.4528846153846,995.0038461538461,997.5230769230769,4,True
2010-08-19,994.4115384615384,993.4384615384615,995.8307692307692,4,True
2010-08-20,994.0644230769232,991.3461538461539,996.2461538461539,4,True
2010-08-21,995.975,993.7153846153847,997.0230769230769,4,True
2010-08-22,996.8451923076923,995.4115384615384,998.0769230769231,4,True
2010-08-23,995.0307692307692,994.1038461538461,996.15,4,True
2010-08-24,993.3432692307692,991.7153846153847,994.7153846153847,4,True
2010-08-25,993.5307692307691,991.303846153846,995.0846153846153,4,True
2010-08-26,993.8057692307692,992.0807692307692,995.1653846153847,4,True
2010-08-27,993.8201923076923,992.2576923076923,995.1076923076923,4,True
2010-08-28,994.260576923077,993.8807692307693,994.8423076923077,4,True
2010-08-29,993.8615384615385,992.7269230769231,995.2076923076924,4,True
2010-08-30,995.0028846153846,993.45,996.4423076923076,4,True
2010-08-31,993.7028846153846,993.1,994.8884615384616,4,True
2010-09-01,993.0567307692307,991.8807692307693,994.4615384615385,4,True
2010-09-02,995.3576923076923,993.3153846153847,996.7269230769231,4,True
2010-09-03,998.0278846153846,997.1423076923077,999.4346153846153,4,True
2010-09-04,996.4076923076923,995.2346153846153,997.4269230769231,4,True
2010-09-05,995.0692307692308,993.5192307692308,996.4384615384615,4,True
2010-09-06,996.5461538461539,995.5653846153847,997.9692307692308,4,True
2010-09-07,997.6913461538461,997.3730769230768,998.1038461538461,4,True
2010-09-08,996.2163461538462,996.05,996.6730769230769,4,True
2010-09-09,994.5124999999999,993.3307692307692,995.4846153846153,4,True
2010-09-10,993.5471153846154,992.2192307692308,994.9538461538461,4,True
2010-09-11,992.6990384615384,991.0884615384616,994.4384615384615,4,True
2010-09-12,992.9557692307692,991.0346153846153,994.7730769230769,4,True
2010-09-13,992.1682692307692,991.1192307692307,993.4038461538461,4,True
2010-09-14,993.1663461538461,990.7115384615385,994.8192307692308,4,True
2010-09-15,994.501923076923,993.7423076923077,995.1576923076923,4,True
2010-09-16,994.3855769230769,993.4115384615384,995.35,4,True
2010-09-17,992.9653846153847,991.9653846153847,994.1153846153846,4,True
2010-09-18,993.7278846153846,991.9076923076923,995.6730769230769,4,True
2010-09-19,994.2317307692308,992.5153846153847,995.4653846153847,4,True
2010-09-20,994.2951923076923,993.6461538461539,994.9961538461539,4,True
2010-09-21,992.5057692307693,991.0961538461539,993.1923076923076,4,True
2010-09-22,992.251923076923,990.4076923076923,993.9961538461539,4,True
2010-09-23,992.7990384615384,991.5884615384616,994.2230769230769,4,True
2010-09-24,993.0086538461538,992.4538461538461,994.5307692307692,4,True
2010-09-25,993.2461538461539,992.5153846153847,994.9269230769231,4,True
2010-09-26,992.1307692307693,991.0730769230769,993.7961538461539,4,True
2010-09-27,991.4086538461538,989.6423076923077,993.3769230769232,4,True
2010-09-28,990.5836538461538,989.2269230769231,992.6192307692307,4,True
2010-09-29,990.3019230769231,987.9346153846153,992.9692307692308,4,True
2010-09-30,991.3596153846154,988.8961538461539,993.8692307692307,4,True
2010-10-01,991.4778846153846,990.2653846153847,993.4384615384615,4,True
2010-10-02,990.5394230769231,988.5615384615385,992.55,4,True
2010-10-03,990.376923076923,988.6538461538461,992.7384615384616,4,True
2010-10-04,993.7759615384616,991.7,995.5730769230769,4,True
2010-10-05,995.064423076923,993.3884615384616,995.8538461538461,4,True
2010-10-06,993.8634615384616,992.5576923076924,995.45,4,True
2010-10-07,992.4740384615385,990.9846153846153,994.2192307692308,4,True
2010-10-08,993.9971153846153,991.4730769230769,996.2038461538461,4,True
2010-10-09,996.1798076923077,994.9038461538461,997.8384615384616,4,True
2010-10-10,995.4567307692307,994.2923076923076,996.5576923076924,4,True
2010-10-11,995.1740384615384,994.1038461538461,996.0769230769231,4,True
2010-10-12,995.5692307692308,994.5230769230769,996.6307692307693,4,True
2010-10-13,994.6567307692308,993.2653846153847,995.7538461538461,4,True
2010-10-14,993.2355769230769,991.7269230769231,995.3,4,True
2010-10-15,993.2153846153847,992.0961538461539,994.5461538461539,4,True
2010-10-16,993.5596153846154,992.2692307692308,994.7192307692308,4,True
2010-10-17,994.4432692307693,994.0384615384615,994.8807692307693,4,True
2010-10-18,994.751923076923,992.3884615384616,996.1692307692308,4,True
2010-10-19,993.1865384615385,992.0346153846153,994.7346153846153,4,True
2010-10-20,993.7240384615384,993.0884615384616,993.9615384615385,4,True
2010-10-21,992.6038461538462,990.6384615384616,994.2423076923077,4,True
2010-10-22,991.5028846153846,990.5461538461539,993.2307692307692,4,True
2010-10-23,991.5086538461538,989.9653846153847,993.7769230769231,4,True
2010-10-24,989.9576923076924,988.8846153846154,991.2,4,True
2010-10-25,990.025,989.0,991.6153846153846,4,True
2010-10-26,990.5759615384616,989.6461538461539,992.1807692307692,4,True
2010-10-27,991.6528846153847,990.7230769230769,992.6884615384615,4,True
2010-10-28,990.3778846153846,988.6576923076923,991.4346153846153,4,True
2010-10-29,989.0913461538462,987.4423076923076,991.3884615384616,4,True
2010-10-30,989.064423076923,987.3961538461539,991.7038461538461,4,True
2010-10-31,989.9182692307693,988.9153846153847,991.65,4,True
2010-11-01,992.9673076923077,992.0,994.3,4,True
2010-11-02,994.1596153846153,992.1423076923077,995.5269230769231,4,True
2010-11-03,992.8375,990.1461538461539,993.9923076923077,4,True
2010-11-04,988.6625,987.3653846153846,990.9230769230769,4,True
2010-11-05,988.9115384615385,986.7653846153847,991.6730769230769,4,True
2010-11-06,990.9548076923077,988.95,992.7961538461539,4,True
2010-11-07,991.05,990.6153846153846,991.4269230769231,4,True
2010-11-08,989.8326923076922,988.5,991.1115384615384,4,True
2010-11-09,989.2009615384616,988.0461538461539,990.3615384615384,4,True
2010-11-10,990.9721153846154,989.4538461538461,992.7653846153847,4,True
2010-11-11,992.3067307692309,991.6076923076923,993.4769230769231,4,True
2010-11-12,994.2221153846153,992.5884615384616,995.2884615384615,4,True
2010-11-13,994.7615384615385,992.8461538461539,995.9923076923077,4,True
2010-11-14,992.5423076923076,990.9307692307692,994.1846153846153,4,True
2010-11-15,991.8432692307692,990.6038461538461,993.1423076923077,4,True
2010-11-16,992.7115384615385,991.3807692307693,994.5,4,True
2010-11-17,992.4865384615384,991.55,993.5653846153847,4,True
2010-11-18,992.1615384615385,991.5961538461539,992.7461538461539,4,True
2010-11-19,991.0567307692307,989.8538461538461,991.9692307692308,4,True
2010-11-20,991.2086538461539,989.3461538461539,992.85,4,True
2010-11-21,992.660576923077,991.0153846153847,994.4307692307692,4,True
2010-11-22,991.6355769230769,990.3730769230768,993.0,4,True
2010-11-23,989.0596153846154,986.3153846153847,990.8807692307693,4,True
2010-11-24,988.1278846153846,986.5576923076924,990.2884615384615,4,True
2010-11-25,989.3461538461538,986.8846153846154,991.6115384615384,4,True
2010-11-26,991.3019230769231,990.1307692307693,993.2307692307692,4,True
2010-11-27,991.0778846153846,989.3461538461539,992.7846153846153,4,True
2010-11-28,990.7875,989.2769230769231,992.1769230769231,4,True
2010-11-29,990.0432692307692,988.9807692307692,991.6423076923077,4,True
2010-11-30,990.6346153846154,989.5307692307692,991.8230769230769,4,True
2010-12-01,990.3884615384616,989.1,991.3153846153847,4,True
2010-12-02,990.0923076923077,988.9653846153847,991.3615384615384,4,True
2010-12-03,990.9875,990.3423076923077,991.7615384615384,4,True
2010-12-04,992.4721153846153,991.4153846153847,993.4846153846153,4,True
2010-12-05,993.7,993.0576923076924,994.4884615384616,4,True
2010-12-06,994.1740384615384,992.8307692307692,996.0346153846153,4,True
2010-12-07,992.6730769230769,991.5307692307692,993.8346153846153,4,True
2010-12-08,991.8096153846154,990.7769230769231,993.4115384615384,4,True
2010-12-09,991.6826923076924,990.2807692307692,993.4153846153847,4,True
2010-12-10,990.8009615384615,989.9576923076924,992.3423076923077,4,True
2010-12-11,990.3990384615385,988.7192307692308,992.2923076923076,4,True
2010-12-12,990.3240384615385,987.9615384615385,992.2269230769231,4,True
2010-12-13,989.1740384615384,987.7115384615385,990.6692307692308,4,True
2010-12-14,988.0682692307691,985.9423076923076,990.1769230769231,4,True
2010-12-15,989.2884615384615,986.9076923076923,991.7692307692308,4,True
2010-12-16,991.4634615384616,989.1269230769232,992.9538461538461,4,True
2010-12-17,992.0615384615385,990.8884615384616,993.45,4,True
2010-12-18,991.0807692307692,989.7730769230769,992.4653846153847,4,True
2010-12-19,990.0884615384616,988.9961538461539,991.7192307692308,4,True
2010-12-20,989.7009615384616,987.3538461538461,991.6269230769232,4,True
2010-12-21,991.1317307692308,989.1423076923077,993.0076923076923,4,True
2010-12-22,993.1028846153846,991.9153846153847,994.4538461538461,4,True
2010-12-23,993.2538461538461,991.9,994.2384615384616,4,True
2010-12-24,992.4605769230769,991.2730769230769,993.1192307692307,4,True
2010-12-25,992.6826923076924,990.9576923076924,993.9269230769231,4,True
2010-12-26,993.6990384615384,992.5346153846153,994.1807692307692,4,True
2010-12-27,993.5634615384615,992.1307692307693,994.803846153846,4,True
2010-12-28,992.0346153846154,990.8961538461539,993.3461538461539,4,True
2010-12-29,991.6432692307692,990.6615384615384,992.8423076923077,4,True
2010-12-30,991.2173076923077,989.55,992.3807692307693,4,True
2010-12-31,989.8528846153846,988.4,991.5346153846153,4,True
2011-01-01,990.7384615384616,988.5423076923076,992.85,4,True
2011-01-02,990.0682692307691,988.4730769230769,991.9038461538461,4,True
2011-01-03,989.4096153846153,987.3230769230769,991.7461538461539,4,True
2011-01-04,989.6711538461539,987.2923076923076,992.0576923076924,4,True
2011-01-05,990.6413461538461,988.2115384615385,992.6038461538461,4,True
2011-01-06,991.7509615384615,990.1307692307693,993.4269230769231,4,True
2011-01-07,991.7846153846153,990.6269230769232,993.2346153846153,4,True
2011-01-08,991.85,990.1769230769231,993.4769230769231,4,True
2011-01-09,992.8288461538461,991.35,993.6346153846154,4,True
2011-01-10,993.5999999999999,992.7423076923077,994.5807692307692,4,True
2011-01-11,993.4403846153846,991.9269230769231,994.6307692307693,4,True
2011-01-12,992.564423076923,991.3846153846154,993.9230769230769,4,True
2011-01-13,992.689423076923,990.5307692307692,994.3269230769231,4,True
2011-01-14,992.7894230769231,991.4961538461539,994.4307692307692,4,True
2011-01-15,992.2942307692307,990.1576923076923,994.1307692307693,4,True
2011-01-16,991.4221153846154,989.9769230769231,992.4884615384616,4,True
2011-01-17,991.2826923076923,989.8846153846154,992.303846153846,4,True
2011-01-18,992.6682692307693,990.9846153846153,993.9692307692308,4,True
2011-01-19,992.5134615384616,990.9038461538461,993.8192307692308,4,True
2011-01-20,990.8846153846154,989.7807692307692,992.0692307692308,4,True
2011-01-21,989.7057692307692,988.4807692307692,991.7,4,True
2011-01-22,989.7817307692308,987.4807692307692,991.3192307692308,4,True
2011-01-23,990.9230769230769,988.3307692307692,992.8769230769232,4,True
2011-01-24,991.9932692307692,989.6038461538461,994.1846153846153,4,True
2011-01-25,992.0288461538462,989.8769230769232,994.0153846153847,4,True
2011-01-26,991.8028846153846,989.6153846153846,993.6346153846154,4,True
2011-01-27,991.4192307692308,990.0730769230769,992.4,4,True
2011-01-28,991.9432692307693,990.2730769230769,992.7076923076924,4,True
2011-01-29,994.2346153846154,991.6192307692307,996.2884615384615,4,True
2011-01-30,995.7192307692308,994.3384615384616,996.8423076923077,4,True
2011-01-31,995.4692307692308,994.7076923076924,996.5730769230769,4,True
2011-02-01,994.8375000000001,993.7384615384616,995.8846153846154,4,True
2011-02-02,995.0307692307692,993.8346153846153,995.75,4,True
2011-02-03,994.9163461538461,994.1115384615384,995.7153846153847,4,True
2011-02-04,992.5807692307692,991.4730769230769,993.803846153846,4,True
2011-02-05,990.9759615384615,989.6192307692307,992.6038461538461,4,True
2011-02-06,991.0990384615385,989.3461538461539,992.0461538461539,4,True
2011-02-07,992.4048076923077,990.0346153846153,994.0730769230769,4,True
2011-02-08,993.3923076923077,992.4615384615385,994.4576923076924,4,True
2011-02-09,993.4913461538462,992.0230769230769,994.8769230769232,4,True
2011-02-10,992.5192307692307,991.8192307692308,993.1538461538461,4,True
2011-02-11,992.4769230769231,991.1269230769232,993.6307692307693,4,True
2011-02-12,993.5923076923077,992.1576923076923,995.3076923076924,4,True
2011-02-13,993.2644230769231,991.7807692307692,994.4653846153847,4,True
2011-02-14,993.0894230769231,992.5038461538461,994.3923076923077,4,True
2011-02-15,993.5855769230769,992.7692307692308,994.6269230769232,4,True
2011-02-16,993.6384615384616,992.75,994.6730769230769,4,True
2011-02-17,993.2701923076924,992.0884615384616,993.8923076923077,4,True
2011-02-18,992.5923076923077,991.3615384615384,994.0269230769231,4,True
2011-02-19,990.9115384615385,989.8846153846154,992.1307692307693,4,True
2011-02-20,990.4163461538461,988.7807692307692,991.2923076923076,4,True
2011-02-21,991.8326923076924,990.1269230769232,993.3076923076924,4,True
2011-02-22,992.7817307692308,991.0115384615384,994.1653846153847,4,True
2011-02-23,992.7644230769231,992.0615384615385,993.5923076923077,4,True
2011-02-24,991.5836538461539,990.3576923076923,992.9115384615384,4,True
2011-02-25,991.9951923076923,990.9692307692308,992.7923076923076,4,True
2011-02-26,993.2326923076923,992.4230769230769,994.0,4,True
2011-02-27,993.1259615384615,992.0961538461539,994.1115384615384,4,True
2011-02-28,993.2567307692308,991.6423076923077,994.8730769230768,4,True
2011-03-01,992.6730769230769,991.6192307692307,993.9038461538461,4,True
2011-03-02,991.0326923076923,989.4923076923077,992.1846153846153,4,True
2011-03-03,991.1009615384614,989.7884615384615,992.803846153846,4,True
2011-03-04,991.6605769230769,990.2192307692308,992.7576923076923,4,True
2011-03-05,992.6528846153847,991.1807692307692,993.2846153846153,4,True
2011-03-06,992.1355769230769,991.1346153846154,993.05,4,True
2011-03-07,991.0990384615385,990.2076923076924,992.196153846154,4,True
2011-03-08,991.7365384615384,989.9115384615384,993.0,4,True
2011-03-09,993.3923076923077,992.9653846153847,993.8923076923077,4,True
2011-03-10,993.7528846153847,993.1653846153847,994.3,4,True
2011-03-11,992.5259615384615,990.9384615384615,993.5807692307692,4,True
2011-03-12,992.2240384615385,990.2461538461539,993.9653846153847,4,True
2011-03-13,992.1692307692308,990.6461538461539,993.2730769230769,4,True
2011-03-14,992.2673076923077,990.6076923076923,994.4576923076924,4,True
2011-03-15,992.2,990.7,994.2730769230769,4,True
2011-03-16,993.2163461538462,991.3884615384616,995.5461538461539,4,True
2011-03-17,993.8759615384615,992.7076923076924,994.9692307692308,4,True
2011-03-18,993.275,991.6153846153846,994.4653846153847,4,True
2011-03-19,993.8903846153846,993.0846153846153,994.6730769230769,4,True
2011-03-20,994.0538461538462,993.0846153846153,994.8538461538461,4,True
2011-03-21,993.3913461538461,992.6538461538461,994.1615384615384,4,True
2011-03-22,991.5817307692307,990.3346153846153,992.5076923076923,4,True
2011-03-23,990.8519230769231,989.053846153846,992.5269230769231,4,True
2011-03-24,991.8528846153846,990.8192307692308,993.2884615384615,4,True
2011-03-25,993.4932692307692,992.4269230769231,994.3538461538461,4,True
2011-03-26,993.5557692307692,992.7307692307692,994.0730769230769,4,True
2011-03-27,994.3961538461538,993.3,994.9923076923077,4,True
2011-03-28,994.8153846153846,993.4807692307692,995.7153846153847,4,True
2011-03-29,995.3307692307692,994.3346153846153,996.2615384615384,4,True
2011-03-30,994.8346153846153,993.9307692307692,995.7423076923077,4,True
2011-03-31,994.0375,992.9307692307692,994.8269230769231,4,True
2011-04-01,993.789423076923,993.0423076923076,994.6923076923076,4,True
2011-04-02,993.6326923076923,992.5807692307692,994.6653846153847,4,True
2011-04-03,993.375,992.5230769230769,994.1384615384616,4,True
2011-04-04,992.3673076923077,991.1923076923076,992.8884615384616,4,True
2011-04-05,993.6528846153847,993.0615384615385,994.5346153846153,4,True
2011-04-06,994.7961538461539,993.7961538461539,995.1576923076923,4,True
2011-04-07,994.8048076923077,994.3153846153847,995.2615384615384,4,True
2011-04-08,993.9586538461539,993.45,994.3807692307693,4,True
2011-04-09,994.0903846153847,993.1,994.8153846153847,4,True
2011-04-10,995.9663461538462,995.0615384615385,997.0153846153847,4,True
2011-04-11,994.7788461538462,993.4884615384616,995.4076923076923,4,True
2011-04-12,993.2278846153847,992.3769230769232,994.2076923076924,4,True
2011-04-13,993.0875,992.0692307692308,994.1384615384616,4,True
2011-04-14,993.1365384615384,992.053846153846,994.2538461538461,4,True
2011-04-15,993.8028846153846,992.7038461538461,994.5653846153847,4,True
2011-04-16,993.7586538461538,993.1538461538461,994.2384615384616,4,True
2011-04-17,993.7673076923077,992.5846153846153,994.6692307692308,4,True
2011-04-18,994.7326923076923,993.7807692307692,995.7653846153847,4,True
2011-04-19,995.9634615384615,995.1,996.9269230769231,4,True
2011-04-20,994.8211538461538,993.2346153846153,995.803846153846,4,True
2011-04-21,993.0913461538462,992.1807692307692,994.0269230769231,4,True
2011-04-22,993.4557692307693,992.1269230769232,994.4230769230769,4,True
2011-04-23,994.0653846153846,992.9961538461539,994.8923076923077,4,True
2011-04-24,994.6057692307692,993.6576923076923,995.7538461538461,4,True
2011-04-25,994.025,993.2192307692308,995.0307692307692,4,True
2011-04-26,994.7961538461539,994.2038461538461,995.5192307692308,4,True
2011-04-27,995.8538461538461,994.6346153846154,996.6846153846153,4,True
2011-04-28,996.1192307692307,994.1576923076923,997.4346153846153,4,True
2011-04-29,993.3153846153846,992.1153846153846,994.1192307692307,4,True
2011-04-30,991.6432692307693,990.5692307692308,993.0153846153847,4,True
2011-05-01,992.0576923076924,990.9653846153847,993.6038461538461,4,True
2011-05-02,993.6634615384615,992.1230769230768,994.6115384615384,4,True
2011-05-03,997.0701923076923,995.1846153846153,998.5423076923076,4,True
2011-05-04,998.2096153846153,997.2923076923076,999.0346153846153,4,True
2011-05-05,996.8528846153846,995.4692307692308,997.6307692307693,4,True
2011-05-06,996.001923076923,994.1730769230769,997.4115384615384,4,True
2011-05-07,996.6990384615385,995.4153846153847,997.3346153846153,4,True
2011-05-08,996.2125,995.4192307692308,997.1038461538461,4,True
2011-05-09,995.4538461538461,994.5076923076923,996.2653846153847,4,True
2011-05-10,995.4855769230769,994.446153846154,996.3615384615384,4,True
2011-05-11,995.0317307692308,994.3730769230768,995.45,4,True
2011-05-12,994.8884615384616,993.5615384615385,995.6846153846153,4,True
2011-05-13,994.0528846153845,992.553846153846,995.0230769230769,4,True
2011-05-14,992.95,992.2153846153847,993.9,4,True
2011-05-15,994.3038461538462,993.9423076923076,994.7923076923076,4,True
2011-05-16,995.6596153846153,995.05,996.7692307692308,4,True
2011-05-17,994.2201923076923,992.4038461538461,995.2615384615384,4,True
2011-05-18,993.2615384615385,991.3769230769232,994.7346153846153,4,True
2011-05-19,994.0086538461538,992.5307692307692,994.9884615384616,4,True
2011-05-20,994.6913461538461,993.2307692307692,995.4692307692308,4,True
2011-05-21,994.3298076923077,993.0923076923077,995.7884615384615,4,True
2011-05-22,995.1528846153847,993.8769230769232,996.9269230769231,4,True
2011-05-23,996.2788461538462,994.9846153846153,997.8807692307693,4,True
2011-05-24,996.7634615384616,996.1538461538461,997.4730769230769,4,True
2011-05-25,995.8009615384615,994.9730769230769,996.8307692307692,4,True
2011-05-26,996.7730769230769,995.2538461538461,998.2115384615385,4,True
2011-05-27,997.3192307692308,996.3807692307693,998.1115384615384,4,True
2011-05-28,996.7105769230769,996.1115384615384,997.3461538461539,4,True
2011-05-29,996.6932692307693,995.3192307692308,997.4576923076924,4,True
2011-05-30,997.0836538461538,996.2307692307692,997.6307692307693,4,True
2011-05-31,996.7894230769231,996.1807692307692,997.2307692307692,4,True
2011-06-01,996.9663461538462,996.053846153846,997.6307692307693,4,True
2011-06-02,997.2115384615385,996.8192307692308,997.5115384615384,4,True
2011-06-03,996.4865384615384,995.7769230769231,997.1346153846154,4,True
2011-06-04,997.8413461538462,996.3115384615385,998.8730769230768,4,True
2011-06-05,998.6384615384616,997.9961538461539,999.1692307692308,4,True
2011-06-06,996.239423076923,994.9846153846153,996.7769230769231,4,True
2011-06-07,995.3932692307692,993.7038461538461,996.7038461538461,4,True
2011-06-08,996.3826923076923,994.3884615384616,998.0076923076923,4,True
2011-06-09,996.185576923077,995.2692307692308,996.8884615384616,4,True
2011-06-10,996.7355769230769,995.3423076923077,998.0423076923076,4,True
2011-06-11,996.9298076923077,996.2269230769231,997.3884615384616,4,True
2011-06-12,996.7259615384615,995.9807692307692,997.7269230769231,4,True
2011-06-13,997.4817307692308,996.2076923076924,998.2269230769231,4,True
2011-06-14,998.3490384615385,997.5461538461539,998.8538461538461,4,True
2011-06-15,997.4528846153846,996.8846153846154,997.7192307692308,4,True
2011-06-16,996.3865384615384,995.8692307692307,997.1038461538461,4,True
2011-06-17,996.2249999999999,994.8615384615384,996.7307692307692,4,True
2011-06-18,997.8817307692308,996.2769230769231,998.803846153846,4,True
2011-06-19,997.251923076923,995.6846153846153,998.1615384615384,4,True
2011-06-20,995.4298076923077,994.1346153846154,996.1192307692307,4,True
2011-06-21,995.4153846153846,993.2807692307692,996.6576923076923,4,True
2011-06-22,996.7567307692307,995.6423076923077,997.7153846153847,4,True
2011-06-23,997.0653846153847,995.7615384615384,997.7384615384616,4,True
2011-06-24,996.5461538461539,995.5269230769231,997.3923076923077,4,True
2011-06-25,995.8490384615385,994.8384615384616,996.5307692307692,4,True
2011-06-26,997.5384615384615,996.5153846153847,998.1461538461539,4,True
2011-06-27,997.8682692307692,997.3,998.3076923076924,4,True
2011-06-28,997.0673076923077,996.1038461538461,997.8153846153847,4,True
2011-06-29,995.4067307692308,993.9884615384616,997.0115384615384,4,True
2011-06-30,994.7326923076923,993.553846153846,995.946153846154,4,True
2011-07-01,995.7846153846154,994.4538461538461,996.6307692307693,4,True
2011-07-02,996.3605769230769,995.0346153846153,996.9961538461539,4,True
2011-07-03,997.5673076923077,995.9769230769231,998.2730769230769,4,True
2011-07-04,998.4211538461539,997.05,999.2653846153847,4,True
2011-07-05,999.0567307692307,998.0923076923077,999.7192307692308,4,True
2011-07-06,998.4971153846154,997.7884615384615,999.2346153846153,4,True
2011-07-07,997.8048076923077,996.7423076923077,998.8884615384616,4,True
2011-07-08,997.5057692307691,995.9076923076923,998.4923076923077,4,True
2011-07-09,997.2365384615384,996.3384615384616,998.0730769230769,4,True
2011-07-10,997.6201923076923,996.0807692307692,998.35,4,True
2011-07-11,998.4798076923076,997.0269230769231,999.3730769230768,4,True
2011-07-12,998.2384615384616,997.8461538461539,998.5730769230769,4,True
2011-07-13,997.2317307692308,996.7153846153847,997.5576923076924,4,True
2011-07-14,996.4221153846154,995.1307692307693,997.3076923076924,4,True
2011-07-15,994.6567307692308,992.9653846153847,995.8538461538461,4,True
2011-07-16,995.0192307692307,993.0076923076923,996.5653846153847,4,True
2011-07-17,995.9384615384615,994.4615384615385,997.2884615384615,4,True
2011-07-18,996.8548076923076,995.3923076923077,997.7615384615384,4,True
2011-07-19,996.8586538461539,996.0615384615385,997.6269230769232,4,True
2011-07-20,997.5269230769231,995.7769230769231,998.6461538461539,4,True
2011-07-21,996.8201923076923,994.8538461538461,997.6269230769232,4,True
2011-07-22,997.551923076923,995.9807692307692,998.3538461538461,4,True
2011-07-23,998.2692307692307,996.6846153846153,998.9923076923077,4,True
2011-07-24,998.7567307692307,997.6576923076923,999.95,4,True
2011-07-25,997.9326923076923,997.0038461538461,998.5846153846153,4,True
2011-07-26,996.0423076923078,995.1038461538461,996.6461538461539,4,True
2011-07-27,997.2692307692307,996.0461538461539,997.9346153846153,4,True
2011-07-28,996.6028846153847,995.8769230769232,997.2115384615385,4,True
2011-07-29,993.514423076923,992.3730769230768,994.2923076923076,4,True
2011-07-30,992.8278846153846,990.6423076923077,994.2076923076924,4,True
2011-07-31,994.1596153846153,992.553846153846,995.6423076923077,4,True
2011-08-01,994.6634615384615,992.7038461538461,996.5384615384615,4,True
2011-08-02,994.2134615384615,993.2,995.1692307692308,4,True
2011-08-03,994.0826923076922,992.5461538461539,994.9730769230769,4,True
2011-08-04,996.2586538461538,993.2961538461539,997.9192307692308,4,True
2011-08-05,998.3221153846154,997.0423076923076,999.4038461538461,4,True
2011-08-06,998.3413461538462,997.196153846154,999.65,4,True
2011-08-07,998.198076923077,996.8,999.1653846153847,4,True
2011-08-08,998.3115384615385,997.0576923076924,999.55,4,True
2011-08-09,997.6615384615384,996.4730769230769,998.3730769230768,4,True
2011-08-10,997.501923076923,996.1730769230769,998.7538461538461,4,True
2011-08-11,996.7625,995.8576923076923,997.8423076923077,4,True
2011-08-12,994.9798076923078,994.1884615384615,995.9923076923077,4,True
2011-08-13,994.5932692307692,993.2423076923077,995.7769230769231,4,True
2011-08-14,995.2125,993.0076923076923,996.2346153846153,4,True
2011-08-15,995.748076923077,994.6153846153846,996.5115384615384,4,True
2011-08-16,995.95,994.95,997.0807692307692,4,True
2011-08-17,995.060576923077,992.8615384615384,996.7269230769231,4,True
2011-08-18,994.7701923076922,993.7423076923077,995.4730769230769,4,True
2011-08-19,993.0634615384615,991.803846153846,993.9961538461539,4,True
2011-08-20,992.2173076923077,989.7769230769231,993.8961538461539,4,True
2011-08-21,994.7807692307692,992.9192307692308,996.1115384615384,4,True
2011-08-22,997.0817307692308,995.5576923076924,998.2846153846153,4,True
2011-08-23,996.5586538461539,995.2846153846153,997.7153846153847,4,True
2011-08-24,997.123076923077,995.1423076923077,998.7538461538461,4,True
2011-08-25,997.3326923076924,995.1384615384616,998.7076923076924,4,True
2011-08-26,998.0403846153846,995.7730769230769,999.3461538461539,4,True
2011-08-27,998.435576923077,996.9153846153847,999.4153846153847,4,True
2011-08-28,996.7384615384616,995.6307692307693,997.7692307692308,4,True
2011-08-29,996.0432692307693,994.6384615384616,997.3423076923077,4,True
2011-08-30,996.2798076923077,994.7384615384616,997.0384615384615,4,True
2011-08-31,997.6942307692308,996.05,998.8,4,True
2011-09-01,998.7673076923077,996.9423076923076,999.7730769230769,4,True
2011-09-02,998.625,997.6230769230768,999.3192307692308,4,True
2011-09-03,997.3682692307692,996.1884615384615,998.2115384615385,4,True
2011-09-04,996.2711538461538,995.05,997.303846153846,4,True
2011-09-05,995.7019230769231,994.5230769230769,996.7653846153847,4,True
2011-09-06,995.5769230769231,993.9961538461539,996.2923076923076,4,True
2011-09-07,995.925,995.0076923076923,996.7192307692308,4,True
2011-09-08,995.0057692307691,993.7846153846153,996.0730769230769,4,True
2011-09-09,993.2740384615385,992.0692307692308,994.6115384615384,4,True
2011-09-10,993.6115384615384,991.75,995.1807692307692,4,True
2011-09-11,996.5115384615384,994.5115384615384,998.2538461538461,4,True
2011-09-12,998.1557692307692,997.9846153846153,998.5230769230769,4,True
2011-09-13,998.1788461538462,997.7961538461539,998.9153846153847,4,True
2011-09-14,997.2173076923077,996.0884615384616,998.0384615384615,4,True
2011-09-15,995.8576923076923,994.5038461538461,997.8730769230768,4,True
2011-09-16,995.65,994.3615384615384,996.4730769230769,4,True
2011-09-17,994.7817307692308,993.9,996.0269230769231,4,True
2011-09-18,995.0326923076923,993.5076923076923,996.6653846153847,4,True
2011-09-19,995.7115384615385,994.3615384615384,996.6692307692308,4,True
2011-09-20,996.0134615384616,994.9615384615385,997.0461538461539,4,True
2011-09-21,995.7269230769231,994.5692307692308,996.8076923076924,4,True
2011-09-22,995.4875000000001,994.7269230769231,996.4269230769231,4,True
2011-09-23,994.5817307692308,993.3384615384616,996.1153846153846,4,True
2011-09-24,994.7375,993.5192307692308,995.3307692307692,4,True
2011-09-25,995.7394230769231,995.2692307692308,996.1307692307693,4,True
2011-09-26,996.9076923076923,996.0192307692308,998.0115384615384,4,True
2011-09-27,997.2721153846153,996.7923076923076,997.7192307692308,4,True
2011-09-28,996.6634615384615,995.5346153846153,997.2461538461539,4,True
2011-09-29,994.6826923076924,992.9884615384616,995.8076923076924,4,True
2011-09-30,993.7711538461539,991.6884615384615,995.6307692307693,4,True
2011-10-01,993.1913461538461,992.1,994.8807692307693,4,True
2011-10-02,993.5221153846154,992.8076923076924,994.0038461538461,4,True
2011-10-03,994.1846153846154,993.3884615384616,995.6,4,True
2011-10-04,993.6057692307692,991.6192307692307,994.8307692307692,4,True
2011-10-05,992.635576923077,991.7961538461539,993.95,4,True
2011-10-06,992.5221153846154,991.1692307692308,994.2192307692308,4,True
2011-10-07,993.4403846153846,992.1923076923076,994.7692307692308,4,True
2011-10-08,993.2817307692308,992.2230769230769,994.5384615384615,4,True
2011-10-09,993.1028846153846,991.9884615384616,994.2692307692308,4,True
2011-10-10,992.9403846153846,991.8923076923077,994.2384615384616,4,True
2011-10-11,992.2461538461538,990.9423076923076,993.9423076923076,4,True
2011-10-12,990.7557692307693,988.5653846153847,992.3807692307693,4,True
2011-10-13,989.7538461538461,988.2730769230769,991.9307692307692,4,True
2011-10-14,989.5567307692309,987.9615384615385,991.0653846153847,4,True
2011-10-15,989.8548076923076,988.4961538461539,991.9115384615384,4,True
2011-10-16,989.9403846153846,988.5730769230769,991.8076923076924,4,True
2011-10-17,989.8528846153846,988.9807692307692,991.5615384615385,4,True
2011-10-18,991.3682692307692,990.4730769230769,993.0346153846153,4,True
2011-10-19,992.6788461538462,991.5192307692308,994.5269230769231,4,True
2011-10-20,993.5211538461539,991.7076923076924,995.4384615384615,4,True
2011-10-21,992.8903846153846,990.6269230769232,994.6769230769231,4,True
2011-10-22,991.001923076923,990.0423076923076,992.7307692307692,4,True
2011-10-23,992.2548076923076,991.1153846153846,994.303846153846,4,True
2011-10-24,994.0701923076923,992.9384615384615,995.9384615384615,4,True
2011-10-25,992.4509615384616,990.0615384615385,994.1269230769232,4,True
2011-10-26,990.6163461538462,988.6692307692308,992.6192307692307,4,True
2011-10-27,991.4048076923077,989.5192307692308,992.7269230769231,4,True
2011-10-28,992.8865384615385,991.696153846154,994.0884615384616,4,True
2011-10-29,993.0769230769231,992.0769230769231,994.2807692307692,4,True
2011-10-30,993.1307692307691,992.3615384615384,994.4307692307692,4,True
2011-10-31,993.2836538461538,991.8615384615384,994.7,4,True
2011-11-01,993.5932692307692,991.8384615384616,995.446153846154,4,True
2011-11-02,993.7192307692308,992.6769230769231,995.2769230769231,4,True
2011-11-03,992.9259615384616,991.7576923076923,994.5269230769231,4,True
2011-11-04,992.7326923076923,991.8076923076924,994.0961538461539,4,True
2011-11-05,992.1971153846155,990.0923076923077,994.1923076923076,4,True
2011-11-06,991.9509615384616,990.9076923076923,993.4923076923077,4,True
2011-11-07,992.0519230769231,990.1807692307692,993.5153846153847,4,True
2011-11-08,992.3644230769231,991.6153846153846,992.8961538461539,4,True
2011-11-09,991.25,990.3153846153847,992.5923076923077,4,True
2011-11-10,990.5980769230769,989.4807692307692,992.6576923076923,4,True
2011-11-11,991.0192307692307,989.3576923076923,992.7961538461539,4,True
2011-11-12,991.9586538461538,991.2846153846153,992.7423076923077,4,True
2011-11-13,992.2490384615385,990.553846153846,992.9769230769231,4,True
2011-11-14,990.6490384615385,989.0730769230769,992.75,4,True
2011-11-15,990.4221153846154,989.2846153846153,991.9961538461539,4,True
2011-11-16,991.5663461538462,989.7384615384616,993.0192307692308,4,True
2011-11-17,991.3721153846154,990.9961538461539,992.0346153846153,4,True
2011-11-18,991.4076923076923,990.6653846153847,992.1230769230768,4,True
2011-11-19,992.1326923076923,990.7192307692308,993.6230769230768,4,True
2011-11-20,992.3788461538461,990.5615384615385,993.9615384615385,4,True
2011-11-21,992.0778846153846,991.0,993.5,4,True
2011-11-22,992.475,990.8269230769231,994.4153846153847,4,True
2011-11-23,994.4375,992.8923076923077,995.9846153846153,4,True
2011-11-24,994.9471153846154,994.1307692307693,996.1576923076923,4,True
2011-11-25,992.9009615384616,991.1153846153846,994.6923076923076,4,True
2011-11-26,991.2394230769231,989.6269230769232,993.1384615384616,4,True
2011-11-27,990.9951923076924,989.9692307692308,992.5153846153847,4,True
2011-11-28,990.4278846153846,989.2807692307692,991.6384615384616,4,True
2011-11-29,991.5134615384616,990.5769230769231,992.4884615384616,4,True
2011-11-30,991.2298076923078,989.696153846154,992.5153846153847,4,True
2011-12-01,991.1846153846154,988.75,993.4038461538461,4,True
2011-12-02,992.6644230769231,992.303846153846,993.3538461538461,4,True
2011-12-03,991.8125,990.4384615384615,992.8923076923077,4,True
2011-12-04,990.0336538461539,988.446153846154,991.3461538461539,4,True
2011-12-05,989.1740384615384,987.7923076923076,990.7269230769231,4,True
2011-12-06,990.5278846153847,989.0576923076924,991.2730769230769,4,True
2011-12-07,991.4076923076923,990.4076923076923,992.7461538461539,4,True
2011-12-08,991.6769230769231,990.8846153846154,992.8769230769232,4,True
2011-12-09,992.0451923076923,991.1576923076923,993.2846153846153,4,True
2011-12-10,992.1836538461538,990.6576923076923,994.05,4,True
2011-12-11,991.9653846153847,990.6653846153847,993.2615384615384,4,True
2011-12-12,991.2903846153846,989.946153846154,992.3346153846153,4,True
2011-12-13,991.9,990.7615384615384,993.2923076923076,4,True
2011-12-14,991.4000000000001,990.5384615384615,992.3961538461539,4,True
2011-12-15,991.2298076923078,990.1307692307693,992.1,4,True
2011-12-16,991.6942307692307,990.7846153846153,992.5115384615384,4,True
2011-12-17,992.8,991.3961538461539,993.7230769230769,4,True
2011-12-18,992.6096153846154,991.7461538461539,993.2384615384616,4,True
2011-12-19,992.2605769230769,991.1346153846154,993.1384615384616,4,True
2011-12-20,992.8528846153846,991.9807692307692,993.8423076923077,4,True
2011-12-21,992.9057692307692,992.4038461538461,993.5346153846153,4,True
2011-12-22,993.3740384615385,992.25,994.1538461538461,4,True
2011-12-23,993.3567307692308,992.2423076923077,994.2615384615384,4,True
2011-12-24,994.0105769230769,992.6692307692308,995.0307692307692,4,True
2011-12-25,994.8048076923077,993.6115384615384,995.75,4,True
2011-12-26,996.0153846153846,994.8615384615384,996.7230769230769,4,True
2011-12-27,996.8817307692308,996.1269230769232,997.5961538461539,4,True
2011-12-28,996.2192307692308,995.1615384615384,997.0423076923076,4,True
2011-12-29,994.9115384615384,993.7192307692308,995.9923076923077,4,True
2011-12-30,994.3115384615385,993.5961538461539,995.3461538461539,4,True
2011-12-31,993.6125,992.65,994.8115384615385,4,True
2012-01-01,993.5615384615385,991.3615384615384,995.2615384615384,4,True
2012-01-02,993.4423076923077,992.4807692307692,994.3846153846154,4,True
2012-01-03,993.4932692307692,992.9538461538461,994.3153846153847,4,True
2012-01-04,994.2336538461539,993.3538461538461,995.5730769230769,4,True
2012-01-05,993.9759615384615,993.3076923076924,995.0269230769231,4,True
2012-01-06,993.5788461538461,993.1230769230768,994.05,4,True
2012-01-07,993.8615384615384,992.696153846154,994.5346153846153,4,True
2012-01-08,993.8086538461538,993.3,994.4307692307692,4,True
2012-01-09,994.1519230769231,993.6807692307692,995.2346153846153,4,True
2012-01-10,992.4317307692309,991.2961538461539,993.7384615384616,4,True
2012-01-11,990.5144230769231,988.8615384615384,992.6,4,True
2012-01-12,991.9471153846155,990.3961538461539,993.2961538461539,4,True
2012-01-13,992.9798076923076,992.4346153846153,993.6423076923077,4,True
2012-01-14,995.2336538461539,994.0423076923076,995.946153846154,4,True
2012-01-15,996.5317307692308,995.7807692307692,997.7115384615385,4,True
2012-01-16,996.1076923076923,995.2384615384616,997.3,4,True
2012-01-17,994.4528846153846,993.5307692307692,995.8230769230769,4,True
2012-01-18,993.0125,991.9961538461539,994.4153846153847,4,True
2012-01-19,992.1230769230768,990.9346153846153,993.3923076923077,4,True
2012-01-20,992.4586538461538,990.803846153846,993.3538461538461,4,True
2012-01-21,992.9413461538461,991.803846153846,994.2884615384615,4,True
2012-01-22,992.4836538461539,991.2076923076924,994.3153846153847,4,True
2012-01-23,991.5807692307692,989.9730769230769,993.9423076923076,4,True
2012-01-24,991.1115384615385,989.8884615384616,992.3769230769232,4,True
2012-01-25,991.8932692307692,990.1846153846153,993.1346153846154,4,True
2012-01-26,991.9230769230769,990.2769230769231,993.4961538461539,4,True
2012-01-27,992.6951923076923,991.9807692307692,993.3884615384616,4,True
2012-01-28,993.2951923076923,992.7038461538461,994.2576923076923,4,True
2012-01-29,993.5961538461538,992.6923076923076,994.1615384615384,4,True
2012-01-30,992.7182692307692,991.7038461538461,993.6423076923077,4,True
2012-01-31,991.5586538461539,990.55,992.5730769230769,4,True
2012-02-01,991.1173076923077,989.6923076923076,992.5384615384615,4,True
2012-02-02,990.6682692307693,989.0576923076924,992.0692307692308,4,True
2012-02-03,991.3048076923076,990.0730769230769,991.9115384615384,4,True
2012-02-04,991.8423076923077,990.45,992.7538461538461,4,True
2012-02-05,992.3951923076924,991.1884615384615,993.5076923076923,4,True
2012-02-06,993.5557692307692,992.3192307692308,994.3653846153846,4,True
2012-02-07,994.3009615384615,993.8692307692307,994.5807692307692,4,True
2012-02-08,994.0798076923077,993.6884615384615,994.3692307692307,4,True
2012-02-09,994.1201923076923,992.9307692307692,995.4769230769231,4,True
2012-02-10,993.8201923076923,992.4961538461539,994.6884615384615,4,True
2012-02-11,993.4019230769231,992.2807692307692,994.2576923076923,4,True
2012-02-12,992.8788461538462,992.3076923076924,993.3807692307693,4,True
2012-02-13,991.9269230769231,991.2384615384616,992.7807692307692,4,True
2012-02-14,991.1,989.4230769230769,992.696153846154,4,True
2012-02-15,992.2346153846154,989.7076923076924,994.2230769230769,4,True
2012-02-16,992.535576923077,990.2115384615385,994.4538461538461,4,True
2012-02-17,991.7673076923077,990.4423076923076,993.0807692307692,4,True
2012-02-18,992.0826923076924,991.3884615384616,993.4153846153847,4,True
2012-02-19,993.2163461538462,991.8846153846154,994.0615384615385,4,True
2012-02-20,993.7057692307692,992.7115384615385,994.5076923076923,4,True
2012-02-21,994.2971153846154,993.2423076923077,995.4115384615384,4,True
2012-02-22,993.25,992.1576923076923,994.05,4,True
2012-02-23,992.7528846153846,992.0307692307692,993.1115384615384,4,True
2012-02-24,993.573076923077,992.4038461538461,994.5961538461539,4,True
2012-02-25,992.9961538461539,991.7769230769231,994.0,4,True
2012-02-26,992.1375,990.6076923076923,993.4307692307692,4,True
2012-02-27,992.35,990.6307692307693,993.8307692307692,4,True
2012-02-28,993.0317307692308,991.7076923076924,993.7730769230769,4,True
2012-02-29,993.5355769230769,992.1115384615384,994.6692307692308,4,True
2012-03-01,993.1653846153846,991.15,994.7846153846153,4,True
2012-03-02,993.5817307692308,993.0153846153847,994.1461538461539,4,True
2012-03-03,994.5999999999999,994.0461538461539,995.1538461538461,4,True
2012-03-04,995.1240384615385,993.8153846153847,996.5,4,True
2012-03-05,994.6942307692308,993.6692307692308,995.6807692307692,4,True
2012-03-06,994.5490384615384,993.9961538461539,995.1730769230769,4,True
2012-03-07,993.1240384615385,992.303846153846,994.2192307692308,4,True
2012-03-08,993.3105769230768,992.05,994.4846153846153,4,True
2012-03-09,994.5086538461538,993.803846153846,995.6923076923076,4,True
2012-03-10,995.1125,994.0846153846153,995.9269230769231,4,True
2012-03-11,995.9173076923078,994.7076923076924,996.7846153846153,4,True
2012-03-12,995.4817307692308,994.4961538461539,996.1884615384615,4,True
2012-03-13,994.9,993.9269230769231,995.4884615384616,4,True
2012-03-14,994.3182692307691,992.5769230769231,995.2115384615385,4,True
2012-03-15,995.2644230769231,993.5923076923077,996.8923076923077,4,True
2012-03-16,995.7336538461539,994.8884615384616,996.4,4,True
2012-03-17,995.4817307692308,994.9961538461539,995.7923076923076,4,True
2012-03-18,994.1211538461539,993.2692307692308,995.5230769230769,4,True
2012-03-19,991.8826923076923,990.8384615384616,993.053846153846,4,True
2012-03-20,992.1298076923076,990.6884615384615,993.6230769230768,4,True
2012-03-21,992.0538461538462,991.1346153846154,992.5807692307692,4,True
2012-03-22,992.8278846153846,992.1038461538461,993.4884615384616,4,True
2012-03-23,992.6701923076923,991.5576923076924,993.3153846153847,4,True
2012-03-24,992.6451923076924,990.9538461538461,994.0653846153847,4,True
2012-03-25,993.2894230769231,991.75,994.2461538461539,4,True
2012-03-26,993.9653846153847,993.4692307692308,995.0269230769231,4,True
2012-03-27,993.8817307692308,993.0461538461539,995.1076923076923,4,True
2012-03-28,994.4240384615384,993.4423076923076,994.8730769230768,4,True
2012-03-29,995.2567307692307,994.4730769230769,995.7076923076924,4,True
2012-03-30,996.6451923076922,995.4230769230769,998.15,4,True
2012-03-31,997.0365384615384,996.4923076923077,997.3461538461539,4,True
2012-04-01,996.4115384615385,996.303846153846,996.6269230769232,4,True
2012-04-02,994.5663461538462,993.45,995.4576923076924,4,True
2012-04-03,994.2105769230769,993.2307692307692,994.8076923076924,4,True
2012-04-04,993.3346153846154,992.3769230769232,994.1,4,True
2012-04-05,992.9653846153847,992.3384615384616,993.7692307692308,4,True
2012-04-06,994.0673076923077,993.0423076923076,995.6653846153847,4,True
2012-04-07,994.1076923076923,993.4,994.9961538461539,4,True
2012-04-08,992.8673076923078,991.1692307692308,994.1653846153847,4,True
2012-04-09,991.7711538461538,989.7230769230769,992.5692307692308,4,True
2012-04-10,991.7153846153847,990.4115384615384,992.4961538461539,4,True
2012-04-11,993.8038461538462,992.8076923076924,995.3730769230768,4,True
2012-04-12,994.8355769230769,994.3115384615385,995.3807692307693,4,True
2012-04-13,995.3326923076922,994.8307692307692,995.5461538461539,4,True
2012-04-14,993.3038461538462,992.553846153846,993.9884615384616,4,True
2012-04-15,993.0721153846154,992.053846153846,994.1576923076923,4,True
2012-04-16,993.8067307692307,992.1153846153846,995.0923076923077,4,True
2012-04-17,994.3923076923077,993.7769230769231,994.8538461538461,4,True
2012-04-18,994.364423076923,992.9730769230769,995.5076923076923,4,True
2012-04-19,994.1817307692307,993.0730769230769,995.4538461538461,4,True
2012-04-20,993.9634615384616,993.1653846153847,994.7230769230769,4,True
2012-04-21,993.8721153846154,992.446153846154,994.8384615384616,4,True
2012-04-22,994.7913461538462,993.5346153846153,995.9192307692308,4,True
2012-04-23,995.2317307692307,994.9115384615384,995.5769230769231,4,True
2012-04-24,994.2903846153846,992.6846153846153,995.2884615384615,4,True
2012-04-25,993.7009615384616,992.4423076923076,994.7269230769231,4,True
2012-04-26,993.4576923076924,991.8269230769231,994.65,4,True
2012-04-27,993.8067307692307,992.9846153846153,994.8461538461539,4,True
2012-04-28,993.7269230769232,993.1153846153846,994.3153846153847,4,True
2012-04-29,993.6317307692307,992.6730769230769,994.7346153846153,4,True
2012-04-30,994.5413461538462,993.35,995.6576923076923,4,True
2012-05-01,995.2086538461539,994.3115384615385,996.0192307692308,4,True
2012-05-02,996.8634615384616,996.2076923076924,997.8538461538461,4,True
2012-05-03,997.1807692307692,996.6423076923077,998.4423076923076,4,True
2012-05-04,996.439423076923,995.3653846153846,997.5346153846153,4,True
2012-05-05,995.9432692307693,994.9038461538461,996.7730769230769,4,True
2012-05-06,996.3682692307692,995.5076923076923,997.3153846153847,4,True
2012-05-07,996.160576923077,995.3692307692307,996.8653846153846,4,True
2012-05-08,996.0115384615385,995.3461538461539,997.2307692307692,4,True
2012-05-09,995.926923076923,995.4615384615385,996.4692307692308,4,True
2012-05-10,994.6096153846154,994.4076923076923,994.8461538461539,4,True
2012-05-11,994.0192307692307,992.9153846153847,994.8192307692308,4,True
2012-05-12,995.2663461538461,994.5923076923077,996.2923076923076,4,True
2012-05-13,994.5951923076923,993.5615384615385,995.8192307692308,4,True
2012-05-14,994.7403846153846,993.6307692307693,995.9692307692308,4,True
2012-05-15,996.1461538461539,994.6769230769231,997.3230769230769,4,True
2012-05-16,996.5009615384615,995.5307692307692,997.2846153846153,4,True
2012-05-17,995.4375,994.0615384615385,996.2384615384616,4,True
2012-05-18,994.3855769230769,993.4576923076924,995.2423076923077,4,True
2012-05-19,994.0932692307692,993.2153846153847,994.5615384615385,4,True
2012-05-20,995.3836538461538,994.3230769230769,996.3846153846154,4,True
2012-05-21,996.4471153846154,994.7576923076923,997.2692307692308,4,True
2012-05-22,996.9442307692308,996.2307692307692,997.4538461538461,4,True
2012-05-23,996.9230769230769,996.3230769230769,997.55,4,True
2012-05-24,996.2461538461538,994.7384615384616,997.7230769230769,4,True
2012-05-25,996.6740384615384,994.6692307692308,997.9807692307692,4,True
2012-05-26,995.8740384615385,994.3307692307692,997.2538461538461,4,True
2012-05-27,995.2990384615384,993.2653846153847,996.8153846153847,4,True
2012-05-28,996.5634615384615,995.3,997.7423076923077,4,True
2012-05-29,997.4798076923078,996.2384615384616,998.6269230769232,4,True
2012-05-30,997.0076923076923,996.1769230769231,997.9653846153847,4,True
2012-05-31,997.1403846153846,996.2115384615385,998.1730769230769,4,True
2012-06-01,998.3903846153846,996.8076923076924,999.9076923076923,4,True
2012-06-02,999.1423076923077,998.5192307692308,999.6461538461539,4,True
2012-06-03,997.6394230769231,996.5384615384615,998.2846153846153,4,True
2012-06-04,995.9423076923077,995.2230769230769,996.7653846153847,4,True
2012-06-05,995.4807692307693,993.8576923076923,996.7653846153847,4,True
2012-06-06,996.4749999999999,994.9,997.8730769230768,4,True
2012-06-07,997.6423076923077,996.8423076923077,998.2230769230769,4,True
2012-06-08,997.9038461538462,997.4615384615385,998.4576923076924,4,True
2012-06-09,997.9798076923078,996.8576923076923,998.9884615384616,4,True
2012-06-10,997.3942307692308,996.196153846154,998.6384615384616,4,True
2012-06-11,996.8163461538461,995.3576923076923,998.0192307692308,4,True
2012-06-12,996.1519230769231,995.8230769230769,996.4153846153847,4,True
2012-06-13,996.1807692307692,994.8615384615384,997.1730769230769,4,True
2012-06-14,996.6923076923077,995.85,997.7076923076924,4,True
2012-06-15,997.1365384615385,996.4384615384615,998.0153846153847,4,True
2012-06-16,996.5721153846154,995.5038461538461,997.4923076923077,4,True
2012-06-17,996.3548076923076,994.9807692307692,997.7307692307692,4,True
2012-06-18,995.2259615384615,994.1730769230769,996.446153846154,4,True
2012-06-19,995.7269230769231,994.2307692307692,997.3653846153846,4,True
2012-06-20,996.0451923076922,995.05,997.4538461538461,4,True
2012-06-21,995.6798076923077,994.9807692307692,996.7461538461539,4,True
2012-06-22,995.8326923076924,993.9576923076924,997.0461538461539,4,True
2012-06-23,998.5278846153847,996.3153846153847,1000.2230769230769,4,True
2012-06-24,999.7596153846154,998.7884615384615,1000.5076923076923,4,True
2012-06-25,999.3605769230769,999.0307692307692,999.7307692307692,4,True
2012-06-26,999.5307692307692,998.8461538461539,1000.4653846153847,4,True
2012-06-27,999.7509615384615,998.4538461538461,1000.4884615384616,4,True
2012-06-28,999.2817307692308,998.3961538461539,1000.1730769230769,4,True
2012-06-29,997.6057692307693,996.6076923076923,998.2615384615384,4,True
2012-06-30,996.4990384615385,995.1038461538461,997.6192307692307,4,True
2012-07-01,997.5557692307693,995.8384615384616,998.8884615384616,4,True
2012-07-02,997.6634615384615,996.9076923076923,998.4230769230769,4,True
2012-07-03,996.25,995.3846153846154,997.3423076923077,4,True
2012-07-04,995.6971153846154,994.6846153846153,996.65,4,True
2012-07-05,994.6432692307693,993.5961538461539,995.4615384615385,4,True
2012-07-06,994.9903846153845,993.5923076923077,995.8615384615384,4,True
2012-07-07,996.0028846153846,994.8230769230769,997.5653846153847,4,True
2012-07-08,997.9653846153847,997.3923076923077,998.3538461538461,4,True
2012-07-09,997.7682692307692,997.2730769230769,998.5,4,True
2012-07-10,997.1605769230769,996.5230769230769,998.05,4,True
2012-07-11,995.373076923077,994.6730769230769,996.2807692307692,4,True
2012-07-12,994.0480769230769,993.0730769230769,994.8269230769231,4,True
2012-07-13,994.9884615384615,992.5115384615384,996.6230769230768,4,True
2012-07-14,997.3567307692307,996.6423076923077,997.9846153846153,4,True
2012-07-15,997.823076923077,996.5038461538461,999.0153846153847,4,True
2012-07-16,997.5009615384615,996.5423076923076,998.4615384615385,4,True
2012-07-17,998.064423076923,997.25,998.6576923076923,4,True
2012-07-18,1000.275,998.5192307692308,1001.4807692307692,4,True
2012-07-19,1001.2403846153846,1000.0576923076924,1002.1653846153847,4,True
2012-07-20,998.5221153846154,997.1461538461539,999.4576923076924,4,True
2012-07-21,997.0471153846154,995.9846153846153,997.696153846154,4,True
2012-07-22,997.8903846153846,995.7423076923077,998.9307692307692,4,True
2012-07-23,999.314423076923,998.2538461538461,1000.5615384615385,4,True
2012-07-24,998.8038461538462,997.7615384615384,999.7384615384616,4,True
2012-07-25,998.2740384615386,996.6461538461539,999.2269230769231,4,True
2012-07-26,998.1423076923077,996.9192307692308,999.1730769230769,4,True
2012-07-27,997.573076923077,995.4307692307692,998.7807692307692,4,True
2012-07-28,998.7182692307692,997.7423076923077,999.5076923076923,4,True
2012-07-29,997.1509615384616,996.3884615384616,997.6538461538461,4,True
2012-07-30,997.0701923076924,995.7653846153847,998.0692307692308,4,True
2012-07-31,998.7817307692308,997.2961538461539,999.8115384615385,4,True
2012-08-01,999.0846153846154,998.4576923076924,999.6461538461539,4,True
2012-08-02,997.3182692307693,995.8807692307693,998.3153846153847,4,True
2012-08-03,994.9259615384616,993.5076923076923,996.25,4,True
2012-08-04,995.0548076923077,993.2807692307692,996.2038461538461,4,True
2012-08-05,997.4259615384615,995.4269230769231,998.7884615384615,4,True
2012-08-06,997.4932692307692,996.3692307692307,998.4,4,True
2012-08-07,995.689423076923,995.1769230769231,996.2076923076924,4,True
2012-08-08,995.3423076923077,993.946153846154,996.5230769230769,4,True
2012-08-09,996.0115384615384,994.1192307692307,996.8115384615385,4,True
2012-08-10,997.0355769230769,995.5769230769231,997.8,4,True
2012-08-11,996.3317307692307,995.3230769230769,997.2538461538461,4,True
2012-08-12,994.7932692307693,993.4730769230769,995.6076923076923,4,True
2012-08-13,995.9509615384616,993.7346153846153,997.2769230769231,4,True
2012-08-14,997.0749999999999,996.55,997.4730769230769,4,True
2012-08-15,997.0355769230769,996.1423076923077,997.7346153846153,4,True
2012-08-16,996.5615384615385,995.1346153846154,998.0769230769231,4,True
2012-08-17,996.8692307692307,996.1346153846154,997.4384615384615,4,True
2012-08-18,997.3432692307692,996.8269230769231,997.9846153846153,4,True
2012-08-19,998.2596153846154,996.5461538461539,999.7615384615384,4,True
2012-08-20,997.4942307692307,996.3153846153847,998.6769230769231,4,True
2012-08-21,996.3028846153846,994.8076923076924,997.5961538461539,4,True
2012-08-22,996.5913461538462,995.2769230769231,997.9807692307692,4,True
2012-08-23,995.2201923076923,993.6346153846154,996.6269230769232,4,True
2012-08-24,993.85,992.6807692307692,994.6192307692307,4,True
2012-08-25,994.9826923076923,992.7384615384616,996.4307692307692,4,True
2012-08-26,997.1211538461538,995.4,998.3230769230769,4,True
2012-08-27,998.4721153846153,997.5923076923077,999.4307692307692,4,True
2012-08-28,998.901923076923,998.053846153846,999.4807692307692,4,True
2012-08-29,998.875,998.4115384615384,999.4923076923077,4,True
2012-08-30,998.8028846153845,997.4346153846153,1000.1192307692307,4,True
2012-08-31,998.1211538461538,997.0730769230769,999.0038461538461,4,True
2012-09-01,997.3451923076923,996.4884615384616,998.0230769230769,4,True
2012-09-02,997.4278846153846,995.8461538461539,998.5653846153847,4,True
2012-09-03,998.4884615384616,996.7692307692308,1000.2153846153847,4,True
2012-09-04,998.9346153846154,997.6846153846153,999.7230769230769,4,True
2012-09-05,998.6846153846154,997.8269230769231,999.446153846154,4,True
2012-09-06,997.689423076923,996.2769230769231,999.2076923076924,4,True
2012-09-07,996.739423076923,995.9,997.8307692307692,4,True
2012-09-08,996.7336538461539,994.696153846154,998.65,4,True
2012-09-09,997.8307692307692,995.8269230769231,999.8269230769231,4,True
2012-09-10,997.8653846153846,996.5384615384615,999.0807692307692,4,True
2012-09-11,996.3740384615385,995.4076923076923,997.7115384615385,4,True
2012-09-12,994.4009615384616,993.9153846153847,995.4307692307692,4,True
2012-09-13,994.9923076923077,992.7884615384615,996.4076923076923,4,True
2012-09-14,996.6509615384615,994.55,998.2846153846153,4,True
2012-09-15,997.9115384615385,996.9923076923077,999.5615384615385,4,True
2012-09-16,995.8826923076923,995.0807692307692,997.0038461538461,4,True
2012-09-17,994.6413461538461,993.1576923076923,996.2884615384615,4,True
2012-09-18,995.3269230769231,994.1269230769232,997.1,4,True
2012-09-19,994.5480769230769,993.2192307692308,996.1615384615384,4,True
2012-09-20,993.5307692307692,992.0384615384615,995.0192307692308,4,True
2012-09-21,992.9057692307692,991.9307692307692,994.3846153846154,4,True
2012-09-22,993.6663461538461,991.5230769230769,994.8615384615384,4,True
2012-09-23,995.4644230769231,994.5653846153847,996.1730769230769,4,True
2012-09-24,994.8721153846154,993.7423076923077,995.8884615384616,4,True
2012-09-25,994.4240384615384,993.0307692307692,996.1769230769231,4,True
2012-09-26,995.5326923076923,993.3423076923077,997.45,4,True
2012-09-27,997.7240384615384,996.4730769230769,998.7,4,True
2012-09-28,998.1971153846154,996.25,999.6384615384616,4,True
2012-09-29,996.5134615384616,995.0730769230769,998.25,4,True
2012-09-30,996.4846153846154,995.803846153846,997.75,4,True
2012-10-01,995.2365384615384,994.5,996.0076923076923,4,True
2012-10-02,994.4884615384615,993.1923076923076,996.1538461538461,4,True
2012-10-03,994.1028846153847,992.4653846153847,995.7769230769231,4,True
2012-10-04,994.2057692307692,992.5346153846153,995.5692307692308,4,True
2012-10-05,992.3625,989.8192307692308,993.6384615384616,4,True
2012-10-06,990.7663461538461,989.8115384615385,991.946153846154,4,True
2012-10-07,992.8211538461538,991.803846153846,993.9038461538461,4,True
2012-10-08,994.8134615384615,993.8846153846154,996.1653846153847,4,True
2012-10-09,995.758653846154,994.3076923076924,996.7461538461539,4,True
2012-10-10,993.751923076923,992.2307692307692,994.8346153846153,4,True
2012-10-11,991.4778846153846,989.8807692307693,993.2346153846153,4,True
2012-10-12,993.3634615384615,991.6461538461539,994.6346153846154,4,True
2012-10-13,994.7134615384615,992.8846153846154,995.9230769230769,4,True
2012-10-14,993.4913461538462,991.2307692307692,995.2730769230769,4,True
2012-10-15,991.9990384615385,990.3461538461539,993.4923076923077,4,True
2012-10-16,991.1942307692308,989.3269230769231,993.1615384615384,4,True
2012-10-17,992.0615384615385,990.3076923076924,993.3423076923077,4,True
2012-10-18,993.373076923077,993.0038461538461,994.0461538461539,4,True
2012-10-19,992.7192307692308,992.2230769230769,993.0192307692308,4,True
2012-10-20,991.7778846153847,990.3576923076923,992.8884615384616,4,True
2012-10-21,991.7951923076923,990.7730769230769,993.2192307692308,4,True
2012-10-22,991.0721153846154,989.5076923076923,992.3423076923077,4,True
2012-10-23,990.1913461538461,988.9538461538461,991.3576923076923,4,True
2012-10-24,991.614423076923,990.1807692307692,993.4923076923077,4,True
2012-10-25,992.935576923077,992.1884615384615,994.25,4,True
2012-10-26,993.2259615384615,992.0230769230769,994.6346153846154,4,True
2012-10-27,993.2153846153847,992.1269230769232,994.7461538461539,4,True
2012-10-28,993.4701923076923,992.3115384615385,995.2923076923076,4,True
2012-10-29,993.7711538461539,991.8192307692308,995.8846153846154,4,True
2012-10-30,994.2288461538462,993.3846153846154,995.6576923076923,4,True
2012-10-31,994.5817307692308,994.2692307692308,995.196153846154,4,True
2012-11-01,994.178846153846,992.5807692307692,995.4423076923076,4,True
2012-11-02,992.2759615384616,991.2730769230769,993.8576923076923,4,True
2012-11-03,992.2990384615384,990.9807692307692,994.05,4,True
2012-11-04,992.223076923077,990.9038461538461,994.2,4,True
2012-11-05,992.3538461538461,991.446153846154,993.3846153846154,4,True
2012-11-06,991.6846153846153,990.2846153846153,993.2538461538461,4,True
2012-11-07,992.1365384615385,991.0653846153847,993.4769230769231,4,True
2012-11-08,992.2048076923077,990.75,994.1846153846153,4,True
2012-11-09,990.4576923076924,989.196153846154,992.0153846153847,4,True
2012-11-10,990.0673076923076,988.8807692307693,991.5846153846153,4,True
2012-11-11,991.6009615384615,989.9807692307692,993.6115384615384,4,True
2012-11-12,992.4326923076923,991.5346153846153,993.7153846153847,4,True
2012-11-13,992.0673076923076,989.9846153846153,993.3307692307692,4,True
2012-11-14,991.9076923076923,991.4423076923076,992.4961538461539,4,True
2012-11-15,991.5307692307692,989.3,992.6615384615384,4,True
2012-11-16,991.575,990.4192307692308,993.0192307692308,4,True
2012-11-17,992.9028846153847,991.7884615384615,994.6692307692308,4,True
2012-11-18,993.0394230769231,991.7,994.3346153846153,4,True
2012-11-19,992.6903846153846,991.2846153846153,994.0346153846153,4,True
2012-11-20,991.5826923076922,990.7192307692308,992.35,4,True
2012-11-21,991.4769230769231,990.5307692307692,992.7692307692308,4,True
2012-11-22,992.0711538461538,991.3307692307692,993.4307692307692,4,True
2012-11-23,991.9346153846154,990.5923076923077,993.7038461538461,4,True
2012-11-24,991.3586538461539,989.946153846154,993.4423076923076,4,True
2012-11-25,992.2278846153846,991.1615384615384,993.7153846153847,4,True
2012-11-26,993.0307692307692,992.1269230769232,993.9730769230769,4,True
2012-11-27,993.5855769230769,992.3730769230768,994.2769230769231,4,True
2012-11-28,992.3923076923077,991.2461538461539,993.696153846154,4,True
2012-11-29,990.7586538461538,988.8269230769231,993.2884615384615,4,True
2012-11-30,991.2211538461538,990.1153846153846,992.8846153846154,4,True
2012-12-01,990.6740384615384,988.9076923076923,992.7884615384615,4,True
2012-12-02,990.9817307692307,989.6615384615384,992.5615384615385,4,True
2012-12-03,990.560576923077,989.0076923076923,992.3,4,True
2012-12-04,991.1288461538461,989.2461538461539,993.3653846153846,4,True
2012-12-05,990.901923076923,989.7346153846153,992.5115384615384,4,True
2012-12-06,989.9634615384615,988.6576923076923,991.1,4,True
2012-12-07,989.5961538461538,988.5730769230769,991.2307692307692,4,True
2012-12-08,991.8807692307693,989.4269230769231,994.0192307692308,4,True
2012-12-09,994.3634615384615,993.3346153846153,995.25,4,True
2012-12-10,993.4461538461538,992.3692307692307,993.9730769230769,4,True
2012-12-11,991.2375,989.9038461538461,992.5038461538461,4,True
2012-12-12,990.4298076923077,988.9576923076924,992.5307692307692,4,True
2012-12-13,990.7,989.196153846154,992.3653846153846,4,True
2012-12-14,990.5673076923076,989.5076923076923,991.5807692307692,4,True
2012-12-15,989.8057692307692,988.8576923076923,991.2730769230769,4,True
2012-12-16,990.6076923076923,989.2307692307692,992.4423076923076,4,True
2012-12-17,991.0749999999999,989.2230769230769,993.0461538461539,4,True
2012-12-18,991.2788461538462,989.75,992.7076923076924,4,True
2012-12-19,991.2817307692308,990.3769230769232,992.5384615384615,4,True
2012-12-20,990.9317307692307,989.8307692307692,992.6038461538461,4,True
2012-12-21,991.2884615384615,989.3076923076924,993.0346153846153,4,True
2012-12-22,992.6086538461539,991.0269230769231,993.7230769230769,4,True
2012-12-23,993.1548076923077,992.1346153846154,993.7730769230769,4,True
2012-12-24,992.9798076923078,992.4269230769231,993.4307692307692,4,True
2012-12-25,992.6913461538461,991.8961538461539,993.4307692307692,4,True
2012-12-26,992.9942307692307,991.4923076923077,994.2807692307692,4,True
2012-12-27,993.0836538461539,992.5192307692308,993.8115384615385,4,True
2012-12-28,993.0403846153846,992.3576923076923,994.1423076923077,4,True
2012-12-29,993.2288461538462,992.2423076923077,994.1,4,True
2012-12-30,994.4711538461538,993.2653846153847,995.3653846153846,4,True
2012-12-31,995.0548076923077,994.2769230769231,996.1192307692307,4,True
2013-01-01,994.6423076923077,993.5692307692308,995.5692307692308,4,True
2013-01-02,994.1807692307692,993.4576923076924,994.5846153846153,4,True
2013-01-03,995.0346153846153,994.0423076923076,995.9076923076923,4,True
2013-01-04,996.1788461538462,995.4269230769231,996.9576923076924,4,True
2013-01-05,996.189423076923,995.446153846154,996.8192307692308,4,True
2013-01-06,995.1500000000001,994.6307692307693,995.8115384615385,4,True
2013-01-07,993.8865384615385,992.85,995.3846153846154,4,True
2013-01-08,993.823076923077,992.2,995.4076923076923,4,True
2013-01-09,994.5923076923077,993.553846153846,995.6230769230768,4,True
2013-01-10,995.3288461538461,994.9884615384616,995.8,4,True
2013-01-11,994.0548076923077,993.0923076923077,995.0384615384615,4,True
2013-01-12,991.95,991.2307692307692,992.8461538461539,4,True
2013-01-13,991.5884615384616,990.4961538461539,993.15,4,True
2013-01-14,992.0769230769231,990.6461538461539,994.0423076923076,4,True
2013-01-15,992.2307692307692,991.15,993.8730769230768,4,True
2013-01-16,991.6721153846154,990.5576923076924,993.2307692307692,4,True
2013-01-17,992.0961538461538,990.3153846153847,994.2346153846153,4,True
2013-01-18,994.2076923076924,992.2384615384616,996.0307692307692,4,True
2013-01-19,994.6,993.5307692307692,995.6269230769232,4,True
2013-01-20,993.7038461538461,992.05,995.1653846153847,4,True
2013-01-21,993.3336538461538,992.3269230769231,993.8538461538461,4,True
2013-01-22,994.8826923076923,993.5576923076924,995.4384615384615,4,True
2013-01-23,996.1451923076922,995.0192307692308,996.9807692307692,4,True
2013-01-24,995.814423076923,995.1423076923077,996.7692307692308,4,True
2013-01-25,993.7701923076922,992.3923076923077,994.85,4,True
2013-01-26,992.7576923076923,991.0576923076924,994.1076923076923,4,True
2013-01-27,993.9749999999999,991.7538461538461,995.2346153846153,4,True
2013-01-28,995.3807692307693,994.5269230769231,996.6,4,True
2013-01-29,995.0836538461539,993.7076923076924,996.2230769230769,4,True
2013-01-30,994.1692307692307,993.2538461538461,994.9384615384615,4,True
2013-01-31,992.5634615384615,991.4923076923077,993.5230769230769,4,True
2013-02-01,992.0875,990.4346153846153,993.0346153846153,4,True
2013-02-02,992.5336538461538,990.7769230769231,993.6923076923076,4,True
2013-02-03,992.1903846153847,991.196153846154,992.9769230769231,4,True
2013-02-04,991.0990384615385,990.8461538461539,991.5076923076923,4,True
2013-02-05,992.2019230769231,990.8346153846153,993.0807692307692,4,True
2013-02-06,993.2576923076923,992.4230769230769,993.9269230769231,4,True
2013-02-07,991.7682692307692,990.7576923076923,993.0653846153847,4,True
2013-02-08,991.1548076923077,990.3269230769231,992.303846153846,4,True
2013-02-09,991.5528846153846,990.7961538461539,992.1153846153846,4,True
2013-02-10,992.5144230769231,991.8692307692307,993.3346153846153,4,True
2013-02-11,991.4826923076923,990.2653846153847,992.4884615384616,4,True
2013-02-12,991.8201923076923,990.1884615384615,992.7884615384615,4,True
2013-02-13,992.2201923076923,990.9538461538461,993.4538461538461,4,True
2013-02-14,993.2461538461539,991.446153846154,994.7884615384615,4,True
2013-02-15,993.2923076923076,991.7423076923077,994.1346153846154,4,True
2013-02-16,993.5009615384615,993.0192307692308,994.6769230769231,4,True
2013-02-17,993.3317307692307,992.2192307692308,994.8269230769231,4,True
2013-02-18,993.2653846153846,991.8807692307693,993.9769230769231,4,True
2013-02-19,993.9596153846154,992.6,994.6423076923077,4,True
2013-02-20,993.3278846153846,992.7192307692308,993.7615384615384,4,True
2013-02-21,992.4317307692307,991.8615384615384,993.1884615384615,4,True
2013-02-22,993.4740384615384,991.8692307692307,994.4846153846153,4,True
2013-02-23,994.0673076923077,993.4692307692308,995.0961538461539,4,True
2013-02-24,993.2269230769231,992.3846153846154,994.0269230769231,4,True
2013-02-25,991.2057692307692,989.6423076923077,992.6923076923076,4,True
2013-02-26,992.3346153846153,990.5807692307692,993.8230769230769,4,True
2013-02-27,994.0086538461537,992.6923076923076,995.0038461538461,4,True
2013-02-28,994.1923076923077,993.7384615384616,994.5384615384615,4,True
2013-03-01,993.0067307692308,992.1576923076923,993.5576923076924,4,True
2013-03-02,992.739423076923,991.2423076923077,994.1846153846153,4,True
2013-03-03,994.685576923077,993.1076923076923,995.7653846153847,4,True
2013-03-04,995.225,994.6576923076923,995.5961538461539,4,True
2013-03-05,994.8192307692308,994.5346153846153,995.2692307692308,4,True
2013-03-06,994.6009615384614,994.0076923076923,995.2346153846153,4,True
2013-03-07,994.7644230769231,993.553846153846,995.7730769230769,4,True
2013-03-08,995.7355769230769,994.5038461538461,996.9115384615384,4,True
2013-03-09,995.0817307692307,994.1769230769231,995.9576923076924,4,True
2013-03-10,994.5105769230769,993.5461538461539,995.3269230769231,4,True
2013-03-11,992.9875,992.2,994.0076923076923,4,True
2013-03-12,992.4932692307693,991.3807692307693,993.0961538461539,4,True
2013-03-13,992.7115384615386,991.6269230769232,993.8884615384616,4,True
2013-03-14,992.2644230769231,991.3115384615385,992.9846153846153,4,True
2013-03-15,992.3375000000001,991.7769230769231,992.7807692307692,4,True
2013-03-16,993.0365384615385,992.1038461538461,993.5153846153847,4,True
2013-03-17,994.5509615384616,993.4769230769231,995.5269230769231,4,True
2013-03-18,993.9461538461538,993.1269230769232,994.4,4,True
2013-03-19,992.5894230769231,991.2923076923076,993.5230769230769,4,True
2013-03-20,991.2403846153846,989.9923076923077,992.0461538461539,4,True
2013-03-21,990.8221153846155,989.7653846153847,992.1384615384616,4,True
2013-03-22,992.9884615384616,992.2384615384616,993.7923076923076,4,True
2013-03-23,994.1913461538462,993.0615384615385,995.3692307692307,4,True
2013-03-24,992.8163461538462,990.9884615384616,993.8923076923077,4,True
2013-03-25,991.501923076923,989.8615384615384,993.0576923076924,4,True
2013-03-26,992.7394230769231,990.0653846153847,994.7692307692308,4,True
2013-03-27,994.5932692307692,993.3653846153846,996.2692307692308,4,True
2013-03-28,995.2278846153846,993.6346153846154,996.1807692307692,4,True
2013-03-29,995.8230769230769,995.4692307692308,996.7807692307692,4,True
2013-03-30,995.564423076923,994.0846153846153,996.6730769230769,4,True
2013-03-31,995.6817307692307,994.7269230769231,996.4,4,True
2013-04-01,995.3576923076923,994.0884615384616,996.2038461538461,4,True
2013-04-02,994.875,993.6538461538461,995.8576923076923,4,True
2013-04-03,994.8625000000001,993.8076923076924,995.2653846153847,4,True
2013-04-04,994.6384615384616,994.1538461538461,995.1269230769232,4,True
2013-04-05,994.9682692307692,994.0576923076924,996.3884615384616,4,True
2013-04-06,994.498076923077,993.3692307692307,995.7576923076923,4,True
2013-04-07,994.4125,993.7076923076924,994.9615384615385,4,True
2013-04-08,994.0990384615385,992.7192307692308,995.3153846153847,4,True
2013-04-09,994.0615384615385,993.0269230769231,995.3230769230769,4,True
2013-04-10,993.3192307692308,991.5615384615385,994.5692307692308,4,True
2013-04-11,991.6807692307692,989.9923076923077,993.6846153846153,4,True
2013-04-12,992.5788461538461,991.6423076923077,994.1,4,True
2013-04-13,993.1980769230769,992.1,994.2423076923077,4,True
2013-04-14,993.0913461538461,992.553846153846,994.053846153846,4,True
2013-04-15,995.1432692307692,994.5384615384615,995.6192307692307,4,True
2013-04-16,995.2,994.6346153846154,996.0615384615385,4,True
2013-04-17,994.8336538461539,993.3769230769232,995.7653846153847,4,True
2013-04-18,994.5221153846154,994.0192307692308,994.9307692307692,4,True
2013-04-19,994.5855769230769,994.0115384615384,995.2884615384615,4,True
2013-04-20,995.5807692307692,994.7346153846153,996.6769230769231,4,True
2013-04-21,995.4961538461538,994.4692307692308,996.6346153846154,4,True
2013-04-22,995.0740384615385,994.0884615384616,996.3346153846153,4,True
2013-04-23,995.314423076923,994.2884615384615,996.2307692307692,4,True
2013-04-24,996.6471153846154,995.1653846153847,998.0192307692308,4,True
2013-04-25,996.0365384615384,994.75,997.4538461538461,4,True
2013-04-26,994.9855769230769,993.8653846153846,996.5192307692308,4,True
2013-04-27,993.3903846153846,992.15,994.5961538461539,4,True
2013-04-28,992.4826923076923,990.7807692307692,994.3076923076924,4,True
2013-04-29,993.473076923077,991.0615384615385,995.1461538461539,4,True
2013-04-30,994.0442307692308,992.8730769230768,995.4769230769231,4,True
2013-05-01,994.4442307692308,993.5307692307692,995.5038461538461,4,True
2013-05-02,994.9528846153846,994.1153846153846,995.8153846153847,4,True
2013-05-03,994.7759615384616,993.5769230769231,995.8884615384616,4,True
2013-05-04,993.0375,992.1730769230769,994.2769230769231,4,True
2013-05-05,993.6932692307693,992.3692307692307,995.5769230769231,4,True
2013-05-06,996.1721153846154,995.0730769230769,997.3692307692307,4,True
2013-05-07,996.8759615384615,996.2423076923077,997.2692307692308,4,True
2013-05-08,998.5461538461539,998.1307692307693,999.1192307692307,4,True
2013-05-09,997.9509615384616,996.6307692307693,998.9307692307692,4,True
2013-05-10,996.8038461538462,995.2769230769231,997.9692307692308,4,True
2013-05-11,995.6884615384615,994.8,996.8923076923077,4,True
2013-05-12,994.9961538461539,994.1884615384615,995.75,4,True
2013-05-13,994.9817307692308,993.9538461538461,996.2038461538461,4,True
2013-05-14,995.2894230769231,994.5076923076923,996.2076923076924,4,True
2013-05-15,995.0211538461538,994.6423076923077,995.5807692307692,4,True
2013-05-16,995.3817307692308,994.4692307692308,996.3692307692307,4,True
2013-05-17,995.6615384615385,994.6038461538461,996.4269230769231,4,True
2013-05-18,997.1134615384616,996.4076923076923,998.1692307692308,4,True
2013-05-19,997.2019230769231,996.8076923076924,997.9423076923076,4,True
2013-05-20,996.4548076923077,996.0923076923077,997.0576923076924,4,True
2013-05-21,996.2153846153847,995.3384615384616,996.85,4,True
2013-05-22,995.4057692307692,994.6807692307692,996.1692307692308,4,True
2013-05-23,995.1509615384616,994.4538461538461,995.8153846153847,4,True
2013-05-24,995.7846153846153,994.7038461538461,996.8769230769232,4,True
2013-05-25,996.6942307692308,995.4538461538461,997.7307692307692,4,True
2013-05-26,996.6615384615385,995.9730769230769,997.6153846153846,4,True
2013-05-27,995.9173076923078,994.6153846153846,996.7230769230769,4,True
2013-05-28,994.1721153846154,992.8769230769232,995.1461538461539,4,True
2013-05-29,994.0048076923076,993.0230769230769,995.15,4,True
2013-05-30,994.6,993.3538461538461,996.3807692307693,4,True
2013-05-31,995.6038461538461,995.0730769230769,996.2576923076923,4,True
2013-06-01,995.7567307692308,995.0846153846153,996.8192307692308,4,True
2013-06-02,996.475,994.5884615384616,997.9615384615385,4,True
2013-06-03,996.9278846153846,995.7692307692308,997.9192307692308,4,True
2013-06-04,998.0336538461538,996.8730769230768,999.3576923076923,4,True
2013-06-05,998.001923076923,997.0615384615385,999.1269230769232,4,True
2013-06-06,997.1394230769231,996.5307692307692,997.7769230769231,4,True
2013-06-07,997.6903846153846,996.0346153846153,999.0153846153847,4,True
2013-06-08,999.2067307692307,997.9153846153847,1000.05,4,True
2013-06-09,998.5826923076924,997.9192307692308,999.5692307692308,4,True
2013-06-10,998.1875,997.2307692307692,998.9576923076924,4,True
2013-06-11,998.1134615384616,996.8461538461539,999.15,4,True
2013-06-12,999.1096153846154,997.2769230769231,1000.0961538461539,4,True
2013-06-13,998.3346153846153,997.4615384615385,999.0576923076924,4,True
2013-06-14,997.6721153846154,996.7076923076924,998.2423076923077,4,True
2013-06-15,997.4211538461539,996.4576923076924,998.0269230769231,4,True
2013-06-16,996.2769230769231,995.2230769230769,997.3192307692308,4,True
2013-06-17,995.6778846153845,994.2346153846153,997.1923076923076,4,True
2013-06-18,996.198076923077,995.3653846153846,996.9307692307692,4,True
2013-06-19,996.0144230769231,994.9615384615385,997.0615384615385,4,True
2013-06-20,996.2826923076923,994.85,997.6,4,True
2013-06-21,996.4615384615386,994.6884615384615,998.0153846153847,4,True
2013-06-22,995.8201923076923,994.4,997.3153846153847,4,True
2013-06-23,995.8615384615384,993.5615384615385,997.0653846153847,4,True
2013-06-24,996.9798076923078,996.0230769230769,997.9076923076923,4,True
2013-06-25,997.1105769230769,995.8961538461539,998.3538461538461,4,True
2013-06-26,996.2038461538461,995.4038461538461,997.0192307692308,4,True
2013-06-27,996.6019230769231,995.1884615384615,998.0307692307692,4,True
2013-06-28,996.2596153846154,994.4115384615384,997.5153846153847,4,True
2013-06-29,994.9461538461538,993.3153846153847,996.0307692307692,4,True
2013-06-30,995.4375,993.5230769230769,996.6807692307692,4,True
2013-07-01,996.2576923076923,995.2038461538461,997.25,4,True
2013-07-02,997.2384615384616,995.2153846153847,998.6653846153847,4,True
2013-07-03,997.1144230769231,996.6461538461539,997.6576923076923,4,True
2013-07-04,996.6567307692308,995.4153846153847,997.9269230769231,4,True
2013-07-05,997.2923076923078,995.7153846153847,998.4615384615385,4,True
2013-07-06,997.4625,996.696153846154,998.4615384615385,4,True
2013-07-07,997.3596153846154,996.2307692307692,998.2307692307692,4,True
2013-07-08,998.8173076923076,996.7115384615385,1000.2461538461539,4,True
2013-07-09,1000.1182692307692,999.3538461538461,1000.6038461538461,4,True
2013-07-10,999.564423076923,998.4115384615384,1000.2884615384615,4,True
2013-07-11,998.3846153846154,997.4884615384616,999.2846153846153,4,True
2013-07-12,996.9192307692308,995.7538461538461,998.4730769230769,4,True
2013-07-13,997.45,995.9346153846153,998.4884615384616,4,True
2013-07-14,997.3375000000001,996.3423076923077,997.9192307692308,4,True
2013-07-15,997.8067307692307,996.4769230769231,998.7923076923076,4,True
2013-07-16,998.3567307692308,997.1153846153846,998.9307692307692,4,True
2013-07-17,998.5307692307692,997.5423076923076,999.1538461538461,4,True
2013-07-18,998.4663461538462,997.1230769230768,999.3076923076924,4,True
2013-07-19,997.3778846153846,996.1307692307693,997.9230769230769,4,True
2013-07-20,996.3317307692307,995.8230769230769,997.0269230769231,4,True
2013-07-21,995.5788461538461,994.4384615384615,996.5115384615384,4,True
2013-07-22,996.4528846153846,994.0461538461539,998.1884615384615,4,True
2013-07-23,997.4519230769231,996.8653846153846,998.15,4,True
2013-07-24,996.9721153846153,996.3230769230769,997.8423076923077,4,True
2013-07-25,999.9,997.4307692307692,1001.1,4,True
2013-07-26,1002.4644230769231,1001.0,1003.2884615384615,4,True
2013-07-27,1000.7596153846154,999.7923076923076,1001.4692307692308,4,True
2013-07-28,999.6057692307693,997.6846153846153,1000.5192307692308,4,True
2013-07-29,1000.2846153846153,998.7961538461539,1001.1538461538461,4,True
2013-07-30,1001.0423076923078,1000.2076923076924,1001.95,4,True
2013-07-31,998.9721153846154,998.0269230769231,999.7076923076924,4,True
2013-08-01,997.598076923077,997.2153846153847,998.0653846153847,4,True
2013-08-02,997.6490384615385,996.5923076923077,998.4384615384615,4,True
2013-08-03,998.2865384615384,997.3807692307693,998.9807692307692,4,True
2013-08-04,997.9884615384615,996.8230769230769,998.9923076923077,4,True
2013-08-05,996.8980769230769,995.3269230769231,997.9961538461539,4,True
2013-08-06,996.7028846153846,995.6230769230768,997.3153846153847,4,True
2013-08-07,996.2865384615384,994.6846153846153,997.3538461538461,4,True
2013-08-08,993.9769230769231,992.8461538461539,994.9307692307692,4,True
2013-08-09,993.0875000000001,991.1769230769231,994.0653846153847,4,True
2013-08-10,994.4201923076922,993.0769230769231,995.2346153846153,4,True
2013-08-11,996.0086538461538,994.7615384615384,996.95,4,True
2013-08-12,995.7442307692307,994.7653846153847,996.4730769230769,4,True
2013-08-13,994.4769230769231,993.0076923076923,995.7692307692308,4,True
2013-08-14,995.625,993.6730769230769,996.4961538461539,4,True
2013-08-15,997.3567307692308,996.4192307692308,998.5230769230769,4,True
2013-08-16,998.189423076923,997.0423076923076,999.1269230769232,4,True
2013-08-17,997.1490384615385,995.4692307692308,998.5423076923076,4,True
2013-08-18,997.2105769230769,996.3769230769232,998.2846153846153,4,True
2013-08-19,995.9528846153846,994.9961538461539,997.0423076923076,4,True
2013-08-20,995.6548076923077,994.446153846154,996.5884615384616,4,True
2013-08-21,996.126923076923,995.553846153846,996.4653846153847,4,True
2013-08-22,995.0067307692308,993.5769230769231,996.0576923076924,4,True
2013-08-23,993.126923076923,991.3692307692307,994.7192307692308,4,True
2013-08-24,994.3009615384616,992.2653846153847,995.25,4,True
2013-08-25,995.9480769230769,994.9384615384615,997.0423076923076,4,True
2013-08-26,996.5932692307692,995.6192307692307,997.7461538461539,4,True
2013-08-27,997.8096153846154,996.7230769230769,998.9192307692308,4,True
2013-08-28,999.7682692307692,997.9653846153847,1001.1846153846153,4,True
2013-08-29,1000.5990384615385,999.0653846153847,1002.2115384615385,4,True
2013-08-30,998.9490384615384,998.0846153846153,999.6423076923077,4,True
2013-08-31,997.7153846153847,996.8653846153846,998.3576923076923,4,True
2013-09-01,996.0855769230769,995.3653846153846,997.0,4,True
2013-09-02,995.475,994.2846153846153,996.7576923076923,4,True
2013-09-03,993.8115384615385,992.9307692307692,994.9961538461539,4,True
2013-09-04,994.8490384615385,992.1307692307693,996.5269230769231,4,True
2013-09-05,996.9009615384615,995.5961538461539,998.2923076923076,4,True
2013-09-06,996.3134615384615,995.8730769230768,997.4961538461539,4,True
2013-09-07,996.1076923076923,994.9307692307692,997.1615384615384,4,True
2013-09-08,996.0144230769231,994.8923076923077,997.2,4,True
2013-09-09,996.4211538461539,995.0961538461539,997.55,4,True
2013-09-10,996.7211538461538,995.7961538461539,997.9538461538461,4,True
2013-09-11,996.6423076923077,995.9653846153847,997.3307692307692,4,True
2013-09-12,993.7336538461539,991.9,995.0192307692308,4,True
2013-09-13,990.9413461538461,989.2576923076923,992.8461538461539,4,True
2013-09-14,991.7548076923076,989.2884615384615,993.1923076923076,4,True
2013-09-15,994.2182692307692,993.0346153846153,995.4076923076923,4,True
2013-09-16,994.739423076923,993.803846153846,995.6153846153846,4,True
2013-09-17,993.9153846153846,992.7192307692308,995.4,4,True
2013-09-18,994.5192307692307,993.1923076923076,995.7,4,True
2013-09-19,996.8038461538462,995.5269230769231,998.0615384615385,4,True
2013-09-20,997.883653846154,996.3461538461539,999.1,4,True
2013-09-21,994.6807692307693,993.3076923076924,995.7730769230769,4,True
2013-09-22,994.1115384615384,991.8730769230768,995.7730769230769,4,True
2013-09-23,996.1548076923077,994.1384615384616,997.7192307692308,4,True
2013-09-24,997.3384615384615,995.9307692307692,998.9076923076923,4,True
2013-09-25,996.6519230769231,996.0692307692308,997.5153846153847,4,True
2013-09-26,996.3548076923076,994.7615384615384,997.8307692307692,4,True
2013-09-27,995.6375,994.2115384615385,997.2730769230769,4,True
2013-09-28,995.2846153846153,994.1076923076923,996.3230769230769,4,True
2013-09-29,995.7865384615385,994.4153846153847,997.5115384615384,4,True
2013-09-30,995.2,994.7692307692308,996.4192307692308,4,True
2013-10-01,993.7951923076923,992.7269230769231,994.9961538461539,4,True
2013-10-02,993.1875,991.2384615384616,994.6461538461539,4,True
2013-10-03,993.7759615384615,992.2076923076924,995.5346153846153,4,True
2013-10-04,994.8846153846154,993.8615384615384,996.1769230769231,4,True
2013-10-05,995.464423076923,994.1038461538461,996.5769230769231,4,True
2013-10-06,995.7461538461539,995.0038461538461,997.1807692307692,4,True
2013-10-07,996.7759615384615,995.8923076923077,998.3192307692308,4,True
2013-10-08,996.225,994.803846153846,997.7653846153847,4,True
2013-10-09,995.3067307692309,994.1076923076923,996.2653846153847,4,True
2013-10-10,993.8721153846153,992.65,995.4923076923077,4,True
2013-10-11,992.6903846153846,990.3615384615384,994.1346153846154,4,True
2013-10-12,991.6942307692308,990.2692307692308,993.75,4,True
2013-10-13,992.5355769230769,990.9346153846153,993.5884615384616,4,True
2013-10-14,993.0413461538462,992.2884615384615,994.5153846153847,4,True
2013-10-15,993.5134615384616,992.4153846153847,995.1461538461539,4,True
2013-10-16,994.7019230769231,994.25,995.6115384615384,4,True
2013-10-17,994.5634615384615,992.6461538461539,996.0576923076924,4,True
2013-10-18,994.0509615384615,993.1038461538461,995.1153846153846,4,True
2013-10-19,993.125,991.4384615384615,995.1,4,True
2013-10-20,993.1019230769231,991.7461538461539,994.8307692307692,4,True
2013-10-21,992.9923076923077,991.5961538461539,994.6423076923077,4,True
2013-10-22,992.8932692307692,991.8115384615385,994.1076923076923,4,True
2013-10-23,992.3990384615385,991.2192307692308,993.6230769230768,4,True
2013-10-24,992.885576923077,991.3461538461539,994.9538461538461,4,True
2013-10-25,994.3096153846154,993.0769230769231,996.4884615384616,4,True
2013-10-26,994.3807692307693,993.3769230769232,995.9423076923076,4,True
2013-10-27,993.55,992.3192307692308,995.0307692307692,4,True
2013-10-28,993.5807692307692,992.3653846153846,994.9769230769231,4,True
2013-10-29,992.5009615384615,991.3961538461539,993.8076923076924,4,True
2013-10-30,990.7971153846154,989.6038461538461,992.1769230769231,4,True
2013-10-31,990.126923076923,988.8653846153846,991.9269230769231,4,True
2013-11-01,989.25,988.2653846153847,990.65,4,True
2013-11-02,990.4673076923077,988.9653846153847,991.7423076923077,4,True
2013-11-03,992.0682692307691,990.7923076923076,992.6769230769231,4,True
2013-11-04,993.0548076923077,992.0615384615385,994.1230769230768,4,True
2013-11-05,992.8403846153847,991.6807692307692,994.3192307692308,4,True
2013-11-06,992.185576923077,990.6576923076923,994.3461538461539,4,True
2013-11-07,992.0846153846154,990.3,993.3769230769232,4,True
2013-11-08,991.5346153846153,990.25,993.1576923076923,4,True
2013-11-09,991.9182692307693,990.8192307692308,992.8846153846154,4,True
2013-11-10,992.2576923076923,991.3423076923077,993.5153846153847,4,True
2013-11-11,991.8355769230769,990.6153846153846,993.4307692307692,4,True
2013-11-12,991.5375,989.8307692307692,993.6307692307693,4,True
2013-11-13,992.635576923077,991.1346153846154,993.3076923076924,4,True
2013-11-14,993.6692307692308,993.0769230769231,994.2384615384616,4,True
2013-11-15,992.626923076923,991.5846153846153,993.4346153846153,4,True
2013-11-16,992.3,991.2807692307692,993.5653846153847,4,True
2013-11-17,992.2961538461539,991.45,993.3923076923077,4,True
2013-11-18,990.1567307692308,988.1807692307692,991.2884615384615,4,True
2013-11-19,989.2576923076923,988.3769230769232,990.7115384615385,4,True
2013-11-20,991.025,988.7961538461539,992.7538461538461,4,True
2013-11-21,992.8153846153847,991.6769230769231,994.0961538461539,4,True
2013-11-22,993.2057692307692,991.4307692307692,994.2384615384616,4,True
2013-11-23,992.0134615384616,990.9307692307692,992.8576923076923,4,True
2013-11-24,990.3913461538461,989.2115384615385,992.2115384615385,4,True
2013-11-25,990.9567307692307,989.7538461538461,992.553846153846,4,True
2013-11-26,990.8990384615385,989.6807692307692,992.5807692307692,4,True
2013-11-27,989.6538461538461,988.9115384615384,990.9846153846153,4,True
2013-11-28,989.8240384615385,988.1423076923077,991.9961538461539,4,True
2013-11-29,990.0115384615384,988.1615384615384,992.25,4,True
2013-11-30,990.7134615384616,988.6423076923077,992.2884615384615,4,True
2013-12-01,991.5076923076923,990.3230769230769,992.8269230769231,4,True
2013-12-02,991.8759615384615,990.7846153846153,992.4115384615384,4,True
2013-12-03,993.8884615384616,993.1076923076923,995.7,4,True
2013-12-04,994.8490384615385,993.4576923076924,995.8884615384616,4,True
2013-12-05,995.3326923076922,994.5730769230769,996.3615384615384,4,True
2013-12-06,993.8403846153847,993.1884615384615,994.4884615384616,4,True
2013-12-07,993.2903846153846,991.5923076923077,994.9576923076924,4,True
2013-12-08,993.0403846153846,991.7730769230769,994.4807692307692,4,True
2013-12-09,993.425,992.0846153846153,994.9538461538461,4,True
2013-12-10,995.1740384615384,993.8230769230769,996.7692307692308,4,True
2013-12-11,995.2355769230769,994.3769230769232,996.2115384615385,4,True
2013-12-12,994.2692307692307,993.4115384615384,995.3615384615384,4,True
2013-12-13,991.8307692307692,990.2346153846153,993.2384615384616,4,True
2013-12-14,991.7855769230769,989.5730769230769,993.6576923076923,4,True
2013-12-15,993.0788461538461,991.1576923076923,994.6115384615384,4,True
2013-12-16,993.1990384615384,991.9423076923076,994.4230769230769,4,True
2013-12-17,992.0586538461539,990.9192307692308,993.6730769230769,4,True
2013-12-18,991.4009615384616,989.7692307692308,993.4384615384615,4,True
2013-12-19,991.0951923076923,989.8615384615384,992.75,4,True
2013-12-20,990.4596153846154,988.6230769230768,992.1730769230769,4,True
2013-12-21,990.7105769230769,988.7884615384615,992.7884615384615,4,True
2013-12-22,991.9038461538462,989.9961538461539,994.2692307692308,4,True
2013-12-23,991.9144230769231,989.8230769230769,993.8423076923077,4,True
2013-12-24,990.9451923076923,989.3230769230769,992.5615384615385,4,True
2013-12-25,991.6932692307691,989.3,993.6115384615384,4,True
2013-12-26,993.4528846153846,991.3115384615385,995.1653846153847,4,True
2013-12-27,995.3846153846154,994.2615384615384,996.95,4,True
2013-12-28,995.3596153846154,994.553846153846,996.0576923076924,4,True
2013-12-29,993.5259615384616,992.8461538461539,994.7538461538461,4,True
2013-12-30,992.9884615384615,991.8384615384616,993.9846153846153,4,True
2013-12-31,993.1201923076924,991.6423076923077,994.7653846153847,4,True
2014-01-01,992.9557692307692,991.4846153846153,993.7615384615384,4,True
2014-01-02,992.2586538461538,991.2461538461539,993.8076923076924,4,True
2014-01-03,992.0192307692307,990.9538461538461,992.6615384615384,4,True
2014-01-04,993.8317307692308,991.8538461538461,995.0961538461539,4,True
2014-01-05,994.65,993.35,995.4692307692308,4,True
2014-01-06,994.4115384615384,993.3884615384616,994.9692307692308,4,True
2014-01-07,993.3394230769231,992.3,994.2269230769231,4,True
2014-01-08,993.1201923076923,992.0423076923076,994.2730769230769,4,True
2014-01-09,993.425,992.45,994.45,4,True
2014-01-10,992.8615384615384,991.9923076923077,993.8461538461539,4,True
2014-01-11,993.0548076923077,990.7692307692308,994.7346153846153,4,True
2014-01-12,994.4586538461539,992.6461538461539,995.8769230769232,4,True
2014-01-13,995.3826923076923,993.7769230769231,996.4038461538461,4,True
2014-01-14,995.258653846154,994.6153846153846,996.2,4,True
2014-01-15,994.2,992.9153846153847,995.4,4,True
2014-01-16,993.4182692307692,992.303846153846,994.7038461538461,4,True
2014-01-17,994.6509615384616,992.85,995.9769230769231,4,True
2014-01-18,995.5875,995.0115384615384,996.2230769230769,4,True
2014-01-19,995.6163461538462,995.0653846153847,996.3423076923077,4,True
2014-01-20,995.5298076923077,994.7923076923076,996.1653846153847,4,True
2014-01-21,993.6125,992.3769230769232,994.7,4,True
2014-01-22,992.7846153846153,991.3846153846154,994.0,4,True
2014-01-23,993.4644230769231,990.6461538461539,994.9,4,True
2014-01-24,993.5096153846154,992.1576923076923,994.9269230769231,4,True
2014-01-25,991.8557692307693,990.5692307692308,993.4961538461539,4,True
2014-01-26,990.7067307692307,989.5076923076923,992.2230769230769,4,True
2014-01-27,990.814423076923,988.1115384615384,992.4769230769231,4,True
2014-01-28,991.7846153846153,990.6038461538461,992.8769230769232,4,True
2014-01-29,991.8692307692307,990.3269230769231,993.2230769230769,4,True
2014-01-30,991.5038461538461,989.5461538461539,992.9961538461539,4,True
2014-01-31,992.4240384615384,991.4269230769231,993.2384615384616,4,True
2014-02-01,992.8942307692307,991.5423076923076,993.8769230769232,4,True
2014-02-02,992.7663461538461,991.3269230769231,993.9346153846153,4,True
2014-02-03,991.8336538461538,990.7307692307692,992.6846153846153,4,True
2014-02-04,991.564423076923,990.7115384615385,992.85,4,True
2014-02-05,991.7076923076922,990.8115384615385,992.6923076923076,4,True
2014-02-06,992.4278846153846,991.5192307692308,992.9269230769231,4,True
2014-02-07,992.8980769230769,991.8961538461539,994.0730769230769,4,True
2014-02-08,993.0403846153846,991.8538461538461,994.5576923076924,4,True
2014-02-09,992.9846153846154,992.1769230769231,993.6730769230769,4,True
2014-02-10,993.0173076923077,991.7730769230769,993.9192307692308,4,True
2014-02-11,993.6586538461538,993.0038461538461,994.6923076923076,4,True
2014-02-12,993.0961538461538,992.2730769230769,993.9961538461539,4,True
2014-02-13,993.0423076923076,992.1192307692307,993.4692307692308,4,True
2014-02-14,993.4855769230769,991.9384615384615,994.7461538461539,4,True
2014-02-15,994.2423076923077,993.1884615384615,995.4153846153847,4,True
2014-02-16,994.2346153846154,993.5346153846153,994.7076923076924,4,True
2014-02-17,993.275,992.3269230769231,994.4807692307692,4,True
2014-02-18,991.876923076923,990.3153846153847,993.1461538461539,4,True
2014-02-19,991.6682692307693,990.4615384615385,992.8269230769231,4,True
2014-02-20,991.0086538461538,990.0346153846153,992.2076923076924,4,True
2014-02-21,991.3528846153846,989.9038461538461,992.3461538461539,4,True
2014-02-22,992.1509615384615,991.4307692307692,993.6230769230768,4,True
2014-02-23,992.4115384615384,991.7461538461539,992.9730769230769,4,True
2014-02-24,992.9673076923077,992.3153846153847,994.0307692307692,4,True
2014-02-25,992.9634615384616,992.8269230769231,993.3384615384616,4,True
2014-02-26,993.1721153846154,992.5038461538461,993.9153846153847,4,True
2014-02-27,993.2009615384616,991.8461538461539,994.65,4,True
2014-02-28,993.7423076923077,992.8846153846154,994.6,4,True
2014-03-01,993.6798076923077,992.7961538461539,995.0769230769231,4,True
2014-03-02,992.1519230769231,990.5961538461539,993.1,4,True
2014-03-03,990.8817307692308,989.2384615384616,992.0115384615384,4,True
2014-03-04,991.4807692307693,990.2423076923077,992.4615384615385,4,True
2014-03-05,992.9519230769231,991.1153846153846,994.2884615384615,4,True
2014-03-06,994.9163461538461,994.1615384615384,995.6230769230768,4,True
2014-03-07,994.3461538461538,993.7153846153847,994.9346153846153,4,True
2014-03-08,993.6221153846154,992.4153846153847,994.8307692307692,4,True
2014-03-09,993.5086538461538,992.7884615384615,993.9961538461539,4,True
2014-03-10,993.9692307692308,992.8,994.6269230769232,4,True
2014-03-11,992.9163461538461,992.2961538461539,993.7884615384615,4,True
2014-03-12,991.5913461538462,989.8346153846153,993.45,4,True
2014-03-13,992.8701923076923,991.7846153846153,994.2038461538461,4,True
2014-03-14,993.3086538461539,992.4346153846153,994.0961538461539,4,True
2014-03-15,992.383653846154,991.6692307692308,992.9615384615385,4,True
2014-03-16,992.1105769230769,991.4615384615385,992.7423076923077,4,True
2014-03-17,991.7365384615384,990.9653846153847,992.1615384615384,4,True
2014-03-18,993.0365384615384,991.1,994.0,4,True
2014-03-19,994.3884615384616,993.9115384615384,995.1423076923077,4,True
2014-03-20,993.2365384615384,992.6730769230769,993.8307692307692,4,True
2014-03-21,993.5451923076923,992.1346153846154,994.5,4,True
2014-03-22,995.4625,994.303846153846,996.6038461538461,4,True
2014-03-23,996.1173076923076,995.6230769230768,996.5346153846153,4,True
2014-03-24,995.4288461538462,994.3615384615384,995.8923076923077,4,True
2014-03-25,994.9586538461539,993.5730769230769,996.2076923076924,4,True
2014-03-26,995.6759615384615,994.3230769230769,996.6230769230768,4,True
2014-03-27,995.6586538461538,994.7307692307692,996.6384615384616,4,True
2014-03-28,994.2951923076923,992.7730769230769,995.1038461538461,4,True
2014-03-29,992.4000000000001,991.3384615384616,994.15,4,True
2014-03-30,991.3423076923077,989.3538461538461,992.9923076923077,4,True
2014-03-31,992.3067307692309,990.0076923076923,993.5730769230769,4,True
2014-04-01,994.6163461538462,992.3615384615384,996.4230769230769,4,True
2014-04-02,995.9442307692308,994.0115384615384,997.1615384615384,4,True
2014-04-03,995.1759615384616,994.2653846153847,996.3961538461539,4,True
2014-04-04,994.5538461538462,993.4307692307692,995.8269230769231,4,True
2014-04-05,994.8230769230769,992.9923076923077,996.3269230769231,4,True
2014-04-06,995.3067307692307,994.4269230769231,996.0615384615385,4,True
2014-04-07,994.8461538461538,994.1769230769231,995.65,4,True
2014-04-08,995.2038461538461,994.2576923076923,995.7,4,True
2014-04-09,996.0971153846153,994.8730769230768,996.8384615384616,4,True
2014-04-10,995.6615384615384,994.0807692307692,996.9076923076923,4,True
2014-04-11,995.6865384615385,994.6269230769232,996.9961538461539,4,True
2014-04-12,994.8807692307691,993.35,996.2230769230769,4,True
2014-04-13,994.9096153846153,993.9384615384615,995.9769230769231,4,True
2014-04-14,994.0442307692308,993.2807692307692,994.8576923076923,4,True
2014-04-15,994.5740384615384,993.4346153846153,995.1,4,True
2014-04-16,994.9538461538461,994.6038461538461,995.7538461538461,4,True
2014-04-17,994.1057692307693,993.1,995.0307692307692,4,True
2014-04-18,993.9557692307693,992.946153846154,994.6653846153847,4,True
2014-04-19,993.6480769230769,992.8,994.6384615384616,4,True
2014-04-20,995.7413461538462,994.2769230769231,996.6346153846154,4,True
2014-04-21,994.885576923077,993.7692307692308,995.6653846153847,4,True
2014-04-22,993.6644230769231,992.6192307692307,994.7538461538461,4,True
2014-04-23,993.6798076923077,992.6,994.6769230769231,4,True
2014-04-24,994.7596153846154,993.75,995.3076923076924,4,True
2014-04-25,995.364423076923,994.9076923076923,996.1153846153846,4,True
2014-04-26,995.1942307692309,994.8192307692308,995.7653846153847,4,True
2014-04-27,994.7576923076922,993.3730769230768,995.7346153846153,4,True
2014-04-28,994.1884615384615,992.8269230769231,995.1923076923076,4,True
2014-04-29,994.0432692307693,993.0961538461539,994.8884615384616,4,True
2014-04-30,994.3807692307691,993.5615384615385,995.5461538461539,4,True
2014-05-01,993.4682692307692,992.2307692307692,994.1653846153847,4,True
2014-05-02,993.0615384615385,990.946153846154,994.6230769230768,4,True
2014-05-03,995.0778846153846,993.35,996.3153846153847,4,True
2014-05-04,997.3365384615385,996.8307692307692,997.8692307692307,4,True
2014-05-05,995.5875,994.35,996.4923076923077,4,True
2014-05-06,994.1663461538461,992.75,995.7923076923076,4,True
2014-05-07,995.2586538461538,993.6884615384615,996.7153846153847,4,True
2014-05-08,996.1076923076923,995.0653846153847,996.9153846153847,4,True
2014-05-09,995.8971153846154,994.9576923076924,996.9153846153847,4,True
2014-05-10,995.2,994.4192307692308,996.2576923076923,4,True
2014-05-11,994.6528846153846,993.6807692307692,995.4423076923076,4,True
2014-05-12,993.9740384615385,993.1423076923077,994.9884615384616,4,True
2014-05-13,993.8711538461539,992.9,995.2153846153847,4,True
2014-05-14,993.9317307692309,992.6307692307693,995.25,4,True
2014-05-15,994.9788461538462,993.7807692307692,995.7,4,True
2014-05-16,994.4903846153846,994.0692307692308,995.0423076923076,4,True
2014-05-17,994.7057692307693,993.5269230769231,995.2153846153847,4,True
2014-05-18,994.7836538461538,993.5769230769231,995.4346153846153,4,True
2014-05-19,995.7971153846154,994.9538461538461,996.2423076923077,4,True
2014-05-20,995.7528846153846,994.9807692307692,996.8692307692307,4,True
2014-05-21,994.4269230769231,993.446153846154,995.15,4,True
2014-05-22,993.3855769230769,992.1615384615384,994.5923076923077,4,True
2014-05-23,994.4740384615385,992.1769230769231,996.25,4,True
2014-05-24,996.4576923076922,994.9,997.8269230769231,4,True
2014-05-25,996.3346153846154,995.3346153846153,997.4230769230769,4,True
2014-05-26,996.9538461538461,995.3192307692308,998.4,4,True
2014-05-27,997.3961538461539,996.7769230769231,998.0807692307692,4,True
2014-05-28,996.7413461538462,995.7576923076923,997.6153846153846,4,True
2014-05-29,995.8711538461539,995.3576923076923,996.1923076923076,4,True
2014-05-30,995.0509615384616,994.2576923076923,995.8692307692307,4,True
2014-05-31,994.5192307692307,993.2269230769231,995.7692307692308,4,True
2014-06-01,994.675,993.5807692307692,995.4615384615385,4,True
2014-06-02,994.6615384615385,993.8730769230768,995.3115384615385,4,True
2014-06-03,994.6576923076923,994.1076923076923,995.4038461538461,4,True
2014-06-04,994.0326923076923,993.0,994.7807692307692,4,True
2014-06-05,993.8048076923077,992.5653846153847,994.3423076923077,4,True
2014-06-06,994.5528846153845,993.4384615384615,995.35,4,True
2014-06-07,994.8365384615385,993.5038461538461,995.946153846154,4,True
2014-06-08,994.6778846153845,993.7730769230769,995.5923076923077,4,True
2014-06-09,995.3259615384616,992.6576923076923,996.8807692307693,4,True
2014-06-10,997.0538461538462,995.4769230769231,998.3115384615385,4,True
2014-06-11,997.7442307692309,996.65,998.5153846153847,4,True
2014-06-12,996.5125,995.6192307692307,997.5230769230769,4,True
2014-06-13,996.6163461538462,994.8461538461539,997.4307692307692,4,True
2014-06-14,997.5769230769231,996.6192307692307,998.2384615384616,4,True
2014-06-15,998.0394230769231,997.0115384615384,998.7653846153847,4,True
2014-06-16,998.5432692307693,997.4653846153847,999.5884615384616,4,True
2014-06-17,999.1971153846155,997.6653846153847,1000.2115384615385,4,True
2014-06-18,999.3567307692308,998.1769230769231,1000.1192307692307,4,True
2014-06-19,1001.2865384615385,1000.0884615384616,1001.95,4,True
2014-06-20,1000.1471153846154,999.2884615384615,1000.6269230769232,4,True
2014-06-21,998.6423076923077,997.9153846153847,999.3192307692308,4,True
2014-06-22,998.0326923076923,996.8884615384616,998.7153846153847,4,True
2014-06-23,998.5730769230769,996.8307692307692,999.5,4,True
2014-06-24,998.5855769230769,997.7346153846153,999.2384615384616,4,True
2014-06-25,997.9932692307692,997.3846153846154,998.7769230769231,4,True
2014-06-26,997.0538461538462,996.45,997.7115384615385,4,True
2014-06-27,996.4557692307692,994.6769230769231,997.2576923076923,4,True
2014-06-28,998.2326923076923,996.7807692307692,999.0461538461539,4,True
2014-06-29,998.8798076923077,998.3076923076924,999.55,4,True
2014-06-30,999.0298076923077,998.2384615384616,999.8538461538461,4,True
2014-07-01,997.7615384615384,997.1,998.4346153846153,4,True
2014-07-02,997.0240384615385,995.8461538461539,997.8692307692307,4,True
2014-07-03,997.6528846153847,995.7961538461539,998.9884615384616,4,True
2014-07-04,998.4307692307692,996.1769230769231,999.7961538461539,4,True
2014-07-05,998.1375,997.1423076923077,999.053846153846,4,True
2014-07-06,997.6163461538462,995.9615384615385,998.8884615384616,4,True
2014-07-07,998.9230769230769,997.0576923076924,1000.3115384615385,4,True
2014-07-08,999.9807692307693,998.9153846153847,1001.0307692307692,4,True
2014-07-09,999.4480769230769,997.9576923076924,1000.3346153846153,4,True
2014-07-10,998.425,997.0384615384615,999.2038461538461,4,True
2014-07-11,998.0663461538461,997.05,998.9692307692308,4,True
2014-07-12,998.0875000000001,996.8461538461539,999.0153846153847,4,True
2014-07-13,999.123076923077,997.5346153846153,1000.1538461538461,4,True
2014-07-14,1000.4769230769231,999.0653846153847,1001.3307692307692,4,True
2014-07-15,1000.0461538461539,999.5076923076923,1000.7461538461539,4,True
2014-07-16,1000.1423076923077,998.1038461538461,1001.1615384615384,4,True
2014-07-17,1000.7105769230769,999.3769230769232,1001.6115384615384,4,True
2014-07-18,1000.0298076923077,998.5269230769231,1001.5423076923076,4,True
2014-07-19,999.9586538461538,998.6538461538461,1000.7846153846153,4,True
2014-07-20,1000.2634615384616,998.9153846153847,1001.1884615384615,4,True
2014-07-21,999.7201923076923,998.7653846153847,1000.6923076923076,4,True
2014-07-22,997.5182692307692,996.5307692307692,998.5692307692308,4,True
2014-07-23,996.8692307692307,994.8230769230769,998.45,4,True
2014-07-24,996.8528846153846,995.4423076923076,997.8615384615384,4,True
2014-07-25,997.4663461538462,996.2692307692308,998.7884615384615,4,True
2014-07-26,997.123076923077,995.1038461538461,998.1384615384616,4,True
2014-07-27,997.9923076923077,996.5884615384616,999.2615384615384,4,True
2014-07-28,999.6163461538462,998.0230769230769,1001.3,4,True
2014-07-29,1000.0317307692308,998.7923076923076,1000.9307692307692,4,True
2014-07-30,999.8346153846154,998.8423076923077,1000.5269230769231,4,True
2014-07-31,998.7846153846153,997.9115384615384,999.3230769230769,4,True
2014-08-01,997.3576923076923,996.3846153846154,998.1230769230768,4,True
2014-08-02,996.9375,995.0423076923076,997.8346153846153,4,True
2014-08-03,997.7259615384615,996.6653846153847,998.5769230769231,4,True
2014-08-04,996.8346153846154,995.8846153846154,997.6461538461539,4,True
2014-08-05,998.5923076923077,996.2923076923076,999.9538461538461,4,True
2014-08-06,999.2749999999999,997.9807692307692,999.9846153846153,4,True
2014-08-07,997.4923076923077,996.6807692307692,998.2846153846153,4,True
2014-08-08,998.1067307692308,995.7807692307692,999.6346153846154,4,True
2014-08-09,999.0394230769231,997.9038461538461,999.6038461538461,4,True
2014-08-10,997.8153846153846,997.2730769230769,998.5307692307692,4,True
2014-08-11,996.3692307692309,994.6423076923077,997.5192307692308,4,True
2014-08-12,997.1423076923077,995.0038461538461,998.7769230769231,4,True
2014-08-13,997.9326923076923,996.7307692307692,999.2076923076924,4,True
2014-08-14,998.4432692307691,997.3730769230768,999.4653846153847,4,True
2014-08-15,998.8269230769231,998.0076923076923,999.2346153846153,4,True
2014-08-16,999.1923076923076,997.7115384615385,1000.5769230769231,4,True
2014-08-17,998.4596153846154,997.7076923076924,999.4384615384615,4,True
2014-08-18,998.060576923077,997.0615384615385,998.8346153846153,4,True
2014-08-19,998.0115384615385,996.7038461538461,999.0038461538461,4,True
2014-08-20,997.5596153846154,995.9730769230769,998.6076923076923,4,True
2014-08-21,997.2375,996.4,998.0692307692308,4,True
2014-08-22,996.3855769230769,995.3576923076923,997.3538461538461,4,True
2014-08-23,994.901923076923,993.9076923076923,995.8615384615384,4,True
2014-08-24,993.85,992.6692307692308,994.8423076923077,4,True
2014-08-25,993.7903846153847,992.4576923076924,995.15,4,True
2014-08-26,994.7548076923077,992.7769230769231,997.196153846154,4,True
2014-08-27,995.7461538461538,994.7961538461539,996.4692307692308,4,True
2014-08-28,995.8807692307693,995.25,996.7576923076923,4,True
2014-08-29,997.3971153846154,995.9115384615384,998.1461538461539,4,True
2014-08-30,998.6048076923076,997.5115384615384,999.7807692307692,4,True
2014-08-31,998.7432692307692,997.5576923076924,999.9576923076924,4,True
2014-09-01,996.7134615384616,996.0923076923077,997.6076923076923,4,True
2014-09-02,995.0875,993.6730769230769,996.1153846153846,4,True
2014-09-03,994.7586538461538,993.2923076923076,995.7961538461539,4,True
2014-09-04,995.5826923076922,993.2307692307692,996.9730769230769,4,True
2014-09-05,996.8432692307692,995.9346153846153,997.9538461538461,4,True
2014-09-06,995.7673076923077,994.2846153846153,997.2038461538461,4,True
2014-09-07,995.7105769230769,994.1884615384615,996.5384615384615,4,True
2014-09-08,996.5788461538461,994.8346153846153,997.7769230769231,4,True
2014-09-09,996.2673076923077,995.7269230769231,997.0346153846153,4,True
2014-09-10,994.3240384615385,992.1192307692307,995.7576923076923,4,True
2014-09-11,993.3403846153847,991.4846153846153,995.0884615384616,4,True
2014-09-12,993.2865384615385,992.15,994.15,4,True
2014-09-13,994.7884615384615,993.0461538461539,995.5807692307692,4,True
2014-09-14,995.9125,994.7076923076924,996.8730769230768,4,True
2014-09-15,997.2682692307692,995.8461538461539,998.0769230769231,4,True
2014-09-16,997.1153846153846,995.5269230769231,998.0730769230769,4,True
2014-09-17,995.7442307692307,994.4346153846153,997.0884615384616,4,True
2014-09-18,994.2048076923077,992.7076923076924,995.7076923076924,4,True
2014-09-19,993.5375,992.2,994.9076923076923,4,True
2014-09-20,993.8942307692307,992.7653846153847,995.053846153846,4,True
2014-09-21,994.6701923076923,993.8538461538461,996.2153846153847,4,True
2014-09-22,996.0326923076923,995.2807692307692,996.8884615384616,4,True
2014-09-23,995.575,994.6538461538461,996.696153846154,4,True
2014-09-24,994.9490384615384,992.5423076923076,996.803846153846,4,True
2014-09-25,994.8807692307693,993.5230769230769,996.7115384615385,4,True
2014-09-26,993.4990384615385,992.4115384615384,994.7115384615385,4,True
2014-09-27,993.560576923077,992.0346153846153,995.3538461538461,4,True
2014-09-28,995.1865384615385,993.5576923076924,997.0423076923076,4,True
2014-09-29,995.9576923076922,995.303846153846,997.0807692307692,4,True
2014-09-30,996.4817307692308,995.1653846153847,997.5615384615385,4,True
2014-10-01,996.5365384615385,995.196153846154,998.1192307692307,4,True
2014-10-02,996.2884615384614,994.6346153846154,998.0346153846153,4,True
2014-10-03,997.1144230769231,996.3346153846153,997.9576923076924,4,True
2014-10-04,995.0221153846154,992.5846153846153,996.2807692307692,4,True
2014-10-05,992.5913461538462,991.0076923076923,994.2076923076924,4,True
2014-10-06,993.7259615384615,992.0576923076924,995.6461538461539,4,True
2014-10-07,993.7798076923077,992.6807692307692,994.7230769230769,4,True
2014-10-08,993.5721153846154,992.803846153846,994.1423076923077,4,True
2014-10-09,992.6211538461539,991.3807692307693,993.7653846153847,4,True
2014-10-10,992.0230769230769,991.2,993.3,4,True
2014-10-11,994.3375,993.3,996.0730769230769,4,True
2014-10-12,995.4538461538461,994.4653846153847,996.7115384615385,4,True
2014-10-13,995.5913461538462,995.2192307692308,996.0307692307692,4,True
2014-10-14,996.4519230769231,996.0692307692308,997.3192307692308,4,True
2014-10-15,996.9471153846154,996.0384615384615,998.1923076923076,4,True
2014-10-16,996.6961538461538,996.4153846153847,997.3192307692308,4,True
2014-10-17,996.5884615384616,995.6653846153847,997.6076923076923,4,True
2014-10-18,994.6375,993.1884615384615,995.85,4,True
2014-10-19,994.1528846153846,992.4346153846153,996.1038461538461,4,True
2014-10-20,995.3663461538462,993.9076923076923,996.7076923076924,4,True
2014-10-21,995.4134615384614,994.5346153846153,996.5730769230769,4,True
2014-10-22,995.5615384615385,994.6038461538461,996.7538461538461,4,True
2014-10-23,995.2163461538462,993.4692307692308,996.3269230769231,4,True
2014-10-24,993.5663461538461,991.55,995.2423076923077,4,True
2014-10-25,991.9307692307692,990.3884615384616,994.0115384615384,4,True
2014-10-26,991.8644230769231,991.3307692307692,992.3115384615385,4,True
2014-10-27,991.9134615384615,991.1076923076923,993.0923076923077,4,True
2014-10-28,993.1009615384615,991.9730769230769,994.6269230769232,4,True
2014-10-29,993.1,991.8538461538461,994.3961538461539,4,True
2014-10-30,991.2317307692308,989.9884615384616,992.5423076923076,4,True
2014-10-31,990.7836538461538,988.9730769230769,992.4346153846153,4,True
2014-11-01,992.8509615384614,991.4115384615384,994.5115384615384,4,True
2014-11-02,994.0144230769231,993.0,995.2884615384615,4,True
2014-11-03,992.9528846153846,991.2730769230769,994.3192307692308,4,True
2014-11-04,991.3673076923077,990.0730769230769,992.7384615384616,4,True
2014-11-05,991.5240384615385,990.1923076923076,993.5769230769231,4,True
2014-11-06,992.3057692307692,990.5576923076924,994.15,4,True
2014-11-07,994.0317307692308,992.6576923076923,995.85,4,True
2014-11-08,993.2326923076923,991.4384615384615,994.4769230769231,4,True
2014-11-09,992.7596153846155,991.5076923076923,994.5192307692308,4,True
2014-11-10,992.1692307692308,991.2846153846153,993.2076923076924,4,True
2014-11-11,991.3865384615385,989.5076923076923,992.3730769230768,4,True
2014-11-12,989.8759615384615,989.1115384615384,991.3884615384616,4,True
2014-11-13,989.3548076923076,987.4961538461539,990.6615384615384,4,True
2014-11-14,989.3894230769231,988.2615384615384,991.35,4,True
2014-11-15,994.2298076923076,991.8846153846154,995.4384615384615,4,True
2014-11-16,995.5788461538461,995.1269230769232,996.0923076923077,4,True
2014-11-17,995.7682692307692,994.8730769230768,997.3423076923077,4,True
2014-11-18,993.6942307692308,991.3538461538461,995.2653846153847,4,True
2014-11-19,991.5528846153846,989.8961538461539,993.0576923076924,4,True
2014-11-20,990.4596153846154,988.7769230769231,992.6346153846154,4,True
2014-11-21,990.7817307692308,988.1461538461539,993.2923076923076,4,True
2014-11-22,991.7461538461539,990.2423076923077,993.8769230769232,4,True
2014-11-23,991.6596153846153,990.7538461538461,992.4115384615384,4,True
2014-11-24,991.6519230769231,990.2884615384615,993.2769230769231,4,True
2014-11-25,992.5048076923077,991.0692307692308,993.8384615384616,4,True
2014-11-26,992.2509615384615,991.0653846153847,993.303846153846,4,True
2014-11-27,992.3028846153845,990.7269230769231,993.7807692307692,4,True
2014-11-28,992.5836538461539,991.5192307692308,994.1384615384616,4,True
2014-11-29,992.5788461538461,991.2076923076924,994.0384615384615,4,True
2014-11-30,993.3576923076923,992.4153846153847,994.9538461538461,4,True
2014-12-01,993.6817307692307,992.7423076923077,994.9769230769231,4,True
2014-12-02,993.0432692307693,991.4384615384615,994.1653846153847,4,True
2014-12-03,991.366346153846,990.0846153846153,993.4307692307692,4,True
2014-12-04,992.7,991.1807692307692,994.05,4,True
2014-12-05,994.5230769230769,993.8730769230768,995.5153846153847,4,True
2014-12-06,993.5682692307693,991.4115384615384,994.8115384615385,4,True
2014-12-07,990.8403846153847,989.0769230769231,993.0230769230769,4,True
2014-12-08,990.2615384615385,988.2807692307692,992.7,4,True
2014-12-09,990.7548076923077,989.0769230769231,992.7423076923077,4,True
2014-12-10,991.5471153846154,990.3269230769231,992.7692307692308,4,True
2014-12-11,992.3884615384616,991.0730769230769,993.9653846153847,4,True
2014-12-12,994.0490384615384,992.6384615384616,995.6423076923077,4,True
2014-12-13,993.0490384615384,992.2192307692308,994.0807692307692,4,True
2014-12-14,991.4653846153847,990.0192307692308,992.8192307692308,4,True
2014-12-15,991.7153846153847,990.05,993.3653846153846,4,True
2014-12-16,993.3894230769231,992.0730769230769,995.2884615384615,4,True
2014-12-17,993.9336538461539,992.4346153846153,996.1461538461539,4,True
2014-12-18,993.1471153846153,991.7038461538461,994.4846153846153,4,True
2014-12-19,991.9576923076922,990.5769230769231,993.4807692307692,4,True
2014-12-20,991.3961538461539,989.6346153846154,993.196153846154,4,True
2014-12-21,992.1913461538462,990.303846153846,994.0653846153847,4,True
2014-12-22,992.6903846153846,990.5923076923077,994.7423076923077,4,True
2014-12-23,993.0836538461539,990.8423076923077,994.3576923076923,4,True
2014-12-24,993.6798076923077,993.3153846153847,994.3,4,True
2014-12-25,994.5134615384616,993.8153846153847,995.4653846153847,4,True
2014-12-26,993.8009615384615,992.5884615384616,994.5576923076924,4,True
2014-12-27,994.7490384615385,993.9423076923076,995.3538461538461,4,True
2014-12-28,995.2903846153846,994.4192307692308,996.0038461538461,4,True
2014-12-29,995.428846153846,994.1923076923076,996.65,4,True
2014-12-30,995.4134615384615,993.7846153846153,996.9769230769231,4,True
2014-12-31,995.1576923076923,994.1653846153847,996.0038461538461,4,True
2015-01-01,994.8298076923077,994.3,995.6807692307692,4,True
2015-01-02,994.9951923076924,993.5307692307692,996.2769230769231,4,True
2015-01-03,995.1923076923076,994.303846153846,996.2192307692308,4,True
2015-01-04,996.4153846153846,995.4538461538461,997.5076923076923,4,True
2015-01-05,996.8932692307692,995.8384615384616,997.9346153846153,4,True
2015-01-06,996.5375,995.6384615384616,997.6038461538461,4,True
2015-01-07,995.376923076923,994.696153846154,995.8576923076923,4,True
2015-01-08,995.7115384615386,995.1653846153847,996.2730769230769,4,True
2015-01-09,996.7057692307692,995.3961538461539,997.6846153846153,4,True
2015-01-10,997.3499999999999,996.2307692307692,998.3846153846154,4,True
2015-01-11,996.8692307692307,995.8615384615384,997.9846153846153,4,True
2015-01-12,995.9134615384615,994.3923076923077,996.95,4,True
2015-01-13,994.439423076923,992.9961538461539,995.5461538461539,4,True
2015-01-14,994.3903846153846,993.1615384615384,995.4269230769231,4,True
2015-01-15,994.875,993.6692307692308,996.0576923076924,4,True
2015-01-16,994.7538461538461,993.85,995.5384615384615,4,True
2015-01-17,994.060576923077,992.4730769230769,995.1730769230769,4,True
2015-01-18,993.9971153846153,993.1923076923076,995.0846153846153,4,True
2015-01-19,993.3009615384616,992.1076923076923,994.2153846153847,4,True
2015-01-20,992.8192307692308,991.9653846153847,993.5576923076924,4,True
2015-01-21,993.4076923076923,992.0884615384616,994.7115384615385,4,True
2015-01-22,994.9115384615384,993.9730769230769,996.8692307692307,4,True
2015-01-23,995.2057692307692,993.7538461538461,996.1884615384615,4,True
2015-01-24,994.0788461538461,993.0807692307692,995.0153846153847,4,True
2015-01-25,993.75,993.2884615384615,994.2807692307692,4,True
2015-01-26,993.3653846153846,991.5307692307692,994.2884615384615,4,True
2015-01-27,994.1173076923077,992.9346153846153,994.6346153846154,4,True
2015-01-28,994.0423076923076,993.5615384615385,994.7807692307692,4,True
2015-01-29,993.8846153846154,992.45,995.1038461538461,4,True
2015-01-30,993.689423076923,992.1192307692307,994.5346153846153,4,True
2015-01-31,994.5298076923077,993.5307692307692,995.446153846154,4,True
2015-02-01,995.3673076923077,994.8461538461539,995.9538461538461,4,True
2015-02-02,996.2759615384615,995.1423076923077,997.2576923076923,4,True
2015-02-03,996.675,996.3,997.1730769230769,4,True
2015-02-04,995.4490384615384,994.9384615384615,995.9846153846153,4,True
2015-02-05,994.6153846153846,992.8153846153847,995.4115384615384,4,True
2015-02-06,993.9625,992.8269230769231,994.7115384615385,4,True
2015-02-07,993.0615384615385,991.9307692307692,993.8076923076924,4,True
2015-02-08,993.2682692307692,991.75,994.2423076923077,4,True
2015-02-09,993.4644230769231,992.0923076923077,994.2038461538461,4,True
2015-02-10,992.4038461538461,991.4115384615384,993.6538461538461,4,True
2015-02-11,993.925,992.2115384615385,995.196153846154,4,True
2015-02-12,994.8384615384615,993.6423076923077,995.8115384615385,4,True
2015-02-13,995.3317307692307,994.7192307692308,995.8269230769231,4,True
2015-02-14,995.5749999999999,994.9346153846153,996.3230769230769,4,True
2015-02-15,995.089423076923,993.9,995.9692307692308,4,True
2015-02-16,994.2028846153846,993.4576923076924,995.1615384615384,4,True
2015-02-17,993.3778846153846,992.25,994.5461538461539,4,True
2015-02-18,993.0663461538461,991.5,994.6576923076923,4,True
2015-02-19,991.2576923076923,990.0692307692308,992.2884615384615,4,True
2015-02-20,990.0509615384616,987.9653846153847,992.1461538461539,4,True
2015-02-21,991.4711538461538,989.05,993.3615384615384,4,True
2015-02-22,993.2451923076923,991.053846153846,995.6653846153847,4,True
2015-02-23,993.7711538461539,991.7615384615384,995.4115384615384,4,True
2015-02-24,993.2355769230769,991.9923076923077,994.5346153846153,4,True
2015-02-25,993.8519230769231,991.8961538461539,994.9692307692308,4,True
2015-02-26,993.7567307692308,993.2153846153847,994.3846153846154,4,True
2015-02-27,993.9355769230768,992.7230769230769,995.1307692307693,4,True
2015-02-28,994.5067307692308,993.6384615384616,995.4192307692308,4,True
2015-03-01,994.7874999999999,993.8307692307692,995.5846153846153,4,True
2015-03-02,993.8375,992.5923076923077,994.9692307692308,4,True
2015-03-03,992.4538461538461,991.1692307692308,993.6576923076923,4,True
2015-03-04,991.7980769230769,989.5615384615385,993.3192307692308,4,True
2015-03-05,992.5942307692308,991.1230769230768,993.6615384615384,4,True
2015-03-06,992.9403846153846,991.9038461538461,993.8884615384616,4,True
2015-03-07,994.2461538461538,992.4653846153847,995.4615384615385,4,True
2015-03-08,993.3201923076923,992.8230769230769,993.9538461538461,4,True
2015-03-09,993.126923076923,992.2884615384615,993.9192307692308,4,True
2015-03-10,993.9836538461539,992.4038461538461,994.8307692307692,4,True
2015-03-11,994.741346153846,993.8307692307692,995.5115384615384,4,True
2015-03-12,994.1836538461539,993.3769230769232,994.8384615384616,4,True
2015-03-13,992.676923076923,992.05,993.3307692307692,4,True
2015-03-14,992.0413461538461,990.6230769230768,992.5923076923077,4,True
2015-03-15,993.0346153846153,991.2423076923077,993.9692307692308,4,True
2015-03-16,993.9682692307692,992.5269230769231,995.0346153846153,4,True
2015-03-17,993.4288461538462,992.6115384615384,994.5769230769231,4,True
2015-03-18,993.0461538461539,992.1615384615384,994.2,4,True
2015-03-19,993.4240384615384,992.3730769230768,993.9192307692308,4,True
2015-03-20,994.2509615384615,993.3423076923077,994.8153846153847,4,True
2015-03-21,994.4961538461539,993.2192307692308,995.4653846153847,4,True
2015-03-22,994.3951923076924,993.7038461538461,994.7884615384615,4,True
2015-03-23,995.7711538461539,994.6269230769232,996.6461538461539,4,True
2015-03-24,996.225,995.0807692307692,997.3538461538461,4,True
2015-03-25,995.9423076923077,994.7,996.7769230769231,4,True
2015-03-26,994.5125,993.6923076923076,995.4576923076924,4,True
2015-03-27,993.8961538461538,992.1461538461539,995.4307692307692,4,True
2015-03-28,995.5240384615385,994.1807692307692,996.7307692307692,4,True
2015-03-29,996.1644230769231,995.8115384615385,996.5115384615384,4,True
2015-03-30,995.935576923077,995.2769230769231,996.5461538461539,4,True
2015-03-31,995.1403846153846,994.5192307692308,995.9692307692308,4,True
2015-04-01,994.6778846153845,992.9769230769231,995.9038461538461,4,True
2015-04-02,995.3567307692308,994.3961538461539,996.4923076923077,4,True
2015-04-03,995.2682692307693,994.7384615384616,995.8923076923077,4,True
2015-04-04,993.6586538461538,993.1730769230769,994.0769230769231,4,True
2015-04-05,992.5269230769231,991.2961538461539,993.6038461538461,4,True
2015-04-06,993.7509615384615,991.8884615384616,995.2153846153847,4,True
2015-04-07,994.4596153846154,993.2153846153847,995.0269230769231,4,True
2015-04-08,994.2413461538462,993.4653846153847,994.8846153846154,4,True
2015-04-09,994.1105769230769,992.0846153846153,994.9115384615384,4,True
2015-04-10,994.7567307692308,993.5192307692308,995.5307692307692,4,True
2015-04-11,995.8278846153846,995.4076923076923,996.3923076923077,4,True
2015-04-12,996.0096153846154,995.7923076923076,996.1846153846153,4,True
2015-04-13,996.1115384615384,995.1230769230768,997.0230769230769,4,True
2015-04-14,994.9423076923076,993.9692307692308,996.2423076923077,4,True
2015-04-15,994.5086538461538,993.1576923076923,995.6538461538461,4,True
2015-04-16,993.7730769230769,992.2153846153847,994.9230769230769,4,True
2015-04-17,994.2913461538461,993.053846153846,995.6461538461539,4,True
2015-04-18,994.8375,993.9384615384615,995.5230769230769,4,True
2015-04-19,994.5028846153846,993.5153846153847,995.35,4,True
2015-04-20,994.0653846153846,992.7730769230769,994.8,4,True
2015-04-21,994.0278846153847,993.5230769230769,994.6884615384615,4,True
2015-04-22,995.0182692307692,994.4,996.1269230769232,4,True
2015-04-23,995.4461538461538,994.7653846153847,995.9346153846153,4,True
2015-04-24,996.0009615384615,995.2,996.4692307692308,4,True
2015-04-25,996.4528846153846,995.7038461538461,997.2807692307692,4,True
2015-04-26,996.1471153846154,995.4769230769231,996.95,4,True
2015-04-27,995.6240384615385,995.3961538461539,996.0576923076924,4,True
2015-04-28,994.6259615384615,994.2038461538461,994.9192307692308,4,True
2015-04-29,994.6990384615385,993.9538461538461,995.5884615384616,4,True
2015-04-30,994.9096153846153,994.5730769230769,995.1846153846153,4,True
2015-05-01,995.0509615384616,994.696153846154,995.4961538461539,4,True
2015-05-02,993.751923076923,992.4038461538461,994.6576923076923,4,True
2015-05-03,992.7961538461539,990.7461538461539,994.0961538461539,4,True
2015-05-04,993.8721153846153,991.9846153846153,995.4730769230769,4,True
2015-05-05,995.5634615384615,994.5923076923077,996.0576923076924,4,True
2015-05-06,996.5317307692308,995.6807692307692,997.3692307692307,4,True
2015-05-07,996.0653846153846,995.1192307692307,997.1461538461539,4,True
2015-05-08,996.7230769230769,995.4807692307692,997.6730769230769,4,True
2015-05-09,996.5490384615384,995.6269230769232,997.1461538461539,4,True
2015-05-10,995.7249999999999,994.6038461538461,996.7346153846153,4,True
2015-05-11,995.8740384615385,994.6153846153846,996.7923076923076,4,True
2015-05-12,996.2471153846154,995.4,996.5384615384615,4,True
2015-05-13,996.3096153846154,995.3923076923077,997.3423076923077,4,True
2015-05-14,996.5951923076923,995.5730769230769,997.0653846153847,4,True
2015-05-15,996.1644230769231,995.3923076923077,996.8423076923077,4,True
2015-05-16,996.2701923076922,995.3192307692308,997.1076923076923,4,True
2015-05-17,997.9846153846154,995.9384615384615,999.0192307692308,4,True
2015-05-18,998.8115384615385,998.446153846154,999.1076923076923,4,True
2015-05-19,997.9509615384616,997.2076923076924,998.6692307692308,4,True
2015-05-20,997.9682692307692,996.6653846153847,998.4538461538461,4,True
2015-05-21,998.1413461538461,997.7307692307692,998.5230769230769,4,True
2015-05-22,997.5423076923078,996.5269230769231,998.3692307692307,4,True
2015-05-23,997.4288461538462,995.9076923076923,998.2769230769231,4,True
2015-05-24,996.3884615384616,995.15,997.0153846153847,4,True
2015-05-25,995.6740384615384,994.6884615384615,996.45,4,True
2015-05-26,996.0730769230769,995.2153846153847,996.9538461538461,4,True
2015-05-27,995.8817307692308,994.8807692307693,996.5807692307692,4,True
2015-05-28,995.4884615384615,994.6807692307692,995.9807692307692,4,True
2015-05-29,995.2442307692307,994.8192307692308,995.6884615384615,4,True
2015-05-30,994.3586538461539,993.85,994.8115384615385,4,True
2015-05-31,994.7086538461539,992.9346153846153,995.9961538461539,4,True
2015-06-01,996.7634615384616,994.9346153846153,998.4423076923076,4,True
2015-06-02,997.0413461538461,996.0423076923076,998.3538461538461,4,True
2015-06-03,996.0442307692308,994.7269230769231,997.4192307692308,4,True
2015-06-04,996.4634615384616,995.696153846154,996.8384615384616,4,True
2015-06-05,997.8153846153846,996.9,998.7461538461539,4,True
2015-06-06,997.55,997.3653846153846,997.8769230769232,4,True
2015-06-07,997.0230769230769,996.2038461538461,997.5461538461539,4,True
2015-06-08,997.0413461538461,996.3615384615384,997.5346153846153,4,True
2015-06-09,996.2509615384615,995.5423076923076,996.9615384615385,4,True
2015-06-10,995.8721153846154,994.7576923076923,996.5307692307692,4,True
2015-06-11,996.6961538461538,995.05,997.8538461538461,4,True
2015-06-12,997.5009615384615,996.0076923076923,998.4115384615384,4,True
2015-06-13,996.6913461538461,995.9692307692308,997.3,4,True
2015-06-14,994.9923076923077,993.8461538461539,996.0346153846153,4,True
2015-06-15,995.2365384615384,993.6076923076923,996.6692307692308,4,True
2015-06-16,996.3846153846154,995.6346153846154,996.9346153846153,4,True
2015-06-17,996.7798076923077,996.0461538461539,997.45,4,True
2015-06-18,997.2701923076924,995.7769230769231,998.0,4,True
2015-06-19,999.0288461538462,997.1153846153846,1000.3730769230768,4,True
2015-06-20,999.6624999999999,998.5,1000.4076923076923,4,True
2015-06-21,1000.6221153846154,999.2807692307692,1001.303846153846,4,True
2015-06-22,999.9884615384616,999.5269230769231,1000.7307692307692,4,True
2015-06-23,1000.6711538461539,998.446153846154,1001.9307692307692,4,True
2015-06-24,1001.6663461538461,1000.8307692307692,1002.1307692307693,4,True
2015-06-25,1001.4951923076924,1000.8346153846153,1002.3538461538461,4,True
2015-06-26,1001.0826923076924,999.7,1002.2961538461539,4,True
2015-06-27,1001.1451923076922,1000.0076923076923,1002.5461538461539,4,True
2015-06-28,999.9076923076923,999.4961538461539,1000.5692307692308,4,True
2015-06-29,998.8000000000001,997.6,999.3769230769232,4,True
2015-06-30,997.7096153846153,996.3730769230768,998.6538461538461,4,True
2015-07-01,998.2807692307692,996.6653846153847,999.3153846153847,4,True
2015-07-02,998.1125,996.8538461538461,999.1,4,True
2015-07-03,996.1528846153847,995.4038461538461,997.1153846153846,4,True
2015-07-04,996.6019230769231,994.8653846153846,997.4576923076924,4,True
2015-07-05,998.1711538461539,996.946153846154,998.7538461538461,4,True
2015-07-06,998.3586538461539,997.4923076923077,998.8384615384616,4,True
2015-07-07,997.0144230769231,996.2653846153847,998.0115384615384,4,True
2015-07-08,996.7153846153847,995.4923076923077,997.8192307692308,4,True
2015-07-09,996.8875,995.4307692307692,997.5461538461539,4,True
2015-07-10,997.2557692307693,996.1884615384615,998.0115384615384,4,True
2015-07-11,997.9086538461538,997.1192307692307,998.85,4,True
2015-07-12,997.998076923077,997.2615384615384,999.0576923076924,4,True
2015-07-13,998.1634615384614,997.4307692307692,998.8730769230768,4,True
2015-07-14,996.1163461538462,994.7384615384616,997.2692307692308,4,True
2015-07-15,996.9173076923078,995.2192307692308,998.1884615384615,4,True
2015-07-16,998.0153846153846,996.4076923076923,999.3615384615384,4,True
2015-07-17,998.6076923076923,997.2846153846153,999.7923076923076,4,True
2015-07-18,998.1471153846154,997.0807692307692,998.7461538461539,4,True
2015-07-19,998.1375,997.3230769230769,998.9923076923077,4,True
2015-07-20,996.9413461538461,995.5384615384615,997.7230769230769,4,True
2015-07-21,997.4740384615385,995.5923076923077,998.3461538461539,4,True
2015-07-22,998.6951923076923,997.2,999.8,4,True
2015-07-23,999.7817307692308,998.1769230769231,1000.4923076923077,4,True
2015-07-24,1000.375,999.4923076923077,1000.9115384615384,4,True
2015-07-25,999.4461538461538,998.6923076923076,1000.3346153846153,4,True
2015-07-26,998.0615384615385,997.2423076923077,999.0807692307692,4,True
2015-07-27,997.6528846153847,996.7615384615384,998.3923076923077,4,True
2015-07-28,997.1365384615384,996.1461538461539,997.8692307692307,4,True
2015-07-29,997.3990384615385,996.0923076923077,998.0692307692308,4,True
2015-07-30,998.55,997.4192307692308,999.4346153846153,4,True
2015-07-31,998.3836538461538,997.4538461538461,999.1769230769231,4,True
2015-08-01,997.3259615384616,995.7846153846153,997.9884615384616,4,True
2015-08-02,996.8028846153846,996.2615384615384,997.1730769230769,4,True
2015-08-03,996.3951923076924,995.3384615384616,997.3923076923077,4,True
2015-08-04,996.9173076923078,994.2769230769231,998.6692307692308,4,True
2015-08-05,997.9211538461539,997.2884615384615,998.5730769230769,4,True
2015-08-06,996.1586538461538,994.9692307692308,997.05,4,True
2015-08-07,994.9711538461538,993.5230769230769,996.2615384615384,4,True
2015-08-08,994.8307692307692,993.3230769230769,995.9769230769231,4,True
2015-08-09,995.6182692307692,994.5346153846153,996.7576923076923,4,True
2015-08-10,994.8298076923077,993.6115384615384,996.0461538461539,4,True
2015-08-11,996.0817307692308,994.2,997.8076923076924,4,True
2015-08-12,997.1259615384615,996.0730769230769,998.4769230769231,4,True
2015-08-13,997.1125000000001,995.6269230769232,998.5692307692308,4,True
2015-08-14,997.223076923077,995.2192307692308,998.3961538461539,4,True
2015-08-15,997.7663461538461,997.0115384615384,998.1346153846154,4,True
2015-08-16,996.9211538461539,996.2230769230769,997.7269230769231,4,True
2015-08-17,997.3759615384615,995.4769230769231,998.5,4,True
2015-08-18,997.5278846153847,996.4269230769231,998.5230769230769,4,True
2015-08-19,996.1903846153846,995.0730769230769,996.85,4,True
2015-08-20,996.0673076923077,995.1692307692308,997.0346153846153,4,True
2015-08-21,995.5384615384615,994.6307692307693,996.6153846153846,4,True
2015-08-22,994.8663461538462,993.1115384615384,996.5307692307692,4,True
2015-08-23,993.776923076923,992.553846153846,994.4538461538461,4,True
2015-08-24,994.4375,992.4423076923076,995.9153846153847,4,True
2015-08-25,995.2798076923077,994.0807692307692,996.15,4,True
2015-08-26,994.5730769230769,993.4346153846153,995.5769230769231,4,True
2015-08-27,993.9471153846155,992.1153846153846,995.2692307692308,4,True
2015-08-28,996.1567307692308,994.1538461538461,997.8,4,True
2015-08-29,998.0932692307692,996.8,999.1192307692307,4,True
2015-08-30,997.5903846153847,995.9269230769231,998.85,4,True
2015-08-31,997.8192307692308,996.0230769230769,998.4692307692308,4,True
2015-09-01,998.4451923076923,997.2076923076924,999.0423076923076,4,True
2015-09-02,998.8288461538461,997.7461538461539,1000.0115384615384,4,True
2015-09-03,997.2067307692307,996.0461538461539,998.4038461538461,4,True
2015-09-04,996.4759615384615,995.1307692307693,997.4076923076923,4,True
2015-09-05,996.9153846153846,995.3269230769231,997.9384615384615,4,True
2015-09-06,996.3836538461538,995.3461538461539,997.3,4,True
2015-09-07,995.4634615384615,994.2692307692308,996.5230769230769,4,True
2015-09-08,993.9634615384615,992.7346153846153,995.1615384615384,4,True
2015-09-09,993.3221153846154,992.4307692307692,994.2538461538461,4,True
2015-09-10,993.2067307692307,991.4230769230769,994.696153846154,4,True
2015-09-11,994.3788461538462,991.7692307692308,996.0653846153847,4,True
2015-09-12,995.9865384615384,994.0115384615384,997.6346153846154,4,True
2015-09-13,995.8990384615385,994.5115384615384,997.35,4,True
2015-09-14,995.4057692307692,993.8538461538461,997.0,4,True
2015-09-15,995.9336538461539,993.7846153846153,996.9961538461539,4,True
2015-09-16,995.373076923077,994.5423076923076,996.2615384615384,4,True
2015-09-17,993.4336538461539,992.3538461538461,994.3961538461539,4,True
2015-09-18,992.6278846153846,991.1230769230768,993.8884615384616,4,True
2015-09-19,993.8596153846154,991.7961538461539,995.4423076923076,4,True
2015-09-20,994.9644230769231,993.8884615384616,996.1846153846153,4,True
2015-09-21,994.2192307692308,993.1384615384616,995.0423076923076,4,True
2015-09-22,993.2307692307693,992.0807692307692,994.4807692307692,4,True
2015-09-23,992.9942307692307,992.1384615384616,993.6615384615384,4,True
2015-09-24,993.1730769230769,992.0576923076924,994.5807692307692,4,True
2015-09-25,994.2634615384616,992.6230769230768,995.9038461538461,4,True
2015-09-26,994.6192307692307,993.6692307692308,996.1576923076923,4,True
2015-09-27,994.7605769230769,993.5230769230769,996.3923076923077,4,True
2015-09-28,993.9,992.3615384615384,994.7346153846153,4,True
2015-09-29,992.4778846153846,991.196153846154,993.9615384615385,4,True
2015-09-30,991.0538461538462,989.85,992.7807692307692,4,True
2015-10-01,992.0201923076924,990.0384615384615,993.5615384615385,4,True
2015-10-02,991.5413461538461,990.8923076923077,992.7115384615385,4,True
2015-10-03,992.6307692307693,990.8923076923077,993.7076923076924,4,True
2015-10-04,995.1336538461538,993.4076923076923,996.7269230769231,4,True
2015-10-05,997.0028846153846,995.9038461538461,998.3192307692308,4,True
2015-10-06,995.5894230769231,994.6884615384615,996.4615384615385,4,True
2015-10-07,993.7865384615385,992.3192307692308,995.2461538461539,4,True
2015-10-08,993.3798076923077,992.1346153846154,994.7576923076923,4,True
2015-10-09,993.2086538461538,992.3538461538461,994.9923076923077,4,True
2015-10-10,993.3663461538462,992.7769230769231,994.6846153846153,4,True
2015-10-11,992.9586538461539,991.6730769230769,993.85,4,True
2015-10-12,994.073076923077,993.0730769230769,995.1384615384616,4,True
2015-10-13,994.5788461538461,993.7307692307692,995.25,4,True
2015-10-14,994.3355769230769,992.9692307692308,995.5423076923076,4,True
2015-10-15,993.0884615384615,991.9538461538461,994.6192307692307,4,True
2015-10-16,994.1346153846154,993.0153846153847,995.5769230769231,4,True
2015-10-17,995.1692307692308,994.6076923076923,995.7846153846153,4,True
2015-10-18,996.8644230769231,996.3423076923077,998.0461538461539,4,True
2015-10-19,996.9913461538462,996.3807692307693,997.4423076923076,4,True
2015-10-20,995.8375,994.3346153846153,997.3615384615384,4,True
2015-10-21,994.0192307692307,992.8653846153846,995.8961538461539,4,True
2015-10-22,993.4615384615385,992.4038461538461,994.9884615384616,4,True
2015-10-23,992.9846153846154,992.0653846153847,994.5230769230769,4,True
2015-10-24,993.376923076923,991.8,995.2807692307692,4,True
2015-10-25,993.4798076923078,992.2192307692308,994.6423076923077,4,True
2015-10-26,993.814423076923,992.9884615384616,995.1423076923077,4,True
2015-10-27,994.7442307692307,993.6384615384616,996.0038461538461,4,True
2015-10-28,995.9057692307692,995.1615384615384,997.2884615384615,4,True
2015-10-29,994.4278846153846,992.7846153846153,995.8423076923077,4,True
2015-10-30,992.4951923076924,991.4192307692308,993.8538461538461,4,True
2015-10-31,992.5201923076924,991.7769230769231,993.7615384615384,4,True
2015-11-01,991.5144230769231,989.6269230769232,992.553846153846,4,True
2015-11-02,990.1048076923078,989.5384615384615,991.6269230769232,4,True
2015-11-03,990.6086538461539,989.9692307692308,991.6269230769232,4,True
2015-11-04,991.7778846153847,990.803846153846,994.0884615384616,4,True
2015-11-05,992.9817307692308,991.7346153846153,993.9615384615385,4,True
2015-11-06,992.9461538461538,991.0846153846153,994.2346153846153,4,True
2015-11-07,992.9336538461538,992.0692307692308,993.75,4,True
2015-11-08,994.3240384615384,993.9076923076923,995.3269230769231,4,True
2015-11-09,994.7874999999999,994.1230769230768,995.4538461538461,4,True
2015-11-10,995.4557692307692,993.6923076923076,997.2192307692308,4,True
2015-11-11,994.5625,993.6884615384615,996.1,4,True
2015-11-12,993.6596153846153,992.6884615384615,994.5384615384615,4,True
2015-11-13,993.1807692307693,992.3384615384616,993.95,4,True
2015-11-14,993.5432692307693,992.3769230769232,995.0230769230769,4,True
2015-11-15,994.5221153846154,992.9,995.9730769230769,4,True
2015-11-16,993.0288461538462,992.4230769230769,993.9423076923076,4,True
2015-11-17,992.975,992.0038461538461,993.6269230769232,4,True
2015-11-18,992.4384615384615,991.6192307692307,993.2038461538461,4,True
2015-11-19,991.4673076923077,990.2576923076923,993.0653846153847,4,True
2015-11-20,990.3221153846154,989.1346153846154,991.8,4,True
2015-11-21,990.4596153846153,988.3846153846154,992.3923076923077,4,True
2015-11-22,991.9865384615384,990.8538461538461,993.4576923076924,4,True
2015-11-23,992.5663461538461,991.9307692307692,993.0461538461539,4,True
2015-11-24,992.751923076923,991.6653846153847,993.946153846154,4,True
2015-11-25,991.9769230769231,990.6192307692307,994.0038461538461,4,True
2015-11-26,992.4403846153846,990.1384615384616,994.696153846154,4,True
2015-11-27,991.814423076923,991.0730769230769,992.9038461538461,4,True
2015-11-28,990.5663461538461,989.4653846153847,992.2230769230769,4,True
2015-11-29,990.9548076923077,989.6538461538461,992.6538461538461,4,True
2015-11-30,991.5240384615385,990.4307692307692,992.3653846153846,4,True
2015-12-01,993.0855769230769,991.95,994.4076923076923,4,True
2015-12-02,995.8971153846153,994.8846153846154,997.2884615384615,4,True
2015-12-03,996.1048076923076,994.8730769230768,997.4615384615385,4,True
2015-12-04,995.0038461538462,993.3769230769232,996.4269230769231,4,True
2015-12-05,994.8875,993.5730769230769,996.5769230769231,4,True
2015-12-06,994.1105769230769,992.4153846153847,995.8961538461539,4,True
2015-12-07,993.5413461538462,991.85,995.1384615384616,4,True
2015-12-08,993.7336538461539,992.1038461538461,995.2115384615385,4,True
2015-12-09,994.7971153846154,993.5692307692308,996.3423076923077,4,True
2015-12-10,995.6057692307693,993.95,996.9307692307692,4,True
2015-12-11,995.3538461538461,994.3576923076923,996.4384615384615,4,True
2015-12-12,994.6355769230769,992.946153846154,996.1538461538461,4,True
2015-12-13,993.7249999999999,992.55,994.8730769230768,4,True
2015-12-14,992.5942307692308,991.2,993.8076923076924,4,True
2015-12-15,992.7038461538461,991.4884615384616,993.9615384615385,4,True
2015-12-16,993.3721153846153,992.2615384615384,994.9730769230769,4,True
2015-12-17,993.3692307692307,992.053846153846,994.6076923076923,4,True
2015-12-18,993.5778846153846,992.1653846153847,994.8346153846153,4,True
2015-12-19,995.0182692307692,993.4846153846153,996.2538461538461,4,True
2015-12-20,996.0884615384615,994.6576923076923,997.1,4,True
2015-12-21,995.3884615384616,994.65,996.3884615384616,4,True
2015-12-22,993.9442307692308,993.0076923076923,995.0230769230769,4,True
2015-12-23,994.0288461538461,992.803846153846,995.2346153846153,4,True
2015-12-24,994.5201923076922,993.0692307692308,995.8,4,True
2015-12-25,995.3519230769231,993.5153846153847,996.553846153846,4,True
2015-12-26,994.751923076923,994.3884615384616,995.3461538461539,4,True
2015-12-27,994.1067307692308,993.2576923076923,994.65,4,True
2015-12-28,993.6798076923077,991.8538461538461,995.2115384615385,4,True
2015-12-29,995.4855769230769,992.4884615384616,997.6192307692307,4,True
2015-12-30,996.6711538461539,995.2461538461539,997.5923076923077,4,True
2015-12-31,995.6653846153846,994.6230769230768,996.4115384615384,4,True
2016-01-01,994.1605769230769,992.8384615384616,995.1769230769231,4,True
2016-01-02,994.7980769230769,993.5230769230769,995.9769230769231,4,True
2016-01-03,993.8538461538461,992.0653846153847,995.0923076923077,4,True
2016-01-04,993.9701923076923,992.5730769230769,995.2730769230769,4,True
2016-01-05,994.0144230769231,992.1346153846154,995.5,4,True
2016-01-06,994.5730769230769,993.2423076923077,995.7307692307692,4,True
2016-01-07,993.8855769230769,992.6846153846153,995.6461538461539,4,True
2016-01-08,991.8990384615385,990.8076923076924,993.2230769230769,4,True
2016-01-09,991.2740384615385,989.7769230769231,992.7538461538461,4,True
2016-01-10,991.0769230769231,989.6,992.3461538461539,4,True
2016-01-11,992.3942307692308,990.5576923076924,993.9230769230769,4,True
2016-01-12,992.7307692307693,991.1038461538461,994.2807692307692,4,True
2016-01-13,992.5432692307693,990.6076923076923,994.2692307692308,4,True
2016-01-14,992.1923076923076,990.4961538461539,993.4423076923076,4,True
2016-01-15,991.6480769230769,990.3076923076924,993.1384615384616,4,True
2016-01-16,991.5528846153846,989.7076923076924,993.2846153846153,4,True
2016-01-17,992.2,990.2115384615385,993.6653846153847,4,True
2016-01-18,992.4105769230769,991.2884615384615,993.4576923076924,4,True
2016-01-19,993.035576923077,991.696153846154,993.8576923076923,4,True
2016-01-20,994.6413461538461,993.4769230769231,995.4807692307692,4,True
2016-01-21,994.2826923076923,993.2038461538461,994.8615384615384,4,True
2016-01-22,994.1951923076923,993.196153846154,995.2961538461539,4,True
2016-01-23,994.0730769230769,992.4961538461539,995.2730769230769,4,True
2016-01-24,993.4788461538461,992.8730769230768,994.0807692307692,4,True
2016-01-25,992.5980769230769,990.6192307692307,993.7538461538461,4,True
2016-01-26,993.9817307692308,992.5461538461539,995.3307692307692,4,True
2016-01-27,992.5375,990.8076923076924,993.6192307692307,4,True
2016-01-28,992.7269230769231,991.1769230769231,993.6038461538461,4,True
2016-01-29,991.9192307692308,989.8884615384616,993.3076923076924,4,True
2016-01-30,992.2644230769231,991.0653846153847,993.446153846154,4,True
2016-01-31,992.5144230769231,991.5692307692308,993.45,4,True
2016-02-01,992.6605769230769,990.7038461538461,994.1461538461539,4,True
2016-02-02,993.7307692307693,992.7653846153847,994.6076923076923,4,True
2016-02-03,993.2019230769231,992.3961538461539,993.9307692307692,4,True
2016-02-04,992.8519230769231,991.4,994.3115384615385,4,True
2016-02-05,992.8615384615384,991.1846153846153,994.6769230769231,4,True
2016-02-06,993.9778846153846,992.3269230769231,994.7538461538461,4,True
2016-02-07,994.8692307692309,994.0269230769231,995.9653846153847,4,True
2016-02-08,994.6278846153846,993.6076923076923,995.2038461538461,4,True
2016-02-09,995.55,994.1115384615384,997.0730769230769,4,True
2016-02-10,996.8875,996.1692307692308,997.5769230769231,4,True
2016-02-11,996.9519230769231,996.5961538461539,997.3692307692307,4,True
2016-02-12,996.325,995.2615384615384,996.9961538461539,4,True
2016-02-13,994.9163461538461,994.0,995.7961538461539,4,True
2016-02-14,993.4923076923077,992.6076923076923,994.1192307692307,4,True
2016-02-15,992.8826923076923,991.5,994.3923076923077,4,True
2016-02-16,992.8807692307691,990.9038461538461,994.5038461538461,4,True
2016-02-17,993.4038461538461,992.2615384615384,993.9730769230769,4,True
2016-02-18,994.4086538461538,993.5192307692308,995.1807692307692,4,True
2016-02-19,993.9673076923077,992.9269230769231,994.8846153846154,4,True
2016-02-20,992.3326923076924,990.8769230769232,993.1730769230769,4,True
2016-02-21,991.3201923076923,990.3192307692308,992.1692307692308,4,True
2016-02-22,991.0788461538461,990.4538461538461,991.9153846153847,4,True
2016-02-23,992.6778846153845,990.9423076923076,993.8538461538461,4,True
2016-02-24,994.0288461538462,992.9653846153847,994.7076923076924,4,True
2016-02-25,994.3721153846153,993.9076923076923,994.6846153846153,4,True
2016-02-26,993.3125,991.8923076923077,994.3884615384616,4,True
2016-02-27,991.7730769230769,990.4192307692308,992.9115384615384,4,True
2016-02-28,992.5586538461538,990.7307692307692,993.75,4,True
2016-02-29,994.4884615384616,993.5269230769231,995.0923076923077,4,True
2016-03-01,994.4846153846154,994.0076923076923,995.0269230769231,4,True
2016-03-02,994.3125,993.6384615384616,995.0153846153847,4,True
2016-03-03,993.4653846153847,992.946153846154,994.2807692307692,4,True
2016-03-04,993.2730769230769,992.6153846153846,993.6307692307693,4,True
2016-03-05,993.5913461538462,992.5576923076924,994.4538461538461,4,True
2016-03-06,993.5961538461539,992.5923076923077,995.3769230769232,4,True
2016-03-07,994.2307692307693,993.4384615384615,994.9153846153847,4,True
2016-03-08,993.9201923076923,993.2846153846153,994.7307692307692,4,True
2016-03-09,993.4259615384615,992.3653846153846,994.5384615384615,4,True
2016-03-10,993.501923076923,991.7576923076923,995.3230769230769,4,True
2016-03-11,993.7115384615385,991.9576923076924,995.15,4,True
2016-03-12,993.9269230769231,992.7884615384615,994.9307692307692,4,True
2016-03-13,995.2076923076924,994.2192307692308,995.7269230769231,4,True
2016-03-14,995.2336538461539,994.2961538461539,996.0307692307692,4,True
2016-03-15,995.4173076923076,994.7769230769231,995.9,4,True
2016-03-16,995.3576923076923,994.7153846153847,995.8384615384616,4,True
2016-03-17,994.9538461538461,993.3576923076923,995.9653846153847,4,True
2016-03-18,994.7576923076923,993.9884615384616,995.803846153846,4,True
2016-03-19,994.2384615384615,992.9692307692308,995.4076923076923,4,True
2016-03-20,994.2855769230769,993.8576923076923,994.6346153846154,4,True
2016-03-21,995.7365384615384,994.9923076923077,996.4038461538461,4,True
2016-03-22,995.7105769230769,994.6269230769232,996.5461538461539,4,True
2016-03-23,996.0788461538461,994.9346153846153,996.7730769230769,4,True
2016-03-24,995.2144230769231,994.4576923076924,995.9346153846153,4,True
2016-03-25,993.4288461538462,992.2153846153847,994.7653846153847,4,True
2016-03-26,994.689423076923,993.0884615384616,995.7692307692308,4,True
2016-03-27,996.7278846153846,995.9038461538461,997.3846153846154,4,True
2016-03-28,996.0076923076923,995.1346153846154,996.8769230769232,4,True
2016-03-29,994.9538461538461,993.7307692307692,995.7846153846153,4,True
2016-03-30,995.6471153846154,993.8230769230769,996.6307692307693,4,True
2016-03-31,995.9653846153847,995.2192307692308,996.7038461538461,4,True
2016-04-01,995.6163461538462,995.2192307692308,996.4038461538461,4,True
2016-04-02,994.5817307692307,993.4115384615384,995.4153846153847,4,True
2016-04-03,993.9826923076923,993.0038461538461,995.5269230769231,4,True
2016-04-04,994.5807692307693,993.4961538461539,995.8884615384616,4,True
2016-04-05,995.5567307692307,994.6730769230769,996.4807692307692,4,True
2016-04-06,994.6740384615384,993.8576923076923,995.5153846153847,4,True
2016-04-07,994.1096153846154,992.7423076923077,995.2615384615384,4,True
2016-04-08,993.7163461538462,992.5115384615384,994.85,4,True
2016-04-09,994.0673076923077,993.0961538461539,994.9884615384616,4,True
2016-04-10,994.1403846153846,993.4192307692308,994.553846153846,4,True
2016-04-11,993.7615384615384,992.7846153846153,994.5384615384615,4,True
2016-04-12,993.6932692307693,992.6923076923076,994.7576923076923,4,True
2016-04-13,993.4269230769231,992.196153846154,994.4192307692308,4,True
2016-04-14,993.3173076923076,992.5769230769231,993.8692307692307,4,True
2016-04-15,993.0461538461539,992.3076923076924,993.6653846153847,4,True
2016-04-16,993.3048076923077,992.0884615384616,994.3884615384616,4,True
2016-04-17,994.5663461538461,993.5230769230769,995.3269230769231,4,True
2016-04-18,996.0490384615384,994.6423076923077,997.25,4,True
2016-04-19,995.689423076923,995.0,996.4692307692308,4,True
2016-04-20,994.185576923077,993.1230769230768,995.4769230769231,4,True
2016-04-21,994.6653846153847,993.7115384615385,995.1884615384615,4,True
2016-04-22,995.6653846153847,993.6730769230769,996.5576923076924,4,True
2016-04-23,995.1057692307693,993.6153846153846,996.2692307692308,4,True
2016-04-24,993.9307692307692,992.7961538461539,995.1384615384616,4,True
2016-04-25,992.3076923076924,991.3423076923077,993.4192307692308,4,True
2016-04-26,991.1884615384615,990.1576923076923,992.3692307692307,4,True
2016-04-27,992.4461538461538,990.2615384615384,994.0461538461539,4,True
2016-04-28,995.8971153846154,993.9807692307692,998.1346153846154,4,True
2016-04-29,997.8028846153846,996.5846153846153,998.4961538461539,4,True
2016-04-30,996.7798076923077,995.5576923076924,997.5115384615384,4,True
2016-05-01,997.0855769230769,996.1846153846153,998.0730769230769,4,True
2016-05-02,997.1605769230769,996.1423076923077,998.4384615384615,4,True
2016-05-03,996.7826923076923,995.6269230769232,997.7961538461539,4,True
2016-05-04,997.2894230769231,996.3615384615384,998.3307692307692,4,True
2016-05-05,996.5913461538462,995.8461538461539,997.3269230769231,4,True
2016-05-06,995.9586538461539,994.4961538461539,997.4538461538461,4,True
2016-05-07,995.6403846153846,994.7,996.5807692307692,4,True
2016-05-08,994.9961538461539,993.9346153846153,996.2461538461539,4,True
2016-05-09,994.1500000000001,992.95,995.35,4,True
2016-05-10,994.9125,993.5884615384616,996.2538461538461,4,True
2016-05-11,995.9519230769231,994.8692307692307,997.1538461538461,4,True
2016-05-12,996.8153846153846,995.3423076923077,998.1192307692307,4,True
2016-05-13,997.1692307692307,995.5423076923076,998.5653846153847,4,True
2016-05-14,997.1346153846155,996.3769230769232,998.0269230769231,4,True
2016-05-15,997.6730769230769,996.7961538461539,998.4423076923076,4,True
2016-05-16,997.9528846153846,996.5346153846153,999.1115384615384,4,True
2016-05-17,997.9403846153847,996.5461538461539,999.1269230769232,4,True
2016-05-18,996.8884615384616,996.1384615384616,997.2769230769231,4,True
2016-05-19,996.3451923076923,995.1076923076923,997.3538461538461,4,True
2016-05-20,997.0336538461538,995.3192307692308,998.0961538461539,4,True
2016-05-21,998.3548076923078,996.7730769230769,999.8653846153846,4,True
2016-05-22,997.9625,997.0769230769231,998.8846153846154,4,True
2016-05-23,998.1336538461538,996.1461538461539,999.4038461538461,4,True
2016-05-24,998.9846153846154,997.7192307692308,1000.3423076923077,4,True
2016-05-25,999.9576923076924,998.8115384615385,1000.6038461538461,4,True
2016-05-26,997.0788461538461,995.3384615384616,998.3538461538461,4,True
2016-05-27,995.8365384615385,994.0346153846153,996.696153846154,4,True
2016-05-28,997.4798076923076,995.0346153846153,998.7230769230769,4,True
2016-05-29,998.3067307692307,997.3153846153847,999.2884615384615,4,True
2016-05-30,996.1480769230769,994.2846153846153,997.3269230769231,4,True
2016-05-31,994.0375,992.9153846153847,994.9076923076923,4,True
2016-06-01,995.1288461538461,994.5076923076923,995.9576923076924,4,True
2016-06-02,995.4432692307691,994.0076923076923,996.4,4,True
2016-06-03,996.0673076923076,994.9730769230769,996.9230769230769,4,True
2016-06-04,996.4625,995.3961538461539,997.4346153846153,4,True
2016-06-05,995.6201923076924,994.8153846153847,996.4153846153847,4,True
2016-06-06,996.3942307692307,994.946153846154,997.2346153846153,4,True
2016-06-07,997.2423076923077,995.85,998.2807692307692,4,True
2016-06-08,998.0682692307693,996.6730769230769,998.8884615384616,4,True
2016-06-09,998.8125,997.9,999.5615384615385,4,True
2016-06-10,999.6423076923077,998.0269230769231,1000.7384615384616,4,True
2016-06-11,1001.1548076923077,999.2846153846153,1002.0423076923076,4,True
2016-06-12,1001.9576923076922,1000.1384615384616,1003.35,4,True
2016-06-13,1001.9673076923077,1001.0461538461539,1002.8730769230768,4,True
2016-06-14,1000.8759615384615,999.7153846153847,1001.7615384615384,4,True
2016-06-15,1001.5182692307692,999.8,1002.4230769230769,4,True
2016-06-16,1001.8548076923078,1001.2653846153847,1002.3192307692308,4,True
2016-06-17,1000.5326923076923,1000.1576923076923,1000.8076923076924,4,True
2016-06-18,999.2961538461539,998.6,999.6653846153847,4,True
2016-06-19,999.0971153846154,998.196153846154,999.8538461538461,4,True
2016-06-20,999.3980769230769,998.0692307692308,1000.1192307692307,4,True
2016-06-21,999.6673076923076,998.4038461538461,1000.3884615384616,4,True
2016-06-22,999.9230769230769,998.3538461538461,1000.6615384615384,4,True
2016-06-23,1000.5509615384616,999.5115384615384,1001.1769230769231,4,True
2016-06-24,999.7307692307693,999.1653846153847,1000.0923076923077,4,True
2016-06-25,998.5355769230769,998.2346153846153,998.803846153846,4,True
2016-06-26,998.7490384615385,996.8307692307692,999.9692307692308,4,True
2016-06-27,1000.1096153846154,998.8423076923077,1001.0269230769231,4,True
2016-06-28,999.8682692307692,998.8346153846153,1000.7423076923077,4,True
2016-06-29,999.7336538461539,998.9538461538461,1000.4769230769231,4,True
2016-06-30,998.4028846153847,997.6807692307692,999.1153846153846,4,True
2016-07-01,998.6028846153846,996.95,999.7423076923077,4,True
2016-07-02,998.9846153846154,997.8,999.8961538461539,4,True
2016-07-03,999.4586538461539,998.6269230769232,1000.1576923076923,4,True
2016-07-04,999.6307692307693,999.0615384615385,999.9269230769231,4,True
2016-07-05,999.2442307692307,998.2846153846153,999.8846153846154,4,True
2016-07-06,998.9903846153846,998.1038461538461,999.5653846153847,4,True
2016-07-07,999.0673076923077,997.5307692307692,999.9923076923077,4,True
2016-07-08,999.9115384615385,998.7692307692308,1000.7269230769231,4,True
2016-07-09,999.7375,998.4423076923076,1000.9576923076924,4,True
2016-07-10,999.0865384615385,998.0692307692308,1000.053846153846,4,True
2016-07-11,997.9923076923077,997.0423076923076,998.8807692307693,4,True
2016-07-12,996.4798076923078,995.5423076923076,997.196153846154,4,True
2016-07-13,996.7634615384616,995.1230769230768,997.9730769230769,4,True
2016-07-14,998.0682692307691,996.8769230769232,998.9038461538461,4,True
2016-07-15,996.4096153846153,994.9538461538461,997.6730769230769,4,True
2016-07-16,994.7721153846154,993.2153846153847,996.1038461538461,4,True
2016-07-17,996.9221153846154,994.6846153846153,998.3846153846154,4,True
2016-07-18,997.8096153846154,997.2961538461539,998.6769230769231,4,True
2016-07-19,997.8355769230769,996.3615384615384,999.0615384615385,4,True
2016-07-20,998.575,997.6230769230768,999.4884615384616,4,True
2016-07-21,999.1384615384616,998.5615384615385,999.5384615384615,4,True
2016-07-22,999.0125,998.2769230769231,999.4,4,True
2016-07-23,997.9644230769231,997.55,998.4423076923076,4,True
2016-07-24,996.8634615384615,995.8538461538461,997.7538461538461,4,True
2016-07-25,996.6182692307692,995.6307692307693,997.1692307692308,4,True
2016-07-26,996.125,994.9,997.3423076923077,4,True
2016-07-27,997.339423076923,995.803846153846,998.2615384615384,4,True
2016-07-28,997.6730769230769,996.8346153846153,998.0807692307692,4,True
2016-07-29,997.4509615384616,996.6884615384615,998.2884615384615,4,True
2016-07-30,997.1817307692307,996.0461538461539,997.7,4,True
2016-07-31,997.3894230769231,996.4692307692308,997.9115384615384,4,True
2016-08-01,996.7423076923077,995.7038461538461,997.5307692307692,4,True
2016-08-02,997.2269230769231,995.3,998.3653846153846,4,True
2016-08-03,997.6105769230769,996.8307692307692,998.0076923076923,4,True
2016-08-04,997.9346153846154,997.1115384615384,998.5076923076923,4,True
2016-08-05,997.1413461538461,995.9269230769231,998.1884615384615,4,True
2016-08-06,996.3942307692308,994.696153846154,997.3884615384616,4,True
2016-08-07,997.0971153846153,995.5192307692308,998.0846153846153,4,True
2016-08-08,997.2211538461538,996.35,997.9423076923076,4,True
2016-08-09,997.2442307692307,996.0384615384615,998.2923076923076,4,True
2016-08-10,998.1211538461539,996.7769230769231,998.9230769230769,4,True
2016-08-11,999.0961538461539,998.1269230769232,999.6769230769231,4,True
2016-08-12,997.9692307692308,997.2692307692308,998.7307692307692,4,True
2016-08-13,996.6298076923077,995.5769230769231,998.0230769230769,4,True
2016-08-14,995.3817307692308,993.9576923076924,996.7076923076924,4,True
2016-08-15,994.8461538461538,993.3615384615384,996.4230769230769,4,True
2016-08-16,995.3778846153846,993.8192307692308,996.8884615384616,4,True
2016-08-17,996.4673076923077,994.4230769230769,998.0307692307692,4,True
2016-08-18,996.2894230769231,995.1807692307692,997.15,4,True
2016-08-19,995.6451923076922,994.8346153846153,996.5076923076923,4,True
2016-08-20,995.3432692307692,993.5807692307692,996.6076923076923,4,True
2016-08-21,996.935576923077,994.2846153846153,998.4576923076924,4,True
2016-08-22,1000.0298076923077,998.1423076923077,1001.3961538461539,4,True
2016-08-23,999.9548076923077,999.1653846153847,1000.9192307692308,4,True
2016-08-24,997.0855769230769,995.5269230769231,998.196153846154,4,True
2016-08-25,995.6394230769231,993.8461538461539,997.0038461538461,4,True
2016-08-26,995.9509615384616,993.9961538461539,997.8307692307692,4,True
2016-08-27,996.3740384615385,995.4076923076923,997.8269230769231,4,True
2016-08-28,995.4778846153847,993.25,996.5769230769231,4,True
2016-08-29,995.1778846153846,994.1846153846153,996.4538461538461,4,True
2016-08-30,995.3740384615385,993.5076923076923,996.7384615384616,4,True
2016-08-31,996.1663461538461,994.9923076923077,997.0730769230769,4,True
2016-09-01,996.9673076923077,995.2230769230769,998.4730769230769,4,True
2016-09-02,997.4682692307692,995.6615384615384,999.2269230769231,4,True
2016-09-03,996.3375,995.0269230769231,997.6884615384615,4,True
2016-09-04,995.5365384615385,993.9192307692308,997.2076923076924,4,True
2016-09-05,996.8278846153846,994.4846153846153,998.0307692307692,4,True
2016-09-06,998.6278846153846,996.3807692307693,1000.4538461538461,4,True
2016-09-07,998.7471153846154,997.6230769230768,1000.1653846153847,4,True
2016-09-08,997.0855769230769,995.9730769230769,998.1807692307692,4,True
2016-09-09,996.4211538461539,994.6730769230769,997.8692307692307,4,True
2016-09-10,997.8673076923078,996.3653846153846,999.1269230769232,4,True
2016-09-11,998.3807692307693,997.85,998.9384615384615,4,True
2016-09-12,995.7586538461538,994.4653846153847,996.4807692307692,4,True
2016-09-13,993.473076923077,992.1307692307693,994.7653846153847,4,True
2016-09-14,994.1086538461539,991.4,996.0307692307692,4,True
2016-09-15,995.5365384615385,994.8653846153846,996.9153846153847,4,True
2016-09-16,995.625,994.5307692307692,996.6346153846154,4,True
2016-09-17,995.401923076923,993.6230769230768,996.7961538461539,4,True
2016-09-18,994.8211538461538,993.7192307692308,995.8076923076924,4,True
2016-09-19,996.1201923076923,994.9115384615384,997.2307692307692,4,True
2016-09-20,997.0749999999999,996.0807692307692,998.2615384615384,4,True
2016-09-21,996.3153846153846,995.1192307692307,997.7038461538461,4,True
2016-09-22,995.1605769230769,993.8961538461539,996.5807692307692,4,True
2016-09-23,996.4471153846155,994.1269230769232,998.2115384615385,4,True
2016-09-24,997.1,995.7884615384615,998.3692307692307,4,True
2016-09-25,997.0163461538461,996.3423076923077,997.9846153846153,4,True
2016-09-26,996.1096153846154,994.3923076923077,997.4692307692308,4,True
2016-09-27,995.3932692307692,993.5884615384616,996.6230769230768,4,True
2016-09-28,995.9307692307692,994.4384615384615,997.1230769230768,4,True
2016-09-29,995.9278846153845,994.803846153846,996.85,4,True
2016-09-30,992.448076923077,989.9538461538461,993.6769230769231,4,True
2016-10-01,991.1028846153846,988.9730769230769,993.0615384615385,4,True
2016-10-02,992.6596153846154,991.0730769230769,994.5961538461539,4,True
2016-10-03,993.8269230769231,992.6846153846153,994.7615384615384,4,True
2016-10-04,993.8009615384615,993.0384615384615,995.1923076923076,4,True
2016-10-05,994.3557692307693,993.3269230769231,995.9769230769231,4,True
2016-10-06,993.3240384615384,991.9423076923076,994.3307692307692,4,True
2016-10-07,991.301923076923,989.6846153846153,992.5038461538461,4,True
2016-10-08,990.9971153846153,989.8923076923077,992.4,4,True
2016-10-09,992.310576923077,990.7769230769231,994.3269230769231,4,True
2016-10-10,993.6951923076923,993.0807692307692,994.6384615384616,4,True
2016-10-11,994.1615384615384,993.8923076923077,994.3346153846153,4,True
2016-10-12,993.6653846153846,992.5576923076924,994.7653846153847,4,True
2016-10-13,992.8586538461539,991.6884615384615,994.5730769230769,4,True
2016-10-14,994.6480769230769,992.9346153846153,996.5115384615384,4,True
2016-10-15,995.2807692307692,994.5038461538461,996.5807692307692,4,True
2016-10-16,993.7836538461538,991.6615384615384,994.9269230769231,4,True
2016-10-17,992.7432692307692,991.3192307692308,994.2615384615384,4,True
2016-10-18,993.3576923076923,991.4653846153847,995.4961538461539,4,True
2016-10-19,993.7817307692308,992.6192307692307,995.5307692307692,4,True
2016-10-20,993.2586538461538,992.0346153846153,994.6423076923077,4,True
2016-10-21,992.7557692307691,991.1576923076923,993.803846153846,4,True
2016-10-22,992.9413461538462,991.5653846153847,995.1884615384615,4,True
2016-10-23,993.3519230769231,991.6384615384616,995.3076923076924,4,True
2016-10-24,992.9615384615385,991.5961538461539,994.5423076923076,4,True
2016-10-25,991.35,989.1038461538461,992.9769230769231,4,True
2016-10-26,990.3076923076924,989.0807692307692,991.9923076923077,4,True
2016-10-27,990.3432692307692,989.1153846153846,992.1,4,True
2016-10-28,993.5048076923077,992.1538461538461,995.0653846153847,4,True
2016-10-29,997.2923076923076,996.6769230769231,998.4038461538461,4,True
2016-10-30,995.8778846153846,993.9653846153847,997.4653846153847,4,True
2016-10-31,992.1990384615385,990.7192307692308,993.6461538461539,4,True
2016-11-01,990.5903846153847,989.1269230769232,992.6153846153846,4,True
2016-11-02,991.3980769230769,989.4153846153847,993.9384615384615,4,True
2016-11-03,992.4615384615385,990.9846153846153,994.2230769230769,4,True
2016-11-04,994.8807692307693,992.7115384615385,996.9615384615385,4,True
2016-11-05,997.6028846153847,996.5807692307692,998.3076923076924,4,True
2016-11-06,996.6096153846154,995.3346153846153,997.5615384615385,4,True
2016-11-07,993.6673076923078,991.7076923076924,995.0153846153847,4,True
2016-11-08,992.1307692307691,990.3230769230769,993.8615384615384,4,True
2016-11-09,991.8576923076923,989.6,994.0730769230769,4,True
2016-11-10,992.6413461538461,991.2,994.6923076923076,4,True
2016-11-11,992.5384615384615,990.8307692307692,993.8615384615384,4,True
2016-11-12,991.760576923077,989.7192307692308,993.3423076923077,4,True
2016-11-13,990.675,988.8384615384616,992.7538461538461,4,True
2016-11-14,989.4923076923077,987.9807692307692,992.0576923076924,4,True
2016-11-15,988.7269230769231,987.2923076923076,990.6307692307693,4,True
2016-11-16,988.5490384615384,986.946153846154,991.0,4,True
2016-11-17,988.5961538461538,986.5961538461539,990.5730769230769,4,True
2016-11-18,990.9336538461539,988.446153846154,992.6807692307692,4,True
2016-11-19,992.8221153846154,991.3230769230769,994.2115384615385,4,True
2016-11-20,990.5375,989.0769230769231,992.1615384615384,4,True
2016-11-21,989.2692307692308,986.8461538461539,991.5923076923077,4,True
2016-11-22,990.7182692307692,987.9307692307692,992.8807692307693,4,True
2016-11-23,991.6105769230769,990.2423076923077,993.3461538461539,4,True
2016-11-24,991.4403846153846,990.4769230769231,992.6423076923077,4,True
2016-11-25,992.0798076923077,990.8730769230768,993.7115384615385,4,True
2016-11-26,992.7307692307693,992.2307692307692,993.4230769230769,4,True
2016-11-27,992.7471153846153,991.9076923076923,993.7846153846153,4,True
2016-11-28,992.6615384615385,991.3153846153847,993.9615384615385,4,True
2016-11-29,992.7663461538461,991.6846153846153,994.2269230769231,4,True
2016-11-30,993.8605769230769,992.8461538461539,994.9076923076923,4,True
2016-12-01,994.85,993.8769230769232,996.053846153846,4,True
2016-12-02,994.7846153846153,993.8346153846153,995.8538461538461,4,True
2016-12-03,994.5451923076922,993.8538461538461,995.5846153846153,4,True
2016-12-04,993.8846153846154,992.3192307692308,995.2884615384615,4,True
2016-12-05,992.6846153846153,991.0038461538461,994.4,4,True
2016-12-06,993.7567307692308,991.5,995.4807692307692,4,True
2016-12-07,993.7625,992.5923076923077,995.0923076923077,4,True
2016-12-08,993.6673076923078,992.3269230769231,994.7076923076924,4,True
2016-12-09,992.9586538461538,991.0,994.9269230769231,4,True
2016-12-10,993.6288461538461,991.7307692307692,995.2423076923077,4,True
2016-12-11,993.9990384615385,992.3115384615385,995.3884615384616,4,True
2016-12-12,994.2605769230769,992.9346153846153,995.3961538461539,4,True
2016-12-13,993.2211538461538,992.2769230769231,994.3730769230768,4,True
2016-12-14,992.6625,990.9884615384616,994.4307692307692,4,True
2016-12-15,994.0932692307692,992.3615384615384,995.0769230769231,4,True
2016-12-16,995.6557692307692,994.9807692307692,996.5384615384615,4,True
2016-12-17,995.0144230769231,993.9769230769231,996.0,4,True
2016-12-18,993.1913461538462,991.946153846154,994.3961538461539,4,True
2016-12-19,992.5423076923078,991.3269230769231,994.1384615384616,4,True
2016-12-20,991.133653846154,989.8884615384616,992.8923076923077,4,True
2016-12-21,989.7057692307692,988.4846153846153,991.1269230769232,4,True
2016-12-22,991.0336538461538,988.946153846154,993.15,4,True
2016-12-23,992.4567307692307,991.0615384615385,994.3923076923077,4,True
2016-12-24,993.0740384615385,991.6269230769232,994.8307692307692,4,True
2016-12-25,992.4894230769231,991.8576923076923,993.5692307692308,4,True
2016-12-26,992.4192307692308,991.2307692307692,994.0192307692308,4,True
2016-12-27,991.9826923076923,990.3615384615384,993.9153846153847,4,True
2016-12-28,991.9865384615384,990.4115384615384,993.0307692307692,4,True
2016-12-29,993.439423076923,991.4730769230769,994.1923076923076,4,True
2016-12-30,994.2788461538462,993.2846153846153,995.15,4,True
2016-12-31,994.1576923076923,993.0384615384615,995.4269230769231,4,True
2017-01-01,994.7230769230769,992.9423076923076,995.4769230769231,4,True
2017-01-02,995.7740384615385,994.4730769230769,996.4807692307692,4,True
2017-01-03,994.2067307692307,993.6923076923076,994.8269230769231,4,True
2017-01-04,992.1567307692308,990.4615384615385,993.7384615384616,4,True
2017-01-05,992.3067307692307,990.9961538461539,993.1538461538461,4,True
2017-01-06,993.9894230769231,992.3961538461539,994.6653846153847,4,True
2017-01-07,995.8115384615385,994.9384615384615,996.9807692307692,4,True
2017-01-08,995.9576923076922,994.8653846153846,997.053846153846,4,True
2017-01-09,993.6038461538462,991.8153846153847,995.1692307692308,4,True
2017-01-10,992.064423076923,991.4346153846153,993.0,4,True
2017-01-11,992.7759615384615,991.0846153846153,994.4961538461539,4,True
2017-01-12,993.9721153846153,992.3884615384616,995.5115384615384,4,True
2017-01-13,994.8192307692308,994.2884615384615,995.8807692307693,4,True
2017-01-14,993.4625,992.05,994.6076923076923,4,True
2017-01-15,992.2596153846154,991.3807692307693,993.6461538461539,4,True
2017-01-16,992.035576923077,990.446153846154,993.7615384615384,4,True
2017-01-17,993.1307692307693,991.6884615384615,994.6423076923077,4,True
2017-01-18,993.1086538461539,991.7961538461539,995.0115384615384,4,True
2017-01-19,992.3836538461538,990.6230769230768,994.2384615384616,4,True
2017-01-20,992.6,990.9576923076924,993.8653846153846,4,True
2017-01-21,994.7586538461538,993.4807692307692,995.7076923076924,4,True
2017-01-22,994.6932692307691,993.35,996.0423076923076,4,True
2017-01-23,993.2750000000001,992.1769230769231,994.6269230769232,4,True
2017-01-24,992.5846153846153,991.2576923076923,994.2346153846153,4,True
2017-01-25,993.5403846153846,990.7730769230769,995.6576923076923,4,True
2017-01-26,995.9625,994.5307692307692,996.9769230769231,4,True
2017-01-27,996.8826923076923,996.1923076923076,997.7576923076923,4,True
2017-01-28,996.4125,995.2153846153847,997.2076923076924,4,True
2017-01-29,996.8326923076922,995.8346153846153,997.5269230769231,4,True
2017-01-30,996.5538461538462,996.0730769230769,997.0192307692308,4,True
2017-01-31,994.7884615384615,993.6692307692308,995.4692307692308,4,True
2017-02-01,993.7269230769231,992.9307692307692,994.9115384615384,4,True
2017-02-02,993.685576923077,992.4307692307692,995.1461538461539,4,True
2017-02-03,994.0298076923077,992.7807692307692,995.3807692307693,4,True
2017-02-04,994.4644230769231,992.7653846153847,995.1153846153846,4,True
2017-02-05,994.4125,993.1730769230769,995.8461538461539,4,True
2017-02-06,994.4105769230769,992.6576923076923,995.6038461538461,4,True
2017-02-07,994.2461538461539,992.9538461538461,995.0461538461539,4,True
2017-02-08,993.8817307692308,992.803846153846,994.9653846153847,4,True
2017-02-09,993.9769230769231,993.1692307692308,995.1692307692308,4,True
2017-02-10,993.9817307692308,992.8846153846154,995.5038461538461,4,True
2017-02-11,992.1067307692308,991.1153846153846,993.7269230769231,4,True
2017-02-12,990.8528846153846,989.5461538461539,992.7076923076924,4,True
2017-02-13,990.4115384615385,988.8769230769232,992.1,4,True
2017-02-14,992.0865384615385,989.6461538461539,993.5923076923077,4,True
2017-02-15,995.0461538461539,993.1,996.4692307692308,4,True
2017-02-16,996.4423076923077,995.2769230769231,997.7230769230769,4,True
2017-02-17,994.8,993.5230769230769,995.7884615384615,4,True
2017-02-18,994.1586538461538,992.8692307692307,995.0730769230769,4,True
2017-02-19,993.8153846153846,992.5076923076923,995.3269230769231,4,True
2017-02-20,994.4721153846153,992.5730769230769,995.9076923076923,4,True
2017-02-21,993.9278846153846,992.6423076923077,995.0576923076924,4,True
2017-02-22,992.3221153846155,991.3615384615384,993.5346153846153,4,True
2017-02-23,993.1586538461538,992.1769230769231,994.0961538461539,4,True
2017-02-24,993.3798076923077,992.4153846153847,994.0,4,True
2017-02-25,993.2384615384615,991.9692307692308,994.0615384615385,4,True
2017-02-26,993.4596153846154,992.8884615384616,993.8653846153846,4,True
2017-02-27,994.3567307692308,993.4692307692308,995.6346153846154,4,True
2017-02-28,994.0576923076924,993.1038461538461,994.8538461538461,4,True
2017-03-01,991.2490384615385,990.1038461538461,992.7576923076923,4,True
2017-03-02,991.6653846153846,989.6923076923076,993.1576923076923,4,True
2017-03-03,993.0913461538462,991.1846153846153,994.1615384615384,4,True
2017-03-04,994.0201923076924,992.7653846153847,994.5076923076923,4,True
2017-03-05,993.0615384615385,992.3538461538461,993.6576923076923,4,True
2017-03-06,992.4471153846154,991.4,993.1846153846153,4,True
2017-03-07,992.7653846153846,992.05,993.4730769230769,4,True
2017-03-08,993.6788461538462,993.15,994.4269230769231,4,True
2017-03-09,993.0182692307692,992.8384615384616,993.3846153846154,4,True
2017-03-10,993.2750000000001,992.0961538461539,995.0423076923076,4,True
2017-03-11,993.8067307692307,993.0346153846153,994.1153846153846,4,True
2017-03-12,994.4336538461539,992.9961538461539,995.3884615384616,4,True
2017-03-13,993.8163461538461,992.6923076923076,994.3538461538461,4,True
2017-03-14,994.5394230769231,993.8538461538461,994.9,4,True
2017-03-15,994.5836538461539,993.7115384615385,995.3769230769232,4,True
2017-03-16,993.5442307692307,992.2538461538461,994.7884615384615,4,True
2017-03-17,992.8923076923077,991.3115384615385,994.2730769230769,4,True
2017-03-18,994.1903846153846,991.5423076923076,995.3884615384616,4,True
2017-03-19,995.5153846153846,994.9,996.4076923076923,4,True
2017-03-20,995.5567307692307,994.3076923076924,997.1846153846153,4,True
2017-03-21,995.1971153846154,993.4,996.2961538461539,4,True
2017-03-22,995.1567307692308,993.9384615384615,996.1307692307693,4,True
2017-03-23,994.7653846153846,993.7961538461539,996.0192307692308,4,True
2017-03-24,994.6355769230769,994.2230769230769,995.3961538461539,4,True
2017-03-25,993.8971153846154,992.446153846154,994.9730769230769,4,True
2017-03-26,993.3894230769231,992.1307692307693,994.5230769230769,4,True
2017-03-27,993.1336538461538,992.1923076923076,994.2692307692308,4,True
2017-03-28,993.6096153846154,992.5,994.2153846153847,4,True
2017-03-29,994.4701923076923,993.6384615384616,995.2461538461539,4,True
2017-03-30,993.5653846153846,992.2884615384615,994.7423076923077,4,True
2017-03-31,994.1394230769231,992.3576923076923,995.2192307692308,4,True
2017-04-01,996.0942307692308,994.8576923076923,996.9423076923076,4,True
2017-04-02,995.498076923077,995.0307692307692,996.2192307692308,4,True
2017-04-03,994.1153846153846,993.4076923076923,995.0269230769231,4,True
2017-04-04,993.7298076923078,992.5961538461539,994.8884615384616,4,True
2017-04-05,994.4288461538462,993.1576923076923,995.9153846153847,4,True
2017-04-06,995.3288461538461,994.0923076923077,996.8384615384616,4,True
2017-04-07,994.7759615384615,993.9538461538461,995.2423076923077,4,True
2017-04-08,992.9788461538462,991.946153846154,993.8615384615384,4,True
2017-04-09,992.8451923076923,991.5807692307692,993.7384615384616,4,True
2017-04-10,993.0990384615384,991.6615384615384,994.0423076923076,4,True
2017-04-11,993.3009615384616,992.5692307692308,994.0692307692308,4,True
2017-04-12,994.1461538461539,992.6461538461539,995.2923076923076,4,True
2017-04-13,995.3346153846154,994.1538461538461,996.2192307692308,4,True
2017-04-14,995.1442307692307,994.4653846153847,995.9076923076923,4,True
2017-04-15,995.4913461538462,994.6346153846154,996.1769230769231,4,True
2017-04-16,995.5740384615384,994.6769230769231,996.2846153846153,4,True
2017-04-17,994.7009615384616,992.946153846154,996.0923076923077,4,True
2017-04-18,994.0500000000001,992.9384615384615,995.2076923076924,4,True
2017-04-19,994.4182692307692,993.4846153846153,995.5807692307692,4,True
2017-04-20,993.9384615384615,992.2153846153847,995.2923076923076,4,True
2017-04-21,993.7211538461539,992.5153846153847,994.8115384615385,4,True
2017-04-22,994.9163461538461,993.5576923076924,996.0730769230769,4,True
2017-04-23,995.3451923076923,994.4192307692308,996.4384615384615,4,True
2017-04-24,994.7105769230768,993.2269230769231,995.9423076923076,4,True
2017-04-25,993.4413461538461,992.3923076923077,994.5,4,True
2017-04-26,993.0182692307693,992.1307692307693,993.9653846153847,4,True
2017-04-27,994.0451923076923,993.1346153846154,995.5192307692308,4,True
2017-04-28,995.3586538461539,993.8576923076923,996.6615384615384,4,True
2017-04-29,997.1875,995.5192307692308,998.5038461538461,4,True
2017-04-30,998.0875,997.5730769230769,998.8307692307692,4,True
2017-05-01,997.2028846153846,996.4884615384616,998.1384615384616,4,True
2017-05-02,995.9807692307692,995.0961538461539,996.7346153846153,4,True
2017-05-03,995.1865384615385,994.3192307692308,996.1153846153846,4,True
2017-05-04,994.5365384615385,993.5,995.6192307692307,4,True
2017-05-05,994.3653846153846,993.2961538461539,995.2961538461539,4,True
2017-05-06,994.9653846153846,993.2846153846153,995.8692307692307,4,True
2017-05-07,995.2807692307692,994.2730769230769,996.1884615384615,4,True
2017-05-08,993.448076923077,992.4269230769231,994.2384615384616,4,True
2017-05-09,993.1461538461539,991.9961538461539,994.4730769230769,4,True
2017-05-10,994.9913461538462,993.3230769230769,996.2,4,True
2017-05-11,996.0615384615385,995.0769230769231,997.0423076923076,4,True
2017-05-12,994.7509615384615,993.7153846153847,995.9076923076923,4,True
2017-05-13,994.5307692307692,992.8346153846153,995.7769230769231,4,True
2017-05-14,994.9855769230769,993.8230769230769,995.9384615384615,4,True
2017-05-15,994.8730769230768,993.3307692307692,995.9346153846153,4,True
2017-05-16,995.3490384615384,993.9692307692308,996.4730769230769,4,True
2017-05-17,994.9971153846154,993.8961538461539,996.1423076923077,4,True
2017-05-18,993.9096153846154,992.35,995.9153846153847,4,True
2017-05-19,992.5144230769231,991.5692307692308,993.6923076923076,4,True
2017-05-20,992.9067307692308,991.1038461538461,994.5153846153847,4,True
2017-05-21,994.9365384615385,992.9115384615384,996.4076923076923,4,True
2017-05-22,995.8048076923077,994.7346153846153,996.7923076923076,4,True
2017-05-23,996.9086538461539,995.8076923076924,997.5153846153847,4,True
2017-05-24,997.2153846153847,995.5769230769231,997.9346153846153,4,True
2017-05-25,998.0298076923077,996.7692307692308,998.6038461538461,4,True
2017-05-26,998.1625,996.8923076923077,999.4423076923076,4,True
2017-05-27,998.5673076923077,997.6923076923076,999.6692307692308,4,True
2017-05-28,998.0711538461538,996.7807692307692,999.1461538461539,4,True
2017-05-29,998.5355769230769,996.303846153846,1000.2846153846153,4,True
2017-05-30,998.4490384615384,997.2230769230769,999.7038461538461,4,True
2017-05-31,997.4711538461538,995.7307692307692,998.6076923076923,4,True
2017-06-01,997.376923076923,995.9230769230769,998.6730769230769,4,True
2017-06-02,997.3778846153846,995.6423076923077,998.6038461538461,4,True
2017-06-03,997.6538461538462,996.7576923076923,998.196153846154,4,True
2017-06-04,996.6730769230769,995.5423076923076,997.7384615384616,4,True
2017-06-05,996.7740384615385,995.6923076923076,997.9538461538461,4,True
2017-06-06,996.3605769230769,994.7807692307692,997.5692307692308,4,True
2017-06-07,995.0759615384616,993.5269230769231,996.5038461538461,4,True
2017-06-08,994.0701923076923,992.6538461538461,995.0461538461539,4,True
2017-06-09,995.1846153846154,993.0153846153847,996.95,4,True
2017-06-10,997.0423076923078,995.696153846154,998.4807692307692,4,True
2017-06-11,997.239423076923,996.7038461538461,997.6423076923077,4,True
2017-06-12,995.7711538461538,994.7807692307692,996.7346153846153,4,True
2017-06-13,995.1509615384616,994.2038461538461,996.0653846153847,4,True
2017-06-14,996.9567307692307,995.3384615384616,998.4,4,True
2017-06-15,998.1990384615384,997.0615384615385,998.9038461538461,4,True
2017-06-16,998.2346153846154,997.9769230769231,998.5923076923077,4,True
2017-06-17,996.1403846153846,995.3076923076924,996.9769230769231,4,True
2017-06-18,994.4451923076923,993.4730769230769,995.25,4,True
2017-06-19,994.6653846153846,992.4076923076923,996.2153846153847,4,True
2017-06-20,996.5201923076922,994.8884615384616,997.3269230769231,4,True
2017-06-21,997.4721153846154,996.0769230769231,998.2884615384615,4,True
2017-06-22,997.5711538461538,996.8153846153847,998.5384615384615,4,True
2017-06-23,995.5980769230769,994.803846153846,996.2461538461539,4,True
2017-06-24,995.6980769230769,993.6115384615384,996.8769230769232,4,True
2017-06-25,997.635576923077,995.5576923076924,999.1346153846154,4,True
2017-06-26,997.1759615384615,996.05,998.2192307692308,4,True
2017-06-27,995.8057692307692,994.3846153846154,996.6076923076923,4,True
2017-06-28,996.4740384615385,994.5384615384615,997.4307692307692,4,True
2017-06-29,996.8009615384615,995.3538461538461,997.8884615384616,4,True
2017-06-30,997.5250000000001,996.1307692307693,998.9192307692308,4,True
2017-07-01,998.4240384615384,996.3461538461539,999.9884615384616,4,True
2017-07-02,999.9538461538461,998.0461538461539,1001.2653846153847,4,True
2017-07-03,1000.2336538461539,999.1346153846154,1001.0576923076924,4,True
2017-07-04,999.6826923076924,998.8346153846153,1000.0346153846153,4,True
2017-07-05,999.3269230769231,998.3346153846153,1000.4923076923077,4,True
2017-07-06,999.5586538461538,998.3269230769231,1000.7538461538461,4,True
2017-07-07,999.3980769230769,998.5346153846153,1000.1692307692308,4,True
2017-07-08,999.2846153846154,998.2807692307692,1000.196153846154,4,True
2017-07-09,998.6971153846155,997.5153846153847,999.696153846154,4,True
2017-07-10,997.7663461538461,996.2884615384615,998.9,4,True
2017-07-11,998.2778846153847,997.0076923076923,999.0923076923077,4,True
2017-07-12,999.0240384615386,997.3807692307693,1000.3384615384616,4,True
2017-07-13,998.9269230769231,997.8692307692307,999.9153846153847,4,True
2017-07-14,998.1576923076923,996.7461538461539,999.4269230769231,4,True
2017-07-15,996.7298076923076,995.8269230769231,997.6538461538461,4,True
2017-07-16,994.8923076923077,993.0461538461539,996.2769230769231,4,True
2017-07-17,995.8913461538461,993.3,997.3615384615384,4,True
2017-07-18,998.7067307692307,997.0923076923077,999.4615384615385,4,True
2017-07-19,1000.6826923076923,999.1538461538461,1001.9307692307692,4,True
2017-07-20,1000.3423076923077,999.2576923076923,1001.5346153846153,4,True
2017-07-21,998.6298076923077,997.3576923076923,999.5076923076923,4,True
2017-07-22,998.6586538461538,997.2269230769231,1000.15,4,True
2017-07-23,998.2336538461539,997.3269230769231,999.1461538461539,4,True
2017-07-24,997.8586538461539,996.303846153846,998.8076923076924,4,True
2017-07-25,999.7057692307692,997.5461538461539,1000.7423076923077,4,True
2017-07-26,999.5269230769231,998.3269230769231,1000.4653846153847,4,True
2017-07-27,997.7740384615385,996.2076923076924,998.7846153846153,4,True
2017-07-28,997.1115384615384,995.7384615384616,998.053846153846,4,True
2017-07-29,997.5125,995.5307692307692,998.7576923076923,4,True
2017-07-30,999.0615384615384,996.7346153846153,1000.303846153846,4,True
2017-07-31,999.310576923077,998.3884615384616,999.9884615384616,4,True
2017-08-01,997.7615384615385,996.8461538461539,998.4730769230769,4,True
2017-08-02,996.1192307692307,994.8923076923077,997.2346153846153,4,True
2017-08-03,996.9961538461539,993.9384615384615,998.9807692307692,4,True
2017-08-04,998.5394230769231,997.3115384615385,999.5730769230769,4,True
2017-08-05,998.2086538461539,997.0423076923076,999.0384615384615,4,True
2017-08-06,997.4884615384615,995.8923076923077,998.7615384615384,4,True
2017-08-07,996.8817307692308,995.6384615384616,997.8192307692308,4,True
2017-08-08,996.0596153846153,994.9038461538461,996.6923076923076,4,True
2017-08-09,997.0240384615383,995.05,998.4115384615384,4,True
2017-08-10,997.1586538461538,996.1807692307692,998.2807692307692,4,True
2017-08-11,995.8394230769231,994.7730769230769,996.5038461538461,4,True
2017-08-12,994.7403846153846,993.0961538461539,996.0461538461539,4,True
2017-08-13,995.2576923076922,993.6230769230768,996.7038461538461,4,True
2017-08-14,994.939423076923,993.6038461538461,996.1576923076923,4,True
2017-08-15,994.6798076923077,993.7346153846153,995.696153846154,4,True
2017-08-16,993.9336538461538,993.0307692307692,995.1923076923076,4,True
2017-08-17,993.6432692307693,992.2384615384616,995.0884615384616,4,True
2017-08-18,993.9538461538461,992.3807692307693,995.2923076923076,4,True
2017-08-19,993.9836538461539,992.053846153846,995.4423076923076,4,True
2017-08-20,992.5615384615385,991.0692307692308,994.0653846153847,4,True
2017-08-21,995.2874999999999,992.8923076923077,996.7923076923076,4,True
2017-08-22,998.2038461538461,996.8269230769231,999.1115384615384,4,True
2017-08-23,996.873076923077,994.5615384615385,997.6653846153847,4,True
2017-08-24,994.2663461538461,992.2269230769231,995.5038461538461,4,True
2017-08-25,995.5394230769231,993.1692307692308,997.1769230769231,4,True
2017-08-26,995.4644230769231,994.4153846153847,996.2192307692308,4,True
2017-08-27,994.9211538461539,993.7846153846153,995.7730769230769,4,True
2017-08-28,995.1538461538462,993.8730769230768,996.4538461538461,4,True
2017-08-29,995.8586538461539,994.2423076923077,997.1269230769232,4,True
2017-08-30,996.6115384615384,995.8192307692308,997.6076923076923,4,True
2017-08-31,997.7490384615385,996.1538461538461,999.3769230769232,4,True
2017-09-01,997.6951923076923,996.9153846153847,998.5115384615384,4,True
2017-09-02,997.4528846153846,996.0307692307692,998.5423076923076,4,True
2017-09-03,997.4211538461539,995.8076923076924,999.1115384615384,4,True
2017-09-04,996.2192307692308,995.1346153846154,997.2423076923077,4,True
2017-09-05,995.4153846153846,994.0807692307692,996.9576923076924,4,True
2017-09-06,995.4884615384615,994.3346153846153,996.6576923076923,4,True
2017-09-07,994.9384615384615,993.6807692307692,996.2807692307692,4,True
2017-09-08,993.45,992.4923076923077,994.2384615384616,4,True
2017-09-09,993.5586538461539,992.1653846153847,995.0076923076923,4,True
2017-09-10,994.0048076923077,992.6153846153846,995.5576923076924,4,True
2017-09-11,994.6307692307693,993.0653846153847,995.7346153846153,4,True
2017-09-12,995.4057692307692,993.8115384615385,996.8730769230768,4,True
2017-09-13,996.1538461538462,994.5730769230769,997.5,4,True
2017-09-14,996.1394230769231,994.9846153846153,997.2384615384616,4,True
2017-09-15,995.9326923076924,994.8846153846154,997.2192307692308,4,True
2017-09-16,995.9548076923077,995.2346153846153,996.8153846153847,4,True
2017-09-17,997.0423076923078,996.5692307692308,997.9769230769231,4,True
2017-09-18,996.9192307692308,995.4961538461539,997.9846153846153,4,True
2017-09-19,996.2750000000001,994.7192307692308,998.2192307692308,4,True
2017-09-20,995.4615384615385,994.1923076923076,996.8230769230769,4,True
2017-09-21,993.9951923076923,992.9807692307692,995.3269230769231,4,True
2017-09-22,994.5528846153846,992.3807692307693,996.0230769230769,4,True
2017-09-23,994.8846153846155,993.9269230769231,996.3384615384616,4,True
2017-09-24,995.8932692307692,994.8423076923077,996.7576923076923,4,True
2017-09-25,996.0432692307692,995.0,997.1884615384615,4,True
2017-09-26,994.5846153846154,992.9038461538461,995.6461538461539,4,True
2017-09-27,993.4326923076924,991.8846153846154,994.8153846153847,4,True
2017-09-28,993.8557692307693,992.2115384615385,995.5423076923076,4,True
2017-09-29,993.5288461538462,992.3769230769232,994.9807692307692,4,True
2017-09-30,994.0701923076923,993.4230769230769,995.3807692307693,4,True
2017-10-01,993.4,991.6115384615384,994.25,4,True
2017-10-02,990.6769230769231,989.5346153846153,992.4653846153847,4,True
2017-10-03,991.2307692307693,989.1,993.2076923076924,4,True
2017-10-04,993.1548076923077,991.4538461538461,995.053846153846,4,True
2017-10-05,994.7586538461538,993.65,995.9923076923077,4,True
2017-10-06,995.9567307692307,993.9846153846153,997.2692307692308,4,True
2017-10-07,997.376923076923,996.3076923076924,998.2846153846153,4,True
2017-10-08,996.1201923076923,994.2115384615385,997.0038461538461,4,True
2017-10-09,992.5326923076923,990.9846153846153,994.3423076923077,4,True
2017-10-10,992.0355769230769,990.4076923076923,994.053846153846,4,True
2017-10-11,992.3663461538462,991.4423076923076,993.5692307692308,4,True
2017-10-12,992.8490384615384,991.2615384615384,994.0230769230769,4,True
2017-10-13,992.9144230769231,991.1115384615384,994.4076923076923,4,True
2017-10-14,993.1336538461538,992.1923076923076,994.3192307692308,4,True
2017-10-15,994.3557692307693,992.7115384615385,995.3653846153846,4,True
2017-10-16,996.5048076923077,995.6461538461539,997.6153846153846,4,True
2017-10-17,996.7240384615385,995.5846153846153,998.0692307692308,4,True
2017-10-18,995.7634615384616,994.7615384615384,997.0346153846153,4,True
2017-10-19,993.8788461538461,992.5307692307692,994.9076923076923,4,True
2017-10-20,992.8807692307693,991.95,994.0730769230769,4,True
2017-10-21,992.0269230769231,990.5307692307692,993.7076923076924,4,True
2017-10-22,993.7105769230769,992.8884615384616,994.6615384615384,4,True
2017-10-23,994.5798076923077,994.1884615384615,994.946153846154,4,True
2017-10-24,994.4951923076924,993.2807692307692,995.2961538461539,4,True
2017-10-25,993.5461538461539,992.4884615384616,995.1269230769232,4,True
2017-10-26,993.3269230769231,992.1115384615384,995.4807692307692,4,True
2017-10-27,992.973076923077,991.6653846153847,994.9423076923076,4,True
2017-10-28,992.5211538461538,991.4730769230769,993.85,4,True
2017-10-29,992.7961538461539,992.0,993.8807692307693,4,True
2017-10-30,993.239423076923,992.4307692307692,994.2730769230769,4,True
2017-10-31,992.5009615384615,991.4192307692308,993.5346153846153,4,True
2017-11-01,991.7942307692308,990.4307692307692,993.5,4,True
2017-11-02,992.0384615384615,990.9884615384616,993.4961538461539,4,True
2017-11-03,992.2336538461539,990.7769230769231,993.9,4,True
2017-11-04,991.1788461538462,989.7807692307692,992.6730769230769,4,True
2017-11-05,991.9038461538462,990.1846153846153,993.3961538461539,4,True
2017-11-06,992.9375,991.946153846154,994.3307692307692,4,True
2017-11-07,992.5538461538462,991.3076923076924,993.446153846154,4,True
2017-11-08,991.1057692307693,989.5807692307692,992.3769230769232,4,True
2017-11-09,990.6817307692307,989.2230769230769,992.1,4,True
2017-11-10,990.7317307692308,989.2961538461539,992.4076923076923,4,True
2017-11-11,990.6317307692308,989.2884615384615,992.1807692307692,4,True
2017-11-12,991.4721153846153,990.2923076923076,993.3846153846154,4,True
2017-11-13,991.9942307692309,991.0884615384616,993.2961538461539,4,True
2017-11-14,991.45,989.3576923076923,993.0153846153847,4,True
2017-11-15,991.0471153846154,990.5115384615384,991.9884615384616,4,True
2017-11-16,991.776923076923,991.1423076923077,993.0807692307692,4,True
2017-11-17,991.4288461538462,990.3961538461539,992.7807692307692,4,True
2017-11-18,990.0673076923076,988.6846153846153,991.1692307692308,4,True
2017-11-19,990.0403846153846,988.8384615384616,991.8346153846153,4,True
2017-11-20,990.5817307692308,989.446153846154,991.7038461538461,4,True
2017-11-21,991.8836538461538,990.9961538461539,992.9538461538461,4,True
2017-11-22,991.564423076923,990.446153846154,992.9846153846153,4,True
2017-11-23,992.8057692307692,991.6730769230769,993.8384615384616,4,True
2017-11-24,992.7365384615384,991.3653846153846,994.1769230769231,4,True
2017-11-25,993.6134615384616,992.4384615384615,995.0269230769231,4,True
2017-11-26,993.2192307692308,992.0192307692308,994.303846153846,4,True
2017-11-27,992.5490384615384,991.053846153846,993.4115384615384,4,True
2017-11-28,993.5865384615385,992.8615384615384,994.4038461538461,4,True
2017-11-29,994.2894230769231,993.3307692307692,994.9730769230769,4,True
2017-11-30,992.6048076923078,990.7115384615385,993.7884615384615,4,True
2017-12-01,989.7461538461539,988.5846153846153,991.7961538461539,4,True
2017-12-02,989.7817307692308,987.7346153846153,991.4,4,True
2017-12-03,990.9615384615385,989.7769230769231,992.55,4,True
2017-12-04,991.2355769230769,989.8538461538461,992.5961538461539,4,True
2017-12-05,992.5115384615384,990.4423076923076,994.303846153846,4,True
2017-12-06,993.3375000000001,992.2884615384615,994.1269230769232,4,True
2017-12-07,993.5942307692308,992.803846153846,994.6346153846154,4,True
2017-12-08,992.9923076923078,991.7769230769231,994.1461538461539,4,True
2017-12-09,992.9653846153847,990.7307692307692,994.8423076923077,4,True
2017-12-10,992.2711538461538,990.9884615384616,993.6923076923076,4,True
2017-12-11,990.3394230769231,988.5884615384616,992.0576923076924,4,True
2017-12-12,991.5567307692307,989.3961538461539,993.8576923076923,4,True
2017-12-13,993.2509615384615,992.1153846153846,994.6538461538461,4,True
2017-12-14,993.2769230769231,991.8269230769231,995.4076923076923,4,True
2017-12-15,993.4019230769231,991.8884615384616,995.1307692307693,4,True
2017-12-16,993.4182692307692,992.1230769230768,994.9423076923076,4,True
2017-12-17,993.2355769230769,991.1730769230769,994.7653846153847,4,True
2017-12-18,994.1086538461539,992.5269230769231,995.2,4,True
2017-12-19,994.3211538461538,993.0307692307692,995.3576923076923,4,True
2017-12-20,993.8798076923077,993.4692307692308,994.446153846154,4,True
2017-12-21,992.6221153846154,991.9153846153847,993.8076923076924,4,True
2017-12-22,993.2567307692308,992.1615384615384,994.3923076923077,4,True
2017-12-23,993.4990384615385,992.1884615384615,994.9615384615385,4,True
2017-12-24,992.5298076923077,991.2576923076923,993.6423076923077,4,True
2017-12-25,992.1903846153846,991.3961538461539,992.946153846154,4,True
2017-12-26,992.1365384615384,991.0307692307692,993.3307692307692,4,True
2017-12-27,993.0461538461539,991.8923076923077,994.4769230769231,4,True
2017-12-28,992.9951923076924,991.3884615384616,994.5384615384615,4,True
2017-12-29,993.0221153846154,991.7538461538461,994.3884615384616,4,True
2017-12-30,993.0701923076923,991.5692307692308,994.5576923076924,4,True
2017-12-31,992.9788461538462,991.6769230769231,994.5692307692308,4,True
2018-01-01,993.5605769230768,992.7846153846153,994.303846153846,4,True
2018-01-02,993.9971153846154,993.4307692307692,994.3961538461539,4,True
2018-01-03,993.4336538461539,991.9423076923076,995.2730769230769,4,True
2018-01-04,994.0759615384616,991.9615384615385,995.45,4,True
2018-01-05,994.7307692307693,993.1346153846154,996.5192307692308,4,True
2018-01-06,994.2548076923076,992.6384615384616,995.6192307692307,4,True
2018-01-07,993.6596153846153,992.4346153846153,995.1346153846154,4,True
2018-01-08,994.0048076923076,992.5076923076923,995.2384615384616,4,True
2018-01-09,994.0432692307693,992.6115384615384,995.8769230769232,4,True
2018-01-10,993.8480769230769,992.9769230769231,994.8,4,True
2018-01-11,994.560576923077,993.3692307692307,996.1115384615384,4,True
2018-01-12,995.6096153846154,994.4538461538461,996.5,4,True
2018-01-13,993.9509615384615,992.4423076923076,994.9807692307692,4,True
2018-01-14,992.1259615384615,990.8192307692308,993.7346153846153,4,True
2018-01-15,992.8836538461538,990.8692307692307,994.3,4,True
2018-01-16,994.7692307692308,993.1769230769231,996.0961538461539,4,True
2018-01-17,995.2625,994.7346153846153,995.8461538461539,4,True
2018-01-18,995.0836538461538,994.3576923076923,996.4,4,True
2018-01-19,995.5701923076923,994.1884615384615,996.65,4,True
2018-01-20,995.8528846153847,994.946153846154,996.7692307692308,4,True
2018-01-21,995.6403846153846,994.9038461538461,996.0230769230769,4,True
2018-01-22,994.3548076923078,993.8076923076924,994.95,4,True
2018-01-23,993.1528846153847,992.3653846153846,994.0576923076924,4,True
2018-01-24,993.6423076923077,991.946153846154,994.5038461538461,4,True
2018-01-25,994.0163461538461,992.8807692307693,994.9307692307692,4,True
2018-01-26,993.3221153846155,992.1461538461539,994.1038461538461,4,True
2018-01-27,992.1307692307693,990.6653846153847,993.3,4,True
2018-01-28,990.8009615384615,989.7538461538461,991.7038461538461,4,True
2018-01-29,990.1326923076922,988.4615384615385,991.25,4,True
2018-01-30,990.0826923076922,988.1538461538461,991.1576923076923,4,True
2018-01-31,990.825,988.7538461538461,992.0615384615385,4,True
2018-02-01,991.7269230769231,990.0923076923077,992.8615384615384,4,True
2018-02-02,992.0153846153846,991.0346153846153,993.1269230769232,4,True
2018-02-03,991.385576923077,989.9884615384616,992.9153846153847,4,True
2018-02-04,990.8346153846154,989.1269230769232,992.6153846153846,4,True
2018-02-05,991.4605769230769,990.45,992.3769230769232,4,True
2018-02-06,992.0144230769231,990.3730769230768,992.9730769230769,4,True
2018-02-07,992.35,991.0269230769231,993.7692307692308,4,True
2018-02-08,991.8471153846153,990.4038461538461,993.5384615384615,4,True
2018-02-09,991.1317307692308,989.5076923076923,993.1653846153847,4,True
2018-02-10,991.5355769230769,989.5461538461539,993.6076923076923,4,True
2018-02-11,992.7269230769231,990.6538461538461,994.8423076923077,4,True
2018-02-12,993.1788461538462,991.0346153846153,995.0192307692308,4,True
2018-02-13,993.3019230769231,992.3653846153846,994.2653846153847,4,True
2018-02-14,993.6846153846153,993.1,994.7923076923076,4,True
2018-02-15,994.1538461538462,993.3269230769231,995.0153846153847,4,True
2018-02-16,996.2336538461539,994.0076923076923,997.553846153846,4,True
2018-02-17,995.8125,994.7423076923077,996.6230769230768,4,True
2018-02-18,993.7826923076923,992.4,994.8307692307692,4,True
2018-02-19,991.6884615384615,990.4846153846153,993.0038461538461,4,True
2018-02-20,991.9451923076923,990.1153846153846,993.3846153846154,4,True
2018-02-21,993.7403846153845,991.9730769230769,995.5076923076923,4,True
2018-02-22,993.1778846153846,991.8884615384616,994.5307692307692,4,True
2018-02-23,992.6884615384615,990.9,994.6576923076923,4,True
2018-02-24,992.7538461538461,991.5692307692308,993.9846153846153,4,True
2018-02-25,993.2894230769231,992.1846153846153,994.2038461538461,4,True
2018-02-26,994.1538461538461,992.4769230769231,995.2346153846153,4,True
2018-02-27,994.0701923076923,992.8346153846153,995.1153846153846,4,True
2018-02-28,992.4317307692307,990.9192307692308,993.4884615384616,4,True
2018-03-01,992.7721153846153,991.75,994.3115384615385,4,True
2018-03-02,994.4509615384616,993.4653846153847,995.1423076923077,4,True
2018-03-03,994.4701923076923,994.0653846153847,994.7153846153847,4,True
2018-03-04,993.5269230769231,992.4884615384616,994.3115384615385,4,True
2018-03-05,992.4913461538462,991.0692307692308,993.2269230769231,4,True
2018-03-06,992.9548076923077,991.5269230769231,993.9653846153847,4,True
2018-03-07,994.0221153846154,992.4423076923076,995.5153846153847,4,True
2018-03-08,994.9086538461538,994.1692307692308,995.2461538461539,4,True
2018-03-09,995.1201923076923,994.1423076923077,996.2,4,True
2018-03-10,994.3942307692307,992.6076923076923,996.2307692307692,4,True
2018-03-11,994.1288461538461,993.0576923076924,995.1615384615384,4,True
2018-03-12,994.2759615384615,992.7307692307692,995.7730769230769,4,True
2018-03-13,993.8951923076922,993.1038461538461,994.9807692307692,4,True
2018-03-14,993.4115384615384,991.7384615384616,994.803846153846,4,True
2018-03-15,993.4884615384615,992.4769230769231,994.9538461538461,4,True
2018-03-16,993.4461538461538,992.4730769230769,994.7423076923077,4,True
2018-03-17,993.2557692307691,992.5346153846153,993.6846153846153,4,True
2018-03-18,992.3759615384615,990.8346153846153,993.4384615384615,4,True
2018-03-19,990.7625,989.1153846153846,991.8192307692308,4,True
2018-03-20,991.7644230769231,989.8884615384616,993.053846153846,4,True
2018-03-21,993.6923076923077,992.0269230769231,994.5730769230769,4,True
2018-03-22,994.6,993.8192307692308,994.9692307692308,4,True
2018-03-23,993.6442307692307,992.6538461538461,994.2807692307692,4,True
2018-03-24,992.7605769230769,991.3961538461539,993.7615384615384,4,True
2018-03-25,992.45,991.5346153846153,993.5269230769231,4,True
2018-03-26,993.123076923077,991.3307692307692,994.2192307692308,4,True
2018-03-27,993.5855769230769,992.4961538461539,994.5846153846153,4,True
2018-03-28,994.125,993.6384615384616,994.4730769230769,4,True
2018-03-29,993.3788461538461,992.1615384615384,994.7423076923077,4,True
2018-03-30,993.6461538461539,992.5923076923077,994.7384615384616,4,True
2018-03-31,993.498076923077,992.7346153846153,994.4192307692308,4,True
2018-04-01,992.6961538461538,991.6769230769231,993.7423076923077,4,True
2018-04-02,992.3548076923076,991.3346153846153,993.3653846153846,4,True
2018-04-03,992.7557692307693,991.8769230769232,993.5346153846153,4,True
2018-04-04,993.2653846153846,992.696153846154,994.0192307692308,4,True
2018-04-05,992.9288461538462,991.8269230769231,994.3346153846153,4,True
2018-04-06,992.7711538461539,991.9076923076923,993.7423076923077,4,True
2018-04-07,993.2509615384615,992.1269230769232,994.2692307692308,4,True
2018-04-08,993.7,992.5307692307692,994.6807692307692,4,True
2018-04-09,994.439423076923,993.4769230769231,995.2461538461539,4,True
2018-04-10,995.053846153846,994.3230769230769,995.7923076923076,4,True
2018-04-11,994.6067307692307,993.7423076923077,995.55,4,True
2018-04-12,992.9605769230769,991.7192307692308,993.9423076923076,4,True
2018-04-13,993.7288461538461,992.2653846153847,994.9807692307692,4,True
2018-04-14,995.6557692307692,994.7153846153847,996.6269230769232,4,True
2018-04-15,997.6528846153847,996.0923076923077,998.65,4,True
2018-04-16,998.0211538461539,997.5461538461539,998.65,4,True
2018-04-17,996.8653846153846,996.2,997.4615384615385,4,True
2018-04-18,996.7086538461539,995.2846153846153,997.446153846154,4,True
2018-04-19,997.2865384615385,996.45,998.1769230769231,4,True
2018-04-20,996.6682692307693,995.9692307692308,997.3115384615385,4,True
2018-04-21,995.8288461538461,995.3192307692308,996.4384615384615,4,True
2018-04-22,995.3125,994.4384615384615,995.8653846153846,4,True
2018-04-23,995.8,994.8,996.65,4,True
2018-04-24,996.1903846153846,994.8961538461539,997.2076923076924,4,True
2018-04-25,996.525,995.8269230769231,997.7576923076923,4,True
2018-04-26,996.5278846153847,995.7653846153847,997.0807692307692,4,True
2018-04-27,995.4288461538462,995.0,995.9230769230769,4,True
2018-04-28,995.6019230769231,994.3884615384616,996.5346153846153,4,True
2018-04-29,996.7076923076924,995.45,997.7653846153847,4,True
2018-04-30,996.1076923076923,995.4846153846153,996.6461538461539,4,True
2018-05-01,996.4259615384616,995.7653846153847,996.7384615384616,4,True
2018-05-02,996.9471153846154,996.1730769230769,998.2307692307692,4,True
2018-05-03,996.1182692307692,994.7923076923076,997.3423076923077,4,True
2018-05-04,994.4961538461538,993.3307692307692,995.7346153846153,4,True
2018-05-05,995.1923076923076,993.8615384615384,995.9923076923077,4,True
2018-05-06,996.3711538461538,995.5807692307692,997.0846153846153,4,True
2018-05-07,997.0634615384615,996.3961538461539,997.4538461538461,4,True
2018-05-08,996.8394230769231,996.2961538461539,997.2807692307692,4,True
2018-05-09,995.8336538461538,994.5115384615384,996.6846153846153,4,True
2018-05-10,995.7288461538461,994.6038461538461,996.7346153846153,4,True
2018-05-11,995.8971153846154,994.5,996.9269230769231,4,True
2018-05-12,996.1134615384615,995.2423076923077,997.0346153846153,4,True
2018-05-13,995.6240384615385,994.8307692307692,996.2692307692308,4,True
2018-05-14,995.2711538461539,993.8576923076923,996.1384615384616,4,True
2018-05-15,994.1490384615385,992.7769230769231,995.0307692307692,4,True
2018-05-16,995.1759615384615,994.6230769230768,995.9576923076924,4,True
2018-05-17,995.7903846153846,994.6807692307692,996.5615384615385,4,True
2018-05-18,994.8836538461538,994.1692307692308,995.8807692307693,4,True
2018-05-19,994.8375,993.55,995.7884615384615,4,True
2018-05-20,995.8971153846154,994.8423076923077,996.4,4,True
2018-05-21,996.875,995.7807692307692,997.3384615384616,4,True
2018-05-22,996.7894230769231,995.5846153846153,997.6346153846154,4,True
2018-05-23,997.964423076923,996.3423076923077,998.9,4,True
2018-05-24,998.8721153846154,998.0461538461539,999.4653846153847,4,True
2018-05-25,998.5769230769231,997.8307692307692,999.1576923076923,4,True
2018-05-26,997.4951923076924,997.0807692307692,998.0692307692308,4,True
2018-05-27,996.9336538461538,995.7884615384615,997.4423076923076,4,True
2018-05-28,997.7355769230769,996.9346153846153,998.4538461538461,4,True
2018-05-29,997.0567307692307,996.3615384615384,997.7769230769231,4,True
2018-05-30,995.9240384615384,994.6923076923076,997.0346153846153,4,True
2018-05-31,994.8163461538462,993.3807692307693,996.2192307692308,4,True
2018-06-01,994.1903846153846,992.5269230769231,995.35,4,True
2018-06-02,995.0413461538461,993.9807692307692,995.8692307692307,4,True
2018-06-03,997.1980769230769,996.0076923076923,998.1846153846153,4,True
2018-06-04,1000.2644230769231,998.6730769230769,1000.9307692307692,4,True
2018-06-05,1000.3509615384615,1000.1269230769232,1000.5884615384616,4,True
2018-06-06,997.8798076923076,996.5,998.7615384615384,4,True
2018-06-07,996.1432692307692,994.1692307692308,997.45,4,True
2018-06-08,997.814423076923,996.1153846153846,998.9653846153847,4,True
2018-06-09,998.2788461538461,997.553846153846,998.9115384615384,4,True
2018-06-10,997.75,997.1653846153847,998.2807692307692,4,True
2018-06-11,997.3509615384615,996.7153846153847,997.8576923076923,4,True
2018-06-12,997.0759615384616,996.0692307692308,998.0153846153847,4,True
2018-06-13,997.6384615384616,995.75,998.9538461538461,4,True
2018-06-14,998.4663461538462,997.8153846153847,999.1576923076923,4,True
2018-06-15,999.4942307692307,997.8615384615384,1000.2307692307692,4,True
2018-06-16,1000.6567307692308,998.9230769230769,1001.5384615384615,4,True
2018-06-17,1001.9115384615385,1000.6346153846154,1002.946153846154,4,True
2018-06-18,1001.9326923076923,1001.25,1002.5846153846153,4,True
2018-06-19,1001.2461538461539,1000.5384615384615,1002.1384615384616,4,True
2018-06-20,999.8490384615385,998.8576923076923,1000.9153846153847,4,True
2018-06-21,999.7278846153846,998.2269230769231,1000.7923076923076,4,True
2018-06-22,998.8346153846154,997.7269230769231,999.6730769230769,4,True
2018-06-23,997.5778846153846,996.9769230769231,997.946153846154,4,True
2018-06-24,996.9846153846154,995.7884615384615,997.6769230769231,4,True
2018-06-25,997.0894230769231,995.9846153846153,998.0115384615384,4,True
2018-06-26,997.1221153846154,996.5846153846153,997.9307692307692,4,True
2018-06-27,997.1413461538461,996.0115384615384,997.7538461538461,4,True
2018-06-28,997.6999999999999,996.4307692307692,998.4038461538461,4,True
2018-06-29,997.625,997.1230769230768,998.1230769230768,4,True
2018-06-30,996.2384615384615,995.3653846153846,996.8423076923077,4,True
2018-07-01,995.7874999999999,995.0423076923076,996.6423076923077,4,True
2018-07-02,995.3596153846154,994.15,996.3653846153846,4,True
2018-07-03,995.3134615384615,993.2230769230769,996.5692307692308,4,True
2018-07-04,996.1173076923077,994.5961538461539,996.8423076923077,4,True
2018-07-05,996.9875,996.35,997.7538461538461,4,True
2018-07-06,996.6096153846154,995.9192307692308,997.053846153846,4,True
2018-07-07,996.3432692307692,995.0653846153847,997.4730769230769,4,True
2018-07-08,997.3509615384615,995.7461538461539,998.3230769230769,4,True
2018-07-09,998.9509615384616,997.5269230769231,1000.1,4,True
2018-07-10,999.9326923076924,998.8230769230769,1000.6307692307693,4,True
2018-07-11,999.5961538461538,998.9730769230769,1000.2307692307692,4,True
2018-07-12,999.1375,997.9153846153847,1000.3,4,True
2018-07-13,999.8259615384616,998.3653846153846,1000.8730769230768,4,True
2018-07-14,999.6134615384616,998.8269230769231,1000.2192307692308,4,True
2018-07-15,998.3019230769231,997.2038461538461,999.4923076923077,4,True
2018-07-16,997.8365384615385,996.0923076923077,999.1153846153846,4,True
2018-07-17,999.125,997.2461538461539,1000.5307692307692,4,True
2018-07-18,998.6528846153847,997.5192307692308,999.5615384615385,4,True
2018-07-19,997.5663461538462,996.7076923076924,998.0269230769231,4,True
2018-07-20,996.876923076923,995.4846153846153,997.7384615384616,4,True
2018-07-21,997.7653846153846,996.7461538461539,998.4384615384615,4,True
2018-07-22,998.8826923076923,998.05,999.2692307692308,4,True
2018-07-23,998.225,997.2653846153847,999.1423076923077,4,True
2018-07-24,998.9817307692308,997.3230769230769,1000.3346153846153,4,True
2018-07-25,999.1173076923077,997.7153846153847,999.7769230769231,4,True
2018-07-26,999.089423076923,998.053846153846,999.6730769230769,4,True
2018-07-27,999.1932692307693,997.8846153846154,999.9692307692308,4,True
2018-07-28,997.9134615384615,997.0692307692308,998.4538461538461,4,True
2018-07-29,997.3625,995.8,998.2807692307692,4,True
2018-07-30,996.7048076923077,995.7230769230769,997.5807692307692,4,True
2018-07-31,996.5153846153846,995.0884615384616,997.2730769230769,4,True
2018-08-01,996.8721153846154,995.7923076923076,997.7576923076923,4,True
2018-08-02,996.7423076923077,995.8384615384616,997.7115384615385,4,True
2018-08-03,996.0692307692308,994.6115384615384,997.3192307692308,4,True
2018-08-04,995.4105769230769,993.7615384615384,996.0269230769231,4,True
2018-08-05,995.65,994.5884615384616,996.553846153846,4,True
2018-08-06,996.3423076923077,994.0,997.5884615384616,4,True
2018-08-07,998.5846153846154,996.9423076923076,999.3730769230768,4,True
2018-08-08,998.3894230769231,997.4076923076923,998.8115384615385,4,True
2018-08-09,999.6471153846154,997.8961538461539,1000.7423076923077,4,True
2018-08-10,999.8,998.9730769230769,1000.6769230769231,4,True
2018-08-11,999.8673076923077,998.6307692307693,1000.7307692307692,4,True
2018-08-12,999.4663461538462,998.5346153846153,1000.303846153846,4,True
2018-08-13,997.6548076923077,996.4038461538461,998.5961538461539,4,True
2018-08-14,995.5625,994.3653846153846,996.6423076923077,4,True
2018-08-15,996.0480769230769,993.4846153846153,997.4615384615385,4,True
2018-08-16,998.7307692307693,997.3615384615384,999.5461538461539,4,True
2018-08-17,1000.7413461538462,999.7384615384616,1001.4807692307692,4,True
2018-08-18,999.9096153846153,998.2230769230769,1001.0384615384615,4,True
2018-08-19,997.4298076923077,996.3,998.6038461538461,4,True
2018-08-20,998.1471153846154,996.2538461538461,999.5384615384615,4,True
2018-08-21,999.0038461538461,998.1153846153846,999.9846153846153,4,True
2018-08-22,999.5490384615384,998.1461538461539,1000.9576923076924,4,True
2018-08-23,998.7798076923077,997.8730769230768,999.9384615384615,4,True
2018-08-24,996.2019230769231,995.2884615384615,997.0769230769231,4,True
2018-08-25,996.6923076923077,994.4192307692308,998.5307692307692,4,True
2018-08-26,998.239423076923,997.2923076923076,998.9769230769231,4,True
2018-08-27,999.2028846153846,998.05,1000.1,4,True
2018-08-28,997.9721153846154,997.0653846153847,998.9153846153847,4,True
2018-08-29,996.7432692307692,995.3230769230769,997.4692307692308,4,True
2018-08-30,996.3759615384615,995.2038461538461,997.5,4,True
2018-08-31,995.0903846153847,994.2307692307692,995.6884615384615,4,True
2018-09-01,994.05,992.7769230769231,995.5230769230769,4,True
2018-09-02,993.8461538461538,992.3538461538461,995.0730769230769,4,True
2018-09-03,994.8423076923077,993.3461538461539,995.6307692307693,4,True
2018-09-04,996.5288461538462,995.8230769230769,997.1038461538461,4,True
2018-09-05,996.1490384615385,994.9923076923077,997.0461538461539,4,True
2018-09-06,995.9278846153845,994.5038461538461,997.1538461538461,4,True
2018-09-07,995.626923076923,993.5461538461539,997.1192307692307,4,True
2018-09-08,995.9961538461539,993.7692307692308,997.2692307692308,4,True
2018-09-09,996.2778846153847,995.0884615384616,997.6461538461539,4,True
2018-09-10,995.8298076923077,994.8538461538461,996.8153846153847,4,True
2018-09-11,994.95,993.5884615384616,996.1076923076923,4,True
2018-09-12,994.0153846153846,992.55,995.1038461538461,4,True
2018-09-13,991.7817307692308,990.8346153846153,992.6692307692308,4,True
2018-09-14,991.2490384615385,990.3923076923077,992.2884615384615,4,True
2018-09-15,992.3134615384615,991.5576923076924,993.7076923076924,4,True
2018-09-16,993.2798076923077,991.9076923076923,994.75,4,True
2018-09-17,993.9807692307693,992.7846153846153,995.2961538461539,4,True
2018-09-18,994.1096153846154,992.5384615384615,995.8346153846153,4,True
2018-09-19,993.785576923077,992.25,995.2,4,True
2018-09-20,994.2788461538462,992.8,995.446153846154,4,True
2018-09-21,994.6605769230769,993.5038461538461,995.9038461538461,4,True
2018-09-22,994.2384615384615,993.4038461538461,995.6192307692307,4,True
2018-09-23,993.5634615384615,992.3346153846153,994.5846153846153,4,True
2018-09-24,993.8759615384615,991.7576923076923,995.5423076923076,4,True
2018-09-25,994.1586538461538,992.7923076923076,995.6423076923077,4,True
2018-09-26,993.401923076923,992.0,994.8307692307692,4,True
2018-09-27,992.5625,991.2923076923076,993.5384615384615,4,True
2018-09-28,992.7192307692308,990.2961538461539,994.9115384615384,4,True
2018-09-29,992.5846153846154,990.9615384615385,993.7384615384616,4,True
2018-09-30,992.2115384615385,990.7038461538461,993.9269230769231,4,True
2018-10-01,992.3557692307693,991.2115384615385,993.8653846153846,4,True
2018-10-02,993.8192307692307,992.4230769230769,994.8692307692307,4,True
2018-10-03,993.189423076923,991.8307692307692,994.8615384615384,4,True
2018-10-04,993.5144230769231,992.5115384615384,994.9,4,True
2018-10-05,994.2663461538461,992.7769230769231,995.2461538461539,4,True
2018-10-06,995.0009615384615,994.5576923076924,995.95,4,True
2018-10-07,994.9673076923077,994.3115384615385,996.4615384615385,4,True
2018-10-08,994.0634615384615,992.5615384615385,995.5038461538461,4,True
2018-10-09,993.0048076923076,991.65,994.7769230769231,4,True
2018-10-10,992.5,991.2961538461539,994.0192307692308,4,True
2018-10-11,992.4086538461538,991.25,993.5423076923076,4,True
2018-10-12,993.4673076923077,991.8653846153846,994.6576923076923,4,True
2018-10-13,993.9240384615385,993.2653846153847,994.9884615384616,4,True
2018-10-14,994.7884615384615,994.0769230769231,996.3692307692307,4,True
2018-10-15,995.5990384615384,994.1730769230769,996.6653846153847,4,True
2018-10-16,993.9403846153846,993.2692307692308,994.6192307692307,4,True
2018-10-17,992.6442307692308,991.5961538461539,994.2115384615385,4,True
2018-10-18,991.5586538461539,990.0192307692308,993.196153846154,4,True
2018-10-19,991.0115384615385,988.7576923076923,992.3269230769231,4,True
2018-10-20,989.7413461538462,987.9961538461539,991.6346153846154,4,True
2018-10-21,990.4192307692308,989.0961538461539,991.9346153846153,4,True
2018-10-22,990.3567307692308,988.7461538461539,991.3653846153846,4,True
2018-10-23,990.9586538461539,989.4730769230769,992.4230769230769,4,True
2018-10-24,991.9721153846153,990.8461538461539,993.7423076923077,4,True
2018-10-25,992.3471153846153,991.6230769230768,993.1923076923076,4,True
2018-10-26,993.123076923077,992.4615384615385,994.2346153846153,4,True
2018-10-27,994.1163461538462,993.3807692307693,995.0576923076924,4,True
2018-10-28,994.6125,993.1269230769232,996.0692307692308,4,True
2018-10-29,993.1721153846154,992.0923076923077,994.5423076923076,4,True
2018-10-30,993.0201923076924,990.9076923076923,994.7153846153847,4,True
2018-10-31,993.7432692307693,991.7653846153847,995.5692307692308,4,True
2018-11-01,994.5375,993.9576923076924,995.1846153846153,4,True
2018-11-02,994.3067307692307,992.803846153846,995.7038461538461,4,True
2018-11-03,992.9269230769231,992.1038461538461,993.5653846153847,4,True
2018-11-04,991.8634615384616,990.8384615384616,993.6807692307692,4,True
2018-11-05,990.9788461538461,989.4038461538461,992.9538461538461,4,True
2018-11-06,991.3499999999999,989.6115384615384,993.2846153846153,4,True
2018-11-07,991.1961538461538,989.6115384615384,993.0076923076923,4,True
2018-11-08,991.9509615384616,991.0653846153847,992.8730769230768,4,True
2018-11-09,992.8961538461539,992.0192307692308,994.2307692307692,4,True
2018-11-10,992.4182692307693,991.8230769230769,993.7,4,True
2018-11-11,991.6884615384615,990.7576923076923,992.8961538461539,4,True
2018-11-12,991.3298076923077,989.8961538461539,993.2692307692308,4,True
2018-11-13,991.6423076923077,990.55,993.2615384615384,4,True
2018-11-14,991.4480769230769,990.1692307692308,993.2307692307692,4,True
2018-11-15,991.4384615384615,990.3153846153847,992.8153846153847,4,True
2018-11-16,991.6490384615385,989.45,993.2038461538461,4,True
2018-11-17,991.8,990.9538461538461,993.5730769230769,4,True
2018-11-18,992.4125,991.5230769230769,993.9153846153847,4,True
2018-11-19,992.8076923076924,991.8923076923077,993.7192307692308,4,True
2018-11-20,993.4528846153846,992.5038461538461,994.9269230769231,4,True
2018-11-21,994.0615384615385,993.053846153846,995.0076923076923,4,True
2018-11-22,993.3499999999999,991.5730769230769,994.8115384615385,4,True
2018-11-23,991.1951923076923,989.6923076923076,992.7653846153847,4,True
2018-11-24,990.7307692307693,989.2615384615384,992.6307692307693,4,True
2018-11-25,991.7057692307692,990.6884615384615,992.8653846153846,4,True
2018-11-26,992.6836538461538,991.55,994.2038461538461,4,True
2018-11-27,992.2778846153847,990.6346153846154,993.3653846153846,4,True
2018-11-28,991.6201923076923,990.803846153846,992.8076923076924,4,True
2018-11-29,991.7442307692307,990.3307692307692,993.3538461538461,4,True
2018-11-30,992.5375,990.8115384615385,994.2115384615385,4,True
2018-12-01,992.4221153846154,990.9230769230769,993.8,4,True
2018-12-02,991.9932692307693,990.3769230769232,993.8692307692307,4,True
2018-12-03,992.5798076923077,990.8423076923077,994.1538461538461,4,True
2018-12-04,992.6923076923076,991.3615384615384,994.1615384615384,4,True
2018-12-05,991.3278846153846,989.85,993.2461538461539,4,True
2018-12-06,993.0567307692309,990.4153846153847,995.5192307692308,4,True
2018-12-07,995.5826923076924,993.4576923076924,997.6307692307693,4,True
2018-12-08,996.9807692307692,995.803846153846,997.6153846153846,4,True
2018-12-09,996.914423076923,996.6538461538461,997.5423076923076,4,True
2018-12-10,996.0346153846153,994.9269230769231,997.2230769230769,4,True
2018-12-11,996.9009615384616,995.6769230769231,998.1153846153846,4,True
2018-12-12,997.6038461538462,997.2153846153847,997.9769230769231,4,True
2018-12-13,996.4817307692308,996.2,996.9115384615384,4,True
2018-12-14,995.7817307692308,994.8153846153847,996.9653846153847,4,True
2018-12-15,996.3711538461539,994.8,997.9653846153847,4,True
2018-12-16,996.2375,994.2384615384616,997.6923076923076,4,True
2018-12-17,996.0355769230769,995.0692307692308,996.8307692307692,4,True
2018-12-18,995.8221153846154,994.9961538461539,996.75,4,True
2018-12-19,995.8471153846153,994.9923076923077,996.5461538461539,4,True
2018-12-20,995.5307692307692,994.8961538461539,996.2076923076924,4,True
2018-12-21,995.1451923076922,993.9692307692308,996.0807692307692,4,True
2018-12-22,995.4461538461538,994.5692307692308,996.55,4,True
2018-12-23,995.1153846153846,994.2,996.35,4,True
2018-12-24,994.2701923076924,993.1307692307693,995.5692307692308,4,True
2018-12-25,993.6298076923076,992.7769230769231,994.6615384615384,4,True
2018-12-26,994.010576923077,992.8,995.2384615384616,4,True
2018-12-27,994.3605769230769,993.8192307692308,995.2730769230769,4,True
2018-12-28,994.2663461538461,992.9961538461539,995.6384615384616,4,True
2018-12-29,994.0596153846154,992.9307692307692,995.6730769230769,4,True
2018-12-30,993.5134615384616,992.553846153846,995.3423076923077,4,True
2018-12-31,993.4663461538462,992.1653846153847,995.3269230769231,4,True
2019-01-01,993.8413461538462,992.2846153846153,995.35,4,True
2019-01-02,994.6798076923077,993.6846153846153,995.7653846153847,4,True
2019-01-03,995.3855769230769,994.1576923076923,996.4153846153847,4,True
2019-01-04,995.9528846153846,994.6923076923076,997.2807692307692,4,True
2019-01-05,996.5259615384615,995.1730769230769,998.0846153846153,4,True
2019-01-06,994.5086538461538,992.6115384615384,995.7384615384616,4,True
2019-01-07,993.0009615384615,992.1076923076923,994.2461538461539,4,True
2019-01-08,993.3682692307692,991.2769230769231,994.8846153846154,4,True
2019-01-09,993.7134615384616,992.5076923076923,995.5192307692308,4,True
2019-01-10,992.2394230769231,991.0192307692308,993.9153846153847,4,True
2019-01-11,992.6567307692308,991.7038461538461,993.9692307692308,4,True
2019-01-12,994.8394230769231,992.9269230769231,996.1730769230769,4,True
2019-01-13,994.9375,994.3192307692308,995.6807692307692,4,True
2019-01-14,994.9769230769231,994.4307692307692,995.4230769230769,4,True
2019-01-15,994.6278846153846,992.8076923076924,995.4692307692308,4,True
2019-01-16,995.9028846153847,995.0730769230769,996.2461538461539,4,True
2019-01-17,996.839423076923,995.6115384615384,997.4423076923076,4,True
2019-01-18,996.6125000000001,996.0230769230769,997.3115384615385,4,True
2019-01-19,996.3980769230769,994.9192307692308,997.1115384615384,4,True
2019-01-20,996.5288461538462,995.7076923076924,997.0423076923076,4,True
2019-01-21,996.2067307692307,995.7346153846153,996.6615384615384,4,True
2019-01-22,996.1317307692308,994.9653846153847,996.7192307692308,4,True
2019-01-23,996.5692307692308,995.8384615384616,997.1692307692308,4,True
2019-01-24,995.7576923076923,995.1423076923077,996.4192307692308,4,True
2019-01-25,995.6596153846153,995.0230769230769,996.2961538461539,4,True
2019-01-26,994.5125,992.7884615384615,995.8230769230769,4,True
2019-01-27,993.3153846153846,991.9423076923076,994.4846153846153,4,True
2019-01-28,992.7875,992.1538461538461,993.6884615384615,4,True
2019-01-29,993.4240384615384,992.5615384615385,994.2653846153847,4,True
2019-01-30,993.3903846153846,992.4307692307692,994.25,4,True
2019-01-31,993.3846153846154,991.9423076923076,993.9884615384616,4,True
2019-02-01,994.2817307692308,993.6769230769231,994.9423076923076,4,True
2019-02-02,994.1701923076923,993.1538461538461,994.946153846154,4,True
2019-02-03,993.7567307692308,993.0269230769231,994.3307692307692,4,True
2019-02-04,994.0451923076923,993.0961538461539,994.6192307692307,4,True
2019-02-05,994.7057692307692,993.9384615384615,995.1153846153846,4,True
2019-02-06,994.5778846153846,993.8538461538461,995.3307692307692,4,True
2019-02-07,993.114423076923,992.3615384615384,994.0076923076923,4,True
2019-02-08,992.5653846153847,991.4576923076924,993.2423076923077,4,True
2019-02-09,992.7759615384616,991.4192307692308,993.7115384615385,4,True
2019-02-10,992.4990384615385,991.6576923076923,993.696153846154,4,True
2019-02-11,992.3576923076923,991.0,993.3307692307692,4,True
2019-02-12,994.1471153846154,991.4769230769231,996.0192307692308,4,True
2019-02-13,996.5423076923078,995.7,997.1038461538461,4,True
2019-02-14,995.0711538461538,994.0769230769231,995.9576923076924,4,True
2019-02-15,994.4230769230769,993.303846153846,995.4,4,True
2019-02-16,994.6307692307693,993.946153846154,995.946153846154,4,True
2019-02-17,994.1096153846154,993.1423076923077,994.8576923076923,4,True
2019-02-18,994.0682692307693,992.3192307692308,995.4923076923077,4,True
2019-02-19,994.3701923076924,993.4846153846153,994.8769230769232,4,True
2019-02-20,993.8528846153846,992.7538461538461,994.9038461538461,4,True
2019-02-21,993.9778846153847,992.3461538461539,995.2769230769231,4,True
2019-02-22,994.8028846153845,993.6423076923077,995.8,4,True
2019-02-23,994.8490384615385,993.6115384615384,995.8576923076923,4,True
2019-02-24,993.1413461538461,991.9115384615384,993.7346153846153,4,True
2019-02-25,992.3480769230769,991.3576923076923,993.5346153846153,4,True
2019-02-26,992.614423076923,990.2230769230769,994.0846153846153,4,True
2019-02-27,993.5769230769231,992.4,994.8692307692307,4,True
2019-02-28,994.2817307692308,992.5769230769231,995.7653846153847,4,True
2019-03-01,995.1442307692307,993.5384615384615,996.1307692307693,4,True
2019-03-02,995.6163461538462,995.0615384615385,996.4307692307692,4,True
2019-03-03,994.1490384615385,992.35,995.3192307692308,4,True
2019-03-04,994.0519230769231,992.45,995.4846153846153,4,True
2019-03-05,993.6298076923077,992.4961538461539,994.9269230769231,4,True
2019-03-06,994.1740384615384,992.7769230769231,996.1192307692307,4,True
2019-03-07,994.864423076923,994.1538461538461,995.7423076923077,4,True
2019-03-08,994.1673076923078,993.0192307692308,994.6884615384615,4,True
2019-03-09,993.5759615384616,992.4230769230769,994.6384615384616,4,True
2019-03-10,994.5471153846154,993.696153846154,995.6384615384616,4,True
2019-03-11,994.9798076923076,994.2346153846153,995.65,4,True
2019-03-12,992.9490384615384,992.0846153846153,993.9076923076923,4,True
2019-03-13,992.8211538461538,991.7076923076924,993.9153846153847,4,True
2019-03-14,993.6451923076924,991.8846153846154,994.7653846153847,4,True
2019-03-15,994.2182692307692,993.0346153846153,995.8076923076924,4,True
2019-03-16,994.2355769230769,993.3269230769231,995.1038461538461,4,True
2019-03-17,993.7086538461539,992.95,994.3076923076924,4,True
2019-03-18,993.5115384615384,992.4538461538461,994.4730769230769,4,True
2019-03-19,994.0307692307692,992.8115384615385,994.7730769230769,4,True
2019-03-20,993.7884615384615,992.9884615384616,994.7807692307692,4,True
2019-03-21,993.3134615384615,992.3884615384616,994.25,4,True
2019-03-22,994.2461538461539,993.05,995.2538461538461,4,True
2019-03-23,994.7826923076923,993.0961538461539,996.1884615384615,4,True
2019-03-24,995.5913461538462,995.0384615384615,996.3307692307692,4,True
2019-03-25,994.4471153846154,993.4692307692308,995.3,4,True
2019-03-26,992.435576923077,991.2923076923076,993.5884615384616,4,True
2019-03-27,993.2048076923077,991.0269230769231,994.4653846153847,4,True
2019-03-28,995.2567307692308,994.2346153846153,996.1576923076923,4,True
2019-03-29,995.525,995.0807692307692,996.0346153846153,4,True
2019-03-30,995.4307692307692,994.7692307692308,996.1769230769231,4,True
2019-03-31,994.9586538461539,994.0269230769231,995.7923076923076,4,True
2019-04-01,994.2692307692307,993.45,994.9538461538461,4,True
2019-04-02,994.101923076923,993.2230769230769,995.05,4,True
2019-04-03,994.7778846153846,993.1884615384615,995.9538461538461,4,True
2019-04-04,993.5932692307692,991.9769230769231,994.6269230769232,4,True
2019-04-05,991.5865384615385,990.6346153846154,993.0269230769231,4,True
2019-04-06,992.9298076923077,990.7192307692308,994.8961538461539,4,True
2019-04-07,995.5076923076923,994.0884615384616,996.4692307692308,4,True
2019-04-08,996.9817307692308,995.9192307692308,997.7615384615384,4,True
2019-04-09,996.2221153846153,994.7153846153847,997.3769230769232,4,True
2019-04-10,993.7423076923077,992.3615384615384,994.9615384615385,4,True
2019-04-11,993.0740384615384,991.05,994.1769230769231,4,True
2019-04-12,994.3884615384616,993.1692307692308,995.0,4,True
2019-04-13,994.185576923077,993.3461538461539,994.8730769230768,4,True
2019-04-14,993.9788461538462,993.2153846153847,994.7269230769231,4,True
2019-04-15,994.5682692307693,993.5653846153847,995.2807692307692,4,True
2019-04-16,995.2028846153846,994.3346153846153,995.75,4,True
2019-04-17,994.1990384615384,993.0730769230769,995.0423076923076,4,True
2019-04-18,993.1971153846154,992.0115384615384,994.0653846153847,4,True
2019-04-19,993.8865384615384,992.4384615384615,994.8538461538461,4,True
2019-04-20,995.2855769230769,994.1115384615384,995.9730769230769,4,True
2019-04-21,994.9548076923077,994.1230769230768,995.8346153846153,4,True
2019-04-22,993.5932692307692,992.5576923076924,994.7615384615384,4,True
2019-04-23,993.7721153846154,992.65,994.6884615384615,4,True
2019-04-24,994.2798076923077,992.7230769230769,995.2269230769231,4,True
2019-04-25,995.7240384615385,994.7807692307692,996.4384615384615,4,True
2019-04-26,996.4105769230769,995.6846153846153,997.1576923076923,4,True
2019-04-27,995.1221153846154,994.3692307692307,996.1461538461539,4,True
2019-04-28,994.9413461538461,993.7538461538461,995.7769230769231,4,True
2019-04-29,994.8596153846154,993.9692307692308,995.3884615384616,4,True
2019-04-30,995.4884615384615,994.8307692307692,996.0346153846153,4,True
2019-05-01,995.5471153846154,993.7884615384615,996.5692307692308,4,True
2019-05-02,995.0076923076923,993.8615384615384,996.1346153846154,4,True
2019-05-03,994.0913461538462,993.2730769230769,994.7076923076924,4,True
2019-05-04,994.5346153846153,993.6038461538461,995.0423076923076,4,True
2019-05-05,995.4221153846154,993.9153846153847,996.2269230769231,4,True
2019-05-06,996.7846153846153,995.2923076923076,998.0730769230769,4,True
2019-05-07,996.9951923076923,995.9769230769231,998.1576923076923,4,True
2019-05-08,995.2759615384615,993.9346153846153,996.0653846153847,4,True
2019-05-09,994.873076923077,993.35,995.9038461538461,4,True
2019-05-10,993.9586538461538,993.1423076923077,994.8576923076923,4,True
2019-05-11,993.325,991.9538461538461,994.0961538461539,4,True
2019-05-12,994.2625,992.75,995.0,4,True
2019-05-13,996.060576923077,995.1846153846153,996.8423076923077,4,True
2019-05-14,997.3384615384615,996.6346153846154,997.9769230769231,4,True
2019-05-15,998.6365384615385,997.8807692307693,999.2038461538461,4,True
2019-05-16,998.8278846153846,997.9538461538461,999.9269230769231,4,True
2019-05-17,996.5490384615385,995.0384615384615,997.3769230769232,4,True
2019-05-18,994.0634615384615,993.1269230769232,995.0692307692308,4,True
2019-05-19,994.3173076923077,992.7346153846153,995.2730769230769,4,True
2019-05-20,995.2711538461539,994.1269230769232,995.9615384615385,4,True
2019-05-21,995.1721153846154,994.3153846153847,996.0115384615384,4,True
2019-05-22,995.4480769230769,993.8846153846154,996.5769230769231,4,True
2019-05-23,995.4865384615384,994.1538461538461,996.7923076923076,4,True
2019-05-24,995.4471153846154,994.6461538461539,996.4038461538461,4,True
2019-05-25,995.5394230769231,994.0923076923077,996.4153846153847,4,True
2019-05-26,996.2067307692307,994.4807692307692,997.0576923076924,4,True
2019-05-27,995.3721153846153,994.4,996.0,4,True
2019-05-28,994.9038461538462,993.8653846153846,996.0038461538461,4,True
2019-05-29,995.5971153846153,994.5423076923076,997.0,4,True
2019-05-30,996.025,995.4153846153847,996.6807692307692,4,True
2019-05-31,995.0153846153846,994.1230769230768,996.0615384615385,4,True
2019-06-01,994.4971153846154,993.2692307692308,995.3153846153847,4,True
2019-06-02,995.3605769230769,994.2730769230769,996.4384615384615,4,True
2019-06-03,997.0846153846154,994.95,998.5807692307692,4,True
2019-06-04,998.4365384615385,997.4,999.4884615384616,4,True
2019-06-05,998.875,997.9269230769231,999.6846153846153,4,True
2019-06-06,997.7932692307693,997.15,998.4576923076924,4,True
2019-06-07,996.4653846153846,995.4692307692308,997.053846153846,4,True
2019-06-08,996.9615384615386,995.0576923076924,998.0307692307692,4,True
2019-06-09,997.748076923077,996.0769230769231,998.5423076923076,4,True
2019-06-10,997.6182692307692,997.1153846153846,998.6692307692308,4,True
2019-06-11,997.5759615384616,996.5192307692308,998.2846153846153,4,True
2019-06-12,997.9067307692308,996.8423076923077,998.6346153846154,4,True
2019-06-13,997.9173076923076,997.1115384615384,998.7423076923077,4,True
2019-06-14,997.5826923076922,996.6615384615384,998.6,4,True
2019-06-15,997.0990384615384,996.2653846153847,997.7923076923076,4,True
2019-06-16,997.5221153846154,996.4192307692308,998.1923076923076,4,True
2019-06-17,998.7567307692308,997.5230769230769,999.5153846153847,4,True
2019-06-18,998.6298076923076,998.0346153846153,999.2230769230769,4,True
2019-06-19,997.7201923076923,997.0346153846153,998.3961538461539,4,True
2019-06-20,998.9711538461538,997.25,999.8653846153846,4,True
2019-06-21,1000.1644230769232,998.8884615384616,1000.9076923076923,4,True
2019-06-22,1001.0442307692308,999.5384615384615,1001.8423076923077,4,True
2019-06-23,1000.9124999999999,1000.7115384615385,1001.0846153846153,4,True
2019-06-24,999.025,998.3961538461539,999.4884615384616,4,True
2019-06-25,996.6923076923077,995.3807692307693,997.6,4,True
2019-06-26,995.4028846153847,993.9961538461539,996.4153846153847,4,True
2019-06-27,995.45,993.6615384615384,996.446153846154,4,True
2019-06-28,996.1961538461538,994.8884615384616,997.3153846153847,4,True
2019-06-29,997.0913461538462,995.7961538461539,997.7730769230769,4,True
2019-06-30,996.9855769230769,995.9,997.7230769230769,4,True
2019-07-01,996.873076923077,995.8230769230769,997.7730769230769,4,True
2019-07-02,996.4288461538462,995.8692307692307,996.7730769230769,4,True
2019-07-03,994.4019230769231,993.6230769230768,995.1615384615384,4,True
2019-07-04,994.7528846153846,992.6346153846154,996.2,4,True
2019-07-05,996.8307692307693,994.2653846153847,998.2,4,True
2019-07-06,998.7038461538461,997.4730769230769,999.3653846153846,4,True
2019-07-07,999.9057692307692,998.7307692307692,1000.9076923076923,4,True
2019-07-08,1000.6730769230769,999.9884615384616,1001.2269230769231,4,True
2019-07-09,1000.8375000000001,999.696153846154,1001.75,4,True
2019-07-10,999.1346153846154,997.9384615384615,1000.5961538461539,4,True
2019-07-11,997.0259615384615,996.1615384615384,997.6846153846153,4,True
2019-07-12,995.7211538461539,994.9653846153847,996.4653846153847,4,True
2019-07-13,996.1586538461538,994.35,997.0423076923076,4,True
2019-07-14,997.2894230769231,996.2538461538461,997.8769230769232,4,True
2019-07-15,996.9211538461539,996.0269230769231,997.7692307692308,4,True
2019-07-16,997.3576923076923,995.4115384615384,998.2076923076924,4,True
2019-07-17,998.7471153846153,997.8,999.3538461538461,4,True
2019-07-18,998.9855769230769,997.95,999.9769230769231,4,True
2019-07-19,998.6826923076924,997.6038461538461,999.2576923076923,4,True
2019-07-20,997.7740384615385,997.1846153846153,998.3961538461539,4,True
2019-07-21,997.2201923076923,995.9423076923076,997.9307692307692,4,True
2019-07-22,996.9817307692308,995.6615384615384,997.8846153846154,4,True
2019-07-23,997.623076923077,995.5230769230769,998.5884615384616,4,True
2019-07-24,998.0903846153847,997.0730769230769,999.3461538461539,4,True
2019-07-25,997.3548076923078,995.7923076923076,998.35,4,True
2019-07-26,998.0307692307692,996.1769230769231,999.2615384615384,4,True
2019-07-27,999.3634615384615,997.6423076923077,999.9923076923077,4,True
2019-07-28,1000.0192307692308,999.196153846154,1000.7692307692308,4,True
2019-07-29,997.8711538461539,997.1461538461539,998.4730769230769,4,True
2019-07-30,996.7403846153845,994.8730769230768,997.9807692307692,4,True
2019-07-31,997.8134615384615,995.8346153846153,999.3153846153847,4,True
2019-08-01,996.5153846153846,995.6730769230769,997.1807692307692,4,True
2019-08-02,995.2980769230769,993.8,996.3961538461539,4,True
2019-08-03,997.0903846153846,995.1615384615384,998.1615384615384,4,True
2019-08-04,1000.3346153846154,997.4538461538461,1002.2192307692308,4,True
2019-08-05,1001.6913461538462,1000.6769230769231,1002.4653846153847,4,True
2019-08-06,1000.5028846153846,999.7461538461539,1001.2230769230769,4,True
2019-08-07,999.7153846153847,997.9153846153847,1000.6076923076923,4,True
2019-08-08,999.426923076923,997.803846153846,1000.3807692307693,4,True
2019-08-09,998.8817307692308,998.0307692307692,999.4923076923077,4,True
2019-08-10,998.7365384615384,997.0807692307692,999.8846153846154,4,True
2019-08-11,998.6125,997.7230769230769,999.2615384615384,4,True
2019-08-12,997.2355769230769,996.2346153846153,997.8884615384616,4,True
2019-08-13,997.1307692307691,995.4846153846153,998.0384615384615,4,True
2019-08-14,998.4134615384615,996.8730769230768,999.6,4,True
2019-08-15,998.9240384615384,997.3423076923077,999.7923076923076,4,True
2019-08-16,998.5788461538461,997.2576923076923,999.75,4,True
2019-08-17,998.3240384615384,997.0115384615384,999.1615384615384,4,True
2019-08-18,996.5125,995.0730769230769,997.4884615384616,4,True
2019-08-19,996.6682692307692,994.65,998.0307692307692,4,True
2019-08-20,998.0682692307691,996.1576923076923,999.3192307692308,4,True
2019-08-21,999.4625,998.1076923076923,1000.3115384615385,4,True
2019-08-22,999.7884615384615,999.0,1000.2807692307692,4,True
2019-08-23,999.5663461538461,998.6153846153846,1000.4115384615384,4,True
2019-08-24,999.1807692307692,998.55,1000.0730769230769,4,True
2019-08-25,997.4057692307692,996.5730769230769,998.3538461538461,4,True
2019-08-26,996.5201923076922,994.803846153846,997.6038461538461,4,True
2019-08-27,997.0461538461539,995.7653846153847,997.6461538461539,4,True
2019-08-28,997.9673076923077,996.9653846153847,998.6692307692308,4,True
2019-08-29,997.8980769230769,996.8346153846153,998.7307692307692,4,True
2019-08-30,996.3326923076922,995.1076923076923,997.803846153846,4,True
2019-08-31,995.5798076923077,994.2653846153847,997.0730769230769,4,True
2019-09-01,995.7067307692307,994.5730769230769,997.0423076923076,4,True
2019-09-02,994.7576923076923,993.5307692307692,995.7076923076924,4,True
2019-09-03,994.1317307692308,993.4,995.1884615384615,4,True
2019-09-04,995.2365384615384,992.6,996.5346153846153,4,True
2019-09-05,997.7605769230769,996.9846153846153,998.2692307692308,4,True
2019-09-06,997.6057692307693,997.0884615384616,997.9923076923077,4,True
2019-09-07,997.5846153846153,996.3730769230768,998.5230769230769,4,True
2019-09-08,997.8509615384615,996.0576923076924,999.5153846153847,4,True
2019-09-09,997.3076923076923,996.1730769230769,998.4307692307692,4,True
2019-09-10,995.375,994.3846153846154,996.8,4,True
2019-09-11,994.925,993.4961538461539,995.9153846153847,4,True
2019-09-12,994.0557692307692,992.8230769230769,994.9615384615385,4,True
2019-09-13,995.0884615384615,993.5769230769231,996.7307692307692,4,True
2019-09-14,996.1432692307692,995.5461538461539,997.4846153846153,4,True
2019-09-15,996.185576923077,995.5307692307692,996.7615384615384,4,True
2019-09-16,995.3432692307692,993.9384615384615,996.2846153846153,4,True
2019-09-17,994.2230769230769,992.6192307692307,995.8230769230769,4,True
2019-09-18,992.3336538461539,990.5307692307692,993.4884615384616,4,True
2019-09-19,990.4778846153846,988.7538461538461,992.0846153846153,4,True
2019-09-20,991.589423076923,989.0230769230769,993.6846153846153,4,True
2019-09-21,994.6201923076923,993.5038461538461,995.7307692307692,4,True
2019-09-22,996.0317307692308,995.1230769230768,996.8538461538461,4,True
2019-09-23,995.8855769230769,994.5423076923076,997.2423076923077,4,True
2019-09-24,996.4105769230769,995.553846153846,997.3884615384616,4,True
2019-09-25,997.6182692307692,996.45,999.2423076923077,4,True
2019-09-26,996.3634615384615,994.8192307692308,997.9615384615385,4,True
2019-09-27,995.2740384615385,993.2692307692308,996.75,4,True
2019-09-28,995.2673076923077,993.9923076923077,996.2346153846153,4,True
2019-09-29,993.3009615384616,992.2730769230769,994.8653846153846,4,True
2019-09-30,992.2923076923078,990.8461538461539,993.6615384615384,4,True
2019-10-01,990.8817307692308,989.8653846153846,992.3961538461539,4,True
2019-10-02,991.6057692307693,990.0576923076924,993.9153846153847,4,True
2019-10-03,993.9519230769231,992.9576923076924,995.2307692307692,4,True
2019-10-04,995.7826923076923,994.7961538461539,997.3576923076923,4,True
2019-10-05,994.1442307692307,993.0076923076923,995.1192307692307,4,True
2019-10-06,992.7576923076923,990.8269230769231,994.7538461538461,4,True
2019-10-07,993.6875,992.05,994.803846153846,4,True
2019-10-08,994.9432692307693,993.8461538461539,996.0692307692308,4,True
2019-10-09,994.9336538461538,993.3923076923077,996.4923076923077,4,True
2019-10-10,993.5644230769232,992.3384615384616,994.5192307692308,4,True
2019-10-11,992.7894230769231,991.1730769230769,994.1730769230769,4,True
2019-10-12,993.7326923076923,992.2653846153847,995.2153846153847,4,True
2019-10-13,995.0673076923077,993.9615384615385,996.4538461538461,4,True
2019-10-14,996.0221153846154,994.8076923076924,996.9038461538461,4,True
2019-10-15,995.2163461538462,994.2153846153847,996.0153846153847,4,True
2019-10-16,995.3086538461539,994.1346153846154,996.5153846153847,4,True
2019-10-17,995.3221153846154,994.2576923076923,996.3961538461539,4,True
2019-10-18,994.4855769230769,993.5269230769231,995.6038461538461,4,True
2019-10-19,994.9471153846154,993.5884615384616,995.6230769230768,4,True
2019-10-20,995.4538461538461,994.3384615384616,996.6730769230769,4,True
2019-10-21,994.3432692307692,993.45,995.3730769230768,4,True
2019-10-22,992.9673076923077,991.5807692307692,994.4730769230769,4,True
2019-10-23,991.9096153846153,990.5307692307692,993.4807692307692,4,True
2019-10-24,992.376923076923,991.0923076923077,993.5807692307692,4,True
2019-10-25,994.0432692307693,993.6384615384616,994.4346153846153,4,True
2019-10-26,994.010576923077,992.5769230769231,995.5230769230769,4,True
2019-10-27,993.7788461538462,993.0846153846153,994.3692307692307,4,True
2019-10-28,993.7355769230769,992.5384615384615,995.0653846153847,4,True
2019-10-29,993.3134615384615,992.0269230769231,994.6846153846153,4,True
2019-10-30,993.2307692307693,992.1115384615384,994.1846153846153,4,True
2019-10-31,993.2903846153847,991.7653846153847,994.5692307692308,4,True
2019-11-01,994.4509615384616,993.3384615384616,995.5346153846153,4,True
2019-11-02,993.7615384615384,992.2423076923077,994.9038461538461,4,True
2019-11-03,991.9817307692308,990.8961538461539,993.7,4,True
2019-11-04,992.0971153846153,991.1807692307692,993.4615384615385,4,True
2019-11-05,992.9471153846154,991.3653846153846,994.2038461538461,4,True
2019-11-06,993.6759615384615,991.8923076923077,994.9076923076923,4,True
2019-11-07,993.2846153846153,992.1461538461539,994.0692307692308,4,True
2019-11-08,992.4230769230769,991.3461538461539,993.5307692307692,4,True
2019-11-09,991.1134615384616,989.9076923076923,992.6461538461539,4,True
2019-11-10,991.5125,990.7884615384615,993.0230769230769,4,True
2019-11-11,992.3201923076923,991.6115384615384,993.4576923076924,4,True
2019-11-12,992.1173076923077,991.5730769230769,993.1153846153846,4,True
2019-11-13,992.0509615384615,990.2,993.6423076923077,4,True
2019-11-14,991.5615384615385,990.4230769230769,993.2,4,True
2019-11-15,991.8836538461538,990.6,993.4,4,True
2019-11-16,991.6538461538462,990.446153846154,992.3961538461539,4,True
2019-11-17,991.1471153846154,990.2269230769231,992.5884615384616,4,True
2019-11-18,990.8182692307693,989.7153846153847,992.1115384615384,4,True
2019-11-19,992.4778846153846,990.9538461538461,994.1346153846154,4,True
2019-11-20,993.9990384615385,992.9846153846153,994.7807692307692,4,True
2019-11-21,993.3721153846154,991.8192307692308,994.6307692307693,4,True
2019-11-22,991.5086538461538,990.1884615384615,992.9884615384616,4,True
2019-11-23,992.3096153846154,991.1269230769232,993.4384615384615,4,True
2019-11-24,993.4317307692307,992.7076923076924,994.6423076923077,4,True
2019-11-25,993.001923076923,992.0692307692308,994.1230769230768,4,True
2019-11-26,992.439423076923,991.0269230769231,993.6115384615384,4,True
2019-11-27,993.2038461538461,991.2346153846153,994.7153846153847,4,True
2019-11-28,993.7096153846154,992.3615384615384,994.7038461538461,4,True
2019-11-29,992.5009615384615,991.5769230769231,993.3653846153846,4,True
2019-11-30,991.2596153846154,990.4576923076924,992.3346153846153,4,True
2019-12-01,992.8942307692307,990.8384615384616,994.3576923076923,4,True
2019-12-02,994.4423076923076,993.7846153846153,994.8923076923077,4,True
2019-12-03,994.6557692307692,993.9423076923076,995.2730769230769,4,True
2019-12-04,993.5076923076923,992.85,994.6576923076923,4,True
2019-12-05,994.1836538461539,992.0923076923077,995.3,4,True
2019-12-06,995.875,994.7230769230769,996.7153846153847,4,True
2019-12-07,995.3307692307692,994.4423076923076,996.0884615384616,4,True
2019-12-08,993.5538461538462,992.3846153846154,994.8884615384616,4,True
2019-12-09,992.2105769230769,990.9730769230769,993.7346153846153,4,True
2019-12-10,992.5173076923078,990.8115384615385,994.2653846153847,4,True
2019-12-11,992.7076923076922,991.5846153846153,994.2192307692308,4,True
2019-12-12,990.8990384615385,989.4346153846153,992.0769230769231,4,True
2019-12-13,990.4413461538461,988.5692307692308,991.65,4,True
2019-12-14,992.5240384615386,991.1692307692308,993.7384615384616,4,True
2019-12-15,993.6201923076924,992.5692307692308,994.3423076923077,4,True
2019-12-16,993.689423076923,992.0576923076924,994.6692307692308,4,True
2019-12-17,992.1951923076923,990.8423076923077,993.6230769230768,4,True
2019-12-18,991.9144230769231,990.2653846153847,992.9307692307692,4,True
2019-12-19,993.239423076923,992.1230769230768,993.9846153846153,4,True
2019-12-20,993.9019230769231,992.9807692307692,994.5153846153847,4,True
2019-12-21,993.8115384615385,993.0192307692308,994.7153846153847,4,True
2019-12-22,994.4317307692309,993.0769230769231,995.6769230769231,4,True
2019-12-23,994.6288461538461,993.5730769230769,995.3076923076924,4,True
2019-12-24,994.5451923076923,993.95,995.0730769230769,4,True
2019-12-25,993.2067307692307,992.2269230769231,994.0038461538461,4,True
2019-12-26,993.1615384615385,991.5692307692308,994.8807692307693,4,True
2019-12-27,993.7942307692308,992.5653846153847,995.2461538461539,4,True
2019-12-28,993.7019230769231,993.2461538461539,994.1115384615384,4,True
2019-12-29,993.4288461538462,992.6923076923076,993.8846153846154,4,True
2019-12-30,992.6057692307693,991.4961538461539,993.2769230769231,4,True
2019-12-31,992.248076923077,991.0384615384615,993.2576923076923,4,True
2020-01-01,992.189423076923,991.0730769230769,993.7692307692308,4,True
2020-01-02,992.4865384615384,990.9576923076924,993.8115384615385,4,True
2020-01-03,994.6519230769231,992.196153846154,996.6423076923077,4,True
2020-01-04,995.8538461538461,994.5230769230769,997.2615384615384,4,True
2020-01-05,993.6423076923077,992.7,995.0769230769231,4,True
2020-01-06,991.8615384615384,990.6384615384616,993.5346153846153,4,True
2020-01-07,991.8865384615384,989.3,994.0346153846153,4,True
2020-01-08,993.6990384615384,991.5807692307692,995.9769230769231,4,True
2020-01-09,994.498076923077,991.8961538461539,996.1423076923077,4,True
2020-01-10,994.4009615384616,993.0269230769231,995.3961538461539,4,True
2020-01-11,995.5509615384615,993.9538461538461,996.5346153846153,4,True
2020-01-12,995.6990384615384,994.5769230769231,996.5038461538461,4,True
2020-01-13,994.889423076923,993.8730769230768,995.4115384615384,4,True
2020-01-14,993.8884615384616,992.7884615384615,994.3384615384616,4,True
2020-01-15,993.9471153846155,991.8192307692308,995.4153846153847,4,True
2020-01-16,995.598076923077,993.45,996.8961538461539,4,True
2020-01-17,997.1682692307693,995.3692307692307,998.3423076923077,4,True
2020-01-18,996.2038461538461,995.7576923076923,997.0461538461539,4,True
2020-01-19,996.6711538461539,995.6038461538461,997.5692307692308,4,True
2020-01-20,995.9884615384615,995.1576923076923,996.75,4,True
2020-01-21,993.8951923076924,992.6884615384615,994.8384615384616,4,True
2020-01-22,991.5798076923077,990.4884615384616,992.6230769230768,4,True
2020-01-23,991.2028846153846,989.4153846153847,992.4692307692308,4,True
2020-01-24,992.3576923076923,990.1115384615384,993.5269230769231,4,True
2020-01-25,993.9682692307692,992.65,995.0923076923077,4,True
2020-01-26,994.3028846153846,993.4769230769231,995.4038461538461,4,True
2020-01-27,993.9846153846154,993.0346153846153,995.2576923076923,4,True
2020-01-28,992.8336538461539,990.7192307692308,994.5923076923077,4,True
2020-01-29,992.1134615384616,990.0653846153847,993.9153846153847,4,True
2020-01-30,992.7942307692308,990.8192307692308,994.2769230769231,4,True
2020-01-31,994.1125,992.8961538461539,995.3615384615384,4,True
2020-02-01,995.1134615384615,993.7115384615385,996.0230769230769,4,True
2020-02-02,995.8173076923077,995.0961538461539,996.6076923076923,4,True
2020-02-03,995.2778846153847,994.3807692307693,996.0153846153847,4,True
2020-02-04,995.0807692307692,993.9384615384615,996.1038461538461,4,True
2020-02-05,993.5701923076923,992.5461538461539,994.5,4,True
2020-02-06,992.6586538461538,990.0846153846153,994.2192307692308,4,True
2020-02-07,994.1625,992.3692307692307,995.2076923076924,4,True
2020-02-08,993.6701923076923,992.8615384615384,994.9538461538461,4,True
2020-02-09,993.4105769230769,991.5730769230769,995.0576923076924,4,True
2020-02-10,994.4201923076923,991.8076923076924,996.0461538461539,4,True
2020-02-11,995.2086538461539,993.2653846153847,996.2230769230769,4,True
2020-02-12,994.775,993.8346153846153,995.3384615384616,4,True
2020-02-13,993.5692307692308,992.3076923076924,994.1846153846153,4,True
2020-02-14,993.8663461538462,992.1923076923076,995.2692307692308,4,True
2020-02-15,994.4692307692308,992.4769230769231,995.5730769230769,4,True
2020-02-16,993.4221153846154,992.6461538461539,994.0038461538461,4,True
2020-02-17,992.5048076923077,990.9615384615385,993.1653846153847,4,True
2020-02-18,993.3721153846154,991.2615384615384,994.9230769230769,4,True
2020-02-19,994.0730769230769,992.4153846153847,994.9346153846153,4,True
2020-02-20,993.239423076923,992.1384615384616,994.4038461538461,4,True
2020-02-21,992.2375,991.0730769230769,993.4307692307692,4,True
2020-02-22,992.8826923076923,990.3807692307693,994.0423076923076,4,True
2020-02-23,994.6076923076923,993.6384615384616,995.5384615384615,4,True
2020-02-24,993.8942307692307,993.3961538461539,994.4115384615384,4,True
2020-02-25,993.4788461538462,992.4384615384615,994.5961538461539,4,True
2020-02-26,993.5057692307693,992.3115384615385,994.2730769230769,4,True
2020-02-27,993.6576923076923,993.0,994.3538461538461,4,True
2020-02-28,994.2576923076923,992.7884615384615,995.1153846153846,4,True
2020-02-29,995.4057692307691,994.1615384615384,996.303846153846,4,True
2020-03-01,995.6538461538462,994.8115384615385,996.2653846153847,4,True
2020-03-02,995.1836538461539,994.0153846153847,995.8384615384616,4,True
2020-03-03,994.4951923076923,993.5423076923076,995.1807692307692,4,True
2020-03-04,994.4375,993.0769230769231,995.3923076923077,4,True
2020-03-05,995.2086538461539,993.9384615384615,995.8653846153846,4,True
2020-03-06,995.6557692307692,994.7307692307692,996.5923076923077,4,True
2020-03-07,994.0576923076923,993.2961538461539,994.8076923076924,4,True
2020-03-08,993.4451923076923,992.2538461538461,994.4384615384615,4,True
2020-03-09,994.1086538461539,992.5115384615384,995.2807692307692,4,True
2020-03-10,995.1875,994.053846153846,996.1615384615384,4,True
2020-03-11,994.4576923076922,993.9,995.2230769230769,4,True
2020-03-12,992.5298076923077,991.0846153846153,993.6576923076923,4,True
2020-03-13,993.5990384615384,991.553846153846,994.9230769230769,4,True
2020-03-14,994.5230769230769,993.4076923076923,995.4384615384615,4,True
2020-03-15,993.5451923076923,992.5461538461539,994.8653846153846,4,True
2020-03-16,992.1875,991.0884615384616,993.2192307692308,4,True
2020-03-17,992.7355769230769,991.4884615384616,993.8692307692307,4,True
2020-03-18,994.4028846153847,993.3846153846154,995.1807692307692,4,True
2020-03-19,995.1923076923076,993.9923076923077,996.4692307692308,4,True
2020-03-20,994.1538461538462,992.7769230769231,995.4307692307692,4,True
2020-03-21,992.8182692307693,991.0961538461539,993.8384615384616,4,True
2020-03-22,992.6,990.9615384615385,993.6576923076923,4,True
2020-03-23,994.7403846153846,992.3384615384616,996.3730769230768,4,True
2020-03-24,995.9365384615385,994.6769230769231,996.95,4,True
2020-03-25,993.7067307692307,992.4153846153847,994.6346153846154,4,True
2020-03-26,991.9134615384615,990.9230769230769,992.8423076923077,4,True
2020-03-27,990.4557692307692,989.803846153846,991.303846153846,4,True
2020-03-28,991.0365384615385,989.7153846153847,992.2115384615385,4,True
2020-03-29,992.1673076923078,990.5615384615385,992.8576923076923,4,True
2020-03-30,993.8326923076922,992.9115384615384,994.4423076923076,4,True
2020-03-31,993.0673076923076,992.9,993.2538461538461,4,True
2020-04-01,993.185576923077,992.6884615384615,993.7730769230769,4,True
2020-04-02,995.6057692307693,994.2038461538461,996.4423076923076,4,True
2020-04-03,995.751923076923,995.0153846153847,996.3653846153846,4,True
2020-04-04,993.9307692307692,992.9076923076923,994.7153846153847,4,True
2020-04-05,993.8605769230769,992.3653846153846,994.946153846154,4,True
2020-04-06,995.0807692307692,994.5307692307692,995.8884615384616,4,True
2020-04-07,996.0259615384615,994.8115384615385,996.8230769230769,4,True
2020-04-08,995.373076923077,994.0576923076924,996.4230769230769,4,True
2020-04-09,995.3211538461538,994.2269230769231,996.1923076923076,4,True
2020-04-10,994.9519230769231,994.3692307692307,995.5076923076923,4,True
2020-04-11,995.071153846154,994.6461538461539,995.4192307692308,4,True
2020-04-12,995.6663461538462,994.1807692307692,996.5230769230769,4,True
2020-04-13,996.0163461538461,995.0115384615384,996.8153846153847,4,True
2020-04-14,993.4423076923076,992.1615384615384,994.8653846153846,4,True
2020-04-15,992.5971153846153,990.4423076923076,994.0346153846153,4,True
2020-04-16,994.5682692307693,992.4923076923077,996.0576923076924,4,True
2020-04-17,998.1307692307693,996.9230769230769,999.0692307692308,4,True
2020-04-18,999.3740384615385,998.6115384615384,999.95,4,True
2020-04-19,998.2288461538461,997.0923076923077,999.1230769230768,4,True
2020-04-20,996.6326923076923,995.4961538461539,997.65,4,True
2020-04-21,995.8721153846154,993.9884615384616,997.5730769230769,4,True
2020-04-22,994.8625,993.3807692307693,996.3115384615385,4,True
2020-04-23,994.5673076923076,993.0230769230769,995.7269230769231,4,True
2020-04-24,994.498076923077,993.7384615384616,995.2076923076924,4,True
2020-04-25,994.2346153846154,993.053846153846,995.2923076923076,4,True
2020-04-26,995.1884615384615,992.8730769230768,996.4038461538461,4,True
2020-04-27,996.4673076923077,995.3961538461539,997.3269230769231,4,True
2020-04-28,996.5730769230769,995.9538461538461,997.1230769230768,4,True
2020-04-29,995.5057692307693,994.5038461538461,996.4192307692308,4,True
2020-04-30,995.8903846153846,994.6730769230769,996.7384615384616,4,True
2020-05-01,997.1490384615385,996.0346153846153,997.8538461538461,4,True
2020-05-02,997.7528846153847,996.7384615384616,998.6653846153847,4,True
2020-05-03,996.4586538461539,995.6076923076923,996.8846153846154,4,True
2020-05-04,994.6451923076922,993.6346153846154,995.5076923076923,4,True
2020-05-05,993.9384615384615,993.3192307692308,995.0153846153847,4,True
2020-05-06,994.2076923076924,992.6423076923077,995.2692307692308,4,True
2020-05-07,995.5182692307693,994.35,996.8653846153846,4,True
2020-05-08,998.1403846153846,996.5115384615384,1000.3,4,True
2020-05-09,999.8634615384616,999.3384615384616,1000.3807692307693,4,True
2020-05-10,997.7653846153846,996.5730769230769,998.6461538461539,4,True
2020-05-11,995.8403846153847,995.0230769230769,996.7576923076923,4,True
2020-05-12,995.2980769230769,994.0730769230769,996.2153846153847,4,True
2020-05-13,994.9673076923077,993.9307692307692,996.2230769230769,4,True
2020-05-14,995.5326923076923,994.4538461538461,996.7269230769231,4,True
2020-05-15,996.2971153846154,994.6923076923076,997.3384615384616,4,True
2020-05-16,997.1394230769231,995.8961538461539,997.8269230769231,4,True
2020-05-17,997.3134615384615,996.95,997.7038461538461,4,True
2020-05-18,996.9865384615384,996.2153846153847,997.75,4,True
2020-05-19,996.6500000000001,996.0461538461539,997.196153846154,4,True
2020-05-20,997.4067307692308,996.0230769230769,998.1884615384615,4,True
2020-05-21,997.4788461538462,996.4653846153847,998.0769230769231,4,True
2020-05-22,996.8788461538462,995.7884615384615,997.8423076923077,4,True
2020-05-23,997.0663461538461,995.2923076923076,998.4076923076923,4,True
2020-05-24,998.1221153846154,997.1346153846154,998.946153846154,4,True
2020-05-25,998.7182692307692,997.8692307692307,999.1846153846153,4,True
2020-05-26,999.2115384615385,998.0230769230769,999.9846153846153,4,True
2020-05-27,997.8317307692308,997.0884615384616,998.696153846154,4,True
2020-05-28,996.2721153846154,995.3576923076923,997.0307692307692,4,True
2020-05-29,996.0067307692307,995.1538461538461,996.6615384615384,4,True
2020-05-30,997.0096153846154,995.9923076923077,997.7615384615384,4,True
2020-05-31,997.2932692307693,996.0153846153847,997.9153846153847,4,True
2020-06-01,996.7,995.85,997.6115384615384,4,True
2020-06-02,996.2048076923077,994.6,997.2692307692308,4,True
2020-06-03,995.5086538461538,994.7,996.3307692307692,4,True
2020-06-04,995.9932692307692,994.6461538461539,996.7269230769231,4,True
2020-06-05,997.5211538461538,996.7384615384616,998.1230769230768,4,True
2020-06-06,999.1490384615385,998.0461538461539,1000.1730769230769,4,True
2020-06-07,998.9653846153847,997.35,1000.1923076923076,4,True
2020-06-08,997.3625,996.2384615384616,998.0038461538461,4,True
2020-06-09,996.8432692307692,995.8884615384616,997.5384615384615,4,True
2020-06-10,995.7894230769231,994.7923076923076,996.7,4,True
2020-06-11,995.6778846153846,993.6923076923076,997.2653846153847,4,True
2020-06-12,995.1576923076923,993.3423076923077,996.45,4,True
2020-06-13,994.7375,993.0692307692308,995.9807692307692,4,True
2020-06-14,996.9846153846154,995.2769230769231,998.2576923076923,4,True
2020-06-15,998.1817307692307,997.6884615384615,998.6038461538461,4,True
2020-06-16,998.5596153846154,997.9076923076923,999.2884615384615,4,True
2020-06-17,997.4596153846153,996.45,998.5346153846153,4,True
2020-06-18,996.2096153846153,995.2961538461539,996.6538461538461,4,True
2020-06-19,996.6336538461538,995.0307692307692,997.3961538461539,4,True
2020-06-20,997.6942307692308,996.2307692307692,998.5,4,True
2020-06-21,997.9759615384615,997.0653846153847,998.6076923076923,4,True
2020-06-22,997.9548076923077,996.8961538461539,998.6230769230768,4,True
2020-06-23,996.3817307692308,995.5153846153847,997.1307692307693,4,True
2020-06-24,994.9048076923077,993.8730769230768,995.8,4,True
2020-06-25,995.7682692307693,993.5807692307692,997.196153846154,4,True
2020-06-26,997.325,995.5307692307692,998.1384615384616,4,True
2020-06-27,996.4432692307693,996.25,996.55,4,True
2020-06-28,995.3442307692308,994.4807692307692,996.4538461538461,4,True
2020-06-29,995.5625,993.7346153846153,996.7730769230769,4,True
2020-06-30,996.3076923076923,995.0653846153847,997.0807692307692,4,True
2020-07-01,995.3634615384615,994.2230769230769,996.5115384615384,4,True
2020-07-02,995.4298076923077,994.0307692307692,996.3269230769231,4,True
2020-07-03,995.2086538461539,993.7192307692308,995.9692307692308,4,True
2020-07-04,995.9230769230769,994.9846153846153,996.6269230769232,4,True
2020-07-05,995.6740384615385,994.4692307692308,996.2653846153847,4,True
2020-07-06,996.1788461538462,995.0730769230769,996.946153846154,4,True
2020-07-07,996.5451923076923,995.8423076923077,997.2423076923077,4,True
2020-07-08,995.3923076923077,993.85,996.5384615384615,4,True
2020-07-09,995.7134615384615,993.2269230769231,997.3653846153846,4,True
2020-07-10,997.3759615384615,995.6461538461539,998.6846153846153,4,True
2020-07-11,997.6682692307692,996.7153846153847,998.5038461538461,4,True
2020-07-12,996.1307692307691,995.05,997.0576923076924,4,True
2020-07-13,996.8,994.7230769230769,998.2576923076923,4,True
2020-07-14,998.1221153846154,996.8538461538461,999.2076923076924,4,True
2020-07-15,998.525,997.6153846153846,999.7538461538461,4,True
2020-07-16,998.1923076923077,997.3346153846153,999.2076923076924,4,True
2020-07-17,996.8509615384615,995.6230769230768,998.0192307692308,4,True
2020-07-18,996.3826923076923,995.3192307692308,997.2346153846153,4,True
2020-07-19,996.4115384615384,994.8538461538461,997.1923076923076,4,True
2020-07-20,996.8721153846154,995.6346153846154,997.9115384615384,4,True
2020-07-21,996.8153846153846,995.5461538461539,997.7615384615384,4,True
2020-07-22,995.4115384615385,994.6076923076923,996.3576923076923,4,True
2020-07-23,995.2307692307693,993.3538461538461,996.2692307692308,4,True
2020-07-24,995.1288461538462,993.5,996.4192307692308,4,True
2020-07-25,995.9480769230769,994.1538461538461,996.9884615384616,4,True
2020-07-26,997.7259615384615,996.2807692307692,998.2653846153847,4,True
2020-07-27,998.1192307692307,996.7461538461539,999.2346153846153,4,True
2020-07-28,996.7538461538462,995.8307692307692,997.6307692307693,4,True
2020-07-29,996.6067307692307,994.6461538461539,997.8846153846154,4,True
2020-07-30,997.9596153846154,996.3769230769232,999.1038461538461,4,True
2020-07-31,998.6221153846154,996.9576923076924,999.7115384615385,4,True
2020-08-01,998.6221153846154,997.7115384615385,999.7692307692308,4,True
2020-08-02,998.1346153846155,996.6,999.2230769230769,4,True
2020-08-03,998.7759615384616,996.4923076923077,1000.2961538461539,4,True
2020-08-04,999.3384615384615,998.3307692307692,1000.3538461538461,4,True
2020-08-05,998.2692307692307,997.1307692307693,998.9307692307692,4,True
2020-08-06,997.026923076923,995.5461538461539,997.8730769230768,4,True
2020-08-07,998.3673076923077,996.1115384615384,999.9576923076924,4,True
2020-08-08,999.489423076923,998.6,1000.3423076923077,4,True
2020-08-09,998.8336538461539,997.7730769230769,999.5384615384615,4,True
2020-08-10,997.1509615384615,996.2615384615384,997.9384615384615,4,True
2020-08-11,994.0471153846154,993.1846153846153,994.8807692307693,4,True
2020-08-12,992.8538461538461,990.7730769230769,994.2923076923076,4,True
2020-08-13,992.5509615384615,991.0615384615385,993.7884615384615,4,True
2020-08-14,993.0826923076922,991.7615384615384,993.7846153846153,4,True
2020-08-15,993.2288461538461,992.3,994.0076923076923,4,True
2020-08-16,993.873076923077,992.2461538461539,995.2846153846153,4,True
2020-08-17,993.2634615384616,991.3,994.6807692307692,4,True
2020-08-18,992.876923076923,992.0076923076923,993.5615384615385,4,True
2020-08-19,991.4807692307692,989.9346153846153,992.8,4,True
2020-08-20,993.5865384615386,991.2384615384616,995.2,4,True
2020-08-21,995.5278846153847,994.0307692307692,996.5230769230769,4,True
2020-08-22,998.5326923076923,997.0846153846153,999.6076923076923,4,True
2020-08-23,997.9057692307692,996.9192307692308,998.8192307692308,4,True
2020-08-24,996.1384615384616,995.0961538461539,997.1,4,True
2020-08-25,994.2086538461539,993.1730769230769,995.2192307692308,4,True
2020-08-26,994.4317307692307,992.7923076923076,995.5192307692308,4,True
2020-08-27,994.8336538461538,993.3423076923077,996.0115384615384,4,True
2020-08-28,995.9,994.1846153846153,997.4307692307692,4,True
2020-08-29,995.5134615384616,994.05,996.3884615384616,4,True
2020-08-30,993.0038461538461,991.4846153846153,993.9269230769231,4,True
2020-08-31,994.7471153846154,991.7538461538461,996.4615384615385,4,True
2020-09-01,996.5,995.1923076923076,997.9653846153847,4,True
2020-09-02,995.9211538461539,995.2038461538461,996.8730769230768,4,True
2020-09-03,994.7653846153846,993.4076923076923,995.553846153846,4,True
2020-09-04,994.8240384615385,992.6269230769232,996.5307692307692,4,True
2020-09-05,996.0884615384615,994.6807692307692,997.0307692307692,4,True
2020-09-06,995.1875,993.3615384615384,996.3538461538461,4,True
2020-09-07,993.1528846153847,992.35,994.0923076923077,4,True
2020-09-08,992.883653846154,991.2038461538461,994.4384615384615,4,True
2020-09-09,994.175,992.2230769230769,995.5384615384615,4,True
2020-09-10,996.2298076923078,994.8384615384616,997.4615384615385,4,True
2020-09-11,994.8365384615385,994.1653846153847,995.1769230769231,4,True
2020-09-12,993.060576923077,991.9038461538461,994.3769230769232,4,True
2020-09-13,994.4721153846153,991.7961538461539,996.2230769230769,4,True
2020-09-14,996.5528846153846,995.3076923076924,997.6192307692307,4,True
2020-09-15,997.2048076923077,996.5269230769231,998.1730769230769,4,True
2020-09-16,995.5971153846153,994.9961538461539,996.3192307692308,4,True
2020-09-17,993.7365384615384,992.7615384615384,994.7115384615385,4,True
2020-09-18,993.7721153846154,991.85,995.4115384615384,4,True
2020-09-19,993.651923076923,992.3230769230769,994.7230769230769,4,True
2020-09-20,994.1538461538462,993.1384615384616,995.6576923076923,4,True
2020-09-21,994.9846153846154,994.1807692307692,996.0230769230769,4,True
2020-09-22,994.2673076923077,992.8076923076924,995.8230769230769,4,True
2020-09-23,995.6173076923077,993.7,997.4346153846153,4,True
2020-09-24,997.2442307692309,996.5769230769231,998.3076923076924,4,True
2020-09-25,998.1778846153846,996.6,999.6269230769232,4,True
2020-09-26,995.551923076923,993.7307692307692,996.6038461538461,4,True
2020-09-27,992.9317307692307,992.0038461538461,994.2346153846153,4,True
2020-09-28,991.810576923077,990.4961538461539,993.2461538461539,4,True
2020-09-29,993.2673076923077,991.4576923076924,994.7192307692308,4,True
2020-09-30,995.1798076923077,993.4538461538461,996.6807692307692,4,True
2020-10-01,995.2701923076922,994.6153846153846,996.1923076923076,4,True
2020-10-02,993.8336538461539,993.196153846154,994.4884615384616,4,True
2020-10-03,993.5653846153846,991.4692307692308,995.3153846153847,4,True
2020-10-04,995.4221153846154,994.196153846154,996.6,4,True
2020-10-05,995.5413461538462,994.9076923076923,996.0192307692308,4,True
2020-10-06,995.0971153846153,994.0346153846153,996.3461538461539,4,True
2020-10-07,994.8009615384615,993.2076923076924,995.9846153846153,4,True
2020-10-08,995.6317307692307,993.9846153846153,996.7615384615384,4,True
2020-10-09,997.0153846153846,996.2846153846153,998.5346153846153,4,True
2020-10-10,996.2355769230769,994.9576923076924,997.2923076923076,4,True
2020-10-11,994.2192307692308,993.3461538461539,995.9153846153847,4,True
2020-10-12,994.1038461538462,992.7615384615384,995.5692307692308,4,True
2020-10-13,993.9278846153846,993.0923076923077,995.0692307692308,4,True
2020-10-14,993.314423076923,992.5346153846153,994.9615384615385,4,True
2020-10-15,994.2125,992.8192307692308,994.9923076923077,4,True
2020-10-16,995.0990384615385,993.6576923076923,996.3384615384616,4,True
2020-10-17,994.7057692307692,993.9961538461539,996.0807692307692,4,True
2020-10-18,994.1692307692308,993.25,995.3846153846154,4,True
2020-10-19,992.5259615384615,991.4423076923076,993.3076923076924,4,True
2020-10-20,992.1596153846153,990.5038461538461,993.6615384615384,4,True
2020-10-21,993.8951923076922,992.0,995.1269230769232,4,True
2020-10-22,995.3663461538462,995.1076923076923,995.9269230769231,4,True
2020-10-23,995.1644230769231,994.3115384615385,995.5730769230769,4,True
2020-10-24,994.2576923076923,992.6807692307692,995.4692307692308,4,True
2020-10-25,992.6557692307692,991.2307692307692,994.2230769230769,4,True
2020-10-26,991.6326923076923,989.7923076923076,993.7846153846153,4,True
2020-10-27,990.676923076923,989.3615384615384,992.0730769230769,4,True
2020-10-28,989.3365384615385,987.7692307692308,990.7307692307692,4,True
2020-10-29,988.4740384615385,987.2038461538461,990.4153846153847,4,True
2020-10-30,990.4259615384616,988.2192307692308,992.5653846153847,4,True
2020-10-31,992.4451923076923,989.5,995.6692307692308,4,True
2020-11-01,995.125,994.2038461538461,995.8769230769232,4,True
2020-11-02,992.8413461538462,991.3576923076923,994.4807692307692,4,True
2020-11-03,991.9182692307693,989.7692307692308,994.1461538461539,4,True
2020-11-04,993.2942307692308,991.5884615384616,995.0807692307692,4,True
2020-11-05,992.4855769230769,990.4653846153847,993.5846153846153,4,True
2020-11-06,990.8365384615385,989.4230769230769,991.8230769230769,4,True
2020-11-07,992.1365384615385,990.8076923076924,993.4538461538461,4,True
2020-11-08,994.3538461538462,992.8461538461539,995.6076923076923,4,True
2020-11-09,994.1836538461538,993.0807692307692,994.9615384615385,4,True
2020-11-10,993.4134615384615,992.1653846153847,994.4615384615385,4,True
2020-11-11,993.3721153846154,992.2653846153847,994.7269230769231,4,True
2020-11-12,993.8038461538462,992.8807692307693,995.2769230769231,4,True
2020-11-13,993.9365384615385,993.0076923076923,995.1615384615384,4,True
2020-11-14,992.6480769230769,991.8807692307693,993.8269230769231,4,True
2020-11-15,992.1663461538461,990.8538461538461,993.2346153846153,4,True
2020-11-16,993.4240384615384,992.2269230769231,995.0153846153847,4,True
2020-11-17,992.4778846153846,990.8153846153847,993.8730769230768,4,True
2020-11-18,992.0144230769231,990.4653846153847,993.3153846153847,4,True
2020-11-19,993.4625,991.0576923076924,995.2884615384615,4,True
2020-11-20,994.0413461538461,992.5576923076924,995.4423076923076,4,True
2020-11-21,993.4576923076922,992.3615384615384,994.7807692307692,4,True
2020-11-22,992.5355769230769,990.5769230769231,994.2307692307692,4,True
2020-11-23,993.8798076923077,992.2153846153847,995.6038461538461,4,True
2020-11-24,994.6288461538461,993.3884615384616,996.053846153846,4,True
2020-11-25,993.3846153846154,991.7923076923076,994.6038461538461,4,True
2020-11-26,991.260576923077,990.2576923076923,992.6576923076923,4,True
2020-11-27,991.6355769230769,989.7807692307692,992.7538461538461,4,True
2020-11-28,993.4173076923078,992.1461538461539,994.8961538461539,4,True
2020-11-29,994.4836538461539,993.8769230769232,995.3269230769231,4,True
2020-11-30,994.1701923076923,993.6307692307693,994.9269230769231,4,True
2020-12-01,994.0615384615385,992.9384615384615,994.9807692307692,4,True
2020-12-02,993.4759615384615,992.1384615384616,994.2,4,True
2020-12-03,993.3615384615384,992.4307692307692,994.2846153846153,4,True
2020-12-04,993.9211538461539,992.0076923076923,994.9038461538461,4,True
2020-12-05,995.2173076923077,993.3846153846154,996.2807692307692,4,True
2020-12-06,995.0375,994.1576923076923,995.7692307692308,4,True
2020-12-07,995.0163461538461,994.3307692307692,995.5384615384615,4,True
2020-12-08,996.0384615384615,994.8884615384616,997.1730769230769,4,True
2020-12-09,996.5048076923077,995.6307692307693,997.3115384615385,4,True
2020-12-10,994.0673076923076,992.7038461538461,995.2423076923077,4,True
2020-12-11,992.5730769230769,991.3807692307693,993.9653846153847,4,True
2020-12-12,992.3201923076923,989.7384615384616,994.5461538461539,4,True
2020-12-13,994.1201923076923,992.3346153846153,995.4346153846153,4,True
2020-12-14,995.3240384615384,994.5384615384615,996.4846153846153,4,True
2020-12-15,993.8875,992.7115384615385,994.8692307692307,4,True
2020-12-16,993.4663461538462,992.0269230769231,994.9653846153847,4,True
2020-12-17,994.5221153846154,992.5730769230769,995.4384615384615,4,True
2020-12-18,995.0875,994.2923076923076,996.0807692307692,4,True
2020-12-19,993.8961538461539,993.45,994.5769230769231,4,True
2020-12-20,991.9548076923077,990.4153846153847,993.5769230769231,4,True
2020-12-21,992.8048076923077,990.6730769230769,994.5038461538461,4,True
2020-12-22,994.075,993.2423076923077,994.65,4,True
2020-12-23,993.8249999999999,992.8230769230769,994.7846153846153,4,True
2020-12-24,992.7086538461539,991.3461538461539,993.6807692307692,4,True
2020-12-25,991.498076923077,990.1346153846154,992.3769230769232,4,True
2020-12-26,990.0163461538461,988.2346153846153,991.4230769230769,4,True
2020-12-27,989.633653846154,987.2576923076923,990.8461538461539,4,True
2020-12-28,992.8846153846154,990.946153846154,994.1923076923076,4,True
2020-12-29,993.4096153846153,992.55,994.7807692307692,4,True
2020-12-30,992.65,991.5884615384616,993.9730769230769,4,True
2020-12-31,992.4548076923077,990.4923076923077,993.9807692307692,4,True
2021-01-01,994.4403846153846,991.9807692307692,996.0384615384615,4,True
2021-01-02,995.3432692307692,994.9269230769231,995.9269230769231,4,True
2021-01-03,994.4009615384616,993.8153846153847,995.2,4,True
2021-01-04,992.2019230769231,991.6461538461539,992.7038461538461,4,True
2021-01-05,991.5221153846154,990.0307692307692,993.0884615384616,4,True
2021-01-06,992.9336538461539,990.7653846153847,994.1230769230768,4,True
2021-01-07,995.2105769230769,993.1807692307692,996.4153846153847,4,True
2021-01-08,996.3086538461538,995.25,997.2846153846153,4,True
2021-01-09,995.5288461538462,994.3923076923077,996.4038461538461,4,True
2021-01-10,995.4432692307693,993.9884615384616,996.7461538461539,4,True
2021-01-11,995.5798076923077,993.6846153846153,996.6384615384616,4,True
2021-01-12,995.4105769230769,993.8769230769232,996.1230769230768,4,True
2021-01-13,994.5759615384616,992.8615384615384,995.696153846154,4,True
2021-01-14,994.075,992.696153846154,994.8076923076924,4,True
2021-01-15,993.65,992.3730769230768,994.45,4,True
2021-01-16,992.3298076923077,991.1846153846153,994.0076923076923,4,True
2021-01-17,991.5471153846154,990.0115384615384,992.8269230769231,4,True
2021-01-18,992.2865384615384,989.4923076923077,993.7576923076923,4,True
2021-01-19,994.4384615384615,993.1153846153846,995.3807692307693,4,True
2021-01-20,994.801923076923,993.4346153846153,996.0923076923077,4,True
2021-01-21,994.4326923076924,993.2423076923077,995.5423076923076,4,True
2021-01-22,994.8394230769231,993.1692307692308,995.7769230769231,4,True
2021-01-23,995.6711538461539,994.8807692307693,996.1692307692308,4,True
2021-01-24,994.7298076923078,994.1384615384616,995.2,4,True
2021-01-25,993.9182692307693,992.45,994.8769230769232,4,True
2021-01-26,993.6519230769231,992.5384615384615,994.9961538461539,4,True
2021-01-27,994.1884615384615,992.7923076923076,995.0115384615384,4,True
2021-01-28,993.1596153846153,991.9346153846153,993.8846153846154,4,True
2021-01-29,992.1134615384615,990.9346153846153,993.2615384615384,4,True
2021-01-30,992.2403846153845,990.1423076923077,993.8692307692307,4,True
2021-01-31,994.1086538461539,991.4038461538461,995.5,4,True
2021-02-01,994.5365384615384,993.8346153846153,995.0807692307692,4,True
2021-02-02,994.2048076923077,993.0576923076924,995.1730769230769,4,True
2021-02-03,994.4365384615385,992.8076923076924,995.6153846153846,4,True
2021-02-04,994.7096153846153,992.2846153846153,996.0076923076923,4,True
2021-02-05,994.8807692307693,994.1269230769232,995.7153846153847,4,True
2021-02-06,994.3788461538461,993.3653846153846,995.8307692307692,4,True
2021-02-07,994.3855769230769,993.4230769230769,995.4076923076923,4,True
2021-02-08,993.5144230769231,992.053846153846,994.4038461538461,4,True
2021-02-09,992.9375,991.946153846154,993.8307692307692,4,True
2021-02-10,991.8509615384615,990.1115384615384,993.1115384615384,4,True
2021-02-11,991.2019230769231,989.6576923076923,991.9846153846153,4,True
2021-02-12,991.9769230769231,990.7538461538461,993.2307692307692,4,True
2021-02-13,992.8346153846154,991.446153846154,993.6461538461539,4,True
2021-02-14,992.560576923077,991.2153846153847,993.4846153846153,4,True
2021-02-15,992.6682692307693,991.0615384615385,993.8230769230769,4,True
2021-02-16,992.7634615384616,991.1192307692307,993.9730769230769,4,True
2021-02-17,991.9951923076924,990.35,993.4230769230769,4,True
2021-02-18,992.2086538461538,990.7038461538461,993.553846153846,4,True
2021-02-19,992.7394230769231,991.1038461538461,994.4307692307692,4,True
2021-02-20,992.7278846153846,990.9769230769231,994.553846153846,4,True
2021-02-21,992.4528846153846,991.0615384615385,993.9576923076924,4,True
2021-02-22,992.4163461538461,989.1423076923077,993.9769230769231,4,True
2021-02-23,994.1423076923077,993.0423076923076,994.9538461538461,4,True
2021-02-24,994.9221153846154,993.3076923076924,995.9038461538461,4,True
2021-02-25,994.5230769230769,993.2769230769231,995.2538461538461,4,True
2021-02-26,993.1096153846154,992.2038461538461,994.0461538461539,4,True
2021-02-27,992.6134615384615,991.4115384615384,993.2576923076923,4,True
2021-02-28,992.7451923076924,991.4961538461539,993.2615384615384,4,True
2021-03-01,991.5173076923077,991.1269230769232,991.9038461538461,4,True
2021-03-02,991.0384615384614,989.5923076923077,991.7538461538461,4,True
2021-03-03,993.4144230769231,991.1269230769232,994.7807692307692,4,True
2021-03-04,994.5394230769231,992.7730769230769,995.9846153846153,4,True
2021-03-05,993.3923076923077,991.6576923076923,994.5346153846153,4,True
2021-03-06,993.5211538461539,992.0730769230769,994.3192307692308,4,True
2021-03-07,994.1778846153846,992.4538461538461,995.2153846153847,4,True
2021-03-08,994.6884615384615,993.8807692307693,995.4307692307692,4,True
2021-03-09,995.0384615384615,993.8769230769232,995.7076923076924,4,True
2021-03-10,995.2009615384616,994.2461538461539,995.5384615384615,4,True
2021-03-11,994.5134615384616,993.45,995.3153846153847,4,True
2021-03-12,994.6115384615384,992.8153846153847,995.4346153846153,4,True
2021-03-13,995.1971153846154,993.5384615384615,996.0692307692308,4,True
2021-03-14,994.4807692307693,993.2461538461539,995.7461538461539,4,True
2021-03-15,993.7230769230769,991.6769230769231,994.8115384615385,4,True
2021-03-16,994.1490384615385,993.4423076923076,994.7038461538461,4,True
2021-03-17,993.7490384615385,992.5846153846153,994.4423076923076,4,True
2021-03-18,993.7336538461539,992.4038461538461,994.946153846154,4,True
2021-03-19,993.2221153846153,991.6269230769232,994.3961538461539,4,True
2021-03-20,992.2788461538462,990.5192307692308,993.7923076923076,4,True
2021-03-21,993.6471153846154,991.4961538461539,994.8884615384616,4,True
2021-03-22,994.9461538461538,993.1115384615384,996.2769230769231,4,True
2021-03-23,995.0259615384615,993.8615384615384,995.7807692307692,4,True
2021-03-24,994.6394230769231,993.4192307692308,995.4269230769231,4,True
2021-03-25,994.5038461538461,992.8076923076924,995.6346153846154,4,True
2021-03-26,994.1192307692307,993.2346153846153,995.0730769230769,4,True
2021-03-27,993.8817307692308,992.7692307692308,994.8884615384616,4,True
2021-03-28,993.9692307692308,992.8346153846153,995.2846153846153,4,True
2021-03-29,994.2692307692308,992.9153846153847,994.9192307692308,4,True
2021-03-30,994.8663461538462,993.8538461538461,995.4807692307692,4,True
2021-03-31,994.935576923077,994.0269230769231,995.4269230769231,4,True
2021-04-01,993.8355769230769,993.2192307692308,994.7884615384615,4,True
2021-04-02,992.589423076923,990.6846153846153,993.3961538461539,4,True
2021-04-03,994.0221153846154,992.2769230769231,994.7423076923077,4,True
2021-04-04,994.1548076923077,993.6076923076923,994.6615384615384,4,True
2021-04-05,993.8355769230769,992.803846153846,994.2846153846153,4,True
2021-04-06,994.1692307692308,993.3076923076924,995.0076923076923,4,True
2021-04-07,994.5278846153846,993.1384615384616,995.2346153846153,4,True
2021-04-08,994.5740384615384,993.6730769230769,995.5384615384615,4,True
2021-04-09,993.8163461538461,992.1076923076923,994.7307692307692,4,True
2021-04-10,994.4596153846154,994.0384615384615,994.9807692307692,4,True
2021-04-11,993.8173076923077,993.1307692307693,994.6076923076923,4,True
2021-04-12,994.9009615384615,992.3923076923077,996.2576923076923,4,True
2021-04-13,996.1346153846154,994.4076923076923,996.9538461538461,4,True
2021-04-14,996.5846153846153,995.9230769230769,997.2384615384616,4,True
2021-04-15,995.0375,994.2230769230769,995.9,4,True
2021-04-16,993.8173076923077,992.9653846153847,994.5923076923077,4,True
2021-04-17,994.2596153846154,992.8346153846153,995.0461538461539,4,True
2021-04-18,995.0125,994.1692307692308,995.5692307692308,4,True
2021-04-19,996.1605769230769,994.8653846153846,996.8884615384616,4,True
2021-04-20,996.3028846153846,995.2153846153847,996.9538461538461,4,True
2021-04-21,995.9317307692307,995.0653846153847,996.7538461538461,4,True
2021-04-22,994.5788461538461,993.6038461538461,995.65,4,True
2021-04-23,994.4,992.5384615384615,995.6346153846154,4,True
2021-04-24,994.8538461538461,993.6769230769231,995.9538461538461,4,True
2021-04-25,993.9432692307691,992.6884615384615,994.7269230769231,4,True
2021-04-26,994.2788461538462,993.3307692307692,994.6423076923077,4,True
2021-04-27,994.2903846153846,993.3730769230768,994.7192307692308,4,True
2021-04-28,994.8557692307692,993.7115384615385,995.7307692307692,4,True
2021-04-29,995.9942307692307,994.4192307692308,996.8,4,True
2021-04-30,996.9326923076924,996.1153846153846,997.85,4,True
2021-05-01,997.1451923076922,996.2730769230769,997.8846153846154,4,True
2021-05-02,996.1567307692308,995.553846153846,996.8730769230768,4,True
2021-05-03,995.4692307692308,994.2538461538461,996.5384615384615,4,True
2021-05-04,996.4596153846154,995.4884615384616,997.3153846153847,4,True
2021-05-05,995.7942307692308,993.9153846153847,997.4730769230769,4,True
2021-05-06,995.2298076923076,993.7615384615384,996.5730769230769,4,True
2021-05-07,995.8336538461539,994.7461538461539,996.9230769230769,4,True
2021-05-08,997.4288461538462,996.1076923076923,999.3153846153847,4,True
2021-05-09,998.5451923076923,998.0730769230769,998.85,4,True
2021-05-10,997.3134615384615,996.4615384615385,997.9807692307692,4,True
2021-05-11,996.7365384615384,995.8730769230768,997.5692307692308,4,True
2021-05-12,997.1980769230769,996.3346153846153,997.8576923076923,4,True
2021-05-13,996.948076923077,996.2692307692308,997.5269230769231,4,True
2021-05-14,996.5201923076922,996.0846153846153,996.7884615384615,4,True
2021-05-15,996.5625,995.6269230769232,997.1269230769232,4,True
2021-05-16,997.1326923076923,995.946153846154,997.6923076923076,4,True
2021-05-17,997.8,996.6192307692307,998.5461538461539,4,True
2021-05-18,997.9875,997.1384615384616,998.7846153846153,4,True
2021-05-19,997.1711538461539,995.9538461538461,998.2846153846153,4,True
2021-05-20,995.6086538461539,994.6884615384615,996.2538461538461,4,True
2021-05-21,995.4557692307692,993.7423076923077,996.3884615384616,4,True
2021-05-22,995.3567307692308,993.6846153846153,996.6230769230768,4,True
2021-05-23,995.5548076923077,994.1653846153847,996.2192307692308,4,True
2021-05-24,996.6182692307692,995.3230769230769,997.5269230769231,4,True
2021-05-25,997.4663461538462,996.0,998.4346153846153,4,True
2021-05-26,998.2586538461538,997.0653846153847,998.75,4,True
2021-05-27,997.9913461538462,996.8961538461539,999.2961538461539,4,True
2021-05-28,995.2076923076924,994.1,996.6769230769231,4,True
2021-05-29,993.6711538461539,992.4807692307692,994.9576923076924,4,True
2021-05-30,994.9846153846154,992.7653846153847,996.6423076923077,4,True
2021-05-31,996.8548076923076,995.1538461538461,997.8961538461539,4,True
2021-06-01,996.7567307692308,995.5769230769231,997.7384615384616,4,True
2021-06-02,994.7403846153846,993.8269230769231,995.8192307692308,4,True
2021-06-03,994.998076923077,992.9384615384615,996.7423076923077,4,True
2021-06-04,996.3336538461539,995.3461538461539,997.3961538461539,4,True
2021-06-05,996.0221153846154,995.2192307692308,996.6192307692307,4,True
2021-06-06,995.8125,994.3692307692307,996.6384615384616,4,True
2021-06-07,995.5701923076923,994.7461538461539,995.9269230769231,4,True
2021-06-08,996.4730769230769,995.3615384615384,997.0346153846153,4,True
2021-06-09,996.8596153846154,995.8269230769231,997.9346153846153,4,True
2021-06-10,995.939423076923,994.5423076923076,997.053846153846,4,True
2021-06-11,995.7307692307692,994.4,996.553846153846,4,True
2021-06-12,996.8394230769231,995.1461538461539,998.0730769230769,4,True
2021-06-13,998.1240384615385,996.9346153846153,998.8076923076924,4,True
2021-06-14,997.928846153846,996.6807692307692,998.9076923076923,4,True
2021-06-15,998.6230769230768,997.0,999.553846153846,4,True
2021-06-16,998.6288461538461,997.803846153846,999.2653846153847,4,True
2021-06-17,998.0894230769231,997.0115384615384,998.8461538461539,4,True
2021-06-18,998.5817307692308,996.9884615384616,999.696153846154,4,True
2021-06-19,998.9144230769231,997.6230769230768,999.8307692307692,4,True
2021-06-20,999.6163461538462,998.3615384615384,1000.0692307692308,4,True
2021-06-21,1000.0115384615384,998.8346153846153,1000.6576923076923,4,True
2021-06-22,998.9576923076924,997.65,999.6461538461539,4,True
2021-06-23,998.1326923076923,997.1076923076923,999.0961538461539,4,True
2021-06-24,996.8798076923076,995.6538461538461,997.6846153846153,4,True
2021-06-25,996.2423076923077,994.4884615384616,997.5307692307692,4,True
2021-06-26,995.7067307692307,994.2038461538461,996.8692307692307,4,True
2021-06-27,995.3115384615385,993.5307692307692,996.1,4,True
2021-06-28,997.4528846153846,994.6076923076923,999.446153846154,4,True
2021-06-29,999.4769230769231,997.7076923076924,1000.6346153846154,4,True
2021-06-30,1001.8836538461538,999.9769230769231,1002.6115384615384,4,True
2021-07-01,1002.1721153846154,1001.3384615384616,1002.9653846153847,4,True
2021-07-02,1000.4778846153846,999.6115384615384,1001.2461538461539,4,True
2021-07-03,1000.3490384615385,998.2653846153847,1001.8269230769231,4,True
2021-07-04,1000.0990384615385,999.2692307692308,1000.9769230769231,4,True
2021-07-05,999.6057692307693,998.3115384615385,1000.6115384615384,4,True
2021-07-06,1000.2096153846154,998.7576923076923,1000.9307692307692,4,True
2021-07-07,998.2375,997.7038461538461,998.7807692307692,4,True
2021-07-08,997.4403846153846,995.4692307692308,998.8192307692308,4,True
2021-07-09,997.5855769230769,996.3230769230769,998.3538461538461,4,True
2021-07-10,997.2778846153847,996.0423076923076,997.7230769230769,4,True
2021-07-11,997.1346153846154,995.4961538461539,998.0153846153847,4,True
2021-07-12,998.4442307692308,997.05,999.35,4,True
2021-07-13,998.8778846153846,998.1538461538461,999.3423076923077,4,True
2021-07-14,998.7173076923077,997.8307692307692,999.35,4,True
2021-07-15,997.7865384615385,996.7884615384615,998.4,4,True
2021-07-16,996.7240384615385,995.4884615384616,997.3576923076923,4,True
2021-07-17,997.0413461538462,995.3769230769232,997.75,4,True
2021-07-18,997.8278846153846,996.4115384615384,998.7884615384615,4,True
2021-07-19,999.4086538461538,998.2307692307692,1000.2653846153847,4,True
2021-07-20,999.7288461538461,998.9615384615385,1000.1807692307692,4,True
2021-07-21,999.564423076923,997.9730769230769,1000.9269230769231,4,True
2021-07-22,1001.2269230769231,999.7,1002.1807692307692,4,True
2021-07-23,1000.7,999.7192307692308,1001.6807692307692,4,True
2021-07-24,997.9634615384616,997.1230769230768,998.3076923076924,4,True
2021-07-25,996.9932692307692,995.9653846153847,997.6307692307693,4,True
2021-07-26,996.8134615384615,995.3346153846153,997.553846153846,4,True
2021-07-27,997.1942307692308,996.0576923076924,998.1230769230768,4,True
2021-07-28,997.2394230769231,996.2923076923076,998.2076923076924,4,True
2021-07-29,997.4519230769231,995.6230769230768,998.303846153846,4,True
2021-07-30,999.675,997.7423076923077,1000.8769230769232,4,True
2021-07-31,1000.185576923077,999.2384615384616,1000.6153846153846,4,True
2021-08-01,1000.8634615384615,999.3615384615384,1001.9384615384615,4,True
2021-08-02,1002.0259615384616,1000.6346153846154,1002.8769230769232,4,True
2021-08-03,1001.4451923076923,1000.6769230769231,1002.25,4,True
2021-08-04,1000.2730769230769,998.5730769230769,1001.2692307692308,4,True
2021-08-05,1000.6038461538461,998.5423076923076,1001.7384615384616,4,True
2021-08-06,999.8759615384615,999.4730769230769,1000.3384615384616,4,True
2021-08-07,997.9701923076923,997.1923076923076,998.8576923076923,4,True
2021-08-08,996.0634615384615,994.6423076923077,996.9269230769231,4,True
2021-08-09,996.7923076923078,994.8269230769231,997.8423076923077,4,True
2021-08-10,997.6528846153847,995.6384615384616,998.9346153846153,4,True
2021-08-11,998.4961538461539,997.3461538461539,999.2346153846153,4,True
2021-08-12,998.2067307692307,996.6769230769231,999.1192307692307,4,True
2021-08-13,997.9461538461538,997.2384615384616,998.2615384615384,4,True
2021-08-14,997.1730769230769,995.8230769230769,998.1076923076923,4,True
2021-08-15,996.8778846153846,995.7,997.7115384615385,4,True
2021-08-16,996.0192307692307,994.9423076923076,997.2923076923076,4,True
2021-08-17,996.3923076923077,994.9038461538461,997.4,4,True
2021-08-18,997.0509615384615,995.1115384615384,998.446153846154,4,True
2021-08-19,996.4692307692308,995.9115384615384,997.053846153846,4,True
2021-08-20,993.6153846153846,992.3538461538461,994.4730769230769,4,True
2021-08-21,992.9788461538461,990.4230769230769,994.1730769230769,4,True
2021-08-22,994.3471153846153,993.2769230769231,995.6269230769232,4,True
2021-08-23,992.5557692307692,991.5076923076923,993.5615384615385,4,True
2021-08-24,990.9798076923078,989.9961538461539,991.5038461538461,4,True
2021-08-25,991.1038461538462,989.196153846154,992.6692307692308,4,True
2021-08-26,991.9653846153846,989.3846153846154,993.6423076923077,4,True
2021-08-27,993.4076923076923,991.5269230769231,994.8269230769231,4,True
2021-08-28,995.0173076923077,993.2,996.8807692307693,4,True
2021-08-29,995.9740384615384,994.6846153846153,996.6692307692308,4,True
2021-08-30,997.0913461538462,996.6576923076923,997.7115384615385,4,True
2021-08-31,996.0653846153846,995.4923076923077,997.0807692307692,4,True
2021-09-01,996.5461538461539,995.15,997.7230769230769,4,True
2021-09-02,996.725,995.9076923076923,997.3923076923077,4,True
2021-09-03,995.7788461538462,994.4115384615384,997.0615384615385,4,True
2021-09-04,993.8384615384616,992.5884615384616,995.2076923076924,4,True
2021-09-05,993.5375,991.6423076923077,994.7384615384616,4,True
2021-09-06,994.75,992.5115384615384,996.8653846153846,4,True
2021-09-07,995.4211538461539,994.5423076923076,996.3153846153847,4,True
2021-09-08,995.0384615384615,994.3115384615385,995.6153846153846,4,True
2021-09-09,994.9903846153846,993.7923076923076,996.4076923076923,4,True
2021-09-10,995.1817307692307,993.5192307692308,996.3115384615385,4,True
2021-09-11,996.1211538461538,994.303846153846,997.4846153846153,4,True
2021-09-12,997.5028846153846,996.3346153846153,998.2538461538461,4,True
2021-09-13,998.1673076923076,997.4038461538461,999.1461538461539,4,True
2021-09-14,996.4990384615385,995.7230769230769,997.5384615384615,4,True
2021-09-15,995.8298076923077,993.0692307692308,997.2884615384615,4,True
2021-09-16,998.0038461538462,996.3076923076924,999.3076923076924,4,True
2021-09-17,998.7673076923077,997.9538461538461,999.6153846153846,4,True
2021-09-18,996.623076923077,994.6923076923076,997.3730769230768,4,True
2021-09-19,993.8788461538461,992.803846153846,994.8269230769231,4,True
2021-09-20,992.975,991.2961538461539,994.3346153846153,4,True
2021-09-21,994.4826923076923,991.7423076923077,995.7884615384615,4,True
2021-09-22,995.5980769230769,994.8538461538461,996.5,4,True
2021-09-23,995.3721153846154,994.446153846154,996.1230769230768,4,True
2021-09-24,996.7971153846154,995.2307692307692,997.9423076923076,4,True
2021-09-25,998.5230769230769,997.7576923076923,999.6115384615384,4,True
2021-09-26,998.3682692307692,997.7846153846153,998.9346153846153,4,True
2021-09-27,997.0701923076923,995.6846153846153,998.5307692307692,4,True
2021-09-28,994.873076923077,993.7846153846153,995.8346153846153,4,True
2021-09-29,994.2105769230769,993.2538461538461,995.1115384615384,4,True
2021-09-30,994.55,993.4423076923076,995.6653846153847,4,True
2021-10-01,993.7096153846154,992.7769230769231,994.7230769230769,4,True
2021-10-02,992.9028846153847,991.1307692307693,994.4730769230769,4,True
2021-10-03,990.935576923077,989.7846153846153,991.8653846153846,4,True
2021-10-04,991.4288461538462,990.0076923076923,993.1384615384616,4,True
2021-10-05,992.8192307692308,991.4423076923076,994.0230769230769,4,True
2021-10-06,994.248076923077,993.1653846153847,994.6807692307692,4,True
2021-10-07,994.464423076923,993.7576923076923,995.7576923076923,4,True
2021-10-08,993.3980769230769,992.0692307692308,994.2384615384616,4,True
2021-10-09,992.573076923077,990.6461538461539,993.7076923076924,4,True
2021-10-10,993.175,991.8,994.5346153846153,4,True
2021-10-11,993.7201923076923,992.2692307692308,995.1076923076923,4,True
2021-10-12,994.6740384615384,993.2846153846153,996.2961538461539,4,True
2021-10-13,992.9990384615385,991.0653846153847,993.8538461538461,4,True
2021-10-14,990.5875000000001,989.0576923076924,992.2384615384616,4,True
2021-10-15,991.0355769230769,988.9769230769231,992.9769230769231,4,True
2021-10-16,992.6951923076923,991.6115384615384,993.7153846153847,4,True
2021-10-17,994.2682692307692,992.6192307692307,995.3961538461539,4,True
2021-10-18,994.9384615384615,994.05,995.8538461538461,4,True
2021-10-19,994.9576923076922,993.65,995.9115384615384,4,True
2021-10-20,996.1134615384615,994.4538461538461,997.4346153846153,4,True
2021-10-21,995.3423076923077,993.9115384615384,996.1038461538461,4,True
2021-10-22,993.5134615384616,992.4961538461539,995.0692307692308,4,True
2021-10-23,992.5278846153847,990.9884615384616,994.6115384615384,4,True
2021-10-24,992.4875,990.0384615384615,994.6346153846154,4,True
2021-10-25,993.7355769230769,991.4153846153847,995.6384615384616,4,True
2021-10-26,995.3,993.15,996.8807692307693,4,True
2021-10-27,995.7057692307692,994.7923076923076,997.0269230769231,4,True
2021-10-28,996.2038461538461,995.2269230769231,997.1846153846153,4,True
2021-10-29,996.001923076923,994.8884615384616,996.9807692307692,4,True
2021-10-30,994.1826923076923,993.0384615384615,994.8461538461539,4,True
2021-10-31,993.9403846153846,992.9076923076923,995.2730769230769,4,True
2021-11-01,993.7548076923076,992.2423076923077,995.1,4,True
2021-11-02,993.5759615384616,992.15,995.3653846153846,4,True
2021-11-03,992.3076923076924,991.1076923076923,993.6,4,True
2021-11-04,991.5759615384616,990.2615384615384,992.7653846153847,4,True
2021-11-05,992.251923076923,990.9538461538461,993.8384615384616,4,True
2021-11-06,994.0211538461538,992.9846153846153,995.6846153846153,4,True
2021-11-07,993.8586538461539,992.85,995.1692307692308,4,True
2021-11-08,993.564423076923,992.1346153846154,995.3423076923077,4,True
2021-11-09,993.7125000000001,992.2192307692308,994.9384615384615,4,True
2021-11-10,992.5442307692308,991.1807692307692,994.3538461538461,4,True
2021-11-11,992.9951923076924,991.5192307692308,994.8576923076923,4,True
2021-11-12,993.5721153846154,991.9884615384616,995.3615384615384,4,True
2021-11-13,992.9875,991.7230769230769,994.6,4,True
2021-11-14,991.6192307692309,990.5115384615384,993.2653846153847,4,True
2021-11-15,991.2509615384615,989.7692307692308,993.3269230769231,4,True
2021-11-16,991.4673076923077,990.2076923076924,993.3230769230769,4,True
2021-11-17,991.3596153846154,989.9384615384615,993.1307692307693,4,True
2021-11-18,991.2817307692308,988.946153846154,993.6730769230769,4,True
2021-11-19,991.1298076923077,989.2653846153847,993.1461538461539,4,True
2021-11-20,992.0538461538462,990.3769230769232,993.446153846154,4,True
2021-11-21,994.05,993.1846153846153,994.6615384615384,4,True
2021-11-22,993.2307692307693,992.2038461538461,994.2576923076923,4,True
2021-11-23,992.3240384615385,990.55,993.7307692307692,4,True
2021-11-24,993.3567307692308,992.2153846153847,994.8461538461539,4,True
2021-11-25,994.0269230769231,992.9807692307692,994.7461538461539,4,True
2021-11-26,994.0576923076924,992.7346153846153,995.696153846154,4,True
2021-11-27,992.5634615384615,990.4038461538461,994.6153846153846,4,True
2021-11-28,991.8942307692307,989.8923076923077,993.303846153846,4,True
2021-11-29,992.2942307692308,990.4269230769231,993.3307692307692,4,True
2021-11-30,992.7653846153846,991.2653846153847,994.2884615384615,4,True
2021-12-01,992.9701923076923,991.95,993.9307692307692,4,True
2021-12-02,992.9711538461538,991.6,994.3,4,True
2021-12-03,992.0451923076923,991.1730769230769,993.4153846153847,4,True
2021-12-04,992.3221153846154,991.0384615384615,993.8730769230768,4,True
2021-12-05,993.8836538461538,991.8423076923077,994.8692307692307,4,True
2021-12-06,994.5826923076924,993.5653846153847,995.5961538461539,4,True
2021-12-07,995.116346153846,993.553846153846,996.2961538461539,4,True
2021-12-08,993.9028846153846,992.6423076923077,994.7307692307692,4,True
2021-12-09,992.6144230769231,991.4153846153847,993.7538461538461,4,True
2021-12-10,991.751923076923,990.4115384615384,993.0384615384615,4,True
2021-12-11,990.2192307692308,988.5153846153847,992.0038461538461,4,True
2021-12-12,989.0230769230769,987.3692307692307,990.8884615384616,4,True
2021-12-13,989.6278846153846,987.5961538461539,991.7615384615384,4,True
2021-12-14,990.9548076923077,988.6269230769232,993.1576923076923,4,True
2021-12-15,991.9288461538462,989.8923076923077,993.3769230769232,4,True
2021-12-16,991.8086538461539,990.3730769230768,993.2461538461539,4,True
2021-12-17,992.785576923077,991.2769230769231,993.6423076923077,4,True
2021-12-18,993.3586538461539,991.6846153846153,994.7115384615385,4,True
2021-12-19,993.2307692307693,992.2115384615385,994.5923076923077,4,True
2021-12-20,991.7769230769231,990.3076923076924,993.3884615384616,4,True
2021-12-21,991.0144230769231,989.5769230769231,992.5692307692308,4,True
2021-12-22,991.2903846153846,989.9038461538461,993.1846153846153,4,True
2021-12-23,992.8567307692308,990.9269230769231,994.9884615384616,4,True
2021-12-24,992.9673076923077,991.6230769230768,994.6576923076923,4,True
2021-12-25,992.8519230769231,991.3961538461539,993.9615384615385,4,True
2021-12-26,993.3538461538462,991.7423076923077,995.45,4,True
2021-12-27,992.6413461538461,991.196153846154,994.6461538461539,4,True
2021-12-28,991.8875,990.5153846153847,993.7269230769231,4,True
2021-12-29,992.6778846153846,990.8961538461539,994.2384615384616,4,True
2021-12-30,993.5288461538462,992.4076923076923,994.6153846153846,4,True
2021-12-31,992.6548076923077,991.4269230769231,994.0653846153847,4,True
2022-01-01,992.3625,990.8615384615384,994.1115384615384,4,True
2022-01-02,992.8019230769231,991.0807692307692,994.5269230769231,4,True
2022-01-03,993.426923076923,991.6346153846154,995.6846153846153,4,True
2022-01-04,992.4538461538461,991.0307692307692,994.4230769230769,4,True
2022-01-05,991.5192307692307,989.2192307692308,993.6807692307692,4,True
2022-01-06,992.2836538461539,989.4653846153847,994.4576923076924,4,True
2022-01-07,993.5807692307692,991.6884615384615,995.6423076923077,4,True
2022-01-08,993.5346153846153,991.8192307692308,995.2230769230769,4,True
2022-01-09,993.3259615384616,991.3615384615384,995.2923076923076,4,True
2022-01-10,992.8019230769231,990.5153846153847,994.9153846153847,4,True
2022-01-11,992.3942307692308,990.3115384615385,994.7692307692308,4,True
2022-01-12,992.3038461538462,990.4384615384615,994.4615384615385,4,True
2022-01-13,993.4884615384616,990.8769230769232,995.2038461538461,4,True
2022-01-14,994.7836538461538,993.2576923076923,995.8115384615385,4,True
2022-01-15,996.0182692307692,994.5653846153847,997.2846153846153,4,True
2022-01-16,996.1423076923077,994.4230769230769,997.3307692307692,4,True
2022-01-17,994.9163461538461,993.1346153846154,996.3692307692307,4,True
2022-01-18,993.9317307692307,992.1115384615384,995.55,4,True
2022-01-19,994.5942307692308,992.1115384615384,995.8884615384616,4,True
2022-01-20,995.0480769230769,993.9,996.1038461538461,4,True
2022-01-21,994.2480769230768,993.0846153846153,995.0423076923076,4,True
2022-01-22,993.4259615384615,992.5423076923076,994.7,4,True
2022-01-23,992.9740384615385,991.4769230769231,994.0115384615384,4,True
2022-01-24,992.4855769230769,990.9307692307692,994.0923076923077,4,True
2022-01-25,993.0894230769231,991.3346153846153,994.4,4,True
2022-01-26,993.373076923077,992.6423076923077,994.1653846153847,4,True
2022-01-27,992.9278846153845,991.5730769230769,994.2923076923076,4,True
2022-01-28,992.375,990.8,993.8,4,True
2022-01-29,991.2625,989.25,992.9807692307692,4,True
2022-01-30,991.1673076923078,988.7692307692308,993.2692307692308,4,True
2022-01-31,991.9971153846153,989.8923076923077,993.4846153846153,4,True
2022-02-01,991.9384615384615,989.9615384615385,993.6807692307692,4,True
2022-02-02,992.5596153846154,989.8692307692307,994.4269230769231,4,True
2022-02-03,993.5173076923077,990.9961538461539,995.0115384615384,4,True
2022-02-04,993.8442307692308,992.3615384615384,994.9153846153847,4,True
2022-02-05,993.7875,992.4923076923077,994.7692307692308,4,True
2022-02-06,992.9230769230769,991.8,993.8884615384616,4,True
2022-02-07,994.2134615384615,992.9423076923076,994.9307692307692,4,True
2022-02-08,994.6798076923077,993.6730769230769,995.6769230769231,4,True
2022-02-09,993.873076923077,993.1730769230769,994.45,4,True
2022-02-10,992.7048076923077,991.5923076923077,993.7576923076923,4,True
2022-02-11,991.3067307692307,989.4769230769231,992.7769230769231,4,True
2022-02-12,991.2990384615384,989.0423076923076,993.1423076923077,4,True
2022-02-13,992.5769230769231,990.7346153846153,993.85,4,True
2022-02-14,993.1278846153846,991.7884615384615,994.15,4,True
2022-02-15,993.8480769230769,992.2269230769231,994.7961538461539,4,True
2022-02-16,994.7778846153846,993.0807692307692,995.8346153846153,4,True
2022-02-17,994.7471153846154,993.7230769230769,995.6576923076923,4,True
2022-02-18,992.7653846153846,991.0,993.9576923076924,4,True
2022-02-19,991.3451923076923,990.053846153846,992.5115384615384,4,True
2022-02-20,990.9759615384615,989.5730769230769,992.2076923076924,4,True
2022-02-21,991.0153846153846,988.9846153846153,992.9076923076923,4,True
2022-02-22,992.8528846153847,990.696153846154,994.5423076923076,4,True
2022-02-23,993.5134615384616,992.3307692307692,995.0038461538461,4,True
2022-02-24,993.4817307692308,992.5884615384616,994.1423076923077,4,True
2022-02-25,993.8692307692307,992.2423076923077,994.9307692307692,4,True
2022-02-26,995.2567307692308,993.9192307692308,996.3,4,True
2022-02-27,995.6625,994.9192307692308,996.5230769230769,4,True
2022-02-28,994.7038461538461,993.7884615384615,995.35,4,True
2022-03-01,994.3951923076924,992.9192307692308,995.7423076923077,4,True
2022-03-02,994.251923076923,992.5153846153847,995.4730769230769,4,True
2022-03-03,994.5057692307693,993.5923076923077,995.25,4,True
2022-03-04,994.1692307692308,993.3230769230769,994.9230769230769,4,True
2022-03-05,993.276923076923,992.6846153846153,993.9,4,True
2022-03-06,992.1951923076923,991.2884615384615,993.3692307692307,4,True
2022-03-07,991.3451923076923,989.8692307692307,992.5769230769231,4,True
2022-03-08,990.9875,989.0615384615385,992.1269230769232,4,True
2022-03-09,992.2249999999999,990.5769230769231,993.3692307692307,4,True
2022-03-10,992.7961538461537,991.2346153846153,994.0807692307692,4,True
2022-03-11,992.8625,991.55,993.9807692307692,4,True
2022-03-12,992.6423076923077,991.4615384615385,993.8076923076924,4,True
2022-03-13,994.0413461538461,993.4807692307692,994.7538461538461,4,True
2022-03-14,994.4173076923076,993.8346153846153,995.1576923076923,4,True
2022-03-15,994.5557692307692,993.3923076923077,995.7038461538461,4,True
2022-03-16,994.4634615384616,993.2961538461539,995.7807692307692,4,True
2022-03-17,994.323076923077,993.0692307692308,995.3307692307692,4,True
2022-03-18,993.4826923076923,992.0,994.7615384615384,4,True
2022-03-19,993.8019230769231,992.0923076923077,994.7423076923077,4,True
2022-03-20,994.1509615384616,993.6461538461539,995.1153846153846,4,True
2022-03-21,993.7615384615384,993.3307692307692,994.6192307692307,4,True
2022-03-22,994.0288461538462,993.3807692307693,994.9384615384615,4,True
2022-03-23,994.0673076923076,992.4230769230769,995.5307692307692,4,True
2022-03-24,993.2586538461538,991.9230769230769,994.05,4,True
2022-03-25,993.5221153846154,991.8423076923077,994.2807692307692,4,True
2022-03-26,993.1528846153847,992.5846153846153,993.6269230769232,4,True
2022-03-27,993.6615384615385,992.95,994.3769230769232,4,True
2022-03-28,994.8615384615384,994.2384615384616,995.5461538461539,4,True
2022-03-29,995.6673076923078,994.9192307692308,996.35,4,True
2022-03-30,993.5423076923076,992.3615384615384,994.3576923076923,4,True
2022-03-31,992.5990384615384,990.4538461538461,993.5076923076923,4,True
2022-04-01,994.835576923077,992.8769230769232,995.9961538461539,4,True
2022-04-02,996.6548076923077,995.3423076923077,997.6653846153847,4,True
2022-04-03,996.7519230769232,996.0923076923077,997.5192307692308,4,True
2022-04-04,994.5259615384615,993.7653846153847,995.1230769230768,4,True
2022-04-05,994.0057692307691,992.0346153846153,995.6384615384616,4,True
2022-04-06,994.2961538461539,992.9692307692308,995.0192307692308,4,True
2022-04-07,993.9769230769231,993.4769230769231,994.4346153846153,4,True
2022-04-08,994.1740384615384,992.8615384615384,995.5576923076924,4,True
2022-04-09,994.7990384615384,993.3692307692307,995.55,4,True
2022-04-10,994.2798076923077,994.0461538461539,994.7346153846153,4,True
2022-04-11,993.9971153846154,993.1807692307692,994.6461538461539,4,True
2022-04-12,993.1067307692307,991.8153846153847,993.9423076923076,4,True
2022-04-13,993.4509615384616,992.2846153846153,994.2115384615385,4,True
2022-04-14,993.8894230769231,992.5884615384616,994.446153846154,4,True
2022-04-15,994.9778846153847,993.7,995.7653846153847,4,True
2022-04-16,995.1509615384615,994.5730769230769,995.9769230769231,4,True
2022-04-17,994.3817307692308,993.4923076923077,995.5269230769231,4,True
2022-04-18,995.1644230769231,993.9384615384615,996.2423076923077,4,True
2022-04-19,995.5971153846153,994.803846153846,996.3653846153846,4,True
2022-04-20,995.1673076923078,994.4692307692308,996.1076923076923,4,True
2022-04-21,994.5336538461538,993.4730769230769,995.6461538461539,4,True
2022-04-22,993.7875,992.9,994.6269230769232,4,True
2022-04-23,991.6173076923077,990.3769230769232,993.0423076923076,4,True
2022-04-24,992.0201923076922,989.7730769230769,993.9769230769231,4,True
2022-04-25,994.1365384615384,993.15,994.7346153846153,4,True
2022-04-26,994.876923076923,993.9153846153847,995.8346153846153,4,True
2022-04-27,993.3701923076923,992.4038461538461,994.3576923076923,4,True
2022-04-28,993.6403846153846,992.0769230769231,994.9923076923077,4,True
2022-04-29,994.8076923076923,993.5038461538461,995.9653846153847,4,True
2022-04-30,996.1105769230769,995.5346153846153,996.4269230769231,4,True
2022-05-01,995.9115384615384,995.4076923076923,996.2153846153847,4,True
2022-05-02,996.1682692307693,994.4115384615384,997.4615384615385,4,True
2022-05-03,995.7951923076923,994.5615384615385,996.5961538461539,4,True
2022-05-04,996.1259615384615,994.4076923076923,997.2538461538461,4,True
2022-05-05,997.2153846153847,996.2346153846153,998.1384615384616,4,True
2022-05-06,997.9048076923077,996.8884615384616,998.7230769230769,4,True
2022-05-07,998.1624999999999,996.9038461538461,999.4384615384615,4,True
2022-05-08,997.4278846153845,996.7884615384615,998.1230769230768,4,True
2022-05-09,996.3086538461539,995.6384615384616,997.1269230769232,4,True
2022-05-10,995.5,994.4961538461539,996.5807692307692,4,True
2022-05-11,995.3307692307693,994.6269230769232,996.0576923076924,4,True
2022-05-12,995.1942307692308,994.0769230769231,996.35,4,True
2022-05-13,995.285576923077,994.6769230769231,995.8923076923077,4,True
2022-05-14,994.9557692307692,994.0346153846153,995.8576923076923,4,True
2022-05-15,995.2740384615385,993.7846153846153,996.3076923076924,4,True
2022-05-16,996.0115384615385,995.0692307692308,996.4692307692308,4,True
2022-05-17,997.6192307692307,996.1307692307693,999.0423076923076,4,True
2022-05-18,1000.0951923076924,998.946153846154,1001.0153846153847,4,True
2022-05-19,1000.4538461538461,999.9961538461539,1000.9423076923076,4,True
2022-05-20,1000.2721153846154,999.7961538461539,1000.7653846153847,4,True
2022-05-21,999.8798076923077,998.6384615384616,1000.8769230769232,4,True
2022-05-22,998.7769230769231,997.45,999.9769230769231,4,True
2022-05-23,997.3230769230769,996.4269230769231,998.3076923076924,4,True
2022-05-24,995.9221153846154,994.9307692307692,996.7230769230769,4,True
2022-05-25,997.1586538461538,995.5038461538461,997.9653846153847,4,True
2022-05-26,998.2788461538462,997.1884615384615,998.7076923076924,4,True
2022-05-27,998.0326923076923,996.6384615384616,998.75,4,True
2022-05-28,996.4692307692308,995.4038461538461,997.2346153846153,4,True
2022-05-29,995.425,994.7384615384616,996.2538461538461,4,True
2022-05-30,995.5384615384615,994.3692307692307,996.7576923076923,4,True
2022-05-31,995.0336538461538,993.8153846153847,995.7846153846153,4,True
2022-06-01,994.8211538461538,993.9384615384615,995.7307692307692,4,True
2022-06-02,995.0432692307693,993.4384615384615,995.8653846153846,4,True
2022-06-03,996.0076923076923,994.0461538461539,997.0346153846153,4,True
2022-06-04,996.5951923076923,995.6230769230768,997.1192307692307,4,True
2022-06-05,996.251923076923,995.3692307692307,997.0076923076923,4,True
2022-06-06,995.6951923076923,994.6230769230768,996.4076923076923,4,True
2022-06-07,995.0990384615385,993.8384615384616,996.3961538461539,4,True
2022-06-08,994.7942307692307,993.3346153846153,996.1923076923076,4,True
2022-06-09,994.6067307692308,993.0,995.9923076923077,4,True
2022-06-10,995.125,993.7,996.4653846153847,4,True
2022-06-11,996.5471153846154,995.1230769230768,997.15,4,True
2022-06-12,999.5192307692308,997.2,1001.0153846153847,4,True
2022-06-13,1000.3173076923076,998.9038461538461,1001.2807692307692,4,True
2022-06-14,998.7134615384615,997.6192307692307,999.3230769230769,4,True
2022-06-15,997.4057692307692,996.0,998.6153846153846,4,True
2022-06-16,997.5932692307692,995.8653846153846,998.6615384615384,4,True
2022-06-17,995.5557692307693,994.7,996.4615384615385,4,True
2022-06-18,995.3211538461538,993.0115384615384,996.553846153846,4,True
2022-06-19,997.0153846153846,995.85,997.9615384615385,4,True
2022-06-20,996.9336538461539,995.6461538461539,997.7884615384615,4,True
2022-06-21,995.9836538461539,994.7576923076923,996.8076923076924,4,True
2022-06-22,995.6826923076923,994.6846153846153,996.5230769230769,4,True
2022-06-23,995.6153846153846,994.3307692307692,996.95,4,True
2022-06-24,997.5221153846154,996.0961538461539,998.5461538461539,4,True
2022-06-25,998.0942307692308,996.6230769230768,999.1269230769232,4,True
2022-06-26,999.1500000000001,998.3576923076923,999.7,4,True
2022-06-27,998.4048076923077,997.3,999.3461538461539,4,True
2022-06-28,996.5557692307692,994.9961538461539,997.5807692307692,4,True
2022-06-29,996.8384615384615,994.2384615384616,998.2,4,True
2022-06-30,996.4375,995.4730769230769,997.5115384615384,4,True
2022-07-01,995.4971153846154,994.2,996.4653846153847,4,True
2022-07-02,995.7586538461538,993.7807692307692,996.803846153846,4,True
2022-07-03,997.75,995.7653846153847,998.7615384615384,4,True
2022-07-04,999.1076923076923,998.2307692307692,999.8192307692308,4,True
2022-07-05,998.1971153846155,997.6730769230769,999.0884615384616,4,True
2022-07-06,997.5230769230769,996.5423076923076,998.3461538461539,4,True
2022-07-07,996.1442307692307,995.0230769230769,997.6538461538461,4,True
2022-07-08,997.3528846153847,994.5653846153847,999.0423076923076,4,True
2022-07-09,999.6576923076923,998.3346153846153,1000.35,4,True
2022-07-10,998.7740384615385,998.1307692307693,999.196153846154,4,True
2022-07-11,995.9028846153847,994.8230769230769,996.6807692307692,4,True
2022-07-12,995.0653846153846,993.0692307692308,996.1692307692308,4,True
2022-07-13,997.4740384615385,995.4692307692308,999.0230769230769,4,True
2022-07-14,997.0307692307692,996.1076923076923,997.95,4,True
2022-07-15,995.2778846153846,993.9115384615384,996.2884615384615,4,True
2022-07-16,994.5326923076923,993.2538461538461,995.3653846153846,4,True
2022-07-17,995.5346153846153,993.2192307692308,996.6461538461539,4,True
2022-07-18,997.6644230769231,996.2923076923076,998.3153846153847,4,True
2022-07-19,998.2634615384616,997.2192307692308,998.7153846153847,4,True
2022-07-20,997.7730769230769,997.1423076923077,998.4576923076924,4,True
2022-07-21,996.0423076923078,995.303846153846,996.8769230769232,4,True
2022-07-22,995.25,993.9423076923076,996.0038461538461,4,True
2022-07-23,995.2980769230769,993.8884615384616,996.1615384615384,4,True
2022-07-24,995.9903846153846,994.7230769230769,996.6692307692308,4,True
2022-07-25,995.8009615384616,994.1192307692307,996.9538461538461,4,True
2022-07-26,996.8865384615384,995.4923076923077,997.7346153846153,4,True
2022-07-27,997.9307692307692,997.2230769230769,998.4769230769231,4,True
2022-07-28,997.0009615384615,996.5346153846153,997.6192307692307,4,True
2022-07-29,996.1538461538462,994.5769230769231,997.1884615384615,4,True
2022-07-30,996.4471153846154,994.8615384615384,997.1153846153846,4,True
2022-07-31,995.725,994.3807692307693,996.45,4,True
2022-08-01,995.6740384615384,993.75,996.8192307692308,4,True
2022-08-02,995.1221153846154,994.4653846153847,995.8115384615385,4,True
2022-08-03,994.8490384615385,993.7384615384616,995.3923076923077,4,True
2022-08-04,995.1403846153846,993.8846153846154,995.8461538461539,4,True
2022-08-05,995.2038461538461,994.6576923076923,996.1076923076923,4,True
2022-08-06,995.2413461538462,993.8884615384616,995.9769230769231,4,True
2022-08-07,994.975,993.5961538461539,996.1576923076923,4,True
2022-08-08,995.0278846153846,993.303846153846,995.9730769230769,4,True
2022-08-09,996.7201923076923,995.0115384615384,997.8,4,True
2022-08-10,998.4346153846154,996.6,999.3884615384616,4,True
2022-08-11,999.6990384615385,998.3653846153846,1000.2961538461539,4,True
2022-08-12,998.8798076923076,997.7307692307692,999.9692307692308,4,True
2022-08-13,997.3990384615385,995.7807692307692,998.5153846153847,4,True
2022-08-14,996.7326923076923,995.0961538461539,997.5192307692308,4,True
2022-08-15,996.3682692307692,995.4653846153847,997.1,4,True
2022-08-16,994.6884615384615,993.5038461538461,995.9423076923076,4,True
2022-08-17,994.3067307692309,992.4269230769231,995.7923076923076,4,True
2022-08-18,993.1740384615384,992.2538461538461,993.8461538461539,4,True
2022-08-19,995.1211538461538,992.4615384615385,996.5346153846153,4,True
2022-08-20,999.4307692307692,995.0269230769231,1001.6576923076923,4,True
2022-08-21,1000.0461538461539,999.2653846153847,1000.4769230769231,4,True
2022-08-22,998.939423076923,997.8269230769231,1000.1192307692307,4,True
2022-08-23,997.3403846153847,996.5423076923076,998.2576923076923,4,True
2022-08-24,997.0201923076922,994.9846153846153,998.196153846154,4,True
2022-08-25,996.739423076923,995.7346153846153,997.4923076923077,4,True
2022-08-26,996.4384615384615,994.8153846153847,997.35,4,True
2022-08-27,996.064423076923,994.9115384615384,997.0615384615385,4,True
2022-08-28,995.925,993.5,997.4,4,True
2022-08-29,997.3221153846154,995.0769230769231,999.2269230769231,4,True
2022-08-30,998.510576923077,997.9230769230769,999.3615384615384,4,True
2022-08-31,997.4192307692308,996.3807692307693,998.5,4,True
2022-09-01,994.7673076923077,993.5153846153847,995.8346153846153,4,True
2022-09-02,993.0913461538462,991.0923076923077,994.3769230769232,4,True
2022-09-03,994.1173076923077,991.7615384615384,995.6192307692307,4,True
2022-09-04,995.3836538461538,993.2538461538461,996.4384615384615,4,True
2022-09-05,996.7201923076923,995.0153846153847,997.8653846153846,4,True
2022-09-06,997.7769230769231,996.3884615384616,998.55,4,True
2022-09-07,997.8663461538462,997.0153846153847,998.8076923076924,4,True
2022-09-08,994.464423076923,993.3115384615385,995.1346153846154,4,True
2022-09-09,993.4788461538461,990.7538461538461,995.2923076923076,4,True
2022-09-10,996.4884615384616,993.7961538461539,998.0461538461539,4,True
2022-09-11,998.5105769230769,997.8423076923077,999.1076923076923,4,True
2022-09-12,995.5250000000001,993.5192307692308,996.7653846153847,4,True
2022-09-13,992.7346153846154,991.2576923076923,994.0153846153847,4,True
2022-09-14,993.7019230769231,991.9115384615384,995.3076923076924,4,True
2022-09-15,994.8519230769231,993.2423076923077,996.2423076923077,4,True
2022-09-16,996.5528846153845,995.7961538461539,997.5730769230769,4,True
2022-09-17,995.9375,994.9615384615385,996.5923076923077,4,True
2022-09-18,993.95,992.7461538461539,995.3115384615385,4,True
2022-09-19,992.435576923077,990.8961538461539,993.9307692307692,4,True
2022-09-20,992.8192307692308,991.1115384615384,994.5615384615385,4,True
2022-09-21,993.089423076923,991.7692307692308,995.3730769230768,4,True
2022-09-22,992.0586538461539,990.7384615384616,993.7615384615384,4,True
2022-09-23,993.1451923076922,991.1115384615384,994.6076923076923,4,True
2022-09-24,994.7355769230769,992.45,996.4038461538461,4,True
2022-09-25,994.2423076923077,992.9538461538461,995.3692307692307,4,True
2022-09-26,993.5259615384616,991.4884615384616,995.2461538461539,4,True
2022-09-27,993.9346153846154,992.8153846153847,994.7730769230769,4,True
2022-09-28,993.4442307692308,992.4269230769231,994.9730769230769,4,True
2022-09-29,992.2894230769231,990.9076923076923,993.8461538461539,4,True
2022-09-30,992.0634615384615,989.6884615384615,993.7115384615385,4,True
2022-10-01,995.5721153846154,992.7346153846153,997.2653846153847,4,True
2022-10-02,997.5134615384616,996.2192307692308,999.0076923076923,4,True
2022-10-03,997.5192307692307,996.8115384615385,998.2923076923076,4,True
2022-10-04,994.4836538461539,992.0846153846153,995.8730769230768,4,True
2022-10-05,991.7942307692308,990.696153846154,993.2692307692308,4,True
2022-10-06,990.7961538461539,989.3730769230768,992.5769230769231,4,True
2022-10-07,991.939423076923,989.4538461538461,993.7923076923076,4,True
2022-10-08,993.1471153846154,992.4384615384615,993.8653846153846,4,True
2022-10-09,993.025,992.3307692307692,994.4192307692308,4,True
2022-10-10,994.1817307692307,992.4346153846153,995.9807692307692,4,True
2022-10-11,994.4076923076923,993.4807692307692,996.1461538461539,4,True
2022-10-12,993.6317307692308,992.2038461538461,994.8884615384616,4,True
2022-10-13,992.1903846153846,990.6115384615384,993.3423076923077,4,True
2022-10-14,991.898076923077,989.0961538461539,993.8807692307693,4,True
2022-10-15,994.3798076923076,993.1846153846153,995.3884615384616,4,True
2022-10-16,995.189423076923,993.4384615384615,995.9961538461539,4,True
2022-10-17,993.439423076923,992.0423076923076,994.5153846153847,4,True
2022-10-18,993.3269230769231,992.1807692307692,994.6615384615384,4,True
2022-10-19,994.1615384615384,992.6038461538461,995.9961538461539,4,True
2022-10-20,993.8586538461539,992.7692307692308,995.0230769230769,4,True
2022-10-21,992.5048076923077,990.6769230769231,994.0307692307692,4,True
2022-10-22,991.9124999999999,990.5846153846153,993.8615384615384,4,True
2022-10-23,993.1942307692307,991.6769230769231,994.303846153846,4,True
2022-10-24,994.9028846153846,993.8,995.803846153846,4,True
2022-10-25,994.1913461538462,992.9692307692308,995.2461538461539,4,True
2022-10-26,991.8375000000001,990.1653846153847,993.2807692307692,4,True
2022-10-27,990.1836538461538,988.5576923076924,991.8730769230768,4,True
2022-10-28,990.9817307692307,989.3730769230768,993.2846153846153,4,True
2022-10-29,991.7692307692307,990.7038461538461,993.0884615384616,4,True
2022-10-30,990.4538461538461,988.9307692307692,991.8923076923077,4,True
2022-10-31,990.3076923076923,988.6115384615384,991.7423076923077,4,True
2022-11-01,992.9105769230769,990.8307692307692,995.1153846153846,4,True
2022-11-02,999.0548076923077,995.2923076923076,1002.1076923076923,4,True
2022-11-03,1000.9384615384615,999.1884615384615,1001.8115384615385,4,True
2022-11-04,997.560576923077,995.3615384615384,998.6346153846154,4,True
2022-11-05,994.2923076923078,993.1153846153846,995.7153846153847,4,True
2022-11-06,993.3461538461538,991.3192307692308,995.2576923076923,4,True
2022-11-07,994.4961538461539,992.5076923076923,996.3461538461539,4,True
2022-11-08,993.7903846153846,992.4384615384615,995.3692307692307,4,True
2022-11-09,993.3182692307693,991.8615384615384,995.4692307692308,4,True
2022-11-10,992.9855769230769,991.3192307692308,994.6153846153846,4,True
2022-11-11,992.9711538461538,991.5692307692308,995.1730769230769,4,True
2022-11-12,992.3990384615385,990.3115384615385,994.2115384615385,4,True
2022-11-13,991.4692307692308,989.9846153846153,992.9769230769231,4,True
2022-11-14,991.2951923076923,989.5038461538461,993.5769230769231,4,True
2022-11-15,993.5836538461539,991.6653846153847,994.8384615384616,4,True
2022-11-16,995.8961538461539,995.0961538461539,996.4538461538461,4,True
2022-11-17,995.0278846153847,994.4769230769231,995.4230769230769,4,True
2022-11-18,993.9076923076923,993.5192307692308,994.3192307692308,4,True
2022-11-19,993.4259615384616,992.5884615384616,994.8153846153847,4,True
2022-11-20,991.7778846153847,990.2192307692308,993.2115384615385,4,True
2022-11-21,991.051923076923,989.45,992.6923076923076,4,True
2022-11-22,991.0740384615385,989.2076923076924,992.9307692307692,4,True
2022-11-23,991.5865384615386,990.4153846153847,992.8423076923077,4,True
2022-11-24,992.7451923076923,991.7,994.1153846153846,4,True
2022-11-25,993.6884615384615,992.0192307692308,995.6230769230768,4,True
2022-11-26,994.525,993.4115384615384,995.7076923076924,4,True
2022-11-27,994.4048076923077,993.696153846154,995.25,4,True
2022-11-28,993.1096153846154,991.2076923076924,993.8961538461539,4,True
2022-11-29,990.285576923077,988.75,991.3153846153847,4,True
2022-11-30,988.7048076923077,986.6192307692307,990.7769230769231,4,True
2022-12-01,988.5134615384616,986.5923076923077,990.5076923076923,4,True
2022-12-02,989.4096153846153,987.1423076923077,991.4115384615384,4,True
2022-12-03,991.1192307692307,988.3961538461539,993.4615384615385,4,True
2022-12-04,990.8682692307692,988.7307692307692,993.6230769230768,4,True
2022-12-05,990.0375,987.8807692307693,992.6615384615384,4,True
2022-12-06,991.9442307692308,989.3384615384616,994.5153846153847,4,True
2022-12-07,994.0711538461538,992.4230769230769,995.5076923076923,4,True
2022-12-08,993.0778846153846,991.9230769230769,994.3653846153846,4,True
2022-12-09,992.1798076923077,990.5,994.0307692307692,4,True
2022-12-10,993.1923076923077,991.0961538461539,995.2038461538461,4,True
2022-12-11,994.8259615384616,993.9115384615384,996.303846153846,4,True
2022-12-12,994.0048076923076,992.2807692307692,995.303846153846,4,True
2022-12-13,993.1692307692308,992.0423076923076,994.8538461538461,4,True
2022-12-14,994.1086538461539,992.6038461538461,995.6307692307693,4,True
2022-12-15,994.3653846153846,993.0923076923077,995.9038461538461,4,True
2022-12-16,992.2624999999999,991.2038461538461,993.5615384615385,4,True
2022-12-17,991.5009615384615,990.1538461538461,992.9307692307692,4,True
2022-12-18,991.6298076923076,989.6076923076923,993.9769230769231,4,True
2022-12-19,993.2759615384616,990.1923076923076,995.7269230769231,4,True
2022-12-20,994.2826923076923,992.8269230769231,995.7576923076923,4,True
2022-12-21,993.8423076923077,992.8576923076923,994.8538461538461,4,True
2022-12-22,993.8519230769231,992.2538461538461,995.5192307692308,4,True
2022-12-23,993.9903846153846,992.4153846153847,995.4961538461539,4,True
2022-12-24,992.5413461538462,990.9192307692308,994.4769230769231,4,True
2022-12-25,992.1951923076923,990.4269230769231,993.9961538461539,4,True
2022-12-26,994.126923076923,991.4961538461539,995.8269230769231,4,True
2022-12-27,994.4942307692307,992.8230769230769,996.3576923076923,4,True
2022-12-28,993.2721153846153,991.5730769230769,995.1730769230769,4,True
2022-12-29,993.6538461538462,991.0576923076924,995.7769230769231,4,True
2022-12-30,993.7240384615385,991.5461538461539,995.5307692307692,4,True
2022-12-31,994.053846153846,991.9846153846153,995.3269230769231,4,True
2023-01-01,994.3634615384615,992.7230769230769,995.5,4,True
2023-01-02,994.5701923076922,993.2884615384615,995.6846153846153,4,True
2023-01-03,993.5057692307691,992.1076923076923,995.1538461538461,4,True
2023-01-04,992.7,990.6653846153847,994.4961538461539,4,True
2023-01-05,994.0413461538461,991.4230769230769,995.8076923076924,4,True
2023-01-06,995.1384615384616,993.7653846153847,996.3923076923077,4,True
2023-01-07,995.7394230769231,994.3384615384616,996.9384615384615,4,True
2023-01-08,995.5615384615385,994.4846153846153,996.4,4,True
2023-01-09,996.0826923076924,995.0269230769231,996.8961538461539,4,True
2023-01-10,994.6019230769231,993.7192307692308,995.6269230769232,4,True
2023-01-11,994.7019230769231,992.9538461538461,996.2,4,True
2023-01-12,995.5076923076923,994.3692307692307,996.2230769230769,4,True
2023-01-13,994.426923076923,993.053846153846,995.3461538461539,4,True
2023-01-14,993.126923076923,991.6576923076923,995.1807692307692,4,True
2023-01-15,994.3336538461538,992.5461538461539,995.7807692307692,4,True
2023-01-16,995.2096153846154,993.5961538461539,996.1269230769232,4,True
2023-01-17,994.2096153846153,992.8923076923077,995.5038461538461,4,True
2023-01-18,993.9769230769231,992.1461538461539,995.6730769230769,4,True
2023-01-19,994.5721153846154,993.4076923076923,995.5923076923077,4,True
2023-01-20,996.0884615384615,994.6884615384615,996.7230769230769,4,True
2023-01-21,995.4942307692307,994.4653846153847,996.3307692307692,4,True
2023-01-22,993.65,992.2192307692308,995.0307692307692,4,True
2023-01-23,994.5769230769231,992.3692307692307,995.8730769230768,4,True
2023-01-24,995.6817307692309,994.4346153846153,996.8384615384616,4,True
2023-01-25,994.1682692307693,993.1115384615384,995.4692307692308,4,True
2023-01-26,992.7125,991.4230769230769,994.3923076923077,4,True
2023-01-27,992.2490384615385,990.0423076923076,993.9307692307692,4,True
2023-01-28,992.564423076923,989.9230769230769,994.6769230769231,4,True
2023-01-29,993.3278846153846,990.9038461538461,994.7846153846153,4,True
2023-01-30,993.0884615384616,992.2461538461539,994.0576923076924,4,True
2023-01-31,992.4817307692308,990.5692307692308,994.1346153846154,4,True
2023-02-01,992.8317307692308,990.9230769230769,994.6192307692307,4,True
2023-02-02,993.4528846153846,991.2807692307692,994.7269230769231,4,True
2023-02-03,994.4384615384615,992.5846153846153,995.553846153846,4,True
2023-02-04,995.8221153846155,994.0192307692308,997.0230769230769,4,True
2023-02-05,996.0288461538462,994.5346153846153,996.6730769230769,4,True
2023-02-06,995.5134615384616,995.0384615384615,996.053846153846,4,True
2023-02-07,995.1192307692307,993.803846153846,995.9807692307692,4,True
2023-02-08,994.3711538461539,993.6307692307693,995.4615384615385,4,True
2023-02-09,994.0269230769231,992.7076923076924,994.9423076923076,4,True
2023-02-10,993.8682692307692,992.8538461538461,994.3115384615385,4,True
2023-02-11,993.4778846153846,992.7730769230769,994.3192307692308,4,True
2023-02-12,992.9009615384615,991.8307692307692,994.0115384615384,4,True
2023-02-13,992.5182692307692,990.9653846153847,993.4884615384616,4,True
2023-02-14,992.9365384615385,991.6384615384616,994.1576923076923,4,True
2023-02-15,993.6932692307693,992.4615384615385,994.5615384615385,4,True
2023-02-16,993.1596153846153,992.5038461538461,994.0769230769231,4,True
2023-02-17,991.4519230769231,990.5230769230769,992.45,4,True
2023-02-18,991.5769230769231,989.1192307692307,993.1807692307692,4,True
2023-02-19,993.6144230769231,991.9153846153847,994.9961538461539,4,True
2023-02-20,993.9951923076923,992.6923076923076,995.1615384615384,4,True
2023-02-21,994.2874999999999,993.2346153846153,995.4269230769231,4,True
2023-02-22,995.0913461538462,993.1192307692307,996.4923076923077,4,True
2023-02-23,996.598076923077,994.7769230769231,997.7153846153847,4,True
2023-02-24,996.4326923076924,994.8769230769232,997.6384615384616,4,True
2023-02-25,994.9413461538462,994.1423076923077,995.696153846154,4,True
2023-02-26,993.8923076923077,991.9076923076923,995.1384615384616,4,True
2023-02-27,994.501923076923,992.7269230769231,995.2730769230769,4,True
2023-02-28,996.7413461538462,995.6692307692308,997.5,4,True
2023-03-01,996.5365384615385,994.9153846153847,997.5615384615385,4,True
2023-03-02,994.4961538461539,993.7153846153847,995.2807692307692,4,True
2023-03-03,992.9480769230769,991.7807692307692,993.65,4,True
2023-03-04,993.5932692307692,992.5730769230769,994.0807692307692,4,True
2023-03-05,994.5413461538461,994.0846153846153,994.9961538461539,4,True
2023-03-06,994.6259615384615,994.0923076923077,995.3307692307692,4,True
2023-03-07,994.1576923076923,993.1423076923077,995.2269230769231,4,True
2023-03-08,993.0230769230769,991.35,994.2615384615384,4,True
2023-03-09,992.7173076923077,991.5230769230769,993.946153846154,4,True
2023-03-10,993.8221153846154,992.8576923076923,994.9576923076924,4,True
2023-03-11,993.875,993.1653846153847,994.6807692307692,4,True
2023-03-12,995.1307692307691,994.4423076923076,995.4884615384616,4,True
2023-03-13,995.7096153846154,994.6576923076923,996.7653846153847,4,True
2023-03-14,995.8855769230769,994.65,996.9384615384615,4,True
2023-03-15,995.0769230769231,993.2923076923076,996.3461538461539,4,True
2023-03-16,993.4490384615385,992.2423076923077,994.9153846153847,4,True
2023-03-17,992.5125,990.7615384615384,994.1,4,True
2023-03-18,992.3932692307692,990.0961538461539,994.3230769230769,4,True
2023-03-19,993.9173076923078,992.6384615384616,995.4153846153847,4,True
2023-03-20,993.9778846153846,992.3576923076923,995.4653846153847,4,True
2023-03-21,993.1384615384616,991.9115384615384,994.5423076923076,4,True
2023-03-22,993.1086538461539,991.2961538461539,994.8,4,True
2023-03-23,992.6557692307692,990.7692307692308,994.3461538461539,4,True
2023-03-24,993.125,991.1461538461539,994.7461538461539,4,True
2023-03-25,993.9317307692309,991.5576923076924,995.4153846153847,4,True
2023-03-26,995.0596153846154,993.4230769230769,996.1692307692308,4,True
2023-03-27,995.0625,994.2384615384616,995.6846153846153,4,True
2023-03-28,995.2923076923078,994.7961538461539,995.7769230769231,4,True
2023-03-29,994.5567307692307,994.0,995.05,4,True
2023-03-30,994.2980769230769,992.7576923076923,995.4307692307692,4,True
2023-03-31,995.3980769230769,994.2,995.9230769230769,4,True
2023-04-01,995.8336538461539,995.446153846154,996.0769230769231,4,True
2023-04-02,995.6375,995.0615384615385,996.1076923076923,4,True
2023-04-03,994.5,993.7923076923076,995.2346153846153,4,True
2023-04-04,993.3528846153847,992.5307692307692,994.2076923076924,4,True
2023-04-05,992.5201923076922,991.2230769230769,993.696153846154,4,True
2023-04-06,992.2394230769231,990.9423076923076,993.4,4,True
2023-04-07,992.3192307692308,991.1038461538461,992.9923076923077,4,True
2023-04-08,994.1413461538461,992.7692307692308,996.1461538461539,4,True
2023-04-09,996.2557692307691,995.5346153846153,996.8653846153846,4,True
2023-04-10,996.2721153846154,995.1384615384616,997.4923076923077,4,True
2023-04-11,995.4567307692307,994.3115384615385,996.4,4,True
2023-04-12,993.8317307692308,993.0461538461539,994.4961538461539,4,True
2023-04-13,992.4451923076923,991.1346153846154,993.2230769230769,4,True
2023-04-14,992.5596153846154,990.9153846153847,994.0653846153847,4,True
2023-04-15,993.1480769230769,991.1346153846154,994.8115384615385,4,True
2023-04-16,993.7249999999999,992.8538461538461,994.2538461538461,4,True
2023-04-17,993.5749999999999,992.5807692307692,994.2807692307692,4,True
2023-04-18,991.9913461538462,991.1769230769231,992.9384615384615,4,True
2023-04-19,991.8971153846154,990.0807692307692,993.2615384615384,4,True
2023-04-20,994.4480769230769,992.3346153846153,996.0846153846153,4,True
2023-04-21,994.3576923076923,993.1576923076923,994.9423076923076,4,True
2023-04-22,993.0951923076923,992.3692307692307,993.6307692307693,4,True
2023-04-23,993.2567307692308,990.9230769230769,994.3807692307693,4,True
2023-04-24,994.3009615384616,993.4653846153847,994.8923076923077,4,True
2023-04-25,995.0913461538462,993.4384615384615,996.0115384615384,4,True
2023-04-26,995.760576923077,994.9653846153847,996.8153846153847,4,True
2023-04-27,995.7624999999999,994.5846153846153,997.0576923076924,4,True
2023-04-28,996.225,994.7807692307692,996.9692307692308,4,True
2023-04-29,996.3,995.5076923076923,996.9615384615385,4,True
2023-04-30,996.2923076923078,995.8076923076924,997.0269230769231,4,True
2023-05-01,996.4759615384615,995.55,997.4153846153847,4,True
2023-05-02,995.7990384615384,995.053846153846,996.3269230769231,4,True
2023-05-03,995.1846153846154,994.5153846153847,995.6076923076923,4,True
2023-05-04,995.4826923076923,994.4192307692308,996.6461538461539,4,True
2023-05-05,995.9086538461538,995.0192307692308,996.5653846153847,4,True
2023-05-06,996.2826923076923,995.0384615384615,996.9076923076923,4,True
2023-05-07,995.7682692307692,994.5192307692308,996.65,4,True
2023-05-08,995.5730769230769,994.0307692307692,996.4769230769231,4,True
2023-05-09,997.0365384615384,995.4230769230769,997.7192307692308,4,True
2023-05-10,997.4096153846153,996.75,998.1115384615384,4,True
2023-05-11,996.525,995.3384615384616,997.4192307692308,4,True
2023-05-12,996.1701923076923,995.2576923076923,996.9153846153847,4,True
2023-05-13,996.5298076923077,995.3269230769231,997.3807692307693,4,True
2023-05-14,997.8596153846154,996.2,998.8653846153846,4,True
2023-05-15,998.7346153846154,997.7615384615384,999.4076923076923,4,True
2023-05-16,997.7557692307693,997.0269230769231,998.5961538461539,4,True
2023-05-17,996.0336538461538,994.7807692307692,997.1192307692307,4,True
2023-05-18,995.1653846153846,993.4615384615385,996.7115384615385,4,True
2023-05-19,996.0096153846154,994.7115384615385,996.7384615384616,4,True
2023-05-20,995.2317307692308,994.5346153846153,995.8115384615385,4,True
2023-05-21,993.6317307692308,992.4115384615384,994.5923076923077,4,True
2023-05-22,993.0076923076923,991.5769230769231,994.3153846153847,4,True
2023-05-23,994.3596153846154,992.9346153846153,995.6884615384615,4,True
2023-05-24,994.7605769230769,993.7884615384615,995.5576923076924,4,True
2023-05-25,994.0278846153847,992.9076923076923,994.8615384615384,4,True
2023-05-26,995.1375,993.2269230769231,996.15,4,True
2023-05-27,995.8028846153845,994.6115384615384,996.6576923076923,4,True
2023-05-28,996.3009615384615,995.446153846154,997.1538461538461,4,True
2023-05-29,995.9826923076923,994.95,996.7230769230769,4,True
2023-05-30,995.7355769230769,994.4115384615384,997.1653846153847,4,True
2023-05-31,997.3471153846153,995.4730769230769,998.5384615384615,4,True
2023-06-01,997.7278846153846,997.1653846153847,998.1730769230769,4,True
2023-06-02,997.7807692307692,997.5,998.0961538461539,4,True
2023-06-03,997.0682692307691,996.3192307692308,997.7384615384616,4,True
2023-06-04,996.9375,994.9230769230769,998.2230769230769,4,True
2023-06-05,998.0721153846154,996.5038461538461,998.7884615384615,4,True
2023-06-06,998.1903846153846,997.6807692307692,998.7115384615385,4,True
2023-06-07,998.2125,996.7,998.8269230769231,4,True
2023-06-08,999.0826923076924,997.4923076923077,999.7692307692308,4,True
2023-06-09,998.5461538461539,997.803846153846,999.0346153846153,4,True
2023-06-10,997.0528846153846,996.1923076923076,997.4692307692308,4,True
2023-06-11,996.8625,995.1576923076923,998.2461538461539,4,True
2023-06-12,996.675,994.9269230769231,998.3,4,True
2023-06-13,996.5375,994.3730769230768,998.0461538461539,4,True
2023-06-14,997.2394230769231,995.9346153846153,998.2653846153847,4,True
2023-06-15,999.6432692307692,997.5423076923076,1001.0730769230769,4,True
2023-06-16,1001.3317307692307,999.9153846153847,1001.9923076923077,4,True
2023-06-17,1001.3298076923077,999.75,1002.25,4,True
2023-06-18,1000.2134615384615,999.1576923076923,1001.3730769230768,4,True
2023-06-19,999.5278846153846,998.0115384615384,1000.6076923076923,4,True
2023-06-20,998.2932692307692,997.7538461538461,998.6730769230769,4,True
2023-06-21,998.1557692307692,996.7269230769231,999.0076923076923,4,True
2023-06-22,997.0394230769231,996.0461538461539,997.946153846154,4,True
2023-06-23,997.2192307692308,995.8115384615385,997.9807692307692,4,True
2023-06-24,996.5615384615385,995.8,997.0346153846153,4,True
2023-06-25,996.4923076923077,994.7846153846153,997.2192307692308,4,True
2023-06-26,998.0413461538461,996.8576923076923,998.7923076923076,4,True
2023-06-27,997.7125,996.9,998.5346153846153,4,True
2023-06-28,996.2807692307692,995.4923076923077,997.0653846153847,4,True
2023-06-29,998.0865384615385,995.7076923076924,999.8384615384616,4,True
2023-06-30,999.176923076923,998.1653846153847,999.9038461538461,4,True
2023-07-01,998.6336538461538,997.5346153846153,999.5576923076924,4,True
2023-07-02,997.1865384615385,996.3153846153847,998.0115384615384,4,True
2023-07-03,995.3682692307692,994.05,996.1269230769232,4,True
2023-07-04,996.035576923077,993.9576923076924,997.1769230769231,4,True
2023-07-05,996.4211538461539,994.9230769230769,997.1615384615384,4,True
2023-07-06,996.3221153846154,995.1923076923076,997.2076923076924,4,True
2023-07-07,995.2346153846154,994.1307692307693,996.0269230769231,4,True
2023-07-08,996.1548076923077,995.15,997.1384615384616,4,True
2023-07-09,997.4519230769231,996.2153846153847,998.4269230769231,4,True
2023-07-10,997.1788461538462,995.4961538461539,998.4153846153847,4,True
2023-07-11,997.4884615384615,996.6153846153846,998.3,4,True
2023-07-12,996.4057692307692,995.5307692307692,997.1884615384615,4,True
2023-07-13,994.5048076923076,993.75,995.4384615384615,4,True
2023-07-14,995.1173076923077,993.0423076923076,996.5769230769231,4,True
2023-07-15,996.185576923077,995.5076923076923,996.8923076923077,4,True
2023-07-16,996.6807692307692,994.9923076923077,997.5692307692308,4,True
2023-07-17,998.3067307692307,996.4846153846153,999.2538461538461,4,True
2023-07-18,999.9201923076923,998.0923076923077,1001.0076923076923,4,True
2023-07-19,1000.95,999.3576923076923,1002.0730769230769,4,True
2023-07-20,1000.8365384615385,1000.5307692307692,1001.3076923076924,4,True
2023-07-21,1000.1596153846153,999.55,1000.7038461538461,4,True
2023-07-22,998.7807692307692,997.3384615384616,999.5,4,True
2023-07-23,998.4894230769231,996.9615384615385,999.3461538461539,4,True
2023-07-24,999.3201923076923,997.6923076923076,1000.1846153846153,4,True
2023-07-25,997.9692307692308,997.6038461538461,998.2769230769231,4,True
2023-07-26,995.0192307692308,994.1653846153847,995.7461538461539,4,True
2023-07-27,995.3278846153846,992.6230769230768,996.9346153846153,4,True
2023-07-28,997.3557692307693,995.2961538461539,998.7192307692308,4,True
2023-07-29,999.001923076923,997.8076923076924,999.5423076923076,4,True
2023-07-30,999.0490384615384,998.3692307692307,999.5807692307692,4,True
2023-07-31,998.7413461538462,997.4730769230769,999.3115384615385,4,True
2023-08-01,999.7711538461538,997.65,1001.9807692307692,4,True
2023-08-02,1000.3826923076922,999.8923076923077,1001.1615384615384,4,True
2023-08-03,998.8192307692308,998.1230769230768,999.1076923076923,4,True
2023-08-04,998.3461538461538,996.8846153846154,999.2846153846153,4,True
2023-08-05,998.1317307692308,996.5576923076924,999.0153846153847,4,True
2023-08-06,998.1740384615384,997.303846153846,999.1923076923076,4,True
2023-08-07,998.2182692307692,997.2653846153847,999.1038461538461,4,True
2023-08-08,998.6278846153847,996.7192307692308,999.946153846154,4,True
2023-08-09,998.6173076923077,997.9884615384616,999.2884615384615,4,True
2023-08-10,997.0028846153846,996.1615384615384,997.8153846153847,4,True
2023-08-11,995.675,994.2346153846153,996.6230769230768,4,True
2023-08-12,996.3317307692308,995.2,997.4153846153847,4,True
2023-08-13,995.6836538461538,994.7538461538461,996.6538461538461,4,True
2023-08-14,996.7711538461538,995.7384615384616,997.553846153846,4,True
2023-08-15,997.5394230769231,996.4615384615385,998.4615384615385,4,True
2023-08-16,995.6923076923076,995.0038461538461,996.3,4,True
2023-08-17,994.373076923077,992.9,995.2961538461539,4,True
2023-08-18,993.0596153846154,992.0,994.0,4,True
2023-08-19,991.3192307692308,989.55,993.0269230769231,4,True
2023-08-20,990.7874999999999,988.7,992.0115384615384,4,True
2023-08-21,991.4326923076923,990.4538461538461,992.2923076923076,4,True
2023-08-22,992.2307692307692,991.2615384615384,992.8,4,True
2023-08-23,993.0346153846153,992.1846153846153,993.9538461538461,4,True
2023-08-24,993.3019230769231,991.3115384615385,994.7115384615385,4,True
2023-08-25,994.7221153846154,993.5192307692308,995.8384615384616,4,True
2023-08-26,994.3663461538462,992.8576923076923,995.55,4,True
2023-08-27,994.4932692307692,992.9269230769231,995.9038461538461,4,True
2023-08-28,996.3394230769231,994.7230769230769,997.4153846153847,4,True
2023-08-29,997.0307692307692,996.2192307692308,998.1423076923077,4,True
2023-08-30,996.3403846153846,995.4230769230769,997.5038461538461,4,True
2023-08-31,994.964423076923,993.8730769230768,995.9115384615384,4,True
2023-09-01,995.2836538461538,994.2884615384615,996.3423076923077,4,True
2023-09-02,994.2884615384615,993.5115384615384,995.0192307692308,4,True
2023-09-03,992.9711538461538,991.9538461538461,994.0384615384615,4,True
2023-09-04,993.9759615384615,992.2538461538461,995.4769230769231,4,True
2023-09-05,996.0817307692307,993.8769230769232,997.6192307692307,4,True
2023-09-06,997.4259615384615,996.4692307692308,998.5846153846153,4,True
2023-09-07,995.1278846153846,994.0,996.2153846153847,4,True
2023-09-08,993.0490384615384,991.9846153846153,994.2692307692308,4,True
2023-09-09,993.3826923076923,991.8384615384616,995.3307692307692,4,True
2023-09-10,995.160576923077,992.8423076923077,997.1,4,True
2023-09-11,995.8307692307692,995.0692307692308,996.7230769230769,4,True
2023-09-12,994.2278846153846,993.1807692307692,995.1769230769231,4,True
2023-09-13,993.6105769230769,991.446153846154,995.2538461538461,4,True
2023-09-14,994.9471153846154,993.6423076923077,996.7307692307692,4,True
2023-09-15,996.0548076923077,995.2115384615385,997.2384615384616,4,True
2023-09-16,995.723076923077,994.9923076923077,996.6730769230769,4,True
2023-09-17,994.5528846153846,993.6884615384615,995.2884615384615,4,True
2023-09-18,994.1932692307693,992.2653846153847,995.6461538461539,4,True
2023-09-19,994.7134615384615,993.8115384615385,995.9807692307692,4,True
2023-09-20,995.4076923076923,993.65,996.4384615384615,4,True
2023-09-21,995.1817307692307,994.4615384615385,996.1615384615384,4,True
2023-09-22,993.4625000000001,992.8846153846154,994.5615384615385,4,True
2023-09-23,992.9221153846154,991.8346153846153,994.5038461538461,4,True
2023-09-24,993.4317307692307,991.7807692307692,995.2807692307692,4,True
2023-09-25,994.8,993.1923076923076,996.3961538461539,4,True
2023-09-26,994.178846153846,992.15,995.4692307692308,4,True
2023-09-27,992.1798076923077,990.8346153846153,993.8461538461539,4,True
2023-09-28,991.185576923077,990.1269230769232,992.6576923076923,4,True
2023-09-29,991.8701923076923,990.5,993.1192307692307,4,True
2023-09-30,993.8913461538461,991.9846153846153,995.3923076923077,4,True
2023-10-01,994.375,993.7846153846153,994.8846153846154,4,True
2023-10-02,992.501923076923,991.2576923076923,993.2769230769231,4,True
2023-10-03,990.5942307692308,989.15,992.3346153846153,4,True
2023-10-04,990.4076923076923,988.8884615384616,991.7961538461539,4,True
2023-10-05,991.5317307692308,989.25,993.4769230769231,4,True
2023-10-06,992.1115384615385,990.7653846153847,994.2115384615385,4,True
2023-10-07,992.8326923076924,991.2192307692308,994.7461538461539,4,True
2023-10-08,993.2567307692308,991.7307692307692,994.8192307692308,4,True
2023-10-09,993.8115384615385,992.6423076923077,995.35,4,True
2023-10-10,994.4769230769231,993.3115384615385,996.4153846153847,4,True
2023-10-11,994.2365384615384,992.7269230769231,995.3307692307692,4,True
2023-10-12,993.214423076923,992.2346153846153,994.6730769230769,4,True
2023-10-13,992.8759615384615,991.4846153846153,994.2846153846153,4,True
2023-10-14,994.8336538461539,993.8884615384616,995.7307692307692,4,True
2023-10-15,996.0798076923077,995.3346153846153,997.3230769230769,4,True
2023-10-16,995.7634615384616,994.75,996.9538461538461,4,True
2023-10-17,994.5384615384615,993.6192307692307,995.2576923076923,4,True
2023-10-18,994.6461538461538,993.2730769230769,996.3538461538461,4,True
2023-10-19,994.2403846153845,992.9730769230769,995.6615384615384,4,True
2023-10-20,994.2230769230769,993.5076923076923,994.9038461538461,4,True
2023-10-21,993.8798076923076,992.8,995.1653846153847,4,True
2023-10-22,993.7932692307693,992.9884615384616,994.9769230769231,4,True
2023-10-23,993.4942307692307,992.4038461538461,994.4230769230769,4,True
2023-10-24,992.5038461538462,991.5769230769231,994.1653846153847,4,True
2023-10-25,991.5346153846153,989.6346153846154,992.8807692307693,4,True
2023-10-26,989.5625,988.1846153846153,991.5615384615385,4,True
2023-10-27,989.4182692307692,988.1615384615384,991.3961538461539,4,True
2023-10-28,989.0461538461539,987.5923076923077,990.7230769230769,4,True
2023-10-29,990.3644230769231,989.4846153846153,992.0307692307692,4,True
2023-10-30,992.026923076923,991.0846153846153,993.8,4,True
2023-10-31,991.5086538461538,990.7538461538461,992.8653846153846,4,True
2023-11-01,990.8913461538461,989.9230769230769,992.4269230769231,4,True
2023-11-02,990.8067307692307,990.1269230769232,992.1115384615384,4,True
2023-11-03,990.5384615384615,990.0307692307692,991.2653846153847,4,True
2023-11-04,991.5480769230769,990.8307692307692,993.2423076923077,4,True
2023-11-05,992.5778846153846,991.2961538461539,993.8461538461539,4,True
2023-11-06,994.5884615384616,993.6076923076923,995.7730769230769,4,True
2023-11-07,994.7,994.15,995.9307692307692,4,True
2023-11-08,993.6009615384615,992.9423076923076,994.4961538461539,4,True
2023-11-09,993.2711538461539,992.1076923076923,994.7076923076924,4,True
2023-11-10,993.6798076923077,993.1307692307693,994.5653846153847,4,True
2023-11-11,992.7865384615384,992.4730769230769,993.3192307692308,4,True
2023-11-12,992.4951923076924,991.5384615384615,993.8769230769232,4,True
2023-11-13,991.6971153846154,990.05,993.5730769230769,4,True
2023-11-14,991.4692307692308,989.696153846154,993.6692307692308,4,True
2023-11-15,992.0192307692307,990.6538461538461,993.8461538461539,4,True
2023-11-16,992.7682692307692,991.803846153846,994.3653846153846,4,True
2023-11-17,992.2403846153845,990.7115384615385,994.2038461538461,4,True
2023-11-18,991.8932692307692,991.0153846153847,992.8846153846154,4,True
2023-11-19,991.7096153846154,990.4115384615384,993.6769230769231,4,True
2023-11-20,991.2673076923077,990.05,992.9961538461539,4,True
2023-11-21,990.7778846153847,989.5884615384616,992.5,4,True
2023-11-22,990.1798076923077,988.6384615384616,992.1346153846154,4,True
2023-11-23,990.9240384615384,988.9423076923076,993.3923076923077,4,True
2023-11-24,993.9721153846154,991.9230769230769,995.5192307692308,4,True
2023-11-25,994.8298076923077,993.4423076923076,995.5846153846153,4,True
2023-11-26,994.3307692307692,993.7384615384616,995.2423076923077,4,True
2023-11-27,995.0798076923077,993.4538461538461,996.6576923076923,4,True
2023-11-28,995.364423076923,994.2230769230769,996.7,4,True
2023-11-29,994.3855769230769,993.5730769230769,994.9846153846153,4,True
2023-11-30,993.123076923077,992.3769230769232,993.7307692307692,4,True
2023-12-01,993.6375,992.5269230769231,994.6230769230768,4,True
2023-12-02,994.125,993.1461538461539,995.3153846153847,4,True
2023-12-03,993.2923076923076,992.8307692307692,993.9038461538461,4,True
2023-12-04,993.15,992.0769230769231,994.0576923076924,4,True
2023-12-05,993.5230769230769,992.5423076923076,994.5961538461539,4,True
2023-12-06,993.6298076923077,992.8076923076924,994.7730769230769,4,True
2023-12-07,994.425,993.5,995.3807692307693,4,True
2023-12-08,995.3711538461539,994.5192307692308,996.5769230769231,4,True
2023-12-09,994.9701923076923,994.6307692307693,995.4384615384615,4,True
2023-12-10,993.9903846153845,993.7230769230769,994.6230769230768,4,True
2023-12-11,992.5894230769231,991.6346153846154,993.9538461538461,4,True
2023-12-12,993.0144230769231,991.8076923076924,994.3807692307693,4,True
2023-12-13,992.1567307692308,991.196153846154,993.0230769230769,4,True
2023-12-14,991.526923076923,991.15,992.35,4,True
2023-12-15,991.0692307692307,989.8653846153846,992.1038461538461,4,True
2023-12-16,992.2894230769231,991.2730769230769,993.6346153846154,4,True
2023-12-17,993.6,992.9307692307692,994.6076923076923,4,True
2023-12-18,992.8182692307693,991.5,994.2269230769231,4,True
2023-12-19,991.4009615384615,990.2576923076923,993.1346153846154,4,True
2023-12-20,990.4826923076923,989.2423076923077,992.1576923076923,4,True
2023-12-21,991.5913461538461,990.2076923076924,992.803846153846,4,True
2023-12-22,993.810576923077,993.0192307692308,994.4807692307692,4,True
2023-12-23,994.0259615384616,993.25,995.2038461538461,4,True
2023-12-24,994.3557692307692,993.9115384615384,995.5576923076924,4,True
2023-12-25,994.5528846153845,993.6192307692307,995.1,4,True
2023-12-26,995.4,994.6307692307693,995.9730769230769,4,True
2023-12-27,995.8240384615385,995.4192307692308,996.5923076923077,4,True
2023-12-28,995.939423076923,995.6730769230769,996.3692307692307,4,True
2023-12-29,995.1615384615384,994.0307692307692,996.55,4,True
2023-12-30,995.2769230769231,994.0961538461539,996.553846153846,4,True
2023-12-31,994.3192307692308,994.3192307692308,994.3192307692308,1,False
