week_start_date,week_end_date,surface_pressure_hpa_mean,surface_pressure_hpa_min,surface_pressure_hpa_max,observations_6hourly,complete_week
1999-12-26,2000-01-01,990.6480769230769,988.7384615384616,992.9423076923076,4,False
2000-01-02,2000-01-08,990.3912087912088,987.5153846153847,992.9653846153847,28,True
2000-01-09,2000-01-15,990.517032967033,987.8923076923077,992.7192307692308,28,True
2000-01-16,2000-01-22,993.6737637362637,987.9615384615385,996.4307692307692,28,True
2000-01-23,2000-01-29,993.6142857142858,990.4846153846153,996.2076923076924,28,True
2000-01-30,2000-02-05,995.2854395604396,990.8115384615385,997.696153846154,28,True
2000-02-06,2000-02-12,994.4818681318682,989.7884615384615,997.6538461538461,28,True
2000-02-13,2000-02-19,994.3307692307692,989.0423076923076,996.9846153846153,28,True
2000-02-20,2000-02-26,993.7747252747253,991.3923076923077,996.7730769230769,28,True
2000-02-27,2000-03-04,994.3876373626373,991.6,997.2692307692308,28,True
2000-03-05,2000-03-11,994.35260989011,991.1692307692308,996.3769230769232,28,True
2000-03-12,2000-03-18,992.7138736263736,990.0692307692308,995.6461538461539,28,True
2000-03-19,2000-03-25,992.5638736263736,989.0769230769231,995.1153846153846,28,True
2000-03-26,2000-04-01,994.5263736263736,992.1076923076923,996.3115384615385,28,True
2000-04-02,2000-04-08,995.1651098901099,993.4884615384616,997.1615384615384,28,True
2000-04-09,2000-04-15,994.7624999999999,992.5269230769231,996.5884615384616,28,True
2000-04-16,2000-04-22,995.0326923076924,992.2153846153847,997.196153846154,28,True
2000-04-23,2000-04-29,995.6844780219781,992.6653846153847,998.1076923076923,28,True
2000-04-30,2000-05-06,994.8800824175823,992.6192307692307,997.85,28,True
2000-05-07,2000-05-13,996.6004120879121,994.5269230769231,998.6230769230768,28,True
2000-05-14,2000-05-20,996.0917582417582,992.7192307692308,998.0615384615385,28,True
2000-05-21,2000-05-27,998.1986263736263,995.5423076923076,1000.2346153846153,28,True
2000-05-28,2000-06-03,996.3629120879122,992.8653846153846,998.9269230769231,28,True
2000-06-04,2000-06-10,998.5592032967033,996.9346153846153,1000.2115384615385,28,True
2000-06-11,2000-06-17,996.2582417582418,993.2923076923076,999.2769230769231,28,True
2000-06-18,2000-06-24,998.1784340659341,995.8576923076923,999.8076923076924,28,True
2000-06-25,2000-07-01,996.6004120879121,994.2307692307692,998.2269230769231,28,True
2000-07-02,2000-07-08,997.1773351648352,994.6346153846154,999.3076923076924,28,True
2000-07-09,2000-07-15,998.9065934065933,994.9923076923077,1002.9538461538461,28,True
2000-07-16,2000-07-22,997.4258241758242,994.0,1000.0653846153847,28,True
2000-07-23,2000-07-29,998.1322802197802,994.9884615384616,1000.4884615384616,28,True
2000-07-30,2000-08-05,997.1756868131869,993.8692307692307,1000.2,28,True
2000-08-06,2000-08-12,998.4332417582418,995.6038461538461,1002.1730769230769,28,True
2000-08-13,2000-08-19,998.546978021978,995.8230769230769,1000.6307692307693,28,True
2000-08-20,2000-08-26,996.1023351648352,993.1923076923076,999.1769230769231,28,True
2000-08-27,2000-09-02,993.6309065934066,991.0346153846153,995.7961538461539,28,True
2000-09-03,2000-09-09,993.3570054945055,990.3576923076923,996.1269230769232,28,True
2000-09-10,2000-09-16,994.520879120879,991.3923076923077,998.3692307692307,28,True
2000-09-17,2000-09-23,996.0428571428572,992.5307692307692,998.8615384615384,28,True
2000-09-24,2000-09-30,995.1920329670329,990.3461538461539,999.0076923076923,28,True
2000-10-01,2000-10-07,995.8332417582417,993.8923076923077,998.4884615384616,28,True
2000-10-08,2000-10-14,995.3348901098901,992.8461538461539,997.696153846154,28,True
2000-10-15,2000-10-21,995.4947802197802,993.6423076923077,997.7923076923076,28,True
2000-10-22,2000-10-28,992.9277472527473,990.4538461538461,996.6076923076923,28,True
2000-10-29,2000-11-04,992.0789835164835,988.4346153846153,994.9538461538461,28,True
2000-11-05,2000-11-11,988.6905219780219,985.9961538461539,991.1615384615384,28,True
2000-11-12,2000-11-18,990.470054945055,985.9653846153847,995.4538461538461,28,True
2000-11-19,2000-11-25,994.6332417582418,990.2153846153847,997.4076923076923,28,True
2000-11-26,2000-12-02,994.8729395604396,992.5,997.0807692307692,28,True
2000-12-03,2000-12-09,994.4662087912087,991.5961538461539,998.1884615384615,28,True
2000-12-10,2000-12-16,992.4876373626374,988.5961538461539,996.9269230769231,28,True
2000-12-17,2000-12-23,993.7641483516484,990.2961538461539,997.5384615384615,28,True
2000-12-24,2000-12-30,994.6479395604396,992.6846153846153,997.0076923076923,28,True
2000-12-31,2001-01-06,995.1554945054944,991.8769230769232,997.6538461538461,28,True
2001-01-07,2001-01-13,993.2804945054944,990.5923076923077,995.5576923076924,28,True
2001-01-14,2001-01-20,995.3803571428572,991.6884615384615,998.9730769230769,28,True
2001-01-21,2001-01-27,996.960989010989,994.8538461538461,998.7461538461539,28,True
2001-01-28,2001-02-03,994.1848901098901,989.7423076923077,997.4076923076923,28,True
2001-02-04,2001-02-10,995.6667582417583,991.8230769230769,997.6576923076923,28,True
2001-02-11,2001-02-17,994.8806318681319,992.1115384615384,997.0307692307692,28,True
2001-02-18,2001-02-24,993.8364010989011,990.9807692307692,995.9692307692308,28,True
2001-02-25,2001-03-03,994.0293956043955,991.1692307692308,997.1230769230768,28,True
2001-03-04,2001-03-10,995.5083791208791,992.1,997.6,28,True
2001-03-11,2001-03-17,993.9833791208791,990.4423076923076,996.8961538461539,28,True
2001-03-18,2001-03-24,993.1133241758242,990.8423076923077,994.6807692307692,28,True
2001-03-25,2001-03-31,995.3384615384615,992.3576923076923,996.9692307692308,28,True
2001-04-01,2001-04-07,995.1112637362637,992.8461538461539,997.0653846153847,28,True
2001-04-08,2001-04-14,995.7711538461538,992.5346153846153,998.4692307692308,28,True
2001-04-15,2001-04-21,996.5817307692307,993.0730769230769,999.4961538461539,28,True
2001-04-22,2001-04-28,994.6537087912087,989.8769230769232,997.5192307692308,28,True
2001-04-29,2001-05-05,995.9284340659341,993.7538461538461,997.1576923076923,28,True
2001-05-06,2001-05-12,994.6076923076923,992.8346153846153,996.2076923076924,28,True
2001-05-13,2001-05-19,996.7682692307692,994.4384615384615,998.9653846153847,28,True
2001-05-20,2001-05-26,996.5839285714285,994.5461538461539,997.9307692307692,28,True
2001-05-27,2001-06-02,996.9557692307692,994.2153846153847,999.3576923076923,28,True
2001-06-03,2001-06-09,997.8755494505494,995.5384615384615,999.5615384615385,28,True
2001-06-10,2001-06-16,998.1125,993.6730769230769,1000.9423076923076,28,True
2001-06-17,2001-06-23,999.4406593406593,994.6153846153846,1002.9846153846153,28,True
2001-06-24,2001-06-30,1000.0138736263735,996.4615384615385,1002.9,28,True
2001-07-01,2001-07-07,998.5968406593407,995.4269230769231,1000.4769230769231,28,True
2001-07-08,2001-07-14,997.7593406593406,995.1153846153846,999.9346153846153,28,True
2001-07-15,2001-07-21,996.9491758241758,994.6576923076923,998.2230769230769,28,True
2001-07-22,2001-07-28,998.4623626373626,995.5,1001.5730769230769,28,True
2001-07-29,2001-08-04,998.5247252747253,995.3538461538461,1000.9038461538461,28,True
2001-08-05,2001-08-11,998.7203296703298,996.1115384615384,1000.6307692307693,28,True
2001-08-12,2001-08-18,997.2880494505495,994.4692307692308,999.8923076923077,28,True
2001-08-19,2001-08-25,997.7156593406593,994.3961538461539,1001.2,28,True
2001-08-26,2001-09-01,996.2541208791208,993.9076923076923,997.55,28,True
2001-09-02,2001-09-08,995.7615384615384,992.1769230769231,998.2884615384615,28,True
2001-09-09,2001-09-15,995.1957417582418,992.75,997.8153846153847,28,True
2001-09-16,2001-09-22,995.7278846153847,992.6846153846153,998.4153846153847,28,True
2001-09-23,2001-09-29,994.3847527472527,992.0153846153847,998.0,28,True
2001-09-30,2001-10-06,995.8098901098901,992.1,998.6153846153846,28,True
2001-10-07,2001-10-13,993.4177197802198,990.553846153846,996.2615384615384,28,True
2001-10-14,2001-10-20,992.5248626373626,990.7692307692308,996.1692307692308,28,True
2001-10-21,2001-10-27,994.0725274725274,991.3807692307693,996.9038461538461,28,True
2001-10-28,2001-11-03,992.5815934065934,990.3923076923077,995.0038461538461,28,True
2001-11-04,2001-11-10,993.5976648351649,988.8576923076923,997.2461538461539,28,True
2001-11-11,2001-11-17,992.9483516483516,989.7076923076924,995.1423076923077,28,True
2001-11-18,2001-11-24,992.9243131868133,989.4423076923076,995.55,28,True
2001-11-25,2001-12-01,991.0137362637363,987.0038461538461,994.2230769230769,28,True
2001-12-02,2001-12-08,991.4322802197802,988.6769230769231,993.7807692307692,28,True
2001-12-09,2001-12-15,991.2311813186814,987.7807692307692,994.1115384615384,28,True
2001-12-16,2001-12-22,992.446978021978,990.5423076923076,994.5192307692308,28,True
2001-12-23,2001-12-29,994.0098901098901,991.7653846153847,996.1846153846153,28,True
2001-12-30,2002-01-05,993.4125,989.8384615384616,996.303846153846,28,True
2002-01-06,2002-01-12,993.1506868131868,990.2576923076923,995.75,28,True
2002-01-13,2002-01-19,993.1479395604396,990.4961538461539,995.4538461538461,28,True
2002-01-20,2002-01-26,995.2141483516483,992.3384615384616,997.0730769230769,28,True
2002-01-27,2002-02-02,995.0188186813186,992.9115384615384,997.1384615384616,28,True
2002-02-03,2002-02-09,994.6425824175824,992.6807692307692,997.4346153846153,28,True
2002-02-10,2002-02-16,993.9690934065935,991.3961538461539,996.1384615384616,28,True
2002-02-17,2002-02-23,994.2578296703297,992.2807692307692,996.5076923076923,28,True
2002-02-24,2002-03-02,994.023489010989,990.2461538461539,997.3461538461539,28,True
2002-03-03,2002-03-09,994.535576923077,992.0,996.3230769230769,28,True
2002-03-10,2002-03-16,994.6653846153847,992.0692307692308,996.8461538461539,28,True
2002-03-17,2002-03-23,993.6594780219781,991.4,995.7115384615385,28,True
2002-03-24,2002-03-30,993.8508241758242,992.3807692307693,995.8,28,True
2002-03-31,2002-04-06,994.7961538461539,992.5038461538461,997.15,28,True
2002-04-07,2002-04-13,993.532142857143,990.4538461538461,996.0423076923076,28,True
2002-04-14,2002-04-20,994.290521978022,992.7346153846153,996.5461538461539,28,True
2002-04-21,2002-04-27,993.7993131868133,992.45,995.2884615384615,28,True
2002-04-28,2002-05-04,995.2489010989011,993.1769230769231,996.75,28,True
2002-05-05,2002-05-11,997.1125000000001,994.696153846154,998.6115384615384,28,True
2002-05-12,2002-05-18,996.1098901098901,993.9,998.7153846153847,28,True
2002-05-19,2002-05-25,995.8494505494506,993.7423076923077,997.4384615384615,28,True
2002-05-26,2002-06-01,995.4009615384615,992.7615384615384,998.5346153846153,28,True
2002-06-02,2002-06-08,996.2581043956044,994.8307692307692,997.55,28,True
2002-06-09,2002-06-15,998.046978021978,996.0230769230769,1000.6923076923076,28,True
2002-06-16,2002-06-22,999.7039835164835,996.6346153846154,1001.9423076923076,28,True
2002-06-23,2002-06-29,1000.9399725274725,997.9884615384616,1003.3653846153846,28,True
2002-06-30,2002-07-06,999.7493131868132,997.2,1002.6307692307693,28,True
2002-07-07,2002-07-13,999.1232142857143,996.4923076923077,1000.8538461538461,28,True
2002-07-14,2002-07-20,999.134478021978,996.7038461538461,1001.1769230769231,28,True
2002-07-21,2002-07-27,997.4048076923076,993.4192307692308,1000.3,28,True
2002-07-28,2002-08-03,999.7171703296702,996.2846153846153,1001.8730769230768,28,True
2002-08-04,2002-08-10,997.6243131868132,994.9230769230769,1000.0307692307692,28,True
2002-08-11,2002-08-17,998.153434065934,995.3576923076923,1000.6038461538461,28,True
2002-08-18,2002-08-24,996.5519230769231,993.8192307692308,998.7230769230769,28,True
2002-08-25,2002-08-31,994.1832417582418,990.7115384615385,997.0884615384616,28,True
2002-09-01,2002-09-07,996.1678571428572,994.2038461538461,999.2,28,True
2002-09-08,2002-09-14,995.9517857142857,992.9538461538461,998.7346153846153,28,True
2002-09-15,2002-09-21,994.6991758241758,991.7307692307692,997.0692307692308,28,True
2002-09-22,2002-09-28,993.7228021978023,990.7230769230769,997.3307692307692,28,True
2002-09-29,2002-10-05,994.8156593406593,991.8538461538461,997.6307692307693,28,True
2002-10-06,2002-10-12,993.3152472527472,990.0230769230769,996.1692307692308,28,True
2002-10-13,2002-10-19,994.3692307692307,992.0884615384616,997.5346153846153,28,True
2002-10-20,2002-10-26,993.4876373626374,991.5,996.1884615384615,28,True
2002-10-27,2002-11-02,992.5287087912087,989.95,994.6269230769232,28,True
2002-11-03,2002-11-09,994.5729395604395,992.3730769230768,996.9576923076924,28,True
2002-11-10,2002-11-16,995.123076923077,992.3807692307693,996.803846153846,28,True
2002-11-17,2002-11-23,994.3244505494505,991.8076923076924,997.3807692307693,28,True
2002-11-24,2002-11-30,994.3153846153846,991.8846153846154,996.2153846153847,28,True
2002-12-01,2002-12-07,994.5508241758242,992.9153846153847,996.2423076923077,28,True
2002-12-08,2002-12-14,994.3211538461538,991.0076923076923,996.8923076923077,28,True
2002-12-15,2002-12-21,994.3565934065934,992.4192307692308,996.4923076923077,28,True
2002-12-22,2002-12-28,995.405357142857,993.0230769230769,997.55,28,True
2002-12-29,2003-01-04,994.857554945055,992.196153846154,997.6153846153846,28,True
2003-01-05,2003-01-11,995.9133241758242,992.7461538461539,997.8384615384616,28,True
2003-01-12,2003-01-18,995.2737637362637,993.3076923076924,996.553846153846,28,True
2003-01-19,2003-01-25,993.159065934066,989.4615384615385,996.75,28,True
2003-01-26,2003-02-01,993.6510989010989,991.9884615384616,994.9538461538461,28,True
2003-02-02,2003-02-08,994.9182692307693,992.1423076923077,996.3884615384616,28,True
2003-02-09,2003-02-15,994.1978021978022,991.5961538461539,996.3307692307692,28,True
2003-02-16,2003-02-22,992.5059065934066,989.7846153846153,994.8153846153847,28,True
2003-02-23,2003-03-01,994.170467032967,990.9346153846153,997.1576923076923,28,True
2003-03-02,2003-03-08,993.9271978021978,991.3192307692308,995.7038461538461,28,True
2003-03-09,2003-03-15,993.6081043956044,991.3307692307692,994.8923076923077,28,True
2003-03-16,2003-03-22,994.2453296703296,991.8384615384616,996.2576923076923,28,True
2003-03-23,2003-03-29,993.9222527472527,991.9615384615385,996.1,28,True
2003-03-30,2003-04-05,994.2736263736264,992.2461538461539,996.1076923076923,28,True
2003-04-06,2003-04-12,994.4567307692307,991.5692307692308,996.5115384615384,28,True
2003-04-13,2003-04-19,996.2002747252747,991.9346153846153,1001.0346153846153,28,True
2003-04-20,2003-04-26,994.9218406593407,993.0461538461539,996.7846153846153,28,True
2003-04-27,2003-05-03,997.0692307692308,995.053846153846,999.7576923076923,28,True
2003-05-04,2003-05-10,996.6162087912088,992.6,999.2961538461539,28,True
2003-05-11,2003-05-17,997.5869505494505,995.1653846153847,999.4653846153847,28,True
2003-05-18,2003-05-24,996.1696428571429,993.8384615384616,998.7653846153847,28,True
2003-05-25,2003-05-31,997.2125,994.5653846153847,999.1192307692307,28,True
2003-06-01,2003-06-07,996.8214285714286,993.7038461538461,998.6846153846153,28,True
2003-06-08,2003-06-14,996.7179945054944,994.5423076923076,998.3192307692308,28,True
2003-06-15,2003-06-21,997.4401098901099,994.7807692307692,1000.1038461538461,28,True
2003-06-22,2003-06-28,998.2228021978023,994.5769230769231,1000.3538461538461,28,True
2003-06-29,2003-07-05,998.4664835164834,995.6730769230769,1000.5269230769231,28,True
2003-07-06,2003-07-12,996.5796703296703,993.3230769230769,1000.7846153846153,28,True
2003-07-13,2003-07-19,1000.0526098901099,995.9923076923077,1002.25,28,True
2003-07-20,2003-07-26,999.4337912087913,997.303846153846,1001.7269230769231,28,True
2003-07-27,2003-08-02,998.4913461538462,994.4076923076923,1001.0346153846153,28,True
2003-08-03,2003-08-09,996.8476648351649,994.1461538461539,999.7192307692308,28,True
2003-08-10,2003-08-16,998.5697802197802,995.65,1001.0269230769231,28,True
2003-08-17,2003-08-23,997.9274725274726,994.1230769230768,1001.1269230769232,28,True
2003-08-24,2003-08-30,998.0357142857143,995.7730769230769,1000.0923076923077,28,True
2003-08-31,2003-09-06,997.7857142857143,995.303846153846,999.5307692307692,28,True
2003-09-07,2003-09-13,996.3464285714286,992.6038461538461,1000.6538461538461,28,True
2003-09-14,2003-09-20,995.469642857143,991.9615384615385,997.7384615384616,28,True
2003-09-21,2003-09-27,994.3054945054945,991.2076923076924,997.1807692307692,28,True
2003-09-28,2003-10-04,993.6862637362638,989.4346153846153,996.053846153846,28,True
2003-10-05,2003-10-11,992.8046703296703,990.7346153846153,995.1115384615384,28,True
2003-10-12,2003-10-18,994.6648351648353,990.2384615384616,996.9846153846153,28,True
2003-10-19,2003-10-25,993.5681318681319,989.8538461538461,996.1730769230769,28,True
2003-10-26,2003-11-01,991.7570054945055,988.553846153846,994.6692307692308,28,True
2003-11-02,2003-11-08,993.4024725274725,990.65,996.1038461538461,28,True
2003-11-09,2003-11-15,992.9668956043955,990.7230769230769,994.8653846153846,28,True
2003-11-16,2003-11-22,992.6184065934066,989.8769230769232,995.4923076923077,28,True
2003-11-23,2003-11-29,992.389010989011,988.7153846153847,994.4576923076924,28,True
2003-11-30,2003-12-06,991.8405219780219,989.6115384615384,993.8846153846154,28,True
2003-12-07,2003-12-13,993.4541208791209,991.9615384615385,995.2884615384615,28,True
2003-12-14,2003-12-20,996.1240384615385,993.7384615384616,999.3115384615385,28,True
2003-12-21,2003-12-27,995.1755494505495,990.9846153846153,998.2884615384615,28,True
2003-12-28,2004-01-03,992.875,988.3807692307693,996.8461538461539,28,True
2004-01-04,2004-01-10,993.2733516483516,990.9923076923077,994.8769230769232,28,True
2004-01-11,2004-01-17,992.9401098901099,989.4384615384615,995.3923076923077,28,True
2004-01-18,2004-01-24,992.5115384615384,989.2384615384616,995.3576923076923,28,True
2004-01-25,2004-01-31,993.0412087912089,989.7230769230769,995.3615384615384,28,True
2004-02-01,2004-02-07,992.8092032967033,989.75,995.2576923076923,28,True
2004-02-08,2004-02-14,994.715934065934,992.1230769230768,996.6923076923076,28,True
2004-02-15,2004-02-21,993.7572802197802,991.5384615384615,995.303846153846,28,True
2004-02-22,2004-02-28,995.456456043956,992.2153846153847,998.1230769230768,28,True
2004-02-29,2004-03-06,994.7600274725274,992.1384615384616,996.8538461538461,28,True
2004-03-07,2004-03-13,995.3061813186813,992.6192307692307,997.2192307692308,28,True
2004-03-14,2004-03-20,993.117445054945,991.0384615384615,995.9307692307692,28,True
2004-03-21,2004-03-27,993.5070054945055,991.4692307692308,995.6653846153847,28,True
2004-03-28,2004-04-03,993.8549450549451,991.0769230769231,995.6307692307693,28,True
2004-04-04,2004-04-10,995.0872252747253,991.7615384615384,997.1846153846153,28,True
2004-04-11,2004-04-17,993.2443681318681,990.5384615384615,995.7346153846153,28,True
2004-04-18,2004-04-24,994.6541208791208,992.8307692307692,996.7692307692308,28,True
2004-04-25,2004-05-01,995.5505494505495,992.4384615384615,997.4692307692308,28,True
2004-05-02,2004-05-08,996.3495879120879,992.2038461538461,999.65,28,True
2004-05-09,2004-05-15,995.4050824175823,992.0846153846153,998.6615384615384,28,True
2004-05-16,2004-05-22,996.8855769230769,994.4076923076923,999.6730769230769,28,True
2004-05-23,2004-05-29,997.1607142857143,995.1461538461539,999.4230769230769,28,True
2004-05-30,2004-06-05,998.6552197802197,996.55,1000.6423076923077,28,True
2004-06-06,2004-06-12,998.9600274725275,996.3923076923077,1002.2730769230769,28,True
2004-06-13,2004-06-19,1000.1248626373626,997.9846153846153,1003.0769230769231,28,True
2004-06-20,2004-06-26,999.0421703296704,996.446153846154,1001.2769230769231,28,True
2004-06-27,2004-07-03,998.0938186813188,995.7692307692308,1000.0461538461539,28,True
2004-07-04,2004-07-10,996.9325549450549,992.6884615384615,1000.0076923076923,28,True
2004-07-11,2004-07-17,996.9164835164836,994.7115384615385,1000.3230769230769,28,True
2004-07-18,2004-07-24,997.9642857142857,994.5730769230769,999.7,28,True
2004-07-25,2004-07-31,998.1657967032968,995.3269230769231,1000.7384615384616,28,True
2004-08-01,2004-08-07,998.4498626373627,996.0230769230769,1001.4230769230769,28,True
2004-08-08,2004-08-14,1000.025,997.5923076923077,1002.6423076923077,28,True
2004-08-15,2004-08-21,997.6990384615384,995.1769230769231,999.9153846153847,28,True
2004-08-22,2004-08-28,996.85,993.7307692307692,998.7923076923076,28,True
2004-08-29,2004-09-04,996.6322802197802,993.5,999.0884615384616,28,True
2004-09-05,2004-09-11,994.1118131868133,990.4307692307692,997.1769230769231,28,True
2004-09-12,2004-09-18,996.5292582417582,993.9961538461539,998.6692307692308,28,True
2004-09-19,2004-09-25,995.3813186813187,993.1153846153846,997.2192307692308,28,True
2004-09-26,2004-10-02,994.8754120879121,992.85,996.9423076923076,28,True
2004-10-03,2004-10-09,994.2615384615384,991.1269230769232,996.6038461538461,28,True
2004-10-10,2004-10-16,992.532554945055,990.5,994.8230769230769,28,True
2004-10-17,2004-10-23,993.0697802197802,990.3115384615385,995.75,28,True
2004-10-24,2004-10-30,993.4406593406593,991.1,995.8730769230768,28,True
2004-10-31,2004-11-06,992.8833791208791,991.0269230769231,995.1423076923077,28,True
2004-11-07,2004-11-13,992.492445054945,989.0576923076924,995.5769230769231,28,True
2004-11-14,2004-11-20,993.2936813186814,990.7807692307692,996.6423076923077,28,True
2004-11-21,2004-11-27,993.7853021978023,990.6576923076923,997.0923076923077,28,True
2004-11-28,2004-12-04,992.3865384615384,989.5692307692308,994.7576923076923,28,True
2004-12-05,2004-12-11,993.7667582417582,990.9230769230769,996.3346153846153,28,True
2004-12-12,2004-12-18,993.4487637362637,990.5615384615385,995.4423076923076,28,True
2004-12-19,2004-12-25,992.0190934065934,987.1115384615384,994.5730769230769,28,True
2004-12-26,2005-01-01,993.5111263736263,988.7769230769231,996.0423076923076,28,True
2005-01-02,2005-01-08,993.7192307692306,991.6115384615384,995.4730769230769,28,True
2005-01-09,2005-01-15,993.0737637362637,989.7538461538461,995.4538461538461,28,True
2005-01-16,2005-01-22,990.815934065934,987.3961538461539,994.6576923076923,28,True
2005-01-23,2005-01-29,992.9596153846154,989.6615384615384,995.9961538461539,28,True
2005-01-30,2005-02-05,992.5885989010989,988.8923076923077,996.8576923076923,28,True
2005-02-06,2005-02-12,993.2061813186813,990.8846153846154,995.9192307692308,28,True
2005-02-13,2005-02-19,992.7054945054945,988.1307692307693,995.1461538461539,28,True
2005-02-20,2005-02-26,994.057554945055,991.25,996.1538461538461,28,True
2005-02-27,2005-03-05,994.243956043956,992.8423076923077,995.9769230769231,28,True
2005-03-06,2005-03-12,994.4313186813187,992.2653846153847,996.5038461538461,28,True
2005-03-13,2005-03-19,994.0880494505494,991.1461538461539,996.2153846153847,28,True
2005-03-20,2005-03-26,995.679945054945,993.1769230769231,998.0384615384615,28,True
2005-03-27,2005-04-02,994.1664835164836,992.1653846153847,995.6846153846153,28,True
2005-04-03,2005-04-09,995.2177197802197,993.2038461538461,996.6038461538461,28,True
2005-04-10,2005-04-16,994.4407967032967,991.9846153846153,996.1884615384615,28,True
2005-04-17,2005-04-23,994.298489010989,992.25,996.7807692307692,28,True
2005-04-24,2005-04-30,995.3671703296703,991.8538461538461,997.7423076923077,28,True
2005-05-01,2005-05-07,996.1535714285714,993.3,998.9307692307692,28,True
2005-05-08,2005-05-14,995.0361263736264,993.5269230769231,996.0807692307692,28,True
2005-05-15,2005-05-21,993.4252747252748,990.8230769230769,995.8615384615384,28,True
2005-05-22,2005-05-28,994.9962912087913,991.5307692307692,998.5884615384616,28,True
2005-05-29,2005-06-04,996.2156593406593,994.1576923076923,997.7,28,True
2005-06-05,2005-06-11,996.4940934065934,994.0230769230769,998.4307692307692,28,True
2005-06-12,2005-06-18,996.7826923076924,993.8615384615384,999.1615384615384,28,True
2005-06-19,2005-06-25,997.9320054945055,994.2576923076923,1000.9692307692308,28,True
2005-06-26,2005-07-02,997.3436813186814,994.2692307692308,999.8423076923077,28,True
2005-07-03,2005-07-09,998.8559065934066,994.8115384615385,1002.9653846153847,28,True
2005-07-10,2005-07-16,997.2545329670329,992.4153846153847,1001.0115384615384,28,True
2005-07-17,2005-07-23,997.6429945054945,994.5384615384615,1000.7423076923077,28,True
2005-07-24,2005-07-30,998.671978021978,996.35,1001.3615384615384,28,True
2005-07-31,2005-08-06,996.7384615384616,993.9884615384616,998.7115384615385,28,True
2005-08-07,2005-08-13,997.6368131868131,994.1461538461539,1000.4615384615385,28,True
2005-08-14,2005-08-20,996.4357142857143,992.4769230769231,1000.1153846153846,28,True
2005-08-21,2005-08-27,995.4714285714286,991.1115384615384,998.2269230769231,28,True
2005-08-28,2005-09-03,994.541620879121,991.75,997.6730769230769,28,True
2005-09-04,2005-09-10,995.4633241758241,993.6423076923077,997.8846153846154,28,True
2005-09-11,2005-09-17,997.3537087912089,994.6038461538461,1000.053846153846,28,True
2005-09-18,2005-09-24,993.6991758241758,990.8461538461539,995.8884615384616,28,True
2005-09-25,2005-10-01,994.3310439560439,990.4884615384616,998.3384615384616,28,True
2005-10-02,2005-10-08,993.828021978022,989.9769230769231,997.1538461538461,28,True
2005-10-09,2005-10-15,994.2428571428571,990.9384615384615,998.8846153846154,28,True
2005-10-16,2005-10-22,993.6620879120879,990.9423076923076,995.2615384615384,28,True
2005-10-23,2005-10-29,992.9251373626374,990.6115384615384,995.0692307692308,28,True
2005-10-30,2005-11-05,994.7240384615385,991.3769230769232,997.6884615384615,28,True
2005-11-06,2005-11-12,992.8855769230769,989.8423076923077,994.5653846153847,28,True
2005-11-13,2005-11-19,990.865521978022,988.5,993.0807692307692,28,True
2005-11-20,2005-11-26,991.6774725274726,988.6,994.2961538461539,28,True
2005-11-27,2005-12-03,990.554532967033,987.1230769230768,993.0384615384615,28,True
2005-12-04,2005-12-10,991.4667582417582,988.1153846153846,994.3153846153847,28,True
2005-12-11,2005-12-17,991.9961538461539,990.0076923076923,994.6346153846154,28,True
2005-12-18,2005-12-24,993.970054945055,992.1846153846153,995.4769230769231,28,True
2005-12-25,2005-12-31,992.9556318681318,988.25,995.8384615384616,28,True
2006-01-01,2006-01-07,991.8298076923077,989.1153846153846,994.25,28,True
2006-01-08,2006-01-14,992.6280219780219,989.3961538461539,995.7307692307692,28,True
2006-01-15,2006-01-21,992.935576923077,988.8423076923077,996.1846153846153,28,True
2006-01-22,2006-01-28,994.2964285714286,991.2923076923076,996.7230769230769,28,True
2006-01-29,2006-02-04,993.4412087912087,991.4423076923076,995.3884615384616,28,True
2006-02-05,2006-02-11,993.5375,990.2384615384616,996.5769230769231,28,True
2006-02-12,2006-02-18,993.7685439560439,990.8692307692307,996.45,28,True
2006-02-19,2006-02-25,993.0401098901099,990.3923076923077,994.5269230769231,28,True
2006-02-26,2006-03-04,993.9373626373626,991.8230769230769,996.0192307692308,28,True
2006-03-05,2006-03-11,994.126510989011,991.1269230769232,996.1115384615384,28,True
2006-03-12,2006-03-18,993.0622252747253,989.7884615384615,995.1192307692307,28,True
2006-03-19,2006-03-25,993.3336538461538,991.6346153846154,995.4923076923077,28,True
2006-03-26,2006-04-01,994.7894230769231,992.6076923076923,996.85,28,True
2006-04-02,2006-04-08,993.1681318681319,991.2769230769231,994.8538461538461,28,True
2006-04-09,2006-04-15,992.2667582417582,989.5115384615384,994.696153846154,28,True
2006-04-16,2006-04-22,995.6440934065934,992.8346153846153,997.9038461538461,28,True
2006-04-23,2006-04-29,995.184065934066,992.9653846153847,996.5192307692308,28,True
2006-04-30,2006-05-06,995.8087912087913,991.9730769230769,998.1730769230769,28,True
2006-05-07,2006-05-13,997.4100274725275,994.5653846153847,1000.4384615384615,28,True
2006-05-14,2006-05-20,997.2380494505495,994.8307692307692,1000.2923076923076,28,True
2006-05-21,2006-05-27,998.0820054945054,994.4346153846153,1000.8,28,True
2006-05-28,2006-06-03,997.4100274725275,995.6769230769231,998.8192307692308,28,True
2006-06-04,2006-06-10,995.9506868131867,993.6923076923076,997.3115384615385,28,True
2006-06-11,2006-06-17,997.4461538461538,993.6461538461539,999.35,28,True
2006-06-18,2006-06-24,998.6372252747252,996.1423076923077,1000.6153846153846,28,True
2006-06-25,2006-07-01,998.4817307692308,994.5807692307692,1001.2115384615385,28,True
2006-07-02,2006-07-08,999.8940934065934,997.6076923076923,1001.7,28,True
2006-07-09,2006-07-15,997.3008241758242,995.0346153846153,999.95,28,True
2006-07-16,2006-07-22,998.4057692307691,995.9846153846153,1000.3576923076923,28,True
2006-07-23,2006-07-29,996.2751373626373,992.4692307692308,998.2884615384615,28,True
2006-07-30,2006-08-05,998.9931318681319,995.4961538461539,1002.2269230769231,28,True
2006-08-06,2006-08-12,995.5392857142857,993.0,997.6076923076923,28,True
2006-08-13,2006-08-19,994.9815934065934,993.0576923076924,996.5076923076923,28,True
2006-08-20,2006-08-26,996.3245879120878,992.2423076923077,999.8153846153847,28,True
2006-08-27,2006-09-02,995.4527472527473,992.6115384615384,997.8384615384616,28,True
2006-09-03,2006-09-09,995.792032967033,992.2269230769231,999.2307692307692,28,True
2006-09-10,2006-09-16,995.4505494505494,992.4846153846153,997.8576923076923,28,True
2006-09-17,2006-09-23,995.1652472527473,991.5269230769231,997.7269230769231,28,True
2006-09-24,2006-09-30,995.5754120879121,992.1115384615384,999.0576923076924,28,True
2006-10-01,2006-10-07,993.2973901098901,990.0346153846153,995.8615384615384,28,True
2006-10-08,2006-10-14,992.9414835164835,989.7846153846153,995.9307692307692,28,True
2006-10-15,2006-10-21,991.6899725274725,989.3192307692308,993.7961538461539,28,True
2006-10-22,2006-10-28,993.6557692307691,990.0807692307692,997.1884615384615,28,True
2006-10-29,2006-11-04,990.4767857142857,988.3,993.1769230769231,28,True
2006-11-05,2006-11-11,991.9634615384615,988.85,995.803846153846,28,True
2006-11-12,2006-11-18,992.889010989011,989.9038461538461,995.4153846153847,28,True
2006-11-19,2006-11-25,993.4482142857142,989.1384615384616,996.7269230769231,28,True
2006-11-26,2006-12-02,992.1728021978022,989.4576923076924,994.5461538461539,28,True
2006-12-03,2006-12-09,992.3001373626374,990.2,994.2807692307692,28,True
2006-12-10,2006-12-16,993.5737637362637,991.9384615384615,995.4730769230769,28,True
2006-12-17,2006-12-23,994.2949175824176,992.1653846153847,996.8346153846153,28,True
2006-12-24,2006-12-30,995.7493131868132,992.6,998.25,28,True
2006-12-31,2007-01-06,994.8789835164836,992.4615384615385,997.0076923076923,28,True
2007-01-07,2007-01-13,993.9196428571429,992.1423076923077,995.5461538461539,28,True
2007-01-14,2007-01-20,993.151510989011,989.7730769230769,995.3,28,True
2007-01-21,2007-01-27,994.0096153846154,991.7846153846153,995.4923076923077,28,True
2007-01-28,2007-02-03,994.5259615384615,991.8846153846154,996.5307692307692,28,True
2007-02-04,2007-02-10,993.4818681318682,990.8192307692308,996.4346153846153,28,True
2007-02-11,2007-02-17,992.2752747252747,987.5230769230769,996.1115384615384,28,True
2007-02-18,2007-02-24,991.7946428571429,988.3192307692308,995.4769230769231,28,True
2007-02-25,2007-03-03,993.4537087912088,988.9769230769231,996.5615384615385,28,True
2007-03-04,2007-03-10,994.4236263736263,992.3076923076924,996.5730769230769,28,True
2007-03-11,2007-03-17,993.924587912088,992.4076923076923,995.4730769230769,28,True
2007-03-18,2007-03-24,993.8891483516484,989.5846153846153,997.1038461538461,28,True
2007-03-25,2007-03-31,993.3663461538462,991.3538461538461,996.2115384615385,28,True
2007-04-01,2007-04-07,994.0960164835166,991.946153846154,995.7538461538461,28,True
2007-04-08,2007-04-14,995.8473901098902,993.9346153846153,997.5923076923077,28,True
2007-04-15,2007-04-21,995.1449175824175,992.6,998.0076923076923,28,True
2007-04-22,2007-04-28,995.0493131868132,992.8,997.1076923076923,28,True
2007-04-29,2007-05-05,996.1195054945055,993.55,999.2615384615384,28,True
2007-05-06,2007-05-12,995.8967032967033,991.0192307692308,1000.2384615384616,28,True
2007-05-13,2007-05-19,996.7381868131869,991.6884615384615,1000.2576923076923,28,True
2007-05-20,2007-05-26,995.5222527472527,991.9423076923076,1000.2153846153847,28,True
2007-05-27,2007-06-02,996.7620879120878,994.6269230769232,997.8730769230768,28,True
2007-06-03,2007-06-09,997.7726648351647,995.9192307692308,999.4961538461539,28,True
2007-06-10,2007-06-16,997.3899725274725,995.053846153846,999.35,28,True
2007-06-17,2007-06-23,998.2498626373626,996.65,999.5153846153847,28,True
2007-06-24,2007-06-30,998.9232142857143,995.3807692307693,1003.3538461538461,28,True
2007-07-01,2007-07-07,999.170054945055,995.7076923076924,1002.7923076923076,28,True
2007-07-08,2007-07-14,997.0164835164835,994.8730769230768,998.5769230769231,28,True
2007-07-15,2007-07-21,996.7074175824175,993.9307692307692,997.946153846154,28,True
2007-07-22,2007-07-28,997.041620879121,992.7807692307692,1001.5692307692308,28,True
2007-07-29,2007-08-04,997.6082417582418,994.2538461538461,1000.8846153846154,28,True
2007-08-05,2007-08-11,996.0887362637362,993.25,998.9769230769231,28,True
2007-08-12,2007-08-18,996.1729395604395,993.5038461538461,998.9846153846153,28,True
2007-08-19,2007-08-25,994.8358516483516,989.6,998.3961538461539,28,True
2007-08-26,2007-09-01,996.3375,991.5076923076923,999.4038461538461,28,True
2007-09-02,2007-09-08,997.2644230769231,994.7538461538461,998.8230769230769,28,True
2007-09-09,2007-09-15,995.2857142857143,993.3115384615385,996.8692307692307,28,True
2007-09-16,2007-09-22,995.4211538461539,993.303846153846,997.5384615384615,28,True
2007-09-23,2007-09-29,995.6133241758242,991.8538461538461,998.696153846154,28,True
2007-09-30,2007-10-06,995.323901098901,990.4769230769231,998.8615384615384,28,True
2007-10-07,2007-10-13,992.4561813186813,988.5153846153847,996.2384615384616,28,True
2007-10-14,2007-10-20,993.2041208791209,988.9884615384616,995.9538461538461,28,True
2007-10-21,2007-10-27,993.4199175824176,990.4846153846153,996.05,28,True
2007-10-28,2007-11-03,991.8050824175824,988.1,994.7153846153847,28,True
2007-11-04,2007-11-10,991.4196428571429,988.1538461538461,993.45,28,True
2007-11-11,2007-11-17,992.1928571428571,989.6115384615384,995.4307692307692,28,True
2007-11-18,2007-11-24,994.1262362637362,991.2769230769231,996.4923076923077,28,True
2007-11-25,2007-12-01,992.2880494505495,989.7884615384615,995.1269230769232,28,True
2007-12-02,2007-12-08,992.539010989011,988.8307692307692,996.4230769230769,28,True
2007-12-09,2007-12-15,991.9785714285714,989.4346153846153,993.9038461538461,28,True
2007-12-16,2007-12-22,992.8215659340659,990.3269230769231,995.5423076923076,28,True
2007-12-23,2007-12-29,993.3313186813186,991.3961538461539,995.0,28,True
2007-12-30,2008-01-05,994.5103021978022,992.0692307692308,997.7576923076923,28,True
2008-01-06,2008-01-12,993.0697802197802,988.6576923076923,997.1653846153847,28,True
2008-01-13,2008-01-19,992.5885989010989,990.5961538461539,994.946153846154,28,True
2008-01-20,2008-01-26,993.5027472527472,990.3576923076923,995.8961538461539,28,True
2008-01-27,2008-02-02,991.5181318681318,988.4,993.8461538461539,28,True
2008-02-03,2008-02-09,994.4978021978022,989.5269230769231,997.0769230769231,28,True
2008-02-10,2008-02-16,994.2630494505495,991.9923076923077,996.4576923076924,28,True
2008-02-17,2008-02-23,993.9688186813186,990.6115384615384,997.3692307692307,28,True
2008-02-24,2008-03-01,994.4074175824177,991.4846153846153,996.7846153846153,28,True
2008-03-02,2008-03-08,993.0940934065935,989.0692307692308,995.7846153846153,28,True
2008-03-09,2008-03-15,994.321978021978,991.6153846153846,996.3115384615385,28,True
2008-03-16,2008-03-22,995.3122252747253,993.2615384615384,996.7307692307692,28,True
2008-03-23,2008-03-29,994.0517857142858,990.3461538461539,997.1,28,True
2008-03-30,2008-04-05,992.6781593406594,989.6115384615384,996.5730769230769,28,True
2008-04-06,2008-04-12,993.4070054945056,991.0153846153847,996.0461538461539,28,True
2008-04-13,2008-04-19,994.3476648351649,991.15,996.3461538461539,28,True
2008-04-20,2008-04-26,993.7693681318681,991.2423076923077,996.1076923076923,28,True
2008-04-27,2008-05-03,993.9252747252748,991.4269230769231,996.9192307692308,28,True
2008-05-04,2008-05-10,996.8663461538462,993.4153846153847,999.4115384615384,28,True
2008-05-11,2008-05-17,997.6123626373626,995.3538461538461,999.1423076923077,28,True
2008-05-18,2008-05-24,996.1946428571429,993.8961538461539,997.5269230769231,28,True
2008-05-25,2008-05-31,995.0629120879121,992.7346153846153,997.6269230769232,28,True
2008-06-01,2008-06-07,998.2118131868132,995.1692307692308,1000.0153846153847,28,True
2008-06-08,2008-06-14,996.9769230769231,994.6884615384615,998.4538461538461,28,True
2008-06-15,2008-06-21,997.0920329670329,994.0769230769231,1000.6230769230768,28,True
2008-06-22,2008-06-28,997.2019230769231,994.7884615384615,999.6192307692307,28,True
2008-06-29,2008-07-05,999.1188186813187,997.2730769230769,1000.9230769230769,28,True
2008-07-06,2008-07-12,998.4048076923076,995.9384615384615,1000.7538461538461,28,True
2008-07-13,2008-07-19,997.4031593406593,994.1038461538461,999.7846153846153,28,True
2008-07-20,2008-07-26,997.8578296703297,995.8230769230769,999.3846153846154,28,True
2008-07-27,2008-08-02,996.5467032967033,992.8730769230768,999.1730769230769,28,True
2008-08-03,2008-08-09,995.8932692307692,993.25,997.7076923076924,28,True
2008-08-10,2008-08-16,996.3174450549451,991.85,998.303846153846,28,True
2008-08-17,2008-08-23,994.5758241758241,991.6730769230769,996.6461538461539,28,True
2008-08-24,2008-08-30,994.3373626373626,990.2846153846153,997.9846153846153,28,True
2008-08-31,2008-09-06,994.6207417582417,991.9346153846153,996.7461538461539,28,True
2008-09-07,2008-09-13,996.6396978021978,993.7538461538461,999.9269230769231,28,True
2008-09-14,2008-09-20,995.7751373626373,992.0846153846153,998.0923076923077,28,True
2008-09-21,2008-09-27,995.5873626373626,991.9346153846153,998.8384615384616,28,True
2008-09-28,2008-10-04,994.5254120879121,991.1769230769231,997.3615384615384,28,True
2008-10-05,2008-10-11,994.417032967033,990.7769230769231,998.2307692307692,28,True
2008-10-12,2008-10-18,994.2197802197803,990.1230769230768,997.6884615384615,28,True
2008-10-19,2008-10-25,994.6119505494506,992.7769230769231,997.3269230769231,28,True
2008-10-26,2008-11-01,993.6164835164835,990.9576923076924,995.6192307692307,28,True
2008-11-02,2008-11-08,994.0476648351648,991.1076923076923,996.7115384615385,28,True
2008-11-09,2008-11-15,991.421978021978,988.5230769230769,995.4346153846153,28,True
2008-11-16,2008-11-22,991.3853021978022,989.2423076923077,994.2615384615384,28,True
2008-11-23,2008-11-29,992.1693681318682,990.0576923076924,994.9269230769231,28,True
2008-11-30,2008-12-06,993.5017857142857,989.7346153846153,996.7461538461539,28,True
2008-12-07,2008-12-13,993.3714285714286,989.8192307692308,996.4692307692308,28,True
2008-12-14,2008-12-20,991.7809065934065,987.553846153846,994.5846153846153,28,True
2008-12-21,2008-12-27,991.9152472527473,989.0192307692308,994.4692307692308,28,True
2008-12-28,2009-01-03,992.487087912088,988.6538461538461,994.8115384615385,28,True
2009-01-04,2009-01-10,993.6960164835165,991.6269230769232,995.5153846153847,28,True
2009-01-11,2009-01-17,995.3032967032967,992.8538461538461,996.8115384615385,28,True
2009-01-18,2009-01-24,995.2520604395604,993.15,996.9307692307692,28,True
2009-01-25,2009-01-31,993.7949175824176,991.6461538461539,995.8769230769232,28,True
2009-02-01,2009-02-07,994.876923076923,992.1730769230769,996.9230769230769,28,True
2009-02-08,2009-02-14,993.8493131868132,989.8769230769232,996.0730769230769,28,True
2009-02-15,2009-02-21,992.232554945055,988.9115384615384,994.4076923076923,28,True
2009-02-22,2009-02-28,992.9561813186813,990.6807692307692,994.9076923076923,28,True
2009-03-01,2009-03-07,994.5949175824177,992.6653846153847,996.2769230769231,28,True
2009-03-08,2009-03-14,992.9888736263737,990.8538461538461,994.696153846154,28,True
2009-03-15,2009-03-21,994.0662087912087,992.1153846153846,996.8653846153846,28,True
2009-03-22,2009-03-28,992.7468406593407,991.0038461538461,994.4576923076924,28,True
2009-03-29,2009-04-04,993.4994505494506,989.9615384615385,995.4153846153847,28,True
2009-04-05,2009-04-11,994.7075549450549,990.8538461538461,997.0076923076923,28,True
2009-04-12,2009-04-18,995.7142857142857,993.8,997.7615384615384,28,True
2009-04-19,2009-04-25,995.2837912087913,993.0153846153847,997.4961538461539,28,True
2009-04-26,2009-05-02,996.1337912087912,994.0038461538461,997.6192307692307,28,True
2009-05-03,2009-05-09,995.2817307692309,992.3692307692307,997.15,28,True
2009-05-10,2009-05-16,994.5835164835164,991.7461538461539,996.2769230769231,28,True
2009-05-17,2009-05-23,996.2156593406593,992.7192307692308,998.1576923076923,28,True
2009-05-24,2009-05-30,996.666620879121,994.0769230769231,998.3538461538461,28,True
2009-05-31,2009-06-06,997.6254120879121,995.0769230769231,999.8730769230768,28,True
2009-06-07,2009-06-13,998.1833791208791,995.95,1000.2307692307692,28,True
2009-06-14,2009-06-20,996.4395604395604,994.0307692307692,998.7576923076923,28,True
2009-06-21,2009-06-27,997.1931318681319,994.4307692307692,1000.0846153846153,28,True
2009-06-28,2009-07-04,997.6729395604395,995.3,1001.1115384615384,28,True
2009-07-05,2009-07-11,997.6168956043956,994.8884615384616,999.8346153846153,28,True
2009-07-12,2009-07-18,998.6493131868132,994.8807692307693,1001.3884615384616,28,True
2009-07-19,2009-07-25,996.3467032967034,992.5576923076924,999.95,28,True
2009-07-26,2009-08-01,997.9370879120879,995.696153846154,1000.1538461538461,28,True
2009-08-02,2009-08-08,997.1339285714286,993.7538461538461,999.196153846154,28,True
2009-08-09,2009-08-15,997.3519230769232,993.7807692307692,999.7807692307692,28,True
2009-08-16,2009-08-22,993.5173076923077,990.7423076923077,995.4346153846153,28,True
2009-08-23,2009-08-29,995.354120879121,990.2307692307692,998.3961538461539,28,True
2009-08-30,2009-09-05,995.8994505494505,993.4653846153847,998.0807692307692,28,True
2009-09-06,2009-09-12,995.8572802197803,990.7846153846153,1000.0884615384616,28,True
2009-09-13,2009-09-19,995.2837912087913,993.3538461538461,998.2884615384615,28,True
2009-09-20,2009-09-26,994.3473901098902,991.8615384615384,996.9884615384616,28,True
2009-09-27,2009-10-03,996.2846153846154,992.4153846153847,999.4653846153847,28,True
2009-10-04,2009-10-10,994.9872252747253,992.4269230769231,997.4,28,True
2009-10-11,2009-10-17,991.5054945054945,989.446153846154,994.6461538461539,28,True
2009-10-18,2009-10-24,991.4685439560438,989.3884615384616,994.3423076923077,28,True
2009-10-25,2009-10-31,991.6821428571428,989.75,994.3384615384616,28,True
2009-11-01,2009-11-07,990.2501373626374,986.9961538461539,992.8,28,True
2009-11-08,2009-11-14,990.7074175824175,988.0846153846153,992.5307692307692,28,True
2009-11-15,2009-11-21,991.1149725274726,988.3692307692307,994.1269230769232,28,True
2009-11-22,2009-11-28,991.470054945055,989.7,993.8192307692308,28,True
2009-11-29,2009-12-05,991.3520604395604,989.7576923076923,993.2730769230769,28,True
2009-12-06,2009-12-12,991.9712912087913,989.1615384615384,994.8538461538461,28,True
2009-12-13,2009-12-19,992.9092032967034,990.9115384615384,994.35,28,True
2009-12-20,2009-12-26,994.4056318681318,992.4730769230769,996.446153846154,28,True
2009-12-27,2010-01-02,992.895879120879,990.3076923076924,995.5346153846153,28,True
2010-01-03,2010-01-09,992.6622252747253,988.8076923076924,995.1192307692307,28,True
2010-01-10,2010-01-16,993.3317307692307,990.2846153846153,996.0461538461539,28,True
2010-01-17,2010-01-23,994.1456043956043,991.1846153846153,996.9846153846153,28,True
2010-01-24,2010-01-30,991.9302197802198,988.9384615384615,994.1730769230769,28,True
2010-01-31,2010-02-06,992.9667582417582,989.8346153846153,994.8192307692308,28,True
2010-02-07,2010-02-13,991.4781593406594,987.803846153846,993.553846153846,28,True
2010-02-14,2010-02-20,991.8520604395604,988.3730769230768,995.1423076923077,28,True
2010-02-21,2010-02-27,992.4462912087912,990.6461538461539,994.0307692307692,28,True
2010-02-28,2010-03-06,993.3752747252747,991.65,995.0230769230769,28,True
2010-03-07,2010-03-13,992.2582417582418,990.5923076923077,993.9384615384615,28,True
2010-03-14,2010-03-20,993.1942307692308,991.1884615384615,995.8923076923077,28,True
2010-03-21,2010-03-27,993.1535714285714,989.5307692307692,995.1653846153847,28,True
2010-03-28,2010-04-03,992.3918956043956,988.9346153846153,995.053846153846,28,True
2010-04-04,2010-04-10,993.6273351648351,989.9923076923077,996.4730769230769,28,True
2010-04-11,2010-04-17,993.4704670329671,990.0846153846153,995.0076923076923,28,True
2010-04-18,2010-04-24,994.6012362637363,992.45,996.4307692307692,28,True
2010-04-25,2010-05-01,994.9475274725274,992.4192307692308,996.6923076923076,28,True
2010-05-02,2010-05-08,994.5995879120879,992.4653846153847,996.8538461538461,28,True
2010-05-09,2010-05-15,996.7688186813186,993.45,998.9653846153847,28,True
2010-05-16,2010-05-22,994.6146978021978,992.2769230769231,996.65,28,True
2010-05-23,2010-05-29,993.5364010989011,989.3346153846153,997.6923076923076,28,True
2010-05-30,2010-06-05,997.5061813186813,993.5346153846153,1000.2538461538461,28,True
2010-06-06,2010-06-12,999.3236263736263,997.2192307692308,1001.2038461538461,28,True
2010-06-13,2010-06-19,996.5462912087912,993.9961538461539,999.2846153846153,28,True
2010-06-20,2010-06-26,996.0038461538461,992.9807692307692,998.4230769230769,28,True
2010-06-27,2010-07-03,996.990521978022,994.15,999.2730769230769,28,True
2010-07-04,2010-07-10,995.2206043956045,992.6269230769232,997.8576923076923,28,True
2010-07-11,2010-07-17,995.5726648351648,991.6192307692307,1001.8538461538461,28,True
2010-07-18,2010-07-24,998.6657967032968,994.0269230769231,1003.3884615384616,28,True
2010-07-25,2010-07-31,996.3789835164835,991.4538461538461,999.2961538461539,28,True
2010-08-01,2010-08-07,996.4126373626374,990.5884615384616,1000.1576923076923,28,True
2010-08-08,2010-08-14,996.7123626373626,994.1076923076923,999.2384615384616,28,True
2010-08-15,2010-08-21,996.0418956043957,991.3461538461539,998.9692307692308,28,True
2010-08-22,2010-08-28,994.3766483516483,991.303846153846,998.0769230769231,28,True
2010-08-29,2010-09-04,995.0596153846154,991.8807692307693,999.4346153846153,28,True
2010-09-05,2010-09-11,995.1831043956043,991.0884615384616,998.1038461538461,28,True
2010-09-12,2010-09-18,993.4101648351649,990.7115384615385,995.6730769230769,28,True
2010-09-19,2010-09-25,993.1912087912089,990.4076923076923,995.4653846153847,28,True
2010-09-26,2010-10-02,991.1145604395605,987.9346153846153,993.8692307692307,28,True
2010-10-03,2010-10-09,993.6759615384616,988.6538461538461,997.8384615384616,28,True
2010-10-10,2010-10-16,994.4096153846154,991.7269230769231,996.6307692307693,28,True
2010-10-17,2010-10-23,993.1030219780221,989.9653846153847,996.1692307692308,28,True
2010-10-24,2010-10-30,990.1064560439561,987.3961538461539,992.6884615384615,28,True
2010-10-31,2010-11-06,991.2016483516484,986.7653846153847,995.5269230769231,28,True
2010-11-07,2010-11-13,991.7637362637363,988.0461538461539,995.9923076923077,28,True
2010-11-14,2010-11-20,992.001510989011,989.3461538461539,994.5,28,True
2010-11-21,2010-11-27,990.4585164835164,986.3153846153847,994.4307692307692,28,True
2010-11-28,2010-12-04,990.7722527472527,988.9653846153847,993.4846153846153,28,True
2010-12-05,2010-12-11,992.1770604395605,988.7192307692308,996.0346153846153,28,True
2010-12-12,2010-12-18,990.2086538461538,985.9423076923076,993.45,28,True
2010-12-19,2010-12-25,991.7744505494505,987.3538461538461,994.4538461538461,28,True
2010-12-26,2011-01-01,991.8212912087912,988.4,994.803846153846,28,True
2011-01-02,2011-01-08,990.7394230769231,987.2923076923076,993.4769230769231,28,True
2011-01-09,2011-01-15,992.8866758241758,990.1576923076923,994.6307692307693,28,True
2011-01-16,2011-01-22,991.1798076923077,987.4807692307692,993.9692307692308,28,True
2011-01-23,2011-01-29,992.0493131868133,988.3307692307692,996.2884615384615,28,True
2011-01-30,2011-02-05,994.2185439560438,989.6192307692307,996.8423076923077,28,True
2011-02-06,2011-02-12,992.7108516483516,989.3461538461539,995.3076923076924,28,True
2011-02-13,2011-02-19,992.9074175824177,989.8846153846154,994.6730769230769,28,True
2011-02-20,2011-02-26,992.0866758241758,988.7807692307692,994.1653846153847,28,True
2011-02-27,2011-03-05,992.2146978021977,989.4923076923077,994.8730769230768,28,True
2011-03-06,2011-03-12,992.4094780219781,989.9115384615384,994.3,28,True
2011-03-13,2011-03-19,992.9848901098901,990.6076923076923,995.5461538461539,28,True
2011-03-20,2011-03-26,992.682967032967,989.053846153846,994.8538461538461,28,True
2011-03-27,2011-04-02,994.4052197802197,992.5807692307692,996.2615384615384,28,True
2011-04-03,2011-04-09,993.863598901099,991.1923076923076,995.2615384615384,28,True
2011-04-10,2011-04-16,993.9655219780219,992.053846153846,997.0153846153847,28,True
2011-04-17,2011-04-23,994.2710164835164,992.1269230769232,996.9269230769231,28,True
2011-04-24,2011-04-30,994.3369505494505,990.5692307692308,997.4346153846153,28,True
2011-05-01,2011-05-07,995.793543956044,990.9653846153847,999.0346153846153,28,True
2011-05-08,2011-05-14,994.8678571428571,992.2153846153847,997.1038461538461,28,True
2011-05-15,2011-05-21,994.3535714285715,991.3769230769232,996.7692307692308,28,True
2011-05-22,2011-05-28,996.3998626373626,993.8769230769232,998.2115384615385,28,True
2011-05-29,2011-06-04,997.0103021978022,995.3192307692308,998.8730769230768,28,True
2011-06-05,2011-06-11,996.6435439560439,993.7038461538461,999.1692307692308,28,True
2011-06-12,2011-06-18,997.2146978021977,994.8615384615384,998.8538461538461,28,True
2011-06-19,2011-06-25,996.3306318681318,993.2807692307692,998.1615384615384,28,True
2011-06-26,2011-07-02,996.3940934065934,993.553846153846,998.3076923076924,28,True
2011-07-03,2011-07-09,998.0127747252747,995.9076923076923,999.7192307692308,28,True
2011-07-10,2011-07-16,996.8097527472528,992.9653846153847,999.3730769230768,28,True
2011-07-17,2011-07-23,997.1171703296703,994.4615384615385,998.9923076923077,28,True
2011-07-24,2011-07-30,996.1351648351648,990.6423076923077,999.95,28,True
2011-07-31,2011-08-06,995.7201923076924,992.5461538461539,999.65,28,True
2011-08-07,2011-08-13,996.8583791208791,993.2423076923077,999.55,28,True
2011-08-14,2011-08-20,994.5745879120878,989.7769230769231,997.0807692307692,28,True
2011-08-21,2011-08-27,997.0504120879122,992.9192307692308,999.4153846153847,28,True
2011-08-28,2011-09-03,997.359478021978,994.6384615384616,999.7730769230769,28,True
2011-09-04,2011-09-10,995.0523351648352,991.75,997.303846153846,28,True
2011-09-11,2011-09-17,996.6218406593407,993.9,998.9153846153847,28,True
2011-09-18,2011-09-24,995.3273351648352,993.3384615384616,997.0461538461539,28,True
2011-09-25,2011-10-01,995.4611263736264,991.6884615384615,998.0115384615384,28,True
2011-10-02,2011-10-08,993.3131868131868,991.1692307692308,995.6,28,True
2011-10-09,2011-10-15,991.1729395604395,987.9615384615385,994.2692307692308,28,True
2011-10-16,2011-10-22,991.6076923076923,988.5730769230769,995.4384615384615,28,True
2011-10-23,2011-10-29,992.3943681318681,988.6692307692308,995.9384615384615,28,True
2011-10-30,2011-11-05,993.0832417582418,990.0923076923077,995.446153846154,28,True
2011-11-06,2011-11-12,991.5990384615385,989.3576923076923,993.5153846153847,28,True
2011-11-13,2011-11-19,991.3998626373626,989.0730769230769,993.6230769230768,28,True
2011-11-20,2011-11-26,992.9223901098901,989.6269230769232,996.1576923076923,28,True
2011-11-27,2011-12-03,991.4039835164834,988.75,993.4038461538461,28,True
2011-12-04,2011-12-10,991.0070054945055,987.7923076923076,994.05,28,True
2011-12-11,2011-12-17,991.7542582417582,989.946153846154,993.7230769230769,28,True
2011-12-18,2011-12-24,993.0528846153846,991.1346153846154,995.0307692307692,28,True
2011-12-25,2011-12-31,995.2509615384615,992.65,997.5961538461539,28,True
2012-01-01,2012-01-07,993.7353021978022,991.3615384615384,995.5730769230769,28,True
2012-01-08,2012-01-14,993.0096153846154,988.8615384615384,995.946153846154,28,True
2012-01-15,2012-01-21,993.9468406593406,990.803846153846,997.7115384615385,28,True
2012-01-22,2012-01-28,992.1403846153846,989.8884615384616,994.3153846153847,28,True
2012-01-29,2012-02-04,991.8293956043956,989.0576923076924,994.1615384615384,28,True
2012-02-05,2012-02-11,993.6677197802198,991.1884615384615,995.4769230769231,28,True
2012-02-12,2012-02-18,992.0751373626374,989.4230769230769,994.4538461538461,28,True
2012-02-19,2012-02-25,993.3987637362637,991.7769230769231,995.4115384615384,28,True
2012-02-26,2012-03-03,993.2002747252747,990.6076923076923,995.1538461538461,28,True
2012-03-04,2012-03-10,994.3461538461539,992.05,996.5,28,True
2012-03-11,2012-03-17,995.299587912088,992.5769230769231,996.8923076923077,28,True
2012-03-18,2012-03-24,992.6186813186813,990.6884615384615,995.5230769230769,28,True
2012-03-25,2012-03-31,994.9284340659341,991.75,998.15,28,True
2012-04-01,2012-04-07,994.2376373626374,992.3384615384616,996.6269230769232,28,True
2012-04-08,2012-04-14,993.3756868131868,989.7230769230769,995.5461538461539,28,True
2012-04-15,2012-04-21,993.950412087912,992.053846153846,995.5076923076923,28,True
2012-04-22,2012-04-28,994.1436813186813,991.8269230769231,995.9192307692308,28,True
2012-04-29,2012-05-05,995.6869505494506,992.6730769230769,998.4423076923076,28,True
2012-05-06,2012-05-12,995.4803571428572,992.9153846153847,997.3153846153847,28,True
2012-05-13,2012-05-19,995.128434065934,993.2153846153847,997.3230769230769,28,True
2012-05-20,2012-05-26,996.356043956044,994.3230769230769,997.9807692307692,28,True
2012-05-27,2012-06-02,997.289010989011,993.2653846153847,999.9076923076923,28,True
2012-06-03,2012-06-09,997.0090659340659,993.8576923076923,998.9884615384616,28,True
2012-06-10,2012-06-16,996.7063186813186,994.8615384615384,998.6384615384616,28,True
2012-06-17,2012-06-23,996.1990384615384,993.9576923076924,1000.2230769230769,28,True
2012-06-24,2012-06-30,998.8269230769231,995.1038461538461,1000.5076923076923,28,True
2012-07-01,2012-07-07,996.1146978021978,993.5923076923077,998.8884615384616,28,True
2012-07-08,2012-07-14,996.3800824175823,992.5115384615384,998.5,28,True
2012-07-15,2012-07-21,998.639010989011,995.9846153846153,1002.1653846153847,28,True
2012-07-22,2012-07-28,998.3880494505495,995.4307692307692,1000.5615384615385,28,True
2012-07-29,2012-08-04,997.0552197802198,993.2807692307692,999.8115384615385,28,True
2012-08-05,2012-08-11,996.4756868131868,993.946153846154,998.7884615384615,28,True
2012-08-12,2012-08-18,996.5184065934066,993.4730769230769,998.0769230769231,28,True
2012-08-19,2012-08-25,996.1001373626374,992.6807692307692,999.7615384615384,28,True
2012-08-26,2012-09-01,998.2342032967033,995.4,1000.1192307692307,28,True
2012-09-02,2012-09-08,997.814010989011,994.696153846154,1000.2153846153847,28,True
2012-09-09,2012-09-15,996.5751373626373,992.7884615384615,999.8269230769231,28,True
2012-09-16,2012-09-22,994.3574175824176,991.5230769230769,997.1,28,True
2012-09-23,2012-09-29,996.1039835164836,993.0307692307692,999.6384615384616,28,True
2012-09-30,2012-10-06,993.9495879120878,989.8115384615385,997.75,28,True
2012-10-07,2012-10-13,993.8142857142857,989.8807692307693,996.7461538461539,28,True
2012-10-14,2012-10-20,992.3737637362638,989.3269230769231,995.2730769230769,28,True
2012-10-21,2012-10-27,992.0071428571429,988.9538461538461,994.7461538461539,28,True
2012-10-28,2012-11-03,993.5436813186814,990.9807692307692,995.8846153846154,28,True
2012-11-04,2012-11-10,991.5896978021977,988.8807692307693,994.2,28,True
2012-11-11,2012-11-17,992.0024725274725,989.3,994.6692307692308,28,True
2012-11-18,2012-11-24,992.0219780219779,989.946153846154,994.3346153846153,28,True
2012-11-25,2012-12-01,991.9843406593407,988.8269230769231,994.2769230769231,28,True
2012-12-02,2012-12-08,990.7162087912087,988.5730769230769,994.0192307692308,28,True
2012-12-09,2012-12-15,991.5071428571429,988.8576923076923,995.25,28,True
2012-12-16,2012-12-22,991.2960164835165,989.2230769230769,993.7230769230769,28,True
2012-12-23,2012-12-29,993.0247252747253,991.4923076923077,994.2807692307692,28,True
2012-12-30,2013-01-05,995.1074175824176,993.2653846153847,996.9576923076924,28,True
2013-01-06,2013-01-12,994.1122252747253,991.2307692307692,995.8115384615385,28,True
2013-01-13,2013-01-19,992.6388736263737,990.3153846153847,996.0307692307692,28,True
2013-01-20,2013-01-26,994.3439560439559,991.0576923076924,996.9807692307692,28,True
2013-01-27,2013-02-02,993.6847527472528,990.4346153846153,996.6,28,True
2013-02-03,2013-02-09,991.8892857142857,990.3269230769231,993.9269230769231,28,True
2013-02-10,2013-02-16,992.5824175824175,990.1884615384615,994.7884615384615,28,True
2013-02-17,2013-02-23,993.4082417582418,991.8615384615384,995.0961538461539,28,True
2013-02-24,2013-03-02,992.9592032967032,989.6423076923077,995.0038461538461,28,True
2013-03-03,2013-03-09,994.9875000000001,993.1076923076923,996.9115384615384,28,True
2013-03-10,2013-03-16,992.9059065934067,991.3115384615385,995.3269230769231,28,True
2013-03-17,2013-03-23,992.9041208791208,989.7653846153847,995.5269230769231,28,True
2013-03-24,2013-03-30,994.0380494505495,989.8615384615384,996.7807692307692,28,True
2013-03-31,2013-04-06,994.9831043956044,993.3692307692307,996.4,28,True
2013-04-07,2013-04-13,993.3357142857143,989.9923076923077,995.3230769230769,28,True
2013-04-14,2013-04-20,994.7081043956043,992.553846153846,996.6769230769231,28,True
2013-04-21,2013-04-27,995.2777472527472,992.15,998.0192307692308,28,True
2013-04-28,2013-05-04,993.8872252747252,990.7807692307692,995.8884615384616,28,True
2013-05-05,2013-05-11,996.5329670329671,992.3692307692307,999.1192307692307,28,True
2013-05-12,2013-05-18,995.4921703296703,993.9538461538461,998.1692307692308,28,True
2013-05-19,2013-05-25,996.1296703296704,994.4538461538461,997.9423076923076,28,True
2013-05-26,2013-06-01,995.2451923076924,992.8769230769232,997.6153846153846,28,True
2013-06-02,2013-06-08,997.6392857142857,994.5884615384616,1000.05,28,True
2013-06-09,2013-06-15,998.203021978022,996.4576923076924,1000.0961538461539,28,True
2013-06-16,2013-06-22,996.104532967033,994.2346153846153,998.0153846153847,28,True
2013-06-23,2013-06-29,996.2804945054944,993.3153846153847,998.3538461538461,28,True
2013-06-30,2013-07-06,996.7799450549452,993.5230769230769,998.6653846153847,28,True
2013-07-07,2013-07-13,998.3733516483517,995.7538461538461,1000.6038461538461,28,True
2013-07-14,2013-07-20,997.743956043956,995.8230769230769,999.3076923076924,28,True
2013-07-21,2013-07-27,998.511401098901,994.0461538461539,1003.2884615384615,28,True
2013-07-28,2013-08-03,999.0626373626374,996.5923076923077,1001.95,28,True
2013-08-04,2013-08-10,995.6229395604396,991.1769230769231,998.9923076923077,28,True
2013-08-11,2013-08-17,996.3642857142858,993.0076923076923,999.1269230769232,28,True
2013-08-18,2013-08-24,995.3399725274725,991.3692307692307,998.2846153846153,28,True
2013-08-25,2013-08-31,998.1975274725274,994.9384615384615,1002.2115384615385,28,True
2013-09-01,2013-09-07,995.6490384615385,992.1307692307693,998.2923076923076,28,True
2013-09-08,2013-09-14,994.604120879121,989.2576923076923,997.9538461538461,28,True
2013-09-15,2013-09-21,995.251510989011,992.7192307692308,999.1,28,True
2013-09-22,2013-09-28,995.9333791208791,991.8730769230768,998.9076923076923,28,True
2013-09-29,2013-10-05,994.5848901098901,991.2384615384616,997.5115384615384,28,True
2013-10-06,2013-10-12,994.6157967032967,990.2692307692308,998.3192307692308,28,True
2013-10-13,2013-10-19,993.6473901098901,990.9346153846153,996.0576923076924,28,True
2013-10-20,2013-10-26,993.280357142857,991.2192307692308,996.4884615384616,28,True
2013-10-27,2013-11-02,991.4675824175823,988.2653846153847,995.0307692307692,28,True
2013-11-03,2013-11-09,992.2409340659341,990.25,994.3461538461539,28,True
2013-11-10,2013-11-16,992.4089285714286,989.8307692307692,994.2384615384616,28,True
2013-11-17,2013-11-23,991.5385989010989,988.1807692307692,994.2384615384616,28,True
2013-11-24,2013-11-30,990.35,988.1423076923077,992.5807692307692,28,True
2013-12-01,2013-12-07,993.5120879120878,990.3230769230769,996.3615384615384,28,True
2013-12-08,2013-12-14,993.5372252747253,989.5730769230769,996.7692307692308,28,True
2013-12-15,2013-12-21,991.7146978021977,988.6230769230768,994.6115384615384,28,True
2013-12-22,2013-12-28,992.9505494505494,989.3,996.95,28,True
2013-12-29,2014-01-04,992.9571428571428,990.9538461538461,995.0961538461539,28,True
2014-01-05,2014-01-11,993.5517857142858,990.7692307692308,995.4692307692308,28,True
2014-01-12,2014-01-18,994.7081043956043,992.303846153846,996.4038461538461,28,True
2014-01-19,2014-01-25,993.7675824175824,990.5692307692308,996.3423076923077,28,True
2014-01-26,2014-02-01,991.7138736263736,988.1115384615384,993.8769230769232,28,True
2014-02-02,2014-02-08,992.3197802197802,990.7115384615385,994.5576923076924,28,True
2014-02-09,2014-02-15,993.360989010989,991.7730769230769,995.4153846153847,28,True
2014-02-16,2014-02-22,992.2239010989011,989.9038461538461,994.7076923076924,28,True
2014-02-23,2014-03-01,993.1625,991.7461538461539,995.0769230769231,28,True
2014-03-02,2014-03-08,992.9072802197803,989.2384615384616,995.6230769230768,28,True
2014-03-09,2014-03-15,992.9354395604396,989.8346153846153,994.6269230769232,28,True
2014-03-16,2014-03-22,993.359478021978,990.9653846153847,996.6038461538461,28,True
2014-03-23,2014-03-29,994.9335164835164,991.3384615384616,996.6384615384616,28,True
2014-03-30,2014-04-05,994.1089285714286,989.3538461538461,997.1615384615384,28,True
2014-04-06,2014-04-12,995.3832417582418,993.35,996.9961538461539,28,True
2014-04-13,2014-04-19,994.3130494505494,992.8,995.9769230769231,28,True
2014-04-20,2014-04-26,994.7556318681319,992.6,996.6346153846154,28,True
2014-04-27,2014-05-03,994.1396978021978,990.946153846154,996.3153846153847,28,True
2014-05-04,2014-05-10,995.6505494505494,992.75,997.8692307692307,28,True
2014-05-11,2014-05-17,994.3721153846154,992.6307692307693,995.7,28,True
2014-05-18,2014-05-24,995.0111263736263,992.1615384615384,997.8269230769231,28,True
2014-05-25,2014-05-31,996.1239010989011,993.2269230769231,998.4,28,True
2014-06-01,2014-06-07,994.4601648351647,992.5653846153847,995.946153846154,28,True
2014-06-08,2014-06-14,996.5010989010989,992.6576923076923,998.5153846153847,28,True
2014-06-15,2014-06-21,999.3160714285715,997.0115384615384,1001.95,28,True
2014-06-22,2014-06-28,997.8467032967034,994.6769230769231,999.5,28,True
2014-06-29,2014-07-05,998.1309065934066,995.7961538461539,999.8538461538461,28,True
2014-07-06,2014-07-12,998.6495879120879,995.9615384615385,1001.0307692307692,28,True
2014-07-13,2014-07-19,1000.0696428571429,997.5346153846153,1001.6115384615384,28,True
2014-07-20,2014-07-26,997.9733516483517,994.8230769230769,1001.1884615384615,28,True
2014-07-27,2014-08-02,998.6506868131868,995.0423076923076,1001.3,28,True
2014-08-03,2014-08-09,998.1523351648351,995.7807692307692,999.9846153846153,28,True
2014-08-10,2014-08-16,997.9603021978021,994.6423076923077,1000.5769230769231,28,True
2014-08-17,2014-08-23,997.2309065934066,993.9076923076923,999.4384615384615,28,True
2014-08-24,2014-08-30,995.7177197802197,992.4576923076924,999.7807692307692,28,True
2014-08-31,2014-09-06,996.2137362637362,993.2307692307692,999.9576923076924,28,True
2014-09-07,2014-09-13,994.8994505494505,991.4846153846153,997.7769230769231,28,True
2014-09-14,2014-09-20,995.3824175824176,992.2,998.0769230769231,28,True
2014-09-21,2014-09-27,994.7381868131869,992.0346153846153,996.8884615384616,28,True
2014-09-28,2014-10-04,996.0839285714285,992.5846153846153,998.1192307692307,28,True
2014-10-05,2014-10-11,993.2358516483516,991.0076923076923,996.0730769230769,28,True
2014-10-12,2014-10-18,996.0523351648352,993.1884615384615,998.1923076923076,28,True
2014-10-19,2014-10-25,994.4582417582417,990.3884615384616,996.7538461538461,28,True
2014-10-26,2014-11-01,992.1207417582417,988.9730769230769,994.6269230769232,28,True
2014-11-02,2014-11-08,992.7755494505494,990.0730769230769,995.85,28,True
2014-11-09,2014-11-15,991.3093406593407,987.4961538461539,995.4384615384615,28,True
2014-11-16,2014-11-22,992.7973901098901,988.1461538461539,997.3423076923077,28,True
2014-11-23,2014-11-29,992.2189560439562,990.2884615384615,994.1384615384616,28,True
2014-11-30,2014-12-06,993.1771978021978,990.0846153846153,995.5153846153847,28,True
2014-12-07,2014-12-13,991.8414835164834,988.2807692307692,995.6423076923077,28,True
2014-12-14,2014-12-20,992.4292582417582,989.6346153846154,996.1461538461539,28,True
2014-12-21,2014-12-27,993.5298076923076,990.303846153846,995.4653846153847,28,True
2014-12-28,2015-01-03,995.1868131868132,993.5307692307692,996.9769230769231,28,True
2015-01-04,2015-01-10,996.4271978021978,994.696153846154,998.3846153846154,28,True
2015-01-11,2015-01-17,995.0431318681319,992.4730769230769,997.9846153846153,28,True
2015-01-18,2015-01-24,993.9601648351648,991.9653846153847,996.8692307692307,28,True
2015-01-25,2015-01-31,993.9112637362638,991.5307692307692,995.446153846154,28,True
2015-02-01,2015-02-07,995.0581043956043,991.9307692307692,997.2576923076923,28,True
2015-02-08,2015-02-14,994.1152472527473,991.4115384615384,996.3230769230769,28,True
2015-02-15,2015-02-21,992.6451923076922,987.9653846153847,995.9692307692308,28,True
2015-02-22,2015-02-28,993.757554945055,991.053846153846,995.6653846153847,28,True
2015-03-01,2015-03-07,993.2368131868132,989.5615384615385,995.5846153846153,28,True
2015-03-08,2015-03-14,993.4391483516483,990.6230769230768,995.5115384615384,28,True
2015-03-15,2015-03-21,993.6641483516484,991.2423076923077,995.4653846153847,28,True
2015-03-22,2015-03-28,995.1809065934066,992.1461538461539,997.3538461538461,28,True
2015-03-29,2015-04-04,995.1717032967033,992.9769230769231,996.5461538461539,28,True
2015-04-05,2015-04-11,994.2391483516484,991.2961538461539,996.3923076923077,28,True
2015-04-12,2015-04-18,994.9248626373626,992.2153846153847,997.0230769230769,28,True
2015-04-19,2015-04-25,995.073489010989,992.7730769230769,997.2807692307692,28,True
2015-04-26,2015-05-02,994.9726648351649,992.4038461538461,996.95,28,True
2015-05-03,2015-05-09,995.4429945054945,990.7461538461539,997.6730769230769,28,True
2015-05-10,2015-05-16,996.1693681318682,994.6038461538461,997.3423076923077,28,True
2015-05-17,2015-05-23,997.9754120879121,995.9076923076923,999.1076923076923,28,True
2015-05-24,2015-05-30,995.5869505494505,993.85,997.0153846153847,28,True
2015-05-31,2015-06-06,996.6266483516483,992.9346153846153,998.7461538461539,28,True
2015-06-07,2015-06-13,996.7251373626374,994.7576923076923,998.4115384615384,28,True
2015-06-14,2015-06-20,997.0506868131869,993.6076923076923,1000.4076923076923,28,True
2015-06-21,2015-06-27,1000.953021978022,998.446153846154,1002.5461538461539,28,True
2015-06-28,2015-07-04,997.9379120879121,994.8653846153846,1000.5692307692308,28,True
2015-07-05,2015-07-11,997.473076923077,995.4307692307692,998.85,28,True
2015-07-12,2015-07-18,997.7093406593406,994.7384615384616,999.7923076923076,28,True
2015-07-19,2015-07-25,998.6929945054945,995.5384615384615,1000.9115384615384,28,True
2015-07-26,2015-08-01,997.7870879120879,995.7846153846153,999.4346153846153,28,True
2015-08-02,2015-08-08,996.2853021978023,993.3230769230769,998.6692307692308,28,True
2015-08-09,2015-08-15,996.5368131868132,993.6115384615384,998.5692307692308,28,True
2015-08-16,2015-08-22,996.3553571428572,993.1115384615384,998.5230769230769,28,True
2015-08-23,2015-08-29,995.1806318681319,992.1153846153846,999.1192307692307,28,True
2015-08-30,2015-09-05,997.6116758241759,995.1307692307693,1000.0115384615384,28,True
2015-09-06,2015-09-12,994.6721153846154,991.4230769230769,997.6346153846154,28,True
2015-09-13,2015-09-19,994.6475274725275,991.1230769230768,997.35,28,True
2015-09-20,2015-09-26,993.923489010989,992.0576923076924,996.1846153846153,28,True
2015-09-27,2015-10-03,992.6263736263736,989.85,996.3923076923077,28,True
2015-10-04,2015-10-10,994.4953296703296,992.1346153846154,998.3192307692308,28,True
2015-10-11,2015-10-17,994.0483516483516,991.6730769230769,995.7846153846153,28,True
2015-10-18,2015-10-24,994.7907967032968,991.8,998.0461538461539,28,True
2015-10-25,2015-10-31,993.9125,991.4192307692308,997.2884615384615,28,True
2015-11-01,2015-11-07,991.8381868131868,989.5384615384615,994.2346153846153,28,True
2015-11-08,2015-11-14,994.2162087912087,992.3384615384616,997.2192307692308,28,True
2015-11-15,2015-11-21,992.1733516483516,988.3846153846154,995.9730769230769,28,True
2015-11-22,2015-11-28,992.0146978021978,989.4653846153847,994.696153846154,28,True
2015-11-29,2015-12-05,993.9225274725275,989.6538461538461,997.4615384615385,28,True
2015-12-06,2015-12-12,994.5396978021978,991.85,996.9307692307692,28,True
2015-12-13,2015-12-19,993.4800824175825,991.2,996.2538461538461,28,True
2015-12-20,2015-12-26,994.8677197802198,992.803846153846,997.1,28,True
2015-12-27,2016-01-02,994.9381868131868,991.8538461538461,997.6192307692307,28,True
2016-01-03,2016-01-09,993.3528846153847,989.7769230769231,995.7307692307692,28,True
2016-01-10,2016-01-16,992.0197802197802,989.6,994.2807692307692,28,True
2016-01-17,2016-01-23,993.5483516483517,990.2115384615385,995.4807692307692,28,True
2016-01-24,2016-01-30,992.7866758241759,989.8884615384616,995.3307692307692,28,True
2016-01-31,2016-02-06,993.1141483516484,990.7038461538461,994.7538461538461,28,True
2016-02-07,2016-02-13,995.732554945055,993.6076923076923,997.5769230769231,28,True
2016-02-14,2016-02-20,993.3383241758241,990.8769230769232,995.1807692307692,28,True
2016-02-21,2016-02-27,992.651923076923,990.3192307692308,994.7076923076924,28,True
2016-02-28,2016-03-05,993.7391483516484,990.7307692307692,995.0923076923077,28,True
2016-03-06,2016-03-12,993.7590659340659,991.7576923076923,995.3769230769232,28,True
2016-03-13,2016-03-19,995.0237637362637,992.9692307692308,996.0307692307692,28,True
2016-03-20,2016-03-26,995.0206043956043,992.2153846153847,996.7730769230769,28,True
2016-03-27,2016-04-02,995.6428571428571,993.4115384615384,997.3846153846154,28,True
2016-04-03,2016-04-09,994.3839285714286,992.5115384615384,996.4807692307692,28,True
2016-04-10,2016-04-16,993.5271978021977,992.0884615384616,994.7576923076923,28,True
2016-04-17,2016-04-23,995.1324175824176,993.1230769230768,997.25,28,True
2016-04-24,2016-04-30,994.3361263736264,990.1576923076923,998.4961538461539,28,True
2016-05-01,2016-05-07,996.6440934065934,994.4961538461539,998.4384615384615,28,True
2016-05-08,2016-05-14,995.8756868131868,992.95,998.5653846153847,28,True
2016-05-15,2016-05-21,997.4554945054945,995.1076923076923,999.8653846153846,28,True
2016-05-22,2016-05-28,997.9190934065934,994.0346153846153,1000.6038461538461,28,True
2016-05-29,2016-06-04,995.9420329670329,992.9153846153847,999.2884615384615,28,True
2016-06-05,2016-06-11,998.1335164835165,994.8153846153847,1002.0423076923076,28,True
2016-06-12,2016-06-18,1001.1432692307692,998.6,1003.35,28,True
2016-06-19,2016-06-25,999.557554945055,998.0692307692308,1001.1769230769231,28,True
2016-06-26,2016-07-02,999.2072802197802,996.8307692307692,1001.0269230769231,28,True
2016-07-03,2016-07-09,999.4343406593407,997.5307692307692,1000.9576923076924,28,True
2016-07-10,2016-07-16,997.0817307692307,993.2153846153847,1000.053846153846,28,True
2016-07-17,2016-07-23,998.1796703296703,994.6846153846153,999.5384615384615,28,True
2016-07-24,2016-07-30,997.035989010989,994.9,998.2884615384615,28,True
2016-07-31,2016-08-06,997.2056318681318,994.696153846154,998.5076923076923,28,True
2016-08-07,2016-08-13,997.6255494505494,995.5192307692308,999.6769230769231,28,True
2016-08-14,2016-08-20,995.621565934066,993.3615384615384,998.0307692307692,28,True
2016-08-21,2016-08-27,997.4243131868133,993.8461538461539,1001.3961538461539,28,True
2016-08-28,2016-09-03,996.1384615384615,993.25,999.2269230769231,28,True
2016-09-04,2016-09-10,997.3019230769231,993.9192307692308,1000.4538461538461,28,True
2016-09-11,2016-09-17,995.4692307692309,991.4,998.9384615384615,28,True
2016-09-18,2016-09-24,996.148489010989,993.7192307692308,998.3692307692307,28,True
2016-09-25,2016-10-01,994.8469780219781,988.9730769230769,997.9846153846153,28,True
2016-10-02,2016-10-08,992.8951923076922,989.6846153846153,995.9769230769231,28,True
2016-10-09,2016-10-15,993.8028846153846,990.7769230769231,996.5807692307692,28,True
2016-10-16,2016-10-22,993.2317307692308,991.1576923076923,995.5307692307692,28,True
2016-10-23,2016-10-29,992.7302197802198,989.0807692307692,998.4038461538461,28,True
2016-10-30,2016-11-05,993.5729395604395,989.1269230769232,998.3076923076924,28,True
2016-11-06,2016-11-12,993.0293956043955,989.6,997.5615384615385,28,True
2016-11-13,2016-11-19,989.9707417582418,986.5961538461539,994.2115384615385,28,True
2016-11-20,2016-11-26,991.1980769230769,986.8461538461539,993.7115384615385,28,True
2016-11-27,2016-12-03,993.7450549450549,991.3153846153847,996.053846153846,28,True
2016-12-04,2016-12-10,993.4776098901099,991.0,995.4807692307692,28,True
2016-12-11,2016-12-17,994.129532967033,990.9884615384616,996.5384615384615,28,True
2016-12-18,2016-12-24,991.8767857142857,988.4846153846153,994.8307692307692,28,True
2016-12-25,2016-12-31,992.9648351648351,990.3615384615384,995.4269230769231,28,True
2017-01-01,2017-01-07,994.1383241758241,990.4615384615385,996.9807692307692,28,True
2017-01-08,2017-01-14,993.807967032967,991.0846153846153,997.053846153846,28,True
2017-01-15,2017-01-21,992.8967032967032,990.446153846154,995.7076923076924,28,True
2017-01-22,2017-01-28,994.7644230769231,990.7730769230769,997.7576923076923,28,True
2017-01-29,2017-02-04,994.8688186813187,992.4307692307692,997.5269230769231,28,True
2017-02-05,2017-02-11,993.859478021978,991.1153846153846,995.8461538461539,28,True
2017-02-12,2017-02-18,993.3997252747253,988.8769230769232,997.7230769230769,28,True
2017-02-19,2017-02-25,993.473489010989,991.3615384615384,995.9076923076923,28,True
2017-02-26,2017-03-04,993.1285714285714,989.6923076923076,995.6346153846154,28,True
2017-03-05,2017-03-11,993.1504120879121,991.4,995.0423076923076,28,True
2017-03-12,2017-03-18,994.0,991.3115384615385,995.3884615384616,28,True
2017-03-19,2017-03-25,994.9605769230769,992.446153846154,997.1846153846153,28,True
2017-03-26,2017-04-01,994.0574175824175,992.1307692307693,996.9423076923076,28,True
2017-04-02,2017-04-08,994.4079670329671,991.946153846154,996.8384615384616,28,True
2017-04-09,2017-04-15,994.1945054945055,991.5807692307692,996.2192307692308,28,True
2017-04-16,2017-04-22,994.4741758241759,992.2153846153847,996.2846153846153,28,True
2017-04-23,2017-04-29,994.729532967033,992.1307692307693,998.5038461538461,28,True
2017-04-30,2017-05-06,995.7607142857142,993.2846153846153,998.8307692307692,28,True
2017-05-07,2017-05-13,994.6013736263736,991.9961538461539,997.0423076923076,28,True
2017-05-14,2017-05-20,994.2193681318682,991.1038461538461,996.4730769230769,28,True
2017-05-21,2017-05-27,997.0892857142857,992.9115384615384,999.6692307692308,28,True
2017-05-28,2017-06-03,997.8479395604396,995.6423076923077,1000.2846153846153,28,True
2017-06-04,2017-06-10,995.882967032967,992.6538461538461,998.4807692307692,28,True
2017-06-11,2017-06-17,996.8131868131868,994.2038461538461,998.9038461538461,28,True
2017-06-18,2017-06-24,995.9957417582418,992.4076923076923,998.5384615384615,28,True
2017-06-25,2017-07-01,997.1201923076924,994.3846153846154,999.9884615384616,28,True
2017-07-02,2017-07-08,999.6340659340659,998.0461538461539,1001.2653846153847,28,True
2017-07-09,2017-07-15,998.2256868131868,995.8269230769231,1000.3384615384616,28,True
2017-07-16,2017-07-22,998.2576923076923,993.0461538461539,1001.9307692307692,28,True
2017-07-23,2017-07-29,998.2461538461539,995.5307692307692,1000.7423076923077,28,True
2017-07-30,2017-08-05,997.9995879120879,993.9384615384615,1000.303846153846,28,True
2017-08-06,2017-08-12,996.4560439560439,993.0961538461539,998.7615384615384,28,True
2017-08-13,2017-08-19,994.3416208791208,992.053846153846,996.7038461538461,28,True
2017-08-20,2017-08-26,995.4565934065934,991.0692307692308,999.1115384615384,28,True
2017-08-27,2017-09-02,996.4917582417582,993.7846153846153,999.3769230769232,28,True
2017-09-03,2017-09-09,995.2130494505494,992.1653846153847,999.1115384615384,28,True
2017-09-10,2017-09-16,995.4603021978021,992.6153846153846,997.5,28,True
2017-09-17,2017-09-23,995.5901098901098,992.3807692307693,998.2192307692308,28,True
2017-09-24,2017-09-30,994.4869505494506,991.8846153846154,997.1884615384615,28,True
2017-10-01,2017-10-07,993.793543956044,989.1,998.2846153846153,28,True
2017-10-08,2017-10-14,993.135989010989,990.4076923076923,997.0038461538461,28,True
2017-10-15,2017-10-21,994.5906593406593,990.5307692307692,998.0692307692308,28,True
2017-10-22,2017-10-28,993.5932692307694,991.4730769230769,995.4807692307692,28,True
2017-10-29,2017-11-04,992.254532967033,989.7807692307692,994.2730769230769,28,True
2017-11-05,2017-11-11,991.5065934065934,989.2230769230769,994.3307692307692,28,True
2017-11-12,2017-11-18,991.3195054945055,988.6846153846153,993.3846153846154,28,True
2017-11-19,2017-11-25,991.8894230769231,988.8384615384616,995.0269230769231,28,True
2017-11-26,2017-12-02,992.2538461538461,987.7346153846153,994.9730769230769,28,True
2017-12-03,2017-12-09,992.514010989011,989.7769230769231,994.8423076923077,28,True
2017-12-10,2017-12-16,992.5021978021978,988.5884615384616,995.4076923076923,28,True
2017-12-17,2017-12-23,993.5604395604396,991.1730769230769,995.3576923076923,28,True
2017-12-24,2017-12-30,992.7129120879121,991.0307692307692,994.5576923076924,28,True
2017-12-31,2018-01-06,993.8616758241759,991.6769230769231,996.5192307692308,28,True
2018-01-07,2018-01-13,994.2395604395605,992.4346153846153,996.5,28,True
2018-01-14,2018-01-20,994.5068681318681,990.8192307692308,996.7692307692308,28,True
2018-01-21,2018-01-27,993.7513736263736,990.6653846153847,996.0230769230769,28,True
2018-01-28,2018-02-03,990.9956043956043,988.1538461538461,993.1269230769232,28,True
2018-02-04,2018-02-10,991.5962912087913,989.1269230769232,993.7692307692308,28,True
2018-02-11,2018-02-17,994.1560439560438,990.6538461538461,997.553846153846,28,True
2018-02-18,2018-02-24,992.8252747252747,990.1153846153846,995.5076923076923,28,True
2018-02-25,2018-03-03,993.6626373626374,990.9192307692308,995.2346153846153,28,True
2018-03-04,2018-03-10,993.9168956043957,991.0692307692308,996.2307692307692,28,True
2018-03-11,2018-03-17,993.7002747252747,991.7384615384616,995.7730769230769,28,True
2018-03-18,2018-03-24,992.8000000000001,989.1153846153846,994.9692307692308,28,True
2018-03-25,2018-03-31,993.4009615384615,991.3307692307692,994.7423076923077,28,True
2018-04-01,2018-04-07,992.8604395604395,991.3346153846153,994.3346153846153,28,True
2018-04-08,2018-04-14,994.306456043956,991.7192307692308,996.6269230769232,28,True
2018-04-15,2018-04-21,997.004532967033,995.2846153846153,998.65,28,True
2018-04-22,2018-04-28,995.9123626373627,994.3884615384616,997.7576923076923,28,True
2018-04-29,2018-05-05,995.9993131868132,993.3307692307692,998.2307692307692,28,True
2018-05-06,2018-05-12,996.2638736263735,994.5,997.4538461538461,28,True
2018-05-13,2018-05-19,995.104532967033,992.7769230769231,996.5615384615385,28,True
2018-05-20,2018-05-26,997.4957417582418,994.8423076923077,999.4653846153847,28,True
2018-05-27,2018-06-02,995.9568681318681,992.5269230769231,998.4538461538461,28,True
2018-06-03,2018-06-09,998.2756868131868,994.1692307692308,1000.9307692307692,28,True
2018-06-10,2018-06-16,998.3475274725275,995.75,1001.5384615384615,28,True
2018-06-17,2018-06-23,1000.1542582417582,996.9769230769231,1002.946153846154,28,True
2018-06-24,2018-06-30,997.1287087912087,995.3653846153846,998.4038461538461,28,True
2018-07-01,2018-07-07,996.0740384615384,993.2230769230769,997.7538461538461,28,True
2018-07-08,2018-07-14,999.2010989010989,995.7461538461539,1000.8730769230768,28,True
2018-07-15,2018-07-21,998.0178571428571,995.4846153846153,1000.5307692307692,28,True
2018-07-22,2018-07-28,998.7718406593406,997.0692307692308,1000.3346153846153,28,True
2018-07-29,2018-08-04,996.5252747252747,993.7615384615384,998.2807692307692,28,True
2018-08-05,2018-08-11,998.3258241758241,994.0,1000.7423076923077,28,True
2018-08-12,2018-08-18,998.3019230769231,993.4846153846153,1001.4807692307692,28,True
2018-08-19,2018-08-25,997.9719780219781,994.4192307692308,1000.9576923076924,28,True
2018-08-26,2018-09-01,996.810576923077,992.7769230769231,1000.1,28,True
2018-09-02,2018-09-08,995.5596153846154,992.3538461538461,997.2692307692308,28,True
2018-09-09,2018-09-15,993.7739010989011,990.3923076923077,997.6461538461539,28,True
2018-09-16,2018-09-22,994.0476648351648,991.9076923076923,995.9038461538461,28,True
2018-09-23,2018-09-29,993.2666208791209,990.2961538461539,995.6423076923077,28,True
2018-09-30,2018-10-06,993.4796703296704,990.7038461538461,995.95,28,True
2018-10-07,2018-10-13,993.476510989011,991.25,996.4615384615385,28,True
2018-10-14,2018-10-20,992.7548076923077,987.9961538461539,996.6653846153847,28,True
2018-10-21,2018-10-27,991.8990384615385,988.7461538461539,995.0576923076924,28,True
2018-10-28,2018-11-03,993.7598901098901,990.9076923076923,996.0692307692308,28,True
2018-11-04,2018-11-10,991.8076923076923,989.4038461538461,994.2307692307692,28,True
2018-11-11,2018-11-17,991.5708791208791,989.45,993.5730769230769,28,True
2018-11-18,2018-11-24,992.5729395604395,989.2615384615384,995.0076923076923,28,True
2018-11-25,2018-12-01,992.1416208791209,990.3307692307692,994.2115384615385,28,True
2018-12-02,2018-12-08,993.4590659340658,989.85,997.6307692307693,28,True
2018-12-09,2018-12-15,996.5840659340658,994.8,998.1153846153846,28,True
2018-12-16,2018-12-22,995.723489010989,993.9692307692308,997.6923076923076,28,True
2018-12-23,2018-12-29,994.2446428571429,992.7769230769231,996.35,28,True
2018-12-30,2019-01-05,994.7664835164835,992.1653846153847,998.0846153846153,28,True
2019-01-06,2019-01-12,993.4752747252747,991.0192307692308,996.1730769230769,28,True
2019-01-13,2019-01-19,995.7564560439561,992.8076923076924,997.4423076923076,28,True
2019-01-20,2019-01-26,995.9094780219781,992.7884615384615,997.1692307692308,28,True
2019-01-27,2019-02-02,993.5362637362638,991.9423076923076,994.946153846154,28,True
2019-02-03,2019-02-09,993.6487637362637,991.4192307692308,995.3307692307692,28,True
2019-02-10,2019-02-16,994.2387362637363,991.0,997.1038461538461,28,True
2019-02-17,2019-02-23,994.2901098901099,992.3192307692308,995.8576923076923,28,True
2019-02-24,2019-03-02,993.8175824175825,990.2230769230769,996.4307692307692,28,True
2019-03-03,2019-03-09,994.0875,992.35,996.1192307692307,28,True
2019-03-10,2019-03-16,993.9137362637363,991.7076923076924,995.8076923076924,28,True
2019-03-17,2019-03-23,993.9116758241759,992.3884615384616,996.1884615384615,28,True
2019-03-24,2019-03-30,994.5559065934066,991.0269230769231,996.3307692307692,28,True
2019-03-31,2019-04-06,993.7453296703296,990.6346153846154,995.9538461538461,28,True
2019-04-07,2019-04-13,994.8717032967033,991.05,997.7615384615384,28,True
2019-04-14,2019-04-20,994.3311813186813,992.0115384615384,995.9730769230769,28,True
2019-04-21,2019-04-27,994.8366758241758,992.5576923076924,997.1576923076923,28,True
2019-04-28,2019-05-04,994.9243131868132,993.2730769230769,996.5692307692308,28,True
2019-05-05,2019-05-11,995.2335164835165,991.9538461538461,998.1576923076923,28,True
2019-05-12,2019-05-18,996.534065934066,992.75,999.9269230769231,28,True
2019-05-19,2019-05-25,995.2402472527473,992.7346153846153,996.7923076923076,28,True
2019-05-26,2019-06-01,995.3739010989011,993.2692307692308,997.0576923076924,28,True
2019-06-02,2019-06-08,997.2824175824177,994.2730769230769,999.6846153846153,28,True
2019-06-09,2019-06-15,997.6354395604395,996.0769230769231,998.7423076923077,28,True
2019-06-16,2019-06-22,998.9726648351649,996.4192307692308,1001.8423076923077,28,True
2019-06-23,2019-06-29,997.2528846153846,993.6615384615384,1001.0846153846153,28,True
2019-06-30,2019-07-06,996.4252747252748,992.6346153846154,999.3653846153846,28,True
2019-07-07,2019-07-13,998.4938186813187,994.35,1001.75,28,True
2019-07-14,2019-07-20,997.9653846153846,995.4115384615384,999.9769230769231,28,True
2019-07-21,2019-07-27,997.8092032967033,995.5230769230769,999.9923076923077,28,True
2019-07-28,2019-08-03,997.3354395604396,993.8,1000.7692307692308,28,True
2019-08-04,2019-08-10,999.898489010989,997.0807692307692,1002.4653846153847,28,True
2019-08-11,2019-08-17,998.1741758241758,995.4846153846153,999.7923076923076,28,True
2019-08-18,2019-08-24,998.4638736263736,994.65,1000.4115384615384,28,True
2019-08-25,2019-08-31,996.9642857142857,994.2653846153847,998.7307692307692,28,True
2019-09-01,2019-09-07,996.1119505494505,992.6,998.5230769230769,28,True
2019-09-08,2019-09-14,995.8208791208791,992.8230769230769,999.5153846153847,28,True
2019-09-15,2019-09-21,993.539010989011,988.7538461538461,996.7615384615384,28,True
2019-09-22,2019-09-28,996.1215659340659,993.2692307692308,999.2423076923077,28,True
2019-09-29,2019-10-05,993.1370879120878,989.8653846153846,997.3576923076923,28,True
2019-10-06,2019-10-12,993.7726648351648,990.8269230769231,996.4923076923077,28,True
2019-10-13,2019-10-19,995.1956043956044,993.5269230769231,996.9038461538461,28,True
2019-10-20,2019-10-26,993.5864010989011,990.5307692307692,996.6730769230769,28,True
2019-10-27,2019-11-02,993.6516483516483,991.7653846153847,995.5346153846153,28,True
2019-11-03,2019-11-09,992.5032967032967,989.9076923076923,994.9076923076923,28,True
2019-11-10,2019-11-16,991.8714285714286,990.2,993.6423076923077,28,True
2019-11-17,2019-11-23,992.2332417582418,989.7153846153847,994.7807692307692,28,True
2019-11-24,2019-11-30,992.7924450549451,990.4576923076924,994.7153846153847,28,True
2019-12-01,2019-12-07,994.4127747252747,990.8384615384616,996.7153846153847,28,True
2019-12-08,2019-12-14,992.1219780219781,988.5692307692308,994.8884615384616,28,True
2019-12-15,2019-12-21,993.1960164835165,990.2653846153847,994.7153846153847,28,True
2019-12-22,2019-12-28,993.9243131868133,991.5692307692308,995.6769230769231,28,True
2019-12-29,2020-01-04,993.3520604395604,990.9576923076924,997.2615384615384,28,True
2020-01-05,2020-01-11,993.648489010989,989.3,996.5346153846153,28,True
2020-01-12,2020-01-18,995.3420329670329,991.8192307692308,998.3423076923077,28,True
2020-01-19,2020-01-25,993.6662087912089,989.4153846153847,997.5692307692308,28,True
2020-01-26,2020-02-01,993.6078296703297,990.0653846153847,996.0230769230769,28,True
2020-02-02,2020-02-08,994.3196428571429,990.0846153846153,996.6076923076923,28,True
2020-02-09,2020-02-15,994.2456043956045,991.5730769230769,996.2230769230769,28,True
2020-02-16,2020-02-22,993.104532967033,990.3807692307693,994.9346153846153,28,True
2020-02-23,2020-02-29,994.1153846153846,992.3115384615385,996.303846153846,28,True
2020-03-01,2020-03-07,994.9560439560439,993.0769230769231,996.5923076923077,28,True
2020-03-08,2020-03-14,993.9787087912088,991.0846153846153,996.1615384615384,28,True
2020-03-15,2020-03-21,993.576510989011,991.0884615384616,996.4692307692308,28,True
2020-03-22,2020-03-28,992.9127747252747,989.7153846153847,996.95,28,True
2020-03-29,2020-04-04,993.9344780219781,990.5615384615385,996.4423076923076,28,True
2020-04-05,2020-04-11,995.0978021978023,992.3653846153846,996.8230769230769,28,True
2020-04-12,2020-04-18,995.6850274725275,990.4423076923076,999.95,28,True
2020-04-19,2020-04-25,995.5565934065934,993.0230769230769,999.1230769230768,28,True
2020-04-26,2020-05-02,996.360989010989,992.8730769230768,998.6653846153847,28,True
2020-05-03,2020-05-09,996.1103021978022,992.6423076923077,1000.3807692307693,28,True
2020-05-10,2020-05-16,996.1200549450549,993.9307692307692,998.6461538461539,28,True
2020-05-17,2020-05-23,997.1115384615385,995.2923076923076,998.4076923076923,28,True
2020-05-24,2020-05-30,997.5960164835166,995.1538461538461,999.9846153846153,28,True
2020-05-31,2020-06-06,996.9100274725275,994.6,1000.1730769230769,28,True
2020-06-07,2020-06-13,996.3619505494506,993.0692307692308,1000.1923076923076,28,True
2020-06-14,2020-06-20,997.3890109890109,995.0307692307692,999.2884615384615,28,True
2020-06-21,2020-06-27,996.6791208791209,993.5807692307692,998.6230769230768,28,True
2020-06-28,2020-07-04,995.5913461538461,993.7192307692308,997.0807692307692,28,True
2020-07-05,2020-07-11,996.364010989011,993.2269230769231,998.6846153846153,28,True
2020-07-12,2020-07-18,997.2862637362638,994.7230769230769,999.7538461538461,28,True
2020-07-19,2020-07-25,995.9740384615385,993.3538461538461,997.9115384615384,28,True
2020-07-26,2020-08-01,997.7728021978022,994.6461538461539,999.7692307692308,28,True
2020-08-02,2020-08-08,998.485989010989,995.5461538461539,1000.3538461538461,28,True
2020-08-09,2020-08-15,994.5354395604396,990.7730769230769,999.5384615384615,28,True
2020-08-16,2020-08-22,994.1630494505495,989.9346153846153,999.6076923076923,28,True
2020-08-23,2020-08-29,995.5616758241758,992.7923076923076,998.8192307692308,28,True
2020-08-30,2020-09-05,995.1214285714286,991.4846153846153,997.9653846153847,28,True
2020-09-06,2020-09-12,994.2179945054946,991.2038461538461,997.4615384615385,28,True
2020-09-13,2020-09-19,994.9982142857143,991.7961538461539,998.1730769230769,28,True
2020-09-20,2020-09-26,995.7138736263736,992.8076923076924,999.6269230769232,28,True
2020-09-27,2020-10-03,993.6940934065934,990.4961538461539,996.6807692307692,28,True
2020-10-04,2020-10-10,995.6777472527473,993.2076923076924,998.5346153846153,28,True
2020-10-11,2020-10-17,994.2260989010989,992.5346153846153,996.3384615384616,28,True
2020-10-18,2020-10-24,993.934065934066,990.5038461538461,995.9269230769231,28,True
2020-10-25,2020-10-31,990.8067307692307,987.2038461538461,995.6692307692308,28,True
2020-11-01,2020-11-07,992.6625,989.4230769230769,995.8769230769232,28,True
2020-11-08,2020-11-14,993.6730769230769,991.8807692307693,995.6076923076923,28,True
2020-11-15,2020-11-21,993.0063186813187,990.4653846153847,995.4423076923076,28,True
2020-11-22,2020-11-28,992.9631868131868,989.7807692307692,996.053846153846,28,True
2020-11-29,2020-12-05,994.0987637362638,992.0076923076923,996.2807692307692,28,True
2020-12-06,2020-12-12,994.5082417582418,989.7384615384616,997.3115384615385,28,True
2020-12-13,2020-12-19,994.3291208791209,992.0269230769231,996.4846153846153,28,True
2020-12-20,2020-12-26,992.4118131868132,988.2346153846153,994.7846153846153,28,True
2020-12-27,2021-01-02,992.9737637362638,987.2576923076923,996.0384615384615,28,True
2021-01-03,2021-01-09,994.0152472527473,990.0307692307692,997.2846153846153,28,True
2021-01-10,2021-01-16,994.4377747252747,991.1846153846153,996.7461538461539,28,True
2021-01-17,2021-01-23,994.0024725274725,989.4923076923077,996.1692307692308,28,True
2021-01-24,2021-01-30,993.4288461538462,990.1423076923077,995.2,28,True
2021-01-31,2021-02-06,994.4651098901098,991.4038461538461,996.0076923076923,28,True
2021-02-07,2021-02-13,992.6717032967033,989.6576923076923,995.4076923076923,28,True
2021-02-14,2021-02-20,992.5233516483516,990.35,994.553846153846,28,True
2021-02-21,2021-02-27,993.4542582417582,989.1423076923077,995.9038461538461,28,True
2021-02-28,2021-03-06,992.8811813186813,989.5923076923077,995.9846153846153,28,True
2021-03-07,2021-03-13,994.7754120879121,992.4538461538461,996.0692307692308,28,True
2021-03-14,2021-03-20,993.6195054945055,990.5192307692308,995.7461538461539,28,True
2021-03-21,2021-03-27,994.3947802197802,991.4961538461539,996.2769230769231,28,True
2021-03-28,2021-04-03,994.0696428571429,990.6846153846153,995.4807692307692,28,True
2021-04-04,2021-04-10,994.219642857143,992.1076923076923,995.5384615384615,28,True
2021-04-11,2021-04-17,994.935989010989,992.3923076923077,997.2384615384616,28,True
2021-04-18,2021-04-24,995.320054945055,992.5384615384615,996.9538461538461,28,True
2021-04-25,2021-05-01,995.3486263736264,992.6884615384615,997.8846153846154,28,True
2021-05-02,2021-05-08,996.0531593406594,993.7615384615384,999.3153846153847,28,True
2021-05-09,2021-05-15,997.1177197802198,995.6269230769232,998.85,28,True
2021-05-16,2021-05-22,996.6446428571428,993.6846153846153,998.7846153846153,28,True
2021-05-23,2021-05-29,996.395467032967,992.4807692307692,999.2961538461539,28,True
2021-05-30,2021-06-05,995.8129120879121,992.7653846153847,997.8961538461539,28,True
2021-06-06,2021-06-12,996.1750000000001,994.3692307692307,998.0730769230769,28,True
2021-06-13,2021-06-19,998.4129120879121,996.6807692307692,999.8307692307692,28,True
2021-06-20,2021-06-26,997.9353021978022,994.2038461538461,1000.6576923076923,28,True
2021-06-27,2021-07-03,999.5891483516483,993.5307692307692,1002.9653846153847,28,True
2021-07-04,2021-07-10,998.6365384615384,995.4692307692308,1000.9769230769231,28,True
2021-07-11,2021-07-17,997.8179945054945,995.3769230769232,999.35,28,True
2021-07-18,2021-07-24,999.488598901099,996.4115384615384,1002.1807692307692,28,True
2021-07-25,2021-07-31,997.9361263736264,995.3346153846153,1000.8769230769232,28,True
2021-08-01,2021-08-07,1000.4368131868132,997.1923076923076,1002.8769230769232,28,True
2021-08-08,2021-08-14,997.4758241758242,994.6423076923077,999.2346153846153,28,True
2021-08-15,2021-08-21,995.6291208791208,990.4230769230769,998.446153846154,28,True
2021-08-22,2021-08-28,992.7681318681318,989.196153846154,996.8807692307693,28,True
2021-08-29,2021-09-04,996.0027472527472,992.5884615384616,997.7230769230769,28,True
2021-09-05,2021-09-11,995.0057692307693,991.6423076923077,997.4846153846153,28,True
2021-09-12,2021-09-18,997.3418956043955,993.0692307692308,999.6153846153846,28,True
2021-09-19,2021-09-25,995.3752747252747,991.2961538461539,999.6115384615384,28,True
2021-09-26,2021-10-02,995.0978021978023,991.1307692307693,998.9346153846153,28,True
2021-10-03,2021-10-09,992.8381868131868,989.7846153846153,995.7576923076923,28,True
2021-10-10,2021-10-16,992.6980769230769,988.9769230769231,996.2961538461539,28,True
2021-10-17,2021-10-23,994.5230769230768,990.9884615384616,997.4346153846153,28,True
2021-10-24,2021-10-30,994.8024725274726,990.0384615384615,997.1846153846153,28,True
2021-10-31,2021-11-06,993.0611263736264,990.2615384615384,995.6846153846153,28,True
2021-11-07,2021-11-13,993.3192307692308,991.1807692307692,995.3615384615384,28,True
2021-11-14,2021-11-20,991.4517857142857,988.946153846154,993.6730769230769,28,True
2021-11-21,2021-11-27,993.3728021978022,990.4038461538461,995.696153846154,28,True
2021-11-28,2021-12-04,992.4660714285714,989.8923076923077,994.3,28,True
2021-12-05,2021-12-11,993.1530219780219,988.5153846153847,996.2961538461539,28,True
2021-12-12,2021-12-18,991.3553571428572,987.3692307692307,994.7115384615385,28,True
2021-12-19,2021-12-25,992.284065934066,989.5769230769231,994.9884615384616,28,True
2021-12-26,2022-01-01,992.729532967033,990.5153846153847,995.45,28,True
2022-01-02,2022-01-08,992.8001373626374,989.2192307692308,995.6846153846153,28,True
2022-01-09,2022-01-15,993.5880494505494,990.3115384615385,997.2846153846153,28,True
2022-01-16,2022-01-22,994.6152472527473,992.1115384615384,997.3307692307692,28,True
2022-01-23,2022-01-29,992.6410714285714,989.25,994.4,28,True
2022-01-30,2022-02-05,992.6873626373626,988.7692307692308,995.0115384615384,28,True
2022-02-06,2022-02-12,993.0,989.0423076923076,995.6769230769231,28,True
2022-02-13,2022-02-19,993.3126373626374,990.053846153846,995.8346153846153,28,True
2022-02-20,2022-02-26,992.9950549450549,988.9846153846153,996.3,28,True
2022-02-27,2022-03-05,994.4236263736265,992.5153846153847,996.5230769230769,28,True
2022-03-06,2022-03-12,992.1505494505494,989.0615384615385,994.0807692307692,28,True
2022-03-13,2022-03-19,994.1550824175823,992.0,995.7807692307692,28,True
2022-03-20,2022-03-26,993.7060439560439,991.8423076923077,995.5307692307692,28,True
2022-03-27,2022-04-02,994.5460164835165,990.4538461538461,997.6653846153847,28,True
2022-04-03,2022-04-09,994.6471153846153,992.0346153846153,997.5192307692308,28,True
2022-04-10,2022-04-16,994.1218406593407,991.8153846153847,995.9769230769231,28,True
2022-04-17,2022-04-23,994.3212912087912,990.3769230769232,996.3653846153846,28,True
2022-04-24,2022-04-30,994.1374999999999,989.7730769230769,996.4269230769231,28,True
2022-05-01,2022-05-07,996.7548076923076,994.4076923076923,999.4384615384615,28,True
2022-05-08,2022-05-14,995.7146978021977,994.0346153846153,998.1230769230768,28,True
2022-05-15,2022-05-21,998.5151098901099,993.7846153846153,1001.0153846153847,28,True
2022-05-22,2022-05-28,997.4230769230769,994.9307692307692,999.9769230769231,28,True
2022-05-29,2022-06-04,995.4949175824175,993.4384615384615,997.1192307692307,28,True
2022-06-05,2022-06-11,995.4456043956044,993.0,997.15,28,True
2022-06-12,2022-06-18,997.7751373626373,993.0115384615384,1001.2807692307692,28,True
2022-06-19,2022-06-25,996.6924450549451,994.3307692307692,999.1269230769232,28,True
2022-06-26,2022-07-02,996.948901098901,993.7807692307692,999.7,28,True
2022-07-03,2022-07-09,997.9618131868132,994.5653846153847,1000.35,28,True
2022-07-10,2022-07-16,996.2939560439561,993.0692307692308,999.196153846154,28,True
2022-07-17,2022-07-23,996.5465659340659,993.2192307692308,998.7153846153847,28,True
2022-07-24,2022-07-30,996.601510989011,994.1192307692307,998.4769230769231,28,True
2022-07-31,2022-08-06,995.2793956043955,993.7384615384616,996.8192307692308,28,True
2022-08-07,2022-08-13,997.3050824175824,993.303846153846,1000.2961538461539,28,True
2022-08-14,2022-08-20,995.6888736263736,992.2538461538461,1001.6576923076923,28,True
2022-08-21,2022-08-27,997.5126373626373,994.8153846153847,1000.4769230769231,28,True
2022-08-28,2022-09-03,995.8789835164835,991.0923076923077,999.3615384615384,28,True
2022-09-04,2022-09-10,996.0255494505494,990.7538461538461,998.8076923076924,28,True
2022-09-11,2022-09-17,995.4020604395604,991.2576923076923,999.1076923076923,28,True
2022-09-18,2022-09-24,993.1762362637363,990.7384615384616,996.4038461538461,28,True
2022-09-25,2022-10-01,993.5817307692307,989.6884615384615,997.2653846153847,28,True
2022-10-02,2022-10-08,993.8847527472527,989.3730769230768,999.0076923076923,28,True
2022-10-09,2022-10-15,993.3877747252747,989.0961538461539,996.1461538461539,28,True
2022-10-16,2022-10-22,993.4847527472527,990.5846153846153,995.9961538461539,28,True
2022-10-23,2022-10-29,992.4372252747253,988.5576923076924,995.803846153846,28,True
2022-10-30,2022-11-05,995.0740384615384,988.6115384615384,1002.1076923076923,28,True
2022-11-06,2022-11-12,993.329532967033,990.3115384615385,996.3461538461539,28,True
2022-11-13,2022-11-19,993.5151098901099,989.5038461538461,996.4538461538461,28,True
2022-11-20,2022-11-26,992.3498626373627,989.2076923076924,995.7076923076924,28,True
2022-11-27,2022-12-03,990.7924450549451,986.5923076923077,995.25,28,True
2022-12-04,2022-12-10,992.1958791208791,987.8807692307693,995.5076923076923,28,True
2022-12-11,2022-12-17,993.4625,990.1538461538461,996.303846153846,28,True
2022-12-18,2022-12-24,993.3449175824177,989.6076923076923,995.7576923076923,28,True
2022-12-25,2022-12-31,993.6457417582417,990.4269230769231,996.3576923076923,28,True
2023-01-01,2023-01-07,994.2940934065934,990.6653846153847,996.9384615384615,28,True
2023-01-08,2023-01-14,994.8585164835165,991.6576923076923,996.8961538461539,28,True
2023-01-15,2023-01-21,994.8406593406593,992.1461538461539,996.7230769230769,28,True
2023-01-22,2023-01-28,993.657554945055,989.9230769230769,996.8384615384616,28,True
2023-01-29,2023-02-04,993.6347527472527,990.5692307692308,997.0230769230769,28,True
2023-02-05,2023-02-11,994.6293956043955,992.7076923076924,996.6730769230769,28,True
2023-02-12,2023-02-18,992.6053571428572,989.1192307692307,994.5615384615385,28,True
2023-02-19,2023-02-25,994.9943681318681,991.9153846153847,997.7153846153847,28,True
2023-02-26,2023-03-04,994.6728021978022,991.7807692307692,997.5615384615385,28,True
2023-03-05,2023-03-11,993.8232142857142,991.35,995.3307692307692,28,True
2023-03-12,2023-03-18,994.3082417582417,990.0961538461539,996.9384615384615,28,True
2023-03-19,2023-03-25,993.4078296703298,990.7692307692308,995.4653846153847,28,True
2023-03-26,2023-04-01,995.0715659340659,992.7576923076923,996.1692307692308,28,True
2023-04-02,2023-04-08,993.5300824175823,990.9423076923076,996.1461538461539,28,True
2023-04-09,2023-04-15,994.2813186813188,990.9153846153847,997.4923076923077,28,True
2023-04-16,2023-04-22,993.298489010989,990.0807692307692,996.0846153846153,28,True
2023-04-23,2023-04-29,995.242445054945,990.9230769230769,997.0576923076924,28,True
2023-04-30,2023-05-06,995.9179945054946,994.4192307692308,997.4153846153847,28,True
2023-05-07,2023-05-13,996.4303571428571,994.0307692307692,998.1115384615384,28,True
2023-05-14,2023-05-20,996.6843406593407,993.4615384615385,999.4076923076923,28,True
2023-05-21,2023-05-27,994.3896978021978,991.5769230769231,996.6576923076923,28,True
2023-05-28,2023-06-03,996.8490384615385,994.4115384615384,998.5384615384615,28,True
2023-06-04,2023-06-10,998.0134615384615,994.9230769230769,999.7692307692308,28,True
2023-06-11,2023-06-17,998.517032967033,994.3730769230768,1002.25,28,True
2023-06-18,2023-06-24,998.1443681318681,995.8,1001.3730769230768,28,True
2023-06-25,2023-07-01,997.7748626373626,994.7846153846153,999.9038461538461,28,True
2023-07-02,2023-07-08,996.1032967032968,993.9576923076924,998.0115384615384,28,True
2023-07-09,2023-07-15,996.3332417582417,993.0423076923076,998.4269230769231,28,True
2023-07-16,2023-07-22,999.3763736263736,994.9923076923077,1002.0730769230769,28,True
2023-07-23,2023-07-29,997.4976648351649,992.6230769230768,1000.1846153846153,28,True
2023-07-30,2023-08-05,999.0344780219781,996.5576923076924,1001.9807692307692,28,True
2023-08-06,2023-08-12,997.5210164835164,994.2346153846153,999.946153846154,28,True
2023-08-13,2023-08-19,994.9197802197803,989.55,998.4615384615385,28,True
2023-08-20,2023-08-26,992.839423076923,988.7,995.8384615384616,28,True
2023-08-27,2023-09-02,995.5343406593407,992.9269230769231,998.1423076923077,28,True
2023-09-03,2023-09-09,994.573489010989,991.8384615384616,998.5846153846153,28,True
2023-09-10,2023-09-16,995.0792582417582,991.446153846154,997.2384615384616,28,True
2023-09-17,2023-09-23,994.3476648351649,991.8346153846153,996.4384615384615,28,True
2023-09-24,2023-09-30,993.0767857142857,990.1269230769232,996.3961538461539,28,True
2023-10-01,2023-10-07,992.0506868131869,988.8884615384616,994.8846153846154,28,True
2023-10-08,2023-10-14,993.8151098901099,991.4846153846153,996.4153846153847,28,True
2023-10-15,2023-10-21,994.7673076923077,992.8,997.3230769230769,28,True
2023-10-22,2023-10-28,991.3361263736264,987.5923076923077,994.9769230769231,28,True
2023-10-29,2023-11-04,991.0978021978023,989.4846153846153,993.8,28,True
2023-11-05,2023-11-11,993.6006868131868,991.2961538461539,995.9307692307692,28,True
2023-11-12,2023-11-18,992.0832417582417,989.696153846154,994.3653846153846,28,True
2023-11-19,2023-11-25,991.951510989011,988.6384615384616,995.5846153846153,28,True
2023-11-26,2023-12-02,994.2923076923078,992.3769230769232,996.7,28,True
2023-12-03,2023-12-09,994.0516483516484,992.0769230769231,996.5769230769231,28,True
2023-12-10,2023-12-16,992.3766483516483,989.8653846153846,994.6230769230768,28,True
2023-12-17,2023-12-23,992.5328296703298,989.2423076923077,995.2038461538461,28,True
2023-12-24,2023-12-30,995.2157967032966,993.6192307692307,996.5923076923077,28,True
2023-12-31,2024-01-06,994.3192307692308,994.3192307692308,994.3192307692308,1,False
