week_start_date,week_end_date,u_wind_ms_mean,u_wind_ms_min,u_wind_ms_max,v_wind_ms_mean,v_wind_ms_min,v_wind_ms_max,wind_speed_ms_mean,wind_speed_ms_min,wind_speed_ms_max,observations_6hourly,complete_week
1999-12-26,2000-01-01,-0.3439423053955229,-0.7007692214101553,0.04846153322320718,-1.1430769170491168,-1.7996153739782481,-0.6884615342490948,1.2330696963453476,0.748096298355159,1.8002677618791083,4,False
2000-01-02,2000-01-08,0.04133241657157439,-0.7942307751912338,0.9911538454202505,-0.9409203280357049,-2.1611538529396057,0.15346153990293926,1.156433879605721,0.484164005963397,2.1998448451341126,28,True
2000-01-09,2000-01-15,-0.44814560377642837,-1.588076921609732,0.21923076533354247,-0.6425274722533976,-2.419999984594492,0.6884615435623206,1.0009205140060042,0.07567545993918717,2.5570089467043364,28,True
2000-01-16,2000-01-22,-0.2846016495304366,-1.6119230848092299,0.8426923035429075,-0.5379532961236252,-2.3442307664797855,0.3026923146098852,0.9375397345297497,0.013461532572714225,2.497134272410934,28,True
2000-01-23,2000-01-29,-0.1861401097234953,-1.1161538477127368,0.8188461500864762,-0.16458791126701774,-1.484230771732445,0.9915384655961623,0.7559371953480729,0.27050604636177406,1.606748023819631,28,True
2000-01-30,2000-02-05,0.08978022123011505,-2.373846168701465,1.306538455761396,-0.3942032971158419,-1.226538470874612,0.6184615383211237,1.0814423300341918,0.3445151354055414,2.6719921880862705,28,True
2000-02-06,2000-02-12,-0.2342719774677899,-0.8480769264010283,0.8523076830001978,-0.18635989049869167,-2.167692331167368,0.9503846168518066,0.8597604421861001,0.16291219527514023,2.1843952245640432,28,True
2000-02-13,2000-02-19,-0.2237087911056293,-1.6242307791343102,0.9134615373152953,-0.05028845830359956,-1.988846141558427,1.1450000072901065,1.0292616359183029,0.14758208636792977,2.190558324354281,28,True
2000-02-20,2000-02-26,-0.05539835115720691,-1.6042307706979604,1.12923077121377,-0.3665521975816483,-1.5115384551194997,0.6469230755017354,0.8272048641846748,0.08127042057048939,1.7756439824738632,28,True
2000-02-27,2000-03-04,0.3104807687437182,-1.130384605234632,1.3388461470603943,-0.27829670213203833,-1.0665384604810522,0.9603846139059617,0.8845143087957391,0.24571625599536637,1.64518024926797,28,True
2000-03-05,2000-03-11,0.13894230790518142,-1.3050000014213414,1.4115384633724506,-0.34795329753043397,-1.947307682954348,0.45576923419363224,0.9319876625680541,0.4042336983387789,2.3441485054925026,28,True
2000-03-12,2000-03-18,-0.39179944891769153,-1.1311538448700538,0.6584615383583766,-0.3711950554317989,-1.650769224533668,0.6111538385829101,0.820069009459319,0.25257402728944517,1.7268497441688975,28,True
2000-03-19,2000-03-25,-0.26484890177508225,-1.2134615366991897,0.9546153854865295,-0.10832417672653528,-1.4061538473917887,0.875769222011933,0.7381212643030486,0.19231461991657006,1.8470883901183122,28,True
2000-03-26,2000-04-01,0.11493131799295873,-1.2607692250838647,1.1361538355167096,-0.2885576919882794,-1.2638461543963506,1.4807692307692308,0.9822999761549046,0.32576945846101557,1.5873794508307835,28,True
2000-04-02,2000-04-08,0.35228021986076385,-0.7696153871858349,1.2161538486297314,0.08196428425323506,-1.6926923027405372,0.9876922965049744,0.8385803963721778,0.3045653643976875,1.859439452079649,28,True
2000-04-09,2000-04-15,0.18979395453685097,-1.3050000002750983,1.2734615291970282,-0.3349725273565727,-1.4461538516558134,0.8388461546542553,0.9202682341293177,0.38548229475316,1.9393675009674387,28,True
2000-04-16,2000-04-22,-0.15795329677268535,-1.1838461538920035,1.0730769267449012,-0.18627747237313907,-1.146538455898945,0.9261538478044363,0.7559434935498542,0.1842127039444522,1.3023082039719032,28,True
2000-04-23,2000-04-29,-0.04958791211810332,-0.8426923144322175,0.9369230860700974,-0.16898351677713896,-1.2623076900266683,0.7826923109017886,0.6585479128344405,0.23582318456227724,1.2640601531665512,28,True
2000-04-30,2000-05-06,0.11320054907720166,-1.1323076899235065,1.2596153777379255,-0.08017857210546896,-0.7388461482926056,0.8411538403194684,0.7934553744982561,0.2801040611706826,1.2598949122307301,28,True
2000-05-07,2000-05-13,0.37041208695026706,-0.28230769072587675,0.7234615332518632,0.07994505470096656,-0.6311538408582027,0.9469230771064758,0.6011054699653787,0.16045054791406937,0.9992098234696357,28,True
2000-05-14,2000-05-20,-0.17589285656052467,-0.900769231411127,0.5150000018139298,-0.0032417579160000337,-1.0369230738052955,0.8280769219765296,0.5644887948363245,0.07164281480998955,1.2105180035523788,28,True
2000-05-21,2000-05-27,0.42024725270048197,-0.259230765227515,1.00192308311279,-0.20994505491158874,-1.1146153876414666,1.140000004034776,0.7601748983101979,0.1240877961596498,1.1780378140911227,28,True
2000-05-28,2000-06-03,0.28134615330670315,-0.47923076525330544,0.9653846191672179,-0.41902472482288033,-0.9976923144780673,0.43692307589718926,0.6924294291190545,0.28469125667044975,1.3882929868342766,28,True
2000-06-04,2000-06-10,0.5865796690213155,-0.4680769183458044,1.2423076927661896,0.1942445051953565,-0.6688461498572276,0.9815384590855012,0.7673319260463997,0.2598716684427396,1.393966074477029,28,True
2000-06-11,2000-06-17,0.013392857554788291,-1.397307691665796,0.9169230736218966,-0.2759752741932951,-0.9646153882719003,0.39038461833619154,0.677922230099588,0.2303859017432877,1.5459954452989255,28,True
2000-06-18,2000-06-24,0.4900961535558063,-0.5819230769545987,1.0553846107079432,-0.2627609883266204,-1.0888461562303395,0.8253846177831292,0.7829002705373698,0.28040228859838573,1.0977117831243135,28,True
2000-06-25,2000-07-01,0.27604395553858563,-0.9723076980847579,1.1453846234541674,-0.22939560348730903,-0.9015384580080326,0.7792307688639715,0.696840063490068,0.09859141086876527,1.3259539400078655,28,True
2000-07-02,2000-07-08,0.440549449370867,-0.6919230764301924,0.9669230763728802,-0.04101648295533609,-0.998846152654061,1.0715384552111993,0.7926772952898861,0.3743943860908185,1.3497617545281513,28,True
2000-07-09,2000-07-15,0.42212912051651913,-0.3234615388971109,1.1426923137444716,0.37114010976146455,-0.5046153839391011,1.573461537177746,0.7780483904863761,0.2011185430730211,1.5785106909994389,28,True
2000-07-16,2000-07-22,0.16667582517602367,-0.7046153814746783,0.8396153879853395,-0.29664835121206284,-0.9811538389095893,0.6123076883646158,0.6675628703664834,0.1846674622657584,1.0506724411946753,28,True
2000-07-23,2000-07-29,0.35241758345964025,-0.7049999944865704,1.156538465561775,0.03538461547385859,-1.0776923138361711,1.6680769186753492,0.8650571894696952,0.1642037470654498,1.6718275574540808,28,True
2000-07-30,2000-08-05,0.38847527499208334,-0.919999992618194,1.7169230855428255,-0.10342032890664517,-1.225769219490198,0.9588461564137385,0.8877624673576995,0.2133093694829705,1.7373122563830057,28,True
2000-08-06,2000-08-12,0.42803571373480115,-1.1169230823333447,1.396538454752702,-0.052087912328316124,-0.9911538431277642,1.0007692197194467,0.8990182264352473,0.05699708711703896,1.4259094447876512,28,True
2000-08-13,2000-08-19,0.6086401111564016,-0.6338461619586899,1.5092307784093113,-0.1563324171532928,-0.9907692326949193,0.9584615425421641,0.8710717968453509,0.19180318648313988,1.7052768890395975,28,True
2000-08-20,2000-08-26,0.43023351567623375,-0.40423076341931635,1.1907692276514494,0.02675824249316785,-1.0869230650938475,1.1946153847070842,0.8842948410879484,0.37721437077524467,1.5793130940196634,28,True
2000-08-27,2000-09-02,0.3907417569125255,-1.0723076929839759,1.3703846266636481,-0.4983791203550217,-1.0207692338870122,0.7442307707208854,0.9273893383394514,0.42443035033096677,1.439642573647152,28,True
2000-09-03,2000-09-09,-0.11038461731296483,-1.6511538475751877,1.1707692260925586,-0.5940384643848289,-1.6876923384574742,0.6561538383651239,0.9336567487987162,0.16134145057099725,2.361062146079684,28,True
2000-09-10,2000-09-16,0.1743956048624938,-1.3873076954713235,1.1246153735197508,-0.25372252859441297,-1.3103846265719488,1.6299999895004125,0.9356499260483886,0.1780665368216923,1.9502427338239865,28,True
2000-09-17,2000-09-23,0.11454670325402619,-0.5926923059070339,0.7903846026613162,0.1085576906436952,-0.7161538486297314,1.190769225358963,0.5834117704151162,0.04851949953550851,1.2665531136297878,28,True
2000-09-24,2000-09-30,0.1518269237309981,-1.4184615351259708,1.1726923191633363,-0.22201923144070412,-0.9911538431277642,1.3084615309937642,0.7946245388875116,0.0733809485277464,1.655226077002112,28,True
2000-10-01,2000-10-07,0.26274725200690247,-0.8430769244352212,1.0815384617218604,-0.21372252580157106,-1.2553846136881754,1.1300000072671816,0.7725481074318143,0.04628986155541469,1.4731695570929093,28,True
2000-10-08,2000-10-14,0.32271977802380347,-0.9403846218035772,1.4657692152720232,-0.06260988923240002,-0.7534615275664971,1.0338461628327003,0.7488085002321281,0.13678093489917734,1.4720437075053114,28,True
2000-10-15,2000-10-21,0.2897252753443484,-1.218461537375473,1.1115384663526828,0.02170329736699197,-1.1530769143540125,1.2915384648367763,0.7813952523331853,0.14964454383613057,1.479322175072154,28,True
2000-10-22,2000-10-28,-0.23667582242166274,-1.6015384363440366,0.3799999996733207,-0.2470604406444581,-0.9492307717983539,0.7015384645559467,0.6101791301469185,0.047301437665187906,1.8162002856045825,28,True
2000-10-29,2000-11-04,-0.30120878947571245,-1.356923068372103,1.253461545619827,-0.3407142851680804,-1.3999999944980328,0.9526923081049552,0.8828691746098184,0.05949615980212335,1.4636931902379944,28,True
2000-11-05,2000-11-11,-0.26596153712483467,-1.5188461450430064,1.318461543092361,-0.769711539205573,-1.5380769188587482,0.07500000154742828,1.1304197218418761,0.013760425256200883,1.9695026785156786,28,True
2000-11-12,2000-11-18,-0.19245879095723176,-1.0849999945897322,0.8234615440552051,-0.711978022896961,-2.0638461525623617,0.868846155058306,1.092630282630949,0.31707916518017426,2.2012225310678923,28,True
2000-11-19,2000-11-25,-0.23951923110072018,-1.1150000060980136,1.0215384639226472,-0.6890247232730982,-1.7492307550632036,0.8134615398370303,1.0431779737498084,0.21847000349405593,1.8127781431255612,28,True
2000-11-26,2000-12-02,0.0992445049827898,-0.8669230834795878,1.1292307663422365,-0.1932280212794277,-0.926923078413193,0.7526923054112837,0.6306404583075066,0.016641004362375294,1.2053844870007195,28,True
2000-12-03,2000-12-09,0.12982142698736146,-1.1423076935685599,1.3342307679928267,-0.2242307690238314,-1.385769213621433,1.2988461485275855,0.8702388260454275,0.21667914362380697,1.4864283803403515,28,True
2000-12-10,2000-12-16,-0.4636950553829813,-1.1980769210136855,0.938461534678936,-0.9236126369745522,-2.218461527274205,0.5607692282646894,1.246666321996211,0.08150398360674262,2.314885732462553,28,True
2000-12-17,2000-12-23,-0.24954670277465094,-1.148076926286404,1.0334615517550936,-0.19637362477318435,-1.3430769260113056,1.0453846179522002,0.8069655157911504,0.05565106693226283,1.382293139589132,28,True
2000-12-24,2000-12-30,-0.1828846147176451,-1.3276923012274962,0.7923076886397141,-0.3965659358559156,-1.637692324244059,1.0476923040472543,0.8722940571287804,0.13449720090374653,1.641460119931282,28,True
2000-12-31,2001-01-06,-0.07421703297122904,-1.1849999926411188,1.0399999973865657,-0.1230631854339083,-1.198846147610591,0.9488461567805364,0.750878883154319,0.08343227988312177,1.2572290881975772,28,True
2001-01-07,2001-01-13,-0.6835989015084784,-1.4873077067045064,0.1723076873100721,-0.12163461325434292,-2.091538438430199,1.1088461532042577,1.0042202168189058,0.03715472221575242,2.1778174071276912,28,True
2001-01-14,2001-01-20,0.0790384611585638,-1.236153849042379,1.4734615339682653,0.31765109860174523,-0.5703846186112899,0.9146153858074775,0.7217626756185511,0.09598138249521385,1.537534571118709,28,True
2001-01-21,2001-01-27,0.17468406664780697,-1.4657692267344549,1.125384617310304,0.18722527444741308,-0.31576922865441215,0.8115384590167266,0.6653919246323258,0.10887944261757558,1.4993964225003087,28,True
2001-01-28,2001-02-03,-0.670494504945844,-1.5815384571368878,0.15000000596046448,0.17771978095265945,-0.846153851885062,1.0292307700102146,0.9236527773458612,0.20001220438754638,1.6377472213638544,28,True
2001-02-04,2001-02-10,-0.020590658591302862,-1.3615384533141668,1.3034615301742003,-0.08645604332080008,-1.2073076894650092,0.9099999961371605,0.8660473254878553,0.2685609817626657,1.4312245368799748,28,True
2001-02-11,2001-02-17,-0.15074175800667605,-0.9749999928932923,0.6353846094929255,0.08730769244401337,-0.7246153824604474,0.8234615348852597,0.5193599803826653,0.014620441840359736,1.0792169196097416,28,True
2001-02-18,2001-02-24,-0.7517994495318527,-1.4323076926744902,-0.15153846345268762,0.08173076810243611,-1.3400000150387104,0.9034615353896067,0.9043871841221813,0.2687261769157584,1.6182729337272057,28,True
2001-02-25,2001-03-03,-0.1720879121586312,-1.2003846168518066,0.9300000002750983,0.24760989110231155,-0.6057692352825632,0.8911538467957423,0.6627885091559567,0.08420354129763558,1.3445741313848336,28,True
2001-03-04,2001-03-10,0.1080769221247225,-1.3511538418153157,1.1169230836228683,0.2147802199150057,-0.3646153835579753,1.3611538387261903,0.7293604518764224,0.15843773018051482,1.376747836500829,28,True
2001-03-11,2001-03-17,-0.1423076923430007,-1.0984615348995879,0.841923082104096,0.019670329256249314,-1.4119230646353502,1.318461537361145,0.7465472687268452,0.13863664478046897,1.7888947660785521,28,True
2001-03-18,2001-03-24,0.04891483414570218,-1.1200000024758852,1.0961538524581835,-0.17645604356580957,-1.296538463005653,1.229615378838319,0.7596998519066068,0.15227660786388225,1.4091273149104249,28,True
2001-03-25,2001-03-31,0.14773351614680758,-1.103846162557602,1.2080769195006444,0.0976510987959925,-0.6942307645311723,0.8653846070743524,0.6616787424906236,0.1593719177935449,1.2144083798995773,28,True
2001-04-01,2001-04-07,-0.07387362663623886,-1.0130769174832563,0.648076918334342,0.20759615370911638,-0.5338461553104795,1.189615391767942,0.5971587127040267,0.1475520169553103,1.2163172004150378,28,True
2001-04-08,2001-04-14,0.330041209025984,-0.9573076820144286,1.1484615375789313,-0.11832417608341099,-1.06884614779399,0.7638461532501074,0.751403884299272,0.02474126430831485,1.2033688539940754,28,True
2001-04-15,2001-04-21,0.1351923083164985,-1.016538450351128,1.0757692284308946,-0.33601648288594743,-1.2180769134742708,0.7776923105120659,0.804910115563091,0.243244828455706,1.4653701213138188,28,True
2001-04-22,2001-04-28,-0.30171703199784344,-1.7761538413424904,1.033461536352451,-0.01847527466540399,-1.987692301089947,1.1007692244333716,0.8472879188350416,0.029485235276093386,2.1287196761284912,28,True
2001-04-29,2001-05-05,0.42593406586508664,-0.9499999915178006,1.2261538413854747,-0.07160714214442522,-0.86115384216492,0.5892307658035022,0.6376269711535957,0.11201820026039724,1.2391839697963574,28,True
2001-05-06,2001-05-12,-0.10359890124207914,-0.9084615455223963,0.6557692352395791,0.11718406565078011,-1.184230760886119,0.9007692255366307,0.6796564617073809,0.14483821014521245,1.1847825097750884,28,True
2001-05-13,2001-05-19,0.16815933954113954,-0.6569230728424512,0.9000000008023702,0.29214285747762153,-0.7161538451910019,1.261923076155094,0.7064649023001285,0.14713033952366728,1.3096637854516062,28,True
2001-05-20,2001-05-26,0.06751373747957276,-1.147307686221141,1.2407692458767157,-0.3503708789524223,-0.7569230677416692,0.4480769235927325,0.6922577674069251,0.006847881556279487,1.2736856707933766,28,True
2001-05-27,2001-06-02,0.2606593395102319,-0.9896153899339529,1.1746153831481934,-0.19256868131284774,-0.9973076971677634,1.5030769327512155,0.870274242161134,0.14488364582053434,1.6266617861842279,28,True
2001-06-03,2001-06-09,0.1570604398877329,-0.7000000031951529,1.07192308226457,-0.12828296726149926,-1.033846146785296,0.9923076835962442,0.698104912477042,0.17717749545161443,1.2953746895409621,28,True
2001-06-10,2001-06-16,0.3619917587013813,-0.8473076866223261,1.4823076862555284,-0.5528571432492194,-1.1053846143186092,0.011538463286482371,0.8722479830856724,0.25660880627412974,1.4824226472678346,28,True
2001-06-17,2001-06-23,0.16651098934964245,-0.6834615325698485,0.9215384618594096,0.5166895591863686,-0.6003846152184101,1.5092307673050807,0.7435784517535452,0.057080085147185315,1.5228321463658958,28,True
2001-06-24,2001-06-30,0.4164011000404851,-1.226538462134508,1.3815384587416282,-0.23197802084313887,-1.0042307606110206,0.7519230762353311,0.9294626423062041,0.19285498962818148,1.3921946905105975,28,True
2001-07-01,2001-07-07,0.26082417540569475,-0.6226923074573278,1.1153846145965731,-0.05398351721885195,-0.9173076932246869,1.0419230724756534,0.6118868600296302,0.16324600788290353,1.1329707114488827,28,True
2001-07-08,2001-07-14,0.28004120768989427,-0.6484615393699362,1.3173076854302332,-0.23524725228128446,-1.2980769184919505,0.7365384644900377,0.7869310790562097,0.19892313477754406,1.349043598145425,28,True
2001-07-15,2001-07-21,0.439175823140521,-0.396538461630161,1.2565384513626878,-0.26928571426657616,-1.035384625196457,0.5642307618489633,0.7064598105012666,0.1283031005103814,1.377405253500074,28,True
2001-07-22,2001-07-28,0.2382829656215528,-0.7846153836983901,0.8949999875890521,0.08545329618769196,-1.0542307725319495,1.7680769150073712,0.6947670110974007,0.017784041888539118,1.805748742241203,28,True
2001-07-29,2001-08-04,0.38001373492866997,-0.4242307725720681,1.3073076978325844,-0.0879120888894649,-1.3326923159452586,1.1142307703311627,0.8305257062202298,0.18877250829253175,1.5174142030684292,28,True
2001-08-05,2001-08-11,0.7689285717193284,-0.031153850114116304,1.5111538446866548,-0.33883241778188433,-1.171538457274437,1.2357692242814944,1.097251461038803,0.08636735513307438,1.5571880504331646,28,True
2001-08-12,2001-08-18,0.27916208771313283,-0.8330769213632896,1.1661538435862615,-0.3491895600058302,-1.3396153839734883,0.3676923024826325,0.7469840271560785,0.11134599100679067,1.3414833805498692,28,True
2001-08-19,2001-08-25,0.5966758248063603,-0.7938461544422003,1.4449999997249017,-0.006744504704109422,-1.0938461537544544,1.3619230813705003,1.042202443298073,0.1907866687024635,1.9138508353854304,28,True
2001-08-26,2001-09-01,0.08278846129222395,-1.0819230773127997,0.9615384638309479,0.008351649193523027,-1.123461542221216,1.2219230899443994,0.8255303300023181,0.23237964445141038,1.4834104805452137,28,True
2001-09-02,2001-09-08,0.13956044012281513,-1.0061538425775676,1.156923078573667,-0.044945054436818906,-0.992307682450001,0.9357692312735778,0.6916337453223098,0.24225304645386156,1.1574408125964066,28,True
2001-09-09,2001-09-15,-0.058956042349154296,-1.3249999883656318,1.1565384624096064,-0.30576923075592616,-1.2196153792051168,0.8296153956594375,0.8058197585802847,0.4009061494971792,1.8008571965490672,28,True
2001-09-16,2001-09-22,0.015467031495543298,-0.7715384669315356,0.9526923081049552,-0.21728022039386927,-1.0023076855219328,1.062307686258394,0.6747502423822764,0.1688251259593472,1.302605713605934,28,True
2001-09-23,2001-09-29,0.029093406083840097,-1.2019230711918611,1.0165384641060462,-0.2816483505315833,-1.1673076932246869,0.8357692391683276,0.8024915093780615,0.3621570023789139,1.2586074008089025,28,True
2001-09-30,2001-10-06,0.045851648672596446,-0.9984615425077769,1.1599999964237213,-0.20704670341757056,-1.4407692422660499,0.9180769289915378,0.8562892430131492,0.04656864256049284,1.75292368953326,28,True
2001-10-07,2001-10-13,0.16755494485343142,-1.4315384624955745,1.1480769194089449,-0.20076923154212614,-1.1565384722959537,0.6588461430600057,0.8106335853310593,0.039277875389773426,1.5592695216424697,28,True
2001-10-14,2001-10-20,-0.028956043385583285,-0.8761538413281624,1.165000002258099,-0.11942307719612844,-1.1626923095721464,0.7999999955869638,0.7361723526304027,0.24991862479090196,1.3340633425119302,28,True
2001-10-21,2001-10-27,0.1754670336095432,-1.5873076858428807,1.1923076808452606,-0.031469780880098164,-0.8126923046433009,0.9088461521583108,0.6670618811272911,0.06509551686206193,1.604609201737151,28,True
2001-10-28,2001-11-03,-0.20635988905636982,-1.1680769129441335,0.7680769241773165,-0.1677197801041325,-1.0415384608965654,1.1165384595783858,0.7189710158456029,0.28699730742517593,1.314489628602404,28,True
2001-11-04,2001-11-10,0.05957417625033268,-1.3415384567700899,1.203076924269016,-0.23815934040972575,-0.9703846103869952,0.5592307664024142,0.8346888350970803,0.2397252500431269,1.439210464729367,28,True
2001-11-11,2001-11-17,0.04324175781508969,-1.3049999991288552,1.1788461391742413,-0.4798076919530733,-1.2500000045849726,1.0019230785278173,0.9265547584750917,0.09863565758918387,1.4571672349997367,28,True
2001-11-18,2001-11-24,0.08306318688063095,-1.2492307768418238,1.0257692314111269,-0.020673076376564545,-1.6907692230664766,0.7411538429844838,0.6626295384471206,0.09683527422810076,1.7126183641087716,28,True
2001-11-25,2001-12-01,-0.5829670315321821,-1.7884615338765657,0.46961538751537985,-0.5838461543336143,-2.213461559552413,0.5899999940481323,1.071695962698935,0.07642627999931527,2.355431266050721,28,True
2001-12-02,2001-12-08,0.0019093402686968946,-1.1746153831481934,0.7115384535147593,0.1508928582757957,-1.2692307634995534,0.920769235262504,0.6753413030036034,0.08614869226628308,1.4924936458606024,28,True
2001-12-09,2001-12-15,-0.06545329516354416,-1.244230765562791,0.8796153913896817,-0.3601785722997162,-1.6330769268366008,0.8142307675801791,0.8051036098027339,0.03637615919074294,1.638031592692674,28,True
2001-12-16,2001-12-22,-0.02348901052027941,-0.743076925094311,0.9784615356475115,-0.2755906593571366,-1.5046153893837562,0.5946153855094543,0.6590153274393088,0.05130976995269975,1.5206141749943467,28,True
2001-12-23,2001-12-29,-0.22572802224677505,-1.0742307672133813,1.0280769272492483,-0.1293131868549428,-1.102692301456745,1.0788461491465569,0.8428203354938891,0.20050417335132525,1.4902520531341705,28,True
2001-12-30,2002-01-05,-0.6451510973223537,-1.4707692219660833,0.6176923034855952,-0.5978296700696164,-2.1746153785632205,0.41846153885126114,1.1429110786454177,0.1908785365815382,2.2017519846585,28,True
2002-01-06,2002-01-12,-0.5056593401925535,-1.1265384669487293,0.203461537280908,-0.42333791157548,-1.9503846260217519,1.1023076887314136,0.9748648932689811,0.15118711349173442,1.9855293915010468,28,True
2002-01-13,2002-01-19,-0.2932005499970618,-1.1511538518735995,0.7626923116353842,-0.20392857125837477,-1.4415384553945982,1.2661538422107697,0.8471965998131908,0.2788726746561459,1.5642428693333592,28,True
2002-01-20,2002-01-26,-0.06385989057585842,-0.8961538374423981,0.7507692254506625,-0.2746565936128148,-1.0384615431897914,1.2565384690578167,0.739686395677391,0.1398488199274153,1.2565385279212444,28,True
2002-01-27,2002-02-02,0.22076922967763885,-0.6442307775410322,0.8134615329595712,0.06064560318590849,-0.7534615437571819,0.8799999976673951,0.5912600695263467,0.22399346985346572,0.9855959663341278,28,True
2002-02-03,2002-02-09,-0.26945054980639654,-0.9669230763728802,0.4561538381788593,-0.23148351677969756,-1.0742307738042796,0.7253846142154473,0.688306011589726,0.15118662639933617,1.3024065648049135,28,True
2002-02-10,2002-02-16,-0.7583653849196507,-1.5992307662963867,0.4250000018913012,-0.17513736256060528,-1.5226923066836138,0.764615379847013,0.9243670632850493,0.2922089894436163,1.9668799886702755,28,True
2002-02-17,2002-02-23,0.13004120920303758,-0.5861538460908028,1.0096153904898808,0.4377472530871343,-0.38153846010279197,1.4092307732655451,0.6928567216695053,0.12771315936713726,1.4127201129573739,28,True
2002-02-24,2002-03-02,-0.1737912083786636,-1.2919230690369239,0.859615377508677,-0.17561813023780568,-1.0757692232728004,1.2230769235354204,0.8348821627274259,0.2529032571468117,1.6640921368243102,28,True
2002-03-03,2002-03-09,-0.20723901092903788,-1.2546153939687288,0.8496153836066906,-0.027376373324051993,-1.3019230778400714,0.6103846192933046,0.7125410507441988,0.1066612729070971,1.8080551671328706,28,True
2002-03-10,2002-03-16,-0.5324725264192118,-1.4903846142383723,0.7865384696767881,-0.09063186943224008,-0.8026923065861831,0.4946153797925665,0.8395844309706393,0.20490183937973158,1.490911022401992,28,True
2002-03-17,2002-03-23,0.14987637253560043,-1.2634615427456224,0.8200000000114624,-0.1711538450966415,-1.1015384529645627,0.6853846163990406,0.6876061780095357,0.12131063987608322,1.4388587011350082,28,True
2002-03-24,2002-03-30,0.07928571429175253,-0.9165384534459847,1.4926923146614661,-0.026126373423631864,-0.8792307617572638,0.6611538454890251,0.6296381309161051,0.21489573451536634,1.4935294929085916,28,True
2002-03-31,2002-04-06,0.22831043908577212,-0.9857692397557772,1.5057692183898046,-0.0370054942898575,-0.9476923075719521,0.670000000928457,0.7795134773691553,0.2811359551369454,1.5140842113925308,28,True
2002-04-07,2002-04-13,-0.11420329700602772,-1.0169230768313775,1.0742307683596244,-0.31432692289024916,-1.5773076930871377,0.707307682874111,0.6971007990273577,0.18531358330289316,1.809566827506856,28,True
2002-04-14,2002-04-20,0.049656592752109034,-1.020769235606377,1.1669230782068694,0.23321428592828525,-0.7799999988996066,1.0261538507273564,0.700109529678367,0.09855914883344738,1.1947892925299655,28,True
2002-04-21,2002-04-27,-0.14935439511376258,-1.269230766938283,0.990384625342603,-0.10115384665358772,-1.1457692373257418,0.7284615291282535,0.6942475066197709,0.10873805950465204,1.3147807870087063,28,True
2002-04-28,2002-05-04,-0.04229395687170735,-0.9423076867197568,0.7861538529396057,-0.00357142878583745,-0.8511538541374298,1.197692307142111,0.6112532294081765,0.08133227991496911,1.205846948337335,28,True
2002-05-05,2002-05-11,0.13995879104841952,-0.7123076930785408,0.7792307688639715,0.1621016487095423,-1.5065384621803577,0.9719230710313871,0.6830673739282965,0.23371865107904977,1.6664454349445799,28,True
2002-05-12,2002-05-18,0.3507967031212872,-0.5323076927318022,1.3846153754454393,-0.003763736031212647,-0.636153845832898,1.0884615446512516,0.6215634516197813,0.15155310295354432,1.7368381288804229,28,True
2002-05-19,2002-05-25,-0.16351648370203162,-1.156153841660573,0.8246153787924693,0.10721153752356358,-1.004615388237513,1.391538450351128,0.6973690799771533,0.20245899784022034,1.4969964404293272,28,True
2002-05-26,2002-06-01,-0.2661126368054813,-1.3188461609757864,1.013461539378533,-0.4800412084313703,-1.00461538709127,0.22192308106101477,0.89735075125101,0.23343650638504337,1.4344725718698315,28,True
2002-06-02,2002-06-08,-0.05762362653379339,-0.8973076996894983,0.8519230714211097,-0.5527609887860387,-1.071923086276421,0.07923076767474413,0.7109860857462152,0.13841131586948185,1.0754727963959758,28,True
2002-06-09,2002-06-15,-0.02303571485822181,-0.9665384728174943,0.8596153866786224,-0.14612637262197806,-1.3180769154658685,0.8542307728471664,0.6811492045897305,0.22275207990844278,1.4215056230458105,28,True
2002-06-16,2002-06-22,0.5348626374200519,-0.4480769226614099,1.497307696308081,0.046552197035443,-0.7480769274899592,1.5896153851197317,0.9095580999465079,0.33046788324311543,1.673105128740668,28,True
2002-06-23,2002-06-29,0.11597527539265433,-0.8607692320186359,0.984230772807048,-0.04263736187111954,-0.9334615446054019,1.6580769190421472,0.7093915334804572,0.18548672818657366,1.8554232841723866,28,True
2002-06-30,2002-07-06,0.24304945078668197,-0.7803846134875829,1.2296153880082643,0.1420741767346204,-0.8696153920430404,1.098461545430697,0.6366782717494797,0.02804529257139495,1.462356712551296,28,True
2002-07-07,2002-07-13,0.5096565950175768,-0.7096153822942421,1.3665384638767977,0.26667582365725145,-0.6165384626589142,1.0634615331028516,0.8183822224780578,0.15359257966719778,1.7315824570733631,28,True
2002-07-14,2002-07-20,0.4787087917230655,-0.272692303173244,1.11884616730878,0.4032554951097284,-0.3965384614152404,1.409230765241843,0.8092251005006699,0.28615410705222244,1.4762090087349782,28,True
2002-07-21,2002-07-27,0.17065934081316242,-0.7892307684971736,1.2542307583185344,-0.48105769153622974,-1.3369230731175497,0.7726923055373706,0.8637411055714027,0.3672110210074968,1.4012281658893424,28,True
2002-07-28,2002-08-03,0.4267032950052193,-1.065384606902416,1.458076924085617,-0.048873626568180686,-1.0534615367650986,1.1561538375770817,0.8629853970265832,0.38079641766959205,1.630782023280244,28,True
2002-08-04,2002-08-10,0.17251373529127176,-0.7407692368500508,1.1576923017318432,-0.14942307812468772,-1.2442307770252228,1.2519230740861251,0.7759589810692287,0.07479458680505996,1.676209655890972,28,True
2002-08-11,2002-08-17,0.14630494499067356,-1.1749999958735247,1.0034615282828991,-0.14090659325062246,-0.8730769174603316,1.500384624187763,0.6466469483207911,0.012313704086092413,1.507902368381693,28,True
2002-08-18,2002-08-24,0.11302197838949224,-1.1819230656211193,0.8173076894420844,-0.213997253296119,-1.0330769262778072,0.831923072727827,0.7000756932455777,0.036400554194205355,1.2064297672340638,28,True
2002-08-25,2002-08-31,-0.05975274861135243,-1.5007692323281214,1.1026923129191766,-0.3926510979564717,-1.1557692329470928,0.6926923130567257,0.8713622133836222,0.20009244116592295,1.6061893995881675,28,True
2002-09-01,2002-09-07,0.16973901080520273,-0.7011538428755907,0.9434615488235767,-0.07304945074861029,-1.1042307649667447,1.655769231514289,0.8095824448674562,0.16772449625656308,1.669521465053479,28,True
2002-09-08,2002-09-14,0.08141483476764143,-1.4338461515995173,1.0961538371271813,-0.06717032872672593,-0.7823076930183631,0.6188461581388345,0.715426245858343,0.14974732845988728,1.4482638012815248,28,True
2002-09-15,2002-09-21,0.2244093406556563,-1.526923069013999,1.24538461290873,-0.2895192316359748,-1.2473076974543242,0.6857692301273346,0.7769749840951252,0.155538764557447,1.632007142011435,28,True
2002-09-22,2002-09-28,0.1816346159967297,-1.1223076931559122,1.8096153873663683,-0.39370878976462714,-1.0896153908509474,0.7511538461996958,0.9228321820997747,0.30092805249851784,1.8096212730751162,28,True
2002-09-29,2002-10-05,0.12068681410196554,-1.2526923074172094,1.0969230727507517,-0.01844780162427124,-0.804615379526065,0.9269230769803891,0.677407053574268,0.0595297180549581,1.4844903245475123,28,True
2002-10-06,2002-10-12,0.14471153814888016,-1.276923065002148,1.3457692254048128,-0.29862637367293976,-1.0900000001375492,0.3438461533962534,0.8011929107985951,0.16303745739308403,1.4478020421243876,28,True
2002-10-13,2002-10-19,0.02118131976349505,-1.708076924085617,1.031153848967873,-0.11550824150729637,-0.9738461512785691,0.8930769310547755,0.7114677702517087,0.11582479745228118,1.9446623224685184,28,True
2002-10-20,2002-10-26,0.1271978026808618,-0.9307692291644903,0.8161538449617532,-0.4244917580105651,-1.089615383113806,0.26807692131170857,0.7005800236491347,0.1943053925133968,1.248690734155579,28,True
2002-10-27,2002-11-02,0.04910714150365484,-1.20961538874186,1.2161538417522724,-0.29763736277511654,-1.2096153821509619,0.4553846148774028,0.729750866561193,0.28931284607039054,1.2299435971183879,28,True
2002-11-03,2002-11-09,-0.17978021955363205,-1.0619230780463953,1.0046153825062971,-0.2455769228508471,-1.223461545430697,0.9450000035218321,0.9006319688456214,0.2839995913509696,1.471052938267065,28,True
2002-11-10,2002-11-16,0.24978022010751316,-1.3273076827709491,1.048846157697531,-0.059560440332311525,-0.8176923164954553,0.8003846040138831,0.7408595092365701,0.08036252898091707,1.4705550224794965,28,True
2002-11-17,2002-11-23,0.13344780167124673,-1.2611538469791412,1.3392307597857256,-0.2751785712111946,-1.4600000037596776,1.0215384581914315,0.8004387370064115,0.21278826440207294,1.5356830729618929,28,True
2002-11-24,2002-11-30,0.18021977965842811,-0.8776923016859934,0.9423077011910769,-0.49910714246005145,-1.85115385055542,0.8676923110794562,0.8324229872079921,0.38303135347845035,1.9384002622215843,28,True
2002-12-01,2002-12-07,0.13104395633358712,-0.5646153823114358,0.908461537785255,-0.15388736313536436,-1.2619230758685331,0.663846155628562,0.5656424091792179,0.14046099175491014,1.2868236409320901,28,True
2002-12-08,2002-12-14,-0.6149313187937937,-1.1211538521143107,0.3838461492783748,-0.2795879109327651,-1.9276922987057612,0.8688461551299462,0.9752006706248445,0.33809091646152695,2.0219044484869055,28,True
2002-12-15,2002-12-21,-0.2635302201404676,-1.0365384633724506,0.679999999415416,-0.3258653840505529,-1.4369230774732737,0.5465384604982458,0.7289095490780746,0.24283581566178736,1.4738148384555518,28,True
2002-12-22,2002-12-28,0.3065659338403698,-0.791923070899569,1.337692304299428,-0.04266483539326505,-1.0184615449263499,0.5369230806827545,0.6561418848586031,0.1879207325279773,1.4058131607040845,28,True
2002-12-29,2003-01-04,-0.3806043963516029,-1.1119230767855277,0.6330769299887694,-0.264519231644674,-1.407307701615187,0.7119230719713064,0.7462558507941491,0.2238461521028007,1.5334785699959679,28,True
2003-01-05,2003-01-11,-0.20042582397390116,-1.0876923146156163,0.889615379847013,0.11524725238444633,-0.6015384624210688,0.7796153864608362,0.6117123912570819,0.18493081807326273,1.150270940378676,28,True
2003-01-12,2003-01-18,-0.2774313176383397,-0.9834615370401969,1.1500000059604645,-0.042101649344888525,-1.4176923093887477,0.8907692317779248,0.6364692087689449,0.20021475115535053,1.4650825969500874,28,True
2003-01-19,2003-01-25,-0.5781730762452584,-1.1734615316471229,0.2630769226413507,-0.39358516392850695,-2.4065384498009315,0.7896153901058894,1.000184886601401,0.1667248909013179,2.5447721569590223,28,True
2003-01-26,2003-02-01,-0.30509615366879317,-1.063076927111699,0.5519230735416596,0.1806868139557172,-1.1392307598143816,1.4988461618240063,0.8275999254635666,0.09062977948633316,1.5129047536775708,28,True
2003-02-02,2003-02-08,-0.13563186716759107,-1.0361538437696605,1.0053846217118776,0.08418956138756495,-0.5723076918377326,0.7915384645502155,0.5895979980462062,0.16372015977891732,1.1077108092983485,28,True
2003-02-09,2003-02-15,-0.058269231992128946,-1.0519230801325579,0.7134615400662789,0.028269230789801734,-0.8249999972490164,0.7707692361794986,0.5268672046677942,0.047431044324619955,1.1044456995639547,28,True
2003-02-16,2003-02-22,-0.40013736084993967,-1.566538469149516,0.9707692357210013,-0.1273076910842824,-1.8426922995310564,0.9330769215638821,0.9340022280075225,0.11331280595623608,1.938511360400383,28,True
2003-02-23,2003-03-01,-0.050563187238627245,-1.0315384563918297,0.7507692304654763,0.04598901152436796,-0.6711538506385225,0.9338461576172938,0.6526906985564482,0.1725757706161535,1.2291917731081012,28,True
2003-03-02,2003-03-08,0.230810439756529,-0.7742307730592214,1.0284615445595522,0.17940934174847636,-0.9711538445777618,1.514615380993256,0.8062693165374487,0.31696531732858285,1.8117821559554745,28,True
2003-03-09,2003-03-15,-0.11504120978137866,-1.0330769282120924,1.160384605710323,-0.11546703308800257,-0.7799999984697654,0.4800000054618487,0.5682879510061806,0.24059590572208395,1.2265177675266496,28,True
2003-03-16,2003-03-22,-0.07787087927623601,-1.06307692023424,0.8734615387824866,-0.22153846208763484,-1.7965384675906255,0.9557692248087662,0.7856945016510107,0.15002169280703165,1.7968572641674327,28,True
2003-03-23,2003-03-29,-0.02254120916496593,-1.260769241131269,1.0111538492716277,0.1964285728741683,-1.1323076945084791,1.8450000194402842,0.8657182262656836,0.1632292460705475,1.9789786551847324,28,True
2003-03-30,2003-04-05,0.05067307668594787,-0.8296153854865295,0.864230775489257,-0.26951923110819126,-1.0596153850738819,0.6707692329700177,0.5868904892155529,0.09464508618529659,1.105884877811623,28,True
2003-04-06,2003-04-12,0.038049450307920736,-1.029615383881789,0.6800000025675847,0.32239010882215924,-0.5449999993523726,1.6796153806723082,0.6269180107461515,0.14839426541012013,1.8074625412481287,28,True
2003-04-13,2003-04-19,-0.16967032890981779,-1.0334615432299101,1.284230766388086,0.16953296901320444,-1.2742307621699114,1.5080769199591417,0.9509737356821895,0.2789808676236909,1.8660514795274041,28,True
2003-04-20,2003-04-26,0.314395604064115,-0.5053846169836246,1.1703846168059568,0.07590659336023196,-0.8888461589813232,0.8946153773711278,0.6222278494704109,0.05911076579336885,1.2119282113936105,28,True
2003-04-27,2003-05-03,0.16517857193516997,-0.8419230763728802,0.8399999989913061,-0.06082417607911258,-1.3219230725215032,0.7996153848675581,0.7555082144350583,0.32742179246834396,1.432960116497268,28,True
2003-05-04,2003-05-10,0.10350274778441985,-0.8749999965612705,0.9950000036221284,0.13096153959734264,-0.8399999966988196,1.1788461557947671,0.7121264892710902,0.21437814307819272,1.5236095262044318,28,True
2003-05-11,2003-05-17,0.4390659334066395,-0.0703846151725604,1.0911538428985155,0.23730769125325094,-0.42076922881488615,0.8926923045745263,0.6049158018167248,0.04173918231329382,1.1498532162059303,28,True
2003-05-18,2003-05-24,0.32817307599195905,-0.7503846171670235,1.1880769248192127,-0.3289697796034698,-0.8023076962966186,0.7273076835733193,0.66739293365638,0.14425897474031943,1.2650760101604699,28,True
2003-05-25,2003-05-31,0.1391483519666388,-0.8188461455015036,0.745000006702657,0.01468406647576817,-0.9207692217225065,0.6799999936842002,0.49548769084935435,0.01226554945289675,0.9697279628929925,28,True
2003-06-01,2003-06-07,0.03254120910519753,-1.1415384686910188,1.2257692298063865,-0.0774313181326571,-0.7023076896484082,0.7146153793885157,0.6576048194008791,0.19794693502307992,1.2444155124616654,28,True
2003-06-08,2003-06-14,0.18793956007665166,-0.6538461486880596,0.8161538472542396,-0.21259615261230497,-1.0357692264593565,0.6646153850194353,0.6180988308285684,0.13727806335956064,1.042049211469957,28,True
2003-06-15,2003-06-21,0.07809065967276284,-0.7046153757434624,0.9892307760623785,-0.23887362691655672,-0.8819230771981753,0.8192307639580506,0.6449276485172204,0.21751725728439802,1.284412929288812,28,True
2003-06-22,2003-06-28,0.28391483413045304,-1.1203846083237574,1.1173076904737032,0.15917582422556295,-0.6269230716503583,0.8596153866786224,0.6916146062493408,0.09009282200103248,1.1660073211460726,28,True
2003-06-29,2003-07-05,0.44763736277665167,-1.001923070504115,1.1753846177688012,-0.18245879008056046,-0.8249999903715574,1.0476923137903214,0.8673392981352769,0.4338033551174522,1.1922144528435539,28,True
2003-07-06,2003-07-12,0.20741758312375008,-0.9165384574578359,1.0873076892816103,-0.3899313175851213,-1.034615376820931,0.837307692433779,0.8370590283206389,0.026393131505322246,1.3360778917928962,28,True
2003-07-13,2003-07-19,0.4725824173330073,-0.12730769211283097,1.3442307581695228,-0.1195192313215767,-0.9065384612633631,1.1365384534717753,0.7656545463035739,0.2541993479426761,1.3454031313729746,28,True
2003-07-20,2003-07-26,0.8007829649844667,-0.521923084026919,1.3611538318487315,-0.05111263736386549,-0.9088461479315391,0.9561538532949411,0.9883153250752087,0.40452708299917944,1.4438412294310716,28,True
2003-07-27,2003-08-02,0.25440934130533055,-0.8169230709855373,1.1519230781839445,-0.4141895598194633,-1.1915384510961862,1.281153834783114,0.9776684750283379,0.44344302544448877,1.525426750511251,28,True
2003-08-03,2003-08-09,0.03935439547186124,-0.9696153879452211,0.7200000059719269,-0.3247802202502818,-1.0211538489048297,0.6107692337380006,0.6026872247931507,0.04598043940492311,1.1048286980204935,28,True
2003-08-10,2003-08-16,0.3785989007063128,-0.8300000025819128,1.230769233061717,-0.05387362610333814,-1.1830769215638821,1.3680769342642565,0.9608433246694977,0.3995576307898406,1.3747594303686559,28,True
2003-08-17,2003-08-23,0.22298076906456396,-0.8038461552216456,1.109999993099616,-0.22624999997308376,-1.1050000018798387,1.068461531200088,0.7678031337462937,0.15734342237767832,1.1780771755433268,28,True
2003-08-24,2003-08-30,0.3645192319373754,-1.0080769233978712,1.0580769181251526,0.4532280216418248,-0.4392307701592262,1.8299999947731311,0.9167241324308638,0.15004535423183132,1.931435675703761,28,True
2003-08-31,2003-09-06,0.22256868122053425,-0.4373076928492922,1.3846153714335883,-0.2606730770964462,-1.148461536432688,1.3784615328678718,0.7428931851458784,0.18651109983177414,1.7127482736625141,28,True
2003-09-07,2003-09-13,0.21646977900936792,-1.2365384640601964,1.2849999987162077,0.19240384778151146,-0.9273076825417005,1.7630769335306609,0.8969020865414077,0.14084487500585968,1.8127699659531662,28,True
2003-09-14,2003-09-20,0.17924450593488803,-1.0507692259091597,1.1907692368213947,-0.033997253389455945,-0.9726923076579204,1.143461536616087,0.7555517987395739,0.07363953327695033,1.2231355788345177,28,True
2003-09-21,2003-09-27,0.13928571416597282,-1.2496153809703314,1.270769245349444,-0.1573076921817079,-1.0642307836275835,0.9315384649313413,0.6753512467316379,0.030274869734439134,1.4383743740676995,28,True
2003-09-28,2003-10-04,0.10668955951069412,-0.9519230815080496,0.9519230746305906,-0.20442307584376618,-1.059615386220125,0.7880769188587482,0.7326276611431597,0.31940241120120183,1.2267825458439896,28,True
2003-10-05,2003-10-11,-0.29975274685453007,-1.4515384756601775,1.2323076977179601,-0.3247939555081897,-0.993461534094352,1.0353846148802683,0.8062523711252396,0.2536995469852195,1.5331246275825077,28,True
2003-10-12,2003-10-18,-0.026030221235027524,-1.308846157330733,1.0857692217597594,0.028914835437067913,-1.1211538475293379,1.4399999976158142,0.9476877651184283,0.15082662163563473,1.5302304804702285,28,True
2003-10-19,2003-10-25,-0.137898352076453,-1.1476923135610728,1.1365384608507156,-0.43304945138068157,-1.0150000017422895,0.39115384307045203,0.7661405942298521,0.13203068390618025,1.2278593637452766,28,True
2003-10-26,2003-11-01,-0.20582417600307165,-1.3846153823228984,1.1107692311589534,-0.22439560394959296,-1.2430769136318793,1.77153846850762,0.8953870050624693,0.13276864710097985,1.8348129290248882,28,True
2003-11-02,2003-11-08,-0.12168956097665724,-1.0519230829981656,0.6515384580080326,-0.005563186473919303,-1.1426923137444716,1.8553846157514131,0.7917789789340954,0.027098328890599738,1.8717941039366446,28,True
2003-11-09,2003-11-15,-0.21302197765364506,-1.3323076940499818,1.105769229766268,-0.3361813175635269,-1.0576923053998213,0.5553846151496356,0.6917745648667285,0.10682203287326172,1.3978690476811542,28,True
2003-11-16,2003-11-22,0.11285714492212039,-1.031538458970877,1.0988461547172987,-0.17554944949889822,-1.2176923064085154,0.8323076883187661,0.8509016121880875,0.28809105243343225,1.3769445643054217,28,True
2003-11-23,2003-11-29,-0.2415521971825101,-1.6188461413750281,0.6173076904737033,-0.36329670324102864,-1.4350000000916994,0.32846153814059037,0.6883156422082142,0.20212481222605155,1.7215656881150951,28,True
2003-11-30,2003-12-06,-0.25449175928504425,-0.9876923125523788,0.4480769198674422,-0.3506730766148194,-1.3573076862555284,0.311538458443605,0.6773000241270022,0.0834907779592987,1.634131014211314,28,True
2003-12-07,2003-12-13,-0.14967033038028402,-1.0811538375340974,0.9923076857454501,-0.2898076925078755,-1.1061538440676837,0.5484615432528349,0.6847806278681157,0.10637935938680625,1.209824915424483,28,True
2003-12-14,2003-12-20,0.424684065555294,-0.7319230712377108,1.1507692325573702,0.2122664831982987,-1.0503846131838286,1.0649999918845983,0.7627416371379876,0.14348009680175175,1.3820200480324571,28,True
2003-12-21,2003-12-27,0.2673901087901258,-0.6550000031980184,1.0330769236271198,-0.38844780178720156,-1.1646153789300184,0.5092307680931228,0.6789337645571568,0.2539513208702121,1.1701666239426953,28,True
2003-12-28,2004-01-03,-0.23545329642205776,-1.241538474192986,0.6526923082195796,-0.4262774731697781,-1.894230773815742,1.1942307673967802,1.032782372382443,0.4004590564686332,2.2577041400886144,28,True
2004-01-04,2004-01-10,-0.043832417055555094,-0.6703846179522001,0.7226923062251165,-0.223543956172192,-1.041538459750322,0.5842307636944147,0.5510960905135005,0.036810726885483945,1.0613729645038366,28,True
2004-01-11,2004-01-17,-0.3153846150079926,-1.0430769117978902,0.629615382792858,-0.4209340656237615,-2.291153848171234,0.781923078573667,0.8665080923038789,0.16757317728014098,2.383470975472017,28,True
2004-01-18,2004-01-24,-0.04532967037828332,-0.8473076894879341,1.101538457406255,-0.5994230749873587,-2.6715384354958167,0.8707692405352225,1.0382611419328769,0.20511938860766,2.7385085349949994,28,True
2004-01-25,2004-01-31,-0.17714285633813304,-0.8907692283391953,0.5084615335441552,-0.32543956119679734,-1.5169230722464049,0.9215384664443823,0.8265472939170753,0.10396645397362604,1.5998714755278143,28,True
2004-02-01,2004-02-07,-0.6049450549225395,-1.223846154144177,-0.0330769272091297,0.2225549443763077,-1.5907692313194275,1.353846157112947,0.9342692683868191,0.30020949281657927,1.8262030969183412,28,True
2004-02-08,2004-02-14,-0.269093406274096,-0.9084615386449374,0.26076923368068844,0.3039285711186764,-1.271923072063006,1.0930769142623131,0.6707781333344508,0.021899443320093862,1.2719398777973228,28,True
2004-02-15,2004-02-21,-0.47730769212408874,-1.0607692261154835,0.4676923096323243,0.19526098941063896,-1.463076919890367,1.1311538506012697,0.8148060200388553,0.20165183085680732,1.542289133985438,28,True
2004-02-22,2004-02-28,0.11953296726774221,-1.1323076945084791,0.9365384653927042,0.11575549375009977,-1.1676923059500182,1.6546153884667616,0.8334332532743002,0.13182941202756443,1.6548668177167387,28,True
2004-02-29,2004-03-06,0.21486263798938676,-1.0011538496384254,1.1346153914928436,-0.1593818686503385,-0.8369230742637928,0.6688461515049522,0.7324253181572764,0.05808838043390609,1.2112120415846288,28,True
2004-03-07,2004-03-13,0.011552198135017696,-0.8799999952316284,1.3376923065919142,-0.0657280224252615,-1.032692306388456,0.6242307685315609,0.614026220821642,0.19389383818715333,1.3443335481573446,28,True
2004-03-14,2004-03-20,-0.3367582415742288,-1.1607692287518427,0.9776923066148391,0.024381868420987496,-1.4365384475542948,0.9853846135620887,0.7719777363075471,0.30515734363419444,1.4384749444343452,28,True
2004-03-21,2004-03-27,0.12184065938313174,-1.067692300448051,0.8619230700513492,0.349244504222892,-0.8961538489048297,1.1207692284996693,0.7214677579925762,0.13408080741746875,1.2699709844482976,28,True
2004-03-28,2004-04-03,0.1643543947989551,-0.3642307673939146,1.0392307673509305,-0.2391758233866562,-1.0384615348078883,0.6542307645655595,0.5533946208232139,0.08557584228585019,1.0664971260053986,28,True
2004-04-04,2004-04-10,0.08711538414450382,-0.9661538417522724,1.3673076858887305,-0.21140109946705646,-0.9976923167705536,0.33692307942188704,0.6715919582559964,0.16767907139888394,1.3720072261627205,28,True
2004-04-11,2004-04-17,-0.4750274725944049,-1.673846150820072,0.7461538501083851,-0.2681318680105915,-1.3092307756439998,0.6973076886855639,0.8193894325209853,0.20085394726387565,2.125052037129576,28,True
2004-04-18,2004-04-24,0.08085164873205779,-0.749615381543453,1.321153838474017,-0.270535714404944,-1.325000000401185,0.3753846178117853,0.5705908796877397,0.07413605129011772,1.3420263020689343,28,True
2004-04-25,2004-05-01,0.025068681052589147,-0.9596153827240834,0.7980769184919504,0.1419780220283748,-0.5211538434601747,0.8003846123241461,0.566169628505122,0.23717082566452874,0.9685365318467871,28,True
2004-05-02,2004-05-08,-0.020467032924048844,-0.8065384569076391,1.174230763545403,0.5088461529064391,-0.4184615434362338,1.4449999997249017,0.7580768957863518,0.10362940037642486,1.4567944257675203,28,True
2004-05-09,2004-05-15,-0.07968406619217532,-0.6734615358022543,0.6230769155976864,-0.3674450548734148,-0.8611538496155006,0.9665384510388741,0.6420003802921764,0.207613946525663,1.0160977884465292,28,True
2004-05-16,2004-05-22,-0.11557692357154747,-0.7080769296019123,0.5780769255585395,0.3757967035782493,-0.5915384612834225,1.7111538442281575,0.7197483674801488,0.1499753421552595,1.765012781260953,28,True
2004-05-23,2004-05-29,-0.15504120829883594,-1.40230769606737,0.6738461502469503,0.03733516522621798,-0.8826923095262967,1.0684615396536314,0.6898130171690787,0.27851359576053963,1.4601552192039018,28,True
2004-05-30,2004-06-05,0.364890109967686,-0.5434615396393033,1.1573076844215393,0.02193681237666489,-0.7996153888794092,1.0388461488943834,0.690736190343691,0.23857627585306104,1.2032344192351698,28,True
2004-06-06,2004-06-12,0.3415521972449394,-0.8849999950482295,1.193461537361145,0.1490109907335264,-0.9234615209010931,0.944230773127996,0.6988204820724804,0.1431973222008766,1.444756796511952,28,True
2004-06-13,2004-06-19,0.4081181320464136,-0.4346153879394898,1.012692311635384,-0.08998626433210552,-1.020384614284222,1.4476923140195699,0.828497427009057,0.4348006786200158,1.6242850533568107,28,True
2004-06-20,2004-06-26,0.38074175682645495,-0.6111538524811084,1.1111538507617438,0.11708791184771274,-0.44999999896838117,1.0042307717868915,0.5950062553187944,0.16249897717920478,1.3001439388110267,28,True
2004-06-27,2004-07-03,0.4202609885059256,-0.6507692337036133,1.1307692252672636,-0.010082418892205085,-0.731538461951109,0.8600000005501968,0.7253352513851523,0.17861565034582924,1.1800733342678562,28,True
2004-07-04,2004-07-10,0.32292582328523417,-0.5296153901861265,1.1146153807640076,-0.2737637351850396,-0.9246153865869229,1.0157692340704112,0.7091491173570031,0.15823593558971585,1.1409769464568456,28,True
2004-07-11,2004-07-17,0.22082417461366116,-0.5000000057312158,0.815769225358963,0.022747252320686535,-0.8069230730716999,0.9719230853594266,0.5758667758763429,0.19978464277516617,1.1761317778669123,28,True
2004-07-18,2004-07-24,0.1568543948668086,-0.4830769274670344,0.8250000006877459,0.0494780219902008,-1.1257692231581762,0.8953846248869712,0.5824379757767647,0.10802420964346299,1.1288872934757872,28,True
2004-07-25,2004-07-31,0.5365934060364552,-0.801153843720945,1.1980769152824695,-0.09447802162657563,-1.0665384531021118,0.9969230746993651,0.7973713866792184,0.0987263569644687,1.437592955659218,28,True
2004-08-01,2004-08-07,0.247486263137454,-0.794230770606261,0.9734615328220221,-0.051854395353654915,-1.132307699093452,1.6123076929495885,0.7842065361531344,0.18825420097653223,1.7643592202289413,28,True
2004-08-08,2004-08-14,0.6534890116033768,-0.3142307700159458,1.3176923096179962,-0.09589285830260962,-1.1869230740345442,1.2807692295083632,0.9665620911136933,0.19138857539910048,1.768560276486907,28,True
2004-08-15,2004-08-21,0.47211538356278543,-0.5423077009618282,1.5311538393680866,-0.18421703162296052,-0.9065384635558495,1.0480769345393548,0.8398011627987622,0.31188347819481166,1.5946157955756306,28,True
2004-08-22,2004-08-28,0.4070329671254852,-0.8842307652991551,1.1088461543505008,0.012431318751423736,-1.058846157330733,0.7761538487214309,0.7782176983790465,0.3536776343684286,1.3133029542892392,28,True
2004-08-29,2004-09-04,0.2704807687806641,-1.049230771784026,0.8223076990017524,0.07876373549595804,-1.0426923082425044,1.0003846104328449,0.7111755372526849,0.10878905967371673,1.3095643229258616,28,True
2004-09-05,2004-09-11,0.4388186795698417,-0.6569230790035083,1.474230750822104,-0.22939560445956886,-1.2796153827355459,0.8596153889711087,0.8575548070640763,0.2079101422790648,1.642189201411292,28,True
2004-09-12,2004-09-18,0.2173076925983468,-1.3753846127253313,1.1219230683950276,-0.3823076918603504,-1.2103846027300909,1.5446153662812252,0.8644049781261792,0.25548567682213863,1.5450751889504017,28,True
2004-09-19,2004-09-25,0.04608516561399613,-0.9769230719942313,1.1742307795928075,-0.2556181320163247,-1.1323076878459408,0.7888461474615794,0.714487527630431,0.1683231778244795,1.26365940287385,28,True
2004-09-26,2004-10-02,0.13155219825445214,-1.292692312827477,1.11000000169644,-0.07134615426248572,-0.9546153866327726,0.9534615303318088,0.734338207796857,0.31463795060786015,1.3509103383649024,28,True
2004-10-03,2004-10-09,0.007527472187795646,-0.811538462455456,0.821153835608409,0.017967033877989258,-1.2415384604380681,0.8869230770147764,0.6852417418221355,0.2156924325382193,1.384636596521404,28,True
2004-10-10,2004-10-16,0.14572802257908327,-0.6215384566726593,1.003076930458729,-0.04177197838294228,-1.4319230684867272,1.223076921242934,0.6106056666939309,0.11614683856529717,1.5190045039022328,28,True
2004-10-17,2004-10-23,0.04035714201905489,-1.0480769253694093,0.8707692297891929,-0.1567032973583951,-1.1965384500531049,0.6588461548089981,0.6480396526403054,0.19486985339939877,1.4014431399345197,28,True
2004-10-24,2004-10-30,0.1681593395206709,-0.8346153853031305,1.2284615303461368,-0.29428571500498185,-1.5057692321447225,0.8869230722865233,0.874290980168516,0.25535971129030993,1.5413415845071659,28,True
2004-10-31,2004-11-06,-0.07454670303767283,-1.016923074538891,0.7623076874476212,-0.25810439493200116,-1.1638461374319518,0.4253846144017119,0.6028273039143147,0.1438297003595386,1.3912766949665383,28,True
2004-11-07,2004-11-13,0.014162086490234673,-1.4238461485275855,0.837307681544469,-0.006195054386977804,-0.8392307723944004,0.8219230776795974,0.6961444151471122,0.05074154748745047,1.4249989567229087,28,True
2004-11-14,2004-11-20,-0.04280219869022923,-1.6634615476314838,0.9542307630181313,-0.3055082415230572,-1.6530769192255461,0.5538461553649261,0.8462511590992198,0.06053264570531106,1.7458490019607409,28,True
2004-11-21,2004-11-27,0.02135989049470031,-0.8957692247170669,0.8261538537649008,-0.3320192291534373,-1.293846139541039,0.7607692296688373,0.7166080951004269,0.22042220108718685,1.2951317444196813,28,True
2004-11-28,2004-12-04,-0.3418956049692377,-1.363076933301412,0.6330769289858066,-0.39506868060913636,-1.1269230727966015,0.7565384626818391,0.8684437793667088,0.24507727669606852,1.7685967143754726,28,True
2004-12-05,2004-12-11,0.08994505430858295,-1.0980769258279066,1.5323076867140257,-0.3387774726923473,-1.449230778675813,0.5553846198778886,0.8982046605141881,0.3210764508101976,1.5404005035294357,28,True
2004-12-12,2004-12-18,-0.10510988892721278,-1.0730769198674421,0.6476923055373706,-0.2496291220490053,-1.389615393601931,0.8046153806723081,0.6511376251214264,0.12669968899677334,1.4956353262779478,28,True
2004-12-19,2004-12-25,-0.3857280222269205,-1.092692310993488,0.8538461476564407,-0.5708379110597729,-2.5688461523789625,0.2165384591342165,0.9358459182050167,0.15345527253541294,2.6021521010390827,28,True
2004-12-26,2005-01-01,-0.2646428570970074,-1.0657692368213947,0.7226923062251165,-0.31799450582967925,-1.948846147610591,0.943076913173382,0.8153469453908493,0.040605621382227064,2.1318761960644625,28,True
2005-01-02,2005-01-08,-0.048186813192032676,-0.8846153846153846,1.098461538553238,-0.140329670736689,-1.2119230834337382,1.1603846148802683,0.6791400529337837,0.018589297898469637,1.271722792507364,28,True
2005-01-09,2005-01-15,-0.054574175998773226,-0.8492307662963867,0.9453846101577466,-0.568049450307716,-2.12269231906304,0.35499999901423085,0.7886398073552721,0.1725521971333772,2.1723709648536795,28,True
2005-01-16,2005-01-22,-0.29596153865466,-1.1857692347123072,0.8546153811308054,-0.8352609894361224,-2.488846169068263,0.7857692293249644,1.212498756978251,0.4490728460444599,2.4953190056706784,28,True
2005-01-23,2005-01-29,-0.4850000000998869,-1.3007692373715913,0.9284615381979026,-0.3932005491076999,-2.013461548548478,0.7623076954713235,0.9696362380798133,0.19303745935350428,2.289020168535657,28,True
2005-01-30,2005-02-05,-0.3596153839639705,-1.177692296413275,0.6596153882833627,0.04810439601059552,-1.935384615109517,1.8223076921242933,1.0078903281577007,0.1931956407945163,2.1982081200476697,28,True
2005-02-06,2005-02-12,-0.04596153833995481,-0.8923076895567087,0.7849999987162076,-0.05701923105548453,-1.6711538502803216,1.0403846089656537,0.7114586953667584,0.25395627118711783,1.6776336752532572,28,True
2005-02-13,2005-02-19,-0.33370879101874,-1.2403846153846154,0.6488461548892351,-0.23866758222057188,-1.684230767763578,1.0315384612633631,0.8229471408261404,0.03995004177704237,1.944254545964201,28,True
2005-02-20,2005-02-26,-0.15449175771561216,-1.1592307732655451,1.0326922994393568,0.06460164855029638,-1.2003846116937125,0.7923076932246869,0.6860706563826326,0.14668122821467844,1.281421462034692,28,True
2005-02-27,2005-03-05,0.035947802351214565,-0.8161538418095845,1.0273076915540373,0.06031593483882947,-1.2684615343236005,1.161153838181725,0.7315624354607138,0.222788271678803,1.3898582864607676,28,True
2005-03-06,2005-03-12,-0.1708791199150485,-1.1853846185482466,0.9346153845007603,-0.23978021938947366,-1.5688461526655233,0.8007692373715914,0.7979988964241508,0.3137841659702373,1.6340308897908473,28,True
2005-03-13,2005-03-19,-0.4138461533130484,-1.1242307600780175,0.3080769249309714,-0.10020604434648304,-0.655769240254393,0.522307694889605,0.6137880579780257,0.14616649862462908,1.3015099301847146,28,True
2005-03-20,2005-03-26,0.19895604351832236,-0.792692305950018,1.0203846108454924,-0.13368131808557926,-1.5938461468769953,1.30500001173753,0.8032344200151404,0.3300002206774332,1.7019952146747173,28,True
2005-03-27,2005-04-02,-0.08450549533897703,-1.0984615351145084,0.8115384578704834,-0.1460302193869151,-1.0519230801325579,0.7157692324656707,0.6858181664394909,0.17471193531499998,1.1053871604889498,28,True
2005-04-03,2005-04-09,0.28751373662265367,-0.6161538491455408,1.0900000098806162,0.035576923177219354,-0.8549999984411093,0.7157692359044001,0.6857136329063079,0.29969708745562545,1.223685874829503,28,True
2005-04-10,2005-04-16,0.20300824198216855,-0.9896153807640076,1.0303846093324514,-0.16603021989934721,-0.9434615409431549,0.5588461475876662,0.638933702542687,0.12029672659576901,1.1357520371933976,28,True
2005-04-17,2005-04-23,0.17703296736414945,-0.7811538405143298,1.3392307712481573,0.06774725349732562,-0.3696153876729883,1.174230775007835,0.6527103509717723,0.055001341437612816,1.3413077626908974,28,True
2005-04-24,2005-04-30,-0.30508241705228006,-1.3076922939373896,0.5638461535653243,0.11008241718153951,-0.7953846093553764,1.0992307611382925,0.6337463448279373,0.07200632945363791,1.3523383072595914,28,True
2005-05-01,2005-05-07,-0.16950549402499346,-1.0299999920221476,0.6161538445605681,-0.18324175865675965,-1.2907692171060121,1.2396153973845334,0.7720613759245761,0.3504555353111958,1.4195398747759735,28,True
2005-05-08,2005-05-14,0.23831043989592038,-0.5834615368109483,0.8949999981201612,0.315563186606556,-0.7930769209678357,1.2780769326939032,0.7663019886786452,0.1784669280609577,1.4008871303100139,28,True
2005-05-15,2005-05-21,-0.3345741755175558,-1.267307691849195,0.740769237279892,-0.7549999988699271,-1.5869230742637928,-0.08500000633872472,0.9522521753606474,0.30516098217876975,2.0308603175627273,28,True
2005-05-22,2005-05-28,-0.09646978061697395,-0.9903846245545608,0.8096153844291201,-0.6204120868428068,-1.6815384534689097,0.4396153876844507,0.9148227109441095,0.1374503685825654,1.8313258610773888,28,True
2005-05-29,2005-06-04,0.2241758241568907,-0.7384615380030412,0.9003846095158503,0.08071428506154117,-0.7096153875956168,1.3511538482629335,0.6105574265462476,0.08992436274311684,1.3671991224288882,28,True
2005-06-05,2005-06-11,0.4189010991070133,-0.8692307672821559,1.1323076968009655,-0.13563186882554992,-0.9869230767855277,1.0726923048496246,0.7934788661446465,0.17513223575371106,1.1919181749920909,28,True
2005-06-12,2005-06-18,0.48200549450344765,-0.34692307525815874,1.262307698910053,-0.05571428646466562,-0.7684615475053971,0.4565384609338183,0.6717337886812519,0.3236654442819606,1.3423293534149554,28,True
2005-06-19,2005-06-25,0.5295467031838188,-0.05692307622386859,1.0692307651042938,0.1609478034539619,-0.983846155496744,0.9792307668293898,0.765690355281985,0.053274434568327186,1.361884626516991,28,True
2005-06-26,2005-07-02,0.276593406792157,-0.7784615353896067,1.480769229049866,-0.1413186815679892,-1.0653846218035772,0.8542307704113997,0.806196094402291,0.15580673790008964,1.5061587551450384,28,True
2005-07-03,2005-07-09,0.3077197804212939,-0.5734615383239893,1.1480769320176198,0.32129120912945286,-0.9980769203259394,1.9792307661129878,0.8821352922632715,0.1939293179964284,1.9892714059194423,28,True
2005-07-10,2005-07-16,0.18230769237513642,-0.8588461532042577,1.013076928945688,0.07140109877122545,-0.8838461545797495,1.7249999834367862,0.7623459275110831,0.179112290736189,1.7556344458573023,28,True
2005-07-17,2005-07-23,0.49329670419619714,-0.3576923104432913,1.1715384664443822,-0.010604396086329447,-0.8415384590625763,1.017307688983587,0.784615521104905,0.1197247813407125,1.1915221404661154,28,True
2005-07-24,2005-07-30,0.5966758235731254,-0.8176923090448747,1.3546153742533464,-0.060604396286410296,-0.953076924269016,1.2265384541108058,0.9315929182898801,0.341136718615495,1.5929079504787396,28,True
2005-07-31,2005-08-06,0.5563736251238119,-0.4473076922675738,1.345384609240752,-0.4502472536213655,-1.3003846177688012,0.8392307622931324,0.9534367218594217,0.25534898757776664,1.6023060724353753,28,True
2005-08-07,2005-08-13,0.5749862630043056,-0.8273076976721103,1.4649999846632664,-0.10773351494796,-1.0407692239834712,1.6288461433007166,0.9935096953325913,0.16451155947939075,1.6292057894776073,28,True
2005-08-14,2005-08-20,0.33000000015126313,-0.6046153823486887,1.584615381864401,-0.5287225266693385,-1.4615384523685162,0.8688461476793656,0.9706567514991173,0.4128931680891549,1.8071799956779444,28,True
2005-08-21,2005-08-27,0.12732142934084428,-0.9973076790427933,0.845769233428515,-0.41140109888574744,-1.2676923045745263,0.6299999969509932,0.7915589648733471,0.07798972218585702,1.2914203099279344,28,True
2005-08-28,2005-09-03,0.1790934063309988,-1.4126923095721464,1.1553846253798559,-0.38999999870269836,-1.211538458099732,0.7826923066750169,0.8912851934736999,0.3594382491252382,1.4753479697606344,28,True
2005-09-04,2005-09-10,0.11943681366424394,-1.3273076976721103,0.8334615391034347,-0.43146977992472496,-1.3261538583498735,0.2442307724402501,0.6706908246599804,0.16002264908118957,1.388962040000608,28,True
2005-09-11,2005-09-17,0.4676373605974592,-0.8365384727143325,1.266923067661432,0.2693543950106007,-0.6465384607704786,1.323846161365509,0.8443955172005974,0.12516320543331325,1.5660029614574238,28,True
2005-09-18,2005-09-24,0.22428571423362165,-1.370769233084642,1.2134615326156983,-0.3678159330777087,-1.261538458414949,1.0511538454403098,0.856235576354748,0.15368164339773274,1.6945001554711252,28,True
2005-09-25,2005-10-01,-0.17108516575471794,-1.3115384578704834,0.8842307691677258,-0.23575549520255365,-1.4392307607027202,1.7092307588228812,0.9561762378176537,0.28224716765976177,1.7541059505163021,28,True
2005-10-02,2005-10-08,0.08195054953007008,-0.9211538415402174,0.9899999980743115,-0.3774587899231567,-1.1500000095424743,0.6757692333597404,0.7564542221857076,0.0809786673294667,1.1510045232321637,28,True
2005-10-09,2005-10-15,0.06406593396440965,-1.0276923110851874,0.9865384652064397,-0.19865384620389195,-1.0492307681303759,1.6080769139986772,0.7856381857720365,0.07171298160939309,1.6373218237583536,28,True
2005-10-16,2005-10-22,0.1328296709120028,-0.849230767156069,1.1230769272033985,-0.029244503983716055,-0.9649999938332118,1.1234615353437571,0.7051825453148238,0.19349976131220503,1.2605382960408857,28,True
2005-10-23,2005-10-29,-0.24993131754172784,-1.272307691665796,0.843076926154586,-0.6870604397749507,-1.671923068853525,-0.022692309620861825,0.8840519397262956,0.1390000206793128,1.6739858192148955,28,True
2005-10-30,2005-11-05,0.21041208881997392,-0.9073076890065119,1.1323076945084791,-0.13733516432918033,-1.1292307704973679,0.9234615443990781,0.7838298007857066,0.03192538552332202,1.3039879707085835,28,True
2005-11-06,2005-11-12,0.3378983513339535,-0.8261538445949554,1.0196153862545123,-0.19701923097862487,-1.380384621855158,0.6057692324885955,0.707236689342439,0.1739826745427628,1.3867476170503108,28,True
2005-11-13,2005-11-19,-0.48038461593563087,-1.3338461564137385,0.9223076873100721,-0.5193818673839444,-1.4426922958630781,0.3519230702748665,0.9545804305603819,0.37018486536341644,1.789330010756004,28,True
2005-11-20,2005-11-26,-0.31284340717420395,-1.1588461513702686,1.151538447691844,-0.7315109889764994,-1.7749999899130602,-0.09653846224626669,0.9778925326786027,0.20007432114651033,1.8743251226224211,28,True
2005-11-27,2005-12-03,-0.5374038474030465,-1.164230777667119,0.1549999974668026,-0.7278983506481521,-2.1438461404580336,0.4138461561300434,1.0916148573562254,0.08589331340873584,2.1818370608739994,28,True
2005-12-04,2005-12-10,-0.330398349818047,-1.3599999913802514,0.698461536031503,-0.5005494490506353,-2.101923080591055,0.605769229766268,0.8879458193441664,0.08525024385458226,2.1922351383868413,28,True
2005-12-11,2005-12-17,-0.16829670193748406,-1.0976923119563322,1.0346153814059038,-0.4239148349311858,-2.1673076886397142,0.6903846094098228,0.8063025517466365,0.0651920255509404,2.4294343022532754,28,True
2005-12-18,2005-12-24,-0.5372527473949019,-1.0211538477585866,0.5684615396536313,-0.4361538450888634,-1.4115384610799642,0.4138461518316315,0.8271422901984076,0.02430696276445991,1.41857859762374,28,True
2005-12-25,2005-12-31,-0.1466620877272562,-1.1369230701373174,0.8453846132526031,-0.5798076917007975,-2.6361538492716274,0.6857692325631013,1.0531750002795384,0.23320762961187552,2.7680377005818064,28,True
2006-01-01,2006-01-07,-0.7488736255314448,-1.3150000022007868,0.5542307708125848,-1.0664285716657005,-2.5999999917470493,0.3980769236357166,1.439683284507519,0.7310600622413975,2.603096122826595,28,True
2006-01-08,2006-01-14,-0.5149313191381785,-1.4915384681035693,0.4323076926744901,-0.592678572161246,-2.209230771431556,0.6903846174335251,1.042915071956885,0.44902145317923,2.282542443763765,28,True
2006-01-15,2006-01-21,-0.19480769327780292,-1.2784615372522519,1.1399999948648305,-0.15185439530862394,-2.4480769359148464,1.0007692346206079,0.8462759819096833,0.13421919918964953,2.761800967917785,28,True
2006-01-22,2006-01-28,0.2474862642939315,-1.183461532713129,1.3384615377737925,0.2058516474604443,-0.4926923057780816,0.8784615328678718,0.6900703825375629,0.14155727499387546,1.4320597962083181,28,True
2006-01-29,2006-02-04,0.2838049451129736,-0.787692306133417,1.0961538484463325,-0.43120879002918416,-1.5411538421534574,0.18884615034151536,0.7185543510268216,0.20088009132789802,1.5453814526112364,28,True
2006-02-05,2006-02-11,-0.4102884603607991,-1.3719230787112162,0.9626923077381574,-0.2054258232020292,-1.330384605205976,1.1146153893608313,0.9380211631103731,0.2495024617626194,1.7688163270561943,28,True
2006-02-12,2006-02-18,-0.4776785712955253,-1.0911538417522724,0.18192307822979414,-0.15583791233762936,-1.9253846135420294,0.9903846136652507,0.8267216009107775,0.23660442934716006,1.9995726195620505,28,True
2006-02-19,2006-02-25,-0.14196428446518766,-1.2015384619052594,1.0369230806827545,-0.10767857173641958,-1.2361538364337041,0.7230769200966909,0.6600552669687659,0.12150194513022408,1.4156893383279752,28,True
2006-02-26,2006-03-04,0.1557967021836193,-0.7288461556801429,1.3746153811136117,0.15722527445785212,-1.3373076846966376,1.0892307689556708,0.6581880494416972,0.14220006262651624,1.4411072391492852,28,True
2006-03-05,2006-03-11,-0.1270879128625473,-0.8438461480232385,1.434615391951341,-0.14730769291438245,-1.2049999982118607,0.8273076890752866,0.7163382412507724,0.08461014119714723,1.4378084253724046,28,True
2006-03-12,2006-03-18,-0.09289835188742522,-0.9707692276972991,0.9669230786653665,-0.32052197716464953,-1.6523076777274792,0.45153845896801126,0.7688366555215779,0.11694584759106758,1.7946195332674468,28,True
2006-03-19,2006-03-25,-0.30532967015476586,-1.1019230760060823,0.5915384616416234,-0.21160714216990867,-1.0476923029010112,0.5719230788258406,0.7105872748410764,0.15747264383035903,1.127872066944599,28,True
2006-03-26,2006-04-01,0.12456043875663655,-0.9015384651720524,1.3799999975241148,-0.09179945011715311,-0.7130769214664514,0.6457692265080718,0.5991919724240363,0.11277694676061127,1.4683122338498111,28,True
2006-04-02,2006-04-08,0.09545329609977919,-0.8084615400204291,0.8799999986703579,-0.08543956115238041,-0.9834615358939538,0.7588461534335063,0.5917142879840488,0.0971981721132149,1.1300126238728883,28,True
2006-04-09,2006-04-15,-0.40739010935291076,-1.391153837625797,1.0249999990830054,-0.5064835165151405,-1.6830769272950978,0.13000000261056882,0.932659241713501,0.12016568956986474,1.9021084582668306,28,True
2006-04-16,2006-04-22,-0.06880494492937003,-0.74230768932746,0.7680769258966813,0.2941071419173258,-1.0988461585858693,1.7876922946709852,0.8431131790262242,0.12785207658403794,1.945709614644721,28,True
2006-04-23,2006-04-29,0.234931318987427,-0.6330769274097222,1.0603846105245442,0.18516483546009516,-0.6742307661244502,1.2915384608965654,0.6697113901885736,0.2000480720770054,1.4438119345150202,28,True
2006-04-30,2006-05-06,0.23208791246013408,-0.58269230562907,1.0673077046298063,0.585535713509851,-0.744230770219404,1.9419230727049022,0.8792730358386847,0.13834396509317354,1.9598171136359213,28,True
2006-05-07,2006-05-13,-0.08546703270697906,-1.1642307775954788,0.521923090546177,0.690521979389794,-0.45192307663651615,1.5557692234332745,0.8699644137757542,0.26805374918645347,1.5675155052921383,28,True
2006-05-14,2006-05-20,-0.17017857083835855,-1.2311538457870483,0.7715384639226474,0.3382554937737411,-0.5761538434487122,1.5084615395619319,0.7653676123119574,0.28756578430009117,1.6943222295802154,28,True
2006-05-21,2006-05-27,0.1331043955690872,-0.6292307743659387,0.8757692314684391,-0.029876372646438054,-0.9638461493528806,1.4203846156597137,0.7452484292659566,0.03296268624327443,1.4900801172708096,28,True
2006-05-28,2006-06-03,0.2782280216822503,-0.47076923443147767,1.0784615438718061,0.11876373581209598,-0.5999999990543494,0.6515384634526876,0.604569670638506,0.12762973462427968,1.0903222116093358,28,True
2006-06-04,2006-06-10,-0.25333791149135393,-1.0076923103859792,0.37884615232738167,-0.4359065929944576,-1.447692307142111,0.3923076858314184,0.6944042531585906,0.1303942596563656,1.4493283995028605,28,True
2006-06-11,2006-06-17,0.04612637426867918,-0.9549999930537664,0.7815384635558495,-0.04901098791294946,-1.1861538313902342,1.1823076880895174,0.5945649442074133,0.02566569345547598,1.5228216896453852,28,True
2006-06-18,2006-06-24,0.4909340655226465,-0.6911538334993216,1.1080769277535951,-0.12103021948260594,-1.046153845695349,0.8188461612623471,0.739761350559073,0.1508359323777914,1.1711639456853602,28,True
2006-06-25,2006-07-01,0.44296703248663427,-0.43846153374761343,1.4453846216201782,0.008612637182922813,-0.5703846148143594,0.795769221507586,0.6610633825992345,0.1076820129398738,1.4511503353075625,28,True
2006-07-02,2006-07-08,0.4299450550806596,-0.8761538398953584,1.4723076957922716,-0.24278846205529442,-1.097307692353542,1.3673076870349736,0.8746672977226794,0.04719342017324332,1.5017979391554095,28,True
2006-07-09,2006-07-15,0.3204120864892112,-0.7588461568722358,1.2903846071030085,-0.19729395633931834,-0.8823076778879533,0.7061538375340976,0.8086162844172288,0.10145173833328504,1.3817946614297087,28,True
2006-07-16,2006-07-22,0.5016071432945575,-0.5884615369857504,1.2696153819561005,-0.09457417407103785,-1.4492307809682994,1.4196154028177261,0.9733925374054521,0.1882152968865023,1.5641473194739741,28,True
2006-07-23,2006-07-29,0.08543955986285685,-0.7399999992205546,0.6861538480107601,-0.6019230766917814,-1.3561538320321302,0.5788461558090953,0.8026265534033836,0.21191993721183114,1.3578040782907743,28,True
2006-07-30,2006-08-05,0.31890109720496607,-0.8288461548777727,1.228461538369839,0.022829670942603405,-0.6630769202915522,1.2573077019590597,0.7978177370262453,0.051067021528848566,1.291586623524239,28,True
2006-08-06,2006-08-12,0.5101236262394545,-1.3123076901986048,1.321538459796172,-0.1667994496535387,-0.8607692363170477,0.9773077001938453,0.902431292681978,0.28479464425804824,1.5342397000544559,28,True
2006-08-13,2006-08-19,0.05221153830771672,-0.961923072544428,1.0165384698372621,-0.06359890030164803,-0.8580769231686225,0.9411538506929691,0.6173636674741666,0.11621751265816027,1.2290325414254708,28,True
2006-08-20,2006-08-26,0.2836950534038696,-0.8115384727716446,1.2796153884667616,-0.08255494494953161,-0.9569230790321643,0.8488461518516908,0.7460168964490558,0.06442394344162025,1.2801260261778775,28,True
2006-08-27,2006-09-02,0.1902060426060356,-1.6184615538670466,1.2569230886606069,-0.1877609884550611,-1.1942307639580507,0.7253846113498394,0.7364766007588113,0.04146717377206749,1.6200931989294631,28,True
2006-09-03,2006-09-09,0.1796840651927946,-1.1088461532042577,0.8611538501886221,-0.3410714267993571,-1.2192307779422173,1.5126923059041684,0.9847107499895854,0.15317159725598045,1.6480483856238763,28,True
2006-09-10,2006-09-16,0.06607142825621169,-0.9576923102140427,1.2438461574224324,-0.4511263726361014,-1.5846153830106442,0.4915384605813485,0.7931916956405017,0.19335445733300394,1.5856236968872397,28,True
2006-09-17,2006-09-23,0.06688186835118949,-0.9565384548444015,1.4442307685430233,-0.4404945058446214,-1.50961539378533,0.9111538420502956,0.9378658805119737,0.1773660817216042,1.6665109437542127,28,True
2006-09-24,2006-09-30,0.20998626297524017,-0.7723076920956373,1.117692307784007,-0.1457142862798339,-0.9576923228227175,1.0288461567117617,0.6639028896562049,0.14298797307164285,1.3202130212532235,28,True
2006-10-01,2006-10-07,0.013612637905260697,-0.9261538478044363,0.7184615278473268,-0.31592032911542517,-1.22269230393263,0.7469230732665613,0.6717768229818971,0.13372950396120206,1.2241824911185202,28,True
2006-10-08,2006-10-14,0.008914834904167186,-1.2388461598983178,1.1069230815538993,-0.35825549432455184,-1.2853846137340252,1.1311538468043392,0.7982747958542777,0.4737727847999135,1.336835274432877,28,True
2006-10-15,2006-10-21,-0.434642857232305,-1.4107692333368154,0.536153842551777,-0.803145602064023,-2.037692299255958,0.09269230784131931,1.1001306380274432,0.2942136762516972,2.052093921647089,28,True
2006-10-22,2006-10-28,-0.06342032970093027,-1.5923077005606432,1.179230765797771,-0.49497252764374755,-1.2196153797782385,0.9292307693797809,0.9651082633958861,0.33985399966012236,1.6897051748044856,28,True
2006-10-29,2006-11-04,-0.2695192293223035,-1.311153845145152,0.7330769277535952,-0.6967445038653051,-2.427692317045652,0.9165384597503222,1.0373367135044178,0.20879267268163307,2.4401009203451443,28,True
2006-11-05,2006-11-11,0.1013873634747342,-1.1688461482811432,1.1911538449617534,-0.35583791171794166,-1.4923076835962443,0.636153842537449,0.7840219105542054,0.06241917761597042,1.8955694502898206,28,True
2006-11-12,2006-11-18,-0.1340934074519632,-1.4484615325927734,1.276538461446762,-0.3271428559430885,-1.0346153756746879,0.8546153913037136,0.8213378391406205,0.08246211046067776,1.4486049647820018,28,True
2006-11-19,2006-11-25,-0.12424450625337988,-1.5223077054207141,0.9057692203384179,-0.47512362557872717,-1.3826923095262968,0.6749999970197678,0.946407900746766,0.4215342474639084,1.9334170282039653,28,True
2006-11-26,2006-12-02,-0.0705906593977668,-0.9946153871715069,0.8373076904278535,-0.36390109767799605,-1.2784615342433636,0.36923077072088534,0.6738740932297054,0.06393992201252284,1.4305695133687693,28,True
2006-12-03,2006-12-09,-0.2771153846822147,-1.1288461604943643,0.5699999977189761,-0.4764423082956205,-1.556923077083551,0.05769230697590571,0.7401731499822466,0.2323232944405126,1.7293221736242963,28,True
2006-12-10,2006-12-16,-0.2796153846084253,-1.2515384703874588,0.5946153771991913,-0.6040796699324765,-1.6496153817727015,0.5026923078470505,0.863314124882458,0.17457471946424066,1.7997436482449838,28,True
2006-12-17,2006-12-23,-0.16855769206841403,-0.9288461552216456,0.8407692283821794,-0.17457417617961354,-1.135769241131269,0.9565384597875751,0.6130073588570463,0.11063359771834755,1.1423769831606438,28,True
2006-12-24,2006-12-30,0.051950550310641205,-0.85346153149238,1.2626923047579253,-0.3302472523838323,-1.132692311818783,0.40730769445116705,0.7774428646083138,0.12545066896547336,1.3740714964949448,28,True
2006-12-31,2007-01-06,0.30943681368768056,-0.7038461491465569,1.278846146968695,0.03258241797991834,-0.9434615396536313,0.7207692322106316,0.6247658863550526,0.1143504926011837,1.29172112871711,28,True
2007-01-07,2007-01-13,-0.4206043953091356,-0.9861538478961358,0.10615384399604338,0.10769230799729025,-0.800769219891383,0.6800000002750983,0.5931063826253361,0.09304592391993945,1.2003666123166123,28,True
2007-01-14,2007-01-20,0.0362500004588043,-0.6192307655627911,0.7249999960454611,-0.17861263731822044,-1.275384607223364,0.8950000015588907,0.6358472231742296,0.13698788425581274,1.3934579271473138,28,True
2007-01-21,2007-01-27,0.004491757135838264,-0.971923088010114,0.9634615326156983,-0.10953296653435127,-0.8203846170352056,0.8080769250026116,0.6540416494310346,0.2085668936399364,1.0143573562027235,28,True
2007-01-28,2007-02-03,0.024546702377047838,-0.8680769262405542,0.9184615405706259,-0.20796703255305496,-1.381538457595385,0.5192307655771191,0.6922021506977479,0.028367824859794052,1.6016971806646318,28,True
2007-02-04,2007-02-10,-0.624848899976504,-1.599230761711414,0.6346153836124219,-0.49723901115050845,-2.316923058949984,0.8638461507283725,1.1567319013108774,0.04298410262804646,2.3387069530290345,28,True
2007-02-11,2007-02-17,-0.3116620876212287,-1.0730769340522015,0.5996153886215045,-0.5009203299439953,-2.9049999988996067,0.8265384550278003,0.9492259643436702,0.169716961374097,2.926331637875605,28,True
2007-02-18,2007-02-24,-0.2928159337332165,-1.198076917574956,1.028461533670242,-0.4248214288650511,-2.6384615347935605,1.0923076890982115,1.0732781665727864,0.1862746001669781,2.7690658284595138,28,True
2007-02-25,2007-03-03,-0.003420329233119788,-0.6376923038982428,0.8157692348154691,0.2751098905183416,-0.6334615355500808,1.3215384655273879,0.6181035354644576,0.2810641237370937,1.4561741659640186,28,True
2007-03-04,2007-03-10,0.14858516493484705,-0.92615384551195,0.8976923210116533,0.029642855177971196,-0.8326923144408144,0.7326923075060432,0.7021871011095321,0.287541097645023,1.101137127202221,28,True
2007-03-11,2007-03-17,-0.2968269236037856,-1.20692308103809,0.7784615422670658,-0.09690934061686825,-1.3369230692489789,0.8484615351145084,0.7668121879258711,0.05801958751764231,1.471017146152674,28,True
2007-03-18,2007-03-24,-0.1724999996239913,-1.0996153744367452,0.6776923065861831,-0.02896977995860053,-0.918076914950059,1.0984615362607515,0.7695561515704179,0.2431198200622654,1.2231698656288494,28,True
2007-03-25,2007-03-31,0.21634615407898447,-1.0049999952316284,1.732692308150805,-0.120535713820053,-1.0892307649438198,1.0134615369427662,0.8481405361261555,0.305782526321246,1.7358476354086032,28,True
2007-04-01,2007-04-07,-0.07995879175499654,-1.4765384678657238,1.2561538428641283,-0.08021978095460398,-1.0384615407540247,0.7988461554050446,0.7037024011375268,0.15634745045692278,1.5048219403932228,28,True
2007-04-08,2007-04-14,-0.02468406650043286,-0.9384615329595712,0.7092307722912385,-0.12480769215080026,-0.7169230826772176,0.9715384647536737,0.6188176742905805,0.151923562118591,1.0481884205496943,28,True
2007-04-15,2007-04-21,0.0711675825052905,-0.9269230778400714,0.9838461600817167,0.028749999897247486,-0.7957692249463155,0.859615389830791,0.5877388726567874,0.10545196585865035,0.9999696064209791,28,True
2007-04-22,2007-04-28,-0.1592307690643593,-1.1242307699643648,0.7776923096523836,-0.18752747233752368,-1.11615384885898,0.8592307750995343,0.6420807914711004,0.07202892305975583,1.2216596807168967,28,True
2007-04-29,2007-05-05,0.13870879131686556,-0.6780769226069634,0.9603846119000361,-0.004175824563499991,-1.2534615385990877,1.7796153747118437,0.770143551339962,0.27208623236971435,2.000360684236391,28,True
2007-05-06,2007-05-12,-0.08173076849134005,-1.1484615435967078,0.7138461527916101,0.1851236256387003,-1.0334615443761532,1.8838461499947767,0.7831057484298943,0.06923290840383609,1.9011297210419675,28,True
2007-05-13,2007-05-19,0.012335165224682825,-1.0688461508028781,0.7880769165662619,-0.37905219711803395,-0.9588461495362796,0.22653846113154522,0.5689513854955232,0.13664892875850979,1.0822809681914916,28,True
2007-05-20,2007-05-26,-0.2393681335999825,-1.3342307725777993,0.7815384528098198,0.1303296702131015,-1.2099999980284617,2.075384612266834,0.8199192167375051,0.1842255468141481,2.110303404111244,28,True
2007-05-27,2007-06-02,-0.12435439558300589,-0.9515384570337259,0.6807692280182471,-0.14998626410654123,-1.061538461309213,1.2450000011863618,0.6681202785740459,0.06962812693151472,1.2511066115448368,28,True
2007-06-03,2007-06-09,0.08256868257412463,-1.3138461388074434,0.9588461521869669,-0.19403846149977583,-0.9300000002750983,0.523076923420796,0.6446124424198124,0.11681802361590646,1.348870430433506,28,True
2007-06-10,2007-06-16,0.6149175807060981,-0.31961538635480863,1.2692307634995534,-0.20689560372668964,-0.8307692316862253,0.4415384628451787,0.8008025514792205,0.17934999070379526,1.296413167909143,28,True
2007-06-17,2007-06-23,0.5523763737068154,-0.2623076904565096,1.2326923057150383,-0.414958791078099,-1.0888461631077986,0.3276923050244267,0.8481910422701496,0.33437944437199013,1.2398960853325134,28,True
2007-06-24,2007-06-30,0.3518681319425353,-0.9134615361690521,1.3719230775649731,-0.5433379118944835,-1.3603845995206099,0.7384615362836764,0.9488698716397944,0.1832005111668778,1.4164369548546545,28,True
2007-07-01,2007-07-07,0.30532966930531785,-0.3969230782240629,1.1076923091537678,-0.2975412074241091,-1.0796153809015567,1.1076923104432912,0.756593416635693,0.19561350831637125,1.5665134874534603,28,True
2007-07-08,2007-07-14,0.2893269227914881,-0.6907692310901788,1.1707692369818687,-0.3554395605722995,-0.8469230716045086,0.44576923004709756,0.6816529565172137,0.16794617247278518,1.252761275231594,28,True
2007-07-15,2007-07-21,0.05739010922139982,-0.8219230759602326,1.349999996332022,-0.308502747334417,-0.9403846197976515,0.5053846187746296,0.6898305994936493,0.3028281376202702,1.3541370390684495,28,True
2007-07-22,2007-07-28,0.11888736288912675,-0.8311538421190702,1.2957692238000722,-0.1727060422705548,-1.2684615380488908,1.801153838634491,0.931203631609225,0.12427303304231961,1.8041449981235211,28,True
2007-07-29,2007-08-04,0.4232692296903294,-0.6384615410978978,1.3442307661215847,0.12723901094152376,-0.8903846075901618,1.4457692297605367,0.8210397386095526,0.14972360908489213,1.6623600537158585,28,True
2007-08-05,2007-08-11,0.14368131807954101,-0.5853846187774951,1.024615397820106,-0.43763736237331735,-1.1449999923889453,1.1369230730745654,0.8020336911616084,0.2262120547956853,1.235770184792924,28,True
2007-08-12,2007-08-18,0.38372252657907185,-1.1911538484004827,1.1084615358939538,-0.5436813181399235,-1.2584615441469045,1.1584615409374237,1.0012738230623812,0.5585070949279702,1.4639187643872438,28,True
2007-08-19,2007-08-25,0.283021978414771,-1.8173076877227197,1.1449999923889453,-0.4548901088566489,-1.7580769153741689,1.7834615248900194,1.1817502563636195,0.5893930457991448,2.15163519228195,28,True
2007-08-26,2007-09-01,0.29339285723731984,-0.9557692219431584,1.3530769164745624,0.005989011215905714,-1.4523077034033263,1.1026923175041492,0.8913998836075684,0.2172559480395374,1.5524199585895984,28,True
2007-09-02,2007-09-08,0.18214285743914055,-0.5069230776996567,1.083461527641003,-0.16075549507513642,-0.9873076955286356,0.7580769256187173,0.6212757510436964,0.24751127750213678,1.1397789173661454,28,True
2007-09-09,2007-09-15,0.3029532972544145,-0.5723076958495837,1.1076923073627627,-0.3722390104161964,-1.0596153757606561,0.9807692313423524,0.7533539069715582,0.2847738648692841,1.108359841310873,28,True
2007-09-16,2007-09-22,0.2471153857877253,-1.1976923163120563,1.3400000047225218,-0.41082417595476567,-1.0488461485275855,0.4884615415134109,0.8945455900079055,0.4115235493627043,1.5055803577269167,28,True
2007-09-23,2007-09-29,0.17458791219741926,-1.0426923116812339,1.0211538460392218,-0.31134615321438963,-1.0019230842590332,1.0015384711755009,0.8402943485328489,0.3309431571546422,1.24757054762216,28,True
2007-09-30,2007-10-06,0.06233516352118126,-1.2688461450430064,1.3334615299334893,-0.6079807686312432,-1.6915384576870844,0.37653845663254076,1.0324800504317817,0.44654309670326714,1.6976763142075544,28,True
2007-10-07,2007-10-13,-0.006304945144290618,-1.3784615397453308,1.217692304116029,-0.42181318659069283,-1.3157692276514494,0.7107692276342557,0.9233974486534343,0.34569563813702,1.4610000048313991,28,True
2007-10-14,2007-10-20,-0.04994505394894917,-1.4173076863472278,1.3923076978669717,-0.28402472664039213,-1.3892307739991407,0.7596153845437444,0.7585080799642102,0.08054272241018026,1.6213002408712398,28,True
2007-10-21,2007-10-27,-0.08289835093399654,-1.0384615315840795,0.6223076937290338,-0.05071428598539269,-1.0500000010316188,0.7792307677177283,0.5968315615205144,0.12056388975298152,1.1945550190586793,28,True
2007-10-28,2007-11-03,-0.11173076883654347,-1.1746153831481934,1.0380769165662618,-0.551359889448037,-1.8719230752724867,0.7353846109830416,1.0444813259603747,0.0874532842827098,2.0584206062969272,28,True
2007-11-04,2007-11-10,0.14082417459544408,-1.283846146785296,1.4519230666068883,-0.20090659341907927,-1.5092307856449714,1.199615379437231,0.8814356281135783,0.15749237120105947,1.8833899357083448,28,True
2007-11-11,2007-11-17,-0.16836538386868907,-1.278076926103005,0.7365384617677102,-0.055178570456209275,-1.4769230748598392,0.8373076978067939,0.7406921469283922,0.21018025039094454,1.5346421825323229,28,True
2007-11-18,2007-11-24,0.3957280219394386,-0.78653845592187,1.1361538412479253,-0.15531593334738286,-1.3488461535710554,0.8546153891545075,0.7222893911252023,0.11048909654361226,1.4110184530967973,28,True
2007-11-25,2007-12-01,-0.2959340654651297,-1.2457692325115204,1.0584615393756673,-0.3314560438598414,-1.8196153732446523,0.855384616037974,0.9053331070257983,0.20685657968487764,1.8498487358380098,28,True
2007-12-02,2007-12-08,-0.18129120869203827,-1.2226923062251165,1.4023076742887497,-0.5115796696282104,-2.278846163016099,0.7557692370162561,0.8953746240219934,0.10965856082627197,2.393737212983726,28,True
2007-12-09,2007-12-15,-0.2898214281674802,-1.13307693027533,1.364999995781825,-0.44920329646729346,-2.0576923122772803,0.7403846167457792,1.011458451774624,0.46986589305393284,2.133241732237496,28,True
2007-12-16,2007-12-22,-0.2934615371472478,-0.9107692362024233,0.3700000006848803,-0.3364285706660127,-1.2519230865515196,0.5434615371318964,0.7152087456491782,0.21782715484746382,1.391618249072063,28,True
2007-12-23,2007-12-29,0.16627747219843933,-0.5161538481569061,1.2226923062251165,-0.4989697785157669,-1.011538443657068,0.6776923081622674,0.7193572300021441,0.22218721731991492,1.5357233807532427,28,True
2007-12-30,2008-01-05,-0.29740384562391337,-1.62615384046848,0.6119230716274335,0.08798076817509973,-1.1196153950519288,0.8542307778619803,0.6694012466957782,0.10727942714814862,1.6365998753856996,28,True
2008-01-06,2008-01-12,-0.3676923085746079,-1.6173076904737032,0.9730769143654749,-0.5601923074087148,-2.1376923001729526,0.4284615392008653,0.9971141845329462,0.24768066077375772,2.314299542081823,28,True
2008-01-13,2008-01-19,-0.1441895605607347,-0.9303846210241318,0.6388461535366682,0.0901923073701315,-1.4261538535356522,0.7269230714211097,0.5788388033626697,0.22564470300142545,1.4264079592193635,28,True
2008-01-20,2008-01-26,-0.1904945054736275,-0.9280769263322537,0.7715384587645531,0.06277472437564079,-1.7757692348498564,1.301153838634491,0.7089122768368323,0.10848949376520474,1.832943524511732,28,True
2008-01-27,2008-02-02,-0.24771977964901254,-1.1080769288998384,0.5307692358127007,-0.45456043946055263,-2.3153846309735227,0.890384611243812,0.9423483214547133,0.026114222541659,2.401186728304818,28,True
2008-02-03,2008-02-09,-0.14049450453411746,-0.8949999933919082,1.3696153905385962,-0.0693131874847625,-1.6330769130816827,1.25307692358127,0.880844028280452,0.21643836483848414,1.7296936722456477,28,True
2008-02-10,2008-02-16,0.2602060438353814,-0.5219230765763384,1.0165384663985326,-0.016222527810976235,-0.6165384598649465,0.6226923058812435,0.5728499848131924,0.046848936944937254,1.084789127880772,28,True
2008-02-17,2008-02-23,-0.32118131815210227,-1.102692297588174,0.5353846142355067,-0.15380494478209825,-1.4365384558645578,0.7669230756851343,0.743658682375039,0.15399320136452263,1.5442883977200594,28,True
2008-02-24,2008-03-01,-0.11293956091893571,-1.0834615368109484,0.7707692264364316,-0.05646977918529576,-1.220384602363293,0.7738461614801333,0.6400867863279373,0.1510931529318615,1.2272078753727698,28,True
2008-03-02,2008-03-08,-0.6818269217530123,-1.4607692333654716,0.6192307688582402,-0.5510302197781729,-2.0780769128065844,0.1880769246759323,1.037366286701943,0.13341331159462805,2.2200461656808534,28,True
2008-03-09,2008-03-15,-0.165453296400361,-1.4511538417293475,0.7211538473000894,-0.3524175820626564,-1.6019230760060823,0.8719230775649731,0.8431055814172778,0.2737083701667016,2.0300628814026056,28,True
2008-03-16,2008-03-22,0.36936813170233596,-0.45115384459495544,1.171153845695349,0.11527472491898051,-0.5496153771304167,1.0799999993581038,0.5985485920762617,0.015660977628486897,1.327727064631131,28,True
2008-03-23,2008-03-29,0.16785714241860253,-0.8899999971573169,1.0919230798116097,-0.14098901132756209,-1.2184615547840412,1.0688461500864763,0.630486124066315,0.12817852155736892,1.3401859624348775,28,True
2008-03-30,2008-04-05,-0.12537087942985306,-0.8280769196840433,0.6511538475751877,-0.05324175823377547,-2.0234615344267626,1.4161538435862615,0.9556016634753101,0.30410043460756914,2.0999338147385647,28,True
2008-04-06,2008-04-12,-0.021923077361821953,-1.2230769218160555,0.5953846136824443,-0.1655082415410696,-1.1053846180438995,0.8257692341621106,0.6179547726584629,0.1575787589772506,1.3180095801294436,28,True
2008-04-13,2008-04-19,0.12741758219467905,-0.6249999941971439,1.252692305124723,-0.2313598897461626,-1.542692319704936,1.2796153873205185,0.8125284559137012,0.09066650024230916,1.6380617616755055,28,True
2008-04-20,2008-04-26,0.013269231022734727,-0.9257692190317007,1.0207692224245806,-0.5188873630211494,-1.253461555792735,-0.11807692151230115,0.6971282366166287,0.18080400470880234,1.3657465009916365,28,True
2008-04-27,2008-05-03,-0.1629532958217129,-0.9834615313089811,1.0215384513139725,0.1844230763138282,-0.8473076889148126,1.7465384556696966,0.6681906708310417,0.05687368111445011,1.7597220171271082,28,True
2008-05-04,2008-05-10,0.01375000002272019,-1.0615384670404286,0.7261538425317178,0.1137087900078968,-1.0084615391320908,1.2565384553028986,0.7014230685148092,0.08790123480026134,1.4227397713691379,28,True
2008-05-11,2008-05-17,0.2548076927605607,-0.42000000185977954,0.9203846156597137,0.3915659339080186,-0.3526923142087001,1.1057692365004466,0.6330268480656819,0.14150762574389766,1.1828463999831067,28,True
2008-05-18,2008-05-24,0.11207417523038092,-0.8684615373181609,1.1065384539274068,-0.12166208644643181,-0.839230767522867,0.8096153845007603,0.5721888725920149,0.18722909470550758,1.1219602508689888,28,True
2008-05-25,2008-05-31,-0.2628708782907739,-1.0519230709626124,0.5057692327178441,0.05752747281515908,-0.9873076906571021,1.3180769177583547,0.7374709343529023,0.20104056207045323,1.4140520976037672,28,True
2008-06-01,2008-06-07,0.02392857150778502,-0.9057692247801102,0.8799999843423183,0.016689560744542992,-0.9957692210490887,1.5465384721755981,0.8649457606574085,0.24904135589263787,1.687887812376687,28,True
2008-06-08,2008-06-14,0.06245879083104267,-0.827307695379624,0.5926923058353938,-0.21531593387659925,-0.816153849546726,0.6876923026373754,0.5849298017498089,0.05607739775936859,0.984178387579351,28,True
2008-06-15,2008-06-21,0.21719780132164254,-0.7296153901574703,1.0065384596013105,-0.14851648359723227,-1.295384624829659,0.7434615392524463,0.7074947488296577,0.15209872840350797,1.3235386133350737,28,True
2008-06-22,2008-06-28,0.19971153839839273,-0.5465384652981391,1.1026923152116628,0.026222527426268374,-0.8096153850738819,1.0676923050330236,0.7127514954888442,0.07014882676911595,1.1688982923455244,28,True
2008-06-29,2008-07-05,0.5894368120192827,-0.3426923080562399,1.0380769142737756,-0.5475412081660969,-1.2330769139986772,0.506538461177395,0.9445098450664055,0.6143127692176991,1.2798111946054442,28,True
2008-07-06,2008-07-12,0.46383241634140465,-0.9157692274222007,1.4246153900256524,-0.286607142072171,-1.4596153772794282,0.5003846164506215,0.9078534826382401,0.07457274819574491,1.5435037490957966,28,True
2008-07-13,2008-07-19,0.33686813172771707,-0.8026923096667116,1.1749999935810382,-0.0727609894161655,-0.8826923095262967,1.0042307755121818,0.6777829875515865,0.2295561107191316,1.3239023603771658,28,True
2008-07-20,2008-07-26,0.5140934058639047,-0.44961537936559093,1.1361538469791412,-0.08374999974506324,-0.6842307677635779,0.47884615424733895,0.6900009240643211,0.14100757658155103,1.145417936858016,28,True
2008-07-27,2008-08-02,0.2796291204829506,-0.7934615428631122,1.0869230771294007,-0.5481593404732809,-1.0223077045610318,0.27653845951247674,0.7933000343601515,0.1412172409509488,1.267447066010061,28,True
2008-08-03,2008-08-09,0.31163461495620703,-0.2953846189551629,1.0100000047912965,-0.3399587908150772,-0.8788461559093915,0.8892307622501483,0.6777786567410768,0.13043055526664155,1.0173324167851068,28,True
2008-08-10,2008-08-16,0.2855494501002665,-1.0846153772794282,1.3353846187774951,-0.42395604314579327,-1.1688461441260118,0.7911538468100704,0.8619982811941032,0.08808028493266462,1.4765636969821523,28,True
2008-08-17,2008-08-23,0.11519230641475829,-1.0169230825625932,1.3234615384672697,-0.4007967046492702,-1.4169230690369239,0.9196153815405873,0.8936128836115184,0.24596206699244555,1.7440767011280272,28,True
2008-08-24,2008-08-30,0.21000000027489366,-1.0546153829647944,1.0100000019256885,-0.48156593375388984,-1.301538459956646,0.6161538480709379,0.9164913910421137,0.3107447063549009,1.3263860705473596,28,True
2008-08-31,2008-09-06,0.36232142804630596,-0.7069230773127996,1.379230769780966,-0.49284340630817625,-1.7800000126545246,0.27807692252099514,0.8329513277649118,0.05140194059687931,1.8229679167832051,28,True
2008-09-07,2008-09-13,0.26528846199501427,-0.8296153866327726,1.4546153843402863,0.009120879234275316,-0.8296153826209215,1.1819230784447148,0.8231057595326006,0.03655667707304074,1.4666745781438328,28,True
2008-09-14,2008-09-20,0.1630219796206802,-1.0407692182522554,1.2526923074172094,-0.2771978030124536,-1.2342307733801694,0.6446153806665769,0.8270132153818037,0.22573122572331936,1.6144739600315707,28,True
2008-09-21,2008-09-27,0.2733928559573142,-0.8223076934138169,1.3657692189400013,-0.13552197800683125,-1.1050000121960273,1.4319230702060919,0.7902214322835786,0.2831171560814249,1.5132177402836287,28,True
2008-09-28,2008-10-04,0.10269230806555311,-0.806923081095402,1.4457692400767252,-0.5799999983525825,-1.861923071054312,0.4907692287547084,0.9630684763416256,0.09579625455483531,1.8987059526931749,28,True
2008-10-05,2008-10-11,-0.007032967374690774,-1.0534615366934583,0.9988461515078177,0.028296702845881767,-1.0065384541566555,1.8446153837900896,0.8777153161776788,0.052714758889537375,1.8697234223201253,28,True
2008-10-12,2008-10-18,-0.04335164825002162,-1.3988461563220391,0.9334615443188411,-0.03134615440945048,-0.8530769176208056,0.8030769160160651,0.6464568411016335,0.10923347883454462,1.43957305109632,28,True
2008-10-19,2008-10-25,0.2811813181557867,-0.7030769211884874,1.2888461511868696,-0.12192307776965937,-1.4426923130567257,0.686538451566146,0.708108275269393,0.1861304005780468,1.5678546504080517,28,True
2008-10-26,2008-11-01,-0.08284340734122793,-0.9715384634641501,0.8515384546839274,-0.35755494633014057,-1.5550000094450438,0.4699999993093885,0.7486596713711047,0.1788937065254717,1.605527168393339,28,True
2008-11-02,2008-11-08,0.025453295591952536,-1.7292307661129878,1.874230751624474,-0.376497253105249,-1.1138461576058314,0.455769227960935,0.9268316268989027,0.20210797677989228,1.9103288839693702,28,True
2008-11-09,2008-11-15,-0.012623625968654574,-1.1111538398724337,0.9946153786463233,-0.4836675811758531,-1.9080769167496607,0.37846153795432586,0.8242385234216147,0.38026093151471635,1.9855507946544904,28,True
2008-11-16,2008-11-22,0.04870879184198822,-1.0069230746191282,1.3619230687618256,-0.04475274710445204,-1.6923076923076923,1.3192307696892664,0.9287231328092699,0.21209611497908792,1.7424437709715457,28,True
2008-11-23,2008-11-29,0.16718406510631462,-0.7584615401350535,1.2892307696434169,-0.5499725263350859,-2.141538464106046,0.7265384657165179,0.9643182959879193,0.17115384889420446,2.1431195834418078,28,True
2008-11-30,2008-12-06,-0.24035714239977138,-1.0592307620323622,0.6269230745159663,-0.5065384614281356,-1.9338461527457604,0.8699999877180045,0.9471126702598867,0.3489301035025104,2.0329273188803705,28,True
2008-12-07,2008-12-13,-0.11837912089662155,-0.8411538440447587,0.6338461517141416,-0.21232142787846314,-1.5192307577683375,0.9496153873892931,0.6630831185005474,0.11093270633759297,1.544470416730639,28,True
2008-12-14,2008-12-20,-0.0838324172847014,-1.038076917712505,0.783076914313894,-0.6519780240947851,-2.4953846427110524,0.8234615469208131,0.9823102365090046,0.2899255175742902,2.4971923264240434,28,True
2008-12-21,2008-12-27,-0.2637912094731211,-1.455769236271198,1.113461536856798,-0.7987912078260105,-2.508846159164722,0.47653845597345096,1.1132216681305351,0.12402041940452875,2.6049809521244285,28,True
2008-12-28,2009-01-03,-0.36295329648387303,-1.497307694875277,0.9146153939744601,-0.5456181319717032,-1.836153846520644,0.2580769262634791,0.9322549143921339,0.13495780695736562,1.8382575493981614,28,True
2009-01-04,2009-01-10,0.08332417579367757,-0.5992307719559624,0.9938461591417973,-0.13972527367462004,-1.083076917208158,0.864615377325278,0.6995129860761364,0.1995946351827327,1.4274336625469297,28,True
2009-01-11,2009-01-17,0.13168956100388052,-0.9350000023841858,0.8442307779422173,-0.12203296697135646,-1.9784615337848663,0.7126923077381574,0.7193909936485899,0.2606185743316896,2.1362523455682485,28,True
2009-01-18,2009-01-24,-0.20497252802354296,-1.457307687172523,0.7615384602775941,-0.14380494459624307,-1.1811538464747942,0.8242307729445971,0.6660215522298,0.20457851217423992,1.5952263226167374,28,True
2009-01-25,2009-01-31,-0.24453296637223973,-0.8546153811308054,0.5011538502831872,-0.2070329661690886,-1.1319230737594457,0.6457692269379129,0.6476491180354392,0.14337695988903879,1.2607398918474242,28,True
2009-02-01,2009-02-07,0.4132829655683343,-0.6346153904898808,1.0007692323281214,-0.291057692241988,-0.9957692244878182,0.5323076912989984,0.7240833601947197,0.2988206562369274,1.1604251481237455,28,True
2009-02-08,2009-02-14,0.0822115386810645,-1.0169230756851344,1.456153846704043,-0.3798351656021243,-1.8619231008566344,0.5946153866556975,0.9293240811240154,0.24701771152938334,1.874920534686308,28,True
2009-02-15,2009-02-21,-0.4768681305506686,-1.4700000033928797,0.5823076894650092,-0.4467582414489608,-2.3826923278661876,0.40461538846676165,0.9379910022089838,0.07914109681823406,2.3905023384408213,28,True
2009-02-22,2009-02-28,-0.467211538178662,-1.181538469516314,0.2588461506395386,0.0406043944384002,-1.295769228385045,0.8846153731529529,0.71660034071121,0.11693129373462642,1.29861015367091,28,True
2009-03-01,2009-03-07,0.5134065937107571,-0.11038461714409865,1.630384617126905,0.0014972526626149674,-1.1330769288425262,0.6553846156367888,0.6541614599511176,0.10117139700720926,1.6668862044746608,28,True
2009-03-08,2009-03-14,-0.09798076895966225,-0.8788461461663246,0.9307692222870313,0.08013736341496581,-0.6215384562428181,1.0326923063168159,0.6354147068868828,0.22407766387644346,1.046716546582296,28,True
2009-03-15,2009-03-21,0.09318681429959015,-1.5588461619157057,1.1392307717066545,-0.37023351604763705,-1.413461535022809,0.5319230705499649,0.8283741787145145,0.11895252800652237,1.6884912457583738,28,True
2009-03-22,2009-03-28,-0.18853022020494378,-1.0734615417627187,0.3734615377078836,-0.5695192311854603,-2.1603846091490526,0.7684615403413773,0.7637655616232111,0.16037170181782587,2.2199429876025114,28,True
2009-03-29,2009-04-04,-0.3112362642787847,-0.8850000019256885,0.5615384634584188,-0.5556318677787843,-2.2584615487318773,0.1626923092855857,0.8022678893042995,0.1961742104829595,2.3046781695586205,28,True
2009-04-05,2009-04-11,-0.0373489008346511,-1.20269230982432,0.8842307695975671,-0.04215659441395694,-1.0488461579840918,0.8546153834232917,0.6444384825302377,0.1662290609026796,1.4019353711481672,28,True
2009-04-12,2009-04-18,0.26221153827046384,-0.8907692220348579,1.580769236271198,0.21697802092767435,-0.34076923239403045,0.9296153822483925,0.7450192295494149,0.14310845608425563,1.8242470149741594,28,True
2009-04-19,2009-04-25,-0.0013049449976328983,-0.6961538376143346,0.8553846123126837,-0.041071428633346174,-0.8807692332909658,0.7492307709673276,0.5862241642166911,0.1941945878576194,1.0322047961986751,28,True
2009-04-26,2009-05-02,0.15141483396035874,-0.6565384663498173,0.8653846073609132,0.16119505478591137,-0.8342307760165288,1.043846165618071,0.6118081305421968,0.06852309215376916,1.1109938218004456,28,True
2009-05-03,2009-05-09,-0.3028434072877025,-1.3919230837088366,0.7984615386678622,-0.2274999989191541,-1.5861538327657259,0.6461538489048297,0.7904817477575138,0.17650661538885873,1.991495854382609,28,True
2009-05-10,2009-05-16,-0.27668956014235596,-1.0596153744711325,0.2565384626101989,-0.20131868040342663,-0.935384608232058,0.46307692705438686,0.5556655216368075,0.12210493350166254,1.1563844439397015,28,True
2009-05-17,2009-05-23,0.1076785714626517,-0.5526923080189869,0.8719230749859259,0.1408104391456428,-0.414230767924052,0.8399999955525765,0.5457446188556578,0.039368162340424596,1.0565885882770198,28,True
2009-05-24,2009-05-30,-0.2169780226316876,-0.9019230776108228,0.429999998699014,-0.08605769163018072,-0.8076923042535782,0.6315384627534792,0.5087870066474386,0.09824269414099294,0.9773671014929269,28,True
2009-05-31,2009-06-06,0.11431318697273977,-0.4280769175205093,0.8884615359398035,0.2125961527837297,-0.9826923100850903,1.9642307712481573,0.7945107584470728,0.09775059015715012,1.9642768989589314,28,True
2009-06-07,2009-06-13,0.20571428531995758,-0.7353846212992301,0.9569230675697327,0.15122252744417844,-0.6784615402038281,1.2319230830583434,0.635297445978989,0.057486810750250986,1.239297979904428,28,True
2009-06-14,2009-06-20,-0.030508241682712517,-1.1403846144676208,0.9726923062251165,-0.020439560202738412,-0.9030769301148561,0.7296153822770486,0.6015892984971266,0.14282908610983236,1.1419018953847677,28,True
2009-06-21,2009-06-27,-0.07993131913347067,-0.9446153801221114,0.8096153852171623,-0.1817170324796749,-0.9699999970885423,0.6165384658827231,0.5286314087446765,0.09170072703707005,1.252898176483976,28,True
2009-06-28,2009-07-04,0.5232829662131985,-0.04423076874361588,1.112307688364616,-0.29391483411162195,-1.101923073713596,0.6980769227330501,0.7865701065701732,0.16364288650404346,1.283863951697192,28,True
2009-07-05,2009-07-11,0.4823076909402856,-0.508461541424577,1.383076922251628,-0.10016483463510707,-0.46615384397311854,0.797692304620376,0.6386403007433977,0.14409583545065033,1.4015690679262973,28,True
2009-07-12,2009-07-18,0.29111263744921967,-1.1061538526645074,1.2249999997707515,0.041401098272507326,-0.9550000039430765,0.9484615383239893,0.7630872635143299,0.043548242463240384,1.3546733206858323,28,True
2009-07-19,2009-07-25,0.00870879129301961,-0.9407692368213947,0.8915384543629793,-0.47016483372855156,-1.254230756026048,0.7473076902903043,0.8425337669873786,0.1328171129879814,1.2712479180927614,28,True
2009-07-26,2009-08-01,0.15531593399214466,-0.9453846147427192,1.2200000079778524,0.30335164753269855,-1.2826923097555454,1.0999999883083196,0.779171057803467,0.3094289900779946,1.2962961593593458,28,True
2009-08-02,2009-08-08,0.10105769257931099,-0.563846153135483,0.9246153854406797,-0.18715659268251567,-1.1353846135047765,0.9188461621077015,0.6869441616337776,0.049776124430843754,1.2651276868083314,28,True
2009-08-09,2009-08-15,0.3804258240724576,-0.8850000040748944,1.375769235766851,-0.27395604323380846,-1.0149999975871582,0.7596153820363375,0.8172348991156164,0.34563144123411255,1.375811384765493,28,True
2009-08-16,2009-08-22,0.010260990319343716,-0.9365384601629697,1.1330769268366008,-0.4751923062127329,-1.0965384537210832,0.686538461667414,0.7926719810412607,0.09987639959818459,1.1983939581470082,28,True
2009-08-23,2009-08-29,0.1280494500309802,-0.9142307765208758,1.2438461551299462,0.12270604313484258,-0.799615380855707,1.2796153884667616,0.8020873110372877,0.2281365866791769,1.5206383497921754,28,True
2009-08-30,2009-09-05,0.03609890083188785,-0.9638461470603943,0.8476923102369676,-0.3063186817920184,-1.3253846030968885,0.6873076919179696,0.6759032902039097,0.13882431258521627,1.3259095784139145,28,True
2009-09-06,2009-09-12,0.21865384603318358,-0.6296153873778306,1.103461545247298,-0.2714972520313625,-1.3680769228018248,1.7676923005626752,1.0614772534372732,0.3110549468530561,1.7969046708261396,28,True
2009-09-13,2009-09-19,-0.16365384699387864,-1.4542307670299823,0.7103846090344282,-0.29348901071544775,-1.3538461510951703,0.7134615331888199,0.7035569772153043,0.12669268398663444,1.602926777677501,28,True
2009-09-20,2009-09-26,0.159986261884774,-1.1711538548652942,0.7823076855677825,0.009203297119321578,-0.9307692350389866,1.4076923063168159,0.7307469281336919,0.16120845031791922,1.4959242450208405,28,True
2009-09-27,2009-10-03,0.22667582318504026,-1.2150000104537377,1.15461537700433,-0.219642856104586,-0.9561538398265839,0.8388461550840964,0.7618773705861815,0.1297522686998771,1.3349294589824576,28,True
2009-10-04,2009-10-10,0.053791208998658344,-1.3269230700456178,0.9334615355787369,-0.19593406608072364,-0.8976923009523978,0.8046153786663826,0.7626130915146404,0.11809383717380814,1.3326543384813394,28,True
2009-10-11,2009-10-17,-0.5386813188375966,-1.4800000007335956,0.1846153839992789,-1.0753434075293347,-2.2307692353542032,0.12307692326318759,1.311890727593952,0.39209421004146355,2.419834343795686,28,True
2009-10-18,2009-10-24,-0.05010989060430982,-1.1261538519309118,0.9053846058937219,-0.3538049457461706,-1.3269230860930223,0.9050000034845792,0.7104925307028426,0.1328126577148836,1.4986355212139142,28,True
2009-10-25,2009-10-31,0.052925823931838124,-1.1846153827813954,0.9469230736677463,-0.36347527410016284,-1.3265384576068475,1.2288461648500884,0.8245651564787019,0.22418623323001058,1.58757676109535,28,True
2009-11-01,2009-11-07,-0.6300412086503846,-1.6119230848092299,0.6715384579191988,-1.1032142854848324,-2.414999980192918,0.09115384626560487,1.4325193572806907,0.5889698658571529,2.544419851499489,28,True
2009-11-08,2009-11-14,0.15890110018765452,-0.9711538359809381,1.311923072888301,-0.35752747331203505,-1.0919230832503393,0.6273076898203447,0.7873320973287417,0.213838543688571,1.5184791203378631,28,True
2009-11-15,2009-11-21,-0.3038324166631715,-1.3942307675114045,0.9207692375549903,-0.7352060420786614,-1.7442307563928456,0.7576923043682025,1.0451060730024853,0.24889935390343723,2.2329846315239608,28,True
2009-11-22,2009-11-28,0.14302197799014932,-0.7550000003897227,1.0992307662963867,-0.4622664824563109,-1.6503846118083367,0.5449999987076108,0.7777819876033675,0.11156233405105356,1.6517880718240556,28,True
2009-11-29,2009-12-05,-0.2952335158076424,-1.175384609745099,0.5988461574396262,-0.2731043946837167,-1.7476923167705536,0.6107692275053034,0.7716897574187309,0.230004171561347,1.7729592742085476,28,True
2009-12-06,2009-12-12,-0.5374725268114932,-1.405769238105187,0.2923076949440516,-0.5483791206344184,-2.195000020357279,0.468076925079983,0.9770328711042164,0.12271581376326773,2.1966901407831894,28,True
2009-12-13,2009-12-19,-0.14793956010592182,-0.9199999914719508,0.7896153931864179,0.1527060440045546,-0.8403846095674313,0.8261538394368612,0.5813234763572516,0.10592645646482943,0.9213997499401352,28,True
2009-12-20,2009-12-26,-0.00912087919589665,-0.9019230827689171,0.9753846176541768,-0.18116758277916076,-1.268846156505438,0.6561538416605729,0.635354682996421,0.07616258975071781,1.3000396580388283,28,True
2009-12-27,2010-01-02,-0.5988324162969878,-1.3923076941416814,0.5661538443169915,-0.6317582420319072,-2.318461551116063,0.6380769236443135,1.1458610134850968,0.3208720546297619,2.3688423750089065,28,True
2010-01-03,2010-01-09,-0.3568543959511342,-1.3030769274784968,1.0503846085988557,-0.3823763730572434,-2.0380769188587484,0.9884615414417707,1.0340376301045417,0.25543152627927135,2.0414280621810756,28,True
2010-01-10,2010-01-16,-0.6273351648520514,-1.3661538408352778,0.6023076967551158,-0.26968406441948983,-1.8192307582268348,0.6392307662619994,0.9465970991082776,0.28078556364560553,2.0896274092323264,28,True
2010-01-17,2010-01-23,-0.32325549393247527,-1.0142307608889847,0.5757692272846515,0.03383241839205416,-1.5192307761082282,1.1584615340599647,0.8235954394511003,0.30645255046510955,1.6576287733846067,28,True
2010-01-24,2010-01-30,-0.3678571429067793,-0.9969230752724868,0.28346153484800685,-0.04094780311704828,-1.3426923098472447,0.8299999959193743,0.5686812364756388,0.050588252440178616,1.3496947958709729,28,True
2010-01-31,2010-02-06,0.2840247252869041,-0.8442307733572446,1.3484615477231832,0.57053571385792,-0.5265384668914171,1.2088461564137385,0.8495877411434442,0.20564949856430187,1.5013156059045412,28,True
2010-02-07,2010-02-13,0.012458790712836355,-1.0003846230415196,1.102692312346055,-0.11081043905629726,-0.999999997134392,0.6076923077209637,0.6227010718836049,0.05254048846764052,1.1142398020571556,28,True
2010-02-14,2010-02-20,-0.1788049454616567,-1.224230761711414,1.1657692335832577,0.03377747204625509,-0.8969230623199389,1.4996153700810213,0.7741368742364013,0.02590663686858195,1.501547756936411,28,True
2010-02-21,2010-02-27,-0.08976648337524996,-0.9742307743200889,1.1096153809474065,-0.05975274708643965,-1.2134615320425768,0.6092307721622862,0.603662448289622,0.15834433849080906,1.2203235150041183,28,True
2010-02-28,2010-03-06,-0.18939560479075127,-1.0742307660671382,0.8169230749973884,0.1386538461582469,-0.8619230756392846,0.9673076936831841,0.6440219561395057,0.10235756318503879,1.3134108530817148,28,True
2010-03-07,2010-03-13,0.08177197701041841,-0.7126923143290557,1.1453846062605197,-0.16130494354497435,-1.3538461396327386,0.5446153863404806,0.6163489816148212,0.13366975422002209,1.369049292679083,28,True
2010-03-14,2010-03-20,0.0263736263419,-0.8134615432041196,1.1011538482629335,0.008736263100917524,-0.6099999960368643,0.9007692337036133,0.5586476428807498,0.1559267955936329,1.1265968313187325,28,True
2010-03-21,2010-03-27,-0.11475274685493948,-1.1819230767969902,1.1003846182272985,-0.2453708779834375,-2.169230740803939,1.1746153845809972,0.8832405211854041,0.14631013995914235,2.2222022218825765,28,True
2010-03-28,2010-04-03,-0.11880494495035039,-1.0188461473354926,0.956538456850327,-0.06487637367815925,-0.880384621138756,0.6234615370631218,0.6586074731725576,0.22366632888874763,1.1477452108602202,28,True
2010-04-04,2010-04-10,0.26998626354027666,-0.542692301938167,0.993461543121017,0.4583791199698021,-0.6503846106620935,1.6888461525623615,0.8523071471966398,0.30568697454855714,1.6905970798775274,28,True
2010-04-11,2010-04-17,-0.07049450520067833,-1.1207692267803044,0.618846153983703,-0.06703296738963287,-1.2369230664693391,0.9838461577892303,0.6793508208098463,0.10442431472743152,1.2851740393328765,28,True
2010-04-18,2010-04-24,-0.07196428484774635,-0.6007692341047984,0.603461539086241,-0.0350824168519946,-0.9388461479773889,0.8980769304415355,0.5451683000665332,0.0378802184928618,1.0342911194992779,28,True
2010-04-25,2010-05-01,-0.18945054930204955,-1.1015384638538728,0.646153847185465,-0.15787087946587786,-1.0707692243158817,0.657307695883971,0.610015180578365,0.1388802402567168,1.103784843854796,28,True
2010-05-02,2010-05-08,-0.06017857113505131,-1.1092307682220752,1.07846154888662,-0.22023351541157443,-1.7284615406623254,1.0249999957159162,0.8110289853222845,0.09818847145468282,1.7465027212045185,28,True
2010-05-09,2010-05-15,0.029848901982224747,-0.8546153728205425,0.6176923100048533,0.2470192314806179,-0.8434615410291232,1.8461538369839008,0.7992719212845601,0.2524635996317665,1.957622361332108,28,True
2010-05-16,2010-05-22,-0.16979395623758925,-0.7146153942180368,0.9326923008148487,-0.1202609895518725,-0.8746153918596414,0.8299999919075233,0.626889622205452,0.13349478685840174,1.1294366938129796,28,True
2010-05-23,2010-05-29,-0.01864011069391291,-1.1734615380947406,1.3915384526436145,-0.007499998642622947,-1.0719230679365306,1.260384616943506,0.9357076323107384,0.40495891291187236,1.5609815633026947,28,True
2010-05-30,2010-06-05,-0.1514423083089251,-1.3238461521955638,0.8053846152929159,0.508475274763551,-0.2830769212629933,1.5265384648854916,0.8109021314479236,0.3450825354884072,1.5699267909231105,28,True
2010-06-06,2010-06-12,0.5625137357056591,-0.15230769112419623,1.1850000003782601,0.10564560496637208,-0.47461538289028865,1.1396153792738914,0.6960501574457337,0.2584088770913116,1.6440645405743814,28,True
2010-06-13,2010-06-19,-0.00901098876608187,-0.9226923069128623,0.6811538502000846,-0.4082280223790024,-1.0669230767167532,1.220769236294123,0.7481207626060449,0.14153897839907364,1.296862399681432,28,True
2010-06-20,2010-06-26,-0.06950549451777568,-0.8250000057025597,0.9480769290373876,0.07406593487178395,-0.771153847185465,0.9761538524180651,0.566648589864905,0.12484605719330835,0.9852873363401223,28,True
2010-06-27,2010-07-03,0.2912912087151679,-1.2707692384719849,1.2130769330005233,-0.28368131937919655,-1.1146153933726823,0.9299999938991207,0.8348912717836899,0.18205922499279162,1.3081585796627795,28,True
2010-07-04,2010-07-10,-0.1263461540028412,-1.4715384565866911,0.8449999988079071,-0.4705219779721369,-1.197692307142111,0.10038461027523646,0.7744634197200527,0.12834056939994756,1.5354718988629492,28,True
2010-07-11,2010-07-17,-0.1986538456870591,-1.2300000076110547,1.0126923110622625,0.06567307573405431,-1.4996153918596415,2.110000009720142,0.9542159868223136,0.1864881009761366,2.144286659454729,28,True
2010-07-18,2010-07-24,0.02664835176144082,-0.9707692180975125,1.0869230673863337,0.07635989002781092,-0.7223076912072989,1.5246153817727015,0.7691721294994907,0.1741360762778241,1.6397005489673278,28,True
2010-07-25,2010-07-31,0.18484890183362251,-1.1373076966175666,1.2607692250838647,-0.2892445048987661,-1.2449999955984263,0.7726922998061547,0.8491496114741948,0.0908246230554198,1.4221629631847503,28,True
2010-08-01,2010-08-07,0.2716071418727042,-0.9600000026134344,1.2099999968822186,0.18651099017933828,-1.0146153844319856,2.2057692408561707,0.9627137575505149,0.2678748814940229,2.2300907887435915,28,True
2010-08-08,2010-08-14,0.1386950548052542,-0.7934615447257574,1.3988461566086,-0.4989697793063677,-1.241538468748331,0.7192307724975623,0.8629353892478074,0.11101801933041505,1.4001822602866165,28,True
2010-08-15,2010-08-21,0.04186812983467601,-1.0700000134798198,1.0680769166121116,-0.302637361514556,-1.2115384592459753,1.4257692190317006,0.8281065192979781,0.1436475363006716,1.4320379392047247,28,True
2010-08-22,2010-08-28,-0.13130494636984974,-1.262692309342898,1.1050000076110547,-0.593434066619151,-1.3880769335306609,0.6503846120948975,0.9105308686528508,0.19545501305696514,1.4792010774433761,28,True
2010-08-29,2010-09-04,-0.10951922995365829,-1.3326923159452586,1.063846150269875,-0.35615384600452754,-1.0711538528020565,0.5803846160952861,0.7891605091541483,0.1433000794074586,1.3620265390919595,28,True
2010-09-05,2010-09-11,-0.10972527560911008,-1.1415384659686914,1.0907692359044001,-0.11730769220841948,-1.3684615446971014,1.1761538402822156,0.8476127707170263,0.19848016981944333,1.4913369085309873,28,True
2010-09-12,2010-09-18,0.1462087903611853,-0.9126923163779653,0.999999986245082,-0.01978021858587534,-1.1549999988996065,1.0011538477757802,0.7248182596610827,0.07690961791157308,1.4274760505473332,28,True
2010-09-19,2010-09-25,0.07263736177624747,-1.1826923111310372,1.1638461385781949,-0.3607692299692144,-1.1134615402955275,1.1153846097250397,0.8450156525144067,0.1985368071893573,1.429146152061596,28,True
2010-09-26,2010-10-02,-0.19144230545242572,-1.2757692337036133,0.9757692378300887,-0.8405631844205066,-1.5569230753641863,0.2473076877112572,1.0282349372712034,0.10115604362932244,1.6496122070000692,28,True
2010-10-03,2010-10-09,0.01811813091306567,-1.319230778859212,1.326538459612773,-0.29140109674247733,-1.3711538452368517,1.9334615468978882,1.0751998635613724,0.4165297565848776,1.9366319670359697,28,True
2010-10-10,2010-10-16,-0.018379120250836347,-1.4957692348040068,0.9596153837270461,-0.18762362653205353,-1.0915384613550627,1.232307690840501,0.8672732948694429,0.38277347262100647,1.6107643219346108,28,True
2010-10-17,2010-10-23,0.0950549445575574,-1.412692306133417,1.1946153820563967,-0.39888736317804147,-2.0842307806015015,0.9707692348613188,0.9830774684082904,0.10443422565816599,2.0859011902034914,28,True
2010-10-24,2010-10-30,-0.334629119865105,-1.6761538546818953,0.8246153883206156,-0.634093406858373,-2.461923067386334,1.000000001146243,1.2160167172276974,0.38301976893729994,2.555031284361464,28,True
2010-10-31,2010-11-06,-0.29997252697217186,-1.1265384681666126,0.867307699070527,-0.1530082427338789,-1.3065384603463686,1.7134615423587651,0.9355202814133993,0.27822184405806805,1.8856839239727408,28,True
2010-11-07,2010-11-13,0.005782967031636577,-1.3423076913906977,1.067692293570592,-0.12101648404815613,-1.2292307684054742,1.2669230791238637,0.8811770835438706,0.27224276693369576,1.6667591156989225,28,True
2010-11-14,2010-11-20,-0.19965659352633489,-1.1634615361690521,1.060384601354599,-0.9021291196970577,-2.741538460438068,0.2515384607876723,1.2186650004191004,0.4525512813269526,2.7543162723439876,28,True
2010-11-21,2010-11-27,-0.5271016476102747,-1.6438461473354926,0.6373077000562961,-0.9651373609526922,-2.924615364808303,-0.015769230345120795,1.2770184902823047,0.5871348786669114,3.0402160515109857,28,True
2010-11-28,2010-12-04,-0.26258241782057007,-1.0446153867703218,0.3903846123184149,-0.6906593397008971,-2.168461574957921,0.5153846183361915,0.9798860558052551,0.2144795566443939,2.2870598535741955,28,True
2010-12-05,2010-12-11,-0.09196428496871593,-1.0746153828043203,0.8473076929266636,-0.651799451900073,-2.016153867428119,0.13269230207571617,0.8866895061015309,0.24934529867770108,2.039905641237446,28,True
2010-12-12,2010-12-18,-0.5454807684035297,-1.608461549648872,0.8688461574224325,-0.7081730745318294,-2.6419230722464047,1.0942307687722719,1.2947262676444153,0.3732255794050075,2.8249826370001383,28,True
2010-12-19,2010-12-25,-0.4033516480914921,-1.4407692230664766,0.7538461587749995,-0.8376236241413179,-2.7238461191837606,0.3553846125276043,1.1798092496613997,0.4983077884138889,2.8678386935910405,28,True
2010-12-26,2011-01-01,0.03774725215683517,-0.9138461503271873,0.8350000014671912,-0.8671565910028601,-2.3399999875288744,0.1807692336061826,1.042992175533987,0.2178281739891319,2.4217315005491145,28,True
2011-01-02,2011-01-08,-0.7716895603820436,-1.4419230841673338,-0.102307689591096,-0.9295467021465711,-2.4092307595106273,-0.09499999787658453,1.3305722531045396,0.40739556626337575,2.4931250071892994,28,True
2011-01-09,2011-01-15,0.013461537584969461,-0.8503846079827502,0.8415384556238468,-0.40864010873138085,-1.6542307566851377,0.9350000012379426,0.7634275692245741,0.039703036799561865,1.6768144312040132,28,True
2011-01-16,2011-01-22,-0.7108241746196994,-1.2650000017422895,0.3203846178948879,-0.5328708775853227,-2.2049999787257266,0.7134615417856437,1.1103886377231054,0.31055447703167993,2.3182645438780876,28,True
2011-01-23,2011-01-29,-0.6910851645912811,-1.5496153693932753,0.24923077039420605,-0.23428571231120807,-1.9965384602546692,0.897692318719167,1.0203520390196656,0.18072912883186187,2.1329675083101898,28,True
2011-01-30,2011-02-05,-0.2536538460261219,-0.845769229130103,0.5961538389898263,-0.10401099002254861,-1.5407692302878087,0.8465384592373784,0.6773118167860472,0.18159590297302072,1.609075224360672,28,True
2011-02-06,2011-02-12,-0.31692307721055885,-1.0838461556256964,0.4480769205838442,0.003255494245952307,-1.0488461611362605,0.8319230807515291,0.6895237147185637,0.2833777734486715,1.233639092110066,28,True
2011-02-13,2011-02-19,-0.1077747249535725,-1.1107692281500652,0.901153852733282,-0.06846153919564582,-1.5034615420378172,0.7596153846153846,0.7056691036100275,0.16504078813663578,1.8692792425402425,28,True
2011-02-20,2011-02-26,-0.19420329601104772,-1.2730769217014313,0.8396153816810021,0.01020604327249412,-1.6846153988288,1.1592307755580316,0.8331018138038405,0.1277392188516945,1.8321794902577648,28,True
2011-02-27,2011-03-05,-0.49298076856124035,-1.257692311818783,0.5457692281701244,-0.15221153719831707,-1.5826922964591246,0.8042307702394632,0.853375591075776,0.2350991227106486,1.6873189196921188,28,True
2011-03-06,2011-03-12,-0.3475686825842566,-1.4165384700665107,0.7661538479419855,-0.6532692286559473,-1.9376922937539907,0.37423076810171974,0.9508353194854374,0.07267602706332578,1.9892529076442915,28,True
2011-03-13,2011-03-19,-0.2117170322722254,-1.0680769201224813,0.662307687318669,-0.19664835083748697,-1.9765384609882648,0.866923077748372,0.8738463549813209,0.136058204045494,1.989260253728381,28,True
2011-03-20,2011-03-26,-0.17075549448062513,-1.022692322731018,0.7069230751635937,-0.25402472395920656,-1.7519230819665468,1.1342307718900533,0.9312936739174198,0.4098240697806277,1.92101528332764,28,True
2011-03-27,2011-04-02,0.03423076878547423,-0.9330769204176389,0.9950000035504882,0.005947802423059449,-0.916538458604079,0.7565384603893528,0.6532470313214132,0.10476375067868009,1.2239335365718225,28,True
2011-04-03,2011-04-09,-0.018942307506861926,-0.8373076961590693,1.137692303611682,0.011112636328766964,-1.016923080699948,0.6842307700560644,0.7319448487734055,0.17267303637960904,1.2943584921270088,28,True
2011-04-10,2011-04-16,0.013928570846034268,-1.2076923021903405,1.193461537361145,0.013076921845632758,-1.6538461630160992,1.1869230614258692,0.8730846288286661,0.31384921704158125,1.7743338300400802,28,True
2011-04-17,2011-04-23,0.10028846144604568,-0.9484615303002871,0.8242307647059743,0.2524175833153364,-0.9984615387824866,1.4634615457974947,0.7223347661057996,0.1762046445945721,1.6796059208980505,28,True
2011-04-24,2011-04-30,0.03252747297737297,-0.8776923074172094,1.2888461580643287,0.07543955978957916,-0.6157692292561898,0.9157692297146871,0.6215401584890897,0.10013600376109479,1.3727828853497304,28,True
2011-05-01,2011-05-07,0.21814560479801762,-0.6515384645989308,0.9926923054915208,0.3535302194541546,-0.9457692286859338,2.3923076803867636,0.8732218018752534,0.1300551764329972,2.4019150279464694,28,True
2011-05-08,2011-05-14,0.3399038454568894,-0.5203846162901475,1.1626923015484443,0.41965659285363344,-0.38730769088635075,1.5873076984515557,0.7985930103658815,0.2657600440360515,1.6031212679828348,28,True
2011-05-15,2011-05-21,0.03590659270892023,-1.2169230763728802,1.0803846074984624,0.45218406544977824,-0.626153843334088,1.6638461317007358,0.848483764924089,0.18677621665557312,1.7038240789980277,28,True
2011-05-22,2011-05-28,0.21491758245463063,-0.9230769276618958,1.1961538573870292,0.13225274685268792,-0.978846152814535,1.3680769268136759,0.7489786308119113,0.23419413482673468,1.3697128076939191,28,True
2011-05-29,2011-06-04,0.40498626271037613,-0.8992307747785862,1.1061538412020757,-0.07873626426629886,-0.7965384575609977,0.4911538422680818,0.721755108626127,0.16003558937334006,1.2126453987643595,28,True
2011-06-05,2011-06-11,0.1317032959752276,-0.516923077046298,0.8915384618135599,0.04780219759853495,-0.9726923108100891,1.137692310489141,0.5831840154094651,0.1372101621963852,1.2087946973161416,28,True
2011-06-12,2011-06-18,0.333749999182176,-0.9061538428068161,1.0488461497454689,0.032953296286555446,-0.6899999947502062,1.0023076912531486,0.705708630987869,0.28384615764490156,1.2096760966616023,28,True
2011-06-19,2011-06-25,0.237719780655455,-0.8334615508524271,1.2561538471625402,-0.3375274719578306,-0.9630769216097318,0.6511538504407957,0.7424676023833886,0.19476127065596088,1.2971313943257277,28,True
2011-06-26,2011-07-02,0.10618131923755365,-0.605769229049866,0.8338461506825227,0.18416208766431516,-0.6388461515307426,0.8603846240215577,0.5306971520306032,0.09124143779948041,0.9856953969760148,28,True
2011-07-03,2011-07-09,0.44605769246437965,-0.13615383924199984,1.0388461428049665,0.43960164818441966,-0.8323076929037387,1.3938461519204652,0.8909486805230679,0.3099656433510211,1.5164377896724772,28,True
2011-07-10,2011-07-16,0.37788461395641687,-0.5438461544422003,1.0792307612987666,-0.5114285711398614,-1.5111538538566003,0.6900000020575064,0.9009180024526228,0.2754716169254801,1.6060369266387449,28,True
2011-07-17,2011-07-23,0.29041208826251086,-0.5765384639111849,0.9950000024758853,-0.20030219917400527,-1.0192307634995534,0.8907692254019471,0.7332269199624762,0.1730829071059901,1.1386430561925809,28,True
2011-07-24,2011-07-30,0.3682417587740449,-0.4796153817755672,1.4715384611716638,-0.6001098893050637,-1.5257692291186407,1.0615384601629698,0.9659048548619812,0.3720336305392769,1.5586498942823463,28,True
2011-07-31,2011-08-06,0.14403846042466115,-0.8457692271241775,0.86115384216492,-0.07274725145639871,-0.9480769267449012,1.364999995781825,0.7654990812786239,0.09030683997681897,1.3848210275206363,28,True
2011-08-07,2011-08-13,0.46598901049807095,-0.5407692266341585,1.1673076892128358,-0.1822390104336971,-1.184230767763578,1.418076923260322,0.8685107770202928,0.25025696008546927,1.8337926677690366,28,True
2011-08-14,2011-08-20,-0.14983516433890293,-0.7423076874648149,0.8911538447898167,-0.40173076819833164,-1.1330769176666553,0.3273076912244925,0.6714386946817605,0.20452643874774304,1.2530316444401317,28,True
2011-08-21,2011-08-27,0.14616758224124518,-0.8165384588333277,1.506153833407622,0.1587637382390612,-1.2003846141294792,1.816538473734489,0.9508330833200633,0.043025380609437086,1.8205997979502908,28,True
2011-08-28,2011-09-03,0.27354395513136226,-0.6449999985500023,1.2519230773815742,-0.07890109882618372,-0.9657692221494821,0.9969230689681493,0.6750883013799098,0.053631440115027164,1.2530640557238233,28,True
2011-09-04,2011-09-10,0.08265109840719091,-1.1534615434133089,1.4069230702634041,-0.469354395271064,-1.4130769165662618,0.5723076928406954,0.7896531387180852,0.3096462001101355,1.5918180142957952,28,True
2011-09-11,2011-09-17,0.3151648351487673,-0.9157692251297144,1.594230775649731,0.28546703305699256,-0.7723076949612453,1.141923074538891,0.7212776178729429,0.13571038029423818,1.5943762640649433,28,True
2011-09-18,2011-09-24,0.13144230662466405,-0.6553846153502281,0.796923068853525,0.2845741758215149,-0.9319230765104294,1.1761538432194636,0.6764733457270651,0.05393673321233941,1.3661378705976532,28,True
2011-09-25,2011-10-01,0.22049450613097749,-0.9796153828501701,0.998846160606123,0.04582417540630878,-1.11730768932746,1.020769232740769,0.7434665662145027,0.17623360908824579,1.1788040499895187,28,True
2011-10-02,2011-10-08,-0.2016208788385144,-1.2199999899245226,0.7603846097794863,-0.024436812812032607,-0.9342307734947938,0.9073076889348718,0.5804632209318087,0.0965821253648244,1.2650562955355498,28,True
2011-10-09,2011-10-15,-0.0897252738225059,-1.2699999946814318,1.2026923035199826,-0.5930906580070259,-2.0369230759545016,0.609230768866837,0.9803548661963645,0.32418171856534844,2.0806687674293096,28,True
2011-10-16,2011-10-22,-0.05355769354890992,-1.1261538461996958,1.2938461578809297,-0.28178571309423545,-1.9669230694954212,1.0426923082425044,0.8617096019119962,0.17692349719021228,1.9723171724262285,28,True
2011-10-23,2011-10-29,0.15002747198597496,-1.2892307616197145,1.078846160035867,-0.035961538519976396,-1.5388461580643287,0.6911538494034455,0.6399884599646496,0.11123366930063482,1.5716874655313495,28,True
2011-10-30,2011-11-05,0.11920329624694866,-0.6538461534163127,0.9184615379915788,-0.108269230764523,-1.2326923115895345,0.9896153853489802,0.6238566602146107,0.11734804116192804,1.2491832274582828,28,True
2011-11-06,2011-11-12,-0.28090659335542184,-1.0926923064085154,1.1103846200097065,-0.27979395584111194,-1.0380769179990659,0.4826923076493236,0.7782114612425367,0.19689490732196807,1.2907436736299074,28,True
2011-11-13,2011-11-19,-0.18167582396059653,-1.0396153846612344,1.0319230711230865,-0.40122252740835834,-1.7273076910239,1.1115384629139533,0.8461375522163117,0.08661705434776601,1.8167567207467246,28,True
2011-11-20,2011-11-26,-0.33984890017545893,-1.0296153964904637,0.5484615363753759,-0.6264285722614399,-1.7734615344267626,0.7396153803341664,0.9985178053274727,0.11888286824485668,1.8051105085196062,28,True
2011-11-27,2011-12-03,0.15614010918128132,-1.118461543550858,1.1619230795365114,-0.17671703263748806,-1.318846155817692,0.8334615402496778,0.8242187840153313,0.013065605510349274,1.3864616429217937,28,True
2011-12-04,2011-12-10,-0.09278846148063767,-0.7780769226642755,0.5492307704228622,-0.2558104392872857,-1.0400000048371463,1.0084615326844728,0.6451008280085881,0.10492671456007291,1.168662063909066,28,True
2011-12-11,2011-12-17,-0.0955906604892564,-0.9480769268165414,0.828461533340697,-0.015027472959155883,-1.3930769310547755,0.7919230681772416,0.6377188346419881,0.15181837028686895,1.5590584770283347,28,True
2011-12-18,2011-12-24,-0.07063186749723832,-0.9938461602880404,0.8288461501495197,-0.24288461366054287,-1.5599999977992132,1.0834615419690425,0.7869196415173744,0.15721738723187728,1.849683806344432,28,True
2011-12-25,2011-12-31,0.16097527492156888,-0.6376923087697762,1.0153846167601073,-0.5134203290889182,-2.0369230829752407,0.5130769185578594,0.8395818173639044,0.32787215034881245,2.1344102526509485,28,True
2012-01-01,2012-01-07,-0.15081043921380335,-0.8407692230091646,0.5026923061276858,0.07357142823185403,-1.9842307750995343,1.2226923062251165,0.6690821887110652,0.2553837452531729,1.9931970897587206,28,True
2012-01-08,2012-01-14,-0.30296703311358836,-1.0588461527457604,0.5196153862545123,-0.5437774728180247,-1.8734615192963526,0.38192307562209094,0.8247892759551579,0.055155778086176666,1.9554766644556356,28,True
2012-01-15,2012-01-21,-0.23641483462671495,-1.1338461477022905,0.5476923102083114,-0.09615384534789394,-2.096923080774454,1.0157692340704112,0.7164067401483056,0.009888427849472876,2.3838400729377702,28,True
2012-01-22,2012-01-28,-0.4394642847927881,-1.2303846180438995,0.5011538469160979,-0.18288461549289445,-1.6488461540295527,0.8761538367431897,0.8566470684896856,0.3221860405244552,1.8278325673308757,28,True
2012-01-29,2012-02-04,-0.05563186774808136,-0.7280769222057782,0.8999999990830054,-0.585467033126586,-2.3334615459808936,0.44769230993607867,0.8284904770760864,0.17758946284370655,2.392214604792896,28,True
2012-02-05,2012-02-11,0.05958791164128663,-0.7650000051810191,0.8653846148114938,-0.19634615239472344,-1.1246153792509666,0.7911538481712341,0.670798873495861,0.21651488878352493,1.2244342310060239,28,True
2012-02-12,2012-02-18,-0.3994093410757749,-1.2388461438509135,0.5223076880837862,-0.48712911977749934,-2.551153843219464,0.7138461551557367,0.880945794691136,0.12399000216321916,2.6119756605286795,28,True
2012-02-19,2012-02-25,-0.26499999960587656,-1.1249999896838114,0.6134615359971156,-0.04535714324287416,-1.240769237279892,0.7984615392409838,0.6822149202131725,0.1484002472962718,1.446867460158788,28,True
2012-02-26,2012-03-03,-0.6949175830295944,-1.4946153748493929,0.48615384152015817,-0.4817445036535571,-2.7276923197966356,0.5084615430006614,1.0592068028308392,0.14706698276932423,3.1103344691871553,28,True
2012-03-04,2012-03-10,0.19285714251480507,-0.9603846126164381,0.9469230690827737,0.37770604337105057,-0.8261538497530497,1.720769226551056,0.7607366682946057,0.12413487661212876,1.9283713603551715,28,True
2012-03-11,2012-03-17,0.4239285700432546,-0.5611538479391199,1.3115384487005382,-0.021579670476737423,-0.7465384651978428,0.5434615336931669,0.6313283929298875,0.11539486828987756,1.3225101521503069,28,True
2012-03-18,2012-03-24,-0.018173077906185116,-0.9300000002750983,0.9396153891888949,-0.46375000039831954,-1.5500000073359563,0.3484615388397987,0.737307893587532,0.23368035609943724,1.5952620850418326,28,True
2012-03-25,2012-03-31,0.03696428487527665,-0.74384616014476,0.7953846145134705,0.25293956089324754,-0.7838461513702686,1.4084615386449373,0.6790279530151585,0.009262766602692615,1.4250682535289132,28,True
2012-04-01,2012-04-07,0.23287087789951608,-0.7692307715232556,0.7946153810391059,0.045480768692649005,-0.6765384645416186,1.0173076941416814,0.5822119512033401,0.20855128657162192,1.1166328599309692,28,True
2012-04-08,2012-04-14,-0.141222527363225,-1.4173076863472278,0.8973076913792354,-0.3022115385661332,-1.3669230903570468,0.9142307713627815,0.9014530522543146,0.28656814538434694,1.6015407645087716,28,True
2012-04-15,2012-04-21,-0.24972527549898887,-0.7950000017881393,0.6073076842496028,-0.10917582331163869,-1.404230759694026,1.396923078940465,0.7479482841269173,0.3224921465225634,1.611011012708995,28,True
2012-04-22,2012-04-28,0.034656594182456764,-0.5442307653048863,0.5965384617447853,-0.16637362720148002,-1.0507692327866187,0.9265384593835244,0.5706505880858892,0.08787851365640106,1.183344035551505,28,True
2012-04-29,2012-05-05,-0.0778571426878673,-1.1761538472313147,1.0276923019152422,0.21332417668488163,-1.0334615260362625,1.8453846275806427,0.8825811336845033,0.13809620674586645,1.8460618688108479,28,True
2012-05-06,2012-05-12,0.20556318641456026,-0.8049999968363688,0.9673076856594819,-0.12097527431375296,-0.9838461589354736,0.8965384600540767,0.7078545390306002,0.16604341018274596,1.1091846877194267,28,True
2012-05-13,2012-05-19,0.1409340655881461,-0.5788461514390432,0.8996153817727015,-0.39074175819949053,-1.242307692193068,0.390769231133163,0.6719116822354303,0.3009948961429908,1.2429391701613908,28,True
2012-05-20,2012-05-26,0.048228021821129945,-0.5061538467326989,0.710000003902958,-0.10873626437867163,-1.1011538390929883,0.6815384563345176,0.49591964188084897,0.16370750427160416,1.1628846565483015,28,True
2012-05-27,2012-06-02,0.23409340617881452,-0.7396153887877097,1.0730769198674421,0.10844780223771602,-0.5315384612633631,0.8961538477585866,0.5522930686969633,0.041342129249664565,1.1029592357934752,28,True
2012-06-03,2012-06-09,-0.0461538465268869,-0.7311538391961501,1.0007692277431488,0.12277472464132357,-1.6203846174937029,1.7038461416959763,0.8642144853134788,0.3848849024333406,1.7663418335278236,28,True
2012-06-10,2012-06-16,0.23656593291549483,-0.7719230812329513,0.8526923083342038,-0.11370879113622992,-0.8092307654710916,1.1111538364337041,0.5785548941189225,0.018385257101025593,1.1135795640813229,28,True
2012-06-17,2012-06-23,-0.1557280219436347,-0.9015384660317347,0.6642307802461661,-0.5498351643660239,-1.3896153706770678,0.5546153806723081,0.7782083014944557,0.16212576064554396,1.3911168269520435,28,True
2012-06-24,2012-06-30,0.6318818676684584,-0.28615384470098293,1.2246153933497577,0.264519231286473,-0.5192307697322506,0.9553846177430108,0.8210874864056809,0.08883532958127581,1.5532039883573376,28,True
2012-07-01,2012-07-07,0.24840659352152475,-0.6096153872517439,1.1749999958735247,-0.30868131812702826,-0.9323076789195721,0.61423076574619,0.7237133899181252,0.36489846108560225,1.2006448495141995,28,True
2012-07-08,2012-07-14,0.23486263680036415,-1.0099999967675943,1.1207692267803044,-0.12499999994626984,-1.0853846073150635,0.9238461545453622,0.8978739490252202,0.363191798972587,1.3648168329441428,28,True
2012-07-15,2012-07-21,0.3194093396528982,-0.5923076905310154,1.4323076857970312,0.5448214263389153,-0.6342307718900534,1.942307696892665,0.9376264085189522,0.080769230855199,1.9861480777534304,28,True
2012-07-22,2012-07-28,0.23328296649832647,-0.7603846123585334,1.0419230850843282,-0.40689560424301074,-1.2203846069482656,0.9857692308007524,0.8766766276390651,0.17686035741863307,1.4464959614640711,28,True
2012-07-29,2012-08-04,0.11989011007340646,-0.9976923012246306,1.0023076889606624,-0.41078296563956523,-1.2457692279265478,0.7969230706445299,0.8582847191601195,0.37188727536687427,1.264382637756061,28,True
2012-08-05,2012-08-11,0.32627747198924995,-0.8753846130118921,1.0153846098826482,-0.11137362671401965,-1.1576923097555454,1.7076923044828267,0.9003356349740294,0.31457329802205897,1.7547947808617932,28,True
2012-08-12,2012-08-18,0.024601647824785872,-1.0069230863681207,1.060769225542362,-0.15589285776234016,-1.1876923071507077,1.0246153760414858,0.728063539921921,0.20292279822964468,1.2518970784217613,28,True
2012-08-19,2012-08-25,0.12659340732792332,-0.7073076875307239,0.9530769277077454,0.028159339589854854,-0.9426923119104825,0.8326923133662114,0.5687599442627882,0.15176476386638402,1.1656997674950185,28,True
2012-08-26,2012-09-01,0.38175824152530874,-0.5630769208073616,1.017692316036958,-0.22901098779914392,-1.207307687172523,1.0080769261201987,0.7776548537417807,0.07785683337768508,1.3321589508207219,28,True
2012-09-02,2012-09-08,0.2704258248757489,-0.9938461528374598,1.3015384536523085,-0.29406593314494817,-1.0826923119334073,0.859999995965224,0.8268050292731821,0.28068307301466516,1.3041871497251958,28,True
2012-09-09,2012-09-15,0.5444093394287668,-0.46500000543892384,1.0415384660546596,-0.15674450508431417,-1.3303846166684077,1.0553846152929158,0.9184125753088371,0.22420305822005568,1.337892509022244,28,True
2012-09-16,2012-09-22,-0.10950549262841898,-1.0849999968822186,0.8153846235229418,-0.5452884606720245,-1.256153852893756,0.20923076684658343,0.7823641748226685,0.22854440477622265,1.364285152378362,28,True
2012-09-23,2012-09-29,0.31380494384115537,-1.05384616037974,1.3284615335556178,0.1937225277811944,-0.8161538432423885,1.9992307745493376,0.8218263222859249,0.08283172469992107,2.046335631358744,28,True
2012-09-30,2012-10-06,-0.10089285816782369,-0.9073076930183631,0.9403846091949023,-0.4845054951358259,-1.3038461598066182,0.34499999551245797,0.7611303761948267,0.13829263723533688,1.3856837790831475,28,True
2012-10-07,2012-10-13,0.22333791135595396,-0.9050000023383361,1.236538446866549,0.19697802338319328,-1.3057692234332745,1.557692330617171,0.7913544278905892,0.06480969388742022,1.75855409388579,28,True
2012-10-14,2012-10-20,0.00829670336199822,-0.8623076843527647,0.9846153832398928,-0.20504120791300232,-1.2188461477366777,0.8607692338096408,0.7221902569185902,0.21161991346390843,1.2188461477366777,28,True
2012-10-21,2012-10-27,-0.023873626505239647,-0.7542307769449857,0.8050000014213415,-0.24951922993820447,-0.9311538430360647,1.020384614284222,0.6744222782791093,0.3620720274613933,1.0350275087541754,28,True
2012-10-28,2012-11-03,0.12546703251140132,-0.7426923054915208,1.0142307688410466,-0.5161126372020609,-1.5019230819665468,0.8880769197757428,0.8299824817929977,0.030287087217615735,1.5030160064961267,28,True
2012-11-04,2012-11-10,0.0784615383273666,-0.8184615396536313,0.7453846152012165,-0.46104395627504685,-1.586153846520644,0.7776923107986267,0.8839459668945281,0.17875349423673575,1.7009235245241014,28,True
2012-11-11,2012-11-17,0.20756868179375815,-0.7726923055373706,0.9353846128170307,-0.2278159337993302,-1.4119230752380996,1.3446153820707247,0.6661003085238766,0.05249542104548532,1.6936561470040719,28,True
2012-11-18,2012-11-24,-0.29291208677126895,-0.9303846072692138,0.34346154067092216,-0.40579670387739825,-1.8488461512785692,0.6342307618604257,0.7755104616923357,0.14276434226130255,1.8936781289971933,28,True
2012-11-25,2012-12-01,-0.2440796715800988,-1.5000000045849726,0.5307692289352417,-0.5476510996270189,-2.0630769041868358,0.7599999967675942,0.943317862822506,0.3620661061395958,2.406581498335692,28,True
2012-12-02,2012-12-08,-0.29359889883230755,-1.376923062480413,0.9288461463382611,-0.44848901073059455,-1.907692314340518,0.8565384556467717,1.0210388617267294,0.39358408232200837,2.1518849598034753,28,True
2012-12-09,2012-12-15,-0.10989010893320152,-1.248461535630318,0.8526923129191766,-0.3734752740045743,-1.9192307476813977,0.7950000052268689,0.9606092163416492,0.17176856213001956,2.088777841722008,28,True
2012-12-16,2012-12-22,-0.5352884610669667,-1.1007692355376024,0.3188461516625606,-0.5504807692000663,-1.9134615338765657,0.6280769192828581,0.9717790673453967,0.37529968606618375,1.9788030919982833,28,True
2012-12-23,2012-12-29,0.13439560345384283,-0.5526923055832202,0.8453846080945089,-0.2080631863407709,-1.1934615434505618,0.8715384602546692,0.6083980694795084,0.1584844075802949,1.2296574957713369,28,True
2012-12-30,2013-01-05,0.11732142843347002,-0.44500000259050954,0.6684615341946483,0.285906593402295,-0.6834615308504838,0.6961538436321112,0.49052828942249566,0.07838325719965081,0.9393832110596051,28,True
2013-01-06,2013-01-12,0.1135576926606738,-0.7415384650230408,0.7253846130692042,0.21157967093513236,-0.7565384587416282,0.9173077046871185,0.5646078485212962,0.23563742810994742,0.9921732199254212,28,True
2013-01-13,2013-01-19,-0.14259615258293248,-0.8015384631088147,0.9688461560469407,0.12920329698545677,-1.219999990784205,1.3650000049517705,0.7111780821008917,0.13539444823095925,1.6738840723315538,28,True
2013-01-20,2013-01-26,0.021881868116107286,-0.7203846278672035,0.786923084121484,0.04410714340897707,-1.9215384492507348,1.1826923099847941,0.7117398249435595,0.06677813623726446,1.93102299433204,28,True
2013-01-27,2013-02-02,0.016538460096753728,-0.6511538511571976,0.9723076889148126,0.015425824099680883,-1.4938461505449736,0.7203846155450895,0.5886880699030378,0.12656827261553272,1.560152660164919,28,True
2013-02-03,2013-02-09,-0.116250000187902,-0.7292307718442037,0.9642307645139786,-0.14116758257048306,-1.8288461428422194,1.2857692310443292,0.7484072586274124,0.09950914887122418,1.8357982692814212,28,True
2013-02-10,2013-02-16,-0.6728571427955323,-1.4065384509471746,0.248076922331865,-0.3344368130725982,-2.739615389933953,1.096153853031305,1.0658543358893533,0.05574269731586427,3.063069128385038,28,True
2013-02-17,2013-02-23,-0.0071840663440525575,-1.124615382689696,0.8399999932600901,-0.12874999983174787,-0.7438461488256087,0.7161538463372451,0.5405861027592064,0.060453169551707556,1.145784399040421,28,True
2013-02-24,2013-03-02,0.2913461535718742,-0.7376923068211629,0.959615382222602,0.015563187488753873,-1.1842307563011463,0.7738461580414039,0.6197260066001867,0.05206106924264097,1.2689082206929143,28,True
2013-03-03,2013-03-09,0.15241758172543576,-1.2299999938561366,1.5800000016505902,0.1366208790786114,-0.8819230766250536,0.718076921426333,0.6550312673212869,0.15137340178899444,1.701683512291073,28,True
2013-03-10,2013-03-16,0.13732142852373666,-0.6292307687780032,0.8319230722979858,-0.11854395667694836,-0.7326923115895345,0.6965384609424151,0.541435746257956,0.13348148731683307,0.9664803746671077,28,True
2013-03-17,2013-03-23,-0.18026098971777074,-1.1050000007335956,0.6757692297777305,0.037266482952163456,-1.841538463647549,1.0446153787466197,0.8698204567130582,0.07666302262992548,1.8643526102915442,28,True
2013-03-24,2013-03-30,0.14181318712308183,-1.1115384629139533,0.8457692311360285,-0.05512362697857668,-1.4980769203259394,1.0546153686367548,0.8144239598036932,0.2546505308676423,1.622485533448346,28,True
2013-03-31,2013-04-06,-0.0052335164330613165,-0.6623076926200435,0.7838461499374646,-0.16530219834697032,-1.2376923033824334,0.7453846117624869,0.5479695179891625,0.11262599730676305,1.3954967689682958,28,True
2013-04-07,2013-04-13,-0.135467032845654,-1.0592307723485506,0.7388461454269978,-0.14072802222773922,-1.1280769201425405,0.6165384638767976,0.5749533972916357,0.09288441844467753,1.2709180467047776,28,True
2013-04-14,2013-04-20,0.23173076948816224,-0.8288461491465569,1.0723076921242933,0.5090934071807539,-0.24576923050559485,1.498461528466298,0.8031343688036221,0.23538492654754162,1.6458534863405838,28,True
2013-04-21,2013-04-27,0.24651098825231932,-0.7003846086848241,1.0265384499843304,0.7171703295137447,-0.030000000189130124,2.3142307973825016,0.8945878197983184,0.2464637488312005,2.3145377278546837,28,True
2013-04-28,2013-05-04,-0.21670329588680312,-1.158846153662755,0.7403846176771017,0.3320741746216439,-0.36346154008060694,1.13192306802823,0.6882707965366307,0.09832096756505052,1.2284560535942814,28,True
2013-05-05,2013-05-11,-0.04616758260609848,-1.4403846172186046,0.7223076889148126,0.29671703352705464,-0.9830769205895754,1.4338461481607878,0.7455804987976287,0.08860022757070977,1.446531911072581,28,True
2013-05-12,2013-05-18,0.10559065900947694,-0.8734615410749729,0.8934615323176751,-0.1863324164852991,-1.6565384681408222,0.5569230762238686,0.6154142795132852,0.028787122386435146,1.8727132082001794,28,True
2013-05-19,2013-05-25,0.12037087821370951,-0.9996153872746688,1.0892307552007527,0.163324175057114,-0.8219230793989621,1.1546153787953348,0.7488207161957325,0.28894446844418664,1.3565761247007475,28,True
2013-05-26,2013-06-01,-0.08534340617748407,-0.8061538361586057,0.4396153814517535,-0.14394230706166924,-1.1480769201969871,0.796923084399448,0.5616626587994004,0.03128651680844523,1.18236862019027,28,True
2013-06-02,2013-06-08,0.21903846197720658,-0.560769230628816,1.2907692331534166,0.0700961528857658,-0.8165384633466601,0.9749999927500119,0.7334955944338734,0.11984025378119667,1.2924242186764545,28,True
2013-06-09,2013-06-15,0.5644505488696497,-0.4630769236156574,1.2442307609778185,0.2595329663567859,-0.6930769177583548,1.1942307610924427,0.8142383940658903,0.2396156939561756,1.4069449922874115,28,True
2013-06-16,2013-06-22,0.24101648356632463,-0.5946153873720994,0.9823076904106599,-0.05255494484739317,-0.8592307705145615,0.8884615370860467,0.6238417977638697,0.1913611321095847,1.0324659529706974,28,True
2013-06-23,2013-06-29,0.03711538311288498,-1.0907692404893727,0.8980769171164587,-0.16642857139039743,-1.0919230660566916,0.8765384600712702,0.6238112341579389,0.12812311439489923,1.3022480414208413,28,True
2013-06-30,2013-07-06,0.014079670117308315,-0.9923076927661896,0.6065384585123795,-0.09263736227588668,-0.9819230689452245,0.7550000009628443,0.6719141923599958,0.0639260388911481,1.0041629327968102,28,True
2013-07-07,2013-07-13,0.5375549446811879,-0.39346153432360065,1.1103846086905553,-0.16188186833092555,-0.9057692335202143,0.6984615314465302,0.740548151792979,0.2379650581400865,1.1515892008088973,28,True
2013-07-14,2013-07-20,0.4595054926550282,-0.5761538483202457,1.384999999633202,-0.1503296700833304,-0.9473076921242934,0.8915384606673167,0.7650142325484203,0.04249086806201456,1.447841178394941,28,True
2013-07-21,2013-07-27,0.35585164698608385,-0.6657692251297144,1.117692300906548,0.15131868229370443,-0.8350000003209481,2.0796153866327725,0.9737836267847717,0.3490047105220927,2.183586228535433,28,True
2013-07-28,2013-08-03,0.4566346150029778,-0.2873076939095671,1.3226922992616892,-0.36906593318025654,-1.0634615398370302,0.6365384585582293,0.8382826476526197,0.20000924206471438,1.4678883226423802,28,True
2013-08-04,2013-08-10,0.03515109979895526,-1.0696153778296251,1.0846153812912793,-0.3597390113966437,-1.1065384630973523,0.6011538441078021,0.7726848982851692,0.04768765869777052,1.2039708631191819,28,True
2013-08-11,2013-08-17,-0.024107142215963086,-0.9742307730305654,0.9623076915740967,0.3276373634861966,-0.6800000072958378,1.586153860275562,0.7875090425805745,0.05783699791759565,1.6219435198827492,28,True
2013-08-18,2013-08-24,0.1315796697681135,-1.0692307719817529,0.9176923082425044,-0.39236263627861884,-1.1957692297605367,1.2153846071316645,0.753729868062646,0.13468789568146414,1.2823084335001902,28,True
2013-08-25,2013-08-31,0.2189972533020549,-0.8615384599767052,1.1334615418544183,0.41149725049867164,-1.1830769318800707,2.159230745755709,0.9794069391703626,0.2855929167662995,2.1601858728905863,28,True
2013-09-01,2013-09-07,0.24240384729845182,-0.3111538473659983,1.0373077048705175,-0.07495879068725057,-1.1134615345643117,0.9238461565512878,0.6297708526000917,0.10255969010920585,1.3462181393411474,28,True
2013-09-08,2013-09-14,-0.009601648485001477,-1.2430769205093384,0.8499999963320218,-0.07912088072459612,-1.3053846133586307,1.180384612427308,0.7659849803011818,0.09493457738597745,1.6117633355789478,28,True
2013-09-15,2013-09-21,0.2125274727330799,-0.9869230773586494,1.2576923072338104,-0.16475274817056054,-1.3815384690578167,1.0049999906466558,0.7128332664845548,0.10423715791683676,1.3869079921335719,28,True
2013-09-22,2013-09-28,0.17868131824646266,-0.7269230793015315,1.1226923070991268,-0.10490384666187749,-1.0384615407540247,1.466153839459786,0.9057669579433194,0.3907983799524906,1.4662471148060585,28,True
2013-09-29,2013-10-05,0.007390110328752586,-0.9334615377279428,0.9873076837796432,-0.32484890058749244,-1.00153845992799,0.40423076800428903,0.6602880752730209,0.16007810726688695,1.1365257061909642,28,True
2013-10-06,2013-10-12,-0.13266483557431005,-0.9419230749973884,0.6092307727354077,-0.4166758238250942,-1.4011538558854506,0.9888461501552508,0.7825622880511219,0.1938476798076148,1.5973112197565296,28,True
2013-10-13,2013-10-19,0.14320054936099919,-0.8326923079215564,0.7530769189962974,-0.15042582353331396,-1.087692308311279,0.8438461468769953,0.6668637628931873,0.07143188975604353,1.1881212452868073,28,True
2013-10-20,2013-10-26,0.030961538450076036,-0.7188461503157249,1.1630769263093288,-0.4749587904150178,-1.4653846117166371,0.6850000012379426,0.841925493317648,0.32346793395471934,1.5428363237802571,28,True
2013-10-27,2013-11-02,-0.24659340574590302,-1.1484615367192488,0.7799999980399241,-0.5542445054845782,-1.8853846421608558,0.6403846247121692,0.9230964840655975,0.16989554968459708,1.8870974896631454,28,True
2013-11-03,2013-11-09,-0.0725686816948947,-1.1580769282120924,1.2076923113602858,-0.1027197800090557,-1.53153847458844,0.9565384640143468,0.6972712084839312,0.06514094946290869,1.6738442207258215,28,True
2013-11-10,2013-11-16,0.12788461456791714,-0.8046153864035239,1.237692314844865,-0.47324175957416353,-1.777307702944829,0.5730769200107226,0.7912826596672342,0.25736057805349455,1.9509558147186001,28,True
2013-11-17,2013-11-23,-0.06285714343251599,-1.0015384646562429,0.9211538422566193,-0.3165796707681084,-1.4580769384136567,0.9049999988996066,0.737667675019498,0.16747692573116893,1.4585346816143367,28,True
2013-11-24,2013-11-30,-0.4091620875015896,-0.9242307715691053,0.4261538443657068,-0.5615934056874651,-1.9088461490777822,0.6338461566573153,0.9018517693020345,0.2523973763827348,2.0301200107034014,28,True
2013-12-01,2013-12-07,-0.11701923084015456,-1.12384615953152,0.7557692287059931,-0.37428571344967315,-1.6776923078757067,0.9076923154867612,0.8940848180310242,0.09365206743571222,1.7060326719597907,28,True
2013-12-08,2013-12-14,0.01980769226921129,-0.9407692230664767,0.8107692301273346,-0.7577472521826257,-2.3473076912072988,0.20230768979168856,0.9227185667192705,0.1795169391808657,2.376469770656529,28,True
2013-12-15,2013-12-21,-0.17399725218426315,-0.9923076904737033,1.2719230783673434,-0.9415659328978918,-2.3949999946814318,0.5226923072567353,1.2170439232330044,0.3899677555239448,2.420773778079593,28,True
2013-12-22,2013-12-28,-0.002637362875208097,-0.7923076966634164,1.0157692271929522,-0.3531730764898584,-2.121153863576742,0.9846153820936496,0.8702627651369648,0.15214928941344552,2.1339629805232594,28,True
2013-12-29,2014-01-04,-0.08271977986761747,-0.904230766571485,0.7003846078251417,-0.3973214274737984,-1.8823076761685884,0.44923077502216285,0.7162731541539743,0.043249990507251666,1.9017377838876142,28,True
2014-01-05,2014-01-11,0.002445054946692437,-0.8392307735406436,0.9526923161286575,-0.20596153860666105,-1.9796153848560958,0.8315384651605899,0.76274734783259,0.1470202048811418,2.096167008112834,28,True
2014-01-12,2014-01-18,-0.26887362544261084,-1.0092307638663511,0.8265384641977457,0.14094780341230823,-1.558846150453274,0.9657692290269412,0.7597544175879298,0.23673225251107938,1.561225097733849,28,True
2014-01-19,2014-01-25,-0.20188186826327675,-1.1800000108778477,0.5703846176799673,-0.2369917600190492,-1.8776923303420727,0.4734615355443496,0.6927687133664462,0.07342528602702782,1.8781265677671468,28,True
2014-01-26,2014-02-01,-0.3726236272685148,-1.2242307662963867,0.8188461500864762,-0.14785714214667675,-2.3353846164850087,1.1530769192255461,0.8573502817214768,0.1139948396685763,2.500458922845819,28,True
2014-02-02,2014-02-08,-0.2829120873325187,-1.1573076865707452,0.7657692244706246,0.024120879510499453,-0.9100000021549371,1.1096153855323792,0.7378239782168705,0.2743612796192389,1.4025378977575944,28,True
2014-02-09,2014-02-15,0.006978021468967199,-0.7303846134589269,0.7696153859679515,0.09421703242440964,-0.8873076948982018,0.7892307765208758,0.5629825921230049,0.11693130075722845,0.9407929751501425,28,True
2014-02-16,2014-02-22,-0.3373351650476292,-1.1776922952670317,0.5257692273992759,-0.020865384005726524,-1.9223076884563153,0.9519230769230769,0.743722530963079,0.19932579195378872,2.1972378103610986,28,True
2014-02-23,2014-03-01,0.05831044039351272,-0.9696153786319953,0.7253846159348121,0.023365384942575625,-0.9369230734614226,0.679615390773576,0.6004780305619013,0.18638256815649673,1.0299401021928296,28,True
2014-03-02,2014-03-08,0.0113324176642921,-0.9792307706979605,0.9238461588437741,-0.20144230725018528,-1.72269230393263,1.2565384553028986,0.881514573808429,0.27329460328622956,1.7305761396029404,28,True
2014-03-09,2014-03-15,-0.2877609893004154,-1.1926923164954553,0.4699999996675895,-0.24853022024291313,-1.1411538490882287,0.8523076818539546,0.7115652584625958,0.1728327346507457,1.4232100844924394,28,True
2014-03-16,2014-03-22,0.16043955913059169,-0.7953846179522001,0.9388461433924161,0.17129120872877948,-0.5596153860768447,1.1842307723485506,0.655900949919494,0.045522927927897784,1.374668658161393,28,True
2014-03-23,2014-03-29,0.2113873614817039,-1.0546153921347399,1.0126923001729524,-0.12170329532882833,-1.7207692173811107,0.8676923009065481,0.6669286769434813,0.033541023878759665,2.018231979930432,28,True
2014-03-30,2014-04-05,-0.262252746456927,-1.096923073896995,0.824999994240128,0.057403846354745734,-1.3623076867885315,0.5942307589575648,0.6765895781245861,0.06627225601379239,1.4282739329624654,28,True
2014-04-06,2014-04-12,0.2690796696627001,-0.6003846139288865,1.1315384541566555,-0.1572527473377944,-1.0380769192885895,0.8173076818482234,0.6460441684732522,0.013867508303300961,1.178217106971545,28,True
2014-04-13,2014-04-19,0.26696428518670684,-0.6700000030776629,0.8984615384386136,0.3030082409597606,-0.7292307706979605,1.4323076926744902,0.7872105363543884,0.1593872330587459,1.4509015765820608,28,True
2014-04-20,2014-04-26,0.10526098855668782,-0.727692302602988,0.924615389882372,0.08512362661249526,-0.9780769210595351,1.012692311635384,0.6833711938070006,0.1203852317448968,1.37129841291119,28,True
2014-04-27,2014-05-03,-0.18329670291731728,-1.0869230788487654,1.0165384590912323,-0.24609890131658493,-1.123076929495885,0.5065384606042733,0.6716771685768224,0.19463970692771423,1.2449905009060716,28,True
2014-05-04,2014-05-10,0.16335164833619453,-0.8050000048600711,0.9769230822387797,0.022445056405798584,-0.977307697901359,1.3350000083446503,0.7273058861271616,0.16115568017820686,1.3836939855926782,28,True
2014-05-11,2014-05-17,0.017472527834208128,-0.7423076962049191,0.8376923123231301,-0.11469780191635857,-0.9600000054790423,0.7050000040863569,0.4954089993083898,0.036941101539867356,0.9646512748032582,28,True
2014-05-18,2014-05-24,-0.17479395575739526,-0.9399999930308416,0.6349999950482295,-0.1649999991110475,-1.5196153773711278,0.9507692327293066,0.7231238388806237,0.16351583080069554,1.6268140001107332,28,True
2014-05-25,2014-05-31,-0.10888736115533162,-1.0215384593376746,0.4399999999083005,0.16809065943675952,-0.9650000007106707,1.1669230678906808,0.7437392387490035,0.24939126991890556,1.2370591656631753,28,True
2014-06-01,2014-06-07,0.08916208754897445,-0.7715384614868805,0.9138461454556539,-0.4832005490226528,-1.1565384692870653,0.5011538429758869,0.7636805677974293,0.24914587420404638,1.1660655451634592,28,True
2014-06-08,2014-06-14,0.13589285686356273,-0.8076923041819379,0.7888461454556539,-0.24342032945407863,-1.3265384573202867,0.6342307675916415,0.615485314297171,0.031239200351895043,1.330507417822929,28,True
2014-06-15,2014-06-21,0.38103021877807575,-0.24192307918117598,0.9976923076006082,0.07178571430075872,-1.1807692303107336,1.843461545614096,0.882596394925371,0.09509415789505339,2.047728324791363,28,True
2014-06-22,2014-06-28,0.1374175823216869,-0.8211538447783544,0.8496153836066906,-0.43881868147854125,-1.0946153906675486,0.5407692451889698,0.6296012528172047,0.035025346264136996,1.1014272672041967,28,True
2014-06-29,2014-07-05,0.16758241822717937,-0.5669230765018326,1.1292307732196956,-0.17814560539785074,-1.1792307725319495,1.0949999861992323,0.7201523573677868,0.1779422990627524,1.2109435081016164,28,True
2014-07-06,2014-07-12,0.3626373631286097,-0.3676923056348012,1.0415384631890516,0.0393681331245986,-0.9057692346664575,0.990769231118835,0.6989593439755639,0.09432569964850833,1.059678208864452,28,True
2014-07-13,2014-07-19,0.41059065843256864,-0.6726923078441849,1.0365384507637758,-0.3182005478365982,-1.0688461455015035,0.7238461633141224,0.7982156613453724,0.1638303567701548,1.1975369160814222,28,True
2014-07-20,2014-07-26,0.3701923069733471,-0.5746153868161715,1.2223076934997852,0.01587912017366961,-0.9988461503615746,1.4584615299334893,0.7751559172913209,0.1413261335186517,1.6051559285659536,28,True
2014-07-27,2014-08-02,0.21921703369858175,-0.8634615322718253,1.0088461591647222,0.028434066145404512,-1.1146153922264392,1.2649999977304385,0.7592209962950687,0.2700783338443933,1.2760160105724678,28,True
2014-08-03,2014-08-09,0.31009615365681903,-1.4519230723381042,1.1015384575495353,-0.2939148355444258,-1.2692307806932008,1.3669230747394836,0.8550430601996005,0.18162196594807958,1.5453691542442332,28,True
2014-08-10,2014-08-16,0.37608516368513495,-0.4576923084946779,0.9096153726657996,0.05535714263301138,-0.9519230780693201,1.6319230794906616,0.6659853751632784,0.08624737406546512,1.7688178879830612,28,True
2014-08-17,2014-08-23,0.4200549451122572,-0.46384615221848857,1.3619230779317708,-0.16586538364568335,-1.0180769264698029,1.8692307678552775,0.9458157943396187,0.2862285354476206,1.9163422045940417,28,True
2014-08-24,2014-08-30,0.16303571356347873,-0.786923084121484,0.6949999934205642,-0.3086126384934267,-0.9361538428526658,0.716923079525049,0.5994414077918025,0.23613160531482907,1.1389399286015383,28,True
2014-08-31,2014-09-06,0.3623351639438584,-0.38807692436071545,1.399615384065188,-0.10795329701012145,-0.9653846171612923,1.1819230776566725,0.7525578618780172,0.11363024945650521,1.4206984796534587,28,True
2014-09-07,2014-09-13,0.2315384606641441,-1.0392307730821462,1.1315384588849087,-0.422678571232789,-1.6053846249213586,0.9115384633724506,0.8968949830298752,0.27524195575079496,1.6066233198655164,28,True
2014-09-14,2014-09-20,0.23365384727399183,-1.1049999970083053,1.2057692316862254,-0.21348900961751058,-0.9799999869786776,0.4476923110823219,0.7816228876485078,0.2149865858235035,1.3135755662261976,28,True
2014-09-21,2014-09-27,-0.03293956114890074,-1.275000003667978,1.0965384554404478,-0.1561950551816723,-1.1234615330512707,0.792692307382822,0.6819451987289133,0.0985854098322107,1.3968055760631015,28,True
2014-09-28,2014-10-04,0.4098489008982062,-0.553076921030879,1.1073076874017715,-0.1993956044904765,-0.9088461571014844,0.8611538364337041,0.6954614811125712,0.16943388302656068,1.4325263180330041,28,True
2014-10-05,2014-10-11,-0.25620878897453814,-1.2430769056081772,0.8292307739074414,0.1143818687836916,-0.8126923043567401,0.7407692377813734,0.6324806550141887,0.07566373364715068,1.4851629455440467,28,True
2014-10-12,2014-10-18,0.32353021922920433,-0.6853846156826386,1.4473076875393207,0.061771977797744196,-1.1549999987563262,0.8961538380155196,0.7713838293105437,0.2523630914460037,1.5120430213871567,28,True
2014-10-19,2014-10-25,-0.06978021875781179,-1.2923076840547414,0.928846157514132,-0.334560437849467,-1.2215384565866911,0.8500000009169946,0.7358980103282374,0.1880678729525289,1.3641704157256656,28,True
2014-10-26,2014-11-01,-0.08471153785761157,-1.5749999972490163,0.7669230791238638,-0.46439560552915704,-1.8657692258174603,0.9400000044932733,0.866974364365519,0.08480136865218,1.8809462277836237,28,True
2014-11-02,2014-11-08,0.1398489002911067,-0.9503846214367793,1.7673076803867633,-0.1361813185183884,-1.3730769272033985,0.664999996097042,0.6869492885987324,0.14010826435684373,1.8882800194788665,28,True
2014-11-09,2014-11-15,-0.20719780272466468,-1.4269230789863145,0.8623076906571021,-0.5687912083717043,-2.3042307679469767,1.3165384553945982,1.1252686097284486,0.24988814081636382,2.423931987459254,28,True
2014-11-16,2014-11-22,-0.12975274707999204,-1.316923079582361,1.533461536352451,-0.8208516478374764,-2.70538460291349,0.7130769180993621,1.2357268922482088,0.3588199707021205,2.7149492881302697,28,True
2014-11-23,2014-11-29,-0.274835165497939,-1.2015384619052594,0.9884615311255822,-0.47847527326442874,-2.2523076992768507,0.6623076929066044,0.8891956937569377,0.26093283578829723,2.2539695821785246,28,True
2014-11-30,2014-12-06,0.3851098894463995,-0.4346153780531425,1.5476923149365645,-0.17968406584011493,-1.2369230733467982,0.6103846098367984,0.69233289805021,0.17890197272818542,1.5551309023634177,28,True
2014-12-07,2014-12-13,-0.5232005485763344,-1.1946153824145977,0.1365384625700804,-0.8749313175007906,-2.084615381864401,0.20884615247352764,1.1193207023045264,0.028554940925093454,2.1789607514827,28,True
2014-12-14,2014-12-20,-0.40092033007345934,-1.0869230805681303,0.6019230747881991,-0.6385851646312972,-2.1626922946709852,0.5003846181699863,1.0235306214532307,0.20780623439013324,2.1796243646312883,28,True
2014-12-21,2014-12-27,-0.15630494495649097,-1.2157692267344549,0.7538461484588109,-0.4216483514448935,-2.214615388558461,0.8815384641862832,0.8199180479984263,0.054828939992238555,2.2968855969513124,28,True
2014-12-28,2015-01-03,0.030068680907568923,-0.5434615316156012,0.611923074349761,-0.16440934019552156,-1.105000003384283,0.8153846218035772,0.5039135498732492,0.0779337416706495,1.1286828640437658,28,True
2015-01-04,2015-01-10,0.16307692246378533,-0.7357692318037152,0.8938461484817358,0.2835027462199003,-0.36846154211805415,1.075769224992165,0.5749242694364407,0.046193892824099615,1.0773151014015878,28,True
2015-01-11,2015-01-17,0.03726648333083306,-0.7188461493127621,0.9703846115332383,-0.179766483507682,-1.076153843377072,0.3319230771695192,0.5276721254018052,0.08952620307793732,1.2080946099703158,28,True
2015-01-18,2015-01-24,-0.19335164951037737,-1.1619230749515386,1.0503846154763148,-0.2583241757404591,-1.074615383735643,0.9665384688056432,0.7878867780091533,0.11817772817482954,1.3127053322457356,28,True
2015-01-25,2015-01-31,-0.10071428455054186,-0.8076923076206675,0.6215384596815476,0.10123626396807096,-0.7084615402496778,0.9465384597961719,0.5076794021212183,0.05424304535413502,1.030162849227684,28,True
2015-02-01,2015-02-07,0.36549450491381047,-0.38346154228425944,1.435384608232058,-0.14004120880041968,-1.4496153822311988,0.4507692310099418,0.6201111983074398,0.04669237145594844,1.4543231287197638,28,True
2015-02-08,2015-02-14,0.06375000094176157,-0.7273076945342697,0.7976923075576241,0.05256868122595843,-1.2869230652084718,0.7788461514103872,0.6334474257062997,0.1377572928544881,1.3203874622263259,28,True
2015-02-15,2015-02-21,-0.3319780217089619,-1.3226923025571382,0.6303846136881754,-0.8360439546426738,-2.724615385899177,-0.06769230797027166,1.0899412005583218,0.35674916762670017,2.8385541997313615,28,True
2015-02-22,2015-02-28,-0.03070054962657965,-0.8911538410645264,0.7369230722005551,0.016469778536542596,-1.366153862613898,1.1834615354354565,0.6979728013529158,0.039527534768041855,1.3956434915997755,28,True
2015-03-01,2015-03-07,-0.4441208783255706,-1.7476922961381764,0.3319230754501544,-0.16679944973029606,-1.236538460621467,0.7849999975699645,0.7716170691626331,0.0453210117504533,2.124151639650758,28,True
2015-03-08,2015-03-14,0.2661538457313737,-0.7969230760175449,1.0857692234791243,-0.19921703337036728,-0.7888461606433759,0.91576923802495,0.608801660636089,0.06420427610323572,1.1136634526289924,28,True
2015-03-15,2015-03-21,-0.06340659370103462,-0.9557692385636843,0.7949999983494098,0.0843269235817818,-1.2126923140424948,0.9750000077944535,0.547762594726912,0.08029899096900354,1.544058770229406,28,True
2015-03-22,2015-03-28,0.006373626348859336,-0.782307695883971,1.2634615279161012,-0.21681318677204486,-1.7284615406623254,0.5119230752954116,0.6400941473283048,0.09488860031784539,1.7704031247273564,28,True
2015-03-29,2015-04-04,0.006085164717060845,-0.9457692297605368,1.286538459933721,-0.061497252938532074,-1.4049999903027828,1.129615381360054,0.8075911215300003,0.48520126604086267,1.4092694938614956,28,True
2015-04-05,2015-04-11,0.08317307618211259,-0.6942307690445048,0.5149999980886395,0.21635988973347203,-0.7915384574578359,1.5692307708355098,0.6692938574588344,0.19039082978801503,1.5718095343144367,28,True
2015-04-12,2015-04-18,0.03774725303186902,-1.044230762295998,0.9830769162911636,-0.2616346148559107,-1.1865384654643445,0.43500000052154064,0.6721019567032819,0.16511471392360577,1.4176755039135505,28,True
2015-04-19,2015-04-25,0.13412087878908266,-0.8803846205656345,0.654615388968243,0.05083791240742736,-1.2992307681303759,0.9961538413682809,0.6677526257928161,0.16930461765410745,1.3107591288281395,28,True
2015-04-26,2015-05-02,0.3297252752869339,-0.6015384627076296,1.2300000053185682,0.05499999949473191,-0.8692307724402502,0.7426923057064414,0.6095346624745435,0.15809704236879,1.2303382111735708,28,True
2015-05-03,2015-05-09,-0.18491758203011127,-1.0619230751807873,0.5907692261613332,-0.1621840658602765,-0.7038461554508942,0.7876923004022012,0.591793702545753,0.17110586967145203,1.2307406875634421,28,True
2015-05-10,2015-05-16,0.4866758244250297,-0.44653845843500817,1.1138461644832904,-0.15138736230853414,-0.6503846100173317,0.44884615226720387,0.6688330072933463,0.1727556817988576,1.183882449140026,28,True
2015-05-17,2015-05-23,0.11082417530181643,-0.8623076986808044,0.9223076947606527,0.24304945063572583,-0.9573076963424683,1.1926923084717531,0.7992394962907119,0.3130828299449691,1.2693303648448908,28,True
2015-05-24,2015-05-30,0.1757142850796559,-0.5126923036833222,0.8850000019256885,-0.18401098904803723,-0.8884615353666819,0.5130769233577527,0.5234518601640457,0.1358122583552368,0.9926496821806753,28,True
2015-05-31,2015-06-06,0.10835164736260425,-0.8315384559906446,1.2084615322259755,0.0949862623142058,-0.6807692394806788,1.1553846084011288,0.6342400891647355,0.1659302264565731,1.2191086994872604,28,True
2015-06-07,2015-06-13,0.15306318607590683,-0.6753846177688012,0.8169230772898748,-0.2724450538932745,-1.1203846037387848,0.20923076913906977,0.603679211243137,0.05025673873863266,1.1870833930294689,28,True
2015-06-14,2015-06-20,0.0974313186578821,-0.9673076896713331,0.8623076940958316,-0.2197115380690525,-1.1634615384615385,1.594999998807907,0.8360494852102189,0.3262572340687531,1.6458048681735415,28,True
2015-06-21,2015-06-27,0.49673076992045967,-0.6423076876224234,1.068846154671449,-0.06407967108240413,-0.9311538522060101,1.328461536994347,0.7946088743126467,0.23325741432585811,1.541692376165171,28,True
2015-06-28,2015-07-04,0.3392445063653433,-0.6611538468501889,1.3153846258154283,-0.45881867930446596,-1.2784615319508772,0.6338461597378438,0.8885639387082198,0.26929916978403606,1.3547451632421887,28,True
2015-07-05,2015-07-11,0.3621428559590541,-0.5700000025905095,1.0226922983017106,-0.17660714212324022,-0.9296153875497671,0.30307692375320655,0.5315450066863029,0.04853626600933365,1.0326521886705968,28,True
2015-07-12,2015-07-18,0.2565109882437225,-0.8234615399000736,1.1042307592355287,0.028489010956056493,-1.3007692304941325,1.247692312185581,0.7789569196920284,0.2396249556444069,1.3865066161851138,28,True
2015-07-19,2015-07-25,0.36670329678128216,-1.5011538519309118,1.165384618135599,-0.33336538528757437,-0.941923072704902,0.9323076823583016,0.8590187889440536,0.2910847401537569,1.7213207531161734,28,True
2015-07-26,2015-08-01,0.4556593396956776,-0.30346154220975363,0.9376923109476383,-0.23653846104363246,-1.0423076955171733,0.5642307707323477,0.7057362337276138,0.10152826826766455,1.1467959586671561,28,True
2015-08-02,2015-08-08,0.2434203290882019,-0.7473076897171828,1.1280769204291015,-0.4141208784409113,-0.9273076905654027,0.7211538440046402,0.7044566615148283,0.1470669841804917,1.1441579140932552,28,True
2015-08-09,2015-08-15,0.27289834977281124,-0.24615384509357122,1.0742307603359222,-0.14256868157075248,-1.141153844503256,1.3080769227101252,0.8085984582414835,0.2349509032123958,1.3425554640097543,28,True
2015-08-16,2015-08-22,0.4394917586577831,-0.9780769141820761,1.2050000094593718,-0.11918956020099858,-1.0257692337036133,0.9765384655732375,0.8320028847373386,0.2273675575907586,1.3234692034212838,28,True
2015-08-23,2015-08-29,0.00836538428256472,-1.610000002842683,1.3476922878852258,-0.489258241061899,-1.2653846121751344,1.0699999959279711,0.9658573702387706,0.322835991943524,1.7450308153693301,28,True
2015-08-30,2015-09-05,0.5938598906140324,-0.3288461507942814,1.3988461609070117,0.11358516480630407,-0.7757692317693279,1.2273076920268626,0.8458214086961486,0.2185508959306201,1.860928465253995,28,True
2015-09-06,2015-09-12,0.2663598902815196,-0.4376923076521892,0.8388461602421907,-0.5569917588586827,-1.2511538519309118,0.8365384549475633,0.8264149785767047,0.1661899011783742,1.293344422052314,28,True
2015-09-13,2015-09-19,0.044807692493342766,-0.6992307755236442,1.0911538497759745,-0.14524725249937767,-0.5653846171469643,0.7269230658331742,0.5446470663816168,0.1353682245809377,1.134358645434523,28,True
2015-09-20,2015-09-26,0.28692307691908553,-0.38730769296391654,0.8199999997249017,-0.13820054906594392,-1.1811538395973353,0.9957692276399869,0.6655221314203252,0.16524411984900156,1.2023212805279742,28,True
2015-09-27,2015-10-03,0.05258241691882466,-0.9830769203030146,0.9407692322364221,-0.2751373620652645,-1.1565384715795517,0.4996153822598549,0.7185094556079527,0.06028163677864432,1.3219961001664557,28,True
2015-10-04,2015-10-10,0.20820055018782946,-1.3030769297709832,1.2403846176771016,-0.338035713858227,-1.054230762215761,0.623461535343757,0.8753447436747912,0.3026632307466134,1.4858612214335762,28,True
2015-10-11,2015-10-17,0.034546702491262786,-1.0903846117166371,1.0865384661234343,-0.07763736263419,-0.7676923057207694,0.9069230739886944,0.6677369372407547,0.07644660693548169,1.2855464680182624,28,True
2015-10-18,2015-10-24,0.42817307686801637,-0.2692307693740496,1.1011538459704473,-0.03592032910539554,-0.7707692252901884,0.9534615460210122,0.6735110983764149,0.20866049431404013,1.4565811725531421,28,True
2015-10-25,2015-10-31,0.027609888868467842,-1.1357692345403707,1.1015384564032922,-0.3301236249460419,-1.3019230709626124,0.44961538509680676,0.8487812155380351,0.2885797237226246,1.3339141301665904,28,True
2015-11-01,2015-11-07,-0.3932554940104608,-1.1315384461329534,0.5334615379285353,-0.4473076926641535,-1.9496153914011443,0.8826923100994184,0.8672326100220092,0.20487043347918193,1.9501799787382073,28,True
2015-11-08,2015-11-14,0.14840659233843806,-0.9926923110794562,0.8076923008148487,-0.02407967014197301,-0.8615384554633727,0.9023076868974246,0.6195788103648653,0.10901522382270734,1.121139788298182,28,True
2015-11-15,2015-11-21,0.1646703287606015,-0.6165384572858994,0.6823076826448624,-0.7838049447752412,-1.8626923240148103,0.4815384578676178,0.9448752846778018,0.4301439502503362,1.9068690222816571,28,True
2015-11-22,2015-11-28,-0.1442857141847016,-1.2353846155680144,0.5896153816810021,-0.6359340653007666,-1.7165384613550627,0.3530769209162547,0.8843522001234793,0.1904525928163815,1.7166257150527218,28,True
2015-11-29,2015-12-05,-0.007651099195744802,-0.9684615352979073,0.8980769217014313,-0.25179945170920304,-1.8196153778296251,1.2369230756392846,0.8796312402095988,0.19630687858331902,1.8412669628287452,28,True
2015-12-06,2015-12-12,0.04186813302778199,-1.105384620336386,0.9703846204166229,-0.17211538431705437,-1.6000000009169946,0.9026922996227558,0.7180431205382753,0.08736104844772481,1.7117901263362758,28,True
2015-12-13,2015-12-19,-0.15502747386734891,-1.0119230758685331,0.35692307675400603,-0.26986263681377115,-1.2880769247332444,0.6080769231686225,0.563685300097542,0.15425378775399756,1.3319983772817232,28,True
2015-12-20,2015-12-26,0.34270604343695954,-0.21923076877227196,1.4207692260925586,0.09666208662911431,-1.8330769268079445,1.0384615361690521,0.7104817217352358,0.0824019963399018,1.8425437900030281,28,True
2015-12-27,2016-01-02,0.20565934127687918,-0.48923076266566146,1.111153850188622,-0.2561263737401792,-1.5757692433320558,0.7388461547402235,0.6710273217227984,0.01682225046499709,1.639931187471007,28,True
2016-01-03,2016-01-09,-0.07016483501909854,-0.8600000068545341,1.017307691849195,-0.27947802098652164,-1.3926922988433104,0.5973076912072989,0.7178848343600086,0.16449042892873647,1.3966159880031792,28,True
2016-01-10,2016-01-16,-0.1387087900631621,-1.004999991792899,0.9126923026946875,-0.379436813832189,-1.754615375628838,0.8323076868859621,0.8698653870983064,0.02104166270610675,1.7630180549658365,28,True
2016-01-17,2016-01-23,0.13884615382578755,-0.905000009215795,1.3034615470812871,0.41192307754849583,-0.5607692262587639,1.3200000020173879,0.7933575806184022,0.23195496639618096,1.3364795248526027,28,True
2016-01-24,2016-01-30,-0.3809065935534558,-1.4107692379217882,0.6680769269856123,-0.3227197804467773,-1.6607692287518427,0.7196153829304072,0.8425814312549551,0.0275342771397142,1.741774793755474,28,True
2016-01-31,2016-02-06,-0.37707417549892935,-1.1134615452387011,0.5096153977255409,-0.029986263618671478,-1.939230774457638,1.4142307753746326,0.7552954664327312,0.2455958197575425,1.9568392101233059,28,True
2016-02-07,2016-02-13,0.5299450538817096,-0.2830769264210875,1.3103846105245442,0.11711538482232244,-0.5665384599795709,0.9780769302294805,0.7064730010213174,0.22719182273248725,1.3284702750724438,28,True
2016-02-14,2016-02-20,0.13254120902690505,-0.5223076876539451,1.1396153890169585,-0.11519230825437621,-0.9834615427714127,0.7265384564032922,0.5177040355624051,0.06782439067230389,1.147093643321149,28,True
2016-02-21,2016-02-27,-0.2842170325757752,-1.098846157009785,0.5076923040816417,-0.05184065969916735,-0.9203846145134705,0.7607692308150805,0.7171098839969737,0.2526454691761666,1.1544132604165773,28,True
2016-02-28,2016-03-05,0.04491758254704648,-0.8476923010670222,1.0176923137444716,0.13593406590459112,-0.9384615352520576,0.9307692230034333,0.6125775713957072,0.06944624605626196,1.1198558180911948,28,True
2016-03-06,2016-03-12,-0.23853021969118124,-0.9850000051351694,0.8688461465331224,0.048914835870184095,-1.4626922997144551,1.2392307584388897,0.7954711837947338,0.2660195875461094,1.4820648596757549,28,True
2016-03-13,2016-03-19,0.26391483553183764,-0.6057692330617171,1.0111538446866548,0.23581044047886687,-0.37730769204119075,0.9584615391034347,0.6639505173085442,0.10049728382588685,1.1132713368851548,28,True
2016-03-20,2016-03-26,0.16276098889360144,-1.091153839459786,0.974615391702033,0.0392032957963318,-0.5696153852802056,0.6073076919867442,0.564867662862511,0.14465680822076135,1.179717952447223,28,True
2016-03-27,2016-04-02,0.1308379118601986,-0.9807692422316625,1.136923081599749,0.441456043166569,-0.6942307699758273,1.7096153699721282,0.7937658157157494,0.1761945690823205,1.788975304959751,28,True
2016-04-03,2016-04-09,0.03667582437948702,-0.7853846148802683,1.0684615368596637,-0.04725274670316459,-0.742692306637764,0.8469230716045086,0.5757059366635505,0.13898671567415674,1.168462100554257,28,True
2016-04-10,2016-04-16,-0.0458379125166275,-0.8834615303919866,0.9484615337390166,-0.027060439718048,-0.7988461614228212,0.5938461501724445,0.6806075788151574,0.1254259026789531,1.1169708842609611,28,True
2016-04-17,2016-04-23,0.03149725293873677,-0.9030769238821589,0.8626923136986219,0.22385989092443917,-0.4384615391206283,1.0888461527916102,0.5985856478318992,0.0953970208410551,1.2315248277761295,28,True
2016-04-24,2016-04-30,-0.23075549486400254,-1.1607692195818975,0.7030769191109217,-0.07212911971210204,-1.5015384600712702,2.0296154068066525,1.012493656362263,0.05473172757829791,2.0959226799392336,28,True
2016-05-01,2016-05-07,0.09339285712269554,-1.3307692248087664,0.7830769224808767,0.17390109892873154,-0.7565384557327399,1.1203846094700007,0.6721526912504743,0.06588159440600211,1.4277793870865298,28,True
2016-05-08,2016-05-14,0.026771977208657087,-0.7703846211616809,0.9169230713294103,-0.10543956112495245,-1.8669230800408583,1.068461541372996,0.7209509753644686,0.12657177589148028,1.923035272014674,28,True
2016-05-15,2016-05-21,0.12210164889744432,-0.9803846191901427,1.33538460960755,-0.15123626405301577,-1.2250000123794262,0.9192307699614992,0.7376904192312336,0.09845026755569568,1.4552902836724113,28,True
2016-05-22,2016-05-28,0.14324175881907592,-0.999999993122541,1.1580769282120924,0.23392857138609902,-1.0196153819561005,1.3765384658024862,0.7557621758549968,0.022221320640334486,1.3787947141587533,28,True
2016-05-29,2016-06-04,-0.043818681004487874,-1.6476923181460454,1.0180769301950932,-0.19605769187590658,-0.8661538488589801,0.4523076920125347,0.6925587523624799,0.09146408868392829,1.6885559914984365,28,True
2016-06-05,2016-06-11,0.021401099290105176,-0.9819230746764404,1.0673076804870596,0.1074725274728345,-1.0130769266532018,1.108076925461109,0.7218628891308762,0.19507319041670462,1.4143805944713008,28,True
2016-06-12,2016-06-18,0.28350274726124175,-0.9742307743200889,0.812692308655152,-0.13182692249448827,-1.1076923058583186,1.2999999958735247,0.7129330726737262,0.06321045781242597,1.3179108072089745,28,True
2016-06-19,2016-06-25,0.45302197863194316,-0.2657692294137982,0.9938461459600009,-0.40644230779291096,-0.9615384546610025,0.5473076878831937,0.7895611810118377,0.3692237594426056,1.2084153226724055,28,True
2016-06-26,2016-07-02,0.3467857139185071,-0.3361538448012792,1.0507692304941325,-0.1085989002911067,-1.1549999966071203,1.1388461532501073,0.7565716816118392,0.1275764067372093,1.2554848298106838,28,True
2016-07-03,2016-07-09,0.2547664825707306,-0.6346153856899875,0.8265384561740435,-0.32585164785108806,-1.3207692297605367,0.7092307685659482,0.7410324241598353,0.11762001192101997,1.3645999895254286,28,True
2016-07-10,2016-07-16,0.31994505436415527,-0.7696153776576886,0.9588461587062249,-0.39423076975271926,-1.3630769424713576,0.3015384670490256,0.7654342101482925,0.2024034570659551,1.4205557896303826,28,True
2016-07-17,2016-07-23,0.3815934054149253,-0.10576923693028781,1.3273076988183534,-0.4356181307537174,-1.2949999914719508,0.761923077587898,0.8059571360198813,0.05172326213788214,1.5807282953828354,28,True
2016-07-24,2016-07-30,0.26432692255200513,-0.933076917552031,1.3226923094345973,-0.4138598887449397,-0.9049999943146338,0.7038461540180904,0.7907241819147279,0.30019840471568754,1.3348838696334266,28,True
2016-07-31,2016-08-06,0.4784203291983231,-0.23423077158916455,1.1519230804764307,-0.6249862627643109,-1.085384611900036,0.1923076921644119,0.9035086487136966,0.2809906950707013,1.2298373834450962,28,True
2016-08-07,2016-08-13,0.65585164760833,0.09999999962747097,1.0919230855428255,-0.16086538468876466,-0.986538453744008,0.9515384545979592,0.8689727321446653,0.2843618958225286,1.3830438255052735,28,True
2016-08-14,2016-08-20,0.26486263765984186,-0.3969230755017354,1.1773076991622264,-0.6906043941968704,-1.1192307724402502,-0.1600000035161009,0.828704450917256,0.23373257866595135,1.2353947192968384,28,True
2016-08-21,2016-08-27,0.3063873627049091,-0.6373076962593657,1.2288461510951703,-0.27326923161028666,-1.124999995988149,1.0326923063168159,0.7794717578258676,0.12229680938099985,1.298266136904154,28,True
2016-08-28,2016-09-03,-0.11326923089071207,-1.026923077610823,0.6953846130233544,-0.2690796709368722,-1.447692301410895,0.8011538487357589,0.6132916830408897,0.09601297124302538,1.481729802354114,28,True
2016-09-04,2016-09-10,-0.13424450516250436,-1.011923067844831,0.8234615367479049,0.1305219781979059,-0.9034615296583909,1.90615386229295,0.909068208152668,0.4457134798691511,1.9195682378956138,28,True
2016-09-11,2016-09-17,0.10671703216804009,-1.2957692306775312,1.215384609424151,-0.4484752740040626,-1.2303846111664405,0.6911538572838674,0.9227789214987547,0.29295096325901687,1.4878316012527444,28,True
2016-09-18,2016-09-24,0.14042582440926887,-0.45846153587962574,1.0330769213346334,0.08527472507781707,-0.8326923102140427,1.131538457595385,0.6361837748403801,0.15326814674551403,1.2411604583106237,28,True
2016-09-25,2016-10-01,0.0673626376889073,-1.1219230729800005,1.1146153876414666,0.08927197809648382,-0.9611538493862519,0.8746153861284256,0.6596707461228821,0.1811411873359594,1.3910799936067173,28,True
2016-10-02,2016-10-08,0.10233516466629866,-0.7788461564252009,0.990769223524974,-0.11369505492141367,-1.034230766388086,1.265000004034776,0.8433340539782321,0.338770832977295,1.29876739917883,28,True
2016-10-09,2016-10-15,0.13292582294453387,-0.8676923049183992,0.7796153848131115,-0.011263735515607916,-1.1699999845944917,1.0530769274784968,0.732679660759998,0.06428486909835403,1.3059212031711886,28,True
2016-10-16,2016-10-22,0.09223900975884645,-1.1873077005147934,1.081153840972827,-0.506071427230631,-0.9669230717879075,0.2934615369169758,0.8296390137330659,0.15585799564058336,1.2499600652111664,28,True
2016-10-23,2016-10-29,-0.20201923047028644,-1.1503846186857958,0.9138461471750186,-0.04803571301758043,-1.2815384612633631,2.436923082058246,0.9897713701422559,0.2609498446133703,2.5428121287315952,28,True
2016-10-30,2016-11-05,-0.05872252704268629,-1.2453846106162438,1.1742307658378894,0.08458791198822987,-1.3576923035658324,1.4911538448471289,0.9672751015210916,0.15339597985192988,1.721204042322368,28,True
2016-11-06,2016-11-12,0.017829669565269414,-1.1203846152012165,1.2269230679823802,-0.5217857149117473,-1.7361538593585675,0.33615384408487725,0.8542623118299444,0.18871451423162744,1.7362002528820124,28,True
2016-11-13,2016-11-19,-0.2773901095107239,-1.064615388902334,1.578076917391557,-0.595631869504699,-2.3407692313194275,1.7784615319508772,1.2396549907741705,0.41968377603190576,2.3898641052523115,28,True
2016-11-20,2016-11-26,0.018228022921523392,-1.004615375628838,1.0850000045477197,-0.38085164821829526,-1.6757692327866187,0.7523076948351585,0.7823148551188229,0.06631130281544426,1.6762744883666885,28,True
2016-11-27,2016-12-03,0.25351648270357197,-1.0226923157819188,1.0080769242575536,0.1940934055377371,-1.5792307807849004,1.2634615485484784,0.7938429118284758,0.2721174921579749,1.5969611140236082,28,True
2016-12-04,2016-12-10,0.01593406589517554,-1.0919230786653666,0.9711538498791364,-0.8383928573854104,-2.148461539011735,0.17576923192693636,1.051417140144548,0.16525486577088763,2.172789123608371,28,True
2016-12-11,2016-12-17,-0.09116758285653215,-1.1796153783798218,0.8311538406862662,-0.4379945054041365,-1.5984615362607515,0.8403846151553668,0.8358259620966979,0.37636163012287843,1.7488948699301903,28,True
2016-12-18,2016-12-24,-0.37182692239306625,-1.548076916199464,0.2938461542989199,-0.9350412077920327,-2.610384620152987,0.7123076961590693,1.2386424263715008,0.27707314327670146,2.627000735952213,28,True
2016-12-25,2016-12-31,-0.34598901078033334,-1.091538477402467,0.43423077191870946,-0.47302197780112154,-2.1153846153846154,0.6742307666975719,0.8873225966430425,0.17598160320066897,2.154531793483745,28,True
2017-01-01,2017-01-07,-0.2110439545787093,-0.9203846136537882,0.9076923097555454,-0.22799450489129502,-1.7992307543754578,0.7661538456494992,0.8067017623135498,0.19003036277700133,2.0209748005705346,28,True
2017-01-08,2017-01-14,-0.387486262917314,-1.2188461537544544,0.6149999979310311,-0.5369780214431767,-2.1346153846153846,0.7607692359731748,0.9768907699010404,0.12934632593251688,2.256112700261103,28,True
2017-01-15,2017-01-21,-0.046456042999544964,-0.8953846105589316,1.0380769277421327,-0.10431318737024052,-1.762307685155135,1.508461526953257,0.8942060831139199,0.0950560415329654,1.7825806052469997,28,True
2017-01-22,2017-01-28,0.23083791220918873,-0.6376923041848036,0.9950000047683716,-0.31085164833220313,-1.8257692410395696,1.1311538402850811,0.8151172547779024,0.3076403806995474,1.9111929054672387,28,True
2017-01-29,2017-02-04,0.006840659441057967,-0.6438461487682966,1.1223076954483986,-0.3906181317851316,-1.5746153845236852,0.3876923051877664,0.7667628951487107,0.07869967531504654,1.5769495774192748,28,True
2017-02-05,2017-02-11,-0.23002747247241193,-0.8196153869995704,0.5057692329327648,-0.10887362620189457,-2.366923084625831,0.7649999994498032,0.7148440673400636,0.1772989292290571,2.410731479612221,28,True
2017-02-12,2017-02-18,-0.28939560386812785,-1.0561538499135237,1.1153846166024988,-0.33374999774937203,-2.6199999955984263,1.3192307765667255,1.0491578197172355,0.2064983463914508,2.742012415457908,28,True
2017-02-19,2017-02-25,-0.05465659314950744,-0.785769229898086,0.5699999968592937,-0.006826921821582129,-1.4073076844215393,1.0746153914011443,0.6452786356782704,0.04596435402011215,1.4222157917824585,28,True
2017-02-26,2017-03-04,-0.36241758261694684,-0.973846147266718,0.39653845446614117,-0.19190934156630557,-2.0430769461851854,0.8099999977992132,0.7920673540996626,0.1605178367613028,2.1084982209059016,28,True
2017-03-05,2017-03-11,-0.14723901148977597,-0.8226923014825354,0.5476923029010112,-0.30958791298454036,-1.310769221530511,0.9080769121646881,0.7295095500752933,0.16810332865400568,1.44859250485474,28,True
2017-03-12,2017-03-18,-0.14388736208726824,-1.1788461391742413,0.8596153866786224,-0.2968269225957056,-2.2926923082425046,1.3188461569639354,0.8737015984756764,0.2892371590770239,2.426867669798897,28,True
2017-03-19,2017-03-25,0.10234890072504159,-0.9673076976950352,1.0980769178042045,0.09002747319915054,-0.7638461486651347,1.213461534335063,0.616964017977814,0.0608580177477649,1.273188987417068,28,True
2017-03-26,2017-04-01,-0.18184065899637702,-0.7819230765677415,0.8892307785841135,-0.18791208846832289,-1.2623076840088918,0.6599999981430861,0.5698880943563962,0.07681915752191328,1.2713711470871152,28,True
2017-04-02,2017-04-08,0.0016071429772936982,-0.8392307643706982,0.9465384540649561,-0.040618132536330225,-1.1307692358700128,0.8065384580538824,0.6028804666286562,0.12360583471673424,1.1734303414651324,28,True
2017-04-09,2017-04-15,-0.18149725458287932,-1.60115385055542,0.911923075811221,0.07074175785541288,-0.8296153906446236,1.2484615376362433,0.8464369717511866,0.2766349995782095,1.6530411709046435,28,True
2017-04-16,2017-04-22,0.03914835207051709,-0.8303846183877724,1.1469230812329512,-0.11774725218528657,-1.2934615359856532,0.9480769273180228,0.6876714287646479,0.05576790166396462,1.399248535280943,28,True
2017-04-23,2017-04-29,-0.22487637302377722,-1.0419230690369239,0.8515384615613864,0.23622252838174393,-1.0873076892816103,1.6346153846153846,0.8359404164197216,0.21307692117989063,1.6389022519805514,28,True
2017-04-30,2017-05-06,0.36887362621888353,-0.6503846095158503,1.17499999057215,0.3345604396148861,-0.6757692282016461,1.1000000032094808,0.7928011000162816,0.27061539208433566,1.3027845577226858,28,True
2017-05-07,2017-05-13,-0.1327609892289799,-0.7696153808098573,0.7969230734384977,-0.25166208894954034,-1.2000000064189618,0.4223076936144095,0.5970442318012168,0.053940853351652815,1.379085598667616,28,True
2017-05-14,2017-05-20,-0.24423076924970272,-1.0919230809578528,0.6926923123403237,-0.56248626345001,-1.2419230846258311,0.1165384605813485,0.7510879925664612,0.12478679961733992,1.4011609747648957,28,True
2017-05-21,2017-05-27,0.22226648281614939,-0.7276923067581195,0.9084615413672649,-0.18438186728559272,-0.7146153828272452,0.6719230785249517,0.567383735026805,0.11800173017004366,1.082598920064457,28,True
2017-05-28,2017-06-03,-0.15457417568509152,-0.9846153866786224,0.6319230829293911,0.1952609893927289,-0.6419230779776206,0.9157692341563793,0.6091876185347881,0.12542531289245104,1.0765812664436494,28,True
2017-06-04,2017-06-10,-0.14832417472204254,-0.9465384597961719,0.9115384542025052,-0.0506318674990805,-1.131923069174473,0.7503846185998275,0.7422598845792628,0.10819183531289259,1.4358809598889024,28,True
2017-06-11,2017-06-17,-0.060892856472611924,-0.7619230770147764,0.9823076908405011,0.04478021959549041,-0.8303846186026931,1.2173076890982115,0.6706377586877083,0.10784947278520177,1.2512853702558786,28,True
2017-06-18,2017-06-24,0.022046702944642897,-0.9738461524248123,1.133846144263561,0.2023214283194598,-0.8303846166684077,1.422307694187531,0.8463667139393898,0.21481861566255145,1.4423504116708203,28,True
2017-06-25,2017-07-01,0.07222527298810226,-0.6765384631088147,0.9326923076923077,-0.21203296663301005,-1.2823076844215393,1.23346153818644,0.711141253736005,0.07267602767486803,1.2842379030223918,28,True
2017-07-02,2017-07-08,0.4086126364578217,-0.23961538577882144,0.9388461502698752,0.03306318685709202,-0.7357692357439262,1.706153853581502,0.7307974796496721,0.12565803503883355,1.7272056121073083,28,True
2017-07-09,2017-07-15,0.24229395498552328,-0.5596153838559985,0.7888461497540658,-0.0832417594207512,-1.0915384682325215,1.2923076886397142,0.7549506803826317,0.12227200605593676,1.31135465250073,28,True
2017-07-16,2017-07-22,-0.02351648338742881,-0.908076924773363,0.9492307695058676,0.5302472522374816,-0.6246153861284256,1.876923070504115,0.8933379404917893,0.10750326779404211,1.9424790802625937,28,True
2017-07-23,2017-07-29,0.5681730771365647,-0.6830769264354155,1.3396153908509474,-0.5898763738562363,-1.353461545247298,0.5423076884964337,1.060357314550203,0.6100394080534125,1.5160647221974588,28,True
2017-07-30,2017-08-05,0.329821429261426,-0.7403846177487419,1.167692312827477,-0.3789972520259383,-1.505384610249446,0.3938461524935869,0.8075616309850993,0.16462616946769104,1.5155222943048925,28,True
2017-08-06,2017-08-12,0.2958241757619512,-1.0961538473000894,0.9338461515995172,-0.6689697788199308,-1.4773076864389272,0.10038460970211488,0.9427690779549921,0.09541950228328623,1.4964910580416475,28,True
2017-08-13,2017-08-19,0.09879120849431135,-0.7842307767042747,0.9207692358356255,-0.23990384678632676,-1.3938461553591948,0.8065384496003389,0.7035743553455928,0.27038898646658804,1.4581004609242552,28,True
2017-08-20,2017-08-26,0.16679945044669806,-0.9903846176771017,1.1211538566992834,-0.16723901203035244,-1.1049999978679876,1.5061538524639149,0.7721127820708474,0.07929516031224837,1.732863695769528,28,True
2017-08-27,2017-09-02,0.1722664829333323,-1.0330769190421472,1.056538456907639,-0.0965247269064843,-0.8461538440046402,0.5688461548147293,0.6572487133515853,0.19332538816243705,1.09788560453567,28,True
2017-09-03,2017-09-09,0.13542582339269446,-0.9134615396077816,1.2434615315153048,-0.026483515958086807,-0.90653846011712,1.0823076906112523,0.6897424541601944,0.009514857533344072,1.3096076370948038,28,True
2017-09-10,2017-09-16,0.12193681307618025,-0.8284615478836573,1.062307691631409,-0.15571428477191004,-1.1400000017422895,0.9923076904737033,0.750911217197065,0.1367722833840147,1.2584796417883866,28,True
2017-09-17,2017-09-23,0.2730906593209071,-0.9784615489009482,1.3130769213804832,0.0901098898356105,-0.9776923060417175,1.853076919913292,0.8474302553786278,0.19941667618894707,1.9335235083904054,28,True
2017-09-24,2017-09-30,0.19366758264816153,-1.185000011554131,1.2457692348040068,0.055123626095867094,-0.7734615395848567,1.1842307631786053,0.7717038097069662,0.2785444004799529,1.4150857855975616,28,True
2017-10-01,2017-10-07,0.25177197674401924,-0.8626923056749197,1.3923076895567088,-0.46413461575898657,-1.7426923192464387,0.8715384636217585,0.9247939339672017,0.17822140848503906,1.7982309797293405,28,True
2017-10-08,2017-10-14,0.1762912076370852,-0.6646153827985892,1.3592307636371026,-0.42092032936033225,-0.9499999995415027,0.34961538962446725,0.7187009871999445,0.15926466780877604,1.3728213994882883,28,True
2017-10-15,2017-10-21,0.11520604319502037,-1.2180769305962782,1.106923066652738,0.04331043914247017,-0.7346153994305775,1.2026923065288708,0.7980102807183563,0.2935421808188127,1.339196201747637,28,True
2017-10-22,2017-10-28,0.011771978173343531,-1.2396153784715211,1.2530769258737564,-0.15719780176212744,-0.9996153826896961,0.7019230838005359,0.7279303127058182,0.12654372076823905,1.3016121602305417,28,True
2017-10-29,2017-11-04,-0.2066483513892188,-0.9080769190421472,0.6665384621860889,-0.70719780156307,-1.9453846216201782,0.19423077069222927,0.8921896106242384,0.1323730775879143,2.075418405925907,28,True
2017-11-05,2017-11-11,-0.28324175855799855,-1.4749999986245081,0.6799999937558403,-0.31321428542711083,-1.1557692358127007,0.5907692307463059,0.7346701899088636,0.09450118204770667,1.6732378725105728,28,True
2017-11-12,2017-11-18,0.004326922320095556,-0.8565384642435954,0.7996153868734837,-0.22864010920338743,-1.5746153914011443,1.1623076979930584,0.7128471104587114,0.04832091670485117,1.602294819920602,28,True
2017-11-19,2017-11-25,0.08398351577049182,-1.2534615403184524,1.338461550955589,-0.4489560430935983,-1.5153846167601073,0.48846154008060694,0.8966403799272723,0.21640212963335537,1.7388141684313676,28,True
2017-11-26,2017-12-02,-0.04469780161321818,-0.7280769204864135,0.6399999981602797,-0.40600274638579853,-2.0880769307796774,0.74500000419525,0.7819387128067483,0.1507711912990749,2.1740643477055603,28,True
2017-12-03,2017-12-09,-0.05832417736055103,-0.8769230705041152,0.7523076866681759,-0.3335164815857802,-1.6353846192359924,1.2353846247379596,0.8905024903516514,0.2660610106743275,1.6755378931986036,28,True
2017-12-10,2017-12-16,-0.11219780217436562,-1.1646153840881128,0.9676923132859744,-0.7990796691814827,-2.574615382231199,0.3061538457583923,1.052412324408019,0.19958720899061083,2.625617901850706,28,True
2017-12-17,2017-12-23,-0.33105769209758185,-1.0588461556113684,0.5938461548290573,-0.313873626491321,-1.6250000045849726,0.6961538495782477,0.7807354836987453,0.08331340918149246,1.6427400394492553,28,True
2017-12-24,2017-12-30,-0.3984340660780627,-1.3507692309526296,0.32076923105006033,-0.4282967024713059,-1.7534615328678718,0.678461533326369,0.8830814883737454,0.1737444419714119,2.100837399529724,28,True
2017-12-31,2018-01-06,-0.346057692391716,-1.2769230833420386,0.6269230712205172,-0.5407142856204371,-2.238461531125582,0.4669230722893889,0.8753294554580433,0.25124689400342365,2.5770608427239012,28,True
2018-01-07,2018-01-13,-0.20502747193101672,-1.5849999945897322,0.8146153900485772,0.031222527959271447,-1.3065384534689097,0.7988461482410247,0.6852337557294242,0.05129390754564139,1.89890975296338,28,True
2018-01-14,2018-01-20,-0.03803571391656258,-0.9023076879003873,1.1850000023841858,-0.2845054950928418,-1.7465384648396418,0.6846153830679563,0.8021926794076134,0.3298827607282512,1.9176909993910862,28,True
2018-01-21,2018-01-27,0.3479670318237577,-0.8284615392868335,1.083076917208158,-0.09821428549424796,-1.2261538424600775,0.7599999973407159,0.6695523526551231,0.041467173067723594,1.2669906206412074,28,True
2018-01-28,2018-02-03,-0.02896978035262162,-0.9503846149891615,0.6369230798803843,-0.24252747184504847,-1.978461552124757,0.7076923044828268,0.7136059931183375,0.05160873586480634,1.983600566487179,28,True
2018-02-04,2018-02-10,-0.15486263622949412,-0.8773076901069055,0.5823076949813045,0.07042582461784419,-1.9830769208761363,1.2796153701268709,0.8573605298397639,0.05852349819088109,2.060838714032826,28,True
2018-02-11,2018-02-17,-0.0078296698629856,-0.9403846286810361,0.9630769250484613,0.09079670228555306,-1.5719230746707091,1.344615372327658,0.7568949634398913,0.10251641693018872,1.606346922305607,28,True
2018-02-18,2018-02-24,-0.03280219700504709,-0.8892307659754386,1.0334615352062078,-0.4222802194449437,-2.421923068853525,0.6288461501781757,0.858456366084258,0.3134282615583124,2.454295165023723,28,True
2018-02-25,2018-03-03,0.016662086851403603,-1.0961538538909876,0.9511538435919926,0.13736263739078172,-0.6496153846383095,1.1496153771877289,0.6402437720489083,0.10404610214420541,1.2296931047547466,28,True
2018-03-04,2018-03-10,0.38870879102518757,-0.59730769521915,0.8788461490319326,-0.07504120880768604,-1.1819230707792134,1.049230772142227,0.69771903726986,0.18095612198382713,1.1848391960549245,28,True
2018-03-11,2018-03-17,0.01864011001333102,-0.6734615369484975,0.765000004034776,-0.03593406627200298,-1.1211538400787573,0.7057692305399821,0.6047996197064964,0.11308804015886693,1.1584388658384364,28,True
2018-03-18,2018-03-24,-0.062074175357798134,-1.341153852068461,1.169230763728802,-0.09776098873456018,-2.205000006235563,0.8830769239709928,0.721079316653426,0.2813876223677594,2.2261525561954443,28,True
2018-03-25,2018-03-31,-0.014409341450248442,-0.8815384661922088,0.7549999952316284,0.10355769246970149,-1.3099999932142405,1.487692301089947,0.7391544618986013,0.07230871432721721,1.5500929454175938,28,True
2018-04-01,2018-04-07,-0.3001648349544177,-0.9069230762811807,0.5476923063397408,-0.38896978027596657,-1.548076925942531,0.27923076628492427,0.7257753235280145,0.09259650676304051,1.5574672701874945,28,True
2018-04-08,2018-04-14,-0.14418956044815726,-1.191153849546726,1.3553846157514131,-0.30322802101855506,-1.869230751807873,0.9973076857053317,0.9121660873615703,0.31913575803503774,2.014224584114157,28,True
2018-04-15,2018-04-21,0.5727609877658824,-0.11961538366113718,1.1511538464289446,0.06653846197782064,-0.673076926300732,0.9446153967426374,0.7187992212926725,0.12858469346233342,1.264741073302453,28,True
2018-04-22,2018-04-28,0.17935439617025084,-0.4742307678724711,0.7842307658149645,0.04626373600235189,-0.9219230699997681,0.807692306331144,0.550630305979101,0.0905685517467152,1.091802830613444,28,True
2018-04-29,2018-05-05,0.029478022204405006,-0.7011538521888164,0.709615381864401,0.01545329687983862,-0.7719230706302019,0.902307697213613,0.5866778856975665,0.1912664121990986,0.9795749090554023,28,True
2018-05-06,2018-05-12,0.086112636857881,-0.7746153817727015,0.924999998166011,0.04609890120707779,-0.6776923098816321,0.745000000183399,0.4844429784787176,0.12457026725695855,1.072445772195664,28,True
2018-05-13,2018-05-19,-0.22332417544560856,-0.8965384593376746,0.7230769292666361,-0.10934065957041969,-0.6788461564395291,0.6557692266427554,0.6190779910257039,0.19453821960889794,0.9930118183416622,28,True
2018-05-20,2018-05-26,0.24532967022169833,-0.6453846137111003,0.8434615444678527,0.3110027476674416,-0.3634615388627236,1.414615385234356,0.6301928326209343,0.09260927863394912,1.5795294123209802,28,True
2018-05-27,2018-06-02,-0.06891483387520926,-0.7696153773711278,0.7711538466123434,-0.3852197794233459,-1.0346153928683355,0.06307692202524497,0.5958027058371639,0.10786798919769675,1.1777941042371682,28,True
2018-06-03,2018-06-09,0.012815934362831512,-0.9473076863930776,0.6469230777942218,0.24379120895557185,-0.6223076885709395,1.8219230725215032,0.6849532253273416,0.139315743142656,1.9010309366180425,28,True
2018-06-10,2018-06-16,0.3368131864641967,-0.49076922653386224,0.9057692300814849,-0.008228022525864806,-0.6969230748139895,1.3026923101681929,0.6731666262317125,0.1817811306093663,1.4101798623507493,28,True
2018-06-17,2018-06-23,0.152074176104289,-0.7499999977075137,0.8034615459350439,-0.1658379127972524,-0.9615384582430124,1.3473076957922716,0.7745501190505518,0.17162165882635524,1.4228029935208453,28,True
2018-06-24,2018-06-30,0.3052884615052,-0.6615384593605995,0.9107692310443292,-0.423722527780478,-1.2115384684159205,0.4930769163542069,0.7604423778451179,0.11725156636083792,1.2693895654983807,28,True
2018-07-01,2018-07-07,0.05171703335133145,-0.8076922985223624,0.5915384579163331,-0.5969780218751671,-1.3080769227101252,0.43115384905384135,0.7577843722077343,0.3337544187857867,1.3328477532374312,28,True
2018-07-08,2018-07-14,0.4167857145312355,-0.9630769221828535,0.9988461549465473,0.03623626289305861,-0.9565384617218604,1.3996153771877289,0.8354469825436223,0.34823413308132145,1.4138872646138496,28,True
2018-07-15,2018-07-21,0.42293956011001554,-0.2665384644642472,1.3546153834232917,0.025906593820264383,-0.4796153914469939,0.8857692313882021,0.6393296337925428,0.16325507386090576,1.5494998195231902,28,True
2018-07-22,2018-07-28,0.42681318687295516,-0.5684615349253783,1.0646153803055103,-0.10424450561813602,-1.2807692289352417,1.6303845976407711,0.8797174855613983,0.13166042111849813,1.712239295335002,28,True
2018-07-29,2018-08-04,-0.03891483544638113,-0.9346153824231945,1.2157692221494822,-0.4068681313298069,-1.5457692375549903,0.5023076934023545,0.7073828608238493,0.15392161125937845,1.7685248225133698,28,True
2018-08-05,2018-08-11,0.2461950550045163,-0.4069230758513396,1.0153846093095267,-0.09528846012500043,-1.06884614779399,1.0065384730696678,0.6966330881198761,0.13437175331375603,1.2555916305470725,28,True
2018-08-12,2018-08-18,0.44755494478158653,-0.7180769267993478,1.1646153846612344,0.19438186682668607,-0.788461538318258,1.2265384564032922,0.8107635307683955,0.14879794032187899,1.4272189716228862,28,True
2018-08-19,2018-08-25,0.19905219791497994,-0.4553846216832216,1.2234615477231832,0.10940934032723718,-0.9049999908759043,1.5669230784361179,0.6196481166177694,0.10427546119588105,1.5945218728109882,28,True
2018-08-26,2018-09-01,0.06942307676577551,-1.171923082608443,0.9376923098013952,0.029079671312062128,-1.0523076825417006,1.6884615214971395,0.9071093637623683,0.3349240357725468,1.8084503093651056,28,True
2018-09-02,2018-09-08,0.12350274804099412,-0.7534615294291422,1.1742307727153485,0.1925274702198394,-1.0088461568722358,1.8757692346206079,0.8520254078332457,0.0945629925017154,1.8825480848586498,28,True
2018-09-09,2018-09-15,0.06137362612759347,-1.1938461559609725,1.0173076895567088,-0.10186813264358584,-1.2857692287518427,0.9553846115103135,0.7534671518555092,0.09967550993649729,1.3090473734047339,28,True
2018-09-16,2018-09-22,0.08186813059088949,-1.0534615407769496,0.9361538354020852,-0.2805494499484916,-1.4746153904841497,0.6757692244763558,0.7282400405409742,0.18156453772835734,1.4766404536486835,28,True
2018-09-23,2018-09-29,0.029189560199054054,-0.9673077005606431,0.7815384592574376,-0.15657967079308005,-0.7946153847643962,0.5830769232259347,0.6046412216054824,0.13661373718069988,1.0655629614426598,28,True
2018-09-30,2018-10-06,0.18855769173651524,-0.9911538568826822,0.9919230800408584,-0.0278846159817876,-1.283846153662755,1.0534615316070044,0.7468436165605775,0.20827020567838897,1.324343590218253,28,True
2018-10-07,2018-10-13,-0.17603022002379645,-1.1080769277535951,0.9488461567805364,-0.37173076943432976,-1.7584615510243635,0.6150000031607655,0.7957711315216238,0.08899920297019484,1.7589340966851625,28,True
2018-10-14,2018-10-20,0.1606318685661101,-0.7415384627305545,1.1592307801430042,-0.5704532955686183,-1.4249999935810382,0.37846153430067575,0.8260308572443353,0.2091165547096123,1.4546713611147224,28,True
2018-10-21,2018-10-27,0.11967033010160368,-0.7246153893379065,1.2519230842590332,-0.16173076962509736,-1.3230769253837376,0.938076929977307,0.6467251236536159,0.13106979217426923,1.4076058249288996,28,True
2018-10-28,2018-11-03,0.12350274740134949,-0.9838461532042577,1.2603846215284789,-0.5459065932453007,-1.5715384575036855,0.20538461602364594,0.8021440996402835,0.13434147692188422,1.6362942013841548,28,True
2018-11-04,2018-11-10,-0.226771976658051,-0.9850000074276557,0.8719230729800004,-0.33887362546430755,-1.6823076880895174,0.7969230760175449,0.8393798382008498,0.29728679623699505,1.8600377289395735,28,True
2018-11-11,2018-11-17,-0.0995054947427259,-0.8138461537086047,0.46115384637736356,-0.44771978013974795,-1.9865384514515216,0.7219230727507517,0.8558540458187532,0.28920621625299464,2.000480479775649,28,True
2018-11-18,2018-11-24,-0.09353022059876022,-0.9023076949211267,0.5207692282990768,-0.4008928549649951,-1.9823076725006104,0.9399999999083005,0.7905114041972717,0.2047151276686625,2.153990262693391,28,True
2018-11-25,2018-12-01,-0.45820054841473457,-1.4496153782193477,0.5357692314741703,-0.7139285715184288,-3.0030769293124857,0.6573076931616435,1.22186264653061,0.29309231686182935,3.031405859599738,28,True
2018-12-02,2018-12-08,-0.4560576916907678,-1.2519230819665468,0.4561538462742017,-0.5715521951820087,-2.032307689006512,0.8380769250484613,1.0398591732237064,0.27388126320786876,2.0932786173878273,28,True
2018-12-09,2018-12-15,0.24215659277595497,-0.7061538488532488,1.1796153772335787,-0.19763736181974328,-1.5457692217941468,0.7576923052278849,0.6742050712430709,0.09007721977227792,1.5812472048599073,28,True
2018-12-16,2018-12-22,-0.04561813233246269,-0.7107692270611341,0.728461538369839,0.08045329596171832,-1.3996153794802153,0.6742307650498472,0.5352290964823212,0.10049066421081652,1.4045549791008214,28,True
2018-12-23,2018-12-29,-0.10744505627387826,-0.879230776658425,0.8665384617275916,-0.1290934072669268,-1.1384615309249897,0.7546153825062972,0.5888114474581357,0.0719652304214653,1.2241113810975075,28,True
2018-12-30,2019-01-05,0.17623626210491408,-0.6938461604026648,1.2469230752724867,-0.0617445044188791,-2.0926922880686245,0.6734615386678622,0.6986310744395954,0.0536328170117425,2.095441708440142,28,True
2019-01-06,2019-01-12,-0.6464697793944852,-1.852307678343585,0.063076920950642,-0.4090384599716904,-1.8657692212324877,0.9269230709626124,1.0340070344245018,0.20451776163172633,2.347938694914423,28,True
2019-01-13,2019-01-19,0.11767857166129972,-0.5219230755017354,0.9742307622845356,0.2810027466749179,-0.706923076739678,0.9946153775717204,0.6203604489843281,0.28013627236243904,1.2190010653993315,28,True
2019-01-20,2019-01-26,0.2589148354491444,-0.5892307670930257,1.0938461560469408,0.10335164876900368,-1.0915384476001446,0.8996153794802152,0.6168021140501175,0.19790208803972398,1.1604184492734284,28,True
2019-01-27,2019-02-02,-0.30758241751835075,-1.1200000079205403,0.3888461498830181,-0.05561813125949721,-1.0576923053998213,0.6284615374528445,0.5796540960319169,0.18305187656228686,1.279970018426195,28,True
2019-02-03,2019-02-09,0.18214285655131376,-0.8480769200966909,1.3123076947835774,0.40752747331766387,-0.7384615357105548,1.247692306454365,0.8085852793627168,0.26908677695845695,1.5047511074590343,28,True
2019-02-10,2019-02-16,0.011167583014856984,-0.9069230671112354,0.7338461509834115,0.06752747250720857,-0.8738461568091924,0.7684615371892085,0.5458951576189444,0.09286450727011349,0.9189941668202339,28,True
2019-02-17,2019-02-23,0.2658241751225113,-0.5803846155221646,1.366538453560609,0.08325549356823604,-0.8384615419289241,0.8465384554404479,0.6527483578787147,0.05912828128909266,1.3687017588945707,28,True
2019-02-24,2019-03-02,-0.31249999992068406,-1.100384608627512,0.45923077114499533,0.10107142781675026,-1.6096153924098382,0.8611538414485179,0.7411824834277827,0.18694246421358898,1.6591589584954134,28,True
2019-03-03,2019-03-09,-0.01026098935475962,-0.6426923061506107,0.9492307649208949,-0.364986263415111,-1.5600000000916994,0.6684615382781396,0.7099542303611622,0.15621635623657906,1.6011728310269144,28,True
2019-03-10,2019-03-16,0.2742719781139845,-0.9223076884563153,1.3315384617218604,-0.10104395621865578,-0.8730769272033985,0.6703846099284979,0.6781895049589216,0.09965102025570062,1.3927797760353933,28,True
2019-03-17,2019-03-23,-0.009574175436192987,-0.6234615420779357,0.7680769247504381,0.14467033027968074,-1.053461529314518,0.9011538372589991,0.5783897637556911,0.10847245110581978,1.0686640636361115,28,True
2019-03-24,2019-03-30,0.30155219688018847,-0.838076922755975,1.4326923214472258,0.4287225264022229,-0.8865384570537851,1.3684615389658854,0.8593568485428786,0.27703469813952436,1.981235541666543,28,True
2019-03-31,2019-04-06,-0.014134615352684319,-0.708846156198818,0.8469230776939255,-0.4057829676062933,-1.836538470708407,0.3076923109161166,0.6857170260641909,0.09900764539384455,1.908945819958018,28,True
2019-04-07,2019-04-13,-0.11248626312046506,-1.1388461612738097,0.9588461609987112,0.2770604395594161,-0.5211538414542491,1.5496153785632207,0.7946010738464232,0.12250407452853539,1.573827442776245,28,True
2019-04-14,2019-04-20,0.11843406528254952,-0.6461538489048297,0.8373076869891241,-0.14291208708188036,-0.9130769268824503,0.6611538502172782,0.5694840577141388,0.04245603759832381,1.0990453074664872,28,True
2019-04-21,2019-04-27,-0.1543543953909078,-1.1311538437238107,0.8692307682851186,-0.24745879034450338,-1.3561538457870483,0.9519230723381042,0.8498086658377321,0.1671002224761139,1.3572686739812485,28,True
2019-04-28,2019-05-04,0.15659340555718232,-0.9738461570097849,1.429230767946977,-0.3357554940368653,-1.6846153759039366,0.6442307657203995,0.7339683336539035,0.16877429382573134,1.7472050730539979,28,True
2019-05-05,2019-05-11,0.11222527463470104,-1.1965384597245317,0.8630769225553825,-0.38811813172587495,-1.1238461549465473,0.540384617060996,0.7515088960473336,0.28972798699170266,1.3802732101101198,28,True
2019-05-12,2019-05-18,-0.16322802128730812,-0.9034615296583909,0.5596153835694377,0.3979395607353321,-0.8557692330617171,1.737692301089947,0.8453956487204884,0.053776050522409184,1.7714596672864962,28,True
2019-05-19,2019-05-25,-0.13765109998204714,-0.7973077022112333,0.6242307682450001,-0.210920329374558,-0.8807692352968913,0.5261538464289445,0.539063952946859,0.1072525368735176,1.0195161453888115,28,True
2019-05-26,2019-06-01,-0.18229395540809815,-1.3042307587770314,0.8542307735635684,-0.10792582399713305,-1.2603846146510198,1.0280769192255461,0.6585336935728137,0.13402397537931726,1.4032277222089546,28,True
2019-06-02,2019-06-08,-0.08737637340039998,-0.7926923105349908,0.8138461548548478,-0.11809065845375369,-0.7576923072338104,1.1388461561157153,0.7001447612560153,0.07892491588698297,1.2073054874909828,28,True
2019-06-09,2019-06-15,0.058186813173201554,-0.7046153820477999,0.720384616118211,-0.32379120829320707,-1.1723076884563153,0.9226923103515918,0.6141771330049324,0.052001364589450726,1.2537709352380475,28,True
2019-06-16,2019-06-22,0.3836950547200023,-0.6257692212238908,1.1234615330512707,-0.059656593221966384,-0.9211538537190511,0.7565384621803577,0.7012210193191104,0.2475357872537168,1.3298318696560545,28,True
2019-06-23,2019-06-29,0.21142857192227474,-0.8565384671092033,1.1350000088031476,-0.25515109813608394,-1.3526923061133578,0.7219230885832355,0.7356824771559368,0.21635837383080983,1.3542347000009118,28,True
2019-06-30,2019-07-06,0.012142855382350435,-0.8823076968009655,1.0153846075901618,-0.4487362645980953,-1.7457692348040068,0.5869230748369143,0.8066654359541879,0.19147898343571268,1.7458439700997443,28,True
2019-07-07,2019-07-13,0.13234889992400187,-0.7107692366609206,1.09730768432984,0.22383241711317428,-0.6842307677635779,1.6330769199591417,0.7369039171371626,0.17367119516958618,1.6532832640406445,28,True
2019-07-14,2019-07-20,0.3625412084965629,-0.6961538480021633,1.1688461498572276,-0.0673489005632371,-0.8665384558530954,0.7984615385245818,0.7289109747498997,0.2813063919676505,1.1895126631792,28,True
2019-07-21,2019-07-27,0.005247253612461656,-0.9619230834337381,0.7876923072796601,-0.36875000006038244,-1.0996153916303928,0.7815384638424103,0.7111934300625199,0.07472335283240936,1.1159750496486778,28,True
2019-07-28,2019-08-03,0.1486813181750272,-1.1296153819331756,0.9057692381051871,-0.09747252770146907,-1.1738461473813424,1.4269230721088557,0.7874204765644527,0.24651806123648126,1.5162331120211365,28,True
2019-08-04,2019-08-10,0.21796703350648367,-0.8534615406623254,1.0838461552674954,0.2609203302603379,-0.8611538478961358,2.030384604747479,0.8337089602791844,0.07616646891899939,2.0304428899983047,28,True
2019-08-11,2019-08-17,0.6310989023570054,-0.69038461922453,1.1730769345393548,-0.23435439635324037,-1.2365384663526828,1.502692306270966,1.04028203584154,0.44457711740280553,1.8698043550872767,28,True
2019-08-18,2019-08-24,0.39776098947450106,-0.7657692327808875,1.3596153944157636,0.06219780132696441,-0.7788461532730323,1.5088461568722358,0.8560992669287095,0.3666191743386345,1.7511893733921626,28,True
2019-08-25,2019-08-31,0.20116758251890213,-0.7934615349826905,1.0965384666163187,0.003502748315580762,-1.0676922981555645,1.0865384621115832,0.761639130962927,0.126122181568516,1.3375222703508003,28,True
2019-09-01,2019-09-07,0.14885988937189373,-0.9626923100306437,1.2480769272033985,0.012046703633821602,-0.688461535037137,1.2976923080591054,0.704286126694481,0.2714093151658019,1.3272847320528427,28,True
2019-09-08,2019-09-14,-0.08864010955145644,-1.3188461606892257,0.906923078573667,0.008804944576695561,-1.2473076925827906,1.1157692286830683,0.7190840801889964,0.06360008166235678,1.318945086858495,28,True
2019-09-15,2019-09-21,0.06146978100782241,-1.1015384472333467,1.416538453159424,-0.27798076876654076,-0.8649999923430957,0.653846147398536,0.6973491224710378,0.11781541878876987,1.4539475365234238,28,True
2019-09-22,2019-09-28,0.18189560391448928,-0.9619230777025223,0.9284615454335625,0.16864010970016102,-0.7584615372694455,1.1049999909905286,0.7324459772073998,0.1743258337031811,1.2918571146991717,28,True
2019-09-29,2019-10-05,-0.032266484279246936,-1.0642307698726654,0.8792307674884796,-0.3738324169970148,-1.2361538433111632,0.7934615382781396,0.7475125185802349,0.09884016313511695,1.4089926731687474,28,True
2019-10-06,2019-10-12,0.12182692228304734,-1.055769233749463,1.1330769268366008,0.311359890460313,-1.1592307732655451,1.88576923425381,0.839154751603339,0.043787070617397644,1.9051093358440356,28,True
2019-10-13,2019-10-19,0.18428571377932043,-1.2407692281099467,1.5203846051142766,0.008983515650750364,-1.0061538460162969,0.9246153865869229,0.7656877366674674,0.2849667834942577,1.5268167367484968,28,True
2019-10-20,2019-10-26,-0.025796703423711133,-0.9492307740908402,0.9173076909322005,-0.20813186755045673,-1.0142307659754386,0.7707692325974886,0.7503002668706905,0.15915131662243467,1.1422316048452048,28,True
2019-10-27,2019-11-02,0.1857280228977798,-0.8523076921701431,1.1569230751349375,-0.2768681313878355,-1.213076917024759,0.9330769164057878,0.7393403448827501,0.14888143365201595,1.2656965302792185,28,True
2019-11-03,2019-11-09,0.1823626375772509,-0.6738461513931935,0.8657692258174603,-0.29991758217942993,-1.0934615341516642,0.5015384615757145,0.5949994424788292,0.12420457015921228,1.1068349338374843,28,True
2019-11-10,2019-11-16,-0.19115384603379765,-1.121538461687473,0.943076918904598,-0.2680082408926235,-1.4673076822207525,1.459615381864401,0.839184526337647,0.06492257638230232,1.609106200492474,28,True
2019-11-17,2019-11-23,0.2920879114235004,-1.0392307753746326,1.7169230534480169,-0.4338324181965788,-1.6857692370047936,0.8423076868057251,0.8839737554690622,0.2962217725507315,1.7909153196909724,28,True
2019-11-24,2019-11-30,0.07767857153193801,-0.9669230740803939,1.0934615332919817,-0.37973901049162334,-1.4938461482524872,0.9823076793780694,0.7802911045985249,0.15995607508885984,1.6040496031114015,28,True
2019-12-01,2019-12-07,0.024725273880943817,-1.4046153884667616,0.9011538464289445,-0.13913461549084755,-0.8942307706635731,0.8215384623752191,0.682787097967043,0.25137639059852185,1.5405336536078273,28,True
2019-12-08,2019-12-14,-0.5770329662961987,-1.221538470341609,-0.059230768193419166,-0.6267032975632861,-2.1846153919513407,0.5207692315945258,1.000137071944914,0.21708293268440343,2.2022909066338734,28,True
2019-12-15,2019-12-21,0.010824176759182751,-0.8361538430819144,0.8542307695517173,-0.04549450562898439,-0.9661538489162922,0.7980769156263425,0.574400150916614,0.17134518322116904,1.0571956800108115,28,True
2019-12-22,2019-12-28,0.24120879003900914,-0.5888461489230394,1.0569230684867272,-0.006717033904291443,-0.9923076944855543,0.6134615348508725,0.6296769365732754,0.35543560330311574,1.1538692940002913,28,True
2019-12-29,2020-01-04,-0.3467857142127436,-0.8796153825062972,0.7573076942219183,-0.07868131798190567,-1.545384624829659,0.9242307635454031,0.7786476909094204,0.1988026265629195,1.658638184408548,28,True
2020-01-05,2020-01-11,-0.32593406611224535,-1.0230769217014313,0.6507692319842485,-0.7879945053156098,-2.5607692370047936,1.0403846161296735,1.136661108198558,0.26080440019769885,2.742573976901321,28,True
2020-01-12,2020-01-18,0.017623626000176255,-0.8780769207156621,0.9238461576975309,0.07660714362410234,-0.694230758656676,0.7792307700102146,0.5771306379902917,0.11622514587252611,1.1193638483346349,28,True
2020-01-19,2020-01-25,0.008791209249706064,-1.0265384591542757,0.961153846520644,-0.14853021939755878,-1.6969230725215032,1.1653846066731672,0.8469050666886516,0.12890354908571258,1.9517399647126825,28,True
2020-01-26,2020-02-01,-0.13512362625736457,-1.064230774457638,0.8034615459350439,-0.15105769077602488,-1.6930769269283001,0.7300000004470348,0.8264445963261666,0.20521095663434344,1.972172447112697,28,True
2020-02-02,2020-02-08,-0.18188186720586738,-1.546923082608443,0.9303846127138689,-0.05074175760907294,-2.0880769216097317,0.8257692318696243,0.8168471365379565,0.023140938472635535,2.157157651908964,28,True
2020-02-09,2020-02-15,-0.4974862630760481,-1.3861538355167096,0.38692308074006665,0.12942307729755048,-1.220769233428515,1.0134615370860467,0.7610777903483062,0.25199088484147364,1.522763018193052,28,True
2020-02-16,2020-02-22,-0.13053571500119518,-1.1553846182874763,0.6338461477022904,0.025879120088315433,-1.4503846076818614,0.6934615362149018,0.6034782185518098,0.17690468102123352,1.4760819849279048,28,True
2020-02-23,2020-02-29,-0.2186813199007372,-1.0496153900256524,0.9299999956901257,0.17300824291881295,-1.1892307607027202,1.3169230715586588,0.8317054081929812,0.1639643867552357,1.6121992334656179,28,True
2020-03-01,2020-03-07,0.24252747277892964,-0.41615384444594383,1.232692301273346,0.2816346157751568,-0.9126923084259033,1.0434615416452289,0.6441466700167316,0.11631675148282071,1.2727806355098201,28,True
2020-03-08,2020-03-14,0.1244093403680721,-1.054615387549767,0.9934615362435579,-0.12949175877076993,-1.279615397636707,0.7919230759143829,0.6963859753116185,0.11262599704303064,1.350054251854265,28,True
2020-03-15,2020-03-21,-0.04398351775707452,-0.9684615496259469,0.8407692284538195,-0.2959615382529631,-1.720769223685448,1.0826923127214496,0.9408374568909453,0.35854158846574563,1.9575091919406415,28,True
2020-03-22,2020-03-28,-0.07846153822502346,-0.851923074071797,0.6165384591485445,-0.13241758165563774,-1.724230747956496,0.9469230771064758,0.660926265542945,0.2191622680070658,1.7554537789455518,28,True
2020-03-29,2020-04-04,0.2286675813746035,-0.7753846218379644,1.0230769117434437,0.3068681309296453,-0.6476923043911273,1.0326922978632724,0.7109678129838591,0.23499842374190014,1.08673076100695,28,True
2020-04-05,2020-04-11,0.36208791212577907,-0.5103846233194838,0.8457692311360285,0.15570054997198773,-0.544230770606261,1.524230766754884,0.6734973357633728,0.13445704737263459,1.7311676854310452,28,True
2020-04-12,2020-04-18,-0.07666208948888868,-1.1853846219869761,1.1476923043911273,0.04879120773390181,-1.7676923045745263,1.7823076821290529,1.0762890762811428,0.16213443134233077,1.7903967923188888,28,True
2020-04-19,2020-04-25,0.0323351655375458,-0.9850000051351694,0.8557692321303946,-0.13885989150155215,-1.2080769309630761,1.5007692231581762,0.8010815403612664,0.06998097934444383,1.7276137415058497,28,True
2020-04-26,2020-05-02,0.065837911721626,-0.9276923067294635,1.0796153877790158,0.1458791208013401,-1.3576923104432912,0.9438461568206549,0.7147232132623692,0.13003470295134306,1.5014681725504277,28,True
2020-05-03,2020-05-09,0.2443818687870689,-0.8273076930871377,1.1630769280286937,0.16385988912616783,-1.0542307725319495,2.0011538338775816,0.830374136425445,0.1593552100825344,2.0011671767304016,28,True
2020-05-10,2020-05-16,-0.22655219730286563,-1.004999999816601,0.4038461565684814,-0.14168955948828096,-0.9792307652533054,1.456153846704043,0.8080259054455682,0.21800907524793114,1.4584349645667283,28,True
2020-05-17,2020-05-23,0.3221153837249993,-0.6007692338182375,0.8815384564491419,-0.189890109811101,-1.0280769192255461,1.0065384530104124,0.6933067290139423,0.0880668439202715,1.0826808896839508,28,True
2020-05-24,2020-05-30,0.02307692272742125,-0.8569230689452245,0.7676923074401342,-0.05798076970277578,-0.8419230809578528,1.4919230617009676,0.8099555336545682,0.27778950772364175,1.5081689152539517,28,True
2020-05-31,2020-06-06,-0.06309065958075635,-0.868461546416466,0.4311538500568041,-0.16173076967115177,-0.7019230729112258,0.5834615340886208,0.46844637818865104,0.09472788415446519,0.9689142554383349,28,True
2020-06-07,2020-06-13,-0.09847527490621741,-0.9915384581455817,0.7753846143873838,-0.1269368123989757,-0.9349999995185778,0.7692307715232556,0.6970493348330395,0.10592645695047932,1.34895137482685,28,True
2020-06-14,2020-06-20,-0.028681318035124092,-1.07423076678354,0.7438461578522737,-0.127939560010538,-1.0311538496842751,0.9626923100306437,0.7158718606910135,0.12809309182723808,1.2209905958908582,28,True
2020-06-21,2020-06-27,0.3067994500116374,-0.7373076877914942,1.0396153835149913,-0.5683791207707395,-1.686538462455456,0.4607692282073773,0.9140848652366185,0.13976840584409536,1.7578962187302172,28,True
2020-06-28,2020-07-04,0.15244505443907047,-0.7284615386563998,1.1396153913094447,-0.054175823545697464,-0.8165384657824268,0.7461538528307126,0.5883477760290489,0.018731992724887295,1.1522821519933029,28,True
2020-07-05,2020-07-11,0.08052197798503215,-0.4476923043481432,0.6973076891870453,-0.4201236247049215,-1.2007692272846515,1.0484615420349515,0.7319313123698968,0.21476731380407701,1.21625412841202,28,True
2020-07-12,2020-07-18,0.29759615350637464,-0.9149999985328088,1.3161538552779417,0.14375000012332348,-1.1676923082425044,1.5207692407644713,0.812088759295681,0.19842650041335463,1.6255706883593846,28,True
2020-07-19,2020-07-25,0.12820055008517925,-0.9896153830564939,1.2119230845799813,-0.5478434065832747,-0.997692306454365,0.32769230753183365,0.8047900113675224,0.2403415322079199,1.2364394707599375,28,True
2020-07-26,2020-08-01,0.3978708796049622,-0.5138461565455565,1.2157692244419684,0.21662087844439096,-0.8169230818748474,1.590769221003239,0.7719492056138453,0.19226769026186766,1.5910377595344,28,True
2020-08-02,2020-08-08,0.5452884607334304,-0.26807692181319,1.2788461584311266,0.0895741778057437,-1.2292307706979604,1.7384615425880139,0.8896602161888741,0.3229012753644454,1.742731698141814,28,True
2020-08-09,2020-08-15,0.25700549387813104,-0.899230773632343,0.854230781014149,-0.44912088002784406,-1.0749999995415027,0.36730769283782977,0.7803173236856927,0.5068444292651071,1.0972036801993355,28,True
2020-08-16,2020-08-22,0.12385988989486717,-1.1057692301961093,0.9576923033365836,-0.1149313195434573,-1.1426923217681737,1.862307676902184,0.9584314000581079,0.2526560083950929,1.8624412786764342,28,True
2020-08-23,2020-08-29,0.018049449798047217,-1.1861538485838816,0.9038461564968412,-0.32228021863796796,-1.7307692170143127,0.8988461540295527,0.7784530034938993,0.19141678128716352,1.744743952726431,28,True
2020-08-30,2020-09-05,0.10138736154300744,-0.8430769317425214,0.9915384592918249,0.07450549358983043,-0.8799999929391421,1.5023076803638384,0.617941049092732,0.058024680456669725,1.5104811211011684,28,True
2020-09-06,2020-09-12,0.12957417725452355,-1.2807692254965122,0.9861538570660812,0.04418956058785565,-1.0665384576154442,0.9915384501218796,0.7432060228476829,0.21519393848960927,1.3102836831585303,28,True
2020-09-13,2020-09-19,0.27226648286783267,-0.7253846185854994,0.9815384642435954,-0.010645604654020821,-0.7180769244352212,1.0584615400204291,0.6271261817405976,0.09188766695494682,1.4427386533982614,28,True
2020-09-20,2020-09-26,0.3890384611479201,-0.7676923042879655,1.3165384462246528,0.017541207928353765,-1.1569230728424513,1.2588461520007024,0.8805383144246418,0.09622766466274564,1.4744643462864546,28,True
2020-09-27,2020-10-03,0.10695054987701329,-0.8496153778754748,1.4992307676718786,-0.06111263740388164,-1.6450000015588908,1.1269230796740606,0.7590469880149557,0.046463700148843004,1.87553952830541,28,True
2020-10-04,2020-10-10,0.4376785711354607,-0.8361538359178946,1.4553846166684077,-0.2526648350310727,-1.1265384646562429,0.5976923081594018,0.7962866186081321,0.20653882388855024,1.4913146987985577,28,True
2020-10-11,2020-10-17,0.18443681322201924,-0.9188461573078082,1.1099999994039536,-0.09398351515807048,-1.2592307604276216,0.8549999990142308,0.587293958010849,0.0746272818412089,1.2601190919361178,28,True
2020-10-18,2020-10-24,0.15837912148141026,-0.8196153869995704,1.111538474376385,-0.029752748800891935,-1.4123077048705175,0.6961538401933817,0.6477896688580372,0.10898129815869097,1.5905224229492982,28,True
2020-10-25,2020-10-31,-0.29972527408716526,-1.3388461562303395,0.8711538481740997,-0.5024862645531667,-2.056538462638855,1.8711538246044745,1.0834876441595551,0.43258084417511355,2.109904967028905,28,True
2020-11-01,2020-11-07,-0.0020054945425427217,-0.9769230760060824,1.055769225725761,0.169340659820751,-1.2065384708918059,1.8315384708918059,0.9848650443355905,0.25320314351457024,1.8904997714308445,28,True
2020-11-08,2020-11-14,0.06296703180779223,-0.6792307737498329,1.332692301617219,-0.19630494603252674,-1.219230755017354,0.5715384619453778,0.6596860787600818,0.1947829167075664,1.3731267444660566,28,True
2020-11-15,2020-11-21,-0.06618131900840736,-1.0446153913552945,0.8261538463143202,-0.43769230746797155,-2.170384622537173,0.6630769283868946,0.8197928095065067,0.20735371218929724,2.2016969388927627,28,True
2020-11-22,2020-11-28,0.21374999997871263,-1.093076921426333,1.269999996544077,-0.11160714251173476,-1.4757692240751707,0.7115384582430124,0.8253608434697465,0.3711211624069795,1.4761485283781197,28,True
2020-11-29,2020-12-05,-0.002129121550491876,-0.7819230728424512,0.7296153831367309,-0.45383241753974046,-1.8273076896484082,0.4996153852687432,0.7019225955901085,0.04476434280740433,1.9818714628614071,28,True
2020-12-06,2020-12-12,0.09461538507705451,-1.0603846231332192,1.18692307976576,-0.17410714348911174,-1.6257692323281214,0.7046153854865295,0.7254051124779188,0.05262489019803846,1.6381661904069285,28,True
2020-12-13,2020-12-19,0.049725274478627755,-1.0907692313194275,0.953076924269016,-0.14789835233394832,-0.8684615469895877,0.42307692343512404,0.5601637420525166,0.006933755568340028,1.2428670472056502,28,True
2020-12-20,2020-12-26,-0.5022252730073428,-1.122307689144061,0.26269230547432715,-0.6639835156147255,-2.6515384637392483,0.24269231050633466,0.967675553050186,0.1363080394175371,2.6654060407667677,28,True
2020-12-27,2021-01-02,-0.18462912050065597,-0.8938461530667084,0.9080769190421472,-0.5660027473254109,-2.376153834737264,0.7265384652866766,0.9744604307351385,0.1617599231004579,2.3878220568708803,28,True
2021-01-03,2021-01-09,-0.1734478030696634,-1.4046153884667616,0.7126923100306437,-0.17620878861347153,-2.259230760427622,1.1703846190984433,0.8767763741700213,0.06731208697137453,2.6602759289930815,28,True
2021-01-10,2021-01-16,0.11895604356151114,-0.7426923148047465,0.9923077007898917,-0.6671153843494971,-2.059615378196423,0.5292307659983635,0.9133749684376394,0.11933555932576569,2.085641985350968,28,True
2021-01-17,2021-01-23,-0.23472527563213733,-1.2742307690473704,1.03961539039245,-0.12162087966718681,-2.26076923425381,1.0603846162557602,0.9317173449122065,0.08067118274956443,2.2960840439222157,28,True
2021-01-24,2021-01-30,0.17031593439885628,-1.3119230751807873,1.2707692321676474,-0.2026785704982723,-1.6723076761342013,0.5723076934138169,0.7252659082227944,0.19812920061972922,1.9275013581312719,28,True
2021-01-31,2021-02-06,-0.09321428449302503,-0.8357692257716105,0.8711538470994967,-0.19063186864777992,-1.2423077012913732,0.44576923147990155,0.5625965054391266,0.25560347061549327,1.4188306784596427,28,True
2021-02-07,2021-02-13,-0.0710576918298522,-0.9761538413854746,0.8434615450409743,-0.1689148337099251,-1.2730769106688409,0.7792307705833361,0.6406663124276335,0.009514853363271408,1.276790353962315,28,True
2021-02-14,2021-02-20,-0.3356318690604274,-1.2799999920221476,0.5496153873033248,-0.28982142748945694,-2.1603846045640798,0.6069230773987678,0.9365988054251873,0.08139410578646289,2.163402483855724,28,True
2021-02-21,2021-02-27,-0.05946428622221472,-1.0600000069691584,1.3026922998520045,0.11928571402453458,-1.0557692348957062,1.0203846188691945,0.700528250219231,0.15376584059278064,1.3028458190489667,28,True
2021-02-28,2021-03-06,-0.18396977932386838,-1.2942307614363158,0.5650000004814222,0.034945054534965984,-0.5249999983666035,0.6126923036689942,0.5798195094975219,0.10730837733229451,1.3120304094676463,28,True
2021-03-07,2021-03-13,0.044890109928079194,-0.8165384596930101,0.761538463143202,-0.2671978020027362,-1.1738461445157344,0.9196153879165649,0.6863166993441314,0.06289490930973382,1.3083761192871384,28,True
2021-03-14,2021-03-20,-0.34388736171832124,-1.107307690840501,0.5253846117366965,-0.6831318684904785,-2.0376923175958486,0.2953846140119892,0.9810523869383097,0.14242614027531963,2.183117488207445,28,True
2021-03-21,2021-03-27,-0.10755494494594961,-1.0703846193276918,0.9249999998853757,0.007335165078025103,-1.4642307632244551,0.915384618135599,0.7020333784432337,0.10184467386542108,1.5106331633623462,28,True
2021-03-28,2021-04-03,0.23659340546026336,-0.6707692259492782,1.0253846123814583,-0.04685439517629426,-0.8973076908061137,0.821153835608409,0.7379410941998099,0.24770096571662295,1.2809113338084512,28,True
2021-04-04,2021-04-10,0.20902472608313374,-0.9411538403767806,1.0469230814622,-0.16045329631510916,-1.1526922984765127,0.8323076934052202,0.7206999429826727,0.03509286383744542,1.3517961391113213,28,True
2021-04-11,2021-04-17,0.21995879255828785,-1.0542307587770314,1.3234615486401777,-0.06483516509511641,-0.949615377216385,1.1565384578246336,0.7329853016217447,0.20000924134352377,1.3914452384849259,28,True
2021-04-18,2021-04-24,0.06048076899957607,-0.669999999495653,0.8280769252003386,-0.29101648411437214,-1.4161538573411794,0.4576923100707623,0.602310857882789,0.1882907394489496,1.4440937260218654,28,True
2021-04-25,2021-05-01,0.08607142930594529,-0.8742307607944195,0.6803846089885786,0.3251511000357773,-0.8480769235354203,1.5334615478148828,0.7486379630772164,0.029854182231867768,1.6104324358726947,28,True
2021-05-02,2021-05-08,-0.22608516405971085,-1.2538461570556347,0.8146153843173614,0.16527472512161995,-0.9803846226288722,1.8030769206010377,0.7996702386377096,0.029645338276853523,1.809826070307428,28,True
2021-05-09,2021-05-15,0.28181318576693287,-0.4496153842371244,1.0934615367307112,-0.05914835163371658,-0.762692311921945,1.2115384638309479,0.6395010249154635,0.0923693715873936,1.2309408558535317,28,True
2021-05-16,2021-05-22,0.18813186837616122,-0.6396153855782288,1.1023076956088727,-0.290247251407581,-1.1696153661379447,0.5619230751807873,0.6337651380042678,0.1143524364367911,1.1742163890227615,28,True
2021-05-23,2021-05-29,0.02480769189647757,-1.0450000052268689,0.8199999928474426,-0.1932554941823972,-1.0280769215180323,0.8661538563095607,0.666347523285407,0.15377546223938457,1.3306943688642543,28,True
2021-05-30,2021-06-05,-0.06365384722312728,-0.9365384647479424,0.6726923037606937,-0.15035714220337487,-1.0688461523789625,0.5103846203822356,0.563354434434396,0.0459112209027985,1.1485448693878935,28,True
2021-06-06,2021-06-12,0.26784340579543714,-0.9511538474605634,1.0961538507388189,-0.12438186734229081,-0.8169230772898748,1.1919230830210905,0.7494372727976335,0.13208500570490164,1.2043684108185357,28,True
2021-06-13,2021-06-19,0.1393406589152189,-0.88346153526352,0.681153845328551,-0.15409340694863963,-0.9950000082071011,1.2915384637621732,0.7101692040733633,0.22510024199389794,1.3057771064091779,28,True
2021-06-20,2021-06-26,0.14175824196190462,-0.5469230803159567,1.3546153925932372,-0.05965659321684923,-0.785384611154978,0.8207692257486857,0.6781503994525947,0.13339668039191185,1.3664715689051359,28,True
2021-06-27,2021-07-03,0.03692307565770634,-1.092307694327946,1.181923074217943,0.3339560443822008,-0.9703846155450895,1.997692305308122,0.9386839061999057,0.252721574382215,2.074698663783777,28,True
2021-07-04,2021-07-10,-0.04326923038544399,-1.1742307681303759,1.0061538517475128,-0.07049450561260948,-0.7784615457057953,1.5669230749973884,0.6699468219104076,0.18862395244252272,1.5866807370885185,28,True
2021-07-11,2021-07-17,0.40037088025269185,-0.36230769610175717,1.0346153928683355,-0.4783928577588605,-1.0949999965154207,0.0023076913964289883,0.7329083385032857,0.10126419609710514,1.1267911416284921,28,True
2021-07-18,2021-07-24,0.5249999991111498,-0.16153846308588982,1.428076913723579,-0.3300549444476409,-1.4961538498218243,0.8384615421438446,0.8148092506306339,0.19941334207814526,1.663062160700657,28,True
2021-07-25,2021-07-31,0.07920329768087839,-0.5073076889205438,0.9465384749122537,0.051140110297537934,-0.9084615386449374,1.6823076972594628,0.786630268355094,0.27007833664846687,1.6835481389433622,28,True
2021-08-01,2021-08-07,0.5838461541289279,-0.40346153495976556,1.2711538489048297,-0.14212912014572993,-1.1907692276514494,1.8123077062460093,0.9690345913304469,0.39200233133216755,1.860860824350583,28,True
2021-08-08,2021-08-14,0.2116758240397078,-0.7803846121980593,1.0396153743450458,-0.3842445055949041,-1.0976923062251165,0.4223076877399133,0.7724753045474665,0.22707100963884305,1.1613545420362728,28,True
2021-08-15,2021-08-21,0.18546703293827455,-0.7311538457870483,1.0711538539482997,-0.41725274592197936,-1.2023076942333808,0.49346153903752565,0.6661539767552546,0.06731757612315925,1.272166595579895,28,True
2021-08-22,2021-08-28,0.06864010942281111,-0.612307692806308,1.0353846157399507,-0.7401923076352003,-1.659999994131235,0.7715384597675159,0.9441972066173019,0.1824261243110261,1.6641126723142197,28,True
2021-08-29,2021-09-04,0.09353021957277023,-0.5600000015245035,1.0388461557718425,-0.2743956038349687,-1.2011538377174964,1.5361538431965387,0.8571285196296679,0.3390425528766015,1.614291569925211,28,True
2021-09-05,2021-09-11,-0.010700550296210818,-1.0826922993247325,0.9349999977992132,-0.32119505644448426,-1.2765384637392485,0.7596153892003573,0.757419371887573,0.19083164238089165,1.3753602045018132,28,True
2021-09-12,2021-09-18,0.391153846542443,-0.5373076922618426,1.0476923091337085,-0.21947802291609922,-1.0784615461642926,1.2496153803972097,0.822543949700777,0.27747807993044404,1.4879198435612178,28,True
2021-09-19,2021-09-25,0.32559065960583045,-0.9365384507064636,1.5719230679365306,-0.26546703275180533,-0.9319230696329703,0.8130769140731829,0.7804011698059298,0.05473172868837428,1.7697559717966103,28,True
2021-09-26,2021-10-02,-0.026153845589730766,-0.963076930349836,0.7265384604151433,-0.3460576915704123,-1.4930769170706089,0.6807692267287236,0.7456488155974274,0.20974660663556755,1.6262864678084237,28,True
2021-10-03,2021-10-09,0.0050137378531252335,-0.8484615270908062,0.9973076918663887,-0.2732692300802568,-1.0365384668111801,0.650000002521735,0.7008445422932835,0.1804375114037902,1.1447183847535989,28,True
2021-10-10,2021-10-16,-0.2102197805869874,-1.0369230680740797,0.9869230825167435,-0.6313736249774612,-1.2449999953118653,0.38192307633849293,0.8877652330711533,0.2567044730822462,1.5223897449315615,28,True
2021-10-17,2021-10-23,0.1445192303610863,-0.8338461495362796,1.7815384429234724,-0.2679945044219494,-1.6926923027405372,0.9192307774837201,0.7716539381704657,0.1418693857010574,1.8589231298151172,28,True
2021-10-24,2021-10-30,0.05912087937295028,-0.6430769243205969,1.086538453013278,0.05576923063567296,-1.7761538487214308,1.6430769150073712,0.7648088694399536,0.1321868859922405,1.7761658835225396,28,True
2021-10-31,2021-11-06,-0.22413461487023878,-0.9957692368099322,0.8815384511477672,-0.5181456038134766,-1.563076924532652,0.176923080204198,0.762243038343442,0.0992076568073158,1.8389867682714631,28,True
2021-11-07,2021-11-13,-0.4061126352420875,-1.0999999880217588,0.768461539195134,-0.5690109893362355,-1.8107692278348482,0.5207692314512454,0.9624409225420653,0.23003890565585594,1.983993935591628,28,True
2021-11-14,2021-11-20,-0.7377197805940491,-1.5434615382781396,-0.02115384331689431,-0.7167857128993741,-2.148846135689662,-0.016538459019592174,1.19500667402975,0.45631093871462675,2.1566963451349728,28,True
2021-11-21,2021-11-27,-0.049395604258669276,-1.1100000005501967,0.7969230780234704,-0.36570054949210073,-1.3069230822416453,1.3253846202905362,0.8153067927233357,0.21221012186940122,1.4989225492044087,28,True
2021-11-28,2021-12-04,-0.41359890108815506,-1.0626923120938814,0.552692307302585,-0.5554532970117589,-1.8634615402955275,0.7969230780234704,0.9489254264922666,0.2577258891378685,1.8706171674132748,28,True
2021-12-05,2021-12-11,-0.10212912119075575,-0.9276923067294635,1.1430769218848302,-0.320576923459277,-1.9338461619157057,0.44269230474646276,0.6672784253753921,0.10454324434664677,1.9455494731825518,28,True
2021-12-12,2021-12-18,-0.2818956046933206,-1.327692306958712,0.7261538472599708,-0.742170327486327,-2.997692291553204,0.4203846122209842,1.0592046128953594,0.1710946348730751,3.0029769338403436,28,True
2021-12-19,2021-12-25,-0.29575549295315373,-1.0765384687827184,0.6657692342996597,-0.5791758217792549,-1.823846147610591,0.6242307693912432,0.9204121036014595,0.22437190149738695,1.8403307541325342,28,True
2021-12-26,2022-01-01,-0.24282967007289138,-1.1188461585686758,0.5034615363066013,-0.45092032953155237,-1.9849999913802514,0.81576923152002,0.8803422277932409,0.09806183960933011,1.992006094226367,28,True
2022-01-02,2022-01-08,-0.2719642861828126,-1.0765384641977458,0.84730768798349,-0.7568681294528338,-2.3407692267344546,0.5819230732293084,1.085264312844324,0.23593262132743992,2.341036660040864,28,True
2022-01-09,2022-01-15,-0.12471153667186398,-1.0949999965154207,0.7365384663526828,-0.3596565943380184,-2.2780769283954916,1.3096153773367405,0.8946722907659322,0.09206779372729033,2.280338692068357,28,True
2022-01-16,2022-01-22,-0.20266483513034553,-1.025384607223364,0.7519230713637975,-0.39016483602840657,-1.556923086826618,0.47461538246044743,0.7338614028184924,0.18428857219778064,1.645779666802339,28,True
2022-01-23,2022-01-29,-0.3097527469917723,-1.4169230804993556,0.7353846102666396,-0.19815934074602531,-2.307307678919572,0.8196153829877193,0.7600432581290247,0.12130271258697023,2.307401154155927,28,True
2022-01-30,2022-02-05,-0.3771016487114868,-1.2492307653793921,0.676538459956646,-0.15505494404543232,-2.4030769146405735,1.1230769226184258,0.8752289872540758,0.15509683656503304,2.4740787443100665,28,True
2022-02-06,2022-02-12,-0.1661950548711632,-0.8876923093428979,1.0176923034282832,-0.250782966580508,-1.578461534701861,0.8842307673050807,0.7579535846348654,0.19866305860155228,1.7217611704057003,28,True
2022-02-13,2022-02-19,-0.2661675823043909,-0.9919230748827641,0.7361538493289397,0.08784340629302947,-1.2111538419356713,0.6676923101051495,0.6468019694741581,0.21323099240275512,1.2528128083150487,28,True
2022-02-20,2022-02-26,-0.1534065939230169,-1.126923070504115,0.5969230744701165,0.12487637313788981,-2.2411538454202504,1.243461542404615,0.8253951990276148,0.05390793339923416,2.448925274491664,28,True
2022-02-27,2022-03-05,0.174615384570763,-0.9396153846039221,0.8711538429443653,-0.26982142747594756,-1.2549999895004125,0.5923076956891097,0.6687033868439213,0.11566952042752664,1.2715090174271633,28,True
2022-03-06,2022-03-12,-0.47284340688314,-1.4338461527457604,0.6642307725090247,-0.5097527469017102,-2.6823076835045447,0.4634615427169662,0.922567227457174,0.0802252757024826,3.0414945830514535,28,True
2022-03-13,2022-03-19,-0.06971153903721862,-1.041923070183167,1.187692301777693,-0.2150274730046986,-1.5334615409374237,1.1119230882479594,0.7539416057106744,0.08373316306885156,1.5640264872364846,28,True
2022-03-20,2022-03-26,0.13685439539571795,-0.7449999967446694,1.2396153771819978,-0.2785576909504176,-0.9707692202467185,0.8646153912234765,0.7414235576488374,0.15890249049460453,1.413993101193604,28,True
2022-03-27,2022-04-02,0.11475274720034756,-0.7438461585686758,1.0976923108100891,-0.12508241718399574,-1.4673077028531294,1.7026923149824142,0.7706659142836207,0.04524260427181683,1.8001351927788438,28,True
2022-04-03,2022-04-09,0.024326922919519326,-0.6465384579048707,0.8623076929495885,0.14108516385389883,-0.8384615406394005,1.2438461459600008,0.5798223229734136,0.08189418242477153,1.2438533411168833,28,True
2022-04-10,2022-04-16,0.03328296770648724,-0.8615384629139533,0.8003846246462601,-0.20821428498263458,-1.1769230778400714,0.878461538025966,0.6783669755480587,0.0839730856775906,1.1802549524574883,28,True
2022-04-17,2022-04-23,0.1076785704622475,-0.9623076961590693,0.8007692282016461,-0.13956043955736927,-1.38692307472229,0.8776923034053582,0.6996572037325538,0.3239596443097797,1.4295609547156378,28,True
2022-04-24,2022-04-30,-0.04751373631982031,-0.9592307679928266,0.781538464845373,0.02211538440762805,-1.1292307651959932,1.051538455944795,0.7061748062705682,0.19334680992477987,1.2894874229526825,28,True
2022-05-01,2022-05-07,0.2172115378127853,-0.7188461508888465,1.1734615312172816,-0.08245879230038312,-1.012692310489141,0.803846157514132,0.6650796908257691,0.18695473000963841,1.1754345717752706,28,True
2022-05-08,2022-05-14,0.11655219766352284,-0.6888461572189744,0.6619230760977819,0.46461538430866217,0.08961538576449339,0.8449999965154208,0.5881471399450146,0.18172252974132283,0.94191773016306,28,True
2022-05-15,2022-05-21,-0.23314560482094246,-1.1261538483489018,0.565384610197865,0.1855631857665235,-0.8246153792223105,1.5323076935914846,0.828172363431021,0.30852411245287725,1.5334372297609535,28,True
2022-05-22,2022-05-28,0.374162087370488,-0.5346153819790254,1.1473076870808234,-0.2105631866328582,-0.8707692302190341,0.4130769227273189,0.6952990776384527,0.21543406206903018,1.166023556804327,28,True
2022-05-29,2022-06-04,-0.27456043983533324,-0.9115384610799643,0.5896153814660815,-0.2550961539855452,-1.139230768267925,0.5434615444391966,0.6619303253408961,0.22418062747785275,1.4016354021984816,28,True
2022-06-05,2022-06-11,-0.30192307646099764,-1.1449999946814318,0.28038461678303206,-0.16986263592492093,-1.9634615366275494,1.796538467447345,0.7311324802796937,0.26395742621839535,2.037902170523458,28,True
2022-06-12,2022-06-18,0.05903846105038711,-0.6473076928120393,0.6811538444688687,0.3929258256147687,-0.8873076885938644,1.7696153842485869,0.7202497822542565,0.07530804626910788,1.784252697770428,28,True
2022-06-19,2022-06-25,0.2552060433714599,-1.0011538519309118,1.2250000077944536,-0.10509615318573355,-0.9396153868964086,0.8211538473574015,0.6666979675831284,0.24244928624202597,1.2780019844527872,28,True
2022-06-26,2022-07-02,0.13777472461307688,-0.997307694875277,1.4130769280286937,-0.25030219750120664,-1.100769233245116,0.7480769196095375,0.7846073432073954,0.0319948218937009,1.4872591084253024,28,True
2022-07-03,2022-07-09,0.37666208804124496,-0.4273076947921744,1.0969230784819677,-0.1876510994196716,-0.9653846171612923,0.8403846028332527,0.6846052118111541,0.10579720784479897,1.2327443819084523,28,True
2022-07-10,2022-07-16,-0.08126373648653727,-1.0526923055832202,0.9619230742637928,-0.6327609872998117,-1.4923076996436486,-0.0634615388340675,0.867720110302672,0.25681077753402537,1.4988244480344648,28,True
2022-07-17,2022-07-23,0.33401098908539245,-0.6730769219306799,1.1550000097889166,-0.12131868103764705,-1.1203846152012165,1.1484615322059164,0.8476530743548406,0.025422459201772534,1.4886837970812903,28,True
2022-07-24,2022-07-30,0.11532967026437542,-0.6634615461986798,1.0599999955067267,-0.5022802191765999,-1.156153834783114,0.7361538481826966,0.8036851101994408,0.13451699663590966,1.2783333145372153,28,True
2022-07-31,2022-08-06,0.06282966942424056,-0.9830769243148657,0.7961538434028625,-0.47717032986846597,-1.138076931811296,0.43807692582217544,0.7596081285696245,0.3814820452811816,1.1691356955484433,28,True
2022-08-07,2022-08-13,0.16924450539339048,-0.4607692309297048,0.8957692361794986,0.09333791191802247,-0.927307688846038,1.4092307643821607,0.6862244710582678,0.15447229202190654,1.4607738843687457,28,True
2022-08-14,2022-08-20,-0.07800824122738789,-1.0065384656190872,1.3638461564595883,-0.3388873616407451,-1.7342307705145616,2.539230757034742,1.0743883998312513,0.11576156465092421,2.5640862700101477,28,True
2022-08-21,2022-08-27,0.5662087901766607,-0.8949999929620669,1.4249999912885518,0.004629121916777985,-0.9407692238545189,1.421538465298139,0.9611236621751912,0.2377112876072648,1.7161957416169793,28,True
2022-08-28,2022-09-03,0.20151098766927045,-0.6950000044531547,1.0846153772794282,-0.1117445068014274,-1.1603846114415388,0.685769231703419,0.7228332536103311,0.153865383105096,1.2039595712586022,28,True
2022-09-04,2022-09-10,0.0839560437604662,-1.1499999944980328,1.020384611418614,-0.7674999998237652,-1.592307673050807,0.34230769533090866,1.0244985039840029,0.12541116017300044,1.5923099491598516,28,True
2022-09-11,2022-09-17,0.12413461540907537,-1.4361538359752068,1.3788461547631483,-0.21138736341087208,-1.3473076980847578,1.2134615297500904,0.9614074875737451,0.2082286505506987,1.9692069149545333,28,True
2022-09-18,2022-09-24,-0.27774725194795286,-1.1249999951284666,0.5599999943604836,-0.46164835071969,-1.256538457595385,1.0969230893712778,0.8227455362000998,0.247351950877457,1.602703932914918,28,True
2022-09-25,2022-10-01,-0.0753846149533414,-1.421923075730984,1.0415384620428085,-0.1480769231956411,-1.0057692229747772,1.2838461444928095,0.844849015292401,0.23508056225694027,1.456813465124388,28,True
2022-10-02,2022-10-08,0.0881318666353044,-1.2146153908509474,0.9003846118083367,-0.3131318685885232,-1.0573076880895174,0.7707692304482827,0.7522109926695472,0.2026543534447874,1.3063037943567153,28,True
2022-10-09,2022-10-15,-0.3167032962946405,-1.2338461600817168,0.681538466650706,-0.3309752746116738,-1.4130769257362072,1.0561538464747942,0.863121301173377,0.1766553147205331,1.5795241708954806,28,True
2022-10-16,2022-10-22,-0.07403846062811932,-1.0061538429357684,1.041538458604079,-0.3592032960124805,-1.7169230763728802,0.676923079129595,0.8589504285518401,0.2663141423216063,1.8543869247851832,28,True
2022-10-23,2022-10-29,-0.28829670255072415,-1.4215384675906255,0.5926923100621655,-0.32593406640648187,-1.166538459750322,1.158076922194316,0.8731867226567486,0.06107517813836142,1.6378118012087393,28,True
2022-10-30,2022-11-05,0.09725274724609496,-1.6338461591647222,1.2511538496384254,0.04971154010342945,-1.620384619786189,2.8576923241982093,1.0903052358407088,0.15119885756720186,2.868876670192864,28,True
2022-11-06,2022-11-12,-0.10689560379474781,-0.5853846127597185,0.6776923027176124,-0.39506868219801355,-1.358461551941358,0.7496153861284256,0.7375280179508568,0.2540774013663458,1.4294903945062398,28,True
2022-11-13,2022-11-19,0.11931318782556517,-0.893461539195134,1.285000007886153,-0.08961538487666663,-1.2150000012837923,1.2507692277431488,0.805641336194027,0.1288323733761969,1.4994683542388676,28,True
2022-11-20,2022-11-26,0.031030219941205535,-1.0965384657566364,1.3207692297605367,-0.16530219667621862,-1.5807692179313073,1.5899999966988196,0.9286105035304744,0.20361961220816285,2.0318279914058306,28,True
2022-11-27,2022-12-03,-0.24163461476052692,-1.2523076992768507,1.0784615295437665,-0.9599587917916353,-2.774230759877425,1.1603846247666156,1.362089378102723,0.24178361986999347,2.7903217306795907,28,True
2022-12-04,2022-12-10,-0.007980769124025334,-0.9819230700914676,1.2053846143759215,-0.4133928562002768,-1.6380769197757428,0.400769228545519,0.7711525810113165,0.1415938480806218,1.9098347862262426,28,True
2022-12-11,2022-12-17,-0.09765109867573929,-0.7169230775191233,1.0988461581560283,-0.6193681320937985,-1.9219230734384978,0.6226923033738365,0.8307440022486295,0.1769974760246766,2.013631535640926,28,True
2022-12-18,2022-12-24,-0.5843131865686891,-1.200769229577138,-0.039999995595560625,-0.661703295975023,-2.47615385055542,0.24076923011587217,1.0609704360227714,0.42513433247849636,2.4993352120142625,28,True
2022-12-25,2022-12-31,-0.6110576900377215,-1.3719230615175688,0.42923077210210836,-0.6331730763796349,-1.8538461510951703,0.7588461472724493,1.1263898987141778,0.3703161130553875,1.926609408256824,28,True
2023-01-01,2023-01-07,-0.6577197789383418,-1.3588461532042577,0.24461538093880966,-0.3182692306888914,-2.417307681762255,1.376538457778784,1.1238613901827659,0.2793536505947751,2.635349858831254,28,True
2023-01-08,2023-01-14,-0.1728021983558742,-1.1192307816101954,0.597307699231001,-0.8228846165290163,-1.8265384619052594,-0.15538461685467225,0.9393284855802934,0.1685146581009414,2.1153492861507193,28,True
2023-01-15,2023-01-21,-0.3477747259497806,-1.4165384700665107,0.36423077090428424,-0.16274725366127932,-1.5450000029343824,0.8592307619177378,0.7654531450096014,0.1242563694902167,2.0179268360987686,28,True
2023-01-22,2023-01-28,-0.26070054871756787,-0.9469230816914485,0.7603846146510198,-0.5864148349859394,-2.371923089027405,0.5611538471510777,0.936487154707546,0.06845829892364351,2.408553341688548,28,True
2023-01-29,2023-02-04,-0.8401236265084123,-1.3830769182397769,-0.14846154073109993,-0.39184065927638784,-1.9711538369839008,0.6269230779546958,1.0820926624217742,0.651366904650727,2.030681298757119,28,True
2023-02-05,2023-02-11,-0.4739148348267958,-1.1649999996790519,0.4088461578895266,-0.005906593412733997,-1.1757692327866187,0.8207692320530231,0.6832437053375184,0.15095210717077212,1.6551913146279573,28,True
2023-02-12,2023-02-18,-0.22212912002578378,-0.9573077009274409,0.634615393068928,-0.24443681377426282,-1.9496153845236852,0.7419230731633993,0.7508840314134483,0.06595341004849738,2.1221152350294368,28,True
2023-02-19,2023-02-25,-0.40679945069068413,-0.8546153845695349,0.09538461375408448,0.10969780371677908,-1.7042307670299823,1.433076920417639,0.7768745192528653,0.11529483589110771,1.8621169625624183,28,True
2023-02-26,2023-03-04,-0.13193681363814644,-1.2473076960215201,0.8526923114147323,0.04501373579490233,-0.8065384672238276,0.501923075518929,0.5953926523246531,0.038295797686272524,1.2594709295028503,28,True
2023-03-05,2023-03-11,-0.19142857163499752,-1.6242307607944195,0.8184615299105644,-0.4070467027697385,-1.6096153809474065,0.6988461516940823,0.8491477071364246,0.21414650690416356,1.903365472973761,28,True
2023-03-12,2023-03-18,-0.3059340667716422,-0.835384617631252,0.46846153343526215,-0.47005494500275,-1.745384619786189,0.3834615359082818,0.7125454035872537,0.1771123568732846,1.8641530518136367,28,True
2023-03-19,2023-03-25,-0.28413461524338185,-1.342307686805725,0.7780769211598314,-0.23258241664638724,-1.9119230898526998,1.192692300448051,0.9277973692394729,0.44253856744703135,1.9375111114665815,28,True
2023-03-26,2023-04-01,0.13465659236688945,-0.6892307690129831,0.8453846138257247,0.15707417565479792,-0.5238461543877537,0.8119230791926384,0.527840377009522,0.08908227000718817,1.1721323439863456,28,True
2023-04-02,2023-04-08,-0.052335164502037915,-0.9296153875497671,0.9980769157409668,-0.12762362524293938,-1.3138461433924162,1.2634615416710193,0.7580763358936028,0.2728983679599648,1.5020944335539932,28,True
2023-04-09,2023-04-15,0.21162087852032957,-0.6415384533600166,1.136923073576047,0.03094780232992719,-1.0569230673404841,1.0207692224245806,0.702758902563546,0.06352211883344905,1.2996190241431194,28,True
2023-04-16,2023-04-22,-0.09690934060919253,-1.0230769228476744,1.1161538373965483,-0.12601648362680942,-1.4484615394702325,0.9888461530208588,0.7119402039389533,0.28317018697858004,1.5435744361551942,28,True
2023-04-23,2023-04-29,0.14733516422079898,-0.7238461541441771,1.3688461482524872,0.23829670364784258,-0.5403846123327429,0.9184615342662885,0.5878025014811897,0.13190008436763767,1.3916960989751423,28,True
2023-04-30,2023-05-06,-0.035192307599073096,-0.7353846115561632,1.0019230779546957,-0.18609890026797715,-0.9726923085176028,0.881538464831045,0.5742316515202811,0.10482586315816841,1.1494033108966424,28,True
2023-05-07,2023-05-13,0.1675137357202942,-0.34846153755027515,0.674230768560217,0.6768818664963224,-0.38538461536742175,1.555384594660539,0.7847541605476733,0.23461696204165033,1.6061871662969462,28,True
2023-05-14,2023-05-20,0.16517857110107337,-1.0026922965278993,0.9365384544317539,-0.013324174932767075,-0.6538461515536675,1.0438461596002946,0.5734980825441112,0.08399510590178744,1.3833004429167912,28,True
2023-05-21,2023-05-27,-0.2289835156663065,-1.1330769124369209,0.4457692254621249,-0.11918956081249885,-0.8180769256387765,0.5688461529520842,0.5446187062285822,0.046856821497347226,1.15279566521293,28,True
2023-05-28,2023-06-03,-0.010714285973725575,-0.6653846101118968,0.8234615317330911,0.2561126381496561,-0.8946153842485868,0.9838461646666894,0.6303095812541354,0.11200301056420789,1.121970614291104,28,True
2023-06-04,2023-06-10,0.158543956151314,-1.1411538399182832,0.8819230726132026,0.22763736245918323,-0.9211538456953489,1.118076918216852,0.6387378104235298,0.0787710667327338,1.2394915049195148,28,True
2023-06-11,2023-06-17,0.03517857230022796,-0.9826922978346164,1.0599999977992132,0.3810989007681281,-0.4684615387366368,1.6388461589813232,0.7316219108029461,0.05057216888947561,1.6912372973583114,28,True
2023-06-18,2023-06-24,0.1142445045963421,-0.8026923049384584,0.9742307706664388,-0.20039835127561795,-0.6765384616760107,1.6069230712377107,0.6176560297984484,0.048852208701960186,1.7039963413407473,28,True
2023-06-25,2023-07-01,0.4054945049792078,-0.9646153934299946,1.10846153818644,-0.007651100239644834,-0.8207692277546113,1.6830769181251526,0.7945247131310886,0.08401271577997096,1.7092011652481618,28,True
2023-07-02,2023-07-08,0.06840659289590113,-1.1715384744680846,1.0376923107183897,-0.31468406541191124,-1.2057692271012526,1.4549999924806447,0.8228348295112144,0.11516196377922643,1.6811846496394613,28,True
2023-07-09,2023-07-15,0.23666208819742057,-0.7934615264575069,0.9338461538920035,-0.544793956342491,-1.2361538456036494,0.5638461537086047,0.7582913310918639,0.26692251957257257,1.256601796731402,28,True
2023-07-16,2023-07-22,0.4560302198675185,-0.1584615379285354,0.9599999831273005,-0.26271977879690356,-0.9953846106162438,0.6476923061104921,0.744756107505283,0.2810651831210808,1.2888754605385462,28,True
2023-07-23,2023-07-29,0.0952197803737043,-0.7184615381635152,0.9588461455244285,-0.4162637358352255,-1.0196153842485869,0.8399999889616783,0.7407638502466142,0.041418986771872834,1.1215733419351095,28,True
2023-07-30,2023-08-05,0.5746840663934842,-0.6919230752839491,1.3550000007335956,-0.4381456040408831,-1.392307698726654,0.9926923089302503,1.0507826408256906,0.4105467891001713,1.4625269919913615,28,True
2023-08-06,2023-08-12,0.19843406696640117,-0.9549999947731311,0.8923076941416814,-0.34894230671656823,-1.3153846126336317,0.7407692330531203,0.751817647828342,0.11894631444324626,1.3192682742517012,28,True
2023-08-13,2023-08-19,0.11402472474990966,-0.7673076912760735,0.6623076899693563,0.19234890060673293,-0.9276923055832202,1.5015384531938112,0.7999754708106874,0.2724000256105227,1.5066056144879856,28,True
2023-08-20,2023-08-26,0.29703296843025795,-0.6723076867369505,1.2788461492611811,-0.5650961521173735,-1.3684615376763618,0.07730769416174063,0.8891200883532182,0.18256959558481994,1.610958402049308,28,True
2023-08-27,2023-09-02,0.1472252745176205,-1.2265384541108058,1.223846159875393,-0.28053571388207293,-1.0142307648291955,0.8361538462340832,0.7099627472990603,0.20185713532897676,1.2626028510437763,28,True
2023-09-03,2023-09-09,0.0998901087934008,-0.7799999988996066,1.0926922915073543,-0.08160714191067349,-1.0442307683137746,1.0638461479773889,0.8456423713664344,0.11085599919736717,1.4158233504778417,28,True
2023-09-10,2023-09-16,0.2868406589905435,-1.5038461616406074,1.3638461524477372,-0.21644230735242612,-1.2661538427838912,0.8992307756382686,0.894086479403019,0.21459229062643173,1.6427652530324952,28,True
2023-09-17,2023-09-23,0.02388736427055447,-1.3565384540706873,1.4373076993685503,0.08958791239330402,-0.7634615403814957,1.1646153886730854,0.6642189242238015,0.013127729331500393,1.802478291445637,28,True
2023-09-24,2023-09-30,0.021854395535518663,-0.9119230749515387,1.134615381176655,-0.36821428677681217,-1.042692312827477,0.8323076931902995,0.763277956198983,0.0860610740190933,1.477841458001715,28,True
2023-10-01,2023-10-07,-0.050315933716534596,-1.0123076885938644,1.1507692262530327,-0.30949175978018034,-1.3546153960319667,0.9342307669038956,0.8407158924546648,0.13915903219360085,1.4255959623183074,28,True
2023-10-08,2023-10-14,0.14292582412055888,-1.107307693706109,0.9734615356159898,-0.21760989177542236,-1.2976923034741328,1.0234615263314202,0.757932206928028,0.20993412812222143,1.3274750766330885,28,True
2023-10-15,2023-10-21,0.27826923086911765,-0.6296153859450266,1.1165384592918248,-0.021909340346170664,-0.7961538502803216,1.2542307686347227,0.6280818073919346,0.17730935951695176,1.427992864026381,28,True
2023-10-22,2023-10-28,-0.35214285604952533,-1.1619230791783104,0.5246153808413789,-0.4824999984236086,-1.8023076974428618,0.7842307729789844,0.8762662073347631,0.16358999897652132,1.8849223091612115,28,True
2023-10-29,2023-11-04,-0.11456044056903122,-1.3799999975241148,1.1826923049699802,-0.26403846029847206,-2.044999984594492,1.0930769194920475,0.8329528117868713,0.17734272994151248,2.058152521481259,28,True
2023-11-05,2023-11-11,0.20046703408697394,-1.1788461528575191,1.0280769283954914,-0.04771978082647035,-1.188076927111699,0.7969230792413537,0.7352110870771115,0.22538592895030424,1.4248509811746062,28,True
2023-11-12,2023-11-18,0.1293131868063298,-1.0496153758408933,1.2434615309421833,-0.6390247246925975,-1.4523076804784627,0.3184615385073882,0.9029354325188347,0.33219059234076925,1.7462392712256103,28,True
2023-11-19,2023-11-25,-0.801442308057161,-1.4438461638413942,0.27884615327303225,-0.5891895608229378,-1.8984615390117352,0.6515384623780847,1.1930074392160328,0.2050054104729622,2.1609755607068752,28,True
2023-11-26,2023-12-02,0.024052197827476564,-1.0230769285788903,1.5738461499030774,-0.17395604382125804,-1.5288461653085856,0.883076928054484,0.7902708348995515,0.19106560123896388,1.7670716336470653,28,True
2023-12-03,2023-12-09,0.020206043455790693,-0.9492307603359222,1.0596153827813954,0.13884615418142995,-1.159230768823853,0.9365384670404288,0.7179519903884332,0.18307732904918209,1.3874181020442915,28,True
2023-12-10,2023-12-16,0.14633241779897568,-0.8342307651988589,0.9434615396536313,-0.28976648347196426,-1.179615387549767,0.3369230768428399,0.5991222209849897,0.06924038692832475,1.2735354197318882,28,True
2023-12-17,2023-12-23,0.04605769368584504,-0.7192307607485697,1.184230774641037,-0.10594780248548877,-1.4323076926744902,0.7792307711564578,0.7158289971457011,0.24982952416984336,1.432887803233787,28,True
2023-12-24,2023-12-30,0.10859890050091013,-0.9257692293478892,1.1807692280182471,-0.17053571442438925,-0.9469230725215032,1.031538463412569,0.6821096215048926,0.038616996107400464,1.4198195526352395,28,True
2023-12-31,2024-01-06,0.06730769488673943,0.06730769488673943,0.06730769488673943,-0.3873076941101597,-0.3873076941101597,-0.3873076941101597,0.3931126755879228,0.3931126755879228,0.3931126755879228,1,False
