week_start_date,week_end_date,temperature_c_mean,temperature_c_min,temperature_c_max,dewpoint_c_mean,dewpoint_c_min,dewpoint_c_max,relative_humidity_pct_mean,relative_humidity_pct_min,relative_humidity_pct_max,specific_humidity_kgkg_mean,specific_humidity_kgkg_min,specific_humidity_kgkg_max,observations_6hourly,complete_week
1999-12-27,2000-01-02,27.698989926851738,23.697040029672507,36.17165292593154,17.339951060368485,15.064998685396631,19.37692354642428,56.43028844319857,28.561538476210373,73.93076970027043,0.012575307713212589,0.010831807775852772,0.014223230787767814,8,False
2000-01-03,2000-01-09,27.50445663116793,22.056156804011437,36.70261770395132,17.064587746085717,13.726924954927881,19.365386728140038,55.68626384420709,25.69999995598426,77.28461514986478,0.012373467036113552,0.00994457694916771,0.014235269278287888,28,True
2000-01-10,2000-01-16,27.25180667416082,21.0743863619291,36.75930762657754,17.480177969460982,14.063846059945945,20.00384380634017,58.714560411788604,27.773076937748836,82.93846159714919,0.012737129134340929,0.010184307654316608,0.014778307746522702,28,True
2000-01-17,2000-01-23,24.338295460795333,21.468732158954367,35.41342256986178,20.815398096776295,14.153844745342553,23.458460646409264,84.09436829535515,27.784615296583908,99.77692325298602,0.01575948898219964,0.010219846171541857,0.018312615270798024,28,True
2000-01-24,2000-01-30,24.786453599196232,20.917307692307702,32.68500319260818,22.38239076216146,20.511542452298727,24.26576913686904,88.31620875033704,50.11153822678786,99.46538485013522,0.017170667568999497,0.015255884518130468,0.019188230785612877,28,True
2000-01-31,2000-02-06,23.264656377100703,20.596962327223594,29.508228947566124,21.936496793306816,20.56192227877108,23.794996760441734,93.26936827649126,65.44230725215031,99.8500008216271,0.016647331002117186,0.01525230766632236,0.01857230754999014,28,True
2000-02-07,2000-02-13,25.646634883671044,21.844498619666467,35.03330735426687,20.342018982604333,15.826916973407492,23.63076993502108,76.56098911788438,31.630769582895134,99.76153887235202,0.015206712901919753,0.01137673081113742,0.01847076924661031,28,True
2000-02-14,2000-02-20,24.349700064187548,21.48238408015328,34.83061312161959,20.70456039093355,16.357695124699546,24.353845214843773,83.1629122351552,33.280768834627594,99.80000099769005,0.015537067293445323,0.011816461498920735,0.019195115480285425,28,True
2000-02-21,2000-02-27,23.665480158879234,21.490346820537866,30.39761563814608,22.49328287983991,20.815386023888266,25.084614445613,93.99079688564761,67.05769304128793,99.92692360511192,0.01727177881748303,0.015495615330739664,0.020196692373317022,28,True
2000-02-28,2000-03-05,23.243199501456814,20.286309814453148,27.812578406700766,22.552033116267303,20.142310274564352,25.41538625863882,96.36826948543171,75.80384635925293,99.9538465646597,0.01733615661710296,0.014886923098506836,0.020561769174841735,28,True
2000-03-06,2000-03-12,23.208702020330765,20.878382521409264,29.285960036057702,21.640178529508837,20.607692777193506,23.396154315655053,91.80480783588283,63.17307692307692,99.92692331167368,0.016350912104186776,0.015328653801519137,0.01829534597121752,28,True
2000-03-13,2000-03-19,24.93653443724247,21.618845778245202,31.349077430138266,22.58732132964084,21.19615149864785,24.73846177321218,88.98997264379985,57.70000017606295,99.72307674701398,0.01738955494998903,0.015855538551337443,0.019823615367595967,28,True
2000-03-20,2000-03-26,23.725340933328166,20.74277062049282,29.60761413574221,22.35041215498372,20.530768526517477,24.146155489408102,93.16085184537448,67.3730778327355,99.86153910710262,0.017141733492550614,0.015236423135950016,0.019093000115110323,28,True
2000-03-27,2000-04-02,22.612350899832613,20.741154362605187,28.13257751464846,21.745055121117918,20.457693011944116,23.973075045072164,95.26112646584981,75.4076925424429,99.88846177321214,0.01645289284975401,0.015172346136890925,0.018882076972379133,28,True
2000-04-03,2000-04-09,22.972633420504078,20.725500018780053,28.70238882211538,22.068434050842978,20.403847092848594,24.523074575570945,95.32541235724648,67.44230783902682,99.9461543743427,0.016800934054817144,0.015068846217428263,0.019487999881116245,28,True
2000-04-10,2000-04-16,23.908199410910157,21.837733107346764,31.09715130145736,22.343681477976393,21.17615661621096,23.68846106896035,92.21730784531478,55.523076864389274,99.83076975895808,0.017072530225390098,0.015886461541343194,0.018552269141834516,28,True
2000-04-17,2000-04-23,24.015725288810327,21.10757892315206,29.726038771409264,22.876648217505174,20.657693481445335,25.23846294696517,94.13186814758804,64.06538435129019,99.94615408090445,0.017658332410104737,0.015312307693350773,0.02043799991504504,28,True
2000-04-24,2000-04-30,22.964528278728128,20.68819110576925,29.598154860276452,22.04258268586884,20.492310509314905,24.676926598182092,95.37733535452205,64.09230789771446,99.96153846153847,0.016764791225656293,0.015164730676378194,0.019732307714338485,28,True
2000-05-01,2000-05-07,23.35478996025339,20.85957782451925,28.42722942645736,22.593131868131895,20.753847327599203,25.27307692307693,96.07623639473549,75.4230767763578,99.9576926598182,0.017374237638560462,0.015459653813965045,0.020462961652531073,28,True
2000-05-08,2000-05-14,22.989707125150264,21.19223233736483,28.894464111328148,22.260439543671687,20.946156193659874,24.13076876126803,96.2601649263403,69.22307571998009,99.97307733389047,0.016973843421930306,0.01567023079125927,0.019030730777348463,28,True
2000-05-15,2000-05-21,22.92121247511646,20.988999352088342,29.662920203575766,22.28956039764071,20.946155019906882,24.63461514986483,96.84697825568063,63.73846127436711,99.95769295325645,0.017001421665414594,0.015650577019326962,0.01964438441567696,28,True
2000-05-22,2000-05-28,21.966637596717273,19.712229567307702,28.888807795597984,21.171978181273094,19.09999882624703,23.419227952223594,96.00384635191698,65.61538505554199,99.96538485013522,0.015863542567815754,0.013929384509817911,0.018230807645103105,28,True
2000-05-29,2000-06-04,22.555080891703533,19.894998168945335,29.553151996319116,21.273035883641523,19.619228421724756,23.319231238732016,93.52335179507077,62.5500001173753,99.80769260113055,0.01597555078550723,0.014371692274625484,0.018098769064706106,28,True
2000-06-05,2000-06-11,22.412286838070397,18.737194119966944,29.452807851938132,21.318269725422308,18.569231238732016,24.042311213566734,94.39299461867783,61.25769233703613,99.93076999370868,0.01598932969276435,0.0134495383916566,0.018852538500840847,28,True
2000-06-12,2000-06-18,23.182457531939512,19.431730769230796,30.66499892014724,21.548214310866154,19.307696767953757,25.58076923076925,91.84642879255524,55.48846171452449,99.83846194927509,0.016277631875229896,0.014084461646584364,0.020722192282286975,28,True
2000-06-19,2000-06-25,22.91170876471553,20.132691368689905,32.65611595740688,21.235989094828533,20.057692072941734,23.057694420447717,91.85728038536323,47.41153863760141,99.88846177321214,0.01591338187067227,0.014749807663835011,0.017766846128954336,28,True
2000-06-26,2000-07-02,22.730506410703583,18.574342933067953,30.699881685697164,21.249724939367297,18.523075749323937,23.33076923076925,92.72761011123657,58.823077128483696,99.95384627122145,0.015949122243110538,0.013446269234499106,0.018103577160777953,28,True
2000-07-03,2000-07-09,22.535519836761164,20.12673105093154,28.919654024564352,21.454807130583067,19.973075045072164,23.59615361140328,94.42719795939686,65.39615440368652,99.86538549569937,0.01614325823886627,0.014697576908824535,0.01841450002617561,28,True
2000-07-10,2000-07-16,21.190078458681228,17.417307692307702,27.075732656625632,19.693681083930738,16.450000234750632,23.415385084885827,92.30975289397188,55.996153611403244,99.96153846153847,0.014518339286691375,0.01174984614436443,0.018282730812923267,28,True
2000-07-17,2000-07-23,22.58922280950863,18.987077918419516,33.310574810321555,20.285439267001333,18.38461632361782,23.311538461538476,88.69258239243057,41.40384630056528,99.52307627751277,0.01502087500309674,0.013274461568261568,0.01805446153649917,28,True
2000-07-24,2000-07-30,22.927469458946835,18.01496159480172,30.91142132098861,18.888324083600747,17.065383676382226,21.915385084885827,81.02568680899483,44.511538578913765,99.84230833787184,0.013759534337793242,0.012223807700838033,0.01652430760889099,28,True
2000-07-31,2000-08-06,23.47354676802082,18.62041978102468,34.26853684645437,19.578571713625752,17.253844980093163,22.061541982797507,81.66840663323036,37.46153846153846,99.31538449800931,0.014397890120232988,0.012448307628241869,0.016737615331434287,28,True
2000-08-07,2000-08-13,23.585674428415846,19.413345102163476,32.900807072566124,19.953021474985,17.334614445613,22.811537287785484,82.96950550393743,42.13461538461539,99.67307692307692,0.014701451939929808,0.012440000051775804,0.017555115601191155,28,True
2000-08-14,2000-08-20,23.36972592531982,19.647499436598594,33.434379929762656,18.752471898676298,17.23076899601864,20.557692072941734,78.02925814115085,38.25384624187763,95.31153869628906,0.01365630770777608,0.012353115285245271,0.015286423122653594,28,True
2000-08-21,2000-08-27,25.24544510055377,19.51196148212142,35.014615337665305,19.21346142108626,17.669230299729577,20.719231003981406,72.38118127938155,35.626923047579254,96.31923118004433,0.014072310428933374,0.012728038494690107,0.015473461638276394,28,True
2000-08-28,2000-09-03,27.646800718202723,22.062883582482016,38.76523273174581,17.661813102973706,15.057694420447717,20.957694185697164,58.59999993607238,25.192307472229004,93.77692207923302,0.012818353028026419,0.01082807693343896,0.01565607698061145,28,True
2000-09-04,2000-09-10,25.879040032690728,20.662311025766257,36.293423931415305,20.15370913495076,18.19230863131014,21.98845942570614,73.79615388859759,34.19230776566725,95.40384615384616,0.014949809060084049,0.01313911543156092,0.016797269336306132,28,True
2000-09-11,2000-09-17,24.979270658388266,18.647573383037866,35.178653188852195,19.53859913584953,16.815383676382226,21.203847797100366,75.25206041598058,33.65384644728441,97.55384591909555,0.014390557679439803,0.012098884675651789,0.015957423163434632,28,True
2000-09-18,2000-09-24,24.62755636697289,18.23057767427889,36.32680664062502,19.322115149864803,17.665383911132835,21.369230769230796,75.62101667529933,34.86538490882287,96.73076981764574,0.014165921708579166,0.012713538518605324,0.016078692216139574,28,True
2000-09-25,2000-10-01,24.698081106668013,20.48445927546578,35.47057847243093,20.892994907924127,18.719231003981406,24.27307692307693,82.37280225229787,37.19999944246732,99.66923112135667,0.015620153870658723,0.013627692304838162,0.019182307788958915,28,True
2000-10-02,2000-10-08,24.948361675555912,20.14534442608175,33.25742375300484,21.327335290594437,19.969232177734398,22.97692378117489,83.21758246159816,46.815384498009315,98.71923035841722,0.016059487621852574,0.014701269244631896,0.017888538396129243,28,True
2000-10-09,2000-10-15,25.081946127755323,21.269115506685694,36.22215247521035,20.15206013773826,16.950001408503624,22.269230534480187,77.2799451482165,31.99230802976168,98.41153834416316,0.014986192304794522,0.012167115445033861,0.01700492310695923,28,True
2000-10-16,2000-10-22,25.5629576127608,19.966075955904444,35.51361647385818,20.348364752465574,18.98845942570614,21.484611863356406,76.49381874943829,38.33846165583684,97.61153822678786,0.015123278836484302,0.013917307691791883,0.016193846312279884,28,True
2000-10-23,2000-10-29,25.876244781829524,21.305768291766867,34.1344625619742,21.110893475878395,18.811540809044516,23.911538696289085,77.44134612659832,44.28461544330303,98.05769260113055,0.015904357119535025,0.01377034609994063,0.018835307743686896,28,True
2000-10-30,2000-11-05,26.351653021508543,20.84542001577529,35.76407893254208,21.92826916202086,18.953846623347374,23.52692213792068,79.98942310731489,37.17307706979605,98.86538490882286,0.016732372220728424,0.013911192305386066,0.018408038295232333,28,True
2000-11-06,2000-11-12,27.667531250335383,23.3629605806791,36.780693406325156,20.86417700798959,18.23077134352468,23.769230534480187,69.88063178743634,33.59615362607516,95.58846194927509,0.01573569229599293,0.013309192306433733,0.018795884500902433,28,True
2000-11-13,2000-11-19,26.956237180940423,21.55292311448318,37.24119192270132,20.2226515717559,16.584614445613,22.84153606708236,70.74848904976479,29.369230857262245,98.16153863760141,0.015104564584812128,0.01198253852243607,0.017595153803435657,28,True
2000-11-20,2000-11-26,25.210521253648714,20.629272226186913,35.4741924579327,20.78641486534707,17.435770827073327,22.281154691256006,79.4824175467858,34.33076917208158,99.15000064556415,0.015547798061231662,0.012550576948202573,0.017019153751719456,28,True
2000-11-27,2000-12-03,26.19981788383738,21.87749985914968,38.118498347355796,18.86811826098099,14.94230863131014,20.956926551232016,67.30535718634889,25.21153846153846,86.51923076923077,0.013815822800017566,0.010727192346866313,0.015633307719746463,28,True
2000-12-04,2000-12-10,25.54794912652657,20.688269747220602,35.1071528508113,20.464107027158658,16.726922607421898,23.6361539400541,77.12554952076503,36.36153837350699,99.71153875497671,0.01531531045643183,0.012077500004894458,0.018494307851562135,28,True
2000-12-11,2000-12-17,26.68365501152292,20.792614041841944,36.305229539137656,17.424395609425993,11.872692166841944,21.38461514986483,61.13145611574362,22.69615386082576,94.97692313561073,0.01282540383840819,0.008762269137570491,0.01613919222011016,28,True
2000-12-18,2000-12-24,25.66144672435721,22.046422870342553,36.30842332106374,18.675206253554816,13.718847186748803,23.576922842172507,69.11593410208985,28.284615369943474,96.88461538461539,0.013796376362494141,0.009937615348742558,0.0183866536961152,28,True
2000-12-25,2000-12-31,25.289661172720123,21.535425978440514,32.74761352539065,20.16462994250625,18.33692321777346,22.27345839280349,76.49711529763191,46.25384602179894,98.46538514357347,0.014965501363174274,0.013303807685868098,0.016981384716928005,28,True
2001-01-01,2001-01-07,24.76641621013266,20.492116840069116,33.54599797175484,20.82381851699328,18.142309100811303,23.44230511005111,81.24326919199346,40.25769219031701,98.98846054077148,0.015611821441440382,0.013181961571367888,0.018462461562683948,28,True
2001-01-08,2001-01-14,25.690442238273228,22.176810396634664,34.01911668043874,21.273530704372558,18.29230651855471,23.49230698805593,80.00865386344574,39.119230857262245,98.09230775099535,0.016063446450241648,0.013277346089195747,0.018313115319380395,28,True
2001-01-15,2001-01-21,22.38921383029814,19.725883836012656,27.89330796461843,21.59318745372062,19.55423184908358,24.21884483924282,95.84752769784612,68.08846194927509,99.96538455669696,0.016293957435454313,0.014284038450568914,0.019178038606276877,28,True
2001-01-22,2001-01-28,22.02238700782862,20.505998816857016,26.199038931039695,21.259065749619058,20.306155630258445,23.34615243765029,95.95137367667733,81.76153769859901,99.96538514357347,0.015937494527251756,0.015002730768173933,0.018181269272015646,28,True
2001-01-29,2001-02-04,23.830910709926084,20.30076810396639,32.08377403846157,20.078145054408505,17.4423062838041,22.005384944035484,82.34725268594512,43.31153825613168,99.78077022845929,0.01488308517958273,0.012670153859429635,0.016747922994769536,28,True
2001-02-05,2001-02-11,21.644437073089286,19.724539888822164,25.714616980919516,20.576290315062156,19.59230722280654,22.261537757286703,94.18145603662008,79.34999950115497,99.54615284846379,0.015300098896169892,0.014310423034028364,0.016962038388905618,28,True
2001-02-12,2001-02-18,22.564127383389337,20.16315612792971,28.363308011568506,21.18719748193093,19.796154080904444,23.049999295748194,92.72032977722503,69.53846065814679,99.87692348773663,0.015903739030933478,0.014550461541288175,0.01783580784327709,28,True
2001-02-19,2001-02-25,24.246497328202825,21.297465163010827,32.91519258939303,22.40425840943727,19.961539400540914,25.075769042968773,90.75013746534076,47.138461333054764,98.87307709913988,0.0171876565686294,0.014845346136448475,0.020144192430262383,28,True
2001-02-26,2001-03-04,24.028000230055607,21.65465932992788,28.55761343149038,23.107225036621116,21.623077157827538,25.723077392578148,95.12211552295057,73.58846165583684,99.91153951791617,0.017908978036727634,0.016356230820887364,0.02093469244069778,28,True
2001-03-05,2001-03-11,23.35456174913345,21.080961726262046,32.654308377779444,22.262019121777904,21.01154127854568,24.33076923076925,94.83420354193383,51.68846101027269,99.95769295325645,0.017001495862911855,0.01571253830423722,0.01936757700661054,28,True
2001-03-12,2001-03-18,25.148921647962652,21.626922372671288,33.76188518817611,21.469780236548143,18.88846036470858,24.265387667142477,82.72678576982938,44.76538496751051,99.77307715782753,0.01623282147888708,0.013799961620511917,0.01917926945651953,28,True
2001-03-19,2001-03-25,23.29805581229076,21.015345412034264,28.672305532602195,22.635798502492406,20.765381798377405,26.073074106069726,96.55961561203003,81.85384603647086,99.86538549569937,0.01743317857527962,0.015513038334365074,0.02149403840303421,28,True
2001-03-26,2001-04-01,22.908724330021812,20.978576425405663,30.433386934720602,21.89498622181654,20.923077862079367,24.442310978816124,94.90769249528319,60.04230836721567,99.95384685809796,0.01659903711265792,0.015617769247350784,0.019423115282104567,28,True
2001-04-02,2001-04-08,23.428223972530184,20.879347346379234,28.61245938814608,22.524519214001355,20.83846318171578,25.019225839468163,95.25563209135454,75.65000005868765,99.89230845524715,0.01727797940967011,0.015476769409500636,0.020021000088980563,28,True
2001-04-09,2001-04-15,23.237351570548615,21.030651151216944,28.179384436974203,22.384889682308682,20.95384427584139,24.430768291766867,95.6230771096198,76.04615328862117,99.9576926598182,0.017111087922815356,0.015627654018596962,0.01939896150277211,28,True
2001-04-16,2001-04-22,23.916960974054046,20.460769418569726,32.84488478440505,21.77596137916651,20.338458486703757,23.688462242713342,89.53818689073834,49.18076926011305,99.81923147348257,0.016479914826289802,0.015039192190250525,0.018517576874448702,28,True
2001-04-23,2001-04-29,24.109230980506336,21.27457815317007,34.03746126615084,22.23351616492641,19.376921198918296,24.33461561936599,90.86634625445356,41.76923076923077,99.87307797945462,0.016984229375209128,0.014207884633483795,0.01927826926112175,28,True
2001-04-30,2001-05-06,23.41360747787981,20.89554161658657,29.771268169696555,22.476373332935395,20.676920729417077,24.653845919095602,95.1447803738353,69.29615431565504,99.95769295325645,0.017210204699230226,0.015328346106868524,0.01963865370131456,28,True
2001-05-07,2001-05-13,23.939544149545547,21.384002450796288,29.08003915640029,23.214010569813507,21.38076876126803,26.284617262620202,96.25576961433494,73.74230707608737,99.9461543743427,0.0180277335073717,0.016053269115778115,0.02166988471379647,28,True
2001-05-14,2001-05-20,23.244993079887667,21.023038189227805,29.512382859450156,22.47142772464964,20.869230769230796,24.99230698805593,96.05920347800621,70.49615434499887,99.89615425696739,0.017191604416878833,0.015475961487167157,0.020058538334874008,28,True
2001-05-21,2001-05-27,23.05855348188801,20.330421799879844,30.091460946890038,21.524999656258075,19.807689725435694,23.800003990760217,92.21387381082052,56.75384580172025,99.91538502619817,0.016227736272132743,0.014578653893505152,0.01871234608384279,28,True
2001-05-28,2001-06-03,23.32567983774041,20.022613290640038,31.250384756235007,21.074862570291057,19.500000939002405,24.811537287785484,89.17046712519048,50.096154139592095,99.92307692307692,0.015796215659785236,0.014307423064915033,0.019855307773328744,28,True
2001-06-04,2001-06-10,21.58455491956776,19.716845937875632,29.618729576697717,20.75329671168068,19.373075984074546,24.726917912409874,95.77032975836114,59.73461561936598,99.9076925424429,0.015461517850980983,0.014110384580607597,0.019682769377071124,28,True
2001-06-11,2001-06-17,21.997706922594027,19.315846135066124,28.45754042405349,19.658928646884142,18.59230722280654,20.880767587515038,87.94848911054841,59.75769233703613,99.81923176692082,0.014420579660909025,0.013455923109386977,0.015501576869820174,28,True
2001-06-18,2001-06-24,21.229524817833553,16.752886023888266,32.34642357459438,18.729121004880152,16.546155254657492,21.373077157827538,87.95041211096795,41.53461559002216,99.61923100398137,0.01360396701960241,0.011809884713819394,0.01599546167283104,28,True
2001-06-25,2001-07-01,21.67660867879681,18.156078397310694,31.405424616887046,18.59947793143138,16.438462242713342,20.899999530498803,84.82019237895588,44.90384600712703,99.70384685809796,0.013478098900292765,0.011702999974099489,0.015596615293851266,28,True
2001-07-02,2001-07-08,21.900677498618347,17.847194730318506,31.790618661733788,19.42335117885047,17.461535879281882,22.196156193659874,87.83296696170346,44.042307927058296,98.66538443932167,0.014215755482347539,0.012547576979089241,0.01682092285213562,28,True
2001-07-09,2001-07-15,23.116229147439498,19.00934401292068,30.482190410907492,20.410260563106345,18.961538226787866,21.82307997483474,86.76565941611489,51.957692219660835,99.9384621840257,0.01512711402412586,0.013796653813467575,0.01656403847468587,28,True
2001-07-16,2001-07-22,22.931908299372765,19.43080819936904,32.29611652080831,20.810865272270483,18.915382737379844,22.919227952223594,89.76936827125131,45.02692325298603,99.88461655836839,0.015544243128765579,0.013747346265098223,0.01774234614836482,28,True
2001-07-23,2001-07-29,23.519358389718214,19.13300123948318,32.35577134352468,20.16112708626215,18.14230675330532,22.065383676382226,84.28145603557209,43.42307648291955,99.51538526094876,0.014876876378196527,0.013098961530396571,0.016782807687727306,28,True
2001-07-30,2001-08-05,24.231566183907667,18.035961209810694,33.91473247821517,18.483791032728274,16.09615361140328,20.58461561936599,73.64917578278006,34.83846143575815,96.25000029343825,0.013404829669385577,0.011485653821952067,0.015305730693328839,28,True
2001-08-06,2001-08-12,24.488404385074173,19.932302386944116,34.506733586238,18.08159362457613,15.569227717472984,20.94230863131014,70.68406591572604,34.21538477677565,94.503845508282,0.013094667561485298,0.011124576907604933,0.01558984604735787,28,True
2001-08-13,2001-08-19,24.191581994360643,20.063612483097984,33.58084552471456,19.06030195466767,17.48846177321218,20.33846083420974,75.07252745575957,42.24230736952562,90.78461544330304,0.013904804953599123,0.012567115446122793,0.01510634606417555,28,True
2001-08-20,2001-08-26,24.984524502597033,20.760463773287256,36.18595980130709,19.344230794382643,17.476922607421898,21.196158541165914,74.38021983943143,34.19615393418532,93.61923071054312,0.014195631876086386,0.012611423010149827,0.015927576961425636,28,True
2001-08-27,2001-09-02,25.390433359670137,20.606229107196555,34.867885648287256,20.78337907895938,18.453848970853414,24.43461468036361,79.25837915022295,39.788461685180664,99.43846189058743,0.015551655202756054,0.013440807708180867,0.01940349994513851,28,True
2001-09-03,2001-09-09,25.00887212229301,20.38342144305892,35.736536818284264,20.258516307453554,18.361536818284264,22.080766883263266,78.38983514806726,35.9769229888916,99.63076928945688,0.015043173091496331,0.013346999991112031,0.016956115463891856,28,True
2001-09-10,2001-09-16,24.56766281127932,19.654958636944116,34.18719458946816,21.23918991927264,18.861537992037256,22.68077063927285,84.50109895769057,40.388461333054764,99.55384650597206,0.015957049462575833,0.013728076914468637,0.017361269225008212,28,True
2001-09-17,2001-09-23,24.45833383916501,20.26546396108779,33.23338294396035,20.24464279845523,17.611537992037256,22.865383206881006,79.82376375565163,40.9115382708036,98.55384591909555,0.015053089306393003,0.012658653888278283,0.01774915397310486,28,True
2001-09-24,2001-09-30,25.873810460017296,21.805039391150842,36.12996004544772,21.43777450729205,17.92307903583236,24.350000000000023,80.05013743075696,33.91538473275992,98.80769289456882,0.016206710141377298,0.012932692332049975,0.019429538363160994,28,True
2001-10-01,2001-10-07,25.82243960873114,20.704156494140648,38.04788419283358,20.147252403510816,14.969227482722374,23.661538696289085,74.50425821608239,25.326923076923077,99.0961541395921,0.0149726360117771,0.010757153817953972,0.018636461490621932,28,True
2001-10-08,2001-10-14,26.634136468237596,21.77769446739785,37.13723144531252,19.871352872743735,16.626921198918296,23.357695124699546,70.44986265308255,30.530769421504093,98.25384609515851,0.014800593409185799,0.01196553841089973,0.018211730791685674,28,True
2001-10-15,2001-10-21,24.79506873665277,21.13057509202224,33.482618830754234,22.504821332994425,20.48461655836843,24.62307950533358,89.01126378447145,52.88846162649301,99.83077034583458,0.017326572775625836,0.01530961559798855,0.01982176905641189,28,True
2001-10-22,2001-10-28,25.234291261107078,20.805228365384664,35.69703768216647,22.173199890472095,18.869229595477805,25.307693246694726,85.76936824505147,39.461538754976715,99.66923141479492,0.016986001369922045,0.01379723076780255,0.02042988444177004,28,True
2001-10-29,2001-11-04,25.504599284077763,21.50811626727767,34.16003981370193,22.662046973259915,20.93846341646639,24.953076641376242,87.07266498397995,50.092307604276215,99.92307780339168,0.017500015112550952,0.01576061536056491,0.020024384658497114,28,True
2001-11-05,2001-11-11,25.403465539282518,21.622538405198327,36.10365389310397,22.805892583826108,19.09230722280654,25.953846623347374,88.06373648329097,36.69230791238638,99.6961543743427,0.017648956014334662,0.013973846171910945,0.02130746146520743,28,True
2001-11-12,2001-11-18,25.74771274943931,22.621459726186913,34.595268601637656,22.884930721744094,20.79384530874404,25.676918381911094,86.52829672740056,45.74615375812237,99.06153840285081,0.0177232651398159,0.015659730809812363,0.02100165388905085,28,True
2001-11-19,2001-11-25,25.01753924023976,20.58315312312203,35.63080749511721,22.553681526603302,19.299999295748194,24.461540574293906,88.93667588915143,38.66538458604079,99.66923112135667,0.017377987660078722,0.014214307571259828,0.019463961729063436,28,True
2001-11-26,2001-12-02,25.805193571991992,22.480346444936913,34.53538489708535,22.577514120248676,19.34615243765029,25.196157367412866,84.71881882698982,40.61923115070049,99.94230827918419,0.017444380465639082,0.01426719229381818,0.02037438449378197,28,True
2001-12-03,2001-12-09,24.878625320602275,22.204383028470602,30.084153160682092,23.707898586398976,22.18076946551986,25.494616933969382,94.18530224181794,71.21153846153847,99.98076952420749,0.01863488459135764,0.016929346208388988,0.02073430771437975,28,True
2001-12-10,2001-12-16,24.81214927421824,22.477959031325156,32.06111825796279,23.588035222986264,22.019232881986227,26.54153653658358,94.03818707413726,62.59230789771447,99.97692313561073,0.018507276137185457,0.016784461680799723,0.022093961660105448,28,True
2001-12-17,2001-12-23,24.632029162396464,22.738231717623194,29.799769240159264,23.905934528728128,22.623075984074546,26.010768949068506,96.27582442629468,79.53461588346042,99.97692342904898,0.018868769187695134,0.01742923059142553,0.02137423077454934,28,True
2001-12-24,2001-12-30,24.349718760396122,22.181924438476585,30.084231802133445,23.469862399258478,21.892309100811303,25.121539541391257,95.51208804727911,72.4115384908823,99.97307733389047,0.018307604374118398,0.01662411540746689,0.020207961591390464,28,True
2001-12-31,2002-01-06,26.422774991884353,23.095923555814352,35.59815016526443,20.74460175901981,17.44615384615389,23.446152672400842,74.59271991121899,34.91153856424185,99.30769289456882,0.015602115385623259,0.012571076898334118,0.018330307534107797,28,True
2002-01-07,2002-01-13,26.854384302830983,22.61830702561599,35.624808443509664,20.0528295496008,18.369228421724756,22.300384286733788,69.46868129876944,38.3884612596952,89.57692307692308,0.014916456051191294,0.013384692335071472,0.017001653878161542,28,True
2002-01-14,2002-01-20,25.831097336653848,20.92384901780349,33.92953702486483,21.27500041081358,18.6769254244291,23.64230675330532,78.51277481068621,41.41153863760141,98.8500002347506,0.016063278835205422,0.013607038435741113,0.018632961652026728,28,True
2002-01-21,2002-01-27,23.78860010000378,21.450884070763266,29.58896085298983,22.47043971805784,21.253076171875023,23.507693716195945,93.17609902266618,68.92692272479718,99.82307698176457,0.017197337927767536,0.015967884602454994,0.0183349998237995,28,True
2002-01-28,2002-02-03,22.772001094608537,20.77618971604568,26.24742337740389,22.005370481721673,20.316922466571555,23.69999906099764,96.01098918390798,82.19999958918645,99.96923123873196,0.01671917992771941,0.0150352307380392,0.01850630772801546,28,True
2002-02-04,2002-02-10,24.449748716249594,21.426115534855796,29.05807706392733,23.366744089650602,21.350000000000023,25.54615173339846,94.4604396872468,72.95769207294171,99.8076923076923,0.01820416346059314,0.01603550001835594,0.020785538622966178,28,True
2002-02-11,2002-02-17,24.535750185788363,22.22977013221157,31.049462890625023,22.255357109321363,21.003847327599203,24.99999859149642,88.7442308310624,55.480768790611855,99.60000052818886,0.016998403819513272,0.015733192424074963,0.020052769221365452,28,True
2002-02-18,2002-02-24,23.85598454737403,22.17876821664663,28.163269981971155,23.182197713327962,22.09615361140328,25.107696298452538,96.48379153471727,79.89230786837064,99.93076999370868,0.01799137499132245,0.016762538239932977,0.020216076706464473,28,True
2002-02-25,2002-03-03,24.731491776351113,21.952575448843163,34.44580758901748,23.064464124742464,21.653845919095602,26.307695594200766,92.12596162858901,50.99615346468412,99.91538502619817,0.017883325549569184,0.016382846193244822,0.021759076975286007,28,True
2002-03-04,2002-03-10,24.690591807941836,22.12534719613882,32.71976975661062,22.270082427643178,20.173077862079367,24.273075749323937,88.5414835699312,48.03461559002216,99.9538465646597,0.01702933787665033,0.01489569225276892,0.01915496150748088,28,True
2002-03-11,2002-03-17,24.620272139664554,21.99811354417068,29.558152184119592,23.21264801025393,21.861535644531273,25.33076923076925,92.80233525181863,71.43461594214806,99.79615314190204,0.018033318694906087,0.01655742318297808,0.020498038556140203,28,True
2002-03-18,2002-03-24,23.199920126108047,21.672692871093773,28.144962956355187,22.782870466630563,21.59615243765029,24.63846271221456,97.82870903643934,80.99615390484149,99.98846171452449,0.01755847392736801,0.016302692238241434,0.019557461500740968,28,True
2002-03-25,2002-03-31,23.522315115457076,21.684428053635827,30.323462618314352,22.825316770784166,21.549999295748194,24.48077251727767,96.47293975327041,64.55000026409442,99.96923123873196,0.017602282975401198,0.016259846062614366,0.019433922994022187,28,True
2002-04-01,2002-04-07,22.79736459753018,20.496925706129844,26.470191133939352,22.37651063688511,20.434613506610617,24.89615314190206,97.82170355450977,84.73846230140099,99.9384621840257,0.01715400959697685,0.015091538321799956,0.019958192196029883,28,True
2002-04-08,2002-04-14,24.166268920898464,21.976455453725976,30.77876962515029,23.01697785094546,21.899999530498803,25.93846106896035,94.05288462062458,59.34615384615385,99.96538514357347,0.017826019220852425,0.016557923088280056,0.021272538588024102,28,True
2002-04-15,2002-04-21,23.867354483132853,21.89330796461843,29.51503788874703,22.934752973619425,21.72307856633114,25.153847092848594,95.15961563718189,73.25769277719351,99.92692389855019,0.01770343406862774,0.016462961641641762,0.02025373079455816,28,True
2002-04-22,2002-04-28,23.79115146175848,21.656654710036094,28.73465294471157,22.90741735605096,21.37307833158053,24.63461514986483,95.34450567685641,76.0615388430082,99.89615396352914,0.017676219799566073,0.016062923169766482,0.019670615402551796,28,True
2002-04-29,2002-05-05,23.576460341568854,20.80630821814907,28.970843740610007,22.57596099350481,20.588078190730187,24.711538226787866,94.89120910455892,68.41153863760141,99.93076999370868,0.01732381595334468,0.015277538484392257,0.0196878846304921,28,True
2002-05-06,2002-05-12,23.046634481241433,21.1555372971755,27.540459031325156,22.499616031856345,21.100000000000023,25.311537287785484,97.13035744887132,78.2000004695012,99.96538514357347,0.01721264424882215,0.015761038288474083,0.020427846134855196,28,True
2002-05-13,2002-05-19,23.414954443292327,21.04407536433297,27.889770273061913,22.44450581309562,20.873077157827538,24.461539400540914,94.89574187666506,75.54615299518292,99.95384627122145,0.017167568683962,0.015518000098661734,0.019476653936390694,28,True
2002-05-20,2002-05-26,23.730969540103477,21.269616699218773,30.17961331881014,22.915082675808094,21.08922846867489,26.019230534480187,95.85837945309314,62.400000205406776,99.97692342904898,0.01767355901992542,0.01577280773423039,0.02130726918291587,28,True
2002-05-27,2002-06-02,23.559432580968863,20.85534527118392,31.452422860952538,22.009711481450697,20.83846318171578,23.603845214843773,92.1225276360145,54.7730770111084,99.75384697547325,0.016713995872843234,0.01544826914771245,0.018485846033749673,28,True
2002-06-03,2002-06-09,23.60263235071205,21.485307898888266,29.908654785156273,22.30164850255947,21.33077040452224,24.742309335561913,93.36620903539134,64.41153863760141,99.88846236008864,0.01700895333631926,0.01601319244274726,0.019715423194261696,28,True
2002-06-10,2002-06-16,23.024720806079934,17.85176884577828,32.79861544095553,21.014011232145567,17.78076735276443,23.99230816180892,90.40068702907352,42.761538138756386,99.81153957660382,0.01571765933492845,0.012796384604791036,0.018905923164521273,28,True
2002-06-17,2002-06-23,21.80118549891883,18.99007450984078,28.83692321777346,19.341346505972076,16.826920494666467,21.630767587515038,87.7339287537795,51.82692337036133,99.65000005868765,0.014141004139833808,0.011982884544592638,0.016289961631768025,28,True
2002-06-24,2002-06-30,21.710642820924217,18.419652850811303,31.83554171048678,18.004808379791623,16.426923076923117,20.965386962890648,81.23228034868346,46.66923097463754,94.48076923076923,0.012958777486346662,0.011707999958441807,0.01556738455278369,28,True
2002-07-01,2002-07-07,22.154134704254513,19.54665409968453,31.152575918344382,19.59450587178327,18.734618905874413,21.650000704251852,87.22293951747181,49.94230798574594,98.5423073401818,0.014326624991883944,0.013538807702179138,0.01616246163701782,28,True
2002-07-08,2002-07-14,22.730043113624674,19.75146343524642,30.105925105168296,20.04711622301041,18.292307692307702,23.02692448542672,86.58901095128321,54.542307927058296,98.60769213162936,0.014769034337375189,0.013203346098844822,0.017751576844602823,28,True
2002-07-15,2002-07-21,23.36926099337067,19.48873173640328,33.9308492807242,19.98543965266303,17.950003756009664,21.453845449594382,84.11030227011376,38.411538490882286,98.88076870258038,0.01470643680691105,0.012906615371600939,0.016189500008924648,28,True
2002-07-22,2002-07-28,23.786457665412,19.518886624849756,31.18892352764425,20.81208811330274,18.965384615384664,22.623077157827538,85.55467038102202,52.01538452735314,99.46923123873196,0.01550490655910715,0.013795038434461905,0.017359192339846723,28,True
2002-07-29,2002-08-04,22.717217388781897,18.28100327711843,33.426079148512656,18.974588348053334,17.38076876126803,20.961538226787866,82.30425822079836,40.338461509117714,99.34615443303035,0.013801637348708706,0.01246838465046424,0.01569999983677497,28,True
2002-08-05,2002-08-11,24.154879282857056,17.970887169471155,34.607730337289695,17.688049626612422,14.94230863131014,19.607691603440514,70.63598891666958,31.12692297421969,92.09230760427621,0.012788912088221329,0.010701576928393198,0.014388384548230814,28,True
2002-08-12,2002-08-18,23.953134700230212,19.322001295823327,34.56246337890627,18.92335130460972,17.303846858097984,20.14230792705831,76.30508244430625,38.53846153846154,93.52307774470403,0.013782951918144066,0.012503653908005128,0.014932307772911511,28,True
2002-08-19,2002-08-25,25.015640401316237,19.794229125976585,34.264540217472984,18.963736750005392,16.784618436373194,21.453847797100366,72.42568673668328,36.88076899601863,91.75,0.013877195046426585,0.012000153879993238,0.016161076831989564,28,True
2002-08-26,2002-09-01,25.69304952097465,21.846961153470602,35.095997502253624,21.341757864480513,19.207693011944116,23.13076993502108,79.86208784187234,40.250000146719124,98.19230798574594,0.01609933516138571,0.014045884617819237,0.017881076782941818,28,True
2002-09-02,2002-09-08,25.182645625858544,21.250000939002405,33.50734628530654,20.8458789951199,18.76923170823318,22.77308044433596,79.8954671058026,43.20769273317777,98.91538531963641,0.0155719986267306,0.013756307665831767,0.01757569217051451,28,True
2002-09-09,2002-09-15,25.923003077245045,19.848963576096764,35.88581003042373,18.656044232714326,15.857692777193506,20.788462477463952,68.03818680427887,31.407692469083347,96.47307645357571,0.013625675849463014,0.01136065385519312,0.015497153911453027,28,True
2002-09-16,2002-09-22,25.810537375984634,22.179999483548727,37.55607816256014,21.35189598838054,14.000002112755453,24.9269254244291,80.4673075911763,24.484615399287296,99.4423076923077,0.01616857966515594,0.010087653779639648,0.019966153786159478,28,True
2002-09-23,2002-09-29,25.672566147689004,20.428884418194116,38.92565894493691,18.468269490671705,13.09230722280654,25.069232412485007,69.51456065492316,21.20769243973952,99.33077034583458,0.01373999858797006,0.00946796158901774,0.020174730784044817,28,True
2002-09-30,2002-10-06,25.03468307662798,21.102618642953757,35.31492356520437,21.792170488965404,19.123077157827538,23.257692542442953,85.28859906144194,39.015384453993576,99.43461667574368,0.01654868404212111,0.01399088453931304,0.018261423227019034,28,True
2002-10-07,2002-10-13,25.351816340855212,20.879652522160484,34.2927701509916,22.22222562517441,19.161537522536094,24.400003051757835,85.08475279284048,41.0384616118211,98.66538473275992,0.01702503018736184,0.014087384495024498,0.019473307515279606,28,True
2002-10-14,2002-10-20,24.296701217483708,21.42334899902346,32.79103651780349,21.860837974129165,19.87307833158053,25.253847327599203,87.84381876935015,46.35384618318998,99.66153951791617,0.016607781591988936,0.014633038367789526,0.02042726932380062,28,True
2002-10-21,2002-10-27,24.277537268334715,21.61276691143331,32.22946143517129,23.098392754858686,21.5469205416166,25.807690899188742,94.19011010180463,58.56538435129019,99.88461626493014,0.017914986237883568,0.016226461587043908,0.021058807651010845,28,True
2002-10-28,2002-11-03,24.55425830044592,22.01903921274038,31.09073204627407,23.291827669248505,21.461540574293906,25.461540574293906,93.92403860930558,62.69230695871207,99.96538485013522,0.01814444781316874,0.01613553849836955,0.02077638443845969,28,True
2002-11-04,2002-11-10,24.22575396862661,21.30069298377407,31.08334679236782,23.026744523939215,21.278848266601585,24.865385554387046,94.06140117854862,60.288461685180664,99.92307809682993,0.017825717065524268,0.01592426933348179,0.019968499931005333,28,True
2002-11-11,2002-11-17,23.649025399344332,21.939344904972984,29.05449946476864,22.87480756319489,21.720770967923727,25.130762892503014,96.04079686678372,70.91538399916429,99.95769295325645,0.017653482142262734,0.016403807900272883,0.02025588472875265,28,True
2002-11-18,2002-11-24,24.851910786052347,21.877728740985617,30.655192213792077,23.250604415725896,21.387689208984398,25.799999295748194,92.16057708237197,62.55000041081355,99.83846194927509,0.018099675826206394,0.01605942304461048,0.021055269341629285,28,True
2002-11-25,2002-12-01,24.250879157768527,20.37665593073922,32.77822969876803,22.433516550588106,19.98461538461538,25.215385789137656,90.95535710617737,51.11538461538461,99.57307668832632,0.017203124996100726,0.014755000002109088,0.020363461656066086,28,True
2002-12-02,2002-12-08,24.607460164499823,22.527537184495202,32.80807589017428,22.966112468006866,21.115386728140038,25.19230511005111,92.16332439799885,52.76153784531813,99.9461543743427,0.017765570057115956,0.01583753852173686,0.020278807801122848,28,True
2002-12-09,2002-12-15,24.903767780681253,22.69207622821517,32.3435772235577,22.88072860214739,20.48461538461538,24.688465763972374,90.19478038641122,50.23846127436711,99.33461556067833,0.01769651646807708,0.015379500002242051,0.019750269129872322,28,True
2002-12-16,2002-12-22,24.406441422347207,22.41884648249703,30.38103989821218,23.256318077674305,21.391152954101585,25.219229830228414,94.09532987678445,69.31538435129019,99.90384615384616,0.018066800795597852,0.016052576677443888,0.020369615190877363,28,True
2002-12-23,2002-12-29,23.626412251231464,21.63799907977767,31.026499586838952,22.627994512201685,20.97846022385818,24.42692190317007,95.10906618244044,55.692307252150314,99.98846171452449,0.017373844773948686,0.015681769197376873,0.019388884592514772,28,True
2002-12-30,2003-01-05,24.423952769185185,20.132191349909874,33.822887479341944,21.320329829624743,19.68461468036361,23.167692683293296,84.70274725589124,45.34230745755709,98.02692266610953,0.016080255496090504,0.014550692258545985,0.01795357694992652,28,True
2003-01-06,2003-01-12,23.980545228392238,22.010577627328757,29.910577392578148,22.45056296547693,21.55192425067611,24.098460036057702,92.12156601790544,66.03846124502329,99.61153910710262,0.017169862609499924,0.01628430771569793,0.01896607703887499,28,True
2003-01-13,2003-01-19,24.410517992292153,19.457961801382226,32.69634634164663,21.86259671724762,19.065382502629234,23.546155254657492,87.23846154160552,49.488461421086235,97.8076923076923,0.016609837918972168,0.013911615412395734,0.018417807940680247,28,True
2003-01-20,2003-01-26,26.179714890364785,22.16492262620193,34.602383892352805,19.83991783896647,16.311539635291467,23.300002817007226,71.48736273587404,33.676922871516304,97.25384580172025,0.014758532949989396,0.01179623080847355,0.01811753836675332,28,True
2003-01-27,2003-02-02,24.334937185769572,20.994230769230796,29.435233248197164,22.96883276635476,20.86653700608474,25.158459942157492,92.89491773961664,69.98076893733098,99.81538508488582,0.0177917650895664,0.015606807759748055,0.020375538545732316,28,True
2003-02-03,2003-02-09,23.71203736525317,22.151539494441124,27.67203909067007,22.738970092102743,21.548462853064905,24.201154033954367,95.02898369254648,74.42307662963867,99.87692466148964,0.0174886085307942,0.016218653951699916,0.01910111537346473,28,True
2003-02-10,2003-02-16,24.36426218892194,21.482191584660484,32.95727046086239,23.012925175258108,21.456536865234398,25.473076218825156,93.44162097344032,52.36538446866549,99.96923123873196,0.017827200553646044,0.016181961597444918,0.020873038528057244,28,True
2003-02-17,2003-02-23,26.298561699835833,22.79300020658053,35.42246164175185,22.36379063365226,19.0488478440505,25.884997793344382,82.08406587747427,38.176923311673676,99.8038456256573,0.017185228015807876,0.013951307628303766,0.021161461535554666,28,True
2003-02-24,2003-03-02,23.803479431487723,21.183424494816734,29.820115074744592,22.78273280217099,21.125385929988,24.368458439753624,94.90123651839875,69.01153857891376,99.96538514357347,0.01755487365049443,0.015811615265332736,0.019354961525935393,28,True
2003-03-03,2003-03-09,22.872724235450846,20.94076866736782,28.427691885141257,22.249065877055095,20.81807743952828,24.669232647235617,96.79464298814207,75.16923112135667,99.90769283588116,0.016996906598221388,0.015480269248095842,0.019773846133970298,28,True
2003-03-10,2003-03-16,24.086701839572807,21.774539419320945,28.800384286733788,23.11921701955274,21.703848970853414,24.653847092848594,94.96593425562094,74.82307683504544,99.76538526094876,0.01791684752826548,0.016383730734770115,0.0197015768633439,28,True
2003-03-17,2003-03-23,25.23826387007161,21.542846444936913,33.291191453200156,23.077870563884378,20.87307833158053,25.526920964167687,89.68379138590215,47.9961539048415,99.62692290086012,0.017903019231488255,0.015604384565869203,0.020720423199236393,28,True
2003-03-24,2003-03-30,24.638853110847915,22.229230205829367,31.937000920222374,23.193983576847984,22.003846153846155,26.015381798377405,93.02582415905627,57.83846121567946,99.84230863131009,0.018014920349642225,0.016842615181723468,0.021278961203419246,28,True
2003-03-31,2003-04-06,24.43207010960844,21.904038414588342,31.148037015474756,23.330906224512823,21.515382972130453,25.723075045072164,94.4494506081382,66.15769210228554,99.91538473275992,0.01817365248871783,0.016225999865967494,0.02099280747083517,28,True
2003-04-07,2003-04-13,23.599999455043275,20.582694185697164,28.467963350736227,22.842307767763266,20.457693011944116,25.253847327599203,96.03337931370997,74.83846136239859,99.93846247746394,0.01762235711026773,0.015195846163596097,0.02043673062983614,28,True
2003-04-14,2003-04-20,23.9799522316063,20.083575674203757,31.22873370830831,22.349175522353644,19.561537287785484,26.792310039813742,91.6931319289155,60.25769248375526,99.9423076923077,0.01714371289715048,0.014341730767717728,0.02242530774898254,28,True
2003-04-21,2003-04-27,23.133901130760133,21.133961369441124,27.384228985126242,22.667720014970403,21.02308044433596,24.73077134352468,97.55810453079559,82.00384624187762,99.96923123873196,0.017408748640893743,0.01570692303805397,0.019756384695378635,28,True
2003-04-28,2003-05-04,22.98809899969418,20.48538654033956,31.10146249624404,21.87678596580424,20.284618436373194,24.400000704251852,94.64011017830818,55.83461512052096,99.90000093900241,0.016558902466076088,0.014921923024723163,0.019287038522844132,28,True
2003-05-05,2003-05-11,22.132315977327142,19.630728853665914,27.814499840369592,21.605083021226847,19.561540809044516,25.39615196814907,97.27307701634837,80.88846074617825,99.93846189058743,0.01633627471964356,0.01430684607475996,0.020465538693735234,28,True
2003-05-12,2003-05-18,22.159069748763223,19.74069307767428,28.090039532001242,21.328708916968065,19.653845919095602,23.615380859375023,95.78063215528216,75.99999970656175,99.98461561936598,0.016024781573962952,0.014393961486908106,0.018481115309091713,28,True
2003-05-19,2003-05-25,23.690277451735295,20.820618614783655,30.473806293194116,22.29395564152647,20.365383206881006,24.48845942570614,93.03021975401994,58.93461579542894,99.82307756864108,0.01703053021900724,0.015053269274246234,0.019410153850913048,28,True
2003-05-26,2003-06-01,22.97634616893729,21.44965397761422,27.779809570312523,22.524725417252448,21.23846059945913,24.361536818284264,97.6384618308518,76.99615405156062,99.96923094529372,0.0172165878818135,0.015927923019402303,0.019236153922975063,28,True
2003-06-02,2003-06-08,23.090466778094974,20.846808565579977,28.31068983811599,22.083928009703946,20.661536348783102,24.265384145883445,94.69793965790298,73.34615384615384,99.88077016977164,0.01677940934410339,0.015328192331183415,0.019140307504970294,28,True
2003-06-09,2003-06-15,22.545647816081644,18.998732112004234,30.984460449218773,20.952747110220123,18.957694185697164,23.82692518967849,91.81442319953835,54.419230681199295,99.97692342904898,0.015665538455513155,0.01380734614884624,0.01869765382546645,28,True
2003-06-16,2003-06-22,21.894701377114114,19.598501117412866,26.242691979041467,20.848626457465894,19.500000939002405,22.65000539926382,94.61057724271502,73.73461532592773,99.98846171452449,0.015525322836045952,0.014281038517275682,0.017349269384374984,28,True
2003-06-23,2003-06-29,22.01175636878383,18.901270705003014,29.22826655461239,20.635439920949437,18.776923311673727,22.619229595477805,92.90302210587721,57.980769670926605,99.73461620624249,0.015315778840046663,0.013621346093714237,0.017259346285405066,28,True
2003-06-30,2003-07-06,22.50378859802919,19.982192758413476,31.577460421048727,20.476785697517837,19.08461679311904,22.515385319636437,90.25178584947692,52.30384577237643,99.73461591280423,0.015171030227985273,0.013863576898494592,0.017181423062888477,28,True
2003-07-07,2003-07-13,23.065756384881013,20.324769005408655,29.53395761343154,21.2377745827476,18.82692518967849,23.35768925593453,90.95700565799253,62.76153887235201,99.53461544330304,0.015944064582012345,0.013754423098781934,0.01819692301348998,28,True
2003-07-14,2003-07-20,22.222494624211265,17.621154550405663,30.811808424729577,18.046016500284406,15.350003521259055,19.93461233285757,79.67197808066567,40.22307718717135,97.64230786837064,0.013018998633404928,0.010967423028957386,0.014614423092168111,28,True
2003-07-21,2003-07-27,22.847048388470682,18.870001924954977,32.033229886568506,19.045741674402283,17.726922607421898,20.24230816180892,81.21840658292665,43.98846171452449,95.63461479773888,0.01384380494710058,0.01277376926289155,0.01497857695302138,28,True
2003-07-28,2003-08-03,23.68392715454104,19.04715411846456,34.498000863882226,19.224175606193143,17.061538461538476,20.530766179011437,78.5689561026437,35.25000029343825,96.2038465646597,0.014036043974376479,0.012235461555134792,0.015235692262649536,28,True
2003-08-04,2003-08-10,23.67176912747899,18.56630507249099,32.711074594350976,20.362088104918787,17.773078096829977,22.173077862079367,83.77060444276411,45.59230745755709,99.25000088031476,0.01509368957332489,0.012760692240240483,0.016853230826270122,28,True
2003-08-11,2003-08-17,23.2115308908316,19.706769268329367,33.10026878943813,19.84368101685914,17.619229595477805,21.715383441631616,83.77458779366462,39.71538455669697,99.26923135610727,0.014590645594020875,0.012678230754457988,0.016325269145174667,28,True
2003-08-18,2003-08-24,24.038358600323047,20.605960317758445,31.880460064227805,21.18406540587711,19.17307668832632,23.796154080904444,86.18667589963137,48.926923311673676,98.93076970027043,0.015897259604861286,0.014000269261976847,0.018590692359094437,28,True
2003-08-25,2003-08-31,23.61285058325465,17.89584679236782,31.843653517503014,19.002609772734615,14.646150794396078,21.83846200796279,78.22458792780783,40.05384606581468,99.41538502619817,0.013953350252819833,0.010540153795423416,0.016472538431676533,28,True
2003-09-01,2003-09-07,24.835221233996737,20.191114924504234,35.581960590069116,19.273214168339006,16.073074106069726,23.326922842172507,74.19986255352315,31.196153787466194,97.41153863760141,0.014157931317810665,0.011484999926044391,0.018202961350862797,28,True
2003-09-08,2003-09-14,23.43286587222594,17.832961801382226,33.38199885441708,20.725137203342335,17.100000000000023,24.973076218825156,87.46456069212694,41.738461861243614,99.92307750995343,0.01557001237921253,0.012230269181040617,0.020059731000891097,28,True
2003-09-15,2003-09-21,24.92590061229666,20.282618361253014,35.05342430701626,21.675988853370775,18.015385319636437,24.39999835674581,84.63804938242986,36.47307674701397,99.90769342275766,0.016451556298237007,0.013056730779890832,0.019453653886627693,28,True
2003-09-22,2003-09-28,25.27348878462239,20.185730919471155,36.09023202749404,22.37181361271787,19.019230534480187,25.97692495492788,86.27032974264124,37.75000029343825,99.43076999370868,0.017187375038002547,0.01388146155155622,0.02142196148633957,28,True
2003-09-29,2003-10-05,24.602132415771507,21.66149644118093,32.52073293832632,22.65751926296362,21.332069749098594,25.157691133939352,90.78228031933963,52.98076937748836,99.93846189058743,0.017446420361431174,0.01604353837095774,0.020277346269442484,28,True
2003-10-06,2003-10-12,24.93423719301331,22.57588641826925,32.334731820913476,23.159890830909838,21.519228186974203,26.053845684344992,91.25260999176528,53.06153810941256,99.56538479144757,0.018013869535055134,0.016235999942112427,0.021522192356105033,28,True
2003-10-13,2003-10-19,25.01986180399803,21.796231548602805,36.933424494816734,22.06039841201282,19.323076453575766,26.326922842172507,86.50947821271289,35.59999994131235,99.91923141479492,0.01684129945063902,0.014204230696822587,0.021801307510871153,28,True
2003-10-20,2003-10-26,26.26411217490398,21.436038442758445,35.25915269118093,21.91005532400951,19.48461655836843,25.48461773212142,80.10631873843434,41.15769180884728,99.55769289456882,0.016713931322466215,0.01433673078337541,0.020712307797601588,28,True
2003-10-27,2003-11-02,25.51723616044602,22.129614962064352,34.6741178072416,22.874769583901223,20.796154080904444,25.938846059945945,87.42692306539514,44.64999991196852,99.78076993502103,0.01772960712033027,0.01566034612747339,0.02127984631806612,28,True
2003-11-03,2003-11-09,24.153715506752796,19.233191622220602,32.39557800292971,22.21593368027239,19.152307128906273,25.74999859149642,90.72115383567392,55.388461333054764,99.63846118633563,0.01703462088327077,0.013975615434062023,0.021079345892828245,28,True
2003-11-10,2003-11-16,24.78869651542917,21.423999258188132,31.25146343524642,23.399010895110766,21.276540668194116,25.153458580603967,92.97527476719448,60.48846200796274,99.88461567805363,0.018248358521364878,0.016036846101857148,0.02025146159128501,28,True
2003-11-17,2003-11-23,25.401163558121592,21.258998929537256,33.71465688852163,23.081441958920006,20.411537522536094,26.065386023888266,88.88516497350001,46.9769229888916,99.83846194927509,0.01795471566703662,0.015165807643475441,0.021519653857327424,28,True
2003-11-24,2003-11-30,24.89279448959855,21.627346097506006,33.22926893967849,23.081126680478974,21.060000845102195,25.611539165790305,91.2973902618492,48.63461509117713,99.91923112135667,0.01794681593182159,0.015803077043249056,0.020877192011819437,28,True
2003-12-01,2003-12-07,25.063242876660713,22.150268319936913,31.00092468261721,23.820357035542603,22.131923734224756,26.206924203725976,93.61510994670155,76.21538440997784,99.992307809683,0.018772442309585,0.01688530783240612,0.021790307731582567,28,True
2003-12-08,2003-12-14,24.713237192342596,22.079115412785484,32.22973374586843,23.52358515812802,22.03076735276443,25.895387854942953,94.26772000239446,61.988461421086235,99.91923112135667,0.018409515133608584,0.016779346069177754,0.021258884467757665,28,True
2003-12-15,2003-12-21,22.685523793985574,20.610805570162256,26.982157545823327,22.06714304829694,20.56653747558596,24.311537287785484,96.85398371665032,73.02692207923302,99.95384685809796,0.01677235162300109,0.015196730740941487,0.019284307598494567,28,True
2003-12-22,2003-12-28,24.27682127900178,21.223845027043296,34.40799983097958,22.018365226997144,20.575770216721764,24.092303701547507,89.4530221918127,44.21923079857459,99.86538520226112,0.016763288443294035,0.015338923065708233,0.01901284619592703,28,True
2003-12-29,2004-01-04,24.581223808540113,21.51634427584139,34.30592087965749,22.59565925178949,20.67307668832632,24.226152625450766,90.38626385259104,44.88076899601863,99.90000093900241,0.017385300825820765,0.015483961619723301,0.01921284614274135,28,True
2004-01-05,2004-01-11,24.209749846406055,21.726847487229577,30.722849684495202,23.571730745755733,21.530768526517477,26.08038189227767,96.69601662080366,77.24615375812238,99.98076952420749,0.01846269368204278,0.016280884532114633,0.021641846316365097,28,True
2004-01-12,2004-01-18,25.97792105203149,23.182654512845602,34.01495924729568,23.0283518110003,19.700000234750632,26.236151827298727,86.08516507096343,42.94615408090445,99.8423080444336,0.017888380504970613,0.01454419234337715,0.02160926929746683,28,True
2004-01-19,2004-01-25,26.55987039083965,21.234387676532492,35.167922738882226,20.14668975662401,14.923461679311913,23.330768057016257,71.87293956567953,30.184615428631123,99.00769277719351,0.01507533654816203,0.010698577030920066,0.018226461485028267,28,True
2004-01-26,2004-02-01,26.384962790352983,21.018080256535484,36.34942251352163,18.58707417079383,16.581536865234398,20.857692777193506,65.57046699523926,31.876922754141,87.75,0.013597178541553708,0.011906884503192626,0.015622269218930831,28,True
2004-02-02,2004-02-08,25.52919008024449,22.68942354642428,33.75161719689004,21.91543945480181,19.03846130371096,24.11422823392428,82.9271977838579,43.303845992455116,99.0615378159743,0.016710592009086204,0.014111576780963402,0.019032038533343718,28,True
2004-02-09,2004-02-15,24.75921104347315,20.983231529822717,34.84938612717849,22.066537727104464,20.1719205416166,24.043847656250023,86.99560442599622,42.55769260113056,99.05769142737755,0.016817116759369498,0.014922615391417192,0.018982000147493985,28,True
2004-02-16,2004-02-22,24.94960497342625,21.669419273963342,31.30099933330831,23.049437068058918,21.21499962439907,25.047694044846764,90.65920332499913,59.565384938166694,99.90384674072266,0.01785953981407846,0.01592261537622947,0.02014915380053795,28,True
2004-02-23,2004-02-29,24.500159395658077,21.287963632436913,31.02388446514425,22.720769458812697,21.006923734224756,25.006157273512656,91.40439570081104,62.549999970656174,99.92307721651517,0.017490179931673292,0.015720923359577473,0.020031076855957508,28,True
2004-03-01,2004-03-07,23.59668984884746,21.788847468449546,28.34892484224764,22.89870785723678,21.546152907151452,24.5923048753005,96.39079682381599,74.68461432823769,99.89615455040565,0.017663425819661755,0.01623192332828274,0.019630499972173802,28,True
2004-03-08,2004-03-14,23.71736079624723,20.02261681189907,29.759497774564352,22.485713640150156,19.89230675330532,25.119230769230796,93.8365384877383,63.63461509117713,99.78076964158278,0.017257351617605148,0.014704692284934796,0.020241346210241318,28,True
2004-03-15,2004-03-21,24.137327064262667,21.883422616811913,28.259233680138266,23.386236521961937,21.52692565917971,25.73846059945913,96.02760999281328,75.9461543743427,99.81153928316556,0.018242979396625864,0.016234269043287404,0.021025192422362473,28,True
2004-03-22,2004-03-28,24.19920434637387,22.709001746544516,30.637270179161703,23.643355250096597,22.47692378117489,25.557305908203148,97.21634645252438,69.93461535527156,99.98461561936598,0.018506368115585255,0.017234692314209845,0.020819115452468395,28,True
2004-03-29,2004-04-04,24.100734643621788,21.63592271071218,29.86442425067611,23.277527584872423,21.48846177321218,25.911538696289085,95.8182694885757,71.24615361140324,99.93076999370868,0.01809453567014086,0.016145692350199588,0.021157922867972117,28,True
2004-04-05,2004-04-11,24.067120746989847,20.814726374699546,31.914117431640648,22.900604264814806,20.38077110877407,26.719231003981406,94.1038463141892,62.638461333054764,99.93846159714919,0.017722700530622196,0.015090346228904448,0.022275499927882966,28,True
2004-04-12,2004-04-18,24.7119083781819,22.572961425781273,32.02492441030654,23.570027252868005,22.230767822265648,25.915383911132835,94.33173099454942,57.088461068960335,99.91153893103966,0.018425668909593105,0.016933000073409997,0.021186000022750635,28,True
2004-04-19,2004-04-25,23.643869647350957,21.57227125901443,28.164577542818506,22.96868084918014,21.461538226787866,25.08845966045675,96.5484892824194,74.64615411024828,99.992307809683,0.017760023364674422,0.0161309614419364,0.02020903841520731,28,True
2004-04-26,2004-05-02,23.882079633775668,21.524035879281882,29.397959547776452,23.076923764407006,21.46538813664364,25.43846341646639,95.85027497155326,76.80384591909555,99.97692342904898,0.017874938183832543,0.01611750003380271,0.020515345968306065,28,True
2004-05-03,2004-05-09,23.030538345169255,20.476691378079977,28.96873098520132,22.257966949127557,20.392309100811303,25.200000234750632,95.94835181288667,74.06538523160495,99.9500004695012,0.016981037067515508,0.015021461563614698,0.02034161540751274,28,True
2004-05-10,2004-05-16,24.04064008272613,21.754961219200766,29.83438439002407,22.63021982213956,21.084612098107016,25.288462477463952,92.86483527801849,62.076923223642204,99.96153875497671,0.01739240248155381,0.01580373076005624,0.020437153987586498,28,True
2004-05-17,2004-05-23,23.682152398078014,20.30138667179989,29.453579007662256,22.45192355480825,19.97308091383718,24.973075045072164,93.83791232371068,65.98461547264687,99.9538465646597,0.017182582452033576,0.014671307558623644,0.019901807706516523,28,True
2004-05-24,2004-05-30,23.41303313538271,20.929654400165305,29.4724576509916,22.498351899870176,20.88845919095553,25.465383441631616,95.42156626103998,66.68846174386832,99.96538485013522,0.017222570066063942,0.01554030767427041,0.020557500135440093,28,True
2004-05-31,2004-06-06,21.849851646004165,20.116156710111227,24.843617131159874,21.391895646315383,19.996155724158655,23.596155958909264,97.57335193340596,81.96923035841722,99.94230827918419,0.016054556337901604,0.014707769303081127,0.018385999836027622,28,True
2004-06-07,2004-06-13,22.44570723313554,20.156347186748803,28.736537992037256,21.50137339162305,19.957694185697164,24.13846153846157,95.08791233943059,70.41923024104192,99.93076940683218,0.016155673123149018,0.01461261546669098,0.018910615275112484,28,True
2004-06-14,2004-06-20,21.76687854305731,18.427616764948937,27.578424072265648,19.94944995419012,18.376922372671288,21.911537522536094,90.45673090022999,65.43076940683218,99.746154491718,0.014648810460150322,0.013232769193844153,0.016526999954993907,28,True
2004-06-21,2004-06-27,22.01549129276488,18.74838350736178,29.720306161733788,20.722761443421103,18.58846200796279,23.59615243765029,93.54793986645373,58.280769494863655,99.81153869628906,0.01543161537047926,0.013447230753417198,0.018414192331524994,28,True
2004-06-28,2004-07-04,22.456319762848263,19.894925396259055,30.055383300781273,21.04313158307759,19.77307692307693,24.023078096829977,92.90329696843912,58.75769307063176,99.91153922447792,0.015729969783153917,0.014544461459781114,0.018861961658470906,28,True
2004-07-05,2004-07-11,23.16688333867673,19.45984802246096,33.15715355506313,20.75975231128736,19.269225839468163,24.373075984074546,88.60000008279151,45.37307709913988,99.77692413330078,0.015490866751041632,0.014077653929304618,0.019234730718800656,28,True
2004-07-12,2004-07-18,22.939178651243797,19.085614483173117,28.568958928034874,21.58282862233594,19.049998121995202,24.28076970027047,93.16799471928523,66.87307709913988,99.97307733389047,0.0162868049458836,0.013843461512946166,0.01923515396909072,28,True
2004-07-19,2004-07-25,22.772013754373095,20.152153367262656,31.113308011568506,21.405219587388952,20.011538931039695,23.403844745342553,93.30975294113159,52.573076688326324,99.9076925424429,0.01609388458322488,0.01481476931187969,0.018243346005105056,28,True
2004-07-26,2004-08-01,23.215446908133398,19.469651207557092,33.229578810471764,20.401510947091257,17.876921198918296,22.473077392578148,86.81744514192853,40.19230754558857,99.88846294696515,0.015122232139929312,0.012925423072794309,0.017146730723862465,28,True
2004-08-02,2004-08-08,22.5420714745155,18.45503915640029,32.769495802659264,19.002197408152174,16.99999741774343,21.319227717472984,82.58502750606327,39.39230757493239,97.76538467407227,0.013835593406878576,0.012165846159824958,0.015923653872540362,28,True
2004-08-09,2004-08-15,23.580796939724117,20.024538245567953,32.54592285156252,19.200274515675996,16.642310274564352,20.961537053034874,79.08324176662572,39.311538402850815,98.71923094529372,0.014019104394969622,0.011903384700417519,0.015616615302860737,28,True
2004-08-16,2004-08-22,24.235026072407837,20.05523423414968,35.11657573993392,20.668681402520843,18.515384145883445,23.826921668419516,83.26112644488994,37.18461535527156,99.22307733389047,0.01539417308791039,0.013373807717401247,0.018641692442962758,28,True
2004-08-23,2004-08-29,23.891973994328445,19.055459594726585,33.85896395169772,20.424862469683667,18.461537053034874,23.365385554387046,83.26140131269183,42.47307718717135,98.59615384615384,0.01518241207340507,0.013379730821515504,0.018242461463579766,28,True
2004-08-30,2004-09-05,24.101135941390176,21.152615825946555,35.280191040039085,22.17005498697472,19.365383206881006,24.180771813025842,90.85082413076044,38.99230751624474,99.21153904841496,0.016901196401494626,0.014185346054056516,0.01908946166244837,28,True
2004-09-06,2004-09-12,23.849630183964003,21.055460768479577,34.86341951810397,22.05439617450423,20.465384615384664,24.023078096829977,91.2931319645473,42.7307690840501,99.77692354642429,0.01679586127252001,0.015209615409660798,0.018987768974441748,28,True
2004-09-13,2004-09-19,24.473242682153067,20.742923208383445,33.76242276705233,20.953159349043315,19.265384145883445,23.626921198918296,83.32239013189799,43.80769245441143,99.6499997652494,0.015659677215268487,0.01407365371974615,0.018486384768038988,28,True
2004-09-20,2004-09-26,25.40528577867448,21.798306743915305,34.411769925631006,22.15796734317321,20.67692425067611,25.903845919095602,84.75604396861988,45.61153837350699,98.83461556067833,0.016906868157253323,0.01542673073709011,0.021197999970844157,28,True
2004-09-27,2004-10-03,24.002979211492875,20.931386859600366,31.97542607234078,22.04038500104634,20.230767822265648,23.657692307692344,90.23928567865393,60.10769169147198,99.8615385202261,0.016778122248629537,0.014975846100312013,0.018498999926333245,28,True
2004-10-04,2004-10-10,24.515604224571835,21.597463519756616,33.70373159555288,23.19653774722595,21.292307692307702,26.73461538461538,93.49793968619882,48.207692072941704,99.9500004695012,0.018047267892193252,0.015972923021763563,0.022334538400173187,28,True
2004-10-11,2004-10-17,26.02245114504638,22.62615591195913,35.36569190392129,22.829821383298118,20.850002347506006,25.807692072941734,85.6671702678387,43.45769236637996,99.9576926598182,0.01767413733286558,0.01567869228669084,0.021156269268920787,28,True
2004-10-18,2004-10-24,25.585062986939842,22.160501098632835,35.33649949293874,22.72115424019952,20.074614070012046,25.465383441631616,86.42403854118598,43.711538314819336,99.88846177321214,0.01756889700945876,0.014848577037740212,0.02079853841748375,28,True
2004-10-25,2004-10-31,25.19842635773043,21.05450181227468,33.67734562800484,22.774890455308874,20.950000234750632,26.426920729417077,88.7070055427132,49.549999970656174,99.86923159085788,0.017597880513806428,0.015693384652527478,0.021948846343618173,28,True
2004-11-01,2004-11-07,23.72707842313329,21.65650212214547,27.406571373572717,23.032884845104864,21.307693246694726,26.392309100811303,96.27925837694943,83.05769201425406,99.97307733389047,0.017875146965117574,0.016046961662001334,0.021804153632659178,28,True
2004-11-08,2004-11-14,25.311531880137704,21.81338594876803,33.519191800631006,22.65925884875625,20.08230802095858,25.319231238732016,87.45137364523751,45.653845860407905,99.88461567805363,0.017492689553054643,0.01488546160264657,0.020657345939141054,28,True
2004-11-15,2004-11-21,24.528258665315423,22.136807720477805,30.178995924729577,23.6806458441766,21.834613271860007,26.307695594200766,95.74793981719803,70.78461559002216,99.90769342275766,0.01857539700410728,0.01651430785512695,0.021778961643576622,28,True
2004-11-22,2004-11-28,25.18572890732317,21.098923668494592,33.38919161283053,23.041071269276408,21.06038348858175,26.126152390700156,90.02939585277012,50.188461597149185,99.97692342904898,0.01789094228425401,0.01580200007615181,0.021481499792291567,28,True
2004-11-29,2004-12-05,24.654846795050673,22.375114793043906,33.64676936222958,23.389629380781596,22.164231285682092,25.680768291766867,93.83722533760489,53.60769242506761,99.88461567805363,0.01825206180788822,0.016846576848855384,0.020948461400201686,28,True
2004-12-06,2004-12-12,25.007448862935185,20.865113243689905,34.88838289701022,22.467802420815286,20.34230604905349,25.775768338716944,87.87939578360253,42.3769233410175,99.88077075664813,0.017265245854434976,0.015105192262965899,0.021061961610729877,28,True
2004-12-13,2004-12-19,24.712039209722185,22.20126671424282,30.060498516376242,23.59445091499079,22.121538367638266,26.207693011944116,94.26497268152761,72.41538429260254,99.9538465646597,0.01848522938946569,0.01685534607475767,0.02160315401852131,28,True
2004-12-20,2004-12-26,25.626339268946403,22.73411536583535,34.07145784818209,22.20443681151005,18.973076218825156,25.473075045072164,84.05837916279886,42.450000029343826,99.97692342904898,0.017058060445648792,0.013982153891657408,0.020721846331770603,28,True
2004-12-27,2005-01-02,24.890223970518026,21.602848698542687,32.34199852576626,22.247691915323465,18.908462289663476,25.680385648287256,87.41195066682586,48.31538464472844,99.746154491718,0.017067837920346923,0.01387203850138646,0.02089869216657602,28,True
2005-01-03,2005-01-09,24.102398061228346,21.154459791917077,31.555923227163476,23.09076960637022,21.049998121995202,25.376922372671288,95.04835179611878,58.50384624187763,99.97692342904898,0.01791088049335835,0.015794692238649495,0.020584192198629562,28,True
2005-01-10,2005-01-16,25.580099940038018,22.51711308405953,34.56111708420974,23.253612535078467,21.81961505596456,26.519230534480187,88.95796712938247,47.41153834416316,99.8923081618089,0.01811835719630695,0.016612422939103384,0.02198776939453987,28,True
2005-01-17,2005-01-23,26.464386045015797,23.093078378530663,33.8780010516827,21.985728521661468,18.673077862079367,24.06192462627706,78.89780222714603,45.45769192622258,97.53076993502103,0.016859596142299718,0.013684653820326695,0.019044422902739964,28,True
2005-01-24,2005-01-30,25.644008527483283,21.95957571176382,33.96034569373501,22.9794362833212,20.273074575570945,26.484611863356406,87.4695055615771,45.64615381681002,99.36538549569937,0.017836135983528508,0.01514573090781386,0.02205523081983511,28,True
2005-01-31,2005-02-06,23.60129028991031,21.01599919245797,30.54761657714846,22.49909308297296,20.803843336838952,24.152308302659264,94.28379133245447,65.71923050513634,99.87692348773663,0.017278850301179094,0.015478499985944767,0.019169615295070868,28,True
2005-02-07,2005-02-13,24.492397911994033,21.493268291766867,29.78769014798678,23.487815580263263,21.244230769230796,26.353845214843773,94.89354422852234,65.56153840285081,99.93076999370868,0.018361413458638547,0.015924538414065655,0.021774269425525114,28,True
2005-02-14,2005-02-20,24.984641752138263,21.943384962815514,33.414307579627405,23.063626107016784,20.75807870718154,26.506923734224756,90.79271992484291,47.55769260113056,99.93846189058743,0.017903269180301374,0.015515499963210179,0.02198534609320072,28,True
2005-02-21,2005-02-27,24.640918874216627,22.414345139723594,31.487577937199546,23.482870726533008,22.361537992037256,25.957693011944116,94.18021993846683,62.2038459777832,99.76538467407227,0.018322749979343717,0.01702950020822195,0.02135192287655977,28,True
2005-02-28,2005-03-06,24.46618595332892,22.15741882324221,29.912269944411094,23.812939796866974,22.09999882624703,26.09230722280654,96.65357165284209,80.54230748690091,99.91153893103966,0.018708629115320903,0.016766999955647267,0.02152534617254367,28,True
2005-03-07,2005-03-13,24.35647182255003,20.978616333007835,29.144692993164085,22.885261803930955,20.884232506385217,24.400001878004844,92.56181318157323,67.67692243135892,99.93076940683218,0.017660743161616334,0.015587346234287206,0.019392846152186394,28,True
2005-03-14,2005-03-20,24.71125954428874,22.629498760516867,30.470998676006616,23.160698414896896,22.223077392578148,25.13461632361782,92.3875002022628,68.996153317965,99.87307768601637,0.01797045607524054,0.01696219237951132,0.020179231006365556,28,True
2005-03-21,2005-03-27,23.627006212171636,21.82077120267428,30.66119243915267,22.613873425158847,21.63076876126803,24.319230064978967,94.89766503428366,60.92307662963867,99.93076940683218,0.017338260972442534,0.016258076764643192,0.019273923065226812,28,True
2005-03-28,2005-04-03,24.444816354604885,21.29919292743392,30.587307035006006,23.03640140910727,21.200001408503624,26.350000000000023,92.94546717863817,67.08846165583684,99.91923112135667,0.01785771841449397,0.015883346016590413,0.021687384623174485,28,True
2005-04-04,2005-04-10,23.828785294752883,21.84926640437203,27.843192232572164,23.238598725035974,21.70384192833535,25.399999530498803,96.88118152304011,81.30000041081355,99.88461567805363,0.018042995875885526,0.01640350013398207,0.02059242294098322,28,True
2005-04-11,2005-04-17,23.575004133287386,21.392115431565514,29.528923386793906,22.974725216037648,20.946152672400842,25.115384380634055,96.81167620878954,76.33461541395921,99.8961548438439,0.017770624983093734,0.015620115392196637,0.020210999995470047,28,True
2005-04-18,2005-04-24,24.276010551033465,22.10711294320913,29.589883422851585,23.53475274725276,21.84615243765029,26.500000939002405,96.19464291583051,74.17692257807805,99.9423076923077,0.01841366069857031,0.016560615291102573,0.022009884723677084,28,True
2005-04-25,2005-05-01,24.28800001878007,21.1284635103666,30.557693246694726,23.522115451687007,20.607693950946555,26.007691368689905,96.066758449261,67.76153857891376,99.96153875497671,0.018354741769464136,0.015311500021757988,0.021234038429191478,28,True
2005-05-02,2005-05-08,25.06577160175032,21.717345956655663,34.21292090782754,22.909203556605764,20.276926832932702,25.77307692307693,89.61689558133973,44.47692328232985,99.88846177321214,0.017699164848846313,0.014945807651831554,0.021018884789485198,28,True
2005-05-09,2005-05-15,23.75119489732682,21.75372877854568,31.029266122671288,22.88530229840963,21.33845966045675,25.23461538461538,95.6877749149616,59.84615369943472,99.95769295325645,0.017674916215333063,0.015990961701250993,0.020359692450326223,28,True
2005-05-16,2005-05-22,25.147421801221263,21.782883629432092,32.32576786921578,22.52609875018782,20.911538696289085,24.82307997483474,87.19532973949727,55.196153494027946,98.26538467407227,0.017310876354503516,0.015598846205438558,0.019927961465257864,28,True
2005-05-23,2005-05-29,24.628864388937497,21.340885807917687,33.03980759840749,22.485576981764602,20.315384850135217,24.88077110877407,89.5497253543728,47.092307604276215,99.76923106266902,0.01724242308473849,0.015101307752327276,0.019942384428129747,28,True
2005-05-30,2005-06-05,23.39665588546588,21.28107487605172,29.414652663010827,22.40247237656145,20.68077063927285,25.061534940279444,94.99340667829408,66.40769239572379,99.90384615384616,0.01713980220585734,0.015364730873933205,0.020093538368550632,28,True
2005-06-06,2005-06-12,23.75818614750121,21.170193950946555,30.99227177546578,21.446154433030376,19.453848970853414,23.33076923076925,88.34217051621322,51.79615387549767,99.54230792705829,0.016142618123462404,0.014271307772455307,0.018124500002998572,28,True
2005-06-13,2005-06-19,23.99633216438715,20.586039381760827,32.758806434044516,21.693544299785938,19.792311213566734,24.68077063927285,88.77197815821721,50.68846174386832,99.7884618318998,0.016396950559363098,0.014576961608746877,0.019689846139114637,28,True
2005-06-20,2005-06-26,23.211917684366433,19.026845843975366,29.549807974008445,20.884065414261052,18.953843102088342,23.269229360727195,88.3146978525015,59.203846564659706,99.77307715782753,0.015576287095977383,0.013771884537373599,0.017901884535184272,28,True
2005-06-27,2005-07-03,23.67033886752289,20.283154766376242,32.75784630408657,21.245879137647048,19.053844510591944,23.373077157827538,88.51538467931223,44.88846147977389,99.86538520226112,0.015949865372002044,0.013936076814738603,0.018170000018122103,28,True
2005-07-04,2005-07-10,23.149759791447593,16.33430926983175,33.3212301400992,19.4671704386617,15.784614915114219,23.707690664438132,82.53461536994347,42.8538463299091,98.9423076923077,0.014301482133905067,0.011253884635292567,0.018542307930497024,28,True
2005-07-11,2005-07-17,23.728328302404407,17.532424692007226,34.58957355205831,19.068891604916107,16.23846059945913,24.153845919095602,78.32623635281573,36.115384762103744,99.36538549569937,0.014029718407143194,0.011596653825388504,0.019102692389144346,28,True
2005-07-18,2005-07-24,23.211808315738242,18.47442486102767,30.253997567983788,20.661950599754277,18.02692213792068,23.62692354642428,87.52019236637996,53.43461520855244,99.64615513728215,0.015369972509618562,0.012969615331922587,0.018430038498571284,28,True
2005-07-25,2005-07-31,23.714581013773852,20.025076998197164,32.049344341571555,19.35096180674796,17.34999882624703,22.123075984074546,79.27225271686093,42.58461512052096,98.86153822678786,0.014170032968120343,0.012464500032365322,0.01677938446832391,28,True
2005-08-01,2005-08-07,24.405557083297587,20.376921198918296,34.28961745042068,19.779670145223456,18.04615173339846,21.434613506610617,77.78585156765612,38.76153828547551,94.03846153846153,0.014580348892915217,0.013092923085563458,0.01619315383812556,28,True
2005-08-08,2005-08-14,24.795646893847138,18.709039306640648,36.22634864220254,18.610988591791532,15.703845449594382,20.97307974008413,72.07582423189184,31.350000308110165,90.503846682035,0.013545057685165614,0.011239653775611749,0.015722115345012683,28,True
2005-08-15,2005-08-21,24.219578225272066,21.271769362229577,30.983807842548117,21.68008223313554,19.292307692307702,25.334614445613,87.63282977093706,52.376923047579254,99.27307745126578,0.016411664833028156,0.014173346177603189,0.020430807669002276,28,True
2005-08-22,2005-08-28,24.68962807288538,20.60480651855471,35.61519305889425,20.969092794565075,18.215383441631616,23.065383676382226,82.7245880326072,36.761538432194634,99.79615490253155,0.015735417548157684,0.013181807688222481,0.01790076927640117,28,True
2005-08-29,2005-09-04,25.94515632377878,21.846959979717553,34.487305626502405,20.72156576638696,18.94615384615389,22.446152672400842,76.0079669847593,41.7307690840501,95.40000064556415,0.01547651924960479,0.013846153823228983,0.017323153881499402,28,True
2005-09-05,2005-09-11,25.08588893177748,21.744500732421898,32.220498657226585,21.871977518941048,20.180768291766867,25.430768291766867,84.60618131763331,52.18846174386832,99.72307733389047,0.01663323078857182,0.014953692336208545,0.02058726936005629,28,True
2005-09-12,2005-09-18,24.323921639578707,20.46242558405953,34.595925903320335,20.309670349791833,18.33846200796279,22.688462242713342,81.04670340150267,39.61153852022611,95.8500002347506,0.015049177200205951,0.013351538433478428,0.017459653926869996,28,True
2005-09-19,2005-09-25,26.936496919066062,22.227502441406273,37.603385103665914,20.657005955622765,17.88461749737081,22.97692378117489,72.44436815806797,31.303846212533806,98.62307709913988,0.015435575553635646,0.01297392312867137,0.017672461529190723,28,True
2005-09-26,2005-10-02,26.08587945791393,20.55973440317007,37.49634469839248,20.470192559210833,18.14999718299282,23.280768526517477,74.30068680218288,32.68461542863112,97.95769354013296,0.01524774313285169,0.013214269187301397,0.01809153838369709,28,True
2005-10-03,2005-10-09,26.33095317463301,21.70450040377108,36.07780667818514,20.61332406683285,17.92307903583236,24.47307856633114,74.03942307011111,35.28461544330303,95.54615372877855,0.015392751399693745,0.01304684618774515,0.019381807687190864,28,True
2005-10-10,2005-10-16,25.51290656288904,20.910575045072164,33.77392319899343,22.570892518431304,20.319230064978967,25.63846036470858,86.21881861739107,46.776923399705154,99.68076911339394,0.017388634611391923,0.015061384747521235,0.02100653860431451,28,True
2005-10-17,2005-10-23,24.419823044997013,21.899038226787866,34.06823237492489,22.811030310326903,21.19615149864785,25.311538461538476,92.11771996990664,49.734615325927734,99.92692389855019,0.017619395583796386,0.015926923137158155,0.02048569215604892,28,True
2005-10-24,2005-10-30,25.876483766325244,22.769887836162866,34.13599665715145,23.00170292277915,19.1846158541166,26.573074106069726,86.49725294637156,41.30384635925293,99.74230810312125,0.01787750546789759,0.014074346122260276,0.022187346270164617,28,True
2005-10-31,2005-11-06,24.749226806976008,20.652228487454977,33.44534865159255,23.06133217444789,20.361541513296288,25.53461608886721,92.02142866365203,54.31538435129019,99.97692342904898,0.0178846139946932,0.015121230819764046,0.02080057690349909,28,True
2005-11-07,2005-11-13,24.69187342046384,22.22245999849764,30.163767653245202,23.534972322904167,22.12461477426382,25.761535409780663,94.30714297032618,70.99230766296387,99.88076958289513,0.01842053845949512,0.016818499980637662,0.02103507690704786,28,True
2005-11-14,2005-11-20,25.735400206178124,22.553728309044516,33.98411888709438,24.0303158770551,22.46423198993392,26.15269329364486,91.71469786926941,53.39615337665264,99.79615490253155,0.019025173036964958,0.017211576780447595,0.021613230785498254,28,True
2005-11-21,2005-11-27,25.710270489703188,22.885691481370202,33.739345609224756,23.19472501146927,19.353847562349756,26.598077392578148,88.25714284247094,42.59615384615385,99.97307733389047,0.018082421705392853,0.01428211541273273,0.02211557701230049,28,True
2005-11-28,2005-12-04,26.121701519305912,22.706653066781882,34.51953805776748,21.967087144118107,19.861541513296288,24.86692434457632,80.70590658502263,42.11153852022611,99.77692325298602,0.01682754943612963,0.01476700002184281,0.020028538500460293,28,True
2005-12-05,2005-12-11,25.060754939488024,22.534267484224756,31.757727755033102,23.21265102847594,22.41154104379507,25.08923198993392,91.10219798769269,59.473077040452225,99.93076999370868,0.018094285716210582,0.017216153944341037,0.020194846062132947,28,True
2005-12-12,2005-12-18,24.633821315555803,22.68434706467849,30.168999070387656,23.5716621231247,22.465384615384664,26.05730708195614,94.59890105698135,65.06538464472844,99.9576926598182,0.01847487773265239,0.01720888461344517,0.021461192303552076,28,True
2005-12-19,2005-12-25,23.565470701783592,21.658194673978414,30.20477036696218,22.595357555347512,21.387306565504844,24.478076406625632,95.19862659160908,61.54230763362004,99.85000052818886,0.01735233929351095,0.016048230803929843,0.01944742315950302,28,True
2005-12-26,2006-01-01,24.48956883189445,20.335614483173117,33.626234553410484,19.78423101404213,16.776923311673727,22.87307833158053,78.72129136913426,36.52692325298603,99.98846171452449,0.014658340664867025,0.012111153847609576,0.017636192246125296,28,True
2006-01-02,2006-01-08,25.307972306471633,21.373614736703757,33.6215759277344,21.976291631342313,18.303846858097984,26.084614445613,84.1626375062125,40.81538435129019,99.68846189058743,0.016856267851275895,0.01329630770935462,0.021526653821078632,28,True
2006-01-09,2006-01-15,25.068162997738366,21.580151836688742,33.420193950946555,22.770055012126573,20.269230534480187,25.39230675330532,89.14505494819892,46.11153852022611,99.9538465646597,0.01760892444136706,0.015108884706233557,0.020643077002694972,28,True
2006-01-16,2006-01-22,23.83259076967347,21.224578622671288,31.316114924504234,21.99567335359345,19.803844510591944,24.274999530498803,91.09876394795847,50.711538314819336,99.92692360511192,0.016773206066688175,0.014686269219964743,0.019204461732162878,28,True
2006-01-23,2006-01-29,23.18285685947965,21.898770611102805,27.193231201171898,22.78517869383426,21.73461421086239,24.534618436373194,97.91689588735392,86.12692319429837,99.97307733389047,0.017552603023372346,0.016418692405120686,0.019554192200303078,28,True
2006-01-30,2006-02-05,23.68135185660899,21.55884704589846,28.737732872596155,23.038915504204063,21.457695359450156,24.546152907151452,96.74381909527621,76.68461594214806,99.96153904841496,0.01785376103298104,0.016181923269938964,0.019536346268768493,28,True
2006-02-06,2006-02-12,24.43920057527313,21.699575336162866,32.32826796311599,22.365837868491393,19.815383676382226,24.377308537409874,89.7587912266071,48.13846162649301,99.92307721651517,0.017135050821957272,0.014668115378858952,0.019352884748234198,28,True
2006-02-13,2006-02-19,25.11930551214535,21.526845843975366,33.62050194373501,22.439066096714587,18.230767822265648,25.48461655836843,87.2034341948373,39.811538402850815,99.9461543743427,0.017299565959946958,0.013179807780453792,0.020787346105162915,28,True
2006-02-20,2006-02-26,24.655479364080772,22.589423311673727,31.02250295785757,23.3700273702433,21.28461256760818,25.98076899601864,93.54958818771027,57.46923065185547,99.92692360511192,0.01822744504354157,0.016070038581696842,0.021307077043904707,28,True
2006-02-27,2006-03-05,24.543048120855,21.459156681941124,31.26453552246096,23.698242330027174,21.407692307692344,25.93077063927285,95.83461561307801,62.82307654160719,99.97692342904898,0.01857671013823455,0.01612126934700287,0.021282692368213948,28,True
2006-03-06,2006-03-12,24.286474936349073,21.86776944673983,31.469922344501242,23.425494535676744,21.630767587515038,25.59230839655953,95.69395625460278,61.007692043597885,99.93461579542894,0.01826781866263475,0.016345807637732763,0.020874846153534375,28,True
2006-03-13,2006-03-19,24.29951013418346,21.719037334735617,31.816538649338952,23.12060439560442,20.561539635291467,24.880766413762046,94.18818699658573,51.20769236637996,99.9538465646597,0.017954554944810876,0.015333653785861455,0.019962461450352117,28,True
2006-03-20,2006-03-26,24.254353969699764,21.89377042330233,28.560190993088952,23.369643133813234,21.776920964167687,26.799998121995202,95.51140121313242,75.79615387549767,99.96923123873196,0.01821452332276769,0.016500038417199485,0.022287845898133058,28,True
2006-03-27,2006-04-02,24.039859117780434,21.458426607572164,31.739115553635827,22.74868155678552,21.311538461538476,24.67307903583236,93.88269253091497,59.23846171452449,99.93076999370868,0.017515744536777365,0.01600207703617903,0.019724884786858007,28,True
2006-04-03,2006-04-09,24.34317450051782,21.41830772986782,29.959499417818506,23.550824737548858,21.061539635291467,26.53845778245193,95.99931335973216,69.04999982393704,99.992307809683,0.01843513736429696,0.015790384656821307,0.022100345947994635,28,True
2006-04-10,2006-04-16,24.55433840908849,20.68604079026443,32.48884911170376,22.701552355420485,20.67692425067611,25.907693481445335,90.78557698281257,53.28846197861891,99.84615443303035,0.017520336546822564,0.015358153838091172,0.021292077019237556,28,True
2006-04-17,2006-04-23,23.400886217054456,20.04934786283053,29.728309983473594,21.63104429978593,19.8423048753005,24.103847562349756,90.96112637467436,59.91923097463754,99.93076970027043,0.01635270467882587,0.014533192241707673,0.019015269210705392,28,True
2006-04-24,2006-04-30,23.88918981028129,21.642077871469382,30.88411513108474,22.90604452615258,21.542310039813742,24.857693950946555,95.10412120295095,63.43846115699181,99.98461561936598,0.017676978041980783,0.016260807688992757,0.01989853847771883,28,True
2006-05-01,2006-05-07,22.75969073117437,19.960806978665914,28.8903043306791,21.971153904841515,19.89230792705831,25.157689960186303,95.84752765068642,72.45384612450233,99.81923059316782,0.016696759610907635,0.014613307690104613,0.02021165371227723,28,True
2006-05-08,2006-05-14,22.65110964932287,17.2805372971755,31.224806330754234,18.976923236218152,16.357692777193506,23.596154785156273,82.46236275578592,40.91923082791842,99.91538473275992,0.013933451929395753,0.011724653904541181,0.01838349995131676,28,True
2006-05-15,2006-05-21,23.98771006825209,18.071423809344992,33.934732055664085,19.562362729586106,15.54999694824221,23.607692777193506,79.48282967032968,34.7692309159499,99.39230786837064,0.014508189552893432,0.011091307736933231,0.018416807628594913,28,True
2006-05-22,2006-05-28,22.359778284764577,19.28230849045974,29.92672940767733,20.98365395514522,19.092309570312523,23.615385554387046,92.95659365496793,61.638461333054764,99.98461561936598,0.01564927333914726,0.013846115459902929,0.018372153899130914,28,True
2006-05-29,2006-06-04,22.970810330569115,20.130652559720602,32.03588374211239,21.769368198939755,20.003846153846155,24.057694420447717,94.12307718297937,52.61153852022611,99.88461567805363,0.016453131870878348,0.01477596153003665,0.01887642305630904,28,True
2006-06-05,2006-06-11,23.832684334555854,19.92669302133413,31.584805767352805,21.703708372011313,19.84230722280654,24.373075984074546,89.50576914797773,53.646154110248276,99.9384621840257,0.016410450545743437,0.014627884571942,0.01933361539760461,28,True
2006-06-12,2006-06-18,23.277873632410092,19.879688908503624,30.695807589017477,21.308516382909108,19.619231942983788,24.973073871319116,90.61277479129834,52.70384641794058,99.96153904841496,0.016014546699627496,0.014399500062259344,0.019957230927852485,28,True
2006-06-19,2006-06-25,22.443449938428298,17.88123121995193,33.563772113506616,20.1671702374469,17.511540104792687,23.380766413762046,89.16717049315734,39.99615405156062,99.81923088660606,0.014908932696946047,0.01255992312843983,0.018062961789277885,28,True
2006-06-26,2006-07-02,22.921688138521656,20.388577740009055,31.066269859900842,20.651236163128885,18.773078096829977,22.73846059945913,88.4501374422849,49.80769230769231,99.28077022845929,0.015335542578403685,0.013679923059848638,0.017401807726575777,28,True
2006-07-03,2006-07-09,23.332535812880995,20.18280592698318,31.73330782376803,19.76730830433607,17.41923147348257,21.53461608886721,83.04395593391669,44.157692395723785,99.61153910710262,0.014506576932035387,0.012496153752391156,0.016089807694348004,28,True
2006-07-10,2006-07-16,23.701855896331477,19.548307917668296,32.075040142352805,20.50618150312825,18.13461397611178,23.619229595477805,84.60521985148337,51.5192309159499,99.08846165583684,0.015256026117540487,0.013092461686867934,0.018602346141750995,28,True
2006-07-17,2006-07-23,23.512443307729885,18.393845543494592,31.944346266526452,19.26730809473732,16.22692612868093,22.28461608886721,79.8280220084138,41.315384498009315,98.94615349402794,0.01412015245679848,0.011576192274403114,0.01698484608473686,28,True
2006-07-24,2006-07-30,23.81507611117522,20.296537898137046,31.482691603440514,21.556044249482227,20.123077157827538,23.22692378117489,89.14038460595268,53.38076899601863,99.65384644728441,0.016267739006082763,0.014876115314949017,0.018075307723707877,28,True
2006-07-31,2006-08-06,23.349006711519703,18.772843346228967,31.839539513221155,20.122389841603734,17.01153423602767,24.40384357158956,84.81236258705894,45.788461391742416,99.66538502619817,0.014908313169144094,0.012173730700921554,0.019235923098256953,28,True
2006-08-07,2006-08-13,24.61244123689423,21.336461932842553,33.73673048753005,21.05563230409729,18.976922607421898,22.669229125976585,83.24848912836431,41.60769227834848,97.90000005868765,0.015799281603124524,0.013856576898923287,0.017472923195992526,28,True
2006-08-14,2006-08-20,25.34007956536264,22.01446157602163,33.15411353478066,21.59711554391046,19.534613741361227,24.53461491511422,82.29065938572307,45.338461509117714,99.45769207294171,0.016323173066836547,0.014341115342596402,0.01946353855041357,28,True
2006-08-21,2006-08-27,24.863655442457958,21.792192664513266,34.39142526479873,21.73063246339234,19.250000939002405,24.453845449594382,85.54711551456661,41.507692043597885,99.85384750366211,0.016461671681839277,0.014109500074902406,0.019371115495092593,28,True
2006-08-28,2006-09-03,24.954042095142427,19.435959801307092,34.374807269756616,20.36895657214492,18.38461632361782,22.719232177734398,79.00728013751271,39.15769210228553,98.88461479773888,0.01514051786552255,0.013307230761991097,0.017479230685589407,28,True
2006-09-04,2006-09-10,24.40928127582259,20.544999107947717,35.14061302771938,19.47939557924377,17.19615149864785,21.67692190317007,76.73928559743442,36.9730768937331,97.27692295954778,0.014340842027565118,0.012313115338866528,0.01638273070924557,28,True
2006-09-11,2006-09-17,25.16468204875571,19.633924983097984,35.35834421011123,20.235989010989027,17.85768925593453,22.023075749323937,77.51510974863073,35.82692293020395,98.21153787466196,0.015018880473460061,0.012934961535323124,0.016751038412062023,28,True
2006-09-18,2006-09-24,25.330935191060185,21.796000319260827,34.99338449331435,21.90865424019952,19.300000469501242,24.300000469501242,83.98035707054557,39.392307428213265,99.38846177321214,0.016674730768120222,0.014103115357172031,0.019406846151329003,28,True
2006-09-25,2006-10-01,25.226039777483283,20.75426870492788,36.15211580716647,21.03939586262129,18.511537757286703,23.48846059945913,80.92623632818788,35.36538490882287,99.65000093900241,0.015817090678335793,0.013459807727485895,0.01829084610709777,28,True
2006-10-02,2006-10-08,25.073810426481504,21.74561462402346,31.044960374098594,22.825082690899215,20.74615220289968,26.607691603440514,88.7188188636696,63.41153922447791,99.78461573674129,0.017656778851472824,0.01547219235306749,0.022082577029672954,28,True
2006-10-09,2006-10-15,25.878346512343878,22.486887770432702,34.334117948091944,23.912417669610686,21.77307692307693,26.461537053034874,90.55123644870716,49.596154066232536,99.46923094529372,0.018894622281480294,0.01650388456451205,0.022064269305421755,28,True
2006-10-16,2006-10-22,25.575634522490475,22.15423208383413,32.73419635479269,23.20910637824093,21.819231238732016,25.757691368689905,88.47651101730682,57.907692249004654,99.40384644728441,0.01807596290658054,0.016582461503835823,0.021150884612535056,28,True
2006-10-23,2006-10-29,26.460833136589994,22.251922372671288,35.148039362980796,22.842637508518106,19.97615497295675,25.88461514986483,83.15384625340555,41.38076928945688,99.87692378117488,0.017705027503984887,0.014738269329357605,0.021380615420639515,28,True
2006-10-30,2006-11-05,25.985642502334112,23.709576885516867,32.39592191256014,24.39722490415471,21.07308114858779,28.230766648512656,92.20851656106802,51.46923065185547,99.82307727520282,0.019476700553690995,0.015887461638507936,0.024437884656855695,28,True
2006-11-06,2006-11-12,24.12157370598764,21.636576491135827,28.26465641902047,23.274505757761556,21.602307598407492,26.53846130371096,95.55467053298112,80.0384618318998,99.89615455040565,0.018139417586428532,0.01629603858320759,0.02206273076052849,28,True
2006-11-13,2006-11-19,24.623971012660462,22.248267305814352,31.05450181227468,23.402596165583702,22.16576772836538,26.210767071063742,93.86978024702806,62.53461500314566,99.88846236008864,0.018268690908911055,0.016872884490742132,0.02159673061508399,28,True
2006-11-20,2006-11-26,24.729698784796767,21.071037644606406,31.675079110952538,23.248571098243815,20.34538480318514,26.598846200796288,92.62788462376857,68.6999998826247,99.98461561936598,0.0181411318660069,0.015063230664684223,0.02210607687727763,28,True
2006-11-27,2006-12-03,25.05393291934508,22.733539053110007,30.15938485952529,24.085728211455315,22.63076993502108,26.615384380634055,95.09532990298429,72.55769216097318,99.96923123873196,0.01905646432667029,0.017439038707659796,0.022216423271367185,28,True
2006-12-04,2006-12-10,24.96939000559379,22.342688692533102,30.461346905048117,23.875164551787343,22.306153282752405,26.724613835261437,94.40192316914651,66.61923041710487,99.97692342904898,0.018814618138923912,0.017031999949652415,0.022344730937710174,28,True
2006-12-11,2006-12-17,24.060487659160934,21.274309363732016,29.18638587364785,23.175206295474563,20.98461655836843,25.79654024564303,95.37761001796513,76.6384614797739,99.98076952420749,0.01800615382815742,0.01571496160557637,0.021108999991646178,28,True
2006-12-18,2006-12-24,24.7015919695844,22.513269042968773,29.808963247445945,23.769916928469506,22.36730698805593,25.83461561936599,95.32170362262936,67.50769263047438,99.95384627122145,0.018637063192807467,0.01704838456442723,0.02114946158746114,28,True
2006-12-25,2006-12-31,23.757744313334396,21.16500009390029,30.724037522536094,22.670165068238667,20.902309476412256,25.254614962064352,94.58612651091356,65.81538464472844,99.92307750995343,0.017422509594605517,0.015550615445065957,0.02033430767747072,28,True
2007-01-01,2007-01-07,23.87019416892924,21.726309908353414,29.355846463716944,22.880975048358646,21.538843947190514,24.973077392578148,94.94807691364498,70.6576919555664,99.84230775099535,0.017664243171636302,0.01619719248265028,0.020138269182867728,28,True
2007-01-08,2007-01-14,24.16804124601597,21.98973294771639,28.961769456129844,23.227471504630646,21.715384615384664,24.73461421086239,95.11332436446305,75.76538438063402,99.94230857262245,0.018039270621407165,0.01646173082721921,0.01980661557844052,28,True
2007-01-15,2007-01-21,24.394661511431707,21.940578519381006,29.580461707482016,23.610576730246095,21.880767587515038,25.215386962890648,95.94876392071065,76.7884618318998,99.96923123873196,0.018468370896528714,0.016570577039741553,0.020366769212369736,28,True
2007-01-22,2007-01-28,24.17128709227177,21.81777108999404,32.38242375300484,23.113970343621247,21.694998873197164,25.356157508263266,94.81291214450376,54.11538446866549,99.97307733389047,0.017924097495839248,0.01639700000389264,0.020571653731167316,28,True
2007-01-29,2007-02-04,25.39608112377128,21.527615825946555,34.26453669621395,21.944382191752364,20.268461726262046,23.63384868915267,83.77994508009691,44.619230857262245,99.2961534353403,0.016694585150517114,0.014989923005207227,0.018498769137435235,28,True
2007-02-05,2007-02-11,26.00007798750324,20.904498525766257,35.30976609450124,19.731497309758137,17.256541090745202,24.626542076697717,71.3271977194063,36.123077245859,93.23076864389273,0.014614506861307547,0.012424730695784092,0.019649423085726224,28,True
2007-02-12,2007-02-18,26.406823688549025,22.829654165414695,35.81115464430593,21.516195670327015,13.911536348783102,25.341922231820945,78.8471154668829,27.49615375812237,99.72692401592548,0.01649668543077596,0.01002876922631493,0.02063450016654455,28,True
2007-02-19,2007-02-25,25.82279093815733,22.07419151893032,34.920499126727805,19.763352127913613,14.607306612454977,24.553848031850976,72.7678572345566,30.630769436176006,97.51538555438702,0.01477901647276767,0.010498807693903264,0.019492922995526057,28,True
2007-02-26,2007-03-04,24.295391225290846,22.479115178034874,29.378037438025842,23.20979432326099,21.99615337665267,25.111539165790305,94.45329682381599,69.16538531963641,99.97307704045222,0.018044222526221565,0.01681853848724411,0.020247384547614135,28,True
2007-03-05,2007-03-11,23.458445094181968,21.272191913311303,29.385001314603414,22.772416938530238,21.23692180926986,24.866152015099203,96.4833792068146,73.68461550199069,99.91538473275992,0.01754660715072692,0.015917807674178712,0.019933423027396202,28,True
2007-03-12,2007-03-18,24.183504729218555,21.987575589693506,28.988732910156273,22.784917533790694,21.865384380634055,25.18076946551986,92.8219780921936,70.39615411024828,99.83461614755484,0.01756353432486591,0.016598038303737458,0.02038638458515589,28,True
2007-03-19,2007-03-25,23.872076826829193,21.252154775766257,30.409344951923117,22.985989555945782,21.049998121995202,24.98077016977163,95.45137369239724,70.57307610144981,99.94615408090445,0.017790468426288238,0.01584646163078455,0.02015807694540574,28,True
2007-03-26,2007-04-01,23.99942852481383,21.169885253906273,31.417999032827538,22.861860396835855,21.10384404109078,24.93077063927285,94.3402473795545,64.87307709913988,99.93461638230544,0.017684837913263467,0.01582638446528178,0.019984923016566496,28,True
2007-04-02,2007-04-08,24.085501467526644,20.806998384915914,30.73107651930593,23.083447651286722,20.51154127854568,26.357692777193506,94.93269253301096,66.79615387549767,99.95384685809796,0.017897773346004005,0.015235500123638373,0.021699884763130776,28,True
2007-04-09,2007-04-15,23.28256055391754,20.07542043832632,30.642384221003624,22.29711534269566,20.069230064978967,24.18846341646639,94.93200571982415,63.184615501990685,99.9538465646597,0.017006135994701514,0.01480073077031053,0.019020730844483927,28,True
2007-04-16,2007-04-22,23.782432782519013,21.825307758037866,28.37619464580831,23.226480773255087,21.807692072941734,25.45768949068514,97.06923092852583,83.2923085139348,99.98461561936598,0.01801909063303086,0.016494653832453948,0.020596499984654095,28,True
2007-04-23,2007-04-29,23.612132162576216,19.99815579927889,28.637231445312523,22.805618051382236,19.930774160531882,25.096154785156273,95.76936824505147,71.34230789771446,99.95769295325645,0.017567739017297523,0.014591461477371363,0.02020907702927406,28,True
2007-04-30,2007-05-06,23.269647300636397,20.16311739408053,30.095498657226585,22.01510969727906,20.11730698805593,24.441924814077538,93.6032966362251,64.73076893733098,99.93846247746394,0.016752067271486988,0.014840807622441879,0.019423000013025906,28,True
2007-05-07,2007-05-13,22.33994655399535,17.74657944899343,29.888615300105187,21.346497185675673,17.607696298452538,25.638465059720602,94.70851661346771,74.4230767763578,99.98076952420749,0.01616570055817387,0.012643807782576634,0.020958346099807665,28,True
2007-05-14,2007-05-20,23.5443560589801,20.876343712439905,33.24669212928188,22.384217079917182,20.784617262620202,25.053846858097984,94.24065950414636,52.28846153846154,99.99615390484149,0.017102571417946,0.015433692194234867,0.020124769268127587,28,True
2007-05-21,2007-05-27,23.270614137754364,16.928039316030663,32.490190711388266,21.4716621398926,16.111537992037256,25.69615149864785,91.28200550393743,47.57692307692308,99.93846189058743,0.01635256320350691,0.01155615383042739,0.020979615286565743,28,True
2007-05-28,2007-06-03,23.346460170536268,20.686772038386437,29.49022944523739,21.841208757673023,20.68846341646639,24.73846177321218,92.30521998562655,65.4076919555664,99.96923065185547,0.016519761012334908,0.015320653919703685,0.019696999986011248,28,True
2007-06-04,2007-06-10,23.09318254910985,20.032768601637656,29.25419475848861,21.715920852828827,19.953847797100366,24.076922842172507,93.0258243896149,64.81538449800931,99.98076952420749,0.016386351647919843,0.014744961455177803,0.018839846150233194,28,True
2007-06-11,2007-06-17,22.286498830606668,19.739538104717553,28.760999004657492,21.115178722339692,19.230767822265648,23.68076946551986,94.0262363088,67.04999982393704,99.92307721651517,0.015803706060818674,0.014035884684954699,0.01847838470712304,28,True
2007-06-18,2007-06-24,22.72630764468687,20.337614558293296,28.49614985539364,21.18125028505432,19.93077063927285,22.865384380634055,91.96854400634766,64.6961537874662,99.33846194927509,0.015852739005912463,0.014692000005967341,0.017625923125216596,28,True
2007-06-25,2007-07-01,22.870243131197437,18.93053823617788,29.833730609600366,19.74011022546792,16.719231003981406,22.400000704251852,84.49821422388266,47.415385026198166,99.55384591909555,0.01449183377585691,0.011925961499890456,0.017031653855855648,28,True
2007-07-02,2007-07-08,23.456520726130577,18.966922231820945,31.87769470214846,19.58846150492576,16.350000000000023,21.288463651216944,81.23681342470776,40.50769248375526,99.67692360511192,0.014375152464208939,0.011627922980831219,0.016011615391247548,28,True
2007-07-09,2007-07-15,22.9415699214726,19.54684659517733,30.18538583608779,21.496016676347356,19.49615337665267,22.93076946551986,92.61387369658921,59.853845889751724,99.92692360511192,0.0161685865247049,0.01429219225134987,0.017681576848889772,28,True
2007-07-16,2007-07-22,23.225188177758547,17.891613065279444,32.97284733698922,21.159890244033335,17.873077157827538,24.011536583533655,89.93324184417725,48.7769231062669,99.82692307692308,0.015868130528910476,0.012863230819885548,0.01885019249927539,28,True
2007-07-23,2007-07-29,23.050070223965513,17.589575899564352,32.87492464505709,20.509203791356374,16.203845449594382,25.79999694824221,87.6832418336973,47.13461553133451,99.81153928316556,0.015360722540887994,0.011558999952215415,0.021078038387573682,28,True
2007-07-30,2007-08-05,23.416233834067565,18.103959068885217,32.7896139291617,18.842994622869835,15.526923311673727,21.007693716195945,78.65975273310482,39.7961540222168,96.7423083965595,0.01375405633678803,0.011025923089339184,0.015675115399062634,28,True
2007-08-06,2007-08-12,24.56938323974612,20.640387667142477,33.28665255033053,20.922527162321337,19.269229360727195,22.038462477463952,82.37829674207248,46.52692325298603,99.45769324669472,0.015627068698989575,0.014094923121424822,0.01677057698655587,28,True
2007-08-13,2007-08-19,24.30184338747802,20.529693368765038,33.051344416691734,20.812362394228103,19.534611393855187,23.63076876126803,83.56318665074778,45.04230748690092,99.11153822678786,0.01554086812065689,0.014320307661994146,0.01841973069195564,28,True
2007-08-20,2007-08-26,26.077748703170624,21.529421058067953,36.882960158128014,19.55054928287047,16.834613271860007,23.49230816180892,71.18173060312377,31.442307398869442,95.12692290086012,0.014430502734075371,0.012077884605297675,0.018471346165125187,28,True
2007-08-27,2007-09-02,23.670432683923764,20.915652700570945,30.380693641075766,22.030082593645382,20.01923170823318,25.02692213792068,91.67472540153253,63.130769142737755,99.89230786837064,0.016753984878740306,0.014777692249761177,0.020014615442890387,28,True
2007-09-03,2007-09-09,24.24365382770918,20.978002460186303,31.976541137695335,21.90604410695508,19.965385789137656,24.899999530498803,88.63489028385708,52.823077128483696,99.28076964158278,0.016626519235465063,0.01467657694593072,0.019916730789610974,28,True
2007-09-10,2007-09-16,24.4746264111865,21.108192795973594,33.22888394869295,21.638598825643378,18.969231003981406,25.107693950946555,86.37225287825197,42.803846212533806,99.23461561936598,0.016404513735324144,0.01382107688830449,0.02022988463823612,28,True
2007-09-17,2007-09-23,25.232595062255882,21.58357684795675,33.556349299504234,21.427788216727148,19.59230722280654,23.615385554387046,82.0372251678299,46.33461541395921,99.03461514986478,0.016153434089354272,0.014398346189409494,0.018425000043442614,28,True
2007-09-24,2007-09-30,24.927701778202284,21.89484558105471,34.938039691631616,22.20865335150082,20.346154785156273,24.91923147348257,87.07815938467509,42.49230736952562,99.75384609515851,0.016945309063245716,0.0150548077474993,0.02002684621570202,28,True
2007-10-01,2007-10-07,25.774015087085793,21.270804537259664,36.01584543081435,21.66593347905758,19.13461632361782,25.261540104792687,80.92032965984973,36.99999955984262,99.32307698176457,0.01642799864466824,0.014024230687377544,0.020538884680718184,28,True
2007-10-08,2007-10-14,25.381836583064178,20.87338468111483,34.86484562800484,22.76288451310045,20.457694185697164,26.3269240159255,87.83887370078118,44.14230757493239,99.93461550199069,0.017626880522264722,0.015235230756493716,0.02178219225830757,28,True
2007-10-15,2007-10-21,23.441642777998393,20.286843872070335,29.427116746168906,22.77451871096435,20.24615220289968,26.000000939002405,96.53818695885795,72.23076893733098,99.96923094529372,0.0175779807562991,0.015031461639759632,0.021388884705419723,28,True
2007-10-22,2007-10-28,24.35340937520123,21.420924025315514,29.610118924654444,23.410842912275736,21.405768526517477,26.49615337665267,95.17458818771027,73.91538458604079,99.94615466778095,0.01828774586601367,0.016133115304490693,0.02190246167950905,28,True
2007-10-29,2007-11-04,25.626024745060867,22.205926513671898,34.392421781099756,22.881126630175263,19.503847327599203,26.042308866060694,87.07774730829091,41.680768966674805,99.9384621840257,0.017767266466302774,0.014365307807635803,0.021388999902858183,28,True
2007-11-05,2007-11-11,24.339115201509944,21.25045987642733,31.97830528846157,23.31800810426148,21.223077392578148,26.2861525315505,95.07554946102938,59.65384630056528,99.96153875497671,0.018243376333215326,0.01595726917282893,0.021824230654881552,28,True
2007-11-12,2007-11-18,24.121875695867875,21.723499943659874,30.85477130596456,23.297390378176527,21.655772047776452,26.226922607421898,95.9649727161114,71.38076899601863,99.97307733389047,0.018177453303136505,0.01634738461759228,0.021686192172077987,28,True
2007-11-19,2007-11-25,24.18932788555441,21.54000009390029,30.08519193209139,23.348584914993477,21.24615337665267,26.251540902944726,95.72129145297376,66.6000002347506,99.91538531963641,0.018208359899050505,0.015965423116890285,0.021644077048851892,28,True
2007-11-26,2007-12-02,25.214523416037114,22.245269540640038,31.399039400540914,23.03741725041319,21.882304030198327,25.736149479792687,89.51346162125306,58.18461594214806,99.95000076293945,0.017884170356370348,0.016597461600143176,0.021058961534156248,28,True
2007-12-03,2007-12-09,25.68315344171212,22.195460158128014,33.722768695537866,22.09089301811472,18.921537898137046,24.573844088040914,83.09945054630657,41.45384627122145,99.62692319429837,0.016891603025474718,0.013845692317073163,0.019651230747023456,28,True
2007-12-10,2007-12-16,24.060769317962336,21.520923086313132,29.72850013146035,23.119230601551788,21.26961435171279,25.470380108173117,95.24107170628977,70.3346148270827,99.86153910710262,0.017974262394440863,0.015965769425607644,0.02070750016719103,28,True
2007-12-17,2007-12-23,23.94785855471435,21.521000554011437,28.938502150315514,23.225782515976473,20.88230755145736,25.641920588566734,96.19299467841347,79.7192313854511,99.98846171452449,0.018061526105636834,0.015591038355173973,0.02084761535605559,28,True
2007-12-24,2007-12-30,23.747603087372852,21.31319345327529,29.203345430814352,22.927871008233733,21.106155160757226,25.488845590444726,95.79807705931611,63.5,99.992307809683,0.017742119513319006,0.01580880772179136,0.020736730872438505,28,True
2007-12-31,2008-01-06,23.19042882395317,21.501963454026452,29.79200134277346,21.800027381980836,20.03846012995797,24.466925753079977,93.18667597823091,57.32307698176457,99.97307733389047,0.01653476921933611,0.014829769336546842,0.019421999987501364,28,True
2008-01-07,2008-01-13,24.37726946820272,21.247656954251852,31.002042095477805,22.922115175016664,21.121156897911703,25.938464590219382,92.85631872533442,63.573077128483696,99.85769271850586,0.017772934055416384,0.015772923039129146,0.02131619232778366,28,True
2008-01-14,2008-01-20,23.771204996633024,21.998307213416467,27.474883798452538,23.177472519088603,21.792310039813742,25.103847562349756,96.86826950115162,81.42692389855019,99.96538514357347,0.018007747267352436,0.016521653948495023,0.020292192339324035,28,True
2008-01-21,2008-01-27,24.77149629697697,21.95684673602767,30.33153803898739,23.38365409767237,21.935769653320335,25.14230557955233,93.18928583899697,61.80384591909555,99.98461561936598,0.018227107110330938,0.016640038372805484,0.020267115619320136,28,True
2008-01-28,2008-02-03,25.65011908562631,22.358384117713342,34.174036818284264,21.308406720842658,16.719231003981406,25.461540574293906,80.44711543701507,37.16923082791842,99.66538473275992,0.01619593820478358,0.01206469234938805,0.020755807654215738,28,True
2008-02-04,2008-02-10,24.551867910531875,22.178848031850976,31.01499915489785,22.91164785531853,20.3269240159255,25.419229125976585,91.70274730829092,58.761538578913765,99.80000129112831,0.017714895586902788,0.015126999969092699,0.020570307755126402,28,True
2008-02-11,2008-02-17,23.185593045412872,21.106116426908102,28.138385244516257,22.428145666436855,20.994616933969382,24.12307833158053,96.0243133345803,76.04230822049655,99.96923123873196,0.01717268266832804,0.01565673076905883,0.01905834610359027,28,True
2008-02-18,2008-02-24,23.825150978172246,21.172190504807702,28.056500713641867,23.183448347154577,20.797305532602195,25.415387432391867,96.60219815537171,81.53076905470628,99.95000076293945,0.01799568680376019,0.01547649997071578,0.020570153943621196,28,True
2008-02-25,2008-03-02,24.15925532749723,20.970038546048727,33.3041931152344,22.543901062011738,20.573074106069726,26.050001643254234,92.01511005778889,47.08846136239859,99.992307809683,0.01733172663032067,0.015345576971482772,0.021399269238687478,28,True
2008-03-03,2008-03-09,24.36293936928552,21.097768695537866,30.3208463228666,22.52471108069789,20.219231003981406,24.73461421086239,90.53008244063828,69.08076902536246,99.70769236637996,0.017315745871810877,0.014899807516485453,0.019856423139572144,28,True
2008-03-10,2008-03-16,23.41915471842003,21.022034630408655,30.895230572040305,22.346126824682905,20.92308020958535,24.292308866060694,94.6971156675737,56.36153837350699,99.97692342904898,0.01709806320262602,0.01559534608028256,0.01925123081757472,28,True
2008-03-17,2008-03-23,23.086873626709004,20.764809006911094,27.59130718524642,22.259230578076735,20.496154550405663,25.226152625450766,95.66758256430155,72.9692307985746,99.94230857262245,0.01699332691790475,0.015189961458627995,0.020350884574537095,28,True
2008-03-24,2008-03-30,23.96013785561365,21.53900005634017,30.679078087439905,22.76854380513288,21.476922607421898,24.74615337665267,94.0916209430485,61.96153846153846,99.91538502619817,0.017557445050032993,0.0161446537106083,0.019758538557932928,28,True
2008-03-31,2008-04-06,24.0998847626068,21.472462346003624,30.799230487530053,22.7432687528841,21.09999882624703,24.465382267878624,93.19326929469685,63.2730770111084,99.68461520855243,0.01755606319760433,0.01583411551725406,0.019481538508373957,28,True
2008-04-07,2008-04-13,24.04938831538946,20.91299884502706,30.570498891977195,22.470453090458143,20.896154315655053,24.584230628380453,92.02884631104521,59.66153878432054,99.90769283588116,0.017247743175395732,0.015607230651837129,0.019582769117103174,28,True
2008-04-14,2008-04-20,23.23115788554099,21.288578679011437,27.305386822040305,22.67802233853185,20.900000704251852,25.057693246694726,96.99862646794581,85.73076835045448,99.9576926598182,0.017434769206434733,0.01561757682177883,0.02008803840726614,28,True
2008-04-21,2008-04-27,24.146177036159663,21.548114248422507,29.484655292217553,23.078186764559923,21.24999741774343,26.12692472017733,94.59162106880775,67.89615425696739,99.93846159714919,0.017915740377617652,0.015950730822693843,0.021526269184855316,28,True
2008-04-28,2008-05-04,22.797007063980963,19.16057974008413,29.412579815204367,21.99107136149985,18.85961421086239,24.543459144005453,95.90068692427415,66.3230771284837,99.98461561936598,0.0167333845722049,0.013663230678783013,0.0195248846251231,28,True
2008-05-05,2008-05-11,21.465730914440805,17.56846243051382,29.047036743164085,19.868543997963723,17.480767822265648,22.011538931039695,91.65892858819646,56.73076952420748,99.98846171452449,0.014632837896767472,0.012545346103322048,0.016679999991678275,28,True
2008-05-12,2008-05-18,22.62709772298626,20.441846172626242,28.208730609600366,22.01469783573362,20.292307692307702,24.900000704251852,96.80947836152801,73.36153925382175,99.96153846153847,0.016700578279087094,0.015028192267681543,0.019877499900758266,28,True
2008-05-19,2008-05-25,23.057730974469898,21.051344416691734,29.42107661320614,22.273764490819264,20.99615337665267,24.39615314190206,95.88516508877932,70.27692325298602,99.96153904841496,0.016980902473493428,0.015678346157073975,0.0193986536648411,28,True
2008-05-26,2008-06-01,22.877456346448987,20.188733379657492,29.130499971829977,22.28214261400833,20.09230839655953,24.073075279822717,96.96785738703969,68.06538493816669,99.95384627122145,0.016999293979676953,0.0147013461145644,0.018986423070041034,28,True
2008-06-02,2008-06-08,22.401996755076,18.053808124248803,31.262963867187523,20.44340629996837,18.046155254657492,22.47692378117489,90.5571431851649,47.85769198491023,99.95769295325645,0.01514047802461741,0.013008423077945527,0.017115038676330678,28,True
2008-06-09,2008-06-15,22.926060368464565,20.742920860877405,29.134112783578757,21.84876366080821,20.507692542442953,24.919230299729577,94.563599219689,65.7115381681002,99.96923123873196,0.016554070063508473,0.015207346027287153,0.020015000043293603,28,True
2008-06-16,2008-06-22,22.60038771576936,19.978189086914085,29.764655245267477,21.43640109051717,19.59615243765029,24.865383206881006,94.12651120175371,55.65000005868765,99.97692313561073,0.016145833815284238,0.014377615414559841,0.019854076779805697,28,True
2008-06-23,2008-06-29,22.74727611332151,19.583191856971155,30.703422898512656,21.090247202443575,19.219231003981406,24.3423048753005,91.88612657588916,51.54615387549767,99.96538514357347,0.01577367721724191,0.014073653863026546,0.019269192233108558,28,True
2008-06-30,2008-07-06,22.516336520687585,19.35126647949221,30.965613497220602,19.728296736832526,18.246155724158655,21.961537053034874,86.52843422418111,46.86153837350699,98.70769207294171,0.014474211534444283,0.013216076956058923,0.016554422963124055,28,True
2008-07-07,2008-07-13,22.178366918878258,20.131923734224756,27.757461313100976,20.837363123631754,18.784613741361227,22.58077040452224,93.03159350615282,64.91923038776105,99.95000076293945,0.01551711262628477,0.013641730774767123,0.017224961533569373,28,True
2008-07-14,2008-07-20,22.69868106213247,17.48234417255111,32.63199885441708,21.13887369344525,17.43461468036361,24.938462242713342,92.30068691484222,45.60000038146973,99.96538514357347,0.01586447391213829,0.01254292308854369,0.019889884556715306,28,True
2008-07-21,2008-07-27,23.12797539679561,20.031654710036094,30.143077909029444,21.71401098901101,19.988464120718163,24.538462477463952,93.11401120384971,61.95384612450233,99.93846247746394,0.01640844506539077,0.014753845985978842,0.019485999937527455,28,True
2008-07-28,2008-08-03,23.36198779095663,20.04865417480471,31.197886305588952,21.720192768809575,19.819230064978967,25.296152907151452,91.93282962107396,53.557691720815804,99.9576926598182,0.01645921430918951,0.014483461550508555,0.020485153708320398,28,True
2008-08-04,2008-08-10,23.205738503592368,20.411962421123803,28.96834364670974,21.79739033625678,20.311540809044516,24.17692190317007,92.81428580231719,68.2769231062669,99.81538479144757,0.01651715798109033,0.015072730978807578,0.01905892316538554,28,True
2008-08-11,2008-08-17,24.59172826913689,19.58423414963943,35.94834172175484,20.8089281186953,18.346155958909264,25.411537522536094,83.19752757889884,35.5153846007127,99.45000017606296,0.015594167587511077,0.013363384641706944,0.020604846067726612,28,True
2008-08-18,2008-08-24,24.80136541848657,20.530579552283655,36.27699960561904,21.364148418719974,18.38846153846157,25.046152907151452,84.31497266266372,34.711538314819336,99.86538520226112,0.016127243148070854,0.013333461498125242,0.02012173072076761,28,True
2008-08-25,2008-08-31,24.449453559288635,20.36703819861782,34.879383732722374,21.407142027131822,18.923077862079367,24.819227717472984,85.78324174618983,39.86153822678786,99.81538479144757,0.01619704257041871,0.013854923084951364,0.019901461612719756,28,True
2008-09-01,2008-09-07,23.200745148711174,20.81045743502108,29.008075185922507,21.719230920141893,19.87692589393032,25.4423062838041,92.40590661960644,70.15384630056528,99.63076987633339,0.016454045334575024,0.01467726924098455,0.020661192373014413,28,True
2008-09-08,2008-09-14,23.739259506057927,20.903155752328757,32.95780803973861,21.377610066172856,19.142309100811303,24.696155019906882,88.55164858011099,43.96923079857459,99.86153881366437,0.016119818682884694,0.013937499983092913,0.019657923123584345,28,True
2008-09-15,2008-09-21,23.94318378993446,20.70476801945614,35.452690476637656,22.13846141270231,19.42692425067611,24.303846858097984,91.63997264484783,38.81538479144756,99.9423076923077,0.01689521565004815,0.014242692349048762,0.019168461458041117,28,True
2008-09-22,2008-09-28,24.69062282855696,20.37265460674581,34.7562711275541,21.603021533672653,19.100001173753014,23.553845684344992,85.86826926011305,40.10384647662823,99.71153904841496,0.016329405212693,0.014005115434813958,0.018461923043315228,28,True
2008-09-29,2008-10-05,25.75053541581712,21.135306490384664,35.67576810396639,20.94230754139662,17.57307880108175,23.95384427584139,78.16414827566881,34.63461553133451,98.59230775099535,0.01575477472327363,0.012657307661496676,0.018792076967656612,28,True
2008-10-06,2008-10-12,24.44537598326968,20.305422034630453,35.60550020658053,22.138845984490388,19.33845966045675,25.23461655836843,89.06291230694278,38.273076864389274,99.77692413330078,0.016915350263314016,0.01419400001088014,0.020454269189101,28,True
2008-10-13,2008-10-19,24.26312521630594,21.515807870718163,29.3187711275541,23.281497133695186,21.243078143780053,26.519229360727195,94.96620900290353,67.17307721651517,99.95000017606296,0.01813124316222556,0.0159417693503201,0.022021346224042084,28,True
2008-10-20,2008-10-26,24.67444113427468,21.772424316406273,33.08949843186599,23.326950593047112,21.72692495492788,26.180768291766867,93.67486283019348,53.63461494445801,99.9461543743427,0.01817416756255245,0.016441999934613705,0.02159380755172326,28,True
2008-10-27,2008-11-02,24.657666988163225,21.789575195312523,30.511575317382835,23.62344764457956,21.095385976938132,26.584614445613,94.67431339850792,64.61923071054312,99.9384621840257,0.018534993129823315,0.015791692305356264,0.022062884500393502,28,True
2008-11-03,2008-11-09,24.41853891729001,21.071116286057702,34.57345909705532,22.327197919573127,19.919230299729577,26.103846388596764,90.26565949471443,43.819231033325195,99.91923170823317,0.01713406181878891,0.014700153806748299,0.02153965400961729,28,True
2008-11-10,2008-11-16,24.9388382628724,22.53808100773739,32.43715468186599,23.688955973530888,22.007692542442953,27.207691838191124,93.90865408719242,54.91538458604079,99.95769295325645,0.01866126786994205,0.01674919231579854,0.023034653912943143,28,True
2008-11-17,2008-11-23,25.058861130934513,22.39919198843154,29.78696124737081,24.21181313650951,22.37576739971456,26.67154024564303,95.71167600023877,75.18076881995567,99.93846247746394,0.019217611255973658,0.0171234615218754,0.02221549990085455,28,True
2008-11-24,2008-11-30,24.756137026273304,21.89457913912264,31.36069171612081,23.53648382333611,21.830386587289695,25.161539870042077,94.12280254049617,61.357692131629356,99.95769295325645,0.0184365178862648,0.01655146160807747,0.020479961620787017,28,True
2008-12-01,2008-12-07,25.224151083139297,22.288847468449546,33.74726961576022,22.35359843327451,19.373077157827538,24.619230769230796,86.45233511662745,44.40000005868765,99.86538490882286,0.017153184079299017,0.01424403846837007,0.01966865396556946,28,True
2008-12-08,2008-12-14,24.572416007911784,21.76480548565206,30.802504084660484,23.590096081744207,21.715382267878624,26.14230557955233,95.06373643875122,63.91923097463754,99.93846189058743,0.01848642856962365,0.01643592301899424,0.02153765381528781,28,True
2008-12-15,2008-12-21,25.59988296005755,22.372270789513266,33.735962853064905,21.861497413719114,18.746154550405663,25.37307833158053,82.54093416968544,40.95384627122145,99.49999970656175,0.01671416343159073,0.013717692309560684,0.02064834599598096,28,True
2008-12-22,2008-12-28,25.386568274864803,22.101460148738,33.18188453087441,21.161538528610077,18.23846059945913,23.557690899188742,80.38076927897694,42.67307692307692,99.7038459777832,0.01601524037247585,0.013299961466915332,0.01843023092414324,28,True
2008-12-29,2009-01-04,24.529691482376297,21.727307598407492,32.55446190467251,22.61560311789043,19.549613131009664,25.89000150240389,90.55315942554684,47.819231033325195,99.89230845524715,0.017451839226011474,0.014476999998665772,0.02122396144729394,28,True
2009-01-05,2009-01-11,23.47855483673433,22.00069110576925,26.958038095327538,23.04717038332763,21.934613506610617,25.03076970027047,97.79766503009168,86.24615302452675,99.9461543743427,0.01785004532327978,0.01662453844283636,0.0201616152547873,28,True
2009-01-12,2009-01-18,23.04673303457409,21.147574556790914,27.94934645432693,22.110165245978415,21.023075749323937,23.855385178786094,95.17156618768043,72.08076946551984,99.96923123873196,0.016826030194431872,0.015714076884950582,0.018775115362726726,28,True
2009-01-19,2009-01-25,24.103904908568012,21.66192251352163,29.076077740009055,23.045219815432386,21.20076552170974,25.065384850135217,94.6067311003968,76.91923082791843,99.90769312931941,0.017836140141218572,0.015866346227434967,0.020157499955250666,28,True
2009-01-26,2009-02-01,24.06314985673509,21.552386709360007,28.986884249173727,23.408805193219887,21.43846341646639,25.571537663386437,96.57733518998701,78.21153890169583,99.98846171452449,0.01824848078431787,0.01616188482596324,0.020750730799940918,28,True
2009-02-02,2009-02-08,23.423094504220163,21.610537954477195,28.59861379770132,22.669793826931148,21.519229360727195,24.626922372671288,96.08228041051508,71.11153822678786,99.93461579542894,0.017423745897178957,0.016232577009269826,0.01964176919024724,28,True
2009-02-09,2009-02-15,23.99946013230546,21.448271296574546,31.361810302734398,22.61852945181042,20.795764394906882,25.607691603440514,93.16250014043116,57.85769183819111,99.92692331167368,0.017400723871785206,0.015532000026164146,0.020803230814635754,28,True
2009-02-16,2009-02-22,24.088317217145665,21.76226665790267,30.72088482196517,22.739533158187047,20.876920025165305,25.2611539400541,93.21346166631677,56.580769318800705,99.97692342904898,0.017537872251993106,0.015649153886792753,0.02038784633175685,28,True
2009-02-23,2009-03-01,24.384395238855404,22.36303570087142,29.46761357234078,23.31795365050601,22.290383911132835,25.111536818284264,94.61085168083946,71.34230775099535,99.91923082791843,0.018156583775295415,0.017018961433607798,0.02030626920839915,28,True
2009-03-02,2009-03-08,23.621894266317206,21.70569411057693,28.560919893704977,22.83313195364818,21.519230534480187,25.19999906099764,95.95604422852234,76.83846136239859,99.9500004695012,0.017616557691676114,0.01618565382579198,0.02030111526927123,28,True
2009-03-09,2009-03-15,24.34841773902979,22.481923968975366,28.592077167217553,23.414834762405583,22.27692213792068,25.711538226787866,95.22115396667313,72.71923094529372,99.95000017606296,0.018271049438556144,0.01702550010612378,0.020922384654673245,28,True
2009-03-16,2009-03-22,23.54344904134564,21.835729510967553,29.931154456505453,22.648915066561877,21.53846130371096,24.553848031850976,95.41991768302499,66.33461570739746,99.96538514357347,0.01741563459822478,0.016238384736845128,0.01957853840520749,28,True
2009-03-23,2009-03-29,23.852801664583005,21.76034757173983,28.696540010892477,22.94730785495634,21.584614445613,24.87307833158053,95.48956065649516,70.31923073988695,99.96923123873196,0.017768386001749844,0.016300038291284673,0.019927076995372772,28,True
2009-03-30,2009-04-05,24.360438269311278,21.448651592548117,32.2996577336238,22.49436843369036,21.061541982797507,25.407693481445335,90.67664838623215,55.799999530498795,99.61538520226112,0.0172773008222006,0.015771192176124223,0.020710192477473847,28,True
2009-04-06,2009-04-12,23.63576492477251,21.75811626727767,29.37615591195913,22.899587752792886,21.615382033128014,25.57307880108175,96.19546729391747,70.7076914860652,99.94615466778095,0.017660127748008615,0.016248846175865486,0.020772653631865978,28,True
2009-04-13,2009-04-19,23.83028996226554,21.609500356820945,27.897114445613,23.317856983562113,21.515381798377405,26.257693716195945,97.32623654669457,88.02307715782753,99.9538465646597,0.01814000962998022,0.016242115292698145,0.02166269225283311,28,True
2009-04-20,2009-04-26,24.24050238473077,22.02476712740389,29.381886174128624,23.22554948408528,21.97692495492788,25.303849205603967,94.8884618308518,73.64230757493239,99.9500004695012,0.018024706036098053,0.016662499903199766,0.020431846093672972,28,True
2009-04-27,2009-05-03,23.869880231920206,21.84480966421279,29.229457913912256,23.17913451142366,21.792307692307702,25.58077275202828,96.50975302811507,71.89615396352914,99.96153904841496,0.017969325550698807,0.01650873077316926,0.02067969237955717,28,True
2009-05-04,2009-05-10,24.506184269831756,21.42515540489785,33.61700181227468,22.818681042011,21.13077110877407,25.49999859149642,91.80989011303409,47.94230798574594,99.91538502619817,0.01758294229927872,0.015868076803879097,0.020701538341549728,28,True
2009-05-11,2009-05-17,24.14313982450047,21.817152522160484,32.40403841458834,22.75535698356212,21.549999295748194,25.48077016977163,93.05274731772286,54.2961540222168,99.97307704045222,0.017538318656139324,0.016243653694311015,0.020720884418831423,28,True
2009-05-18,2009-05-24,22.8449661925599,20.30807706392733,28.73273503230172,22.318159811837347,20.24615337665267,25.23922940767733,97.35865401697683,77.20000002934383,99.97307733389047,0.0170507926179178,0.014972576835694222,0.02028473079777681,28,True
2009-05-25,2009-05-31,22.932785428225365,20.866810490534874,28.26753915640029,22.153475432343562,20.88461514986483,24.261536583533655,96.01318697352986,73.85000052818886,99.96923123873196,0.01684623763379692,0.0155170768714295,0.019177192248977147,28,True
2009-06-01,2009-06-07,21.640096199119505,18.708655489408102,27.510614013671898,20.597115166632708,18.23845942570614,24.257693716195945,94.68090679881337,65.18076970027043,99.93076999370868,0.015349384624981782,0.013159615381692465,0.019113384617062714,28,True
2009-06-08,2009-06-14,22.154303557008205,19.79872812124404,27.45169278658358,21.50480749947686,19.657694655198327,23.884611628605796,96.68736283857744,66.98461532592773,99.96538514357347,0.016183884602019586,0.014392384614508886,0.018688423057588246,28,True
2009-06-15,2009-06-21,23.569744587992595,20.37469106820913,30.435074791541467,22.376098481901426,19.946156193659874,25.02692213792068,94.07362656540923,57.53461559002216,99.97307733389047,0.017126342037354934,0.014695653799348153,0.020111230703500602,28,True
2009-06-22,2009-06-28,22.989411171714046,19.58157677283657,29.711306997445945,21.830604737669578,19.58076923076925,24.042311213566734,94.20178589454063,65.33461556067833,99.9384621840257,0.016520932708242602,0.0142928846180439,0.018870346140689574,28,True
2009-06-29,2009-07-05,22.407279188554387,20.047075477013266,30.093729811448327,21.097939728118586,19.853848736102805,22.54999694824221,93.5076924261156,62.026922959547775,99.88846206665039,0.015794515121052715,0.014582115440414501,0.017293461598455906,28,True
2009-07-06,2009-07-12,23.131525957715407,19.401575880784264,32.92199918306795,21.463599211305077,19.246154550405663,24.723077392578148,91.95233537338592,44.34615384615385,99.88461626493014,0.016193271962577825,0.01405784602348621,0.0197431156411767,28,True
2009-07-13,2009-07-19,22.362577434162542,19.849231191781882,29.23949937086843,20.60975283947622,19.542304171048727,23.58461679311904,91.23035729586422,58.13076928945688,99.77692383986253,0.015306329691096895,0.014306692334894951,0.018354192483597077,28,True
2009-07-20,2009-07-26,24.001558886517557,20.875574904221764,33.81172860952529,21.3839427989918,18.77692213792068,25.18076711801382,87.31565949681041,40.73461517920861,99.7423083965595,0.016141666195375822,0.013641307775217753,0.020319384486915972,28,True
2009-07-27,2009-08-02,23.422029113769554,20.219461059570335,30.737194119966944,20.939697911189175,18.600000000000023,23.553848031850976,87.97967039359796,55.21923109201285,99.63076987633339,0.015640116752135558,0.013486269324158248,0.01844846149190114,28,True
2009-08-03,2009-08-09,24.26754816914655,20.65961491511422,33.55476825420675,21.457280228164198,19.730767822265648,23.523073401817953,86.97403854328196,44.44615393418532,99.72307733389047,0.016174571415931396,0.01453449996188283,0.018407500062424403,28,True
2009-08-10,2009-08-16,23.879725252927024,20.603847562349756,33.65995999849764,21.046098914513248,19.49615220289968,25.26538649338943,86.5890109198434,44.16538473275992,99.68461579542894,0.0157786799303082,0.01423480762885167,0.020348000125243113,28,True
2009-08-17,2009-08-23,25.38391123341992,21.948962637094382,34.59623460036062,22.687912004072604,20.150003051757835,25.676923076923117,87.4594780429379,44.799999530498795,99.52692383986253,0.017524934097469507,0.014954576913553935,0.02095130766527011,28,True
2009-08-24,2009-08-30,23.757225849864273,21.10757774939907,29.22650005634017,22.796016332605404,21.061540809044516,25.83077040452224,95.04230802661769,82.31153957660382,99.9576926598182,0.01758710851708611,0.015780615333754282,0.021143884469683353,28,True
2009-08-31,2009-09-06,25.44135776561697,21.235196392352805,33.77280813363882,21.511401350419625,19.026920964167687,23.953846623347374,81.7718406352368,45.67692316495455,98.06923029972957,0.01624276922186734,0.013887346184884127,0.01889519214343566,28,True
2009-09-07,2009-09-13,25.275930861588385,19.94173114483175,36.55195946326626,20.410383974850863,17.476921433668906,23.83846200796279,77.94381863730294,32.400000205406776,99.05384650597206,0.015246085152234677,0.012599846097425772,0.01871603834800995,28,True
2009-09-14,2009-09-20,25.799857313554384,21.07369150015029,35.47515493539663,21.760301921131866,19.803848031850976,23.088458486703757,81.38461550251468,39.83461556067834,99.36923159085788,0.016493820078711915,0.014601230800438385,0.017926384730694387,28,True
2009-09-21,2009-09-27,24.58442148900296,21.870652184119592,34.0438863900992,22.767445298079632,19.761537757286703,25.103848736102805,91.1418958548661,42.88846147977389,99.83846224271335,0.01757983930132628,0.014525884690766152,0.020263884431467608,28,True
2009-09-28,2009-10-04,24.451468222481882,21.719306124173727,31.841848285381616,22.462637488396638,21.26153306227468,24.34230722280654,90.15329691079947,59.16153834416316,99.45000017606296,0.01721626096967976,0.015960192379470054,0.019344307804623477,28,True
2009-10-05,2009-10-11,25.2579401624072,20.971386014498194,33.690807401216944,22.060715031885866,20.542308866060694,23.67692425067611,84.86840663113436,48.61153822678786,99.28461544330304,0.01681885715307934,0.015272230769579228,0.018556269243932687,28,True
2009-10-12,2009-10-18,25.48970599331701,21.32599792480471,34.11046048677889,22.919258008684455,19.830765709510217,25.66923147348257,87.6733518589984,42.85769271850586,99.96923123873196,0.01780301100026898,0.014615576893377762,0.02091776909163365,28,True
2009-10-19,2009-10-25,25.021641213553316,22.491271737905663,31.94430753267733,23.96461517837024,22.38846153846157,27.09615243765029,94.8146979206211,67.09615369943472,99.9538465646597,0.01896650271085961,0.017195115474840768,0.022858961342045896,28,True
2009-10-26,2009-11-01,25.54653701782229,21.545500300480796,33.02753953200124,23.30515098152582,21.24230816180892,25.961537053034874,89.03379115429553,57.076922783484825,99.95769295325645,0.018219222548765714,0.01599219233657305,0.021402230916114953,28,True
2009-11-02,2009-11-08,26.77969923753007,23.34557612492489,34.531153517503014,23.126030404227148,20.51923170823318,25.557688551682702,82.9311814753564,43.865384321946365,98.03461603017954,0.01804734340863773,0.015308423111071954,0.020929423089210804,28,True
2009-11-09,2009-11-15,26.28494541042456,22.38561518742489,36.55123056265029,22.999615612658847,19.265385319636437,27.061538461538476,85.64217037159008,36.33461556067834,99.97692342904898,0.017951119558087418,0.01417884617470778,0.022817192455896966,28,True
2009-11-16,2009-11-22,25.88198523049829,22.640269118088952,32.75815500112685,23.672183546129183,21.646154315655053,25.880383770282492,89.19162102060004,59.75769175015963,99.94615408090445,0.018636429945907584,0.016453461470798805,0.021371346038694564,28,True
2009-11-23,2009-11-29,25.16223703740719,22.77084444486178,32.37069091796877,23.964889878493107,22.430768291766867,26.12307833158053,94.20425837380546,61.05000041081355,99.96538514357347,0.01894077062632397,0.017220115289092064,0.02154480780546482,28,True
2009-11-30,2009-12-06,25.38195768922242,22.411962421123803,34.54084871732272,23.20260982303832,19.43076946551986,25.23077016977163,89.78695065634591,40.907692249004654,99.76923076923077,0.018090234923555135,0.014328538440167904,0.020441423170268536,28,True
2009-12-07,2009-12-13,25.655713402045983,23.195462505634055,34.991846876878014,22.98733522184605,17.822305297851585,26.62115337665267,87.479395703955,36.00769263047438,99.93461550199069,0.017892076915314237,0.012930307644777574,0.02214523096783803,28,True
2009-12-14,2009-12-20,23.628683169857506,21.767999267578148,27.946691425030053,22.95813157637043,21.653845919095602,24.54845815805288,96.56950569152832,77.06923059316782,99.96538514357347,0.017763146993724607,0.016389500063199263,0.019533346192194864,28,True
2009-12-21,2009-12-27,24.473976738898326,22.392039137620202,30.444460120567953,23.261827087402363,22.33461796687203,25.064618389423117,93.97170360271748,62.8730766589825,99.97307733389047,0.018080706037785655,0.017083269364845294,0.020189769351138517,28,True
2009-12-28,2010-01-03,25.979686753828464,22.196730158879234,34.83988224909859,20.38685433523997,16.219232177734398,23.407689960186303,74.94052198430994,32.8884612596952,99.26923164954552,0.015294894262646826,0.011734076883070745,0.018253654098281495,28,True
2010-01-04,2010-01-10,24.916773341252277,22.09115811861483,31.803115609975976,21.799959052788047,17.48077016977163,23.92692425067611,85.01813187441984,56.342307604276215,99.81153869628906,0.016634549479931593,0.01277742305627236,0.018836961557658818,28,True
2010-01-11,2010-01-17,25.760197792472443,22.40484360914968,34.68950101412264,21.52870926071002,18.385002488356406,23.996154550405663,80.52898359298706,40.092307604276215,99.2076926598182,0.01635659204355881,0.013380153856884975,0.019064307642670777,28,True
2010-01-18,2010-01-24,25.086394022847287,22.660269869290914,33.182304734450156,23.04255480923498,21.13846036470858,24.23461421086239,90.19711541081521,49.53076934814453,99.41153834416316,0.017849803579827912,0.01589553853353629,0.01922411536081479,28,True
2010-01-25,2010-01-31,24.96859797383405,22.500503305288476,31.421424044095602,23.508942463633804,21.42730572040267,25.689614868164085,92.6163463644929,59.7038459777832,99.91923170823317,0.018394811814497376,0.016192500121318378,0.020980500257932223,28,True
2010-02-01,2010-02-07,24.691560531448552,22.283228712815514,31.241923170823327,23.751333148662884,22.08384563739486,26.510001314603414,95.22678589558863,61.642307868370644,99.76538526094876,0.01866322663193057,0.01678388465482455,0.021988384497280303,28,True
2010-02-08,2010-02-14,26.052647198687566,23.25049743652346,34.82903677133413,23.697732879303334,20.834232975886437,26.11192298302285,88.93434078090795,45.66153863760141,99.86923188429613,0.01865592858099102,0.015616807692612592,0.02151780776106394,28,True
2010-02-15,2010-02-21,25.95478155953546,23.462419715294516,31.21719454251803,24.740005006894982,23.34230839655953,27.157691133939352,93.87788479668754,73.55384635925293,99.87307709913988,0.01983144780835853,0.018168153886038523,0.022899307668782197,28,True
2010-02-22,2010-02-28,25.51806864476468,23.56865140474764,29.587076979417077,24.836278072818313,23.500000939002405,27.303848031850976,96.47129147393363,81.03076978830191,99.92692331167368,0.019921442327488745,0.01836007683036419,0.023013576936836425,28,True
2010-03-01,2010-03-07,25.285719710129975,22.8973844088041,31.834035785381616,24.230713452349676,22.676918381911094,27.411537522536094,94.6726649567321,67.46923035841722,99.9500004695012,0.01922874724246807,0.017438423067617875,0.023212692628686245,28,True
2010-03-08,2010-03-14,25.652735255314777,22.342651132436913,31.2701871431791,24.7741894732465,22.28538372333236,27.407689960186303,95.66497270353547,69.57307683504544,99.9576926598182,0.0198855673009018,0.017038076686171386,0.02324534608767583,28,True
2010-03-15,2010-03-21,24.867601893498374,21.977503615159264,30.579386549729577,24.154258032159515,21.561538461538476,27.03846130371096,96.36057711695575,79.03461529658391,99.9576926598182,0.01914554117068362,0.01628811528476385,0.022756615223792884,28,True
2010-03-22,2010-03-28,25.199940834464623,20.53261483999404,35.08518958458535,22.169643083509534,19.853845214843773,24.84615361140328,85.71565939305903,40.73461517920861,99.91153893103966,0.01697065523994452,0.014704192343812723,0.019953345951552574,28,True
2010-03-29,2010-04-04,25.492120361328148,22.824001370943506,32.92857689490688,24.40054922418283,22.703850144606406,27.400000704251852,94.55480778348316,58.66153863760141,99.92692389855019,0.019429002781040393,0.017456615415330116,0.023224153770850256,28,True
2010-04-05,2010-04-11,24.424729332557117,22.602077542818506,29.569654963566734,23.69999989939262,22.538462477463952,25.684620549128624,96.37500022531866,68.84999979459323,99.94615466778095,0.01857714698481077,0.017287923023104668,0.020894769292611342,28,True
2010-04-12,2010-04-18,25.038539903242533,22.672769165039085,31.680728384164695,24.060439493367987,22.623077157827538,26.461535879281882,95.26456072042276,64.95000017606296,99.98076952420749,0.01900028159386468,0.017372692362047158,0.021917384690963305,28,True
2010-04-19,2010-04-25,25.24276081127127,22.537537560096155,32.456656588040914,23.12417545528204,21.326922842172507,26.0769240159255,89.60920337530283,55.13461538461539,99.88461538461539,0.01795434339002675,0.01606215375403945,0.021470615425362036,28,True
2010-04-26,2010-05-02,24.514471427162952,22.60226769080532,28.39126915564907,23.775673097044578,22.46115440955532,25.68076946551986,96.21662108452766,82.56153840285081,99.992307809683,0.018633013749802176,0.017124307628434438,0.020904692391363475,28,True
2010-05-03,2010-05-09,24.41294619382085,22.55146179199221,32.33007436899038,23.446209138304344,21.653848266601585,26.43076946551986,95.27335191035009,54.06153854956994,99.96153904841496,0.018296126382435662,0.016345846180159312,0.021930307866289064,28,True
2010-05-10,2010-05-16,23.450333999801494,18.84557612492489,34.71515690730172,20.29612574315335,17.623075984074546,25.376918851412256,85.00247252118457,42.80769216097318,99.91923112135667,0.015120358501847547,0.012692615354003815,0.020555192246459998,28,True
2010-05-17,2010-05-23,25.20748093992801,21.508500084510217,33.1501920259916,23.584615451687007,21.42692190317007,26.280766179011437,92.1755495752607,59.01153828547551,99.89230904212364,0.018444362631231385,0.016189615349643506,0.021636230871081352,28,True
2010-05-24,2010-05-30,24.894549418019746,21.41992046649642,35.08499943659859,23.24079632601897,20.526923311673727,26.061536114032492,92.45439573958679,42.47307718717135,99.97692342904898,0.018106032989325595,0.015254153870046139,0.02163057677591076,28,True
2010-05-31,2010-06-06,23.184887787535974,20.28969374436599,28.281155865009055,22.368818740006358,20.19615384615389,25.315384850135217,95.81428591235654,72.5692310333252,99.87307709913988,0.01708827333161505,0.014893615367607428,0.020391769134081326,28,True
2010-06-07,2010-06-13,22.46592613471736,20.18692227877108,27.689191143329367,21.53186783004595,19.738465294471155,24.657693481445335,95.11442326451395,65.90769268916203,99.94230798574594,0.01620164970294214,0.014417307666287972,0.019596615304740574,28,True
2010-06-14,2010-06-20,23.97217062646218,20.870229633037866,31.705268038236227,22.133928043239745,19.653844745342553,24.815383676382226,90.89217047638945,62.046154462374176,99.86923100398137,0.016876673084110595,0.014417576854332136,0.01984211544577892,28,True
2010-06-21,2010-06-27,24.081322739150522,20.538612717848594,31.041192626953148,22.547665036379662,20.48846177321218,26.073075279822717,92.51579696005517,60.407692395723785,99.992307809683,0.017306478022454448,0.015244692349090027,0.02129980756972845,28,True
2010-06-28,2010-07-04,23.885195319207185,20.895190664438132,30.400270667442953,21.892032933497187,20.23846177321218,23.569233586238,90.17225278602851,56.253846388596756,99.24230663592999,0.016595258226536295,0.014949653691683825,0.018362422975210044,28,True
2010-07-05,2010-07-11,24.502246328500625,21.112964101938132,33.87869591346157,22.483653410188463,20.076922842172507,25.35768925593453,90.37912092104064,44.25,99.91923141479492,0.017275789842152826,0.014860884608844152,0.020535192380730923,28,True
2010-07-12,2010-07-18,23.02937775496601,17.69638390174282,31.47076979417068,21.346703472766272,16.546155254657492,25.19615384615389,91.47390118798057,54.39615381681002,99.68461550199069,0.016175472539603955,0.011777499977212686,0.02039469234072245,28,True
2010-07-19,2010-07-25,23.65108235956551,16.55907944899343,32.44826660156252,19.93021960415685,15.899999530498803,22.57692518967849,82.26002761295864,44.98076923076923,98.31538449800931,0.014755546678226072,0.011309423018246889,0.01730842311651661,28,True
2010-07-26,2010-08-01,24.55186237712485,20.25449993426986,35.30084674541769,21.08392868041994,19.111535644531273,24.380766413762046,83.84381882174985,38.91538429260254,99.71538543701172,0.015839163444240342,0.013854692331873454,0.019314884423063353,28,True
2010-08-02,2010-08-08,24.219657788957893,20.002886023888266,35.10119488055892,20.12733549180924,15.58846200796279,24.911538696289085,81.26840661384247,35.1615388576801,99.88461567805363,0.015077789859068425,0.011129000045072574,0.020015153818978712,28,True
2010-08-09,2010-08-15,25.029328247741052,20.913768826998194,33.54769287109377,20.249863484141617,17.619229595477805,22.603846388596764,77.94931322663695,41.55384591909555,98.37307739257812,0.015064115377634272,0.012702730735047506,0.017412269201416235,28,True
2010-08-16,2010-08-22,25.6632994096358,20.20019038273739,37.697075242262656,19.55137334131935,11.43846341646639,24.265384145883445,73.77857152577285,23.361538410186768,98.58461497380183,0.01458401371376937,0.008668038474682432,0.019231230557824556,28,True
2010-08-23,2010-08-29,26.34467728164172,21.811229764498194,36.441153658353414,21.13035719316087,16.942307457557092,24.78846130371096,76.49464281836708,31.50384624187763,98.94230739886945,0.01596589836005408,0.012181730761837501,0.01995126920967148,28,True
2010-08-30,2010-09-05,25.420651966136916,21.46372844989486,34.38746150090145,22.136538092644685,19.323076453575766,25.665385084885827,84.60480768601973,41.66153834416316,99.1576925424429,0.016898626364399115,0.014140346087515354,0.02090969244734599,28,True
2010-09-06,2010-09-12,25.731272368378715,21.965115825946555,37.436418738732016,21.315659466418612,16.573077627328757,24.23846177321218,80.30096159662519,29.369230857262245,99.8538463299091,0.016107697793343975,0.011937576883400861,0.01911603852819938,28,True
2010-09-13,2010-09-19,25.62383707905866,21.385192636343163,35.00680870643032,21.40522017426545,18.019230534480187,25.061537287785484,80.49107143643138,39.29230770697961,99.9000003521259,0.016254972539852364,0.013061000070033165,0.020444307691202715,28,True
2010-09-20,2010-09-26,25.63009469168529,21.47900015024038,36.73972942645736,21.416895998441284,18.307693246694726,25.19615032489486,80.90151101678282,34.11153844686655,98.3423080444336,0.016226898346628462,0.013343884645459743,0.02035423067326729,28,True
2010-09-27,2010-10-03,28.606065829769616,23.598191246619592,38.6201545128456,20.53695030631602,18.65384357158956,22.769232881986227,65.25508229025118,31.81923059316782,92.84615384615384,0.015375598881311795,0.013695846025187235,0.017566461545916703,28,True
2010-10-04,2010-10-10,25.631135559082054,20.78461491511422,35.322460233248194,22.133790881817184,20.234618905874413,24.473076218825156,84.11826924963313,41.865384762103744,99.64230786837064,0.01690292583425417,0.0150340383585829,0.019429653596419554,28,True
2010-10-11,2010-10-17,25.323361046759658,21.708610886793906,33.42550048828127,22.827060925829567,20.057690899188742,26.019228186974203,88.57609884555522,46.176923311673676,99.72307704045222,0.017648946451647513,0.014912769377518158,0.021397884505299423,28,True
2010-10-18,2010-10-24,25.662451959966322,22.143961745042077,33.53980759840749,22.964849090576198,21.192309805063132,25.19230863131014,87.61318694628201,49.68846145043006,99.81923118004433,0.01783249726017507,0.016027076850430325,0.020333230710373476,28,True
2010-10-25,2010-10-31,26.683512023255084,23.330998112605187,34.38565157376803,23.343323567149422,21.74230816180892,25.83461561936599,84.89931320882106,49.611538666945236,99.8923081618089,0.01829844234245164,0.016661230940371752,0.021151576907588884,28,True
2010-11-01,2010-11-07,26.129278723748197,20.967504413311303,37.851652644230796,22.917129323770734,19.619230769230796,26.365385554387046,85.55302210430523,34.553846285893364,99.70769236637996,0.017837199181635545,0.014466807640229281,0.021893846014371283,28,True
2010-11-08,2010-11-14,24.591417350349868,20.64153559758114,30.843652343750023,23.232458194271576,20.549999295748194,26.653459754357016,93.37087923615843,60.011538138756386,99.81153928316556,0.018154806300107348,0.015246230643242598,0.022254500108269546,28,True
2010-11-15,2010-11-21,24.6921088417808,22.09934621957632,31.137001389723594,22.7087226867676,20.58000042255111,26.073075279822717,90.13131871590248,56.411538490882286,99.507692190317,0.017568836552807342,0.015363730848408662,0.021508923158622704,28,True
2010-11-22,2010-11-28,25.900012902899125,22.167153930664085,33.822805316631616,22.64958875886688,18.96923335148739,25.296154080904444,85.17362645956186,42.54230748690092,99.75384697547325,0.017555938159872952,0.01391930767120077,0.020609230734407902,28,True
2010-11-29,2010-12-05,24.78286505898279,21.938537362905663,30.77515563964846,23.610645939753624,21.861537992037256,26.453845449594382,94.23736267823439,68.31923088660606,99.91153893103966,0.01855367857446014,0.016586653816585358,0.022006846176317103,28,True
2010-12-06,2010-12-12,25.362043753823105,22.216308358999413,33.60857896071218,22.783447240473176,20.77307692307693,24.576922842172507,87.73736288259317,48.52307715782752,99.61923129741962,0.017642156551029166,0.015692115259858277,0.019613807591108177,28,True
2010-12-13,2010-12-19,25.367329624721005,21.99480825570913,33.513846529447164,21.433942036052347,18.74615337665267,24.272690758338342,81.70096145357404,43.146153963529144,98.96153846153847,0.016273475270001937,0.013736230643609395,0.019433730711730626,28,True
2010-12-20,2010-12-26,24.596772933792302,21.99407818134017,33.26223144531252,22.032376526214286,18.056923264723594,25.545770263671898,87.73296708327074,40.67692316495455,99.742307809683,0.01686428160826256,0.013124230711792525,0.020746038366968814,28,True
2010-12-27,2011-01-02,24.644878152700592,21.110694063626852,33.266996882512046,21.074519079858153,17.446152672400842,22.965386962890648,83.48543960969526,40.85000008803148,99.503846682035,0.015909196391885917,0.012642384578402225,0.017890692222863436,28,True
2011-01-03,2011-01-09,25.020116592239567,22.546269108698937,33.048574359600366,21.588887283828253,19.08077040452224,24.273078096829977,83.63516479534107,43.88076899601863,99.90384674072266,0.016429166189282314,0.01403034614542356,0.019268000068572853,28,True
2011-01-10,2011-01-16,24.23136790348936,21.307692072941734,33.9821528508113,22.028750342065184,20.02307692307693,24.215384615384664,89.54560451193171,44.12692290086012,99.8000001173753,0.01682883517555688,0.014864346191573601,0.019193499993819457,28,True
2011-01-17,2011-01-23,25.231189367273373,21.656348360501852,33.544156353290305,20.90081030038689,16.334613271860007,24.215385789137656,80.10975274410876,36.47692284217248,99.70769295325645,0.015820159324813267,0.011788999948364038,0.019237615454655427,28,True
2011-01-24,2011-01-30,24.922758349743543,21.494269503079977,32.045035494290914,21.812514017964478,18.476537616436303,24.68461468036361,85.11401091565142,47.069231033325195,99.78846153846153,0.016632792582111127,0.01344907684968068,0.019662076893907327,28,True
2011-01-31,2011-02-06,24.18853027846789,21.177846820537866,30.602578735351585,22.680686925531766,20.569228891225976,25.207693011944116,92.81978028161186,57.58076917208158,99.83846224271335,0.017477539866896614,0.01538019236893608,0.020341461381086938,28,True
2011-02-07,2011-02-13,24.222968359307945,21.133266507662256,29.92184542142428,23.222417533790697,20.82345909705532,26.419227952223594,94.81442329385779,72.99230810312125,99.90000093900241,0.018082932684222584,0.01556796168621916,0.02189603841935213,28,True
2011-02-14,2011-02-20,24.406366553673397,21.478576425405663,31.10269258939303,23.279738935533487,21.45884681114785,25.919229125976585,94.49230791448237,60.88846191993127,99.9500004695012,0.01813721013956468,0.016158577018918898,0.021204115464710273,28,True
2011-02-21,2011-02-27,24.290030527638887,22.047343092698327,28.507998891977195,23.648269376649985,21.99999859149642,26.18845989520736,96.62184076518803,81.26538438063402,99.92692360511192,0.018546064559544263,0.016732961476708833,0.021588076909001056,28,True
2011-02-28,2011-03-06,24.115569246732296,21.57372906024642,29.82238276554989,23.11873611617877,21.48846294696517,25.507692542442953,94.89574193954468,68.51923120938815,99.90769283588116,0.017969085151779945,0.01622219247600207,0.020757153773537047,28,True
2011-03-07,2011-03-13,24.48275410578804,21.51757671649642,30.972692401592553,23.113614444942293,21.39230675330532,25.823072932316734,93.20535724241655,61.44230783902682,99.93076970027043,0.017961892830259115,0.016086769182808124,0.021141076890321877,28,True
2011-03-14,2011-03-20,24.2122748406379,21.717117074819726,29.88361511230471,23.219917775248454,21.657693481445335,25.880767587515038,94.97307709285191,73.8653844686655,99.90384674072266,0.018065917597326276,0.016413884631429728,0.02120438447365394,28,True
2011-03-21,2011-03-27,24.02747908372147,21.300269258939352,28.637845318134055,23.171978139353346,21.203846623347374,25.43846106896035,95.62500005763965,72.43846130371094,99.91538531963641,0.018029821408492932,0.015921615314884827,0.02059450000524521,28,True
2011-03-28,2011-04-03,24.213515246045482,21.13338388296279,30.43534475473257,23.123625971196788,21.03461491511422,25.796152907151452,94.50164835793632,65.61153763991136,99.90384644728441,0.01794831455009734,0.015741500072181225,0.021106423093722418,28,True
2011-04-04,2011-04-10,23.497337609595018,20.507654982346764,28.56857628455532,22.887637563852188,20.453848970853414,25.01154127854568,96.7701923087403,72.2769225193904,99.85384662334735,0.01766512090350491,0.015086846067928351,0.02014273075530162,28,True
2011-04-11,2011-04-17,23.400095568646464,20.234386502779444,28.612769258939352,22.430494807316734,20.157692307692344,24.83077275202828,95.07390132317177,69.83461526724008,99.93076970027043,0.017218942302381517,0.01490411527741414,0.019891846136978038,28,True
2011-04-18,2011-04-24,23.673354993547736,20.438268573467553,30.197272432767477,22.798076981764602,20.153845919095602,24.99230581430288,95.58214308665349,65.33461600083571,99.91538531963641,0.017586214290061904,0.014906192270035926,0.020150230839275397,28,True
2011-04-25,2011-05-01,24.023879434774237,21.150767164963952,28.848464731069726,23.3741759163993,21.057692072941734,26.39615314190206,96.64024738689045,81.28846153846153,99.92692360511192,0.018258098919701937,0.015746346245018337,0.02180580787647229,28,True
2011-05-02,2011-05-08,22.43125154264683,18.701037832406882,29.71726966271035,21.289217242565808,18.650000704251852,24.84615126389724,94.18653856528985,60.06153869628906,99.93076970027043,0.016035917575808835,0.0135115385055542,0.01990330770898324,28,True
2011-05-09,2011-05-15,22.962009782057567,19.953848970853414,30.915116295447717,21.955494698325374,19.865384380634055,25.07308114858779,94.8579671566303,58.992307956402115,99.92692360511192,0.01669643542110142,0.014588769238728743,0.020204230784796752,28,True
2011-05-16,2011-05-22,24.172336511297562,21.164963707557092,31.61734337439907,22.442582744556486,20.784618436373194,24.669229125976585,91.70810458948324,52.48461561936598,99.9038470341609,0.017217369532662924,0.015520384714293938,0.01979042310267687,28,True
2011-05-23,2011-05-29,22.92226298405577,20.446962561974203,28.054924363356406,22.14436857621751,20.38845919095553,25.28077087402346,96.00453308126428,75.59230760427621,99.88461626493014,0.0168643846447774,0.015057807752432732,0.02034473093226552,28,True
2011-05-30,2011-06-05,21.48810474269995,19.442884944035484,26.57334759051986,20.905219042432204,19.303845684344992,23.092303701547507,96.9686815240881,81.48461561936598,99.9538465646597,0.015595498620174253,0.014156999926154431,0.0178050000507098,28,True
2011-06-06,2011-06-12,23.856708375700247,19.63654127854568,34.007154963566734,21.6877742976933,18.88846153846157,25.607690429687523,89.84931336392413,41.646153963529144,99.91538502619817,0.016430987645155538,0.013755577007451883,0.020742653869092464,28,True
2011-06-13,2011-06-19,21.66662792163893,19.534348473182092,30.650809420072164,20.691895763690678,19.319228891225976,22.17307668832632,95.25302214674898,53.234615325927734,99.89230845524715,0.015383457390151426,0.014142615326608602,0.01687584613234951,28,True
2011-06-20,2011-06-26,22.9169253422664,20.199614070012046,30.071194927509055,20.784340466509832,18.592309570312523,23.07692518967849,89.24340670449394,53.93846130371094,99.35769242506761,0.015511806316131336,0.013490000059111761,0.01779534610418173,28,True
2011-06-27,2011-07-03,22.221366563734144,18.89022921048678,29.050305645282492,21.428626569810827,18.89615196814907,24.14615314190206,95.99038495074262,65.5269231062669,99.96538514357347,0.016148261028689916,0.013746423073686086,0.019120615620452624,28,True
2011-07-04,2011-07-10,21.655119860303298,17.830115450345602,31.507461313100976,19.933599300174944,17.23846059945913,23.18077063927285,91.59945072970548,48.84615384615385,99.86923159085788,0.014675001364334353,0.012367653839576703,0.017853769115530528,28,True
2011-07-11,2011-07-17,22.60381331391389,19.147271728515648,31.74441974346456,20.41831066425032,18.688462242713342,24.461538226787866,89.48255499116668,46.065384498009315,99.80384650597206,0.015168203310887484,0.013596269266250042,0.019394461567012165,28,True
2011-07-18,2011-07-24,22.757904782138052,19.944230064978967,30.755078594501242,21.16881877354215,19.856922795222374,23.66538977989785,92.1443682240916,56.38076928945688,99.93461608886719,0.015868365379551854,0.01456092305194873,0.01850219235683863,28,True
2011-07-25,2011-07-31,22.693801393613732,19.690038592998803,31.72600003756014,20.117445113632723,18.784617262620202,21.300000469501242,87.40164843758384,49.680768966674805,99.46538602388821,0.014870192324691504,0.013741423089343768,0.015963884643637218,28,True
2011-08-01,2011-08-07,23.606516550923466,19.629767549954977,33.83119295560397,21.2236262059474,19.007693716195945,24.626921198918296,88.567445063329,41.473077480609604,99.86923100398137,0.015961887357132203,0.013849807616609793,0.019640807778789446,28,True
2011-08-08,2011-08-14,24.248391136756336,20.29246145395132,33.70003662109377,18.941565771417334,17.015385319636437,22.615384380634055,75.6093406520047,37.48076937748836,98.41923082791843,0.013834843414600242,0.012206269213213371,0.01734457713050338,28,True
2011-08-15,2011-08-21,24.385945263537753,20.169691584660484,34.6391540527344,21.033516575739952,18.403845919095602,24.253844980093163,84.66469795625288,38.16538443932166,99.00000029343825,0.015815502754156736,0.013415769208222628,0.019187499769032,28,True
2011-08-22,2011-08-28,23.49549326634671,19.40503727839547,33.64819195087142,20.50302138276155,17.87692472017733,23.465384615384664,85.7524725473844,43.10384618318998,99.59615384615384,0.015248244501660568,0.012906576936634688,0.018305653885293465,28,True
2011-08-29,2011-09-04,23.587757295042618,19.396655508188132,32.04504018930288,19.99299417852048,18.119230769230796,21.78461608886721,82.55329659744935,49.05769230769231,98.34999994131235,0.014767634618392849,0.013090076927955333,0.016495038468677264,28,True
2011-09-05,2011-09-11,24.300482756226952,20.795733877328757,33.18157700758718,20.817856857802862,19.35384404109078,25.726922607421898,83.24299459143,46.21923109201285,96.8615385202261,0.015596284359632121,0.014241576875345064,0.020919807613469087,28,True
2011-09-12,2011-09-18,24.013257095839975,19.484576650766257,34.337844613882226,21.34024724436333,19.38461514986483,25.54615055964547,87.55604396023593,42.496153611403244,99.83076975895808,0.016064574130923374,0.014180884589082919,0.02079761544099221,28,True
2011-09-19,2011-09-25,24.068683724875,20.636615224985007,31.614345609224756,22.052472812526844,18.403844745342553,25.91923147348257,90.14368145806449,52.96153816810021,99.91153922447792,0.016840645599506467,0.013417384694688596,0.021230807742820337,28,True
2011-09-26,2011-10-02,23.962263773823857,21.22565612792971,31.963922119140648,22.532464264251395,19.899999530498803,25.3269240159255,92.90659350615282,49.1999998826247,99.91153922447792,0.017306439593884643,0.014692461583763361,0.02044515383358185,28,True
2011-10-03,2011-10-09,24.3779236678239,21.23380901630111,29.69938870943514,23.184656306675524,21.13461514986483,25.63461749737081,94.22953304877647,71.22307660029485,99.93076970027043,0.018061050829211518,0.015856000057493266,0.020921153876070794,28,True
2011-10-10,2011-10-16,26.031206420227743,22.894192974384055,33.635151554988,23.216621080335702,20.619230769230796,27.396154315655053,87.00425826062212,47.2461539048415,99.91153922447792,0.018156131848457508,0.01555426916680657,0.02339196140662982,28,True
2011-10-17,2011-10-23,24.868213125375625,21.879116117037256,31.44607755220858,23.060851606431925,21.446149151141867,26.573077627328757,91.24752758361481,55.996153317964996,99.88461626493014,0.01795064011501701,0.01634115385464751,0.0220549231251845,28,True
2011-10-24,2011-10-30,24.658862581357873,20.585231839693506,35.09180955153249,22.621067189646315,19.623074810321555,24.740662560096155,90.62609908344982,40.08461570739746,99.92692389855019,0.017446399745684894,0.014487923087122349,0.019845653611880083,28,True
2011-10-31,2011-11-06,24.772297257643498,20.855692702073327,33.37799870417672,22.799478149414085,20.8300015963041,26.52308044433596,90.70892869509183,52.807692747849686,99.92692360511192,0.017650061802539443,0.015555038689993896,0.02204361529304431,28,True
2011-11-07,2011-11-13,24.564246603158825,21.28515249399038,30.232573054387046,23.54012367332377,20.83076923076925,26.26154127854568,94.90824186408913,57.85769198491023,99.91538502619817,0.018490844788695022,0.015625499941122074,0.02173307674148908,28,True
2011-11-14,2011-11-20,24.611990138462634,22.15723219651443,31.52104046161361,23.33395534138106,21.550000469501242,26.473077392578148,93.74134622825372,63.96923109201285,99.83461526724008,0.018242498619256763,0.016306692304519508,0.022017038498933498,28,True
2011-11-21,2011-11-27,25.12617129650747,21.48315171461843,32.719461059570335,22.879697292453667,20.64615314190206,25.83884817270132,89.36208806719098,51.67307648291955,99.90000064556415,0.01772075138633027,0.015436384683618179,0.02106319210277154,28,True
2011-11-28,2011-12-04,24.650322689852892,21.792420372596155,31.53934866098257,22.848392712938942,21.38461514986483,25.39230675330532,91.27774728523505,55.09999994131235,99.65384615384616,0.017712622266876827,0.016185730839004882,0.020707192329260018,28,True
2011-12-05,2011-12-11,24.295573827722592,22.379958871694726,29.615306912935694,23.495714560707874,22.357690429687523,25.965384615384664,95.97293978471022,76.95769236637996,99.92692360511192,0.018414252758752758,0.017101077147974417,0.02134034625039651,28,True
2011-12-12,2011-12-18,23.498209833836842,20.400845806415305,28.499382371168906,22.793035544929946,20.331535691481406,25.86538790189303,96.38022007785001,72.88461494445801,99.9538465646597,0.017653252738834984,0.01508853856760722,0.021195846251570262,28,True
2011-12-19,2011-12-25,23.371480308784253,20.626347233698937,28.10081106332632,22.634959227174217,20.28076735276443,25.03076970027047,96.32032993861607,73.75769233703613,99.92307780339168,0.017430417586353372,0.015019615431531118,0.02025750007193822,28,True
2011-12-26,2012-01-01,23.566520833445143,20.944192504882835,29.916810021033655,22.414395527263277,20.846155958909264,25.150001878004844,94.33969800026863,63.296153435340294,99.91923112135667,0.017169848891681286,0.01549238464436852,0.020304615179506633,28,True
2012-01-02,2012-01-08,24.070379923726197,21.53592247596157,27.97884286733779,23.313969513610193,21.50653991699221,25.83999962439907,96.07458810491877,83.03461529658391,99.93076999370868,0.018161846164890288,0.016248461647102468,0.021118653723253653,28,True
2012-01-09,2012-01-15,23.95943536444027,21.152235529972984,32.26084641676687,22.554491793454368,20.438462242713342,25.696155019906882,93.22664851932736,50.20384627122145,99.93076970027043,0.01736117307746599,0.015294076910672279,0.02099788454003059,28,True
2012-01-16,2012-01-22,24.039515836946276,21.222268676757835,31.329883047250632,22.06762349055366,21.12769118088943,24.269230534480187,90.56428585995684,55.01153887235201,99.96538485013522,0.016822703281202566,0.015881384472147778,0.0192014231131627,28,True
2012-01-23,2012-01-29,24.279940024575062,21.28896249624404,30.588274207482016,22.89512342515885,20.66923147348257,25.03461491511422,93.09642884495494,62.64230816180889,99.92307750995343,0.017729467015130097,0.015412153926892923,0.020130192359479573,28,True
2012-01-30,2012-02-05,23.577792760828057,21.247999690129234,29.958926626352195,22.463269680148983,20.553845684344992,25.34615361140328,94.40027494744939,65.6576925424429,99.90384674072266,0.017282064583224174,0.01533734597838842,0.020558230937100373,28,True
2012-02-06,2012-02-12,23.445546848171386,20.39273282564608,28.892420607346764,22.51829664628587,20.36192298302285,26.015385319636437,95.20302221277258,71.97692328232985,99.91153922447792,0.01729554806037673,0.015117230825126171,0.021383192390203476,28,True
2012-02-13,2012-02-19,24.723759804191197,21.483269089918906,32.79484769381014,21.215233746203772,17.303848031850976,24.919232647235617,83.67129122555912,40.55384591909555,99.88461597149188,0.016073866785698377,0.012494307691947771,0.01996592303308157,28,True
2012-02-20,2012-02-26,23.405451906644405,20.899576979417077,28.847113741361227,22.462981188428298,20.82692636343154,25.296152907151452,95.29134631942917,73.2999995304988,99.93076940683218,0.017261193672471403,0.015577769229331842,0.02051269241537039,28,True
2012-02-27,2012-03-04,23.750289849920616,21.391616586538476,30.15857731745797,22.177046237149106,20.046156428410484,24.58845966045675,92.08681333982028,54.596154139592095,99.93076970027043,0.016954221149937217,0.014828346168192534,0.019648422988561485,28,True
2012-03-05,2012-03-11,22.72039725335092,20.60838529146639,28.440347290039085,22.06888783213859,20.43076946551986,24.48076899601864,96.72623640626341,76.03461500314566,99.91923141479492,0.016825961541374224,0.015175192294499049,0.01947496157999222,28,True
2012-03-12,2012-03-18,22.931609579233044,20.369962017352805,30.57334524301382,22.019916970389254,20.24615220289968,24.42307668832632,95.44134648291619,62.82307698176457,99.91538502619817,0.01675733243074309,0.014958692284730764,0.01938096147317153,28,True
2012-03-19,2012-03-25,24.15961147769469,22.039501248873194,29.626231032151452,23.059478189657046,21.550002817007226,25.038463651216944,94.48997272763934,71.53076905470628,99.87692378117488,0.01791252884988233,0.016332153875667315,0.020223961426661566,28,True
2012-03-26,2012-04-01,23.010801856072412,20.41680767352767,30.515920551006616,22.476648578015016,20.303846858097984,25.53846130371096,97.28379148441357,68.91538429260254,99.92307750995343,0.017232674451616522,0.014952769323896904,0.020730384768774875,28,True
2012-04-02,2012-04-08,23.763813664363006,19.64376924954928,30.562539672851585,22.716758032159515,19.557693246694726,25.565383676382226,94.87239040647235,68.98461503248949,99.93076970027043,0.017542483483359298,0.014373846208819976,0.02083319203498272,28,True
2012-04-09,2012-04-15,24.15343145852563,21.216075955904444,30.51253309983474,23.076922758332987,20.946152672400842,25.869229595477805,94.66167589334341,60.71923065185547,99.86923100398137,0.01790277746756776,0.015694884583353996,0.021128576893645983,28,True
2012-04-16,2012-04-22,24.111801248068357,21.516616586538476,30.27242196890029,23.192856690123858,21.47307856633114,25.62692589393032,95.3844781445933,69.21153787466196,99.93461579542894,0.018022140099124593,0.016157769204045717,0.020861230790615082,28,True
2012-04-23,2012-04-29,24.02267155909279,21.4743849534255,30.97342364971456,23.053571235740602,21.407693481445335,26.13076993502108,95.21703321855146,65.7230768937331,99.91538502619817,0.017855159380565304,0.01611134599751005,0.021422538691415235,28,True
2012-04-30,2012-05-06,22.638760049002535,18.46238332895132,29.074195040189352,21.26964361169839,18.08077275202828,24.29615173339846,93.27390121103643,64.99999970656175,99.93846189058743,0.016009296738327693,0.013048461495110622,0.019151346256526616,28,True
2012-05-07,2012-05-13,23.329231949690953,20.77849966195913,27.891496863732016,22.419964607993343,20.74615337665267,24.26923522949221,95.3282970386547,78.83846180255597,99.88076987633339,0.017174660704088407,0.015402615428544007,0.019149769097566605,28,True
2012-05-14,2012-05-20,22.611696029495427,19.093497408353414,27.980921583909264,21.39189556247587,19.103847562349756,23.834613271860007,93.80082438542293,68.1153844686655,99.90384674072266,0.016124935471452773,0.01386234608407204,0.01877715388456216,28,True
2012-05-21,2012-05-27,23.321516745431104,18.584460683969382,33.35069016676687,21.247252135224414,18.27307692307693,23.761540104792687,90.39766494520418,45.22692284217248,99.92692360511192,0.015984210120462864,0.013223576860932203,0.018630961457697246,28,True
2012-05-28,2012-06-03,23.47677836156156,20.642230459360007,29.544230299729577,21.876785546606737,20.361539165790305,23.226922607421898,92.2554946574536,59.742307956402115,99.93846189058743,0.016553869561783476,0.015044038470547933,0.017970884791933574,28,True
2012-06-04,2012-06-10,22.832309697748567,19.082843252328757,28.926421884390038,21.199588498964438,18.707691838191124,24.180768291766867,91.75961556277433,61.83076961223896,99.90384674072266,0.015932651110003693,0.013551846146583557,0.019046499931181852,28,True
2012-06-11,2012-06-17,23.301215681138956,20.124652334360007,30.28342120830831,21.55412122286285,20.08461561936599,23.811539635291467,91.47692325089004,58.64615322993352,99.85769271850586,0.01624977475564395,0.014748653934265558,0.018689307706573836,28,True
2012-06-18,2012-06-24,24.186498176658567,20.815921255258445,32.56619356595553,21.567583247593493,19.903849440354577,23.146154315655053,87.95961552923852,47.79615387549767,99.86153940054086,0.016269245897522093,0.014729961681251343,0.01789569231466605,28,True
2012-06-25,2012-07-01,21.86088173834835,18.651150982196555,28.911731191781882,20.432142882294727,18.607692777193506,23.33845966045675,92.84656613213676,64.5730771284837,99.91923141479492,0.015150549448003153,0.013503384597312946,0.01813842309638858,28,True
2012-07-02,2012-07-08,22.85337889954286,20.355923931415305,30.892229285607016,21.00288505973398,20.073077627328757,22.16538625863882,90.99395612569957,53.73846112764799,99.88846206665039,0.015718310468850635,0.014852115490402166,0.016909346235199615,28,True
2012-07-09,2012-07-15,23.200921966217397,19.55269423264724,32.65295973557693,20.84203336107864,19.319232412485007,24.16538625863882,88.63695057669838,47.25000044015738,99.88846206665039,0.015588609931560663,0.01413573081103655,0.019113577114274867,28,True
2012-07-16,2012-07-22,22.03616925753082,16.9198453463041,30.387001389723594,19.111538578913787,15.096154785156273,23.207691838191124,85.99464305416568,41.46153846153846,99.87307739257812,0.01405911813592436,0.010791000050420944,0.017915423028171062,28,True
2012-07-23,2012-07-29,22.68307626745206,18.802809260441734,32.47334618201626,20.13324156541093,18.003844980093163,22.361536818284264,87.60315933332338,43.06538464472844,99.68846189058743,0.014871299476618622,0.012974423105613543,0.017093269261889733,28,True
2012-07-30,2012-08-05,23.90248667119626,19.51004122220553,33.96803964468154,20.021703296703315,17.799999295748194,21.757691368689905,81.95494505599304,38.88846162649301,99.32307727520282,0.01478354944617252,0.012833769182459666,0.016481538518117025,28,True
2012-08-06,2012-08-12,23.918976391802797,18.33577411358175,34.27084561861483,18.395879280174192,13.953847797100366,21.176923076923117,74.76978021139628,29.919230681199295,95.93076911339394,0.013463189564440604,0.009984961460129572,0.015912653770870887,28,True
2012-08-13,2012-08-19,23.30674296787809,20.42188415527346,32.169695105919516,21.58502689403494,19.042307692307702,24.34615243765029,91.78626380647931,45.853845889751724,99.9000003521259,0.016307891479560306,0.013887807726860046,0.01916142302350356,28,True
2012-08-20,2012-08-26,25.057031166160527,20.034268657977805,35.65868999774642,19.5541211809431,16.42307668832632,24.08461679311904,75.03777475933452,31.799999897296612,99.46538514357347,0.014422446427928223,0.011750961618068127,0.01897549994576436,28,True
2012-08-27,2012-09-02,23.43890952644769,20.05588097205532,32.346192345252405,20.754533721588498,18.957690664438132,24.52692213792068,87.1870881646544,48.000000146719124,99.85384662334735,0.015472626378810913,0.013777192252186628,0.01944803847716405,28,True
2012-09-03,2012-09-09,24.0356152880323,20.24827200082632,33.01807556152346,20.132555129501863,18.576921668419516,22.34615361140328,82.11552188422654,42.773076864389274,99.26153857891376,0.014880629128438757,0.013524961622002033,0.017152423039078712,28,True
2012-09-10,2012-09-16,24.910755132318876,20.00965153620797,34.19815392127407,19.734890378176534,17.688462242713342,22.796154080904444,76.41689555461589,38.47307667365441,99.81538508488582,0.014547222536978321,0.012749461492953392,0.017534038266883448,28,True
2012-09-17,2012-09-23,25.458740670340426,21.68492337740389,35.378079693134055,21.00934091085918,16.99230581430288,23.607692777193506,79.72115389331357,36.35769227834848,98.18846159714919,0.01582153299746646,0.012216346230931006,0.01860188474305547,28,True
2012-09-24,2012-09-30,23.54333548074242,19.32542395958535,34.42415301983175,20.861675866095595,18.396154315655053,23.873074810321555,87.35164837784819,43.48076923076923,99.88461567805363,0.015615115363079194,0.013367807671714287,0.018795961478295233,28,True
2012-10-01,2012-10-07,25.033093270102718,21.406693443885217,34.000074885441734,22.53489028595308,18.715384615384664,26.211538226787866,88.37664827409682,40.36538461538461,99.8923081618089,0.0173960027456345,0.013629269248877581,0.021676923148334026,28,True
2012-10-08,2012-10-14,24.591613618620176,21.563770939753624,33.43280944824221,22.619231020749293,19.94230511005111,25.961540574293906,90.77431320358109,44.99615405156062,99.91923112135667,0.017428831022058788,0.014748269262222143,0.021257922984659672,28,True
2012-10-15,2012-10-21,24.537899327540163,21.386500197190514,33.8862677940956,23.12737665700391,21.065386023888266,25.94615384615389,93.29354427673005,53.01923047579252,99.92307750995343,0.018012730739908396,0.015806153918114994,0.02133707680667822,28,True
2012-10-22,2012-10-28,25.291652402773032,21.505461237980796,34.55446190467251,22.82386026906445,19.769232881986227,26.48845942570614,88.85892883237901,42.276922959547775,99.93076970027043,0.01770022116437718,0.014603730828429643,0.022104577018091313,28,True
2012-10-29,2012-11-04,25.301050098125778,21.489575664813742,34.2634990985577,22.110480650178705,20.426923076923117,24.73846059945913,84.77898338338831,45.94615408090445,99.91923141479492,0.016901070075518974,0.015262730849476961,0.01991988453440941,28,True
2012-11-05,2012-11-11,25.25980261498757,22.006886174128624,33.171040226863,23.45787066784536,21.538463651216944,26.007692542442953,91.63392872338765,51.9807690840501,99.90384674072266,0.018399465650033493,0.01643549994780467,0.02145388450186986,28,True
2012-11-12,2012-11-18,24.56246400770252,21.242309335561913,29.525883366511437,23.83820051256119,21.119229595477805,26.192307457557092,96.38351672560304,78.16538443932167,99.92307750995343,0.01880636954536805,0.01588426920800255,0.021640384713044532,28,True
2012-11-19,2012-11-25,24.948260607038247,22.652345862755453,31.858000300480796,24.053310327215538,22.596154785156273,26.800000469501242,95.6043957406348,59.35769271850586,99.93076970027043,0.019052560410493025,0.01739723077760293,0.02242730765675123,28,True
2012-11-26,2012-12-02,25.47390991881656,22.421881807767477,33.44350351186904,22.726071762252666,20.738465294471155,26.510382784329977,87.26263756804414,49.196153787466194,99.91923112135667,0.017599699212811314,0.015511115511449484,0.021986499930230472,28,True
2012-12-03,2012-12-09,25.375799677922203,22.820270010141257,32.64654282789968,23.370371321793463,20.88461514986483,26.23461655836843,90.55549468574942,49.961538608257584,99.8500008216271,0.0182971607197772,0.01570653861675125,0.02186642322116173,28,True
2012-12-10,2012-12-16,25.24331603836229,21.855077655498803,32.09650221604568,23.324079467438107,21.801154268704977,25.85384404109078,90.81167588915143,56.44615364074707,99.83461585411659,0.01823210988992027,0.016535653732717037,0.02129842283634039,28,True
2012-12-17,2012-12-23,24.80647841233476,22.093192232572164,30.978040020282492,23.07395634913185,22.050002817007226,25.203846623347374,91.76758250037392,62.17692316495455,99.90000064556415,0.017955486246916865,0.01679615371932204,0.020404730493632648,28,True
2012-12-24,2012-12-30,23.537561160915523,21.87257948655349,27.828040255033102,22.906730836302394,21.73461538461538,24.68076946551986,96.79134639278872,75.47307616013747,99.90384674072266,0.017719486270325033,0.016498192320936002,0.01977069228171156,28,True
2012-12-31,2013-01-06,22.838447503729203,21.081961763822164,26.54430776742788,22.36204681396486,20.938462242713342,24.153845919095602,97.55315964562553,79.23846186124362,99.91923112135667,0.017097009617098414,0.01564080773208004,0.019040807580145504,28,True
2013-01-07,2013-01-13,23.72322733952451,21.36261549729568,31.623308387169516,22.391167206816647,20.803846858097984,24.457691838191124,93.5715660577292,53.496153611403244,99.90000064556415,0.017165144279875515,0.015618384493371615,0.019512884605389375,28,True
2013-01-14,2013-01-20,24.645049017602293,22.084961876502405,33.15000070425185,22.89170352810034,19.961538226787866,25.888463885967553,91.43008245740619,46.384615237896256,99.86538461538461,0.01775639973181699,0.014828769131921805,0.021183384510760125,28,True
2013-01-21,2013-01-27,24.05969634003694,21.192883770282492,31.930191979041467,22.702912525554304,21.17000380295974,24.257692542442953,93.43791222834325,57.53461573674129,99.93846189058743,0.017486204652903743,0.015879576954130944,0.019191346059624966,28,True
2013-01-28,2013-02-03,24.75913412073159,22.5024611253005,31.304650878906273,23.582362265115275,22.43846106896035,26.269230534480187,94.23640129592391,64.91923009432278,99.91538531963641,0.018469017882995147,0.01716076912215123,0.02172884624451399,28,True
2013-02-04,2013-02-10,24.31355903541651,20.775304706280053,29.250000939002405,23.18336547180849,20.696155019906882,25.492309335561913,94.18475290969177,75.64230742821327,99.92307750995343,0.018062977991476246,0.015469346159639267,0.020728769353949107,28,True
2013-02-11,2013-02-17,24.48313054514458,22.043192702073327,32.18465224045974,22.657789058475725,19.99615337665267,25.63461514986483,91.18640126762809,48.43461520855244,99.91538502619817,0.0174768914616984,0.014829192238931473,0.020873230667068407,28,True
2013-02-18,2013-02-24,23.487987367399473,21.639575430063132,29.076077740009055,22.86418966775414,21.569231238732016,25.726922607421898,96.7765113076011,75.69230754558856,99.91538531963641,0.017667108532655372,0.016352807708944265,0.02092973071222122,28,True
2013-02-25,2013-03-03,23.879728103470036,21.83050044133114,28.841921058067953,23.218433606493623,21.76923170823318,26.588464355468773,96.71469807886815,72.16538443932167,99.92692360511192,0.01806608376292778,0.016446615426013104,0.02220484600044214,28,True
2013-03-04,2013-03-10,24.151751608377,21.821194927509055,30.03719365046578,23.09836550702107,21.750000939002405,24.969228656475366,94.79931338802798,69.00384609515851,99.91923141479492,0.017902141482988885,0.016391653675012864,0.02014203856770809,28,True
2013-03-11,2013-03-17,24.425972085470704,21.488613187349756,30.134348707932702,23.66923063508759,21.453847797100366,26.63076876126803,96.17596185076367,73.0730777153602,99.93076999370868,0.018600374993683954,0.016223000219235055,0.022198807663069323,28,True
2013-03-18,2013-03-24,25.11425434992866,22.711539400540914,31.296267934945945,23.857692651434284,22.530765005258445,26.676923076923117,93.81840682291723,64.61153896038348,99.91923112135667,0.018793181326895298,0.017284692265093327,0.022304846188769892,28,True
2013-03-25,2013-03-31,24.13833351554453,20.990191885141257,32.88622906024642,23.042582392430592,20.788462477463952,26.788463651216944,94.67912100173615,52.08076902536246,99.92307750995343,0.01786417856551502,0.015473846095399214,0.02228069226615704,28,True
2013-04-01,2013-04-07,24.254606871552546,21.55930950458236,32.09277085524343,23.008104403988366,21.44615149864785,25.184613506610617,94.04409370317565,54.849999794593224,99.91923141479492,0.017812458799568588,0.016148884673244678,0.020268192156576194,28,True
2013-04-08,2013-04-14,25.24872875842421,22.418267822265648,35.2074606088492,23.63914872892612,20.969232177734398,26.592311917818506,92.44381881546188,43.684615501990685,99.91538531963641,0.018559653836476443,0.015750269154803112,0.022101846237022143,28,True
2013-04-15,2013-04-21,23.766682652064755,22.25703876201925,29.01519282414364,23.04931273407991,22.08461796687203,25.046152907151452,96.33653868161716,72.28461544330304,99.91923141479492,0.017827868143065865,0.01677103852853179,0.02013442299973506,28,True
2013-04-22,2013-04-28,24.2648624965123,18.166730205829367,35.048768028846155,19.648901861840574,16.800001643254234,24.10384404109078,79.06208800221539,37.419230681199295,99.93076970027043,0.014539509620210462,0.012044999963388993,0.019078192301094532,28,True
2013-04-29,2013-05-05,25.048414016555974,21.189002169095602,33.6996563251202,22.893406517951068,21.03076735276443,26.311537287785484,89.86565952510624,52.126922607421875,99.92692360511192,0.017710675805254462,0.015763269379161872,0.02173073052500303,28,True
2013-05-06,2013-05-12,23.96315301748425,20.944228891225976,28.897650850736227,23.182555037278412,20.903845919095602,25.749999765249413,96.0079671576783,74.96923094529372,99.93076970027043,0.017968219731791087,0.015571538538027268,0.020996000044620954,28,True
2013-05-13,2013-05-19,23.340763360327433,21.232461547851585,27.454192880483788,22.652885118421644,21.153844745342553,25.52692565917971,96.44436836766673,78.91923170823317,99.95000017606296,0.01740769918363255,0.01579549998188248,0.020616000016721394,28,True
2013-05-20,2013-05-26,23.524569853059557,21.210343346228967,30.620960881159874,22.12651088840361,21.123075984074546,23.792304171048727,93.17692314399469,59.97692254873422,99.86153881366437,0.016847381845454347,0.01579384609627036,0.01867703849879595,28,True
2013-05-27,2013-06-02,23.416793588491608,19.545195124699546,30.931037081204977,22.379395512172177,19.465382267878624,25.857691603440514,94.85563208506657,61.71923153217022,99.93461579542894,0.01716177749631742,0.014257884584367275,0.021131154006490342,28,True
2013-06-03,2013-06-09,22.84791524698449,19.420001455453757,31.249615948016867,21.20480780129907,19.23076899601864,24.111537992037256,92.2188187641102,56.92307692307692,99.91153863760141,0.015917946414377254,0.014055307667988997,0.019023653585463762,28,True
2013-06-10,2013-06-16,22.108359385060762,18.80276817908657,31.17819542518032,20.30329703865473,18.68846341646639,22.52692213792068,90.83804956373277,53.1000002347506,99.58846224271335,0.015001928566821985,0.013510999914545279,0.01712161531815162,28,True
2013-06-17,2013-06-23,23.5629338023427,19.831228168194116,31.933998460036094,21.34807680570165,19.71923335148739,23.842309570312523,89.3431319456834,49.64999991196852,99.83461644099309,0.016051826943581985,0.014442846250648681,0.018712154016471826,28,True
2013-06-24,2013-06-30,23.93785704728013,20.431076988807092,31.023998319185694,21.64519242506763,19.800000469501242,23.0769240159255,89.09368146120848,58.33076946551983,99.91153893103966,0.016347325557924727,0.014603961545687456,0.01780238453871929,28,True
2013-07-01,2013-07-07,22.995322485284515,20.245307100736227,30.050615516075766,21.677060238345657,20.003844980093163,24.296152907151452,93.48104414049087,62.94615408090445,99.88846206665039,0.01638559478841681,0.014772423041554598,0.019179922958406117,28,True
2013-07-08,2013-07-14,22.17120283357392,19.123769672100366,31.189496319110617,20.732417322515158,18.161537522536094,23.819233586238,93.04780239063305,54.31538508488582,99.86538520226112,0.015452153846406592,0.013137730733992962,0.018709730786772873,28,True
2013-07-15,2013-07-21,22.592657797677198,18.368576988807092,33.424000431941124,20.318819167587808,17.765385319636437,22.78846012995797,89.14656596131377,44.4730768937331,99.86538490882286,0.015046094797531164,0.012766923039005352,0.01751538448465558,28,True
2013-07-22,2013-07-28,22.20850373991246,17.904629986102805,29.35784419133114,19.650988962362124,16.89615314190206,22.650773033728967,87.1267856817979,51.7269229888916,99.75384609515851,0.014463593408076483,0.012039538437070755,0.017404077073129322,28,True
2013-07-29,2013-08-04,22.252334695333985,18.901320002629234,30.85393911508413,20.529121122255454,18.215381094125632,23.62307950533358,91.39038476839171,52.0769226367657,99.75769365750827,0.015252789834278871,0.013106653896661906,0.018414538461141862,28,True
2013-08-05,2013-08-11,23.97700581812598,21.362309147761437,32.70263413649343,21.63066291389887,18.923074340820335,25.041155066857016,88.63530219780219,47.64999991196852,99.85000052818886,0.01639605767943047,0.01377703847650152,0.02014142296348627,28,True
2013-08-12,2013-08-18,22.67695078587796,18.986554424579367,30.92130901630111,20.784615837348706,18.650000704251852,23.123077157827538,91.04217050887726,58.803846212533806,99.8538463299091,0.015516605774442164,0.013517807739285322,0.017851538562144224,28,True
2013-08-19,2013-08-25,23.60336825192632,20.78086477426382,32.28778522198019,21.93076933976061,19.97692378117489,24.64999835674581,91.74629120250324,48.72692284217248,99.89230786837064,0.01667835576342071,0.014757153864663381,0.01963299996434496,28,True
2013-08-26,2013-09-01,22.65022539411275,18.624769709660484,30.84355374849764,19.331043888972378,15.707693011944116,24.307692072941734,83.94244526244782,44.34999994131235,99.86153910710262,0.014258344765179431,0.011189423143290557,0.019203038456348274,28,True
2013-09-02,2013-09-08,24.041174391861826,18.88863055889425,36.56247629018935,20.74120927747791,17.050000469501242,23.53461608886721,84.55370898037167,31.773077231187088,99.83846194927509,0.01554356317757373,0.012324653888264528,0.018456692484995492,28,True
2013-09-09,2013-09-15,24.496881983830406,20.20269282414364,36.09123089130111,21.92832416073309,18.49999741774343,25.323076453575766,87.97032977722503,39.6000002347506,99.88846236008864,0.016727428555816083,0.013483846130279394,0.020489923011225004,28,True
2013-09-16,2013-09-22,24.718397178230724,20.294094144381006,35.92732567420376,21.804120845585107,18.64615196814907,25.403847092848594,86.51785717429696,35.8730766589825,99.86538578913762,0.016584560400448166,0.013553153795118515,0.020570961471933585,28,True
2013-09-23,2013-09-29,23.983413251939737,20.836939650315514,32.63893925593453,21.936538126180487,20.569227717472984,25.765384145883445,90.09766496930804,50.023076864389274,99.73461591280423,0.016673495895792166,0.015257538439562688,0.020996154071046755,28,True
2013-09-30,2013-10-06,24.818813256903038,21.188554969200766,35.18863243689907,22.128612451238975,18.273075749323937,26.230767822265648,87.4350274997753,36.73076893733098,99.83076975895808,0.016963046659449383,0.013288499930730233,0.021620576914686423,28,True
2013-10-07,2013-10-13,24.488409205845446,19.76517169658956,34.29117032564608,22.215412072821003,19.52307692307693,26.561536114032492,89.47967054031707,45.25769248375526,99.92307750995343,0.017051488999021498,0.014388269279152155,0.022122692316770554,28,True
2013-10-14,2013-10-20,24.69693439190207,21.80032559908358,34.86238661545974,22.835824836479464,19.88846271221456,25.72692730243392,91.46771994265882,41.3000001173753,99.92692360511192,0.01766832965262398,0.014643538420876632,0.02099569234997034,28,True
2013-10-21,2013-10-27,24.894463692130653,21.771075674203757,31.457538076547507,23.37674425565282,21.63461749737081,26.69615384615389,92.58379135027037,59.04230748690092,99.5500007042518,0.018263836526874824,0.016392461597346343,0.022333115267638978,28,True
2013-10-28,2013-11-03,25.256518621759124,21.591845937875632,33.311245023287256,23.06932660616363,19.64999835674581,26.28077087402346,89.6490385558579,45.69999973590557,99.85769301194411,0.017968151118391406,0.014533999984940657,0.021763961690549668,28,True
2013-11-04,2013-11-10,24.28992254236244,21.177545166015648,31.564785062349756,23.17201938838752,21.147694279597374,26.530766179011437,94.5152474812099,61.18846189058744,99.93076970027043,0.018071825540583623,0.0159049229696393,0.0220801538716142,28,True
2013-11-11,2013-11-17,24.406547185876892,21.610229257436913,31.14371173565206,23.037540955595944,21.169230299729577,25.299999295748194,93.37060457271534,59.75769219031701,99.87307739257812,0.017891296739485318,0.01592392298894433,0.02048588479654147,28,True
2013-11-18,2013-11-24,24.582256208147346,21.163707791841944,30.53786268967849,23.304464419857506,21.046155254657492,26.425000469501242,93.63832443887061,66.44615364074707,99.91538502619817,0.01822151921709979,0.015830730768637016,0.021986038638995245,28,True
2013-11-25,2013-12-01,24.896239245068916,21.94432044396035,32.35955317570614,23.305934587415777,21.715386962890648,26.234613037109398,92.41346164850088,56.96923109201285,99.93076999370868,0.01823753572023054,0.01648088455056915,0.02176484616043476,28,True
2013-12-02,2013-12-08,23.95279217395156,21.29355069673983,30.96393737792971,22.55598878965275,20.765381798377405,25.053843336838952,93.26744516079243,55.288461391742416,99.88461538461539,0.017365424447324494,0.015554884699388193,0.020223230911562078,28,True
2013-12-09,2013-12-15,24.30958009656971,20.823859346829977,32.54670457106374,22.25798099224386,20.72192241962142,25.265385319636437,90.28118142976867,50.930769406832184,99.93076970027043,0.017034328317494837,0.015456769293030867,0.020414653735665176,28,True
2013-12-16,2013-12-22,25.476429882678385,21.81731919508718,33.3004605806791,21.18728044111652,17.765385319636437,23.357690429687523,80.20480767973176,39.565384498009315,99.5538462125338,0.016026774738598003,0.012935769278556108,0.018484999963010732,28,True
2013-12-23,2013-12-29,24.626645534641163,21.274539419320945,33.61286081167373,21.802527308202077,18.62692354642428,25.461538226787866,86.49271978650775,40.95384612450233,99.80000099769005,0.016651520598935637,0.013617730806939878,0.02067430768735134,28,True
2013-12-30,2014-01-05,23.7918769668747,20.168322988656882,29.580464054988,22.225398698743906,19.603847562349756,23.88846153846157,92.0972529243637,58.55769245441143,99.6884621840257,0.017020726613546873,0.01449757689037002,0.01887957680110748,28,True
2014-01-06,2014-01-12,23.96888684283249,21.91624661959139,30.84045973557693,22.202678864866844,19.61923311673678,24.27692448542672,91.48983541425767,52.042307780339165,99.90384674072266,0.017002418949422275,0.014493769392944299,0.01926761528906914,28,True
2014-01-13,2014-01-19,23.309004454560352,20.60524550217849,27.698537738506616,22.591470504593087,20.619231942983788,25.53461608886721,96.27362666287264,85.48076923076923,99.93846189058743,0.01738190387406356,0.015330807628253331,0.020781769130665522,28,True
2014-01-20,2014-01-26,24.19223497830907,20.478153874323937,34.08515319824221,21.876730380215513,18.6923062838041,23.77307927058297,89.11346155208545,39.988461861243614,99.91153893103966,0.016647799474002977,0.013666769203085165,0.018612076958211567,28,True
2014-01-27,2014-02-02,25.09911855341317,21.88669034517733,32.61938453087441,22.19997286115376,19.23461421086239,24.63845919095553,86.22719778333392,48.707691779503456,99.73461591280423,0.017032873610822626,0.014130615414335178,0.01972003825581991,28,True
2014-02-03,2014-02-09,24.300854500571468,22.23024784968453,29.440092585637046,23.407692391531832,22.161537522536094,25.361537992037256,95.52307717354743,71.08461541395921,99.92307721651517,0.018279204670861773,0.016923230786163073,0.020619115290733483,28,True
2014-02-10,2014-02-16,23.76654134058693,21.91186265211843,29.221324979341944,22.840577236636673,21.24615337665267,25.03846130371096,95.22101665853144,69.58846136239859,99.87307768601637,0.017642728051754063,0.01599596147067272,0.020165577029379513,28,True
2014-02-17,2014-02-23,24.55442836887236,22.094537353515648,31.706094360351585,23.02717051244047,21.14615196814907,25.723077392578148,92.42898357307517,55.20000017606295,99.8000007042518,0.017901409336795602,0.015922846272587776,0.021066346134130772,28,True
2014-02-24,2014-03-02,24.236588169978237,22.000384756235007,29.277631084735617,23.52162079863498,21.93461468036361,26.13076993502108,96.43090699269221,70.53076964158278,99.92307750995343,0.01841296978770745,0.016707884470144145,0.021547615384826295,28,True
2014-03-03,2014-03-09,24.21979046496719,21.886169198843163,28.369461998572717,23.14614048213752,21.79230534480172,25.815387197641257,94.51895634682624,70.1192299769475,99.88461597149188,0.017988875005547737,0.016487961527533256,0.02106984625928677,28,True
2014-03-10,2014-03-16,24.293122109214057,21.591937490610007,31.905921114408102,22.960302013355317,20.68461468036361,25.376922372671288,93.45645620010711,51.35769227834848,99.85769271850586,0.017803656624292362,0.015437423144108973,0.020616846302380927,28,True
2014-03-17,2014-03-23,23.508569335937523,21.058764883188132,27.388307776817953,22.95563169206895,21.011536583533655,24.615384380634055,97.15755524478116,83.24615419827975,99.92692360511192,0.017757082404057076,0.015746692231354806,0.019609692219931345,28,True
2014-03-24,2014-03-30,24.08728213467443,21.224015221228967,31.83147817758413,22.665933814415585,21.13076876126803,25.33846083420974,93.22458801164733,53.17692301823543,99.91153893103966,0.017457225248678127,0.015855961443426516,0.020488000045029018,28,True
2014-03-31,2014-04-06,24.84313270652689,21.308093496469382,33.89763207068813,22.21428526993638,19.769230534480187,26.215384615384664,87.61717032862234,43.76538438063402,99.92692331167368,0.017005079661260594,0.014550653787759634,0.021599538481006257,28,True
2014-04-07,2014-04-13,23.546620773483134,20.80076810396639,33.345093712439905,22.037911358508463,19.753846153846155,24.83461679311904,92.95837933152586,45.89999961853027,99.92307750995343,0.01679422250554825,0.014629615291666526,0.01995099987834692,28,True
2014-04-14,2014-04-20,23.377425409673357,20.94884760929989,29.21361811711239,22.44271940294205,20.899999530498803,24.53461491511422,95.29711559316614,74.3307693188007,99.89230786837064,0.01721081183199863,0.01565638456780177,0.019599730936953656,28,True
2014-04-21,2014-04-27,23.9048654493395,21.777078247070335,29.96599966195913,23.112500050303716,21.403844745342553,25.98076899601864,96.04409356693645,65.4384611569918,99.91538502619817,0.01793765659177942,0.016101923054800585,0.021331923082470894,28,True
2014-04-28,2014-05-04,24.177469165508587,21.756400240384664,31.080167095477805,22.94423111297274,21.338464355468773,25.22692495492788,93.96634624292562,61.54615372877855,99.91923170823317,0.01774961539482759,0.016091384459286928,0.020283769314678814,28,True
2014-05-05,2014-05-11,23.833592484023566,21.18217092660757,31.217705125075156,22.818681167770244,20.953848970853414,25.649999530498803,95.03695076638526,62.83461570739746,99.93076970027043,0.017597594794786568,0.01566253835335374,0.020788307659901105,28,True
2014-05-12,2014-05-18,23.25436474307555,20.860703453650842,29.249615948016867,22.561400964757922,20.64230557955233,25.68846106896035,96.50068710662507,73.19615408090445,99.93846189058743,0.017353901125306447,0.015379846131858917,0.02086438460705372,28,True
2014-05-19,2014-05-25,24.366938848809905,21.541937960111227,30.94170649601864,22.85879132616653,21.465384615384664,24.66923147348257,92.57280232880142,63.64999991196852,99.8923081618089,0.017620177187312108,0.016192653825363286,0.019716038440282527,28,True
2014-05-26,2014-06-01,23.615062143514468,21.48071030836843,29.615615609975976,22.546291326166532,21.219232177734398,24.961538226787866,94.58173089499003,65.66153790400578,99.87307709913988,0.017291913394928797,0.015869384559874352,0.020072115298647147,28,True
2014-06-02,2014-06-08,23.46521442119894,20.909768676757835,31.860939378004844,21.752609688895113,20.265382972130453,24.18461820162264,91.58804960041256,50.342308044433594,99.92307750995343,0.01649558517549719,0.014967653757104507,0.01919734624859232,28,True
2014-06-09,2014-06-15,23.49346288324715,20.52470609224764,29.457095571664695,22.196703497918115,20.461538226787866,24.619228421724756,93.5104397050627,69.81538479144757,99.88076987633339,0.016925809083629277,0.015149076863263663,0.019513730676128313,28,True
2014-06-16,2014-06-22,22.493386547382084,19.68455481896035,28.240163715069116,20.859614839658658,19.303846858097984,22.52692213792068,91.7701923401801,68.78076876126804,99.84615443303035,0.015516374990661311,0.01410561534934319,0.017217923063211717,28,True
2014-06-23,2014-06-29,22.051177156888553,18.92386075533358,30.35293790377108,20.807279792198788,18.815382502629234,23.561537287785484,93.79024738269848,56.192307252150314,99.83461556067833,0.015518953291965383,0.013694115341282807,0.01841276941391138,28,True
2014-06-30,2014-07-06,22.427553088848438,19.69424767127407,29.05761577899642,20.74697789621879,19.36923311673678,22.915385084885827,91.54175840105329,65.03461573674129,99.47692342904898,0.015444464294577612,0.014137884745231042,0.01771338455952131,28,True
2014-07-07,2014-07-13,22.780905268742508,20.358706899789695,29.09884854830233,21.143268685812497,19.957693011944116,22.8423048753005,91.97788486375914,59.50769248375526,99.90384674072266,0.015813537100637026,0.01464992306696681,0.017623153801720876,28,True
2014-07-14,2014-07-20,22.136377036964525,18.760243107722374,30.61416954627407,20.403159441266762,18.28846012995797,23.20384427584139,91.52500015824705,49.75384594843938,99.742307809683,0.015099439579369194,0.013202461628959728,0.017934269128510587,28,True
2014-07-21,2014-07-27,23.067266795399444,19.325015493539695,32.651384559044516,20.658929191840894,19.242310509314905,23.507693716195945,88.69807699224451,45.488461421086235,99.9000003521259,0.015382978009766193,0.013965961487533955,0.018323576901681148,28,True
2014-07-28,2014-08-03,23.313075910295783,19.83538442758413,33.58609454815206,20.300000050303726,18.28076970027047,22.188462242713342,85.82252765487839,40.684615501990685,99.89615455040565,0.015012686813741431,0.013218153877040515,0.016959769364732962,28,True
2014-08-04,2014-08-10,23.003956109350877,19.826465078500632,33.12632023737984,20.638324125520494,17.88461632361782,23.607691603440514,88.77293959816734,41.05769230769231,99.89615425696739,0.015361163455604034,0.01290092316384499,0.018433423175548132,28,True
2014-08-11,2014-08-17,23.1681582440387,20.43584712101864,29.749784968449546,21.43145598526842,19.73845942570614,23.98461421086239,91.58681342889975,57.099999501154976,99.83846224271335,0.016129484916986018,0.014510923172705449,0.0188617307979327,28,True
2014-08-18,2014-08-24,24.111300097455064,19.663922588641867,33.69732407789968,20.73818736652754,17.757693716195945,23.873077157827538,83.93186819160378,46.37307680570162,99.67307780339168,0.015502590622118378,0.01278707693116023,0.018761384623268478,28,True
2014-08-25,2014-08-31,23.533525504646743,20.03238361065206,32.14393709622897,21.738324527950095,19.746154550405663,24.44615032489486,91.70412114426331,50.326923223642204,99.91153922447792,0.016466156605139868,0.01451092310106525,0.01944180764257908,28,True
2014-09-01,2014-09-07,24.686689204960107,21.040460205078148,34.906459867037256,20.321840827019685,18.757693716195945,23.207695359450156,80.05041211515993,38.615384321946365,99.23461532592773,0.015092254127631639,0.013664769259496378,0.018041269244769446,28,True
2014-09-08,2014-09-14,23.644950673868397,19.915784160907492,31.746474984975976,22.03598917028409,19.79615173339846,24.807695594200766,91.86689570185902,57.79615416893592,99.89615425696739,0.01680527472034465,0.014575384521427063,0.019862615360090367,28,True
2014-09-15,2014-09-21,24.67323371971049,20.744862248347374,34.21024944598861,21.951491781381485,20.43461233285757,25.623072462815514,87.37912097868028,44.30384635925293,99.81923147348257,0.01670111126297123,0.01515257702423976,0.020917730764127694,28,True
2014-09-22,2014-09-28,24.967794372223256,20.57739821213943,33.12255601149343,21.640521852262744,19.957693011944116,23.630766413762046,84.4104397061107,51.4769229888916,99.91153893103966,0.016384177174736426,0.014763653779832216,0.018487923133831758,28,True
2014-09-29,2014-10-05,24.316917100843515,19.733169320913476,33.82478895920974,21.01574134407465,18.573076453575766,25.37692354642428,84.35769227310853,41.26538408719576,99.38461626493014,0.01578780906249329,0.013484576896119576,0.02065811535486808,28,True
2014-10-06,2014-10-12,24.43938053676062,22.15801626352163,31.62569227952224,23.282005620264766,22.107692777193506,25.950003756009664,94.4645606659271,61.738461861243614,99.92307750995343,0.018133892836356226,0.01684846141590522,0.021286884537683085,28,True
2014-10-13,2014-10-19,24.440875856168994,21.31161592923678,35.54330655611483,22.32384647746665,19.003846153846155,25.965381094125632,90.16744514088055,37.56538464472844,99.92692331167368,0.0171025013909317,0.013862038461061625,0.021241423029166002,28,True
2014-10-20,2014-10-26,24.49768277681793,20.378322660006006,33.3693258432242,22.419450294578496,19.357692777193506,24.861539165790305,90.19890113977286,51.173077216515175,99.82307727520282,0.017224690949820636,0.014239961460519295,0.01999380776228813,28,True
2014-10-27,2014-11-02,25.118134945041554,22.360245689978967,32.63040255033053,23.700041274186038,21.465384615384664,26.836538226787866,93.39546717130222,52.81153854956994,99.92692389855019,0.018642909337438972,0.016264154002643548,0.022426999962100617,28,True
2014-11-03,2014-11-09,24.63836407504241,21.090552462064352,32.401478459284874,23.022995095724607,21.034617262620202,26.046155254657492,92.38255508653411,61.90769268916203,99.92307780339168,0.01789341484846363,0.01577230764982792,0.02144700002211791,28,True
2014-11-10,2014-11-16,24.452234850873026,20.55346304086538,31.800845571664695,23.33506843650736,20.49961477426382,26.523074575570945,94.46456045632833,66.3423080444336,99.80769260113055,0.018271469774625293,0.015199153827360043,0.022151461659142606,28,True
2014-11-17,2014-11-23,25.111973999358813,20.34438241811904,33.758939068134055,22.3133375314566,20.119228421724756,25.307692072941734,86.70425836856548,44.66153878432054,99.81153898972731,0.01716632278543989,0.014948576939507173,0.020590307620855477,28,True
2014-11-24,2014-11-30,24.6759354056893,22.256244131235007,30.671692833533655,23.620837930532623,22.211538226787866,26.03845778245193,94.82884632886112,66.69230827918419,99.92692360511192,0.018538460157207816,0.016972730724284284,0.02143353854234402,28,True
2014-12-01,2014-12-07,24.48805381020349,20.77847736065206,33.806474891075766,21.805453264844306,19.72307974008413,24.453843102088342,87.60618143291263,44.65000005868765,99.8923081618089,0.01659079534411021,0.014562038489832329,0.019492461561010435,28,True
2014-12-08,2014-12-14,25.093145492050702,21.63294372558596,32.59976994441109,22.54203320178359,19.90384357158956,23.72692495492788,87.58008262089321,53.38461553133451,99.88846206665039,0.01737041622630556,0.01469996152445674,0.01872442293768892,28,True
2014-12-15,2014-12-21,25.761846244728194,22.32109281099764,33.480399263822164,22.007513335510946,19.22692378117489,24.99922978327828,82.84862644069798,42.84230789771447,99.86153940054086,0.016820228007458315,0.01412865394153274,0.020139922961019553,28,True
2014-12-22,2014-12-28,24.538315758338367,21.476845139723594,31.763846529447164,21.675645656376112,19.624230957031273,24.165385084885827,86.10164845120777,49.48846098092886,99.71923153217023,0.01648497254495601,0.01448403843320333,0.01912999998491544,28,True
2014-12-29,2015-01-04,23.248642403738852,21.82084280160757,27.29893704927889,22.370700224153317,21.346924767127405,24.59999765249404,95.53489041590429,78.1500003521259,99.92307750995343,0.017119402479083574,0.016080153819460135,0.019597461447119713,28,True
2015-01-05,2015-01-11,22.05237513950895,19.977399151141867,24.750308462289695,21.371277417193426,19.854999014047507,22.76538649338943,96.4902475325616,85.81153898972731,99.80769289456882,0.016050873635142304,0.014591730772875823,0.017504192243974943,28,True
2015-01-12,2015-01-18,23.611136107392383,20.096168870192344,30.223321533203148,22.747115141480858,19.84615361140328,25.26653794508718,95.54587940069345,71.03846153846153,99.9038470341609,0.017572592024097812,0.014610692178114103,0.020401769174406163,28,True
2015-01-19,2015-01-25,23.753560722267252,21.197247783954367,30.178014667217553,22.936497086745067,20.83077040452224,26.40500089205233,95.98832429634345,61.18461579542894,99.93076970027043,0.01775525685573754,0.015506115204726275,0.02184557685485253,28,True
2015-01-26,2015-02-01,23.60540483914891,20.622324782151452,30.738921884390038,22.548035648890924,20.58076923076925,24.56346341646639,94.85068709509713,63.811538402850815,99.92307750995343,0.017321201884392446,0.015316115405697089,0.01957426915088525,28,True
2015-02-02,2015-02-08,23.33970928820937,21.131863872821555,29.30430579552285,22.229409622360084,20.98076899601864,24.64615314190206,94.44766496826004,67.25769204359788,99.81923176692082,0.01699133931561936,0.01571957688205517,0.019804845958088454,28,True
2015-02-09,2015-02-15,23.929701643723728,21.17332435021035,29.18738591120797,23.072761091295206,20.88076876126803,25.619231942983788,95.68942330957769,77.57307683504544,99.93076999370868,0.017899494550375084,0.01563853845716669,0.020876000062204324,28,True
2015-02-16,2015-02-22,25.369096290672243,21.952399385892477,33.62532137357272,21.656923122196435,18.38461514986483,24.13076993502108,82.55151104141068,42.91153834416316,99.91923141479492,0.016464112639928665,0.013339577027811455,0.019091192346352797,28,True
2015-02-23,2015-03-01,24.333941549783244,21.990245877779444,33.68392099233779,22.847665111835216,19.603845214843773,26.215386962890648,92.94739021573749,43.54230763362004,99.91923141479492,0.017659185484952326,0.014449538519749274,0.02156019225143469,28,True
2015-03-02,2015-03-08,24.397350956843475,22.146398456280053,29.90524738018331,23.12115375393042,21.546156428410484,24.984613037109398,93.67046731382936,67.64230786837064,99.88461655836839,0.01795662775799468,0.016330307600303337,0.020052346257636182,28,True
2015-03-09,2015-03-15,23.47863729288292,21.637710336538476,27.81599989670974,22.85918981531167,21.59538128192611,24.561539635291467,96.80714306988558,79.01153813875638,99.87307768601637,0.01765591074241796,0.016271576894303925,0.019518807745323732,28,True
2015-03-16,2015-03-22,23.806274766188427,21.279077148437523,31.27792569673983,23.15833824912273,21.150003051757835,26.046154080904444,96.74519257493071,65.47307733389047,99.9576926598182,0.018004450559421636,0.015916807756114464,0.021377615344065886,28,True
2015-03-23,2015-03-29,24.4219774267176,20.725847449669516,30.558709716796898,23.284450841212042,20.703076641376242,26.746156897911703,94.43667597299093,66.0269231062669,99.92692360511192,0.01810331731154532,0.015385346200603705,0.022269307707364742,28,True
2015-03-30,2015-04-05,23.22568471719933,20.52723083496096,31.009704355093163,22.135988608559433,20.13846036470858,25.865384380634055,94.44519225319664,65.76923076923077,99.82307756864108,0.016913601679594388,0.014878346154896112,0.021207230882002756,28,True
2015-04-06,2015-04-12,23.715229596148504,21.350232403094992,30.144690645658102,22.584079340002063,19.39230675330532,25.003846153846155,94.33763761834784,67.03461573674129,99.90384674072266,0.017382495888191594,0.014299961595008006,0.02006811541146957,28,True
2015-04-13,2015-04-19,24.25719005039762,21.269555664062523,29.878997567983788,23.039698355538526,20.88077110877407,25.576921668419516,93.97252769784612,71.08461541395921,99.8961548438439,0.017850670340511906,0.01560719210941058,0.02088088456254739,28,True
2015-04-20,2015-04-26,23.425531131618648,21.511307701697717,27.740018169696555,22.902335089379637,21.353847562349756,24.623077157827538,97.2989014007233,80.45769236637996,99.91923141479492,0.01767230769337902,0.016035653901501343,0.019611922880777947,28,True
2015-04-27,2015-05-03,23.696482832353215,21.263385244516257,32.67030663123501,22.416208514538457,21.176923076923117,24.94615149864785,93.7188189475091,51.94615393418532,99.91153922447792,0.01718356594402384,0.015857346105174377,0.01999400004457969,28,True
2015-05-04,2015-05-10,23.171751018146917,19.648632108248194,28.68007695124703,22.199449912270374,19.54230651855471,25.39230675330532,94.97527493487348,74.8307693188007,99.90769283588116,0.016961050835171982,0.014333423191251663,0.020479153985014327,28,True
2015-05-11,2015-05-17,22.541203777606693,20.801249342698327,30.12392343374404,21.78997242686515,20.673075514573327,23.861539165790305,96.2085168492663,65.68846145043007,99.86153910710262,0.016482852996777295,0.01537546139353743,0.018721653936574094,28,True
2015-05-18,2015-05-24,22.731505148751417,19.690552696814905,31.780475088266257,20.884752772404617,19.065383676382226,24.42307668832632,90.93241761804937,49.30769201425406,99.92692360511192,0.01559227334647593,0.013884115355232587,0.01928934619690363,28,True
2015-05-25,2015-05-31,23.561723076118245,21.100323955829367,29.794091796875023,22.514972452017,21.015382972130453,24.561538461538476,94.8326925602588,69.89230786837064,99.92307750995343,0.017273604410577688,0.015728192296452247,0.019594269159894723,28,True
2015-06-01,2015-06-07,23.100414418650217,20.32101651705233,28.659613741361227,22.253914776477206,19.973076218825156,25.299999295748194,95.70769249213922,69.8846155313345,99.89615425696739,0.01699805770013072,0.014726346251196586,0.020422653939861517,28,True
2015-06-08,2015-06-14,23.17863759470512,20.78539898212142,31.46032339242788,21.83255488636732,20.33076923076925,24.473076218825156,93.44065940773093,54.68461535527156,99.89615455040565,0.01655384066391859,0.015033269193596564,0.01940615396373547,28,True
2015-06-15,2015-06-21,22.67459829141808,18.98632554274343,29.131787578876242,21.655494790548833,18.67307903583236,25.603847562349756,94.72142867203597,74.21153860825758,99.88076987633339,0.016412414853450852,0.013490884636457149,0.020699577047847785,28,True
2015-06-22,2015-06-28,21.527219516628413,18.442558640700156,29.57486290564907,19.614560406024662,17.96923335148739,21.303846858097984,90.50480782330692,54.01923076923077,99.80000041081355,0.014335182677074284,0.012936576842688598,0.015873384626152422,28,True
2015-06-29,2015-07-05,22.860383019080555,19.805858670748194,30.97222642164968,20.71758217444789,19.33077040452224,21.823076453575766,89.69835167140751,50.23461547264686,99.51538526094876,0.015419223917658431,0.01408657693089201,0.016596846246662047,28,True
2015-07-06,2015-07-12,23.001707030914666,20.59417231633114,30.147924335186303,21.743269088242105,20.44615384615389,23.461537053034874,93.94642879150726,63.82692293020395,99.87692348773663,0.016443491747070636,0.015129692315195616,0.018313692416995764,28,True
2015-07-13,2015-07-19,23.513169902759614,19.307096980168296,31.437000920222374,20.839560053898765,18.17307668832632,23.68461468036361,87.52280220618614,52.88846147977389,99.59230833787184,0.015550245890383618,0.013146153937738676,0.018494615474572547,28,True
2015-07-20,2015-07-26,22.488480385581234,19.355090566781882,34.11955472506014,20.927747344970722,19.207691838191124,22.650000704251852,92.6068682041797,42.049999970656174,99.85769330538236,0.015591392860297565,0.014047884597228123,0.017325769214389417,28,True
2015-07-27,2015-08-02,22.745307771452207,20.303247070312523,27.990552227313742,21.53585200886152,19.39230675330532,24.773075749323937,93.70219777704595,76.90384659400353,99.89615425696739,0.01623088737008172,0.014204153791069984,0.019696461538282726,28,True
2015-08-03,2015-08-09,24.197773080343755,19.118463134765648,34.10762939453127,20.777610124860512,18.546154080904444,23.453845449594382,83.96497260607205,41.90000005868765,99.43461608886719,0.015519012342677913,0.0134381539403246,0.01831092298603975,28,True
2015-08-10,2015-08-16,23.84921811281982,20.32331237792971,33.647475961538476,21.33351694463376,19.850001173753014,23.457693011944116,88.29684083540361,44.19615393418532,99.81923118004433,0.016050510982225475,0.01459849994772902,0.018300615501804993,28,True
2015-08-17,2015-08-23,25.087581357851157,20.644846754807702,35.009231332632226,20.199313673082308,18.33076923076925,21.946152672400842,77.82733528430644,38.04230748690092,98.06153869628906,0.014968021963415973,0.013260384627546255,0.016668653760391932,28,True
2015-08-24,2015-08-30,24.74401240925215,21.137538968599756,36.05762986403249,21.362911953768908,18.39230557955233,24.415385084885827,84.19725299929523,35.246153831481934,99.46153875497671,0.01610042719978962,0.013384230757275453,0.01939688468925082,28,True
2015-08-31,2015-09-06,23.945921149620666,20.5596158541166,33.15139864408053,20.92280215588247,19.346155958909264,24.488464120718163,85.79395614875543,46.61153837350699,99.82692366379958,0.01563217581101376,0.014175230816293221,0.019330923087321795,28,True
2015-09-07,2015-09-13,26.458172112768843,21.325771390474756,37.762480280949546,19.37321415157111,13.503846153846155,22.04230534480172,69.76071431086613,23.27307679102971,94.63461538461539,0.01428902882744896,0.009707961589671098,0.016787115341195695,28,True
2015-09-14,2015-09-20,26.074335764790654,20.18232116699221,36.7422330416166,19.7219782986484,12.715383441631616,24.888463885967553,71.47788462796053,26.611538520226112,99.45000017606296,0.0147814203417031,0.009329307609452652,0.019976038557405654,28,True
2015-09-21,2015-09-27,25.980926237001544,21.860461660531882,34.375847214918906,20.95219796149288,17.900000704251852,23.361539165790305,77.12582414752833,43.6115381534283,99.91153863760141,0.015770660741459375,0.013021884521899315,0.018159346332630284,28,True
2015-09-28,2015-10-04,25.728676026732078,21.30086317795974,35.45916724571816,21.878612912356214,20.261536583533655,24.146159010667077,81.90247250389267,43.27692325298603,98.26923106266902,0.016667126414396768,0.015069115333832227,0.019138807574143775,28,True
2015-10-05,2015-10-11,26.001830736097425,22.028155752328757,35.08124460073623,21.922856903076195,19.138463885967553,24.534617262620202,81.09409336205367,40.5076924103957,99.34615325927734,0.016731752719791545,0.014032423138045348,0.019743115533716403,28,True
2015-10-12,2015-10-18,24.3106632609944,22.109400587815514,29.681859882061303,23.550494871034747,21.799999295748194,26.396155489408102,96.14065966763339,77.14230830852802,99.92692360511192,0.01841902478142631,0.01642980781168892,0.021784384448367815,28,True
2015-10-19,2015-10-25,26.1599786947062,22.009768911508445,35.53284959059499,21.630302865164644,19.098846200796288,25.007694889948937,79.33434075051612,39.7461539048415,99.83846224271335,0.016414418961126154,0.013970999906842526,0.02017003856599331,28,True
2015-10-26,2015-11-01,25.994396226484717,21.97455397385818,35.525846980168296,22.833859680511154,19.51538649338943,26.87692354642428,85.48269242506761,38.71923094529372,99.93076970027043,0.01766461675607978,0.014312884591233272,0.02240953852350895,28,True
2015-11-02,2015-11-08,24.847121915712485,22.586939650315514,28.70400038499099,24.154683727222505,22.56576631986178,27.038456608698937,96.36593423570905,84.97692225529597,99.91923141479492,0.019153357126524894,0.01733869221061468,0.02278984595949833,28,True
2015-11-09,2015-11-15,24.754093773810443,21.800245783879234,33.01355661245498,22.955590610713767,21.58077157827529,24.93461468036361,91.57857161301833,51.21538455669697,99.89615455040565,0.017760453317160873,0.01628919243096159,0.02016038461946524,28,True
2015-11-16,2015-11-22,24.972146606445335,21.601708984375023,33.06670884352468,22.909217180524575,21.173077862079367,25.87692354642428,89.98145613303551,51.369230417104866,99.8500008216271,0.017769719775929883,0.015899230654423054,0.021265461539419796,28,True
2015-11-23,2015-11-29,25.224226496769855,20.207629629281882,34.02378586989187,23.02546660035524,20.069230064978967,26.276923311673727,89.57458812063867,46.00769175015963,99.65769312931941,0.017905037063378638,0.014877153703799615,0.02180642319413332,28,True
2015-11-30,2015-12-06,25.183262726500818,21.74094073955831,33.129153677133445,22.78803611168496,20.23461421086239,26.261538931039695,88.80590675689362,47.565384498009315,99.91153922447792,0.01760967717260368,0.014987961496584691,0.021748077052717026,28,True
2015-12-07,2015-12-13,24.829316166469052,21.58030677208535,34.478091665414695,22.291057896876094,20.01923170823318,24.753844980093163,88.05741769140893,43.00384594843938,99.78076993502103,0.017089773355829684,0.01481061539827631,0.019817461617864095,28,True
2015-12-14,2015-12-20,24.707514349968896,21.91630765474764,32.59815016526443,22.83991767128748,21.73461655836843,24.315382502629234,91.19986277884179,57.92692301823543,99.76923106266902,0.017649204660831325,0.01639569249863808,0.019417192321270704,28,True
2015-12-21,2015-12-27,23.60753226647012,21.678863290640038,29.769690645658102,22.29920349121096,21.257691368689905,23.703847797100366,93.3929947391971,64.53076934814453,99.58846194927509,0.017035814567602107,0.01598765389420665,0.01861888474713151,28,True
2015-12-28,2016-01-03,23.833867309905692,20.757768836388266,29.73917072002706,22.47920325142999,20.68461468036361,24.723076218825156,93.24642887220277,63.8269226367657,99.88076928945688,0.017252438187414964,0.015395846074590316,0.019755846319290307,28,True
2016-01-04,2016-01-10,25.641200365339028,21.707322105994592,34.328321955754234,23.336346443930847,21.213078190730187,26.069232412485007,89.17197820118496,49.569231033325195,99.72307704045222,0.01820982556155586,0.015945653896778822,0.021494153743753068,28,True
2016-01-11,2016-01-17,26.66118116273987,23.252783907376852,35.22747309758114,21.717870917687076,20.13846271221456,24.461538226787866,77.14423075613084,41.11923071054312,94.22307704045222,0.016531570044417795,0.014942230728383247,0.019489884591446474,28,True
2016-01-18,2016-01-24,25.28637382591166,22.777552443284264,32.447463754507226,22.678255705781062,21.61615553635818,24.357690429687523,87.24299453379034,54.55769245441143,99.23461591280423,0.017452427233405576,0.016300615568000536,0.019277884553258236,28,True
2016-01-25,2016-01-31,26.51512193784611,22.777612304687523,37.0032451923077,20.980879077282605,17.123072462815514,25.227306424654444,75.09478022764017,33.657692395723785,99.53076964158278,0.015860168966925242,0.012379346164659811,0.020425307636077587,28,True
2016-02-01,2016-02-07,25.270191502833125,22.875168785682092,32.7611715463492,23.37877757313489,21.26346153846157,25.380767587515038,90.9167583329337,52.688461597149185,99.81153898972731,0.018267127770961233,0.01608723083224434,0.02054753849426141,28,True
2016-02-08,2016-02-14,23.317752561464435,21.077770291841944,28.91563039926382,22.560645067822826,21.053078049879844,24.742309335561913,96.15151112944216,71.36153822678786,99.9384621840257,0.017312241734803786,0.015739884585715257,0.01985984589331425,28,True
2016-02-15,2016-02-21,25.06909550258094,21.3735548753005,31.756400240384664,23.49967023409332,21.300003990760217,26.576921668419516,92.2403846520644,61.35384677006648,99.91153863760141,0.018401950536357178,0.016073576891078398,0.022035384693971045,28,True
2016-02-22,2016-02-28,24.795139790629314,22.962463144155663,29.310463303786094,23.978022288228154,22.916153893103967,26.292308866060694,95.71895616133135,77.3115378159743,99.81538537832407,0.018920019253638093,0.017720884858415678,0.021800307700267203,28,True
2016-02-29,2016-03-06,24.82588516067675,23.169154005784264,33.40863013634316,23.791167181664793,22.9269254244291,25.088458486703757,94.96826947914374,57.34230745755709,99.92307721651517,0.018672843407430164,0.0177120383685598,0.020193884507394753,28,True
2016-03-07,2016-03-13,25.810960975060116,23.117155573918296,34.0391596867488,23.618983610383776,21.763078894982016,25.053844510591944,89.42005504880633,51.35769227834848,99.78076964158278,0.018492168947737052,0.016470615429660447,0.02019503812950391,28,True
2016-03-14,2016-03-20,24.685594009567115,22.84769122783956,31.546844247671288,23.962774985177198,22.6769254244291,26.057692072941734,96.40247285759055,65.20000002934383,99.91538531963641,0.018857744526230617,0.017409346281335905,0.021439807704434946,28,True
2016-03-21,2016-03-27,24.50511221414086,21.316630202073327,30.342156982421898,23.48461546845491,21.16923147348257,25.657691133939352,95.01057697128464,69.8384615091177,99.92307750995343,0.018328741755704956,0.0159014999651565,0.020954345997709494,28,True
2016-03-28,2016-04-03,24.36995866377278,22.055168503981406,28.80084791917068,23.50156651591209,21.83461796687203,26.638465059720602,95.57390131269183,73.8269226367657,99.8923081618089,0.018356076961096663,0.016539807646320417,0.02211196176134623,28,True
2016-04-04,2016-04-10,24.745911080496676,22.61716848520132,29.6981656588041,24.046428822947096,22.546152907151452,26.488464120718163,96.39120892639998,81.3999991783729,99.9500004695012,0.018971487655877493,0.017321999901189253,0.021927230776502535,28,True
2016-04-11,2016-04-17,24.893528672103066,22.87268981933596,30.826617666391257,23.7155224475232,22.138463885967553,26.423077862079367,94.03296718492614,68.39615337665265,99.81153840285081,0.0186087774614302,0.016799961539128654,0.021907999825019103,28,True
2016-04-18,2016-04-24,24.902971305427993,22.17101557804989,33.05240196814907,23.252609814654363,21.58846083420974,25.330766883263266,92.08049462915777,51.115384762103744,99.89615455040565,0.01805368268217605,0.01636061552338875,0.020414269171082057,28,True
2016-04-25,2016-05-01,23.64084870055484,17.61640202448922,33.23801339956435,21.780494371351327,17.411537522536094,26.211537053034874,90.6675825014219,51.27692325298603,99.8000001173753,0.01662534340489451,0.012526192236691713,0.021597884595394135,28,True
2016-05-02,2016-05-08,24.283105133392016,20.058998460036094,31.125384756235007,22.40714257208858,19.930768291766867,25.315384850135217,91.03090663532635,52.911538490882286,99.93846189058743,0.017153791218463863,0.014697192272601219,0.020440192320025884,28,True
2016-05-09,2016-05-15,24.571482706593958,21.210474806565514,31.74123300405654,23.288392848758935,21.165383911132835,25.811539635291467,93.74532977303306,64.22692313561073,99.93076970027043,0.018080012353423696,0.01579380762548401,0.020961999893188477,28,True
2016-05-16,2016-05-22,23.56323499574768,19.961089853140038,29.476477755033102,22.0927197131482,19.18076711801382,24.62307833158053,92.6043957877945,61.746153611403244,99.86923129741962,0.01682253849339559,0.01400676928460598,0.019619000072662648,28,True
2016-05-23,2016-05-29,23.430733959491455,20.71386225773739,32.5599996713492,22.188681734525264,20.62692472017733,25.311540809044516,93.89093422103714,52.365385202261116,99.92307750995343,0.016891715637469603,0.015215500042988704,0.020393076710976087,28,True
2016-05-30,2016-06-05,23.73325395688908,20.227308772160484,30.559168654221764,22.511812834687305,20.03846012995797,24.850000000000023,94.11373649848687,64.06153854956993,99.92692360511192,0.017290450534066904,0.014785884628788782,0.01993380766361952,28,True
2016-06-06,2016-06-12,22.951029113098837,18.61761216383718,29.41523014948922,21.19505521334137,18.515385319636437,24.003847327599203,91.278571333204,61.984614885770355,99.72307704045222,0.01590600138489198,0.013374500012455078,0.01888099993364169,28,True
2016-06-13,2016-06-19,21.658279477632984,19.388245567908655,28.183787184495202,20.19093404078223,18.757691368689905,22.553844510591944,92.60549459352599,61.97692254873422,99.89615425696739,0.014880478025188895,0.013576192279847769,0.017219538442217387,28,True
2016-06-20,2016-06-26,21.13962741055334,18.80270597017733,26.09578505295974,19.904394522866077,18.196152672400842,21.726920259915914,93.57184076833201,71.32307742192195,99.41538443932167,0.014633020597182541,0.013128807553305076,0.016361076957904376,28,True
2016-06-27,2016-07-03,22.36768736786897,19.430628615159264,30.239613224909874,20.005632144802238,18.67692425067611,23.58077040452224,88.4289835363954,50.60769227834848,99.92307721651517,0.01472774451562705,0.01355353850298203,0.01830646162852645,28,True
2016-07-04,2016-07-10,21.962184461656527,19.51192157451925,27.252310884915914,20.637087576729932,19.230766648512656,23.511536583533655,93.07032967661765,75.55769186753493,99.92307750995343,0.015330923094342534,0.014004538516299082,0.018268230801018383,28,True
2016-07-11,2016-07-17,23.164847631768886,19.809631112905663,33.72640263484078,20.798352101084983,18.876921198918296,24.326922842172507,88.84532975102518,42.353846036470856,99.72692284217247,0.015554751357790287,0.013768961509832969,0.01920073078228877,28,True
2016-07-18,2016-07-24,22.468633186424192,19.95032301682693,31.098708871694726,20.726922313983653,19.34230839655953,24.12692354642428,91.32870870108134,51.72692284217248,99.85384662334735,0.015424765097642583,0.014106346115183372,0.018944307516973753,28,True
2016-07-25,2016-07-31,22.873903815300928,19.98715538611782,29.070690213716944,21.235302072042973,19.415381563626852,23.74999859149642,91.68296705497491,62.04615387549767,99.68846130371094,0.015938866754308098,0.014190807795295348,0.01862461531821352,28,True
2016-08-01,2016-08-07,24.096958428686808,20.332154259314905,33.68992239145132,20.79477982573459,18.403848266601585,23.77692565917971,84.22005491466312,41.89230801508977,99.83461585411659,0.015525445061899557,0.01338711531402973,0.018594538506407004,28,True
2016-08-08,2016-08-14,24.058771590348154,20.220633638822164,34.910167752779444,20.84203294188114,17.950001408503624,24.192307457557092,85.37252762029459,36.549999530498795,99.72307674701398,0.015575870866426728,0.01298834616318345,0.0189948076238999,28,True
2016-08-15,2016-08-21,25.566544266585492,22.33647367037264,34.54147667518032,20.650686846722643,18.046152907151452,22.82307997483474,77.23447809638559,40.496153611403244,99.26923135610727,0.015424895605614799,0.01307157688559248,0.0175788845293797,28,True
2016-08-22,2016-08-28,23.35808200207388,17.97261493389425,34.28663024902346,19.74601625714985,17.757691368689905,22.72307856633114,82.72445059870627,38.3000001173753,99.86923129741962,0.01454254255660779,0.012741692292575654,0.017526038385067996,28,True
2016-08-29,2016-09-04,24.342481231689476,19.10470909705532,33.72746136005111,20.878983482947742,18.303844510591944,22.473076218825156,83.56236277045785,41.17692316495455,99.46153934185321,0.015601741742332476,0.013235192280262709,0.01722484601375002,28,True
2016-09-05,2016-09-11,24.074794618376036,20.66124995304989,32.795166954627405,21.706181218073944,20.303848031850976,24.084614445613,88.65782982438475,48.55384606581468,99.3000007042518,0.0164100769088491,0.015049499961046072,0.019050192231169112,28,True
2016-09-12,2016-09-18,25.239736175537132,21.207171865610007,37.50055377666769,21.95769305386388,19.307693246694726,26.176920729417077,85.03173083525438,34.2769231062669,99.8500008216271,0.016755563217205005,0.014146000003585448,0.021538192263016336,28,True
2016-09-19,2016-09-25,24.296228530380773,20.254859102689352,32.24494088979873,22.496978357336044,20.03076735276443,24.815386023888266,91.40384622720572,52.86923071054312,99.91538502619817,0.017268269260127384,0.014781576939500295,0.01985223089846281,28,True
2016-09-26,2016-10-02,24.703870811043227,20.69724661020132,37.25885690542373,21.680493801242726,19.034617262620202,25.119229595477805,85.78351660613176,34.17692272479717,99.63076987633339,0.01646281458606309,0.013948346165796885,0.020224961452186108,28,True
2016-10-03,2016-10-09,25.173064405839547,22.632615074744592,31.81878521259017,23.53236223157948,22.03076970027047,25.973076218825156,92.05975297257142,67.04999997065617,99.86153910710262,0.01843749452510255,0.016760461641332276,0.021400076910280265,28,True
2016-10-10,2016-10-16,24.78115314022528,21.628076171875023,34.702324265700156,22.9841618548383,21.23077134352468,25.94230863131014,91.70288482603135,46.71153816810021,99.90384644728441,0.017817892858267324,0.016059461407936536,0.021283076861156866,28,True
2016-10-17,2016-10-23,26.242975230793398,21.808708543043906,35.893091994065514,22.185412245530376,19.965385789137656,25.669232647235617,81.3162086560176,39.4499998826247,99.57692278348483,0.016994727994212984,0.014754769320671376,0.021074077007002555,28,True
2016-10-24,2016-10-30,24.12323268010069,19.03539780836843,33.202017916165914,22.743049806028953,18.803846858097984,26.973076218825156,93.3060440335955,44.911538490882286,99.93076970027043,0.017707076935599055,0.013667230709240986,0.022709077009214804,28,True
2016-10-31,2016-11-06,25.206031732244828,21.235475745567953,35.825709181565514,21.56811805976618,19.073074106069726,23.869231942983788,83.30439558133973,37.06538464472844,99.52307657095102,0.016334739019889587,0.013962692402016658,0.01868711533741309,28,True
2016-11-07,2016-11-13,25.983981599912568,20.660786320613,35.546171687199546,22.53846197442696,19.711537053034874,26.946152672400842,84.29862643860199,39.48461561936598,99.91538531963641,0.01745161399818384,0.014582999981939793,0.022635999923715226,28,True
2016-11-14,2016-11-20,26.00462661575487,21.928845684344992,34.80932241586538,22.507417800400308,19.080768057016257,26.28076970027047,83.67417577596811,39.75769219031701,98.98846200796274,0.017425078289726607,0.014039269218651148,0.0220008844939562,28,True
2016-11-21,2016-11-27,25.16349823501086,22.659937697190514,32.56253849909859,23.419450671856243,21.14230675330532,26.723076218825156,91.29903863550543,58.40384688744178,99.8884614797739,0.018350270610036596,0.015922538506296966,0.02234888463639296,28,True
2016-11-28,2016-12-04,24.15875409304443,20.826860633263266,31.234629469651452,22.54407955630797,20.47461500901443,24.853845214843773,92.19381879974198,60.73846127436711,99.91153893103966,0.017333131877111864,0.01520350005907508,0.01998411534497371,28,True
2016-12-05,2016-12-11,24.56522316565883,20.97900015024038,32.410462364783655,21.735301820524473,19.457690664438132,23.99230464054989,86.52609892205876,46.634615678053635,99.33461556067833,0.01653633379392776,0.01431957700361426,0.018941615278331134,28,True
2016-12-12,2016-12-18,24.223586507943985,21.012940392127405,31.756400240384664,22.20010939378007,19.842309570312523,24.207690664438132,90.11195058089037,54.54615387549767,99.43461608886719,0.0169885741984267,0.014637461612717463,0.01927365384136255,28,True
2016-12-19,2016-12-25,25.08509174388846,21.254017521784874,32.970842566857016,21.529972721980194,17.61538790189303,25.507693716195945,83.23585181707865,41.49230780968299,99.89230845524715,0.016453579652819086,0.012799615362802377,0.02083938464952203,28,True
2016-12-26,2017-01-01,24.41895622840297,22.032323749248803,31.267861938476585,22.740411796150653,21.23077134352468,24.053845684344992,91.94519247327533,56.44615408090445,99.92307750995343,0.017534315917426,0.016116999949400242,0.01902211529131119,28,True
2017-01-02,2017-01-08,23.536822367238496,21.050475839468163,29.739630831204977,22.14303603119905,20.22692378117489,25.061537287785484,93.01744520795215,63.49615346468412,99.86153881366437,0.01689999998588074,0.015001923132401247,0.02014019225652401,28,True
2017-01-09,2017-01-15,24.268631920447742,21.634460214468163,30.656861290564905,22.50298046908538,20.41538625863882,25.49615337665267,91.50453317558372,62.05384665269118,99.92307750995343,0.017314956051420298,0.015289077033790259,0.020741653700287525,28,True
2017-01-16,2017-01-22,24.455434082366633,20.62409010667068,33.89507681039663,22.197294063358544,18.650003051757835,24.723073871319116,89.6282968049521,40.33461526724008,99.87307739257812,0.017007631872739685,0.013634500022117909,0.01987857693949571,28,True
2017-01-23,2017-01-29,23.853181918636803,20.666094031700766,32.939479886568506,22.05590004554163,19.98461538461538,24.8269240159255,91.48379119411929,47.25384580172025,99.92307721651517,0.016810322836665743,0.01489003847997922,0.019984846110813893,28,True
2017-01-30,2017-02-05,23.492919309846666,21.333149601863,28.222153648963342,22.62171652657648,21.04769169734078,25.226922607421898,95.50041245890188,75.3384615091177,99.87692348773663,0.01739789559608223,0.015731076889026623,0.020415769173548773,28,True
2017-02-06,2017-02-12,24.516662488664924,21.673635394756616,33.60584528996395,22.165137464921575,19.276923311673727,25.300003990760217,89.04189566727523,42.60769198491023,99.82692366379958,0.016950979402831214,0.014171692363631267,0.020496153774169776,28,True
2017-02-13,2017-02-19,25.033172163072546,21.53970782940206,33.214151000976585,22.597280246608875,19.629229971078757,25.52307692307693,88.25357140551557,46.496154491718,99.87307768601637,0.01742965799940566,0.014471076966191713,0.020787846225385483,28,True
2017-02-20,2017-02-26,24.426594132643505,21.47846022385818,32.28415597768935,23.196071557684284,21.43384587214547,25.761538931039695,93.94491778887235,59.71538499685434,99.88461567805363,0.018037739037126712,0.016142538426300652,0.021014538521950062,28,True
2017-02-27,2017-03-05,24.250828476790566,20.889630596454367,31.88378530649038,22.736112506573033,20.857306612454977,25.12692354642428,92.5668958045624,56.923076776357796,99.90769283588116,0.01752909749828197,0.015613807651859064,0.0202533844142006,28,True
2017-03-06,2017-03-12,24.22611540071259,21.82786184457632,29.481399301382226,23.453996696052993,21.780768526517477,25.761536583533655,96.0701924942352,79.28461559002216,99.92692360511192,0.01832076922893156,0.016526269189153727,0.021063384528343495,28,True
2017-03-13,2017-03-19,24.47975914923702,21.46493858924282,33.43638235238882,22.31195074228142,19.76538649338943,25.18461468036361,89.58131888148549,44.73076923076923,99.91538531963641,0.017089961544395637,0.014575499969606217,0.020232346052160628,28,True
2017-03-20,2017-03-26,24.485866395719775,20.75423349233779,30.870706176757835,23.381180958171488,20.773074575570945,25.97692378117489,94.54519258750665,68.7884618318998,99.91538531963641,0.01822698347470058,0.015405576783590592,0.02128534620771041,28,True
2017-03-27,2017-04-02,24.141129437121737,22.077691650390648,28.585538189227805,23.580082501421934,22.007692542442953,26.97307856633114,97.11881911099613,83.53076964158278,99.95000017606296,0.018462576935385035,0.016740038346212644,0.02260011527687311,28,True
2017-04-03,2017-04-09,24.336255519992726,21.30932476337142,30.703077815129234,23.202059793996305,21.24230581430288,26.39999718299282,94.46291233419062,68.44230798574594,99.93076970027043,0.018053208768193784,0.015960846167917434,0.02178484616944423,28,True
2017-04-10,2017-04-16,23.860241498003973,21.83616849459139,30.396708327073327,22.928022464291104,21.657691133939352,25.100001173753014,95.15261012905248,68.45384700481708,99.87692378117488,0.01770648211854827,0.016335577059250612,0.02018746153379862,28,True
2017-04-17,2017-04-23,24.37152843265745,21.081399536132835,30.48616708608779,23.008379187950744,20.950002582256616,25.615384380634055,93.29395615923535,66.03846109830417,99.82307727520282,0.017814949181718893,0.015690115352089588,0.02092111547692464,28,True
2017-04-24,2017-04-30,24.0046103508918,20.559305983323327,31.44276991624099,22.683516802106602,20.176923076923117,26.438462242713342,93.40796711156656,61.68846189058744,99.83077005239633,0.017469313147907648,0.01487042299973277,0.021905423070375737,28,True
2017-05-01,2017-05-07,23.539447046636244,20.851078679011437,29.69699542705831,22.52499990777657,20.753846153846155,24.565384850135217,94.94986299892048,71.86923085726224,99.96153904841496,0.017287435462943965,0.015460192333333768,0.019552076880175333,28,True
2017-05-08,2017-05-14,24.848221345000233,21.39677053598257,32.801077974759664,23.14368117615419,21.23846177321218,25.961540574293906,91.71057708446797,56.89230757493239,99.92307750995343,0.017976695081925242,0.01594146151238909,0.021305961820941705,28,True
2017-05-15,2017-05-21,24.795622538472287,21.013385244516257,31.87870412973257,22.964698011796575,20.91923147348257,25.711540574293906,91.09217051097325,57.83461570739746,99.91538473275992,0.017778964292329665,0.015597653861802358,0.02095626903554568,28,True
2017-05-22,2017-05-28,23.058665742978967,20.01871056189907,32.9509216308594,21.79910812377932,19.796152907151452,23.957693011944116,93.98722544345227,47.44615393418532,99.81538449800931,0.016500236297660804,0.014529423071787907,0.01885092308601508,28,True
2017-05-29,2017-06-04,23.540398247687392,20.310844773512656,30.769460590069116,21.921839971856773,20.24230816180892,24.353847562349756,92.19725293903561,58.17307692307692,99.92307750995343,0.016616343437427922,0.014970307739881368,0.019238269458023403,28,True
2017-06-05,2017-06-11,24.984892264565296,21.38409165602468,33.767459341195945,22.108105267535223,19.488465294471155,24.065386023888266,86.6240384709704,42.93461520855244,99.93846189058743,0.016828737655337288,0.014324653750428787,0.018932307640520427,28,True
2017-06-12,2017-06-18,23.57689597161264,20.00061598557693,33.70670823317312,21.596977795611394,19.93845989520736,24.561534940279444,90.76346177321214,45.092307750995346,99.92692360511192,0.016327052183991688,0.014704461531856885,0.0195020384943256,28,True
2017-06-19,2017-06-25,23.527880213810867,19.832173039363,33.02107567420376,20.992169658954356,18.69615149864785,23.611536818284264,87.89010994774955,42.75769263047438,99.52307715782753,0.01573454534153935,0.013577192341192411,0.018432846221213158,28,True
2017-06-26,2017-07-02,23.614632801433206,19.79778911884017,31.91030977689303,20.744642672695978,19.18846341646639,22.74230581430288,86.18956037668082,49.580769318800705,99.74615419827975,0.015420318682227735,0.014022000062351044,0.017467038455204323,28,True
2017-07-03,2017-07-09,22.617423944158897,19.292693857046288,32.053923152043296,20.708103909335314,18.957691838191124,23.89615079439608,91.00796714195839,45.96923079857459,99.8538463299091,0.015383446417687522,0.013770384714007378,0.01870600012345956,28,True
2017-07-10,2017-07-16,23.942287922953533,18.405998582106406,35.74093721829928,18.013324209360004,15.088457312950766,20.26923405573922,73.97486266723045,34.088461509117714,98.33077005239633,0.01305202197201632,0.010763192298607184,0.015024384662795525,28,True
2017-07-17,2017-07-23,23.1878135764992,16.465708571213952,33.081460571289085,18.09615398868102,15.234617732121421,22.54230651855471,76.65576931146474,37.173076776357796,97.23076893733098,0.013175160709799237,0.010838038467157345,0.01718484624647177,28,True
2017-07-24,2017-07-30,24.078570497953,19.79391925518331,32.68176715557394,19.09395588466102,16.969231003981406,21.111540339543296,77.01854393770407,41.76923062251164,97.9461537874662,0.013933688179579573,0.0121863462174168,0.01574361528484867,28,True
2017-07-31,2017-08-06,24.649262329772302,20.887553053635827,36.53299983097958,19.43173143994679,16.303849205603967,22.184617027869592,76.0170330948882,31.207692293020393,97.34615355271559,0.01428779944071321,0.011662576849070879,0.016916115374232713,28,True
2017-08-07,2017-08-13,25.146736748663958,21.0113980806791,33.94170766977163,20.025412649636767,18.200001408503624,22.023073401817953,76.47225273310482,43.042307780339165,97.28461544330304,0.014813222515570757,0.013216499848147998,0.016735769270990904,28,True
2017-08-14,2017-08-20,26.125623028094967,22.22007610614486,36.249538480318506,20.973214470161214,18.299999295748194,23.63846153846157,77.00054948408525,34.39230772165152,99.81538508488582,0.015777520611524008,0.013242115409901509,0.018599692409714826,28,True
2017-08-21,2017-08-27,24.0708444783976,19.532079608623803,33.32793931227468,20.83365356109957,18.62692354642428,23.680768291766867,84.53173097673354,43.096154139592095,99.01538467407227,0.015599065942556731,0.013570576906204224,0.01846776917003668,28,True
2017-08-28,2017-09-03,24.756646476997144,21.074150437575156,32.97361731896035,20.79079665299302,17.869228421724756,23.796152907151452,81.68859881883138,41.98846127436711,99.71923182560847,0.015538196423561773,0.012959692268990554,0.018634269300561685,28,True
2017-09-04,2017-09-10,25.809671691223837,21.161537522536094,34.206533343975366,20.19546741024481,17.89999600923983,22.157692307692344,73.93585166040359,38.984615105849045,96.95384627122145,0.014996284356719436,0.012941038379302392,0.01686584634276537,28,True
2017-09-11,2017-09-17,24.94014490148526,21.86730816180892,34.2598628117488,21.71648320627739,19.79230534480172,23.665385084885827,84.77115395304921,43.95769265981821,99.76923047579251,0.016454116763690345,0.014509576874283643,0.018581769464967344,28,True
2017-09-18,2017-09-24,25.104172566172867,21.45245924729568,34.73592177170974,21.571703455998367,18.646154315655053,24.16923147348257,83.71456039082874,38.5192309159499,99.64615455040565,0.016332127748742948,0.013550692273733707,0.01906949983766446,28,True
2017-09-25,2017-10-01,24.635388946533226,21.75363487830532,32.897846867488,22.316346070006677,20.953845449594382,24.953847797100366,88.93640132526775,53.38461538461539,99.92307750995343,0.017085328302857885,0.015669269272341177,0.020125307715856113,28,True
2017-10-02,2017-10-08,24.63845139388202,19.70778573843154,34.93094083345858,21.56189519861244,19.007693716195945,24.608459237905663,85.91318697981782,40.330769318800705,99.51153857891376,0.016360046706612702,0.013885615357699303,0.019641653777888186,28,True
2017-10-09,2017-10-15,25.512150204836683,21.88124647874099,35.11055438701925,22.09384626451432,18.457693011944116,24.907693481445335,84.49313191791157,37.44230769230769,99.50384638859676,0.016915928541713362,0.013475692329498438,0.02009273091187844,28,True
2017-10-16,2017-10-22,24.726316657433163,21.371768423227195,33.45392409104568,22.489848813905837,20.942307457557092,23.96923335148739,89.52307704254822,50.6730773632343,99.85769301194411,0.01725778710301761,0.015661269175605133,0.018904346184661754,28,True
2017-10-23,2017-10-29,24.58382962405029,21.840708571213952,33.617862173227195,22.96587897499841,21.73846177321218,26.365382033128014,92.53804961403648,51.24230780968299,99.91538531963641,0.017801831065738512,0.016433076825566016,0.021862500060636263,28,True
2017-10-30,2017-11-05,25.289723716987385,22.610771531325156,32.62155597393331,23.10370918525447,20.819230064978967,26.698077627328757,89.34148365062671,53.30769230769231,99.91538502619817,0.018003787095709652,0.015610384647376262,0.02228103828831361,28,True
2017-11-06,2017-11-12,24.718853181273094,21.84524630033053,31.225940176156882,23.444587933886204,21.57307880108175,26.211537053034874,93.65989027442514,68.50384594843938,99.8923081618089,0.01836819094247543,0.016327307738650303,0.021676923005053632,28,True
2017-11-13,2017-11-19,24.933544804499725,21.197710242638266,31.124016160231406,23.80446446177726,21.13076993502108,26.819228891225976,94.4491760128147,68.73461532592773,99.86923159085788,0.018792141447672724,0.015899307595995758,0.022463076747953892,28,True
2017-11-20,2017-11-26,25.073057296249917,21.67670475886422,32.95047795222359,23.284478340568146,21.292307692307702,26.769230534480187,91.4244505756504,52.042307780339165,99.86923129741962,0.018191442287598666,0.01600961544765876,0.022491846090325944,28,True
2017-11-27,2017-12-03,24.733410569075716,21.03355384239785,33.09799992487984,22.717266267210597,20.98461421086239,25.903847092848594,90.44464306254963,50.430768966674805,99.93461579542894,0.01756918951766668,0.015707422943355944,0.02132750001664345,28,True
2017-12-04,2017-12-10,25.261527277349135,22.060632324218773,33.93030700683596,22.864711023687025,20.44230863131014,24.657692307692344,88.73076936176845,45.0500001173753,99.87307680570163,0.01769443407941323,0.01522980766514173,0.019838269155185956,28,True
2017-12-11,2017-12-17,25.593085295289452,20.85140146108779,34.46155583308297,21.437636926671985,18.573076453575766,26.573076453575766,80.66112640925816,38.91538473275992,99.77307745126578,0.016270350265715803,0.013601576945242973,0.022123807611373756,28,True
2017-12-18,2017-12-24,23.481906362680313,20.973923668494592,29.113553325946555,21.954162237146424,19.715386962890648,24.526923311673727,92.20206057370365,73.00769277719351,99.90769283588116,0.01674837913302766,0.01452303846151783,0.019565076997073796,28,True
2017-12-25,2017-12-31,24.649081907167556,22.041383948692953,31.21339979905349,22.87515130514629,21.57692636343154,26.342310744065514,91.50082436236707,57.61153822678786,99.496154491718,0.017726166190446487,0.016328576844758712,0.021840038494421884,28,True
2018-01-01,2018-01-07,24.655515289306663,21.251554987980796,32.70738431490389,22.317321626432676,20.28076735276443,25.357690429687523,89.20054966538817,48.37692246070275,99.93846189058743,0.017114265118265054,0.015138653859209556,0.02059873078878109,28,True
2018-01-08,2018-01-14,23.921554498358113,21.21238567645736,31.453152935321555,22.453118058089395,21.18077063927285,24.303845684344992,92.87266503847562,56.088461509117714,99.92307750995343,0.01722699174258326,0.015889499981242877,0.01928519206837966,28,True
2018-01-15,2018-01-21,22.27164129739281,19.95724581204928,28.91015132023739,21.552637305626526,19.83845966045675,23.273078096829977,96.43228035182743,69.4576926598182,99.91153922447792,0.016287370867628072,0.014598884548132237,0.018064115196466446,28,True
2018-01-22,2018-01-28,23.31037896124874,20.309243774414085,30.718692251352195,21.83101634769651,20.23461655836843,23.492310509314905,92.74162113273537,58.44999973590557,99.77692354642429,0.01660405219773056,0.014983730820509104,0.018346461682365492,28,True
2018-01-29,2018-02-04,24.91750115195476,21.353770094651452,30.92384901780349,23.04880491822633,21.283074951171898,24.419230299729577,90.74175833607767,64.44230798574594,99.63461567805363,0.017916982169621266,0.01603673083277849,0.019531423082718484,28,True
2018-02-05,2018-02-11,25.86778818486813,22.193633798452538,34.403016075721155,22.508502054738504,19.526923311673727,25.035001079852805,84.89642873177162,42.37692363445576,99.85384691678561,0.017359145615086124,0.014336615335196257,0.020236922929493282,28,True
2018-02-12,2018-02-18,24.084367161006742,21.562384737454977,29.302015803410484,22.398489161900134,20.207694185697164,24.037694842998803,91.3612639249026,67.25384624187762,99.85384662334735,0.01715499589572773,0.014996269144690953,0.018966192307953652,28,True
2018-02-19,2018-02-25,24.80249754517945,20.802001718374413,33.58338317871096,20.92940925346628,17.476922607421898,24.126928241436303,81.76923066967137,38.22307733389047,98.78846095158504,0.01578130220206311,0.012605807636506282,0.01930142301492966,28,True
2018-02-26,2018-03-04,23.74612784752482,21.252153602013266,28.73532315767733,22.978488310090807,21.200001408503624,26.819230064978967,95.99519249109122,76.13461582477277,99.90769283588116,0.01781503983087592,0.015968884699619733,0.022459807734076794,28,True
2018-03-05,2018-03-11,23.80826301993907,21.01570810171279,30.982706862229577,22.238131948617813,20.915382737379844,25.173077862079367,92.3619505232507,57.72692284217248,99.89615425696739,0.017001611244567966,0.01562596155473819,0.020358461528443374,28,True
2018-03-12,2018-03-18,24.94947275853421,21.89147690993093,32.891480431189905,23.26469783573362,21.265382972130453,26.12307833158053,91.91456077387045,50.79615372877855,99.78077052189754,0.018137825615857577,0.016032230897018544,0.02159757690074352,28,True
2018-03-19,2018-03-25,24.507955295437007,22.009707876352195,32.20223153921279,23.23748609102692,21.753844980093163,24.999999765249413,93.87815942869081,56.05769201425406,99.89615425696739,0.01809722249738995,0.016536730663994186,0.02018630762512867,28,True
2018-03-26,2018-04-01,23.673825878101415,20.869861074594382,29.85768925593453,22.486909191425053,20.519230534480187,25.88615276630111,93.94519234751608,69.05769186753493,99.90384674072266,0.017276303549706527,0.015268807657636128,0.021170615433500364,28,True
2018-04-02,2018-04-08,24.15644159002621,21.82309405987081,29.077015568659874,23.329945675357376,21.77307692307693,26.138463885967553,95.71758262403718,75.76923091594989,99.92307750995343,0.018196575573880918,0.016510961541476157,0.02152265379062066,28,True
2018-04-09,2018-04-15,24.15190151340361,21.961308171198937,31.439321429912866,23.14309027535577,21.19615149864785,25.865386728140038,94.95137361903767,62.96153802138109,99.91538502619817,0.017946146956931513,0.01589957681986002,0.02107873079008781,28,True
2018-04-16,2018-04-22,22.979083528623494,21.373707463191124,26.388402850811303,22.58241785070401,21.34230722280654,24.93461468036361,97.9351649389162,87.84615252568172,99.92692360511192,0.01731151648142099,0.016009961505635426,0.019909615341860514,28,True
2018-04-23,2018-04-29,23.80383063515466,21.848772254357016,28.911782836914085,23.093131910051635,21.79615173339846,25.503847327599203,96.42293987693368,77.81923118004433,99.96153904841496,0.017880340658158966,0.01651849991713579,0.020671230740845203,28,True
2018-04-30,2018-05-06,23.910912457141272,21.322245436448327,30.99340327336239,22.9736263736264,21.265382972130453,26.161535175030053,95.34835186633435,64.73846127436711,99.93076970027043,0.01776670194538003,0.01596315409271763,0.02147203841461585,28,True
2018-05-07,2018-05-13,23.547347242753606,21.606095299353967,29.027092332106406,22.55720110882772,21.184617027869592,25.01923170823318,95.00865407042451,69.91922980088454,99.92692360511192,0.017302482129217915,0.015887423060261287,0.019988846177091964,28,True
2018-05-14,2018-05-20,23.532111844911697,21.217844801682702,29.401845843975366,22.737966114086134,21.069230064978967,25.642311448317344,95.98901125624938,71.36153866694524,99.92692389855019,0.017512134629414304,0.0158211923061082,0.020849307712454062,28,True
2018-05-21,2018-05-27,21.918038772750702,18.805613356370202,25.128553889347984,21.405769239153205,18.761536583533655,23.546156428410484,97.36181342470776,84.55769216097318,99.93076970027043,0.016090451899639608,0.01363934612331482,0.018295422841150027,28,True
2018-05-28,2018-06-03,23.576511441744312,20.465769606370202,29.348862633338342,22.606043570382276,20.300001643254234,25.98461538461538,95.17362651720153,73.89230860196628,99.92307750995343,0.01737937909694245,0.0150203461615512,0.021228923104130305,28,True
2018-06-04,2018-06-10,22.47642904428337,19.52640216533956,31.315013944185694,20.625961404318357,18.607691603440514,23.865383206881006,90.9989012309483,47.04615372877855,99.88846206665039,0.015339064579405872,0.01350334626980699,0.018715038465765808,28,True
2018-06-11,2018-06-17,22.50549972031145,19.458939537635217,32.58838336651144,20.980357176392964,18.91923147348257,23.150000704251852,92.50590686483699,47.54615358205942,99.90384615384616,0.015641427183124636,0.013711000040460091,0.017786692218998305,28,True
2018-06-18,2018-06-24,21.9150456606687,18.97446124737081,29.399537071814905,19.181455733749914,17.680768291766867,22.623075984074546,86.35467033071833,50.407692395723785,98.04615490253155,0.013994734892928667,0.012714846202960381,0.01743015392611806,28,True
2018-06-25,2018-07-01,22.640394332382723,19.828232750525842,29.932074678861227,21.073214243794556,19.803843336838952,22.550000469501242,92.10837931685396,59.01538482079139,99.80000099769005,0.01576276098321714,0.014536461542145563,0.01728261559485243,28,True
2018-07-02,2018-07-08,24.058259959797308,19.973076218825156,33.42878464918874,20.758516433212808,18.857691603440514,24.038463651216944,84.7292582490942,44.4538459777832,99.77307686438927,0.015487079651883015,0.01372403844904441,0.01889980763483506,28,True
2018-07-09,2018-07-15,22.414524262816066,19.22907409667971,33.014249126727805,20.207829921848184,18.323077627328757,22.58461561936599,89.70178579498123,42.43461564870981,99.85000052818886,0.014936318678607407,0.013241076949410714,0.01729288464412093,28,True
2018-07-16,2018-07-22,21.82567417857413,19.241691941481406,30.632920250525842,19.740658745398914,17.58461561936599,21.09999882624703,89.49615403060075,52.880769582895134,99.88076928945688,0.01450154258854237,0.012636692370646276,0.015730230675007287,28,True
2018-07-23,2018-07-29,23.31944863455638,19.93217092660757,31.745231980543906,19.725150659582138,18.495001924954977,20.73077016977163,82.66620886980832,45.97692328232985,99.0384618318998,0.014464483523465037,0.01341792314241712,0.015424038498447491,28,True
2018-07-30,2018-08-05,23.431718235225485,20.654247342623194,31.26216923640328,21.945727731893367,19.799999295748194,24.953845449594382,92.92321448797709,51.44230783902682,99.80384679941031,0.016679087927524042,0.01455888467339369,0.020047961590954892,28,True
2018-08-06,2018-08-12,22.63494849571817,18.94561509352468,29.23453909067007,20.944780513218493,18.900001878004844,22.94615384615389,91.58695064272199,63.50384594843938,99.91923141479492,0.015624355778077638,0.013707423117011786,0.017622461578307245,28,True
2018-08-13,2018-08-19,23.77246963165621,19.867629770132226,34.249539654071555,20.700687006017688,17.965384615384664,24.45384427584139,85.81030230993754,39.48461547264686,99.91153922447792,0.01545463872889241,0.012975038423274573,0.019372576883492563,28,True
2018-08-20,2018-08-26,23.495856333302953,18.240613262469992,34.129556274414085,20.719642865526833,17.834614445613,24.019228186974203,86.80700560978481,40.542307927058296,99.78076934814453,0.01545681867359595,0.012851923095205655,0.018938499968498945,28,True
2018-08-27,2018-09-02,23.90798780001129,19.81907865084139,33.354554161658655,20.576099286760627,18.607693950946555,22.33846083420974,84.30618141509675,44.765384674072266,98.44615408090445,0.015333597539350962,0.01348626921669795,0.017151000085644998,28,True
2018-09-03,2018-09-09,23.838922622177652,18.764476834810694,34.56608910193813,19.996703615293423,15.238462946965171,23.957693011944116,82.72060445638803,31.253846095158504,99.8923081618089,0.01490064011630858,0.010914692404465033,0.018864692403719976,28,True
2018-09-10,2018-09-16,25.440977888840923,20.373308387169516,36.19507868840145,21.287225299877143,18.569232412485007,26.17692190317007,80.93145603662008,35.5,99.82307756864108,0.01612460987954554,0.013503422996459099,0.021658345985297974,28,True
2018-09-17,2018-09-23,25.2304122589447,21.118400925856406,35.42769188514126,21.756043964427935,19.911536348783102,24.75384145883413,83.90741762748132,40.9961539048415,99.87692378117488,0.01652791203961677,0.01469242311297701,0.019874153802028068,28,True
2018-09-24,2018-09-30,26.06188681466241,22.080480487530053,34.06000436636123,21.57472586998575,19.803845684344992,24.892309100811303,78.9475274190798,43.36923115070049,95.61923100398137,0.016354695030303856,0.01461965379376824,0.02005596150859044,28,True
2018-10-01,2018-10-07,24.760413385747576,21.510476684570335,32.200554246168906,22.909203347007026,21.350000000000023,25.14230675330532,91.08351655582806,55.99615375812237,99.76538496751051,0.01772371426117248,0.016064384629806645,0.020385307618058644,28,True
2018-10-08,2018-10-14,24.946956777048655,21.62924522986782,33.071306434044516,23.193379303649255,20.61730698805593,26.223077392578148,91.51717029823052,53.10384618318998,99.9461543743427,0.0180753214671123,0.015374307592327777,0.02164599994340768,28,True
2018-10-15,2018-10-21,25.558957504440155,21.362711745042077,35.9785353440505,22.451620726533015,18.823077627328757,25.68076711801382,85.59574169117016,38.865384762103744,99.90384674072266,0.01732334892833503,0.013783346073558697,0.021039500187795896,28,True
2018-10-22,2018-10-28,24.668451137333143,21.979937978891257,31.435708618164085,23.691949379051152,21.661538696289085,26.815387197641257,95.33200574707199,57.20769295325646,99.9461543743427,0.018631756898005503,0.01653388454220616,0.022352269134269312,28,True
2018-10-29,2018-11-04,25.175644231104616,21.005475323016867,33.58816739595858,22.395027135492708,20.336149714543296,26.061537287785484,86.71538468245622,47.13461538461539,99.87307768601637,0.017223994488121716,0.015105269061258206,0.021446192243064825,28,True
2018-11-05,2018-11-11,25.020538640284293,22.195169067382835,32.68170612041769,23.541620795281396,21.93076711801382,25.865382033128014,92.90879135865431,53.78846183189979,99.92307750995343,0.01848042304218225,0.01677715377165721,0.021544999693735287,28,True
2018-11-12,2018-11-18,25.43014377132879,22.69263493464547,33.34070622370797,23.62336590106673,22.057693246694726,26.915385084885827,91.48653857786577,52.384615237896256,99.90769283588116,0.01856219363629122,0.01694442292388815,0.02261430762994748,28,True
2018-11-19,2018-11-25,25.006792357727743,22.73047438401443,33.14278564453127,23.633681135911228,21.49615337665267,25.826921668419516,93.55082435398312,50.31538435129019,99.91153893103966,0.018558032948851257,0.016277000057296112,0.021127653881334342,28,True
2018-11-26,2018-12-02,25.498419851785204,22.45193692720858,32.284168888972374,22.639093101417643,18.819230064978967,25.653844745342553,86.6490385715778,45.21538440997784,99.92307750995343,0.0175221346147297,0.013772576939887725,0.0209638077335862,28,True
2018-12-03,2018-12-09,24.819844692356007,21.007169048602805,32.59278611403249,21.455219746684,17.711541748046898,24.34615361140328,84.17706045213637,43.41538429260254,99.89230845524715,0.016281201927615636,0.01282588467718317,0.019239653904850666,28,True
2018-12-10,2018-12-16,23.257471415760772,20.51569401667672,28.711230703500632,22.208599568461345,20.4907681978666,24.44999906099764,94.75288482812735,68.93461579542894,99.92307750995343,0.01693997391919186,0.015185423016261596,0.01944096157184014,28,True
2018-12-17,2018-12-23,22.55872744885122,20.685244985727195,28.29171025202828,21.73112665532712,20.62692472017733,23.138465059720602,95.70769260217855,71.63461523789626,99.85769301194411,0.016436469773147867,0.015340192350917138,0.01790900005457493,28,True
2018-12-24,2018-12-30,22.982395188887065,20.617093365009055,28.889554302509055,21.635865112975427,20.111537992037256,22.784618436373194,93.25508250770987,69.40000079228328,99.43076881995567,0.016389958804811013,0.014905923117811862,0.01759388455404685,28,True
2018-12-31,2019-01-06,23.971497646792923,21.03447993351864,32.409477586012656,21.689478335537775,20.24615220289968,23.32384878305288,88.88928593122043,53.41153878432054,99.507692190317,0.01644612364803574,0.015026846148360234,0.018346038467895526,28,True
2019-01-07,2019-01-13,24.390942978072975,20.89376924954928,30.633156174879844,22.32666168212893,20.630767587515038,24.907689960186303,89.72527483531407,62.86923071054312,99.63846206665039,0.017111747256981637,0.015381307556078984,0.01997292314011317,28,True
2019-01-14,2019-01-20,23.098456389039452,21.199847646860007,27.342479764498194,22.39394250387676,21.07307880108175,24.157689960186303,96.38337935982169,76.95769221966083,99.94615408090445,0.01710719917005358,0.015747615422766943,0.01905165397777007,28,True
2019-01-21,2019-01-27,23.86214863703803,21.263708026592553,29.485846651517477,22.856854172591348,20.77692213792068,26.224613835261437,94.79752770099012,70.60769271850586,99.86153940054086,0.01763915386982262,0.01549011547691547,0.021625192191165227,28,True
2019-01-28,2019-02-03,24.22962098174045,22.09509019118093,27.325554246168906,23.68465680971253,22.06576749361483,26.38845919095553,97.14120892116001,85.68846159714919,99.88461597149188,0.01856869368450614,0.01676365378527687,0.021859076877052967,28,True
2019-02-04,2019-02-10,23.74516310639436,21.08309208796578,28.431629826472374,22.845192056173826,20.965385789137656,25.357691603440514,95.36950570934422,75.90000049884503,99.92692360511192,0.01765587500547274,0.01565734612253996,0.02059788443148136,28,True
2019-02-11,2019-02-17,24.344347960084374,21.32770690917971,33.54046372633718,22.933131601522284,21.208459472656273,26.343462195763266,93.16222552938775,49.67692301823543,99.90000064556415,0.01774532965430478,0.015874692167227086,0.021754384542313907,28,True
2019-02-18,2019-02-24,24.52673048082291,22.51701566256014,29.764634117713342,23.60583828936569,22.40115567720858,25.815384850135217,95.3521980558123,68.6307688492995,99.89615425696739,0.018473001392711734,0.01709796144412114,0.021173884590657856,28,True
2019-02-25,2019-03-03,24.71281669532862,20.959632051908102,32.042690335787256,21.960068436507363,19.361539165790305,24.988077955979577,86.70247255576837,48.265384674072266,99.75384697547325,0.016749137356253035,0.014296730801176567,0.020194923111165945,28,True
2019-03-04,2019-03-10,24.939313884357855,21.978554124098594,33.04223257211538,23.371002884749547,21.794999107947717,25.13461749737081,92.58763749782857,52.56923073988695,99.85769242506761,0.018227017869671375,0.016542846122040197,0.020342500020678226,28,True
2019-03-11,2019-03-17,24.564927673339866,22.426002854567344,29.268091994065514,23.62126379327462,22.346154785156273,26.103846388596764,95.23296717759017,75.04615255502554,99.90384674072266,0.018510442323071863,0.017055038506021865,0.02150380754700074,28,True
2019-03-18,2019-03-24,24.684427550598837,22.737383094200766,30.625769747220602,23.62115413120817,22.603847562349756,25.961540574293906,94.63310455489945,70.78846124502329,99.91538531963641,0.018483946397951753,0.01734196151105257,0.021222961636689994,28,True
2019-03-25,2019-03-31,24.307075098058704,21.57940415602468,34.32024536132815,22.62156645387086,21.380774630033102,25.015384145883445,91.88956062086335,47.1461542569674,99.71923123873196,0.0173982953164051,0.01612384610164624,0.020137230722376935,28,True
2019-04-01,2019-04-07,25.343707049023998,21.892863112229577,33.682323514498194,23.42129094888878,21.719232177734398,26.57692518967849,90.79313209554651,50.865384321946365,99.9538465646597,0.018269575539986593,0.016544692361584075,0.022020730691460464,28,True
2019-04-08,2019-04-14,24.129180589613043,20.96409231332632,32.03692368727468,22.43063192681954,20.011537757286703,26.13846036470858,91.69505501841452,52.31153854956994,99.81923088660606,0.01723623352514191,0.014794923042735228,0.0214823460779511,28,True
2019-04-15,2019-04-21,24.650956139197742,22.12278606708236,31.47800128643331,23.394642647544135,21.98845942570614,26.52692213792068,93.90123646599906,60.188462037306564,99.90384674072266,0.018249145624545084,0.016695807831218608,0.02194561529904604,28,True
2019-04-22,2019-04-28,24.85667337270886,22.394323260967553,30.555554668719992,23.27101707039301,22.14230675330532,25.82307880108175,92.1219781257294,69.61153822678786,99.8923081618089,0.018093233534063283,0.01688315379075133,0.021077576881417863,28,True
2019-04-29,2019-05-05,24.08746871948244,21.31546466533956,31.74478478064907,22.684065615475856,21.1999967134916,25.042304171048727,92.99766493891623,57.94230783902682,99.81923147348257,0.01745926235817823,0.015884423126968052,0.02010615377758558,28,True
2019-05-06,2019-05-12,24.443421977954927,21.69915513258718,31.202016742412866,22.725275286999395,21.49230816180892,24.742303466796898,91.5384616799407,56.90384644728441,99.87692378117488,0.01749888599650668,0.01625784604738538,0.019832307687745646,28,True
2019-05-13,2019-05-19,23.337663772079996,18.881768798828148,30.899170860877405,21.824588666643443,18.861539165790305,25.011538931039695,92.45714291373451,53.4769229888916,99.74230810312125,0.016564938186023098,0.0136699231628042,0.02011615388955061,28,True
2019-05-20,2019-05-26,24.155131472074096,21.133767700195335,31.28455153245193,22.88722515735,21.08461561936599,25.200001408503624,93.88090681767726,64.08846136239859,99.91538502619817,0.017658848894995402,0.015771307767583773,0.020245538666271247,28,True
2019-05-27,2019-06-02,24.37947251875324,20.758092792217553,31.181154456505453,22.762637605771943,20.676923076923117,25.569232412485007,92.05604415935474,58.857692571786735,99.88846206665039,0.01753709200196541,0.015369538468523668,0.020764422961152516,28,True
2019-06-03,2019-06-09,22.993740769271035,20.578248009314905,27.781556114783655,21.99986247806761,20.34999882624703,25.146154315655053,94.93228030990768,71.85769198491023,99.93461579542894,0.016701929978668116,0.015037692259424008,0.02019226923584938,28,True
2019-06-10,2019-06-16,23.430281519627858,21.24530944824221,29.97894146259017,22.1622251741179,21.111536818284264,24.315384850135217,93.77857154804272,64.68076881995567,99.91153893103966,0.016866899713372383,0.01574176922440529,0.019260846078395844,28,True
2019-06-17,2019-06-23,22.63723219986802,20.009155038686913,29.459475942758445,21.768818798694003,19.919230299729577,24.22307856633114,95.64519238209986,64.75384653531589,99.86538490882286,0.016421872239744107,0.014560038582063638,0.019106346254165355,28,True
2019-06-24,2019-06-30,22.705237101460572,18.707016930213342,31.521477097731406,21.350686938946087,18.553846858097984,23.815387197641257,93.35934094020298,50.49999955984262,99.9000003521259,0.016096226662489492,0.013470692273515921,0.018734769286731116,28,True
2019-07-01,2019-07-07,23.2940123170287,20.526689734825766,30.988633141150842,21.717156772823152,19.373077157827538,24.303844510591944,92.32788461643261,49.876923047579254,99.76153887235202,0.016427222510114067,0.01420407692113748,0.019291115136673816,28,True
2019-07-08,2019-07-14,22.41161784077741,18.348168945312523,30.286476487379844,20.186126432314047,18.22307856633114,23.73461421086239,89.24958799173544,52.46923065185547,99.80769260113055,0.014933637375329305,0.013122038521732275,0.018607115373015404,28,True
2019-07-15,2019-07-21,22.39035220303381,19.29732313889724,30.80978604830233,20.76263710273494,18.95768949068514,23.257693716195945,92.06002754169506,53.38846177321214,99.88846206665039,0.01547654120988407,0.01380688464269042,0.01804084613775978,28,True
2019-07-22,2019-07-28,23.012730416098822,20.067786348783102,32.55824608436001,20.82664810012987,19.465385789137656,22.51923170823318,89.45151112105819,48.33461482708271,99.80769318800706,0.015515876390234372,0.014240269298450304,0.017158422977305375,28,True
2019-07-29,2019-08-04,23.826561326247013,18.21984605055593,33.65792236328127,19.48310468065872,14.265385319636437,23.057692072941734,79.9936813888969,36.63461538461539,98.33846194927509,0.014358075550542427,0.0102598461537407,0.01777734621786154,28,True
2019-08-05,2019-08-11,22.384937638502873,14.60524667593154,32.05576946551986,16.67678570590179,11.565383676382226,20.661538696289085,73.74175821817838,31.95769243973952,95.2923073401818,0.012059006859179955,0.008554230748604123,0.015344230637240868,28,True
2019-08-12,2019-08-18,23.910036963158934,20.08715444711538,34.468384728064905,20.127334485735236,18.069230064978967,23.09615126389724,82.38447791403466,39.242307956402115,98.85769271850586,0.014878167577630299,0.013044500007079197,0.01782773069750804,28,True
2019-08-19,2019-08-25,23.770407515305767,20.53024620643032,31.74176588792068,20.656318262121204,19.019229360727195,22.84615361140328,85.15412092732859,47.20769236637996,99.65769224900465,0.015361041202885355,0.0138534615890911,0.017616807733877346,28,True
2019-08-26,2019-09-01,24.746026317889896,20.161320378230187,35.844472797100366,20.688736272120234,17.87692472017733,24.93846106896035,81.53337919057071,34.446153567387505,99.81923118004433,0.015477004105348016,0.012860576944568982,0.019902346154245045,28,True
2019-09-02,2019-09-08,25.101056796901855,20.632998891977195,36.613478205754234,21.117170623108603,17.20384427584139,25.34230722280654,81.71016498712393,31.692307398869442,99.84230833787184,0.01589851234502231,0.012407115338226924,0.020386230630370285,28,True
2019-09-09,2019-09-15,25.08696061019062,21.397925508939352,34.332999361478414,21.521291141719633,18.688462242713342,24.119231942983788,83.34120871732523,40.02692303290734,99.67692331167368,0.016287866729096726,0.013622730755462097,0.01904573069455532,28,True
2019-09-16,2019-09-22,26.32760785281005,20.938171151968163,37.131401414137656,21.34986283857746,18.26154362605172,26.18846106896035,78.05425830201787,32.926922651437614,99.23461591280423,0.01618331592468606,0.013301384635269642,0.021644615281659823,28,True
2019-09-23,2019-09-29,25.50953311291372,21.182092285156273,35.909168888972374,21.76456042279256,18.042308866060694,25.650000704251852,83.06607148149511,34.69999995598426,99.88461567805363,0.016540050831531268,0.013055999978230549,0.020851000068852536,28,True
2019-09-30,2019-10-06,25.513286313905844,22.010170335036094,34.32178415151748,22.700617503071904,19.734613037109398,25.561538461538476,86.89642864793211,42.096154139592095,99.83461644099309,0.017534425836517015,0.014510230734371223,0.02079557699079697,28,True
2019-10-07,2019-10-13,24.004178116347784,20.76107881986178,31.63484755295974,22.641222247448617,20.376922372671288,25.580768057016257,93.27651116612194,52.799999970656174,99.92692360511192,0.017458706077157552,0.015083615345737109,0.020825653838423584,28,True
2019-10-14,2019-10-20,24.01981514731608,19.809155742938742,30.92815669133114,22.051895661406487,18.6846158541166,24.896154315655053,90.46675850270869,57.75769263047438,99.79615460909329,0.016812009614083794,0.013594038497943144,0.019960423143437274,28,True
2019-10-21,2019-10-27,24.659587415758097,21.66924673227163,33.7763082650992,22.840865141480858,20.411536348783102,25.67692425067611,91.47527490343366,45.969230505136345,99.89615455040565,0.017686189592375858,0.015216192266402336,0.020936730819252822,28,True
2019-10-28,2019-11-03,24.511931551419792,20.80785991962142,31.328537926307092,22.771456054016806,20.480767822265648,25.207691838191124,91.51840661122249,62.7269229888916,99.84230833787184,0.017600395587518566,0.015246115445804138,0.020435192371503666,28,True
2019-11-04,2019-11-10,24.54017259367222,22.121705040564905,31.15086223895736,23.126181483006757,21.98076899601864,25.019230534480187,93.21524726951516,60.08846165583684,99.83461585411659,0.017993034361247585,0.016717576851638462,0.020248384573138677,28,True
2019-11-11,2019-11-17,24.862486845582417,22.345402409480187,30.444937838040914,23.93538441081625,22.1361539400541,27.13461632361782,95.49574198041644,72.09230731083797,99.91538531963641,0.01891299175702363,0.0168457691772626,0.022893461470420543,28,True
2019-11-18,2019-11-24,24.68784451327483,21.760537719726585,32.55623192420376,23.11862599299507,21.269230534480187,25.63461514986483,92.36373647228702,59.49615346468412,99.75769277719351,0.017983773333061445,0.01600753838339677,0.020988038669411953,28,True
2019-11-25,2019-12-01,24.874615570739103,21.750235689603414,32.01540175217849,23.15612694038142,21.58077040452224,25.63461514986483,91.61758261984521,56.08076917208158,99.93076940683218,0.018016927223140886,0.016346730864965,0.020919615474457923,28,True
2019-12-02,2019-12-08,23.51809966537981,20.29709073580233,30.66392376239486,22.166016354403673,20.057690899188742,24.253847327599203,93.43695065215393,53.580768878643326,99.92692360511192,0.016917651071428105,0.014809769327537371,0.01923734608751077,28,True
2019-12-09,2019-12-15,24.963759973546985,21.995170945387656,31.651017174353967,22.59627723274652,20.24615102914663,26.29615173339846,88.42706059361551,52.730768790611855,99.9038470341609,0.017443348918427394,0.015026038512587547,0.02173426919258558,28,True
2019-12-16,2019-12-22,23.704138175209824,22.043631685697164,29.311306058443506,23.036455695183747,21.855382831280053,25.457693011944116,96.6070057638399,76.48461561936598,99.9384621840257,0.017853799467947292,0.016544538299338177,0.020720769364673357,28,True
2019-12-23,2019-12-29,24.088165886847552,22.266076660156273,29.997770808293296,23.150508017068407,21.947692636343163,26.22769376314608,95.24189580141844,72.94615364074707,99.82692366379958,0.017978083767037797,0.01668576917682703,0.021642076926162608,28,True
2019-12-30,2020-01-05,25.0732484503107,19.211549964317953,33.64154029259316,22.432775115966823,18.773078096829977,24.43846106896035,87.71991782660014,41.223076600294846,99.79230822049655,0.017252943669138782,0.013696769144959174,0.019488615198777273,28,True
2020-01-06,2020-01-12,24.47783729637064,21.166094031700766,34.11640085073623,20.36293970464352,16.819230064978967,23.33153921274038,80.83749998008811,35.549999970656174,99.88461597149188,0.015177869510447996,0.01212780772206875,0.018120000174698923,28,True
2020-01-13,2020-01-19,22.93998619331111,21.18468980055593,27.75015352689303,22.058529964908164,20.726922607421898,23.796152907151452,95.37005498383071,76.0192303290734,99.88461567805363,0.016777508240960703,0.015476230711031418,0.018601346402787246,28,True
2020-01-20,2020-01-26,25.579258233374315,21.501556161733788,34.505016385591944,23.052925755427456,21.355385178786094,26.15500323955831,88.17815940458696,47.67692301823543,99.8500002347506,0.017892373600401558,0.016141999871111833,0.0215512692498473,28,True
2020-01-27,2020-02-02,25.72516021728518,22.37209355280953,35.09224736140328,22.77446429912863,19.731922795222374,25.483075420673117,86.30796706545483,40.31153854956994,99.7500005868765,0.017585616753242172,0.014524307675086535,0.020736076797430333,28,True
2020-02-03,2020-02-09,25.17025230323878,22.12907620943514,33.90770991398739,21.834079591520574,19.415383911132835,24.334612098107016,84.05508252028581,43.688461597149185,99.8538463299091,0.0166041895460624,0.014334499943428315,0.019301576969715264,28,True
2020-02-10,2020-02-16,24.61178502512504,22.233306650015038,31.824692711463342,22.100274783962398,19.759610454852805,24.97307974008413,87.54065934380333,50.53076920142541,99.492307809683,0.016885983515889026,0.014618923063748158,0.019997115461872175,28,True
2020-02-17,2020-02-23,25.408625567090407,22.536559823843163,34.72455397385818,23.3903022346916,22.438846059945945,24.757692542442953,90.34065933541936,51.226923135610726,99.79230822049655,0.018244344776926134,0.01717696152627468,0.019787346227810934,28,True
2020-02-24,2020-03-01,24.994992954128413,22.17162945087142,31.734000338040914,23.72260923280823,21.619230769230796,26.292307692307702,93.7145606135274,62.71153772794283,99.86538520226112,0.01861695057052382,0.01635753843360222,0.02161453843403321,28,True
2020-03-02,2020-03-08,24.487338743105056,22.274859853891257,30.448319420447717,23.486003054105336,22.242309335561913,25.830768057016257,94.90219783782959,68.12307651226337,99.91923141479492,0.018323563208169007,0.0169411154034046,0.020984807481559422,28,True
2020-03-09,2020-03-15,24.077612967019572,19.444152597280663,33.77222947340749,22.17390083061472,19.015381798377405,25.673077862079367,90.72307707189204,49.88846177321214,99.74615419827975,0.01696439696460512,0.013904230776601113,0.020979269336049374,28,True
2020-03-16,2020-03-22,25.554576932466976,22.313322566105796,33.576017878605796,23.327334955236438,21.15384357158956,26.24230816180892,89.57596155313345,48.69615422762357,99.88461655836839,0.018185651105071244,0.015911769336805895,0.02161180765296404,28,True
2020-03-23,2020-03-29,25.449867432982078,22.066091449444116,31.972246375450766,23.680041026021122,21.884618671123803,25.869229595477805,91.49876380752731,61.43461520855244,99.81538508488582,0.018580969787653084,0.016569923143833876,0.021301692351698875,28,True
2020-03-30,2020-04-05,24.233395436045914,22.011479069636437,29.04217153695913,23.46923117166039,22.03076735276443,26.061539635291467,96.11263764559567,73.34999994131235,99.92307750995343,0.018317269226587326,0.01664811555439463,0.021453153771849778,28,True
2020-04-06,2020-04-12,24.29771751990688,22.037091533954367,30.25369356595553,23.44313172560474,21.903844745342553,25.223073871319116,95.6107145665766,73.40769327603854,99.83846224271335,0.01825798904154818,0.016571384568053942,0.02035173071691623,28,True
2020-04-13,2020-04-19,24.293652771331473,20.0465543306791,34.104786564753624,21.581318798694003,18.515385319636437,26.22692378117489,87.10178577506936,40.223077040452225,99.74615478515625,0.01634423623557438,0.013421846195482291,0.021498538410434358,28,True
2020-04-20,2020-04-26,24.98795911348785,18.801629638671898,34.16868919959438,21.10054965176428,17.569228891225976,24.000000939002405,81.78777477243445,42.934615501990685,97.96538543701172,0.015890592037556835,0.012692461506678509,0.018949654096594222,28,True
2020-04-27,2020-05-03,23.76915227030662,20.24454064002407,28.08969327486483,22.764230682037716,19.78076970027047,25.054614492563132,94.74725310357063,70.73077011108398,99.91153922447792,0.01753224315285519,0.014486192224117426,0.020156115436783202,28,True
2020-05-04,2020-05-10,23.83111997331894,19.49230816180892,31.306015953650842,22.34148366739464,19.273078096829977,25.09999765249404,92.7473902807131,55.542307780339165,99.91538531963641,0.017108864038363918,0.01401957686847219,0.02019234632070248,28,True
2020-05-11,2020-05-17,24.05021296071484,21.301629638671898,30.426167179988,22.75127722771615,20.726921433668906,25.303845684344992,93.41868133859319,66.57307727520282,99.83461585411659,0.017508048102372213,0.015434769125512013,0.020426961664970104,28,True
2020-05-18,2020-05-24,23.68563496516304,21.087554696890038,31.766400615985617,22.55111264239303,21.06192462627706,25.388458017202538,94.40947825568063,57.511538432194634,99.96153875497671,0.017271804944407398,0.015712730729809173,0.020459999975103598,28,True
2020-05-25,2020-05-31,23.028353278191553,19.555630962665305,30.126938805213342,21.64134578495237,19.38461749737081,23.819230064978967,92.95673095262967,60.665385026198166,99.87692319429837,0.01633073215290986,0.01412599992293578,0.018750000100296278,28,True
2020-06-01,2020-06-07,23.755762221787027,20.522635591947164,30.481229107196555,22.596840508429583,20.369229595477805,25.365384380634055,94.43887383597237,56.27692325298603,99.93846189058743,0.01734674177618677,0.015036846188685069,0.02048476914373728,28,True
2020-06-08,2020-06-14,24.549960813417556,19.656383573091944,34.464077054537256,21.228434107853836,18.346154785156273,24.49999859149642,84.59711544330303,38.423076776357796,99.88461626493014,0.015973994495592763,0.013322153880905647,0.019413769173507508,28,True
2020-06-15,2020-06-21,23.246885002052412,21.054384436974203,30.139554302509055,21.96634617061408,21.003844980093163,23.88076993502108,93.57925842620514,62.3730766589825,99.87307739257812,0.016644548073380287,0.01566576914718518,0.018713000015570566,28,True
2020-06-22,2020-06-28,22.94849330357146,20.04892179048983,31.878783944936913,20.867087244725514,19.48461538461538,22.223075045072164,89.90618142452868,50.334615854116585,99.53076993502103,0.015576052209515901,0.014285615322968135,0.01692865387751506,28,True
2020-06-29,2020-07-05,22.729873087117987,19.932386897160484,30.238633141150842,21.579395562475877,19.796156428410484,23.080768057016257,94.2670330948882,66.12692304757925,99.82307727520282,0.016305214236746284,0.014583884595105281,0.01788950002250763,28,True
2020-07-06,2020-07-12,23.5940988310091,20.29347792405349,32.46600083571218,21.277335131299388,20.053843336838952,24.39999835674581,89.18846164954888,50.79999982393705,99.88461567805363,0.01598974724637938,0.014797999989241362,0.019253230796983607,28,True
2020-07-13,2020-07-19,23.224542655525653,18.183399846003624,32.313172325721155,20.752197827349672,17.511540104792687,23.707691838191124,88.12898367577857,42.380769142737755,99.77307715782753,0.015501795354514167,0.012600269276075639,0.018597499897273686,28,True
2020-07-20,2020-07-26,23.58956420395403,18.978790048452538,33.75801415076626,21.70041209629606,18.930768291766867,24.461538226787866,90.88667579797598,44.13461509117713,99.7884618318998,0.016439145611302292,0.013747384592604179,0.019501846212034043,28,True
2020-07-27,2020-08-02,23.565475648314113,20.17094280536361,32.97338374211239,20.881455993652366,17.649999530498803,23.02307692307693,87.51387378671667,40.073077128483696,99.90769283588116,0.015593078297020477,0.012675423103456315,0.017785576852754906,28,True
2020-08-03,2020-08-09,24.148474993024568,19.149305842472984,31.850477717472984,19.815797088958426,15.72307856633114,23.253846153846155,79.43173073674298,41.80769230769231,98.16153834416316,0.01462011127144221,0.011288038490769954,0.017953115407950603,28,True
2020-08-10,2020-08-16,25.086961574344866,20.878325007512046,35.40169325608474,21.25480775099536,18.661537522536094,24.3269240159255,82.60054938871782,38.107692131629356,99.34615443303035,0.01604457692867452,0.013545538442066083,0.019305654013386138,28,True
2020-08-17,2020-08-23,24.50358817970362,17.985708148662866,36.224710083007835,21.015659977839565,17.057695594200766,25.98076899601864,83.66703305663644,35.37692297421969,99.246153317965,0.01587403983716945,0.01218669220375327,0.02131173093445026,28,True
2020-08-24,2020-08-30,24.72822928795451,19.176786921574546,34.55209444486178,20.61552191933435,17.642309100811303,23.373077157827538,81.99093404183022,36.53461544330303,99.69230798574594,0.01540207280521537,0.012710076900055775,0.018120807559730914,28,True
2020-08-31,2020-09-06,24.63409505152442,21.244616933969382,34.18892352764425,21.624106874570767,19.438462242713342,24.71923335148739,85.71758252971776,42.2269229888916,99.77307715782753,0.01636344094755599,0.014294923104059238,0.019765653934043188,28,True
2020-09-07,2020-09-13,25.636264524355056,21.76224905160757,34.77722966120797,21.515247403658375,17.419230299729577,23.903845919095602,81.28530221457011,36.78846183189979,99.6500003521259,0.016307824203017896,0.0127072693206943,0.018804000045817632,28,True
2020-09-14,2020-09-20,25.289073248223964,21.42670475886422,33.73715538611782,22.398626113723946,20.561539635291467,24.230767822265648,86.7575549843547,47.83846143575815,99.19230798574594,0.017190254123236697,0.015317884667848166,0.01941065389949542,28,True
2020-09-21,2020-09-27,25.16685131198759,21.334863281250023,33.26977046086239,22.554574123843707,20.007690194936913,24.98153780423678,88.00563183459607,46.353845889751724,99.84230863131009,0.017333472532650027,0.014780807667053662,0.02004180784122302,28,True
2020-09-28,2020-10-04,24.438422586629695,19.825709181565514,33.613540414663476,21.92046760307565,19.16923147348257,25.323075279822717,88.0980769775726,47.30384591909555,99.8461541395921,0.01670875274166874,0.014015884675945226,0.02040346167408503,28,True
2020-10-05,2020-10-11,25.46823398464331,21.619770695613,36.47623009314907,21.77925799023976,18.523078096829977,25.957691838191124,83.58049447457869,34.58846165583684,99.73076952420749,0.016567568710472966,0.013441500003234698,0.02129630773113324,28,True
2020-10-12,2020-10-18,25.08629915845265,21.41884413499099,34.278398719200766,21.80000000838398,18.74615220289968,23.669232647235617,84.42554956740075,40.49230773632343,99.88846206665039,0.016584271953983622,0.01370611536101653,0.018598115358215112,28,True
2020-10-19,2020-10-25,25.282800628326772,22.05269305889425,35.57300250713644,22.35815938593269,18.919230299729577,26.284617262620202,86.73832436446305,37.29230807377742,99.91538561307468,0.017187061828335973,0.013831499963998795,0.021678576819025554,28,True
2020-10-26,2020-11-01,25.72631137554464,21.449246685321555,34.90601501464846,23.101373500614397,20.561538461538476,25.623074810321555,87.43653860196962,43.69615364074707,99.77307774470403,0.01804157140393547,0.015289192267048817,0.021032730762202006,28,True
2020-11-02,2020-11-08,25.12585094577666,21.270864398662866,33.147244732196555,22.81624948690228,20.88077228252706,26.107692777193506,88.72609891996278,50.500000146719124,99.46153934185321,0.01767465932253789,0.015609423020997873,0.02153788456836572,28,True
2020-11-09,2020-11-15,24.74677098033194,21.29070551945614,32.128307401216944,22.94229416899631,20.819232412485007,26.33076923076925,91.18049462810977,57.21153890169584,99.753846682035,0.017784293941836192,0.015609269281132864,0.021732807732545413,28,True
2020-11-16,2020-11-22,24.484456844120253,21.26145911583535,31.70524808443514,22.707527722369207,20.74615337665267,25.504613788311303,91.21826937958436,60.11153852022611,99.77692325298602,0.017534563184848855,0.015490923112688156,0.020712692433824904,28,True
2020-11-23,2020-11-29,24.79947894588934,21.941398972731406,34.9709223820613,22.219821611341562,18.350000000000023,25.02653714693514,87.94917601805467,37.34615399287297,99.81153928316556,0.0170644313662446,0.013375230814115359,0.02019588455844384,28,True
2020-11-30,2020-12-06,23.475050597138477,21.03946134127108,28.866860961914085,22.700700252658745,20.957690664438132,24.430771813025842,96.07005513893378,76.03076964158278,99.91923141479492,0.017489792611501128,0.015711807645857334,0.019406230833667975,28,True
2020-12-07,2020-12-13,24.265914598402105,21.572475492037256,33.33663212702828,22.45986265245377,19.76499915489785,25.250002112755453,91.33928582432506,44.65384600712703,99.89615425696739,0.017257438185829466,0.014585500117391348,0.02036892307492403,28,True
2020-12-14,2020-12-20,23.30307930747233,21.27024817833535,28.741691941481406,22.40273399772227,20.965386962890648,24.819227717472984,95.42706057789562,73.91153819744403,99.8923081618089,0.017175539831661587,0.01569869225988021,0.01998965384868475,28,True
2020-12-21,2020-12-27,24.693395736191324,22.140551992563132,31.321845186673727,22.819093280834174,19.857691603440514,25.14230792705831,90.91675845869294,52.82307698176457,99.86538520226112,0.017664852997308574,0.014811307621689944,0.020324769000021312,28,True
2020-12-28,2021-01-03,24.183226382077414,21.849463594876852,31.597245201697717,22.273419742793855,19.919230299729577,25.361536818284264,90.6174450130253,52.446153787466194,99.91538502619817,0.01706208930616932,0.014776577026798176,0.02055915380613162,28,True
2021-01-04,2021-01-10,23.658000543615344,20.49939880371096,30.472863769531273,21.52973914513223,19.695386211688742,23.673075514573327,89.70329673473653,53.08076961223896,99.82307756864108,0.01628042994819295,0.014581230755608816,0.018490500031755522,28,True
2021-01-11,2021-01-17,23.3117260524205,19.09955397385818,33.34055598332333,20.684862635685867,16.85423137958236,24.400001878004844,87.61840653419495,37.146153890169586,99.08461526724008,0.015506901106653878,0.012132961589556474,0.019409192224534657,28,True
2021-01-18,2021-01-24,23.23294421185506,20.879861450195335,27.09307603102468,21.449271962930887,18.857693950946555,23.254229971078757,91.02761011333256,67.1115385202261,99.78846212533804,0.016181760992097494,0.01382846155991921,0.018062576794853576,28,True
2021-01-25,2021-01-31,23.720965769002742,20.839615807166467,33.458155470628014,21.544972740424875,18.316922466571555,23.598461209810694,89.80068705632137,41.196153787466194,99.87307768601637,0.01633810162656828,0.013358192267612768,0.01841488480567932,28,True
2021-02-01,2021-02-07,24.01251444554594,21.532996309720602,32.198477877103414,22.30736208066838,20.544997934194726,24.938462242713342,91.55521987034724,51.761538578913765,99.90769283588116,0.017084043948900896,0.015256807637902407,0.02004642290278123,28,True
2021-02-08,2021-02-14,24.708497200431427,22.586708420973594,30.524319927509055,23.21163451645403,22.27692213792068,24.857695124699546,92.46565934065934,67.88461509117714,99.57692366379958,0.018056936810243424,0.017098615447489116,0.019902461638244297,28,True
2021-02-15,2021-02-21,25.864692620916703,22.549172973632835,33.31545997032754,22.598832115760242,19.79230651855471,24.403844745342553,85.16181318052523,46.87692319429838,99.06153898972731,0.017430342036647374,0.014840577012644364,0.01955930759700445,28,True
2021-02-22,2021-02-28,23.786379107800176,21.995707350510827,28.190786273662866,23.249231124710267,21.91538625863882,25.83461679311904,97.2276100745568,79.11923159085788,99.89230845524715,0.018084620865020943,0.016621807733407386,0.021182576839167338,28,True
2021-03-01,2021-03-07,23.896301244379426,21.101153799203757,31.49301593487081,22.594588621370104,21.06115347055288,24.992309335561913,93.47129130101466,59.36153852022611,99.88846177321214,0.01738323212683119,0.01580711525793259,0.020041499931651812,28,True
2021-03-08,2021-03-14,23.379774257114974,20.83347707895132,32.135246628981406,22.029999550620296,20.588846998948327,24.09999882624703,93.34381865931081,50.93461535527156,99.92692360511192,0.016761879148831652,0.01529576930289085,0.019108153951282684,28,True
2021-03-15,2021-03-21,24.341594084016595,21.107399338942344,32.31955402080831,22.37612589741803,20.619228421724756,24.784613741361227,90.72815939096304,50.25384580172025,99.9038470341609,0.0171582967255285,0.015399576845363928,0.0198599615205939,28,True
2021-03-22,2021-03-28,24.055146160754553,21.901787156325156,29.651859929011437,22.884917391263542,21.807692072941734,25.292307692307702,94.14587929484608,65.45384568434496,99.88461597149188,0.017681839304034608,0.016536923232846536,0.020362730854405806,28,True
2021-03-29,2021-04-04,23.411907087053596,20.86716848520132,31.11770841158358,22.346154030600776,20.761536583533655,23.996154550405663,94.8721156015501,57.26923047579252,99.88846177321214,0.01710646153187154,0.01549011544109537,0.01882415386633231,28,True
2021-04-05,2021-04-11,24.26971479143418,21.146538132887656,31.756690157376852,22.526098750187824,21.015382972130453,24.969231003981406,91.70673100502937,57.43461520855244,99.88846177321214,0.01730228573912857,0.015733538410411432,0.020036576960522395,28,True
2021-04-12,2021-04-18,23.722720320146188,21.293862915039085,28.854165649414085,22.663323890769895,21.09230604905349,25.057694420447717,94.69189569976304,73.16153834416316,99.92307750995343,0.01742828161721783,0.015755461564717386,0.020106961592458762,28,True
2021-04-19,2021-04-25,23.051090718363692,21.04301663912264,29.83232327974764,21.96222508189444,20.657694655198327,23.953848970853414,94.43475300401121,65.48461532592773,99.81538508488582,0.016688950526128923,0.015382961477511205,0.018766846221226912,28,True
2021-04-26,2021-05-02,23.390244678874616,21.56109478290267,30.00986163799581,22.340247495881822,21.411538696289085,24.23461538461538,94.82170342875051,65.31153825613168,99.90000005868765,0.017068119550758338,0.0161241153971507,0.019140000025240276,28,True
2021-05-03,2021-05-09,23.703528997400326,20.371402212289695,31.04332181490389,22.325687047937436,20.200000234750632,25.307695594200766,93.14271988187518,60.51923062251164,99.87307768601637,0.017071918927255895,0.014887422967988711,0.02042623072002943,28,True
2021-05-10,2021-05-16,22.986418814187548,20.99224360539364,27.940154794546288,22.339010905171506,20.873077157827538,24.373077157827538,96.71552224735638,73.58846121567946,99.90384674072266,0.017052750012346105,0.015582653801315106,0.01932950009806798,28,True
2021-05-17,2021-05-23,23.399368470579734,20.32155409592849,30.200075354942953,21.62321419349085,19.557693246694726,23.542308866060694,91.15590672440581,57.188462037306564,99.91923141479492,0.016343067324679387,0.014377846167637752,0.018315577019865695,28,True
2021-05-24,2021-05-30,24.271974224048677,21.12540118877706,33.94863046499404,21.83310470581057,20.461537053034874,25.415383911132835,88.50439564212338,46.069230593167816,99.44615408090445,0.016536141506519046,0.015089846037041683,0.020528346085204527,28,True
2021-05-31,2021-06-06,23.702005004882835,20.93355595515328,31.098618492713342,22.722389615237084,20.884618671123803,26.10384404109078,95.17362661152096,63.08846165583684,99.92307750995343,0.01748528161244774,0.015608423246214023,0.021433884636140786,28,True
2021-06-07,2021-06-13,23.47242646269748,21.126630108173117,32.22747779259316,21.70398391052919,19.99230816180892,24.88077228252706,91.59244528445569,49.40384630056528,99.8461541395921,0.0164204409184794,0.014734538522763895,0.019900153677624006,28,True
2021-06-14,2021-06-20,22.36834873576743,20.370939753605796,28.288477736253014,21.13791209629606,20.04615173339846,22.84615361140328,93.90233526649057,65.33461497380183,99.80384679941031,0.015803438231379693,0.014739846130116628,0.017503461585595056,28,True
2021-06-21,2021-06-27,23.482075634631503,18.86755230243392,32.90055471567007,20.315659005301363,18.815382502629234,21.819227717472984,85.4875002169347,44.21538455669697,99.88461597149188,0.015062901082673816,0.013665038483360639,0.01651165369324959,28,True
2021-06-28,2021-07-04,21.26931722452354,14.96055579552285,30.754092641977195,18.218832472916507,14.723076218825156,22.376922372671288,85.31607154175477,43.69230783902682,99.71538485013522,0.013248515102991854,0.010498730680690361,0.017033422974726327,28,True
2021-07-05,2021-07-11,22.640613279237886,19.668707979642477,30.77593735914968,19.720783208490754,17.403847092848594,22.850000000000023,85.36346146300598,45.126923047579254,98.97692313561073,0.014513497256192859,0.012509500070546683,0.01761857681692793,28,True
2021-07-12,2021-07-18,22.8852854885898,20.35947805551382,29.565384850135217,21.10934101985053,20.115385554387046,24.399999530498803,91.12513748630063,61.07692307692308,99.75,0.015794491743320947,0.014783923120166246,0.019296884500923064,28,True
2021-07-19,2021-07-25,22.491233004056514,19.25307499812203,32.844094848632835,19.704670178759248,17.584613271860007,22.100001173753014,86.61236272015414,45.12692319429838,99.71153875497671,0.014460914813053723,0.01255988462183338,0.016785115325966708,28,True
2021-07-26,2021-08-01,23.187633740770966,19.131707763671898,30.969091327373803,20.77307717459544,17.52307927058297,23.67307668832632,87.98543960445531,62.46153802138109,99.55769289456882,0.015538368134882177,0.012610807764128996,0.018636538432194635,28,True
2021-08-02,2021-08-08,23.790537127819714,18.51255657489486,34.925615516075766,18.08461553552651,16.007693716195945,20.507693716195945,73.965521974878,34.21153846153846,98.06923118004433,0.01306731730397627,0.011415807745204521,0.01511650002346589,28,True
2021-08-09,2021-08-15,24.282982476203024,20.940996375450766,33.12155480018032,21.378846195765924,19.038462477463952,24.773078096829977,85.74395592134077,45.93076911339393,99.57307668832632,0.01609811814153915,0.013828730783783473,0.019761923055809278,28,True
2021-08-16,2021-08-22,24.858569612607873,20.994922109750632,35.93645864633413,21.247527296464547,18.384612802358788,22.603845214843773,83.56978038641122,35.2230768937331,99.01538467407227,0.015992984865218975,0.013326115333116971,0.01729484611692337,28,True
2021-08-23,2021-08-29,25.897387343186626,21.879862623948327,35.82807664137624,20.805082400814538,18.69999906099764,22.83846083420974,76.76304949508918,37.51153828547551,98.57307668832632,0.015601461526814972,0.01380092317525011,0.01762442308692978,28,True
2021-08-30,2021-09-05,24.755130407312436,20.857398165189352,35.28332143930288,20.341758241758267,18.00769606370193,21.811539635291467,79.80398359927503,36.07692285684439,99.28846212533804,0.015104067305890987,0.013033846178306984,0.01649196159381133,28,True
2021-09-06,2021-09-12,24.3812076191326,21.028247305063132,31.937768554687523,22.360027581518846,20.73077016977163,24.807690899188742,90.34670336691887,52.51923076923077,99.87692378117488,0.01712538323820579,0.015454961631733637,0.019910346215160992,28,True
2021-09-13,2021-09-19,24.848262090997405,20.661015202448937,35.335478327824546,21.08131934365076,18.33461679311904,23.357691603440514,83.04010994355758,36.44615408090445,99.91538502619817,0.01581898077319448,0.013283961595824132,0.018257615443032522,28,True
2021-09-20,2021-09-26,24.205681660411138,20.01823049692007,34.93216975285458,21.807142588856486,18.98461655836843,25.12307950533358,88.69958789008004,41.250000146719124,99.85769242506761,0.016579991768134735,0.013820538512216164,0.020264038529533606,28,True
2021-09-27,2021-10-03,25.52351028945422,19.00832284780654,36.13778663048379,21.048351136930723,17.27307692307693,25.573077627328757,79.60865382833796,32.66153834416316,99.65769224900465,0.015936909307428932,0.012431961591713704,0.020875653681846764,28,True
2021-10-04,2021-10-10,24.885908541836606,21.475937828650842,34.94901897723861,22.45357079139125,20.89230675330532,24.261540104792687,88.57500014462313,43.83461526724008,99.83461644099309,0.017239516453848188,0.015607307700870128,0.019306346129339475,28,True
2021-10-11,2021-10-17,26.337301920796513,22.32924569936904,37.53046100323019,22.008653468876116,19.269230534480187,26.94230863131014,80.29258256168156,34.17692316495455,99.88076958289513,0.016872901099754475,0.014151500108150335,0.022527076877080478,28,True
2021-10-18,2021-10-24,25.31101412930334,21.35363276554989,34.178554593599756,22.007417590801555,20.761536583533655,24.6846158541166,85.00370898089567,45.53846183189979,99.76923135610727,0.016769015115102405,0.015525615451714167,0.01957146142824338,28,True
2021-10-25,2021-10-31,24.169996299324485,21.189552659254844,31.03739788348861,22.900920213971833,19.853846388596764,25.823077627328757,93.48186845045824,71.99615361140324,99.92307750995343,0.01773366342672239,0.014671884656239014,0.021163653940535508,28,True
2021-11-01,2021-11-07,24.822171531928785,22.12586247370797,30.547000356820945,23.757527378627255,22.069232412485007,26.469228656475366,94.71195066368186,67.48076937748836,99.92692389855019,0.018686539842747152,0.016806269315286324,0.021912269294261932,28,True
2021-11-08,2021-11-14,24.933588820237407,21.231152813251242,32.02963233360879,22.422252629877466,20.130766413762046,24.98077016977163,87.95549471299726,50.04615387549767,99.66923053448016,0.017260126393431656,0.015062384629765382,0.02007173066242383,28,True
2021-11-15,2021-11-21,25.662922425322503,22.654556039663476,33.709461857722374,22.144436570052285,18.911537522536094,25.126922372671288,83.55989024927328,42.39615381681002,99.38076958289513,0.017034306298368253,0.013901538358857999,0.020320846126056634,28,True
2021-11-22,2021-11-28,25.010307957575897,20.868615722656273,34.8728658822867,21.967623800759807,19.280768526517477,24.88461514986483,85.96057719450731,39.74230766296387,99.85769301194411,0.016770019231793973,0.014159692308077445,0.02001438461817228,28,True
2021-11-29,2021-12-05,24.88858901642183,22.60307523287264,31.274383310171288,23.325261017516443,22.261538931039695,25.315387197641257,92.46634630056528,61.91538487947904,99.79230792705829,0.01819369783190048,0.01701550013743914,0.02057542293690718,28,True
2021-12-06,2021-12-12,25.010054804204604,22.335539362980796,33.717093599759664,23.097252537654022,20.5392301119291,24.838464355468773,90.93626393328657,45.7961540222168,99.91153922447792,0.017951519268175977,0.01534438462784657,0.020006769265119847,28,True
2021-12-13,2021-12-19,24.899395424979097,21.906863638070945,34.044925161508445,22.788653547685247,19.84230722280654,26.107695124699546,90.02829678504021,43.07307683504545,99.82692366379958,0.01764506592087775,0.014709615435164709,0.02155857690824912,28,True
2021-12-20,2021-12-26,25.205999957074205,22.015555513822164,31.306398597130453,23.844121048476698,21.919230299729577,26.21499962439907,93.14120889496017,65.78461573674129,99.85000052818886,0.018784207459488004,0.016667423125069875,0.021603653923823282,28,True
2021-12-27,2022-01-02,25.15578994750978,22.392014488807092,31.40447622445913,23.617843602777857,22.33615323580233,25.865386728140038,92.58598918705196,59.61923100398137,99.86538549569937,0.018524394231172952,0.017070269212126732,0.021232500099218808,28,True
2022-01-03,2022-01-09,25.390919628772128,20.80116952749404,33.44384507399343,19.737390178638517,17.26499798114486,22.380384944035484,74.11030216007443,38.92692316495455,93.90384556696965,0.014622600280915152,0.012458307740206901,0.017240307616213195,28,True
2022-01-10,2022-01-16,25.142224129477718,20.95263178898739,34.109231567382835,21.412940157376827,17.963075843224203,25.606153987004234,82.62335181498266,38.91923097463754,99.68846189058743,0.01621575689501037,0.013000807724893093,0.02083569234953477,28,True
2022-01-17,2022-01-23,24.273470465691553,20.999786142202538,31.81007948655349,22.74971169272624,20.875383582482016,25.703843102088342,92.428708925352,56.60769227834848,99.76923164954552,0.01754409343306139,0.015550538431853056,0.020934115450542707,28,True
2022-01-24,2022-01-30,24.750280921013825,20.558938598632835,33.568859159029444,21.54295380141711,15.011542452298727,25.74538339468154,85.70700558463295,33.23076923076923,99.88846236008864,0.016540671725614138,0.01077692310970563,0.0210315385976663,28,True
2022-01-31,2022-02-06,24.777964598267967,21.70416823167068,33.87825106107272,20.836923385452458,15.749998591496421,24.552306894155663,81.54271991436299,35.811538402850815,99.58461526724008,0.015749151087980105,0.011300115380436182,0.019661384563033398,28,True
2022-02-07,2022-02-13,24.546525154532993,21.749539654071555,32.16746028019833,22.878900733360897,21.049998121995202,25.908074951171898,91.89436823981148,55.849999794593224,99.81923118004433,0.017705315895439996,0.01580373068841604,0.021227499899955895,28,True
2022-02-14,2022-02-20,24.577329757187417,22.59993779109078,31.471246337890648,23.34155237386517,22.37692589393032,25.38076876126803,93.89670340045468,63.669230681199295,99.86538549569937,0.018197719739483937,0.017096076948711507,0.020681961654470518,28,True
2022-02-21,2022-02-27,24.441346153846172,21.80901724008413,32.762844144381006,23.12409341833095,21.263845355694116,25.157692307692344,93.6688188772935,52.176923311673676,99.8923081618089,0.017957527455259727,0.016185653718331687,0.02028019246287071,28,True
2022-02-28,2022-03-06,24.223659741747532,21.69461505596456,30.249939903846155,23.10722562349762,21.515384145883445,25.611537992037256,94.37651117555389,67.15000020540677,99.91153922447792,0.017921791223880764,0.016209538452900372,0.020871192431793764,28,True
2022-03-07,2022-03-13,24.746206279377386,22.530922288161094,31.772937246469382,23.75530248788689,22.14614962064303,26.665383911132835,95.00700578060778,56.55384606581468,99.91923141479492,0.018670638732786116,0.016900961466420155,0.022221423112429105,28,True
2022-03-14,2022-03-20,24.293904667110258,21.478613985501852,30.980557720477805,22.913763628949198,21.375768573467553,25.03461608886721,93.31359901009024,60.7692309159499,99.92692360511192,0.017712010990490544,0.016049961666934766,0.020153769148656957,28,True
2022-03-21,2022-03-27,23.686476504147727,21.129153677133445,28.86286315917971,22.714258273617272,20.98077251727767,25.12307833158053,95.04945068568973,73.9423076923077,99.90769283588116,0.01750986675020553,0.01572242321876379,0.020262576854572847,28,True
2022-03-28,2022-04-03,23.362638385479297,20.066848520132226,31.364245840219382,22.169230844686346,19.24230698805593,24.19615149864785,94.01620881112068,56.01153828547551,99.88846177321214,0.016925490370460348,0.014047807763115717,0.019135000040897958,28,True
2022-04-04,2022-04-10,24.16500910664655,19.59932743952828,32.56107365534859,22.54739029433703,19.23461538461538,25.338458486703757,92.31250007335957,50.31153854956994,99.91153893103966,0.017363225260831335,0.014083576890138479,0.0204943845478388,28,True
2022-04-11,2022-04-17,23.888795093913675,21.316398972731406,30.048248056265038,22.662225593315394,21.22692378117489,24.392309100811303,93.85096165898082,62.14615381681002,99.92307750995343,0.017448384620525597,0.015941192109424334,0.019349423237144947,28,True
2022-04-18,2022-04-24,24.173732606657286,21.73338177020736,32.41846383901748,22.846978298648395,21.38461397611178,26.83077040452224,93.50425849642072,52.74615375812237,99.91538502619817,0.017654505458527377,0.016103153869223136,0.02237592300829979,28,True
2022-04-25,2022-05-01,24.245875448709022,21.78970430814303,31.73693706805892,23.095054936671016,21.553845684344992,25.41923147348257,94.47939580351442,57.215384850135216,99.91923141479492,0.01791900273535278,0.016253923101780508,0.020650115222311936,28,True
2022-05-02,2022-05-08,23.223460958292215,20.927015803410484,29.630400202824546,21.819230148818487,20.8269240159255,23.703845449594382,92.84175853938847,65.65769239572379,99.92307750995343,0.016512917599047196,0.0155320384611304,0.018411730631039694,28,True
2022-05-09,2022-05-15,23.90735015869143,21.51086167555593,29.35293907752407,23.19368116777024,21.4346158541166,25.969229830228414,96.4092036498772,74.86153925382175,99.93076970027043,0.01801033654495828,0.01616369216487958,0.02125153848184989,28,True
2022-05-16,2022-05-22,21.915357962807473,17.74678485576925,32.313308481069726,20.005357528518864,17.034617262620202,23.88077110877407,90.66758254334168,46.165384145883415,99.91923141479492,0.01480009612386821,0.012181615385298546,0.018721730663226202,28,True
2022-05-23,2022-05-29,22.997847227997855,20.73423391488882,28.819940185546898,21.78859909392978,20.34615361140328,25.250002112755453,93.7468407023084,69.03846139174242,99.93076970027043,0.01650383379847671,0.015059038459394988,0.020365192411610715,28,True
2022-05-30,2022-06-05,23.486538495074285,19.644168325570945,30.9929396409255,21.280906400575766,18.88845919095553,23.18461468036361,89.33626391861465,53.30384577237643,99.8000001173753,0.015998500002711847,0.013742269088442508,0.017930077030681647,28,True
2022-06-06,2022-06-12,23.212776158930208,18.900013615534874,30.85140028733474,21.507966949127546,18.469229830228414,24.369227247971764,91.6182692863129,58.08846194927509,99.90769283588116,0.01625115929458004,0.013329115338050403,0.01934919234078664,28,True
2022-06-13,2022-06-19,22.520827970399985,15.976784104567344,34.094938777043296,17.95803541246353,14.86923311673678,21.534618436373194,78.54230786941864,39.680769406832184,98.38461567805363,0.013059804940104976,0.010626653818270335,0.016315346046422537,28,True
2022-06-20,2022-06-26,23.24298462081743,20.363322096604577,32.41878544734078,21.281181561815888,19.553846858097984,24.569230064978967,90.54478049540258,46.82307683504545,99.86153881366437,0.015987476616698717,0.014327576885429712,0.019546692331249896,28,True
2022-06-27,2022-07-03,23.92136087103206,19.31078843336843,34.249843656099756,19.9313189496051,16.757693716195945,23.69615149864785,81.38104389002035,37.365385202261116,98.10769271850586,0.014747976641436773,0.011999461620759506,0.01854669227479742,28,True
2022-07-04,2022-07-10,23.044401248470795,19.662553992638266,33.408400080754234,21.387774557595748,19.523074575570945,23.97307856633114,92.06950548716954,45.6038463299091,99.86153881366437,0.016069076916939772,0.014216076905051103,0.01877399988902303,28,True
2022-07-11,2022-07-17,24.613177766904748,20.737090829702538,32.75294001652645,21.700823748242748,19.9346158541166,25.29230651855471,86.45467030871045,48.53846109830416,99.78461544330304,0.016437269230424375,0.014687230810523033,0.020400615337376412,28,True
2022-07-18,2022-07-24,23.54066741440325,20.769921875000023,30.08355454664968,21.74134635506098,20.669229125976585,23.534613741361227,91.10302211426117,59.623077392578125,99.81153928316556,0.01643990519441214,0.015361115479698548,0.018311346164689615,28,True
2022-07-25,2022-07-31,24.143155292888284,21.045935762845602,34.37686251126803,21.26064587268203,19.557692072941734,24.380767587515038,86.37843405021417,41.58076902536246,99.80384650597206,0.015984560447427763,0.014293346160019819,0.019320769092211358,28,True
2022-08-01,2022-08-07,23.882085837898696,20.540171461838952,32.546706918569726,22.029917890946965,20.311536114032492,23.713077016977195,91.02458810806274,53.3999997652494,99.88461597149188,0.016763192339247647,0.015030577062414242,0.01857173081057576,28,True
2022-08-08,2022-08-14,23.651860264369446,18.621938617412866,35.644154240534874,20.112500888698726,15.969231003981406,23.47692495492788,83.87527482326213,30.850000161391037,99.55384650597206,0.01493618544191122,0.011409115332823534,0.018255538342950437,28,True
2022-08-15,2022-08-21,24.098550456958833,17.105631666917077,34.42532325157754,19.274450214092575,14.434614680363609,25.080768057016257,77.50123619247269,39.36923056382399,99.13846206665039,0.014245821408681816,0.010310230776667595,0.020256384275853634,28,True
2022-08-22,2022-08-28,23.9205877869994,16.770556875375632,34.38686171311599,17.36428612509928,14.846154785156273,20.48077016977163,70.0417582333743,30.765384747431828,90.24230692936824,0.012545862631708548,0.010623230706327237,0.015205807768954681,28,True
2022-08-29,2022-09-04,24.855425463665988,20.927632023738,36.06340120755709,20.393818589095265,17.903844745342553,23.24230698805593,79.65219776447002,34.392307868370644,99.64230786837064,0.015181026097827151,0.012976269201877026,0.017994346204572,28,True
2022-09-05,2022-09-11,24.841537240835358,19.875384756235007,37.494324669471155,20.489011215377662,17.407691133939352,25.411539870042077,80.0111263348506,30.492307516244743,99.5538462125338,0.015301554952492262,0.012560653894280013,0.020504076965153217,28,True
2022-09-12,2022-09-18,25.655508079109637,19.68917001577529,37.143399517352805,20.861264088389657,17.842303701547507,23.569228891225976,79.38392877316737,32.35384618318998,99.5500001173753,0.015670182666956235,0.012919923004049521,0.018572000070260122,28,True
2022-09-19,2022-09-25,26.940565524258478,21.296692833533655,38.23653564453127,20.173351849566473,17.15768878643331,23.073076453575766,70.78502750920725,28.799999897296612,99.77692295954778,0.015017157968051814,0.012392999962545358,0.017947538612553708,28,True
2022-09-26,2022-10-02,26.60220015808778,22.00132375863882,37.88547785832333,20.010851824414623,16.74615337665267,23.842309570312523,70.99107136831178,28.64230750157283,99.492307809683,0.014877829693032654,0.012073961552232504,0.018656730795135863,28,True
2022-10-03,2022-10-09,26.357874541230274,20.802167217548117,36.94124638484078,21.145164841872024,18.319233586238,23.59999882624703,77.54450563284067,33.43846145043006,99.89230845524715,0.015969791182234964,0.013330653811303468,0.018587576905981854,28,True
2022-10-10,2022-10-16,26.36262668986899,22.28055138221157,37.26463411771334,21.58681322034901,17.98461773212142,25.961539400540914,78.15700552227733,32.2538460951585,99.87307768601637,0.01643793817717009,0.013025884623997487,0.021369500014071282,28,True
2022-10-17,2022-10-23,24.99946302476822,21.889306640625023,30.80353698730471,23.61199181525264,21.83846083420974,25.661539870042077,93.2565934422252,70.51538467407227,99.91923141479492,0.01852526102255989,0.016557346241405375,0.020970692499898948,28,True
2022-10-24,2022-10-30,25.772221802093195,21.19961759127108,36.29130882850063,23.188735433725235,20.08846200796279,25.446152672400842,88.21909352711269,38.59615384615385,99.91153922447792,0.018104355778432564,0.014925153818554603,0.02081546176654788,28,True
2022-10-31,2022-11-06,23.067834975693277,16.296014404296898,34.79338402381313,19.562581718361002,16.215382267878624,25.84615361140328,83.99024719720357,37.20769251309908,99.73846200796274,0.014610961518393686,0.011538153800826807,0.0211919998893371,28,True
2022-11-07,2022-11-13,26.258457913241564,22.27522841233474,37.58838454026443,21.72789820576764,17.826922842172507,25.62692472017733,79.47376378027947,31.192307618948128,99.75769277719351,0.01660404257491681,0.012867269249489674,0.020851038467998687,28,True
2022-11-14,2022-11-20,24.163933781215142,21.636170372596155,30.384018883338342,23.144848808875473,21.573077627328757,26.438462242713342,94.83379148650955,70.3769233410175,99.90384674072266,0.01798706180236947,0.016295038235302154,0.021972615271806717,28,True
2022-11-21,2022-11-27,24.48204704536189,20.805633310171288,29.853169133113,23.17493159535169,20.226922607421898,26.465386962890648,93.36250011737529,69.94230798574594,99.8923081618089,0.018058396979480733,0.01498592311802965,0.021989346123658694,28,True
2022-11-28,2022-12-04,25.907873568692075,21.38516681377706,34.10007981520437,20.428158913077908,17.74999859149642,23.88846036470858,74.95206050034407,38.40769254244291,99.6923076923077,0.015307611258761896,0.01285596159644998,0.018927153773032702,28,True
2022-12-05,2022-12-11,24.660404012491444,20.734245652418906,33.11392423189608,22.315356638143374,20.142309100811303,25.33077040452224,88.76057714944356,51.83076917208158,99.86153910710262,0.01713162776374432,0.014963461444354974,0.02053834619716956,28,True
2022-12-12,2022-12-18,24.424428516429877,21.55540442833535,32.84409367487984,22.205370657784623,19.557689725435694,23.650000704251852,89.74739024403331,45.488461567805366,99.49230722280649,0.017012342025147197,0.01444749992627364,0.018611961474212315,28,True
2022-12-19,2022-12-25,24.85381046337088,21.94838515061599,32.21755253718453,21.03671698098656,15.630386117788476,24.215383441631616,82.303159396727,38.55769223433275,99.35384603647086,0.015893760953446502,0.011279038475969663,0.019269461564433116,28,True
2022-12-26,2023-01-01,24.706459732894075,19.69169241098257,34.343228618915305,20.45903821672714,16.53923245943514,24.10768925593453,80.26387381029653,35.8653842485868,99.16538531963641,0.015381067345215643,0.011911423160479618,0.0190489232683411,28,True
2023-01-02,2023-01-08,24.259266629061877,21.332153085561913,31.911308640700156,22.031634504716497,20.29230534480172,24.554616840069116,89.14079673473653,50.373076512263374,99.69230827918419,0.016763464276484407,0.01508699987943356,0.019607576792343304,28,True
2023-01-09,2023-01-15,23.982679153274727,21.12032353327828,31.20670705942007,22.457966999431253,20.98000253530654,24.753846153846155,92.66112648261773,56.21153816810021,99.87692348773663,0.01723532416540515,0.01570284624512379,0.0198680000522962,28,True
2023-01-16,2023-01-22,23.432424289577632,19.81955402080831,30.88817044771639,22.072293728000545,19.761538931039695,23.653845919095602,93.46854428930598,59.76923076923077,99.87307739257812,0.01681612087746284,0.014575807735897027,0.018521884599557288,28,True
2023-01-23,2023-01-29,24.167357870248672,20.623858877328757,33.10578190730172,20.57524781279513,18.107692777193506,22.942307457557092,83.3160715993944,41.511538138756386,99.65769312931941,0.015397590657972455,0.013140230797804318,0.017784230697613496,28,True
2023-01-30,2023-02-05,24.775945156223194,20.871170982947717,33.88101642315206,19.816662480280968,17.453846623347374,22.28461608886721,77.02788449905731,38.13461509117713,94.17692272479718,0.014700059070262117,0.012822192198095413,0.01698092310331189,28,True
2023-02-06,2023-02-12,23.47797491891046,21.294921640249413,29.05370835524343,22.413749921190888,20.89615314190206,24.03307612492489,94.41826933032863,72.007692190317,99.89615425696739,0.01716198076514507,0.015591307686498532,0.018995461555627677,28,True
2023-02-13,2023-02-19,24.312249168982895,22.205151836688742,31.33792442908657,23.153502302903416,22.09999882624703,25.757692542442953,94.46250015824705,61.75384580172025,99.81923147348257,0.018009057714972274,0.01681765405317912,0.02102942306261796,28,True
2023-02-20,2023-02-26,24.132187912490366,21.489538104717553,30.479538902869592,22.440384808215487,21.038462477463952,25.13461749737081,91.48282969128955,59.32307639488807,99.80769318800706,0.017191509604914584,0.015787499885146435,0.020286115244604074,28,True
2023-02-27,2023-03-05,23.653784171303577,21.161938946063742,29.506383807842553,22.942830196841754,21.09615361140328,24.869230769230796,96.39395626298673,75.2115381681002,99.9576926598182,0.017730035739797322,0.01579496146251376,0.01995534600260166,28,True
2023-03-06,2023-03-12,24.26295967521251,20.96730722280654,30.1603238619291,23.16108491499347,20.933460881159874,25.631923734224756,94.48708820867014,63.09615399287297,99.91538531963641,0.01800841207687671,0.015620230768735591,0.020844230858179238,28,True
2023-03-13,2023-03-19,24.734971492893123,21.117398540790305,34.25793668306795,22.007981201842618,19.619230769230796,24.930768291766867,87.03008257163751,42.43076911339393,99.93076940683218,0.01678612363233057,0.014386653792686187,0.020129461557819292,28,True
2023-03-20,2023-03-26,25.30246979430484,21.582863206129844,34.79724567119894,21.09230789352252,16.696156193659874,25.32307997483474,81.01593413195768,34.25769233703613,99.67307721651517,0.015955396991857624,0.01198230766189786,0.020447922942156974,28,True
2023-03-27,2023-04-02,23.751054759601995,21.3327833909255,27.98793710561904,23.000412381350355,21.23461655836843,25.12307833158053,96.19464309922942,77.98846156780536,99.90769312931941,0.01778789697046095,0.015963807666244414,0.020235461469453115,28,True
2023-04-03,2023-04-09,23.994364367474592,21.63194134051986,29.129936570387656,22.972761024223605,21.353848736102805,25.907692307692344,94.76043958978337,66.52692295954778,99.85769271850586,0.017788843425748112,0.016019807626994755,0.02122946148021863,28,True
2023-04-10,2023-04-16,24.49064407348635,22.29040034367489,30.64816730205831,23.30151029314316,22.161535175030053,25.746155724158655,94.09368142976867,69.15000020540677,99.91923141479492,0.01814258511556865,0.016858730680094317,0.021014999956465684,28,True
2023-04-17,2023-04-23,24.395729920104333,20.818323927659264,30.96946340707632,22.77019276042563,20.557692072941734,26.51923170823318,92.00302216770885,57.915384145883415,99.88461597149188,0.01759664420483654,0.015301615357972108,0.021989115442220982,28,True
2023-04-24,2023-04-30,23.77433849795836,20.47209026630111,30.823016592172507,22.733516081086908,20.419229125976585,25.950001408503624,94.75906623064816,64.11538490882286,99.92307750995343,0.017506011004385712,0.015138384671165394,0.021196692393949397,28,True
2023-05-01,2023-05-07,23.473919979556605,21.039784123347374,29.68070843036361,22.070329578106243,20.669229125976585,24.011540104792687,92.9500002337026,68.35769242506761,99.65769312931941,0.01678687641218018,0.015367230830284266,0.018889192420129593,28,True
2023-05-08,2023-05-14,24.089891932560874,21.541382774939905,30.334693087064352,22.98351612300666,21.361536818284264,25.907689960186303,94.52458823906196,64.94230842590332,99.90000064556415,0.017748116759921086,0.016036153878443517,0.021117961392379724,28,True
2023-05-15,2023-05-21,24.243083383748843,20.624768535907492,32.25494009164663,23.012362193013306,20.549999295748194,25.842309570312523,93.93282990403227,60.919231121356674,99.91923112135667,0.017803061827710204,0.015293269274899593,0.02107373080574549,28,True
2023-05-22,2023-05-28,24.510004877782155,22.211864530123194,29.831634286733788,23.557417666257102,22.165381563626852,26.77692213792068,95.14876385573503,70.63076855586125,99.92692360511192,0.018427421693219342,0.016861653815095242,0.022368730690616827,28,True
2023-05-29,2023-06-04,23.415029353885878,20.678075702373803,31.453859534630453,22.21826886187545,20.488464120718163,25.23846059945913,94.30686838024266,60.42692272479717,99.93076970027043,0.016944567327500208,0.015194999949576763,0.02034284618611519,28,True
2023-06-05,2023-06-11,23.131306759341758,21.05300058218154,30.5557096041166,21.878297005118927,20.796158775916467,24.757693716195945,93.66895626403473,61.4461543743427,99.92307750995343,0.016559648346718768,0.015490961619294606,0.019630615384532854,28,True
2023-06-12,2023-06-18,22.09450058989475,17.64093815730172,32.33563208946816,20.11387350899835,17.48846059945913,25.257692542442953,90.33777477453043,50.930768966674805,99.92692389855019,0.014948021976154422,0.01249949999440175,0.020304730663505886,28,True
2023-06-19,2023-06-25,22.927540303324626,19.778862351637656,30.182633385291467,20.21002752283119,18.27307692307693,23.68461468036361,86.35178575934945,53.94230754558857,98.41538502619817,0.014949439570645465,0.013194615451189188,0.018536153786744062,28,True
2023-06-26,2023-07-02,23.34481230515703,19.653459754357016,32.353690279447164,20.90494505494508,16.86923311673678,23.400000704251852,88.9771979195731,39.49615405156062,99.753846682035,0.01564608378704269,0.012119846167759253,0.018194192375701208,28,True
2023-07-03,2023-07-09,24.455729868123846,19.384167949969992,34.88455176720254,21.218955884661018,16.507694889948937,24.48461538461538,84.96497246721289,35.27307723118709,99.86923129741962,0.01605395604293425,0.011851846133000575,0.019464154011354998,28,True
2023-07-10,2023-07-16,23.9216878450834,20.044632897010217,33.0720153808594,21.07348902775694,19.39230792705831,22.999999765249413,86.50810460205916,46.67692316495455,99.55384709284856,0.01579775685408654,0.01422630762681365,0.01780234635449373,28,True
2023-07-17,2023-07-23,23.300730711549217,19.672999220628014,32.07101769080532,21.08901082133201,18.59230722280654,23.861536818284264,89.44890124981221,47.94230754558857,99.86153910710262,0.01577067582172106,0.013478807675150724,0.018647769322762124,28,True
2023-07-24,2023-07-30,24.54606625902786,21.058539522611227,35.46699969951925,20.493955775669665,17.565383676382226,23.27692448542672,80.70412079842536,34.69615408090445,98.92692243135892,0.015264282958674153,0.012660115384138547,0.018027769222569007,28,True
2023-07-31,2023-08-06,23.42281741467153,19.10671034592849,31.637477933443506,20.19478013594074,18.684611159104577,21.819228891225976,84.18928579707722,49.54999982393705,98.00769248375526,0.014905526087834286,0.013509923019088231,0.016469576897529457,28,True
2023-08-07,2023-08-13,25.213878690279472,21.09393873948318,35.337172053410484,20.870329863160542,18.511538931039695,24.007692542442953,79.84368132496927,37.08846121567946,96.69230798574594,0.015603325551038013,0.013383961605051389,0.01900999989503851,28,True
2023-08-14,2023-08-20,25.274288990733414,20.67416827862081,38.11878356933596,20.42884677425848,17.81538837139425,24.761540104792687,78.68461547579084,31.265384747431828,99.78846124502329,0.015250201928071106,0.012917115460508145,0.019910192403655786,28,True
2023-08-21,2023-08-27,26.20905473310872,22.12462885929989,35.82877032940206,21.164835139683333,18.53846012995797,25.39999718299282,77.3380493750939,37.46538411653959,99.21923094529372,0.01603751372070062,0.013508384581655264,0.020628846250474453,28,True
2023-08-28,2023-09-03,26.389081238128348,21.805308180588952,36.47255272498501,20.49739013504198,17.84230839655953,22.180768291766867,73.27788467459627,33.54230770697961,95.1038463299091,0.015257199184846257,0.012928807785591254,0.016961384564638138,28,True
2023-09-04,2023-09-10,26.553759371579368,20.83154038649343,37.94401644193209,20.009889933827175,15.038463651216944,23.6999967134916,71.43585172066322,26.796153802138107,98.93846189058743,0.014933597536982743,0.010805500026505727,0.018575576778787833,28,True
2023-09-11,2023-09-17,25.81897921719396,21.43839886005111,35.10946044921877,21.298763753031658,19.24615220289968,23.292307692307702,79.10645602299617,39.83846165583684,97.55384533221905,0.01604642856298117,0.014110692275258211,0.01814134608810911,28,True
2023-09-18,2023-09-24,26.00205370724859,21.93261577899642,34.974171330378624,20.699286299485454,17.715382267878624,23.426920729417077,75.58804955063285,42.16538509955773,98.6576925424429,0.015487609877619523,0.012817961522019826,0.018444846061846383,28,True
2023-09-25,2023-10-01,26.738934795673106,23.21062974196218,37.22315368652346,22.215247160523827,19.161536348783102,25.161539870042077,79.3243131847172,34.646153743450455,98.08076858520508,0.017032435431227008,0.01406199993708959,0.02033596156308284,28,True
2023-10-02,2023-10-08,28.327440341488373,22.43484590970553,40.30299706092251,20.372527799501558,16.423077862079367,23.24230816180892,66.05659343908121,24.569230739886944,97.89230757493239,0.015240684063378517,0.011839384571290933,0.018058346047137793,28,True
2023-10-09,2023-10-15,25.920616250509774,22.19909409743093,34.55530818058895,22.652183423723518,20.550002817007226,24.37692354642428,84.77417588495946,46.05000026409443,99.72307792076698,0.01747865658918662,0.015429269343328018,0.019365423179876346,28,True
2023-10-16,2023-10-22,25.769322045294818,21.236014498197164,33.0951559213492,21.809450187263938,19.57307880108175,23.665387432391867,81.27884620624583,45.13461553133451,99.16923053448016,0.016566625003099113,0.01440511543590289,0.01844123063179163,28,True
2023-10-23,2023-10-29,27.073645136906578,22.32847806490389,35.20432316706734,22.30846180339438,20.361539165790305,26.134612802358788,78.0918958239503,43.446153714106636,98.16923082791843,0.017183428535565405,0.015148115201065173,0.021702999929682568,28,True
2023-10-30,2023-11-05,26.09152009565754,22.74053814227767,33.55824608436001,23.98254136305592,22.553846858097984,26.253848501352195,89.95151107389849,53.44230813246507,99.48076923076923,0.018976239033381116,0.017362153659073207,0.021815884715089433,28,True
2023-11-06,2023-11-12,25.3109187618717,21.936767343374413,35.961709594726585,22.848269175435178,20.803843336838952,24.74615337665267,88.48530223867395,41.11538446866549,99.60384662334735,0.017665368109521875,0.015582692415381853,0.019897884474350855,28,True
2023-11-13,2023-11-19,27.484597023764838,23.374402324969992,37.26394042968752,22.622390135041986,20.000002112755453,27.311537287785484,78.12486278093778,36.42307706979605,99.91538531963641,0.017488873635347072,0.014825615351303266,0.02311119229461138,28,True
2023-11-20,2023-11-26,26.383047518887388,22.80630704439608,35.65807729867788,23.26141434554217,21.296152907151452,26.93846341646639,85.41648364329076,43.79615387549767,99.71153904841496,0.018167498593146984,0.016166577008194648,0.0227158461482479,28,True
2023-11-27,2023-12-03,24.266638133290076,20.742858651968163,29.75339895395132,22.82905198820347,20.426923076923117,24.584614445613,92.695192357996,70.71538514357347,99.81538537832407,0.01762046154260963,0.01519611538746036,0.019590461555008706,28,True
2023-12-04,2023-12-10,23.824448906196363,21.58655348557693,28.193386136568506,22.802693058894256,21.507692542442953,24.48461538461538,94.87554958888462,75.68846101027269,99.83846194927509,0.017589793956306363,0.01625965370868261,0.019502923179131288,28,True
2023-12-11,2023-12-17,23.991357086517024,21.272166090745202,31.67824472280654,22.821126556396507,20.623074810321555,24.903847092848594,94.17417596460699,54.43846145043006,99.88846206665039,0.017657317336300736,0.015356307634367393,0.019991192465218213,28,True
2023-12-18,2023-12-24,25.32093913319349,22.24023179274343,33.7407858041617,23.781510883373237,22.111536818284264,26.888078894982016,92.76840675270164,51.93076955355131,99.88461567805363,0.01872871702813267,0.016840576982268922,0.0225184615701437,28,True
2023-12-25,2023-12-31,24.169170203575742,21.821400334284874,31.500919987605187,23.061692082331756,21.499999765249413,24.473076218825156,94.56107698293832,68.34230760427621,99.81153869628906,0.017853481554641174,0.01616050020003548,0.019569615331979897,25,False
